solid box_wall_short_a_r3_c1_tubes_color_4_orange
  facet normal 0.652121 0.757951 -0.015797
    outer loop
      vertex 33.919952 80.562796 4.311286
      vertex 32.908000 81.433453 4.311286
      vertex 32.921790 81.431462 4.785085
    endloop
  endfacet
  facet normal 0.652121 0.757951 -0.015797
    outer loop
      vertex 33.919952 80.562796 4.311286
      vertex 32.921790 81.431462 4.785085
      vertex 33.936712 80.558250 4.785085
    endloop
  endfacet
  facet normal 0.661157 0.750075 -0.016093
    outer loop
      vertex 32.908000 81.433453 4.311286
      vertex 31.836769 82.377694 4.311286
      vertex 31.847416 82.378474 4.785085
    endloop
  endfacet
  facet normal 0.661157 0.750075 -0.016093
    outer loop
      vertex 32.908000 81.433453 4.311286
      vertex 31.847416 82.378474 4.785085
      vertex 32.921790 81.431462 4.785085
    endloop
  endfacet
  facet normal 0.660066 0.751035 -0.016070
    outer loop
      vertex 31.836769 82.377694 4.311286
      vertex 30.654419 83.416832 4.311286
      vertex 30.661597 83.420661 4.785085
    endloop
  endfacet
  facet normal 0.660066 0.751035 -0.016070
    outer loop
      vertex 31.836769 82.377694 4.311286
      vertex 30.661597 83.420661 4.785085
      vertex 31.847416 82.378474 4.785085
    endloop
  endfacet
  facet normal 0.615687 0.787834 -0.015695
    outer loop
      vertex 30.654419 83.416832 4.311286
      vertex 29.304118 84.472083 4.311286
      vertex 29.307333 84.479009 4.785085
    endloop
  endfacet
  facet normal 0.615687 0.787834 -0.015695
    outer loop
      vertex 30.654419 83.416832 4.311286
      vertex 29.307333 84.479009 4.785085
      vertex 30.661597 83.420661 4.785085
    endloop
  endfacet
  facet normal 0.551362 0.834114 -0.015935
    outer loop
      vertex 29.304118 84.472083 4.311286
      vertex 27.935547 85.376730 4.311286
      vertex 27.934747 85.386311 4.785085
    endloop
  endfacet
  facet normal 0.551362 0.834114 -0.015935
    outer loop
      vertex 29.304118 84.472083 4.311286
      vertex 27.934747 85.386311 4.785085
      vertex 29.307333 84.479009 4.785085
    endloop
  endfacet
  facet normal 0.536264 0.843895 -0.016158
    outer loop
      vertex 27.935547 85.376730 4.311286
      vertex 26.688457 86.169210 4.311286
      vertex 26.683997 86.181116 4.785085
    endloop
  endfacet
  facet normal 0.536264 0.843895 -0.016158
    outer loop
      vertex 27.935547 85.376730 4.311286
      vertex 26.683997 86.181116 4.785085
      vertex 27.934747 85.386311 4.785085
    endloop
  endfacet
  facet normal 0.544704 0.838477 -0.015943
    outer loop
      vertex 26.688457 86.169210 4.311286
      vertex 25.542800 86.913469 4.311286
      vertex 25.534979 86.927559 4.785085
    endloop
  endfacet
  facet normal 0.544704 0.838477 -0.015943
    outer loop
      vertex 26.688457 86.169210 4.311286
      vertex 25.534979 86.927559 4.785085
      vertex 26.683997 86.181116 4.785085
    endloop
  endfacet
  facet normal 0.554573 0.831989 -0.015587
    outer loop
      vertex 25.542800 86.913469 4.311286
      vertex 24.465606 87.631486 4.311286
      vertex 24.454623 87.647683 4.785085
    endloop
  endfacet
  facet normal 0.554573 0.831989 -0.015587
    outer loop
      vertex 25.542800 86.913469 4.311286
      vertex 24.454623 87.647683 4.785085
      vertex 25.534979 86.927559 4.785085
    endloop
  endfacet
  facet normal -0.991137 -0.131551 -0.018478
    outer loop
      vertex 24.465606 87.631486 4.311286
      vertex 24.606618 86.569062 4.311286
      vertex 24.596050 86.582141 4.785085
    endloop
  endfacet
  facet normal -0.991137 -0.131551 -0.018478
    outer loop
      vertex 24.465606 87.631486 4.311286
      vertex 24.596050 86.582141 4.785085
      vertex 24.454623 87.647683 4.785085
    endloop
  endfacet
  facet normal -0.992211 -0.123154 -0.018733
    outer loop
      vertex 24.606618 86.569062 4.311286
      vertex 24.744553 85.457767 4.311286
      vertex 24.734389 85.467585 4.785085
    endloop
  endfacet
  facet normal -0.992211 -0.123154 -0.018733
    outer loop
      vertex 24.606618 86.569062 4.311286
      vertex 24.734389 85.467585 4.785085
      vertex 24.596050 86.582141 4.785085
    endloop
  endfacet
  facet normal -0.992939 -0.117118 -0.018874
    outer loop
      vertex 24.744553 85.457767 4.311286
      vertex 24.883474 84.279976 4.311286
      vertex 24.873718 84.286338 4.785085
    endloop
  endfacet
  facet normal -0.992939 -0.117118 -0.018874
    outer loop
      vertex 24.744553 85.457767 4.311286
      vertex 24.873718 84.286338 4.785085
      vertex 24.734389 85.467585 4.785085
    endloop
  endfacet
  facet normal -0.992180 -0.123399 -0.018774
    outer loop
      vertex 24.883474 84.279976 4.311286
      vertex 25.040766 83.015288 4.311286
      vertex 25.031471 83.017939 4.785085
    endloop
  endfacet
  facet normal -0.992180 -0.123399 -0.018774
    outer loop
      vertex 24.883474 84.279976 4.311286
      vertex 25.031471 83.017939 4.785085
      vertex 24.873718 84.286338 4.785085
    endloop
  endfacet
  facet normal -0.986897 -0.160289 -0.018464
    outer loop
      vertex 25.040766 83.015288 4.311286
      vertex 25.258974 81.671785 4.311286
      vertex 25.250319 81.670493 4.785085
    endloop
  endfacet
  facet normal -0.986897 -0.160289 -0.018464
    outer loop
      vertex 25.040766 83.015288 4.311286
      vertex 25.250319 81.670493 4.785085
      vertex 25.031471 83.017939 4.785085
    endloop
  endfacet
  facet normal -0.974786 -0.222381 -0.018412
    outer loop
      vertex 25.258974 81.671785 4.311286
      vertex 25.563788 80.335662 4.311286
      vertex 25.556027 80.330450 4.785085
    endloop
  endfacet
  facet normal -0.974786 -0.222381 -0.018412
    outer loop
      vertex 25.258974 81.671785 4.311286
      vertex 25.556027 80.330450 4.785085
      vertex 25.250319 81.670493 4.785085
    endloop
  endfacet
  facet normal -0.964143 -0.264722 -0.018703
    outer loop
      vertex 25.563788 80.335662 4.311286
      vertex 25.905660 79.090527 4.311286
      vertex 25.898903 79.081662 4.785085
    endloop
  endfacet
  facet normal -0.964143 -0.264722 -0.018703
    outer loop
      vertex 25.563788 80.335662 4.311286
      vertex 25.898903 79.081662 4.785085
      vertex 25.556027 80.330450 4.785085
    endloop
  endfacet
  facet normal -0.961354 -0.274668 -0.018850
    outer loop
      vertex 25.905660 79.090527 4.311286
      vertex 26.235256 77.936921 4.311286
      vertex 26.229466 77.924670 4.785085
    endloop
  endfacet
  facet normal -0.961354 -0.274668 -0.018850
    outer loop
      vertex 25.905660 79.090527 4.311286
      vertex 26.229466 77.924670 4.785085
      vertex 25.898903 79.081662 4.785085
    endloop
  endfacet
  facet normal 0.233089 -0.972200 -0.022289
    outer loop
      vertex 26.235256 77.936921 4.311286
      vertex 27.205203 78.169470 4.311286
      vertex 27.202259 78.157901 4.785085
    endloop
  endfacet
  facet normal 0.233089 -0.972200 -0.022289
    outer loop
      vertex 26.235256 77.936921 4.311286
      vertex 27.202259 78.157901 4.785085
      vertex 26.229466 77.924670 4.785085
    endloop
  endfacet
  facet normal 0.250295 -0.967918 -0.022078
    outer loop
      vertex 27.205203 78.169470 4.311286
      vertex 28.219561 78.431773 4.311286
      vertex 28.219593 78.420974 4.785085
    endloop
  endfacet
  facet normal 0.250295 -0.967918 -0.022078
    outer loop
      vertex 27.205203 78.169470 4.311286
      vertex 28.219593 78.420974 4.785085
      vertex 27.202259 78.157901 4.785085
    endloop
  endfacet
  facet normal 0.283897 -0.958605 -0.021868
    outer loop
      vertex 28.219561 78.431773 4.311286
      vertex 29.259264 78.739687 4.311286
      vertex 29.262348 78.729792 4.785085
    endloop
  endfacet
  facet normal 0.283897 -0.958605 -0.021868
    outer loop
      vertex 28.219561 78.431773 4.311286
      vertex 29.262348 78.729792 4.785085
      vertex 28.219593 78.420974 4.785085
    endloop
  endfacet
  facet normal 0.325904 -0.945150 -0.021860
    outer loop
      vertex 29.259264 78.739687 4.311286
      vertex 30.285893 79.093686 4.311286
      vertex 30.291989 79.084830 4.785085
    endloop
  endfacet
  facet normal 0.325904 -0.945150 -0.021860
    outer loop
      vertex 29.259264 78.739687 4.311286
      vertex 30.291989 79.084830 4.785085
      vertex 29.262348 78.729792 4.785085
    endloop
  endfacet
  facet normal 0.359800 -0.932769 -0.022065
    outer loop
      vertex 30.285893 79.093686 4.311286
      vertex 31.266859 79.472078 4.311286
      vertex 31.275834 79.464332 4.785085
    endloop
  endfacet
  facet normal 0.359800 -0.932769 -0.022065
    outer loop
      vertex 30.285893 79.093686 4.311286
      vertex 31.275834 79.464332 4.785085
      vertex 30.291989 79.084830 4.785085
    endloop
  endfacet
  facet normal 0.377493 -0.925744 -0.022285
    outer loop
      vertex 31.266859 79.472078 4.311286
      vertex 32.194163 79.850207 4.311286
      vertex 32.205859 79.843570 4.785085
    endloop
  endfacet
  facet normal 0.377493 -0.925744 -0.022285
    outer loop
      vertex 31.266859 79.472078 4.311286
      vertex 32.205859 79.843570 4.785085
      vertex 31.275834 79.464332 4.785085
    endloop
  endfacet
  facet normal 0.382430 -0.923714 -0.022379
    outer loop
      vertex 32.194163 79.850207 4.311286
      vertex 33.075180 80.214959 4.311286
      vertex 33.089461 80.209393 4.785085
    endloop
  endfacet
  facet normal 0.382430 -0.923714 -0.022379
    outer loop
      vertex 32.194163 79.850207 4.311286
      vertex 33.089461 80.209393 4.785085
      vertex 32.205859 79.843570 4.785085
    endloop
  endfacet
  facet normal 0.380645 -0.924452 -0.022333
    outer loop
      vertex 33.075180 80.214959 4.311286
      vertex 33.919952 80.562796 4.311286
      vertex 33.936712 80.558250 4.785085
    endloop
  endfacet
  facet normal 0.380645 -0.924452 -0.022333
    outer loop
      vertex 33.075180 80.214959 4.311286
      vertex 33.936712 80.558250 4.785085
      vertex 33.089461 80.209393 4.785085
    endloop
  endfacet
  facet normal 0.651332 0.757035 -0.051620
    outer loop
      vertex 33.936712 80.558250 4.785085
      vertex 32.921790 81.431462 4.785085
      vertex 32.968021 81.424789 5.270560
    endloop
  endfacet
  facet normal 0.651332 0.757035 -0.051620
    outer loop
      vertex 33.936712 80.558250 4.785085
      vertex 32.968021 81.424789 5.270560
      vertex 33.992897 80.543013 5.270560
    endloop
  endfacet
  facet normal 0.660328 0.749134 -0.052585
    outer loop
      vertex 32.921790 81.431462 4.785085
      vertex 31.847416 82.378474 4.785085
      vertex 31.883109 82.381090 5.270560
    endloop
  endfacet
  facet normal 0.660328 0.749134 -0.052585
    outer loop
      vertex 32.921790 81.431462 4.785085
      vertex 31.883109 82.381090 5.270560
      vertex 32.968021 81.424789 5.270560
    endloop
  endfacet
  facet normal 0.659241 0.750096 -0.052510
    outer loop
      vertex 31.847416 82.378474 4.785085
      vertex 30.661597 83.420661 4.785085
      vertex 30.685659 83.433499 5.270560
    endloop
  endfacet
  facet normal 0.659241 0.750096 -0.052510
    outer loop
      vertex 31.847416 82.378474 4.785085
      vertex 30.685659 83.433499 5.270560
      vertex 31.883109 82.381090 5.270560
    endloop
  endfacet
  facet normal 0.614953 0.786894 -0.051288
    outer loop
      vertex 30.661597 83.420661 4.785085
      vertex 29.307333 84.479009 4.785085
      vertex 29.318112 84.502228 5.270560
    endloop
  endfacet
  facet normal 0.614953 0.786894 -0.051288
    outer loop
      vertex 30.661597 83.420661 4.785085
      vertex 29.318112 84.502228 5.270560
      vertex 30.685659 83.433499 5.270560
    endloop
  endfacet
  facet normal 0.550684 0.833088 -0.052071
    outer loop
      vertex 29.307333 84.479009 4.785085
      vertex 27.934747 85.386311 4.785085
      vertex 27.932063 85.418429 5.270560
    endloop
  endfacet
  facet normal 0.550684 0.833088 -0.052071
    outer loop
      vertex 29.307333 84.479009 4.785085
      vertex 27.932063 85.418429 5.270560
      vertex 29.318112 84.502228 5.270560
    endloop
  endfacet
  facet normal 0.535586 0.842828 -0.052799
    outer loop
      vertex 27.934747 85.386311 4.785085
      vertex 26.683997 86.181116 4.785085
      vertex 26.669045 86.221030 5.270560
    endloop
  endfacet
  facet normal 0.535586 0.842828 -0.052799
    outer loop
      vertex 27.934747 85.386311 4.785085
      vertex 26.669045 86.221030 5.270560
      vertex 27.932063 85.418429 5.270560
    endloop
  endfacet
  facet normal 0.544033 0.837445 -0.052096
    outer loop
      vertex 26.683997 86.181116 4.785085
      vertex 25.534979 86.927559 4.785085
      vertex 25.508757 86.974794 5.270560
    endloop
  endfacet
  facet normal 0.544033 0.837445 -0.052096
    outer loop
      vertex 26.683997 86.181116 4.785085
      vertex 25.508757 86.974794 5.270560
      vertex 26.669045 86.221030 5.270560
    endloop
  endfacet
  facet normal 0.553920 0.831010 -0.050936
    outer loop
      vertex 25.534979 86.927559 4.785085
      vertex 24.454623 87.647683 4.785085
      vertex 24.417805 87.701981 5.270560
    endloop
  endfacet
  facet normal 0.553920 0.831010 -0.050936
    outer loop
      vertex 25.534979 86.927559 4.785085
      vertex 24.417805 87.701981 5.270560
      vertex 25.508757 86.974794 5.270560
    endloop
  endfacet
  facet normal -0.989499 -0.131334 -0.060354
    outer loop
      vertex 24.454623 87.647683 4.785085
      vertex 24.596050 86.582141 4.785085
      vertex 24.560619 86.625988 5.270560
    endloop
  endfacet
  facet normal -0.989499 -0.131334 -0.060354
    outer loop
      vertex 24.454623 87.647683 4.785085
      vertex 24.560619 86.625988 5.270560
      vertex 24.417805 87.701981 5.270560
    endloop
  endfacet
  facet normal -0.990526 -0.122944 -0.061187
    outer loop
      vertex 24.596050 86.582141 4.785085
      vertex 24.734389 85.467585 4.785085
      vertex 24.700315 85.500500 5.270560
    endloop
  endfacet
  facet normal -0.990526 -0.122944 -0.061187
    outer loop
      vertex 24.596050 86.582141 4.785085
      vertex 24.700315 85.500500 5.270560
      vertex 24.560619 86.625988 5.270560
    endloop
  endfacet
  facet normal -0.991227 -0.116916 -0.061644
    outer loop
      vertex 24.734389 85.467585 4.785085
      vertex 24.873718 84.286338 4.785085
      vertex 24.841010 84.307667 5.270560
    endloop
  endfacet
  facet normal -0.991227 -0.116916 -0.061644
    outer loop
      vertex 24.734389 85.467585 4.785085
      vertex 24.841010 84.307667 5.270560
      vertex 24.700315 85.500500 5.270560
    endloop
  endfacet
  facet normal -0.990487 -0.123189 -0.061319
    outer loop
      vertex 24.873718 84.286338 4.785085
      vertex 25.031471 83.017939 4.785085
      vertex 25.000310 83.026827 5.270560
    endloop
  endfacet
  facet normal -0.990487 -0.123189 -0.061319
    outer loop
      vertex 24.873718 84.286338 4.785085
      vertex 25.000310 83.026827 5.270560
      vertex 24.841010 84.307667 5.270560
    endloop
  endfacet
  facet normal -0.985269 -0.160025 -0.060310
    outer loop
      vertex 25.031471 83.017939 4.785085
      vertex 25.250319 81.670493 4.785085
      vertex 25.221305 81.666165 5.270560
    endloop
  endfacet
  facet normal -0.985269 -0.160025 -0.060310
    outer loop
      vertex 25.031471 83.017939 4.785085
      vertex 25.221305 81.666165 5.270560
      vertex 25.000310 83.026827 5.270560
    endloop
  endfacet
  facet normal -0.973186 -0.222016 -0.060140
    outer loop
      vertex 25.250319 81.670493 4.785085
      vertex 25.556027 80.330450 4.785085
      vertex 25.530012 80.312978 5.270560
    endloop
  endfacet
  facet normal -0.973186 -0.222016 -0.060140
    outer loop
      vertex 25.250319 81.670493 4.785085
      vertex 25.530012 80.312978 5.270560
      vertex 25.221305 81.666165 5.270560
    endloop
  endfacet
  facet normal -0.962511 -0.264273 -0.061089
    outer loop
      vertex 25.556027 80.330450 4.785085
      vertex 25.898903 79.081662 4.785085
      vertex 25.876251 79.051941 5.270560
    endloop
  endfacet
  facet normal -0.962511 -0.264273 -0.061089
    outer loop
      vertex 25.556027 80.330450 4.785085
      vertex 25.876251 79.051941 5.270560
      vertex 25.530012 80.312978 5.270560
    endloop
  endfacet
  facet normal -0.959701 -0.274195 -0.061565
    outer loop
      vertex 25.898903 79.081662 4.785085
      vertex 26.229466 77.924670 4.785085
      vertex 26.210056 77.883601 5.270560
    endloop
  endfacet
  facet normal -0.959701 -0.274195 -0.061565
    outer loop
      vertex 25.898903 79.081662 4.785085
      vertex 26.210056 77.883601 5.270560
      vertex 25.876251 79.051941 5.270560
    endloop
  endfacet
  facet normal 0.232529 -0.969865 -0.072749
    outer loop
      vertex 26.229466 77.924670 4.785085
      vertex 27.202259 78.157901 4.785085
      vertex 27.192391 78.119120 5.270560
    endloop
  endfacet
  facet normal 0.232529 -0.969865 -0.072749
    outer loop
      vertex 26.229466 77.924670 4.785085
      vertex 27.192391 78.119120 5.270560
      vertex 26.210056 77.883601 5.270560
    endloop
  endfacet
  facet normal 0.249705 -0.965637 -0.072062
    outer loop
      vertex 27.202259 78.157901 4.785085
      vertex 28.219593 78.420974 4.785085
      vertex 28.219704 78.384774 5.270560
    endloop
  endfacet
  facet normal 0.249705 -0.965637 -0.072062
    outer loop
      vertex 27.202259 78.157901 4.785085
      vertex 28.219704 78.384774 5.270560
      vertex 27.192391 78.119120 5.270560
    endloop
  endfacet
  facet normal 0.283240 -0.956389 -0.071380
    outer loop
      vertex 28.219593 78.420974 4.785085
      vertex 29.262348 78.729792 4.785085
      vertex 29.272685 78.696620 5.270560
    endloop
  endfacet
  facet normal 0.283240 -0.956389 -0.071380
    outer loop
      vertex 28.219593 78.420974 4.785085
      vertex 29.272685 78.696620 5.270560
      vertex 28.219704 78.384774 5.270560
    endloop
  endfacet
  facet normal 0.325151 -0.942966 -0.071355
    outer loop
      vertex 29.262348 78.729792 4.785085
      vertex 30.291989 79.084830 4.785085
      vertex 30.312426 79.055141 5.270560
    endloop
  endfacet
  facet normal 0.325151 -0.942966 -0.071355
    outer loop
      vertex 29.262348 78.729792 4.785085
      vertex 30.312426 79.055141 5.270560
      vertex 29.272685 78.696620 5.270560
    endloop
  endfacet
  facet normal 0.358953 -0.930573 -0.072020
    outer loop
      vertex 30.291989 79.084830 4.785085
      vertex 31.275834 79.464332 4.785085
      vertex 31.305921 79.438365 5.270560
    endloop
  endfacet
  facet normal 0.358953 -0.930573 -0.072020
    outer loop
      vertex 30.291989 79.084830 4.785085
      vertex 31.305921 79.438365 5.270560
      vertex 30.312426 79.055141 5.270560
    endloop
  endfacet
  facet normal 0.376587 -0.923522 -0.072736
    outer loop
      vertex 31.275834 79.464332 4.785085
      vertex 32.205859 79.843570 4.785085
      vertex 32.245067 79.821323 5.270560
    endloop
  endfacet
  facet normal 0.376587 -0.923522 -0.072736
    outer loop
      vertex 31.275834 79.464332 4.785085
      vertex 32.245067 79.821323 5.270560
      vertex 31.305921 79.438365 5.270560
    endloop
  endfacet
  facet normal 0.381504 -0.921477 -0.073039
    outer loop
      vertex 32.205859 79.843570 4.785085
      vertex 33.089461 80.209393 4.785085
      vertex 33.137336 80.190734 5.270560
    endloop
  endfacet
  facet normal 0.381504 -0.921477 -0.073039
    outer loop
      vertex 32.205859 79.843570 4.785085
      vertex 33.137336 80.190734 5.270560
      vertex 32.245067 79.821323 5.270560
    endloop
  endfacet
  facet normal 0.379727 -0.922222 -0.072893
    outer loop
      vertex 33.089461 80.209393 4.785085
      vertex 33.936712 80.558250 4.785085
      vertex 33.992897 80.543013 5.270560
    endloop
  endfacet
  facet normal 0.379727 -0.922222 -0.072893
    outer loop
      vertex 33.089461 80.209393 4.785085
      vertex 33.992897 80.543013 5.270560
      vertex 33.137336 80.190734 5.270560
    endloop
  endfacet
  facet normal 0.648828 0.754124 -0.101581
    outer loop
      vertex 33.992897 80.543013 5.270560
      vertex 32.968021 81.424789 5.270560
      vertex 33.061130 81.411351 5.765502
    endloop
  endfacet
  facet normal 0.648828 0.754124 -0.101581
    outer loop
      vertex 33.992897 80.543013 5.270560
      vertex 33.061130 81.411351 5.765502
      vertex 34.106055 80.512325 5.765502
    endloop
  endfacet
  facet normal -0.647764 -0.752887 0.116461
    outer loop
      vertex 31.150429 81.687132 5.089504
      vertex 31.783931 81.142084 5.089504
      vertex 31.897562 81.111267 5.522304
    endloop
  endfacet
  facet normal -0.647764 -0.752887 0.116461
    outer loop
      vertex 31.150429 81.687132 5.089504
      vertex 31.897562 81.111267 5.522304
      vertex 31.243928 81.673637 5.522304
    endloop
  endfacet
  facet normal 0.657694 0.746146 -0.103466
    outer loop
      vertex 32.968021 81.424789 5.270560
      vertex 31.883109 82.381090 5.270560
      vertex 31.954994 82.386359 5.765502
    endloop
  endfacet
  facet normal 0.657694 0.746146 -0.103466
    outer loop
      vertex 32.968021 81.424789 5.270560
      vertex 31.954994 82.386359 5.765502
      vertex 33.061130 81.411351 5.765502
    endloop
  endfacet
  facet normal -0.656574 -0.744876 0.118615
    outer loop
      vertex 30.479818 82.278245 5.089504
      vertex 31.150429 81.687132 5.089504
      vertex 31.243928 81.673637 5.522304
    endloop
  endfacet
  facet normal -0.656574 -0.744876 0.118615
    outer loop
      vertex 30.479818 82.278245 5.089504
      vertex 31.243928 81.673637 5.522304
      vertex 30.552004 82.283536 5.522304
    endloop
  endfacet
  facet normal 0.656619 0.747112 -0.103320
    outer loop
      vertex 31.883109 82.381090 5.270560
      vertex 30.685659 83.433499 5.270560
      vertex 30.734120 83.459355 5.765502
    endloop
  endfacet
  facet normal 0.656619 0.747112 -0.103320
    outer loop
      vertex 31.883109 82.381090 5.270560
      vertex 30.734120 83.459355 5.765502
      vertex 31.954994 82.386359 5.765502
    endloop
  endfacet
  facet normal -0.655504 -0.745845 0.118448
    outer loop
      vertex 29.739644 82.928766 5.089504
      vertex 30.479818 82.278245 5.089504
      vertex 30.552004 82.283536 5.522304
    endloop
  endfacet
  facet normal -0.655504 -0.745845 0.118448
    outer loop
      vertex 29.739644 82.928766 5.089504
      vertex 30.552004 82.283536 5.522304
      vertex 29.788308 82.954730 5.522304
    endloop
  endfacet
  facet normal 0.612619 0.783907 -0.100934
    outer loop
      vertex 30.685659 83.433499 5.270560
      vertex 29.318112 84.502228 5.270560
      vertex 29.339821 84.548990 5.765502
    endloop
  endfacet
  facet normal 0.612619 0.783907 -0.100934
    outer loop
      vertex 30.685659 83.433499 5.270560
      vertex 29.339821 84.548990 5.765502
      vertex 30.734120 83.459355 5.765502
    endloop
  endfacet
  facet normal -0.611626 -0.782638 0.115722
    outer loop
      vertex 28.894329 83.589374 5.089504
      vertex 29.739644 82.928766 5.089504
      vertex 29.788308 82.954730 5.522304
    endloop
  endfacet
  facet normal -0.611626 -0.782638 0.115722
    outer loop
      vertex 28.894329 83.589374 5.089504
      vertex 29.788308 82.954730 5.522304
      vertex 28.916129 83.636332 5.522304
    endloop
  endfacet
  facet normal 0.548530 0.829829 -0.102462
    outer loop
      vertex 29.318112 84.502228 5.270560
      vertex 27.932063 85.418429 5.270560
      vertex 27.926658 85.483114 5.765502
    endloop
  endfacet
  facet normal 0.548530 0.829829 -0.102462
    outer loop
      vertex 29.318112 84.502228 5.270560
      vertex 27.926658 85.483114 5.765502
      vertex 29.339821 84.548990 5.765502
    endloop
  endfacet
  facet normal -0.547615 -0.828444 0.117467
    outer loop
      vertex 28.037578 84.155700 5.089504
      vertex 28.894329 83.589374 5.089504
      vertex 28.916129 83.636332 5.522304
    endloop
  endfacet
  facet normal -0.547615 -0.828444 0.117467
    outer loop
      vertex 28.037578 84.155700 5.089504
      vertex 28.916129 83.636332 5.522304
      vertex 28.032150 84.220656 5.522304
    endloop
  endfacet
  facet normal 0.533433 0.839439 -0.103883
    outer loop
      vertex 27.932063 85.418429 5.270560
      vertex 26.669045 86.221030 5.270560
      vertex 26.638933 86.301415 5.765502
    endloop
  endfacet
  facet normal 0.533433 0.839439 -0.103883
    outer loop
      vertex 27.932063 85.418429 5.270560
      vertex 26.638933 86.301415 5.765502
      vertex 27.926658 85.483114 5.765502
    endloop
  endfacet
  facet normal -0.532517 -0.837999 0.119091
    outer loop
      vertex 27.256875 84.651808 5.089504
      vertex 28.037578 84.155700 5.089504
      vertex 28.032150 84.220656 5.522304
    endloop
  endfacet
  facet normal -0.532517 -0.837999 0.119091
    outer loop
      vertex 27.256875 84.651808 5.089504
      vertex 28.032150 84.220656 5.522304
      vertex 27.226636 84.732530 5.522304
    endloop
  endfacet
  facet normal 0.541903 0.834166 -0.102511
    outer loop
      vertex 26.669045 86.221030 5.270560
      vertex 25.508757 86.974794 5.270560
      vertex 25.455947 87.069924 5.765502
    endloop
  endfacet
  facet normal 0.541903 0.834166 -0.102511
    outer loop
      vertex 26.669045 86.221030 5.270560
      vertex 25.455947 87.069924 5.765502
      vertex 26.638933 86.301415 5.765502
    endloop
  endfacet
  facet normal -0.540998 -0.832772 0.117523
    outer loop
      vertex 26.539672 85.117728 5.089504
      vertex 27.256875 84.651808 5.089504
      vertex 27.226636 84.732530 5.522304
    endloop
  endfacet
  facet normal -0.540998 -0.832772 0.117523
    outer loop
      vertex 26.539672 85.117728 5.089504
      vertex 27.226636 84.732530 5.522304
      vertex 26.486641 85.213257 5.522304
    endloop
  endfacet
  facet normal 0.551846 0.827899 -0.100245
    outer loop
      vertex 25.508757 86.974794 5.270560
      vertex 24.417805 87.701981 5.270560
      vertex 24.343653 87.811337 5.765502
    endloop
  endfacet
  facet normal 0.551846 0.827899 -0.100245
    outer loop
      vertex 25.508757 86.974794 5.270560
      vertex 24.343653 87.811337 5.765502
      vertex 25.455947 87.069924 5.765502
    endloop
  endfacet
  facet normal -0.550965 -0.826576 0.114934
    outer loop
      vertex 25.865327 85.567221 5.089504
      vertex 26.539672 85.117728 5.089504
      vertex 26.486641 85.213257 5.522304
    endloop
  endfacet
  facet normal -0.550965 -0.826576 0.114934
    outer loop
      vertex 25.865327 85.567221 5.089504
      vertex 26.486641 85.213257 5.522304
      vertex 25.790865 85.677035 5.522304
    endloop
  endfacet
  facet normal -0.984310 -0.130645 -0.118602
    outer loop
      vertex 24.417805 87.701981 5.270560
      vertex 24.560619 86.625988 5.270560
      vertex 24.489261 86.714296 5.765502
    endloop
  endfacet
  facet normal -0.984310 -0.130645 -0.118602
    outer loop
      vertex 24.417805 87.701981 5.270560
      vertex 24.489261 86.714296 5.765502
      vertex 24.343653 87.811337 5.765502
    endloop
  endfacet
  facet normal 0.982110 0.130353 0.135894
    outer loop
      vertex 25.953604 84.902123 5.089504
      vertex 25.865327 85.567221 5.089504
      vertex 25.790865 85.677035 5.522304
    endloop
  endfacet
  facet normal 0.982110 0.130353 0.135894
    outer loop
      vertex 25.953604 84.902123 5.089504
      vertex 25.790865 85.677035 5.522304
      vertex 25.881947 84.990800 5.522304
    endloop
  endfacet
  facet normal -0.985187 -0.122282 -0.120220
    outer loop
      vertex 24.560619 86.625988 5.270560
      vertex 24.700315 85.500500 5.270560
      vertex 24.631690 85.566790 5.765502
    endloop
  endfacet
  facet normal -0.985187 -0.122282 -0.120220
    outer loop
      vertex 24.560619 86.625988 5.270560
      vertex 24.631690 85.566790 5.765502
      vertex 24.489261 86.714296 5.765502
    endloop
  endfacet
  facet normal 0.982926 0.122001 0.137740
    outer loop
      vertex 26.039953 84.206431 5.089504
      vertex 25.953604 84.902123 5.089504
      vertex 25.881947 84.990800 5.522304
    endloop
  endfacet
  facet normal 0.982926 0.122001 0.137740
    outer loop
      vertex 26.039953 84.206431 5.089504
      vertex 25.881947 84.990800 5.522304
      vertex 25.971041 84.272999 5.522304
    endloop
  endfacet
  facet normal -0.985805 -0.116276 -0.121111
    outer loop
      vertex 24.700315 85.500500 5.270560
      vertex 24.841010 84.307667 5.270560
      vertex 24.775138 84.350623 5.765502
    endloop
  endfacet
  facet normal -0.985805 -0.116276 -0.121111
    outer loop
      vertex 24.700315 85.500500 5.270560
      vertex 24.775138 84.350623 5.765502
      vertex 24.631690 85.566790 5.765502
    endloop
  endfacet
  facet normal 0.983509 0.116006 0.138755
    outer loop
      vertex 26.126921 83.469111 5.089504
      vertex 26.039953 84.206431 5.089504
      vertex 25.971041 84.272999 5.522304
    endloop
  endfacet
  facet normal 0.983509 0.116006 0.138755
    outer loop
      vertex 26.126921 83.469111 5.089504
      vertex 25.971041 84.272999 5.522304
      vertex 26.060772 83.512247 5.522304
    endloop
  endfacet
  facet normal -0.985126 -0.122522 -0.120478
    outer loop
      vertex 24.841010 84.307667 5.270560
      vertex 25.000310 83.026827 5.270560
      vertex 24.937554 83.044727 5.765502
    endloop
  endfacet
  facet normal -0.985126 -0.122522 -0.120478
    outer loop
      vertex 24.841010 84.307667 5.270560
      vertex 24.937554 83.044727 5.765502
      vertex 24.775138 84.350623 5.765502
    endloop
  endfacet
  facet normal 0.982855 0.122239 0.138034
    outer loop
      vertex 26.225388 82.677392 5.089504
      vertex 26.126921 83.469111 5.089504
      vertex 26.060772 83.512247 5.522304
    endloop
  endfacet
  facet normal 0.982855 0.122239 0.138034
    outer loop
      vertex 26.225388 82.677392 5.089504
      vertex 26.060772 83.512247 5.522304
      vertex 26.162369 82.695367 5.522304
    endloop
  endfacet
  facet normal -0.980109 -0.159186 -0.118516
    outer loop
      vertex 25.000310 83.026827 5.270560
      vertex 25.221305 81.666165 5.270560
      vertex 25.162872 81.657448 5.765502
    endloop
  endfacet
  facet normal -0.980109 -0.159186 -0.118516
    outer loop
      vertex 25.000310 83.026827 5.270560
      vertex 25.162872 81.657448 5.765502
      vertex 24.937554 83.044727 5.765502
    endloop
  endfacet
  facet normal 0.977922 0.158831 0.135796
    outer loop
      vertex 26.361991 81.836332 5.089504
      vertex 26.225388 82.677392 5.089504
      vertex 26.162369 82.695367 5.522304
    endloop
  endfacet
  facet normal 0.977922 0.158831 0.135796
    outer loop
      vertex 26.361991 81.836332 5.089504
      vertex 26.162369 82.695367 5.522304
      vertex 26.303313 81.827579 5.522304
    endloop
  endfacet
  facet normal -0.968118 -0.220860 -0.118186
    outer loop
      vertex 25.221305 81.666165 5.270560
      vertex 25.530012 80.312978 5.270560
      vertex 25.477618 80.277790 5.765502
    endloop
  endfacet
  facet normal -0.968118 -0.220860 -0.118186
    outer loop
      vertex 25.221305 81.666165 5.270560
      vertex 25.477618 80.277790 5.765502
      vertex 25.162872 81.657448 5.765502
    endloop
  endfacet
  facet normal 0.965970 0.220370 0.135420
    outer loop
      vertex 26.552810 80.999894 5.089504
      vertex 26.361991 81.836332 5.089504
      vertex 26.303313 81.827579 5.522304
    endloop
  endfacet
  facet normal 0.965970 0.220370 0.135420
    outer loop
      vertex 26.552810 80.999894 5.089504
      vertex 26.303313 81.827579 5.522304
      vertex 26.500197 80.964558 5.522304
    endloop
  endfacet
  facet normal -0.957340 -0.262854 -0.120031
    outer loop
      vertex 25.530012 80.312978 5.270560
      vertex 25.876251 79.051941 5.270560
      vertex 25.830630 78.992085 5.765502
    endloop
  endfacet
  facet normal -0.957340 -0.262854 -0.120031
    outer loop
      vertex 25.530012 80.312978 5.270560
      vertex 25.830630 78.992085 5.765502
      vertex 25.477618 80.277790 5.765502
    endloop
  endfacet
  facet normal 0.955150 0.262252 0.137524
    outer loop
      vertex 26.766829 80.220415 5.089504
      vertex 26.552810 80.999894 5.089504
      vertex 26.500197 80.964558 5.522304
    endloop
  endfacet
  facet normal 0.955150 0.262252 0.137524
    outer loop
      vertex 26.766829 80.220415 5.089504
      vertex 26.500197 80.964558 5.522304
      vertex 26.721017 80.160308 5.522304
    endloop
  endfacet
  facet normal -0.954466 -0.272699 -0.120957
    outer loop
      vertex 25.876251 79.051941 5.270560
      vertex 26.210056 77.883601 5.270560
      vertex 26.170965 77.800890 5.765502
    endloop
  endfacet
  facet normal -0.954466 -0.272699 -0.120957
    outer loop
      vertex 25.876251 79.051941 5.270560
      vertex 26.170965 77.800890 5.765502
      vertex 25.830630 78.992085 5.765502
    endloop
  endfacet
  facet normal 0.952248 0.272066 0.138580
    outer loop
      vertex 26.973162 79.498235 5.089504
      vertex 26.766829 80.220415 5.089504
      vertex 26.721017 80.160308 5.522304
    endloop
  endfacet
  facet normal 0.952248 0.272066 0.138580
    outer loop
      vertex 26.973162 79.498235 5.089504
      vertex 26.721017 80.160308 5.522304
      vertex 26.933907 79.415177 5.522304
    endloop
  endfacet
  facet normal 0.230763 -0.962501 -0.142621
    outer loop
      vertex 26.210056 77.883601 5.270560
      vertex 27.192391 78.119120 5.270560
      vertex 27.172516 78.041016 5.765502
    endloop
  endfacet
  facet normal 0.230763 -0.962501 -0.142621
    outer loop
      vertex 26.210056 77.883601 5.270560
      vertex 27.172516 78.041016 5.765502
      vertex 26.170965 77.800890 5.765502
    endloop
  endfacet
  facet normal -0.230019 0.959395 0.163253
    outer loop
      vertex 27.580368 79.643815 5.089504
      vertex 26.973162 79.498235 5.089504
      vertex 26.933907 79.415177 5.522304
    endloop
  endfacet
  facet normal -0.230019 0.959395 0.163253
    outer loop
      vertex 27.580368 79.643815 5.089504
      vertex 26.933907 79.415177 5.522304
      vertex 27.560410 79.565384 5.522304
    endloop
  endfacet
  facet normal 0.247844 -0.958441 -0.141295
    outer loop
      vertex 27.192391 78.119120 5.270560
      vertex 28.219704 78.384774 5.270560
      vertex 28.219925 78.311866 5.765502
    endloop
  endfacet
  facet normal 0.247844 -0.958441 -0.141295
    outer loop
      vertex 27.192391 78.119120 5.270560
      vertex 28.219925 78.311866 5.765502
      vertex 27.172516 78.041016 5.765502
    endloop
  endfacet
  facet normal -0.247059 0.955406 0.161745
    outer loop
      vertex 28.215375 79.808022 5.089504
      vertex 27.580368 79.643815 5.089504
      vertex 27.560410 79.565384 5.522304
    endloop
  endfacet
  facet normal -0.247059 0.955406 0.161745
    outer loop
      vertex 28.215375 79.808022 5.089504
      vertex 27.560410 79.565384 5.522304
      vertex 28.215598 79.734809 5.522304
    endloop
  endfacet
  facet normal 0.281169 -0.949395 -0.139977
    outer loop
      vertex 28.219704 78.384774 5.270560
      vertex 29.272685 78.696620 5.270560
      vertex 29.293505 78.629813 5.765502
    endloop
  endfacet
  facet normal 0.281169 -0.949395 -0.139977
    outer loop
      vertex 28.219704 78.384774 5.270560
      vertex 29.293505 78.629813 5.765502
      vertex 28.219925 78.311866 5.765502
    endloop
  endfacet
  facet normal -0.280295 0.946444 0.160246
    outer loop
      vertex 28.866250 80.000783 5.089504
      vertex 28.215375 79.808022 5.089504
      vertex 28.215598 79.734809 5.522304
    endloop
  endfacet
  facet normal -0.280295 0.946444 0.160246
    outer loop
      vertex 28.866250 80.000783 5.089504
      vertex 28.215598 79.734809 5.522304
      vertex 28.887157 79.933696 5.522304
    endloop
  endfacet
  facet normal 0.322775 -0.936075 -0.139930
    outer loop
      vertex 29.272685 78.696620 5.270560
      vertex 30.312426 79.055141 5.270560
      vertex 30.353585 78.995347 5.765502
    endloop
  endfacet
  facet normal 0.322775 -0.936075 -0.139930
    outer loop
      vertex 29.272685 78.696620 5.270560
      vertex 30.353585 78.995347 5.765502
      vertex 29.293505 78.629813 5.765502
    endloop
  endfacet
  facet normal -0.321772 0.933167 0.160191
    outer loop
      vertex 29.508939 80.222393 5.089504
      vertex 28.866250 80.000783 5.089504
      vertex 28.887157 79.933696 5.522304
    endloop
  endfacet
  facet normal -0.321772 0.933167 0.160191
    outer loop
      vertex 29.508939 80.222393 5.089504
      vertex 28.887157 79.933696 5.522304
      vertex 29.550271 80.162349 5.522304
    endloop
  endfacet
  facet normal 0.356281 -0.923646 -0.141215
    outer loop
      vertex 30.312426 79.055141 5.270560
      vertex 31.305921 79.438365 5.270560
      vertex 31.366515 79.386068 5.765502
    endloop
  endfacet
  facet normal 0.356281 -0.923646 -0.141215
    outer loop
      vertex 30.312426 79.055141 5.270560
      vertex 31.366515 79.386068 5.765502
      vertex 30.353585 78.995347 5.765502
    endloop
  endfacet
  facet normal -0.355154 0.920725 0.161653
    outer loop
      vertex 30.123044 80.459273 5.089504
      vertex 29.508939 80.222393 5.089504
      vertex 29.550271 80.162349 5.522304
    endloop
  endfacet
  facet normal -0.355154 0.920725 0.161653
    outer loop
      vertex 30.123044 80.459273 5.089504
      vertex 29.550271 80.162349 5.522304
      vertex 30.183892 80.406757 5.522304
    endloop
  endfacet
  facet normal 0.373728 -0.916512 -0.142597
    outer loop
      vertex 31.305921 79.438365 5.270560
      vertex 32.245067 79.821323 5.270560
      vertex 32.324033 79.776517 5.765502
    endloop
  endfacet
  facet normal 0.373728 -0.916512 -0.142597
    outer loop
      vertex 31.305921 79.438365 5.270560
      vertex 32.324033 79.776517 5.765502
      vertex 31.366515 79.386068 5.765502
    endloop
  endfacet
  facet normal -0.372523 0.913556 0.163225
    outer loop
      vertex 30.703553 80.695989 5.089504
      vertex 30.123044 80.459273 5.089504
      vertex 30.183892 80.406757 5.522304
    endloop
  endfacet
  facet normal -0.372523 0.913556 0.163225
    outer loop
      vertex 30.703553 80.695989 5.089504
      vertex 30.183892 80.406757 5.522304
      vertex 30.782850 80.650996 5.522304
    endloop
  endfacet
  facet normal 0.378584 -0.914425 -0.143182
    outer loop
      vertex 32.245067 79.821323 5.270560
      vertex 33.137336 80.190734 5.270560
      vertex 33.233757 80.153155 5.765502
    endloop
  endfacet
  facet normal 0.378584 -0.914425 -0.143182
    outer loop
      vertex 32.245067 79.821323 5.270560
      vertex 33.233757 80.153155 5.765502
      vertex 32.324033 79.776517 5.765502
    endloop
  endfacet
  facet normal -0.377353 0.911452 0.163891
    outer loop
      vertex 31.255087 80.924332 5.089504
      vertex 30.703553 80.695989 5.089504
      vertex 30.782850 80.650996 5.522304
    endloop
  endfacet
  facet normal -0.377353 0.911452 0.163891
    outer loop
      vertex 31.255087 80.924332 5.089504
      vertex 30.782850 80.650996 5.522304
      vertex 31.351911 80.886595 5.522304
    endloop
  endfacet
  facet normal 0.376832 -0.915193 -0.142899
    outer loop
      vertex 33.137336 80.190734 5.270560
      vertex 33.992897 80.543013 5.270560
      vertex 34.106055 80.512325 5.765502
    endloop
  endfacet
  facet normal 0.376832 -0.915193 -0.142899
    outer loop
      vertex 33.137336 80.190734 5.270560
      vertex 34.106055 80.512325 5.765502
      vertex 33.233757 80.153155 5.765502
    endloop
  endfacet
  facet normal -0.375612 0.912229 0.163569
    outer loop
      vertex 31.783931 81.142084 5.089504
      vertex 31.255087 80.924332 5.089504
      vertex 31.351911 80.886595 5.522304
    endloop
  endfacet
  facet normal -0.375612 0.912229 0.163569
    outer loop
      vertex 31.783931 81.142084 5.089504
      vertex 31.351911 80.886595 5.522304
      vertex 31.897562 81.111267 5.522304
    endloop
  endfacet
  facet normal 0.642742 0.747050 -0.169706
    outer loop
      vertex 34.106055 80.512325 5.765502
      vertex 33.061130 81.411351 5.765502
      vertex 33.220456 81.388354 6.267702
    endloop
  endfacet
  facet normal 0.642742 0.747050 -0.169706
    outer loop
      vertex 34.106055 80.512325 5.765502
      vertex 33.220456 81.388354 6.267702
      vertex 34.299688 80.459811 6.267702
    endloop
  endfacet
  facet normal -0.639751 -0.743573 0.194467
    outer loop
      vertex 31.243928 81.673637 5.522304
      vertex 31.897562 81.111267 5.522304
      vertex 32.090633 81.058906 5.957255
    endloop
  endfacet
  facet normal -0.639751 -0.743573 0.194467
    outer loop
      vertex 31.243928 81.673637 5.522304
      vertex 32.090633 81.058906 5.957255
      vertex 31.402792 81.650707 5.957255
    endloop
  endfacet
  facet normal 0.651296 0.738888 -0.172793
    outer loop
      vertex 33.061130 81.411351 5.765502
      vertex 31.954994 82.386359 5.765502
      vertex 32.078004 82.395374 6.267702
    endloop
  endfacet
  facet normal 0.651296 0.738888 -0.172793
    outer loop
      vertex 33.061130 81.411351 5.765502
      vertex 32.078004 82.395374 6.267702
      vertex 33.220456 81.388354 6.267702
    endloop
  endfacet
  facet normal -0.648155 -0.735325 0.197971
    outer loop
      vertex 30.552004 82.283536 5.522304
      vertex 31.243928 81.673637 5.522304
      vertex 31.402792 81.650707 5.957255
    endloop
  endfacet
  facet normal -0.648155 -0.735325 0.197971
    outer loop
      vertex 30.552004 82.283536 5.522304
      vertex 31.402792 81.650707 5.957255
      vertex 30.674657 82.292525 5.957255
    endloop
  endfacet
  facet normal 0.650249 0.739865 -0.172554
    outer loop
      vertex 31.954994 82.386359 5.765502
      vertex 30.734120 83.459355 5.765502
      vertex 30.817045 83.503599 6.267702
    endloop
  endfacet
  facet normal 0.650249 0.739865 -0.172554
    outer loop
      vertex 31.954994 82.386359 5.765502
      vertex 30.817045 83.503599 6.267702
      vertex 32.078004 82.395374 6.267702
    endloop
  endfacet
  facet normal -0.647122 -0.736307 0.197700
    outer loop
      vertex 29.788308 82.954730 5.522304
      vertex 30.552004 82.283536 5.522304
      vertex 30.674657 82.292525 5.957255
    endloop
  endfacet
  facet normal -0.647122 -0.736307 0.197700
    outer loop
      vertex 29.788308 82.954730 5.522304
      vertex 30.674657 82.292525 5.957255
      vertex 29.870993 82.998845 5.957255
    endloop
  endfacet
  facet normal 0.606944 0.776646 -0.168644
    outer loop
      vertex 30.734120 83.459355 5.765502
      vertex 29.339821 84.548990 5.765502
      vertex 29.376969 84.629009 6.267702
    endloop
  endfacet
  facet normal 0.606944 0.776646 -0.168644
    outer loop
      vertex 30.734120 83.459355 5.765502
      vertex 29.376969 84.629009 6.267702
      vertex 30.817045 83.503599 6.267702
    endloop
  endfacet
  facet normal -0.604154 -0.773077 0.193262
    outer loop
      vertex 28.916129 83.636332 5.522304
      vertex 29.788308 82.954730 5.522304
      vertex 29.870993 82.998845 5.957255
    endloop
  endfacet
  facet normal -0.604154 -0.773077 0.193262
    outer loop
      vertex 28.916129 83.636332 5.522304
      vertex 29.870993 82.998845 5.957255
      vertex 28.953169 83.716118 5.957255
    endloop
  endfacet
  facet normal 0.543296 0.821911 -0.171148
    outer loop
      vertex 29.339821 84.548990 5.765502
      vertex 27.926658 85.483114 5.765502
      vertex 27.917409 85.593802 6.267702
    endloop
  endfacet
  facet normal 0.543296 0.821911 -0.171148
    outer loop
      vertex 29.339821 84.548990 5.765502
      vertex 27.917409 85.593802 6.267702
      vertex 29.376969 84.629009 6.267702
    endloop
  endfacet
  facet normal -0.540725 -0.818021 0.196105
    outer loop
      vertex 28.032150 84.220656 5.522304
      vertex 28.916129 83.636332 5.522304
      vertex 28.953169 83.716118 5.957255
    endloop
  endfacet
  facet normal -0.540725 -0.818021 0.196105
    outer loop
      vertex 28.032150 84.220656 5.522304
      vertex 28.953169 83.716118 5.957255
      vertex 28.022928 84.331023 5.957255
    endloop
  endfacet
  facet normal 0.528203 0.831209 -0.173476
    outer loop
      vertex 27.926658 85.483114 5.765502
      vertex 26.638933 86.301415 5.765502
      vertex 26.587405 86.438970 6.267702
    endloop
  endfacet
  facet normal 0.528203 0.831209 -0.173476
    outer loop
      vertex 27.926658 85.483114 5.765502
      vertex 26.587405 86.438970 6.267702
      vertex 27.917409 85.593802 6.267702
    endloop
  endfacet
  facet normal -0.525635 -0.827169 0.198746
    outer loop
      vertex 27.226636 84.732530 5.522304
      vertex 28.032150 84.220656 5.522304
      vertex 28.022928 84.331023 5.957255
    endloop
  endfacet
  facet normal -0.525635 -0.827169 0.198746
    outer loop
      vertex 27.226636 84.732530 5.522304
      vertex 28.022928 84.331023 5.957255
      vertex 27.175258 84.869686 5.957255
    endloop
  endfacet
  facet normal 0.536728 0.826199 -0.171229
    outer loop
      vertex 26.638933 86.301415 5.765502
      vertex 25.455947 87.069924 5.765502
      vertex 25.365579 87.232711 6.267702
    endloop
  endfacet
  facet normal 0.536728 0.826199 -0.171229
    outer loop
      vertex 26.638933 86.301415 5.765502
      vertex 25.365579 87.232711 6.267702
      vertex 26.587405 86.438970 6.267702
    endloop
  endfacet
  facet normal -0.534185 -0.822285 0.196196
    outer loop
      vertex 26.486641 85.213257 5.522304
      vertex 27.226636 84.732530 5.522304
      vertex 27.175258 84.869686 5.957255
    endloop
  endfacet
  facet normal -0.534185 -0.822285 0.196196
    outer loop
      vertex 26.486641 85.213257 5.522304
      vertex 27.175258 84.869686 5.957255
      vertex 26.396535 85.375571 5.957255
    endloop
  endfacet
  facet normal 0.546803 0.820333 -0.167514
    outer loop
      vertex 25.455947 87.069924 5.765502
      vertex 24.343653 87.811337 5.765502
      vertex 24.216767 87.998466 6.267702
    endloop
  endfacet
  facet normal 0.546803 0.820333 -0.167514
    outer loop
      vertex 25.455947 87.069924 5.765502
      vertex 24.216767 87.998466 6.267702
      vertex 25.365579 87.232711 6.267702
    endloop
  endfacet
  facet normal -0.544323 -0.816613 0.191979
    outer loop
      vertex 25.790865 85.677035 5.522304
      vertex 26.486641 85.213257 5.522304
      vertex 26.396535 85.375571 5.957255
    endloop
  endfacet
  facet normal -0.544323 -0.816613 0.191979
    outer loop
      vertex 25.790865 85.677035 5.522304
      vertex 26.396535 85.375571 5.957255
      vertex 25.664347 85.863621 5.957255
    endloop
  endfacet
  facet normal -0.971786 -0.128983 -0.197472
    outer loop
      vertex 24.343653 87.811337 5.765502
      vertex 24.489261 86.714296 5.765502
      vertex 24.367155 86.865406 6.267702
    endloop
  endfacet
  facet normal -0.971786 -0.128983 -0.197472
    outer loop
      vertex 24.343653 87.811337 5.765502
      vertex 24.367155 86.865406 6.267702
      vertex 24.216767 87.998466 6.267702
    endloop
  endfacet
  facet normal 0.965679 0.128172 0.225914
    outer loop
      vertex 25.881947 84.990800 5.522304
      vertex 25.790865 85.677035 5.522304
      vertex 25.664347 85.863621 5.957255
    endloop
  endfacet
  facet normal 0.965679 0.128172 0.225914
    outer loop
      vertex 25.881947 84.990800 5.522304
      vertex 25.664347 85.863621 5.957255
      vertex 25.760196 85.141472 5.957255
    endloop
  endfacet
  facet normal -0.972315 -0.120684 -0.200098
    outer loop
      vertex 24.489261 86.714296 5.765502
      vertex 24.631690 85.566790 5.765502
      vertex 24.514260 85.680226 6.267702
    endloop
  endfacet
  facet normal -0.972315 -0.120684 -0.200098
    outer loop
      vertex 24.489261 86.714296 5.765502
      vertex 24.514260 85.680226 6.267702
      vertex 24.367155 86.865406 6.267702
    endloop
  endfacet
  facet normal 0.966042 0.119906 0.228879
    outer loop
      vertex 25.971041 84.272999 5.522304
      vertex 25.881947 84.990800 5.522304
      vertex 25.760196 85.141472 5.957255
    endloop
  endfacet
  facet normal 0.966042 0.119906 0.228879
    outer loop
      vertex 25.971041 84.272999 5.522304
      vertex 25.760196 85.141472 5.957255
      vertex 25.853952 84.386105 5.957255
    endloop
  endfacet
  facet normal -0.972737 -0.114735 -0.201540
    outer loop
      vertex 24.631690 85.566790 5.765502
      vertex 24.775138 84.350623 5.765502
      vertex 24.662417 84.424129 6.267702
    endloop
  endfacet
  facet normal -0.972737 -0.114735 -0.201540
    outer loop
      vertex 24.631690 85.566790 5.765502
      vertex 24.662417 84.424129 6.267702
      vertex 24.514260 85.680226 6.267702
    endloop
  endfacet
  facet normal 0.966372 0.113984 0.230507
    outer loop
      vertex 26.060772 83.512247 5.522304
      vertex 25.971041 84.272999 5.522304
      vertex 25.853952 84.386105 5.957255
    endloop
  endfacet
  facet normal 0.966372 0.113984 0.230507
    outer loop
      vertex 26.060772 83.512247 5.522304
      vertex 25.853952 84.386105 5.957255
      vertex 25.948379 83.585540 5.957255
    endloop
  endfacet
  facet normal -0.972200 -0.120914 -0.200515
    outer loop
      vertex 24.775138 84.350623 5.765502
      vertex 24.937554 83.044727 5.765502
      vertex 24.830166 83.075358 6.267702
    endloop
  endfacet
  facet normal -0.972200 -0.120914 -0.200515
    outer loop
      vertex 24.775138 84.350623 5.765502
      vertex 24.830166 83.075358 6.267702
      vertex 24.662417 84.424129 6.267702
    endloop
  endfacet
  facet normal 0.965902 0.120131 0.229350
    outer loop
      vertex 26.162369 82.695367 5.522304
      vertex 26.060772 83.512247 5.522304
      vertex 25.948379 83.585540 5.957255
    endloop
  endfacet
  facet normal 0.965902 0.120131 0.229350
    outer loop
      vertex 26.162369 82.695367 5.522304
      vertex 25.948379 83.585540 5.957255
      vertex 26.055293 82.725909 5.957255
    endloop
  endfacet
  facet normal -0.967657 -0.157164 -0.197333
    outer loop
      vertex 24.937554 83.044727 5.765502
      vertex 25.162872 81.657448 5.765502
      vertex 25.062882 81.642532 6.267702
    endloop
  endfacet
  facet normal -0.967657 -0.157164 -0.197333
    outer loop
      vertex 24.937554 83.044727 5.765502
      vertex 25.062882 81.642532 6.267702
      vertex 24.830166 83.075358 6.267702
    endloop
  endfacet
  facet normal 0.961583 0.156178 0.225756
    outer loop
      vertex 26.303313 81.827579 5.522304
      vertex 26.162369 82.695367 5.522304
      vertex 26.055293 82.725909 5.957255
    endloop
  endfacet
  facet normal 0.961583 0.156178 0.225756
    outer loop
      vertex 26.303313 81.827579 5.522304
      vertex 26.055293 82.725909 5.957255
      vertex 26.203613 81.812706 5.957255
    endloop
  endfacet
  facet normal -0.955885 -0.218069 -0.196798
    outer loop
      vertex 25.162872 81.657448 5.765502
      vertex 25.477618 80.277790 5.765502
      vertex 25.387962 80.217576 6.267702
    endloop
  endfacet
  facet normal -0.955885 -0.218069 -0.196798
    outer loop
      vertex 25.162872 81.657448 5.765502
      vertex 25.387962 80.217576 6.267702
      vertex 25.062882 81.642532 6.267702
    endloop
  endfacet
  facet normal 0.949918 0.216708 0.225152
    outer loop
      vertex 26.500197 80.964558 5.522304
      vertex 26.303313 81.827579 5.522304
      vertex 26.203613 81.812706 5.957255
    endloop
  endfacet
  facet normal 0.949918 0.216708 0.225152
    outer loop
      vertex 26.500197 80.964558 5.522304
      vertex 26.203613 81.812706 5.957255
      vertex 26.410800 80.904519 5.957255
    endloop
  endfacet
  facet normal -0.944870 -0.259430 -0.199790
    outer loop
      vertex 25.477618 80.277790 5.765502
      vertex 25.830630 78.992085 5.765502
      vertex 25.752564 78.889659 6.267702
    endloop
  endfacet
  facet normal -0.944870 -0.259430 -0.199790
    outer loop
      vertex 25.477618 80.277790 5.765502
      vertex 25.752564 78.889659 6.267702
      vertex 25.387962 80.217576 6.267702
    endloop
  endfacet
  facet normal 0.938793 0.257761 0.228532
    outer loop
      vertex 26.721017 80.160308 5.522304
      vertex 26.500197 80.964558 5.522304
      vertex 26.410800 80.904519 5.957255
    endloop
  endfacet
  facet normal 0.938793 0.257761 0.228532
    outer loop
      vertex 26.721017 80.160308 5.522304
      vertex 26.410800 80.904519 5.957255
      vertex 26.643177 80.058179 5.957255
    endloop
  endfacet
  facet normal -0.941844 -0.269093 -0.201291
    outer loop
      vertex 25.830630 78.992085 5.765502
      vertex 26.170965 77.800890 5.765502
      vertex 26.104073 77.659354 6.267702
    endloop
  endfacet
  facet normal -0.941844 -0.269093 -0.201291
    outer loop
      vertex 25.830630 78.992085 5.765502
      vertex 26.104073 77.659354 6.267702
      vertex 25.752564 78.889659 6.267702
    endloop
  endfacet
  facet normal 0.935696 0.267337 0.230226
    outer loop
      vertex 26.933907 79.415177 5.522304
      vertex 26.721017 80.160308 5.522304
      vertex 26.643177 80.058179 5.957255
    endloop
  endfacet
  facet normal 0.935696 0.267337 0.230226
    outer loop
      vertex 26.933907 79.415177 5.522304
      vertex 26.643177 80.058179 5.957255
      vertex 26.867209 79.274052 5.957255
    endloop
  endfacet
  facet normal 0.226553 -0.944941 -0.236137
    outer loop
      vertex 26.170965 77.800890 5.765502
      vertex 27.172516 78.041016 5.765502
      vertex 27.138507 77.907364 6.267702
    endloop
  endfacet
  facet normal 0.226553 -0.944941 -0.236137
    outer loop
      vertex 26.170965 77.800890 5.765502
      vertex 27.138507 77.907364 6.267702
      vertex 26.104073 77.659354 6.267702
    endloop
  endfacet
  facet normal -0.224526 0.936483 0.269422
    outer loop
      vertex 27.560410 79.565384 5.522304
      vertex 26.933907 79.415177 5.522304
      vertex 26.867209 79.274052 5.957255
    endloop
  endfacet
  facet normal -0.224526 0.936483 0.269422
    outer loop
      vertex 27.560410 79.565384 5.522304
      vertex 26.867209 79.274052 5.957255
      vertex 27.526500 79.432120 5.957255
    endloop
  endfacet
  facet normal 0.243404 -0.941270 -0.234019
    outer loop
      vertex 27.172516 78.041016 5.765502
      vertex 28.219925 78.311866 5.765502
      vertex 28.220305 78.187107 6.267702
    endloop
  endfacet
  facet normal 0.243404 -0.941270 -0.234019
    outer loop
      vertex 27.172516 78.041016 5.765502
      vertex 28.220305 78.187107 6.267702
      vertex 27.138507 77.907364 6.267702
    endloop
  endfacet
  facet normal -0.241263 0.932994 0.267049
    outer loop
      vertex 28.215598 79.734809 5.522304
      vertex 27.560410 79.565384 5.522304
      vertex 27.526500 79.432120 5.957255
    endloop
  endfacet
  facet normal -0.241263 0.932994 0.267049
    outer loop
      vertex 28.215598 79.734809 5.522304
      vertex 27.526500 79.432120 5.957255
      vertex 28.215976 79.610412 5.957255
    endloop
  endfacet
  facet normal 0.276223 -0.932694 -0.231913
    outer loop
      vertex 28.219925 78.311866 5.765502
      vertex 29.293505 78.629813 5.765502
      vertex 29.329133 78.515493 6.267702
    endloop
  endfacet
  facet normal 0.276223 -0.932694 -0.231913
    outer loop
      vertex 28.219925 78.311866 5.765502
      vertex 29.329133 78.515493 6.267702
      vertex 28.220305 78.187107 6.267702
    endloop
  endfacet
  facet normal -0.273837 0.924637 0.264687
    outer loop
      vertex 28.887157 79.933696 5.522304
      vertex 28.215598 79.734809 5.522304
      vertex 28.215976 79.610412 5.957255
    endloop
  endfacet
  facet normal -0.273837 0.924637 0.264687
    outer loop
      vertex 28.887157 79.933696 5.522304
      vertex 28.215976 79.610412 5.957255
      vertex 28.922681 79.819707 5.957255
    endloop
  endfacet
  facet normal 0.317100 -0.919619 -0.231837
    outer loop
      vertex 29.293505 78.629813 5.765502
      vertex 30.353585 78.995347 5.765502
      vertex 30.424017 78.893028 6.267702
    endloop
  endfacet
  facet normal 0.317100 -0.919619 -0.231837
    outer loop
      vertex 29.293505 78.629813 5.765502
      vertex 30.424017 78.893028 6.267702
      vertex 29.329133 78.515493 6.267702
    endloop
  endfacet
  facet normal -0.314363 0.911681 0.264601
    outer loop
      vertex 29.550271 80.162349 5.522304
      vertex 28.887157 79.933696 5.522304
      vertex 28.922681 79.819707 5.957255
    endloop
  endfacet
  facet normal -0.314363 0.911681 0.264601
    outer loop
      vertex 29.550271 80.162349 5.522304
      vertex 28.922681 79.819707 5.957255
      vertex 29.620499 80.060327 5.957255
    endloop
  endfacet
  facet normal 0.349905 -0.907117 -0.233890
    outer loop
      vertex 30.353585 78.995347 5.765502
      vertex 31.366515 79.386068 5.765502
      vertex 31.470204 79.296577 6.267702
    endloop
  endfacet
  facet normal 0.349905 -0.907117 -0.233890
    outer loop
      vertex 30.353585 78.995347 5.765502
      vertex 31.470204 79.296577 6.267702
      vertex 30.424017 78.893028 6.267702
    endloop
  endfacet
  facet normal -0.346832 0.899149 0.266904
    outer loop
      vertex 30.183892 80.406757 5.522304
      vertex 29.550271 80.162349 5.522304
      vertex 29.620499 80.060327 5.957255
    endloop
  endfacet
  facet normal -0.346832 0.899149 0.266904
    outer loop
      vertex 30.183892 80.406757 5.522304
      vertex 29.620499 80.060327 5.957255
      vertex 30.287279 80.317526 5.957255
    endloop
  endfacet
  facet normal 0.366912 -0.899796 -0.236097
    outer loop
      vertex 31.366515 79.386068 5.765502
      vertex 32.324033 79.776517 5.765502
      vertex 32.459159 79.699846 6.267702
    endloop
  endfacet
  facet normal 0.366912 -0.899796 -0.236097
    outer loop
      vertex 31.366515 79.386068 5.765502
      vertex 32.459159 79.699846 6.267702
      vertex 31.470204 79.296577 6.267702
    endloop
  endfacet
  facet normal -0.363629 0.891745 0.269378
    outer loop
      vertex 30.782850 80.650996 5.522304
      vertex 30.183892 80.406757 5.522304
      vertex 30.287279 80.317526 5.957255
    endloop
  endfacet
  facet normal -0.363629 0.891745 0.269378
    outer loop
      vertex 30.782850 80.650996 5.522304
      vertex 30.287279 80.317526 5.957255
      vertex 30.917584 80.574547 5.957255
    endloop
  endfacet
  facet normal 0.371624 -0.897614 -0.237032
    outer loop
      vertex 32.324033 79.776517 5.765502
      vertex 33.233757 80.153155 5.765502
      vertex 33.398751 80.088849 6.267702
    endloop
  endfacet
  facet normal 0.371624 -0.897614 -0.237032
    outer loop
      vertex 32.324033 79.776517 5.765502
      vertex 33.398751 80.088849 6.267702
      vertex 32.459159 79.699846 6.267702
    endloop
  endfacet
  facet normal -0.368273 0.889520 0.270425
    outer loop
      vertex 31.351911 80.886595 5.522304
      vertex 30.782850 80.650996 5.522304
      vertex 30.917584 80.574547 5.957255
    endloop
  endfacet
  facet normal -0.368273 0.889520 0.270425
    outer loop
      vertex 31.351911 80.886595 5.522304
      vertex 30.917584 80.574547 5.957255
      vertex 31.516427 80.822476 5.957255
    endloop
  endfacet
  facet normal 0.369931 -0.898432 -0.236580
    outer loop
      vertex 33.233757 80.153155 5.765502
      vertex 34.106055 80.512325 5.765502
      vertex 34.299688 80.459811 6.267702
    endloop
  endfacet
  facet normal 0.369931 -0.898432 -0.236580
    outer loop
      vertex 33.233757 80.153155 5.765502
      vertex 34.299688 80.459811 6.267702
      vertex 33.398751 80.088849 6.267702
    endloop
  endfacet
  facet normal -0.366608 0.890361 0.269920
    outer loop
      vertex 31.897562 81.111267 5.522304
      vertex 31.351911 80.886595 5.522304
      vertex 31.516427 80.822476 5.957255
    endloop
  endfacet
  facet normal -0.366608 0.890361 0.269920
    outer loop
      vertex 31.897562 81.111267 5.522304
      vertex 31.516427 80.822476 5.957255
      vertex 32.090633 81.058906 5.957255
    endloop
  endfacet
  facet normal 0.630921 0.733311 -0.253365
    outer loop
      vertex 34.299688 80.459811 6.267702
      vertex 33.220456 81.388354 6.267702
      vertex 33.465218 81.353026 6.774951
    endloop
  endfacet
  facet normal 0.630921 0.733311 -0.253365
    outer loop
      vertex 34.299688 80.459811 6.267702
      vertex 33.465218 81.353026 6.774951
      vertex 34.597154 80.379139 6.774951
    endloop
  endfacet
  facet normal -0.624014 -0.725283 0.290812
    outer loop
      vertex 31.402792 81.650707 5.957255
      vertex 32.090633 81.058906 5.957255
      vertex 32.387658 80.978353 6.393702
    endloop
  endfacet
  facet normal -0.624014 -0.725283 0.290812
    outer loop
      vertex 31.402792 81.650707 5.957255
      vertex 32.387658 80.978353 6.393702
      vertex 31.647190 81.615432 6.393702
    endloop
  endfacet
  facet normal 0.638891 0.724814 -0.257803
    outer loop
      vertex 33.220456 81.388354 6.267702
      vertex 32.078004 82.395374 6.267702
      vertex 32.266975 82.409223 6.774951
    endloop
  endfacet
  facet normal 0.638891 0.724814 -0.257803
    outer loop
      vertex 33.220456 81.388354 6.267702
      vertex 32.266975 82.409223 6.774951
      vertex 33.465218 81.353026 6.774951
    endloop
  endfacet
  facet normal -0.631654 -0.716604 0.295791
    outer loop
      vertex 30.674657 82.292525 5.957255
      vertex 31.402792 81.650707 5.957255
      vertex 31.647190 81.615432 6.393702
    endloop
  endfacet
  facet normal -0.631654 -0.716604 0.295791
    outer loop
      vertex 30.674657 82.292525 5.957255
      vertex 31.647190 81.615432 6.393702
      vertex 30.863348 82.306354 6.393702
    endloop
  endfacet
  facet normal 0.637897 0.725811 -0.257460
    outer loop
      vertex 32.078004 82.395374 6.267702
      vertex 30.817045 83.503599 6.267702
      vertex 30.944438 83.571568 6.774951
    endloop
  endfacet
  facet normal 0.637897 0.725811 -0.257460
    outer loop
      vertex 32.078004 82.395374 6.267702
      vertex 30.944438 83.571568 6.774951
      vertex 32.266975 82.409223 6.774951
    endloop
  endfacet
  facet normal -0.630690 -0.717611 0.295406
    outer loop
      vertex 29.870993 82.998845 5.957255
      vertex 30.674657 82.292525 5.957255
      vertex 30.863348 82.306354 6.393702
    endloop
  endfacet
  facet normal -0.630690 -0.717611 0.295406
    outer loop
      vertex 29.870993 82.998845 5.957255
      vertex 30.863348 82.306354 6.393702
      vertex 29.998197 83.066713 6.393702
    endloop
  endfacet
  facet normal 0.595917 0.762536 -0.251838
    outer loop
      vertex 30.817045 83.503599 6.267702
      vertex 29.376969 84.629009 6.267702
      vertex 29.434037 84.751937 6.774951
    endloop
  endfacet
  facet normal 0.595917 0.762536 -0.251838
    outer loop
      vertex 30.817045 83.503599 6.267702
      vertex 29.434037 84.751937 6.774951
      vertex 30.944438 83.571568 6.774951
    endloop
  endfacet
  facet normal -0.589470 -0.754287 0.289096
    outer loop
      vertex 28.953169 83.716118 5.957255
      vertex 29.870993 82.998845 5.957255
      vertex 29.998197 83.066713 6.393702
    endloop
  endfacet
  facet normal -0.589470 -0.754287 0.289096
    outer loop
      vertex 28.953169 83.716118 5.957255
      vertex 29.998197 83.066713 6.393702
      vertex 29.010152 83.838864 6.393702
    endloop
  endfacet
  facet normal 0.533139 0.806544 -0.255440
    outer loop
      vertex 29.376969 84.629009 6.267702
      vertex 27.917409 85.593802 6.267702
      vertex 27.903200 85.763844 6.774951
    endloop
  endfacet
  facet normal 0.533139 0.806544 -0.255440
    outer loop
      vertex 29.376969 84.629009 6.267702
      vertex 27.903200 85.763844 6.774951
      vertex 29.434037 84.751937 6.774951
    endloop
  endfacet
  facet normal -0.527208 -0.797572 0.293140
    outer loop
      vertex 28.022928 84.331023 5.957255
      vertex 28.953169 83.716118 5.957255
      vertex 29.010152 83.838864 6.393702
    endloop
  endfacet
  facet normal -0.527208 -0.797572 0.293140
    outer loop
      vertex 28.022928 84.331023 5.957255
      vertex 29.010152 83.838864 6.393702
      vertex 28.008740 84.500813 6.393702
    endloop
  endfacet
  facet normal 0.518065 0.815255 -0.258782
    outer loop
      vertex 27.917409 85.593802 6.267702
      vertex 26.587405 86.438970 6.267702
      vertex 26.508246 86.650286 6.774951
    endloop
  endfacet
  facet normal 0.518065 0.815255 -0.258782
    outer loop
      vertex 27.917409 85.593802 6.267702
      vertex 26.508246 86.650286 6.774951
      vertex 27.903200 85.763844 6.774951
    endloop
  endfacet
  facet normal -0.512152 -0.805951 0.296889
    outer loop
      vertex 27.175258 84.869686 5.957255
      vertex 28.022928 84.331023 5.957255
      vertex 28.008740 84.500813 6.393702
    endloop
  endfacet
  facet normal -0.512152 -0.805951 0.296889
    outer loop
      vertex 27.175258 84.869686 5.957255
      vertex 28.008740 84.500813 6.393702
      vertex 27.096216 85.080688 6.393702
    endloop
  endfacet
  facet normal 0.526684 0.810738 -0.255555
    outer loop
      vertex 26.587405 86.438970 6.267702
      vertex 25.365579 87.232711 6.267702
      vertex 25.226753 87.482789 6.774951
    endloop
  endfacet
  facet normal 0.526684 0.810738 -0.255555
    outer loop
      vertex 26.587405 86.438970 6.267702
      vertex 25.226753 87.482789 6.774951
      vertex 26.508246 86.650286 6.774951
    endloop
  endfacet
  facet normal -0.520819 -0.801711 0.293270
    outer loop
      vertex 26.396535 85.375571 5.957255
      vertex 27.175258 84.869686 5.957255
      vertex 27.096216 85.080688 6.393702
    endloop
  endfacet
  facet normal -0.520819 -0.801711 0.293270
    outer loop
      vertex 26.396535 85.375571 5.957255
      vertex 27.096216 85.080688 6.393702
      vertex 26.257915 85.625278 6.393702
    endloop
  endfacet
  facet normal 0.536998 0.805623 -0.250211
    outer loop
      vertex 25.365579 87.232711 6.267702
      vertex 24.216767 87.998466 6.267702
      vertex 24.021839 88.285939 6.774951
    endloop
  endfacet
  facet normal 0.536998 0.805623 -0.250211
    outer loop
      vertex 25.365579 87.232711 6.267702
      vertex 24.021839 88.285939 6.774951
      vertex 25.226753 87.482789 6.774951
    endloop
  endfacet
  facet normal -0.531262 -0.797018 0.287268
    outer loop
      vertex 25.664347 85.863621 5.957255
      vertex 26.396535 85.375571 5.957255
      vertex 26.257915 85.625278 6.393702
    endloop
  endfacet
  facet normal -0.531262 -0.797018 0.287268
    outer loop
      vertex 25.664347 85.863621 5.957255
      vertex 26.257915 85.625278 6.393702
      vertex 25.469708 86.150667 6.393702
    endloop
  endfacet
  facet normal -0.947820 -0.125802 -0.292936
    outer loop
      vertex 24.216767 87.998466 6.267702
      vertex 24.367155 86.865406 6.267702
      vertex 24.179572 87.097547 6.774951
    endloop
  endfacet
  facet normal -0.947820 -0.125802 -0.292936
    outer loop
      vertex 24.216767 87.998466 6.267702
      vertex 24.179572 87.097547 6.774951
      vertex 24.021839 88.285939 6.774951
    endloop
  endfacet
  facet normal 0.934025 0.123971 0.335005
    outer loop
      vertex 25.760196 85.141472 5.957255
      vertex 25.664347 85.863621 5.957255
      vertex 25.469708 86.150667 6.393702
    endloop
  endfacet
  facet normal 0.934025 0.123971 0.335005
    outer loop
      vertex 25.760196 85.141472 5.957255
      vertex 25.469708 86.150667 6.393702
      vertex 25.572891 85.373268 6.393702
    endloop
  endfacet
  facet normal -0.947718 -0.117631 -0.296638
    outer loop
      vertex 24.367155 86.865406 6.267702
      vertex 24.514260 85.680226 6.267702
      vertex 24.333860 85.854489 6.774951
    endloop
  endfacet
  facet normal -0.947718 -0.117631 -0.296638
    outer loop
      vertex 24.367155 86.865406 6.267702
      vertex 24.333860 85.854489 6.774951
      vertex 24.179572 87.097547 6.774951
    endloop
  endfacet
  facet normal 0.933582 0.115877 0.339113
    outer loop
      vertex 25.853952 84.386105 5.957255
      vertex 25.760196 85.141472 5.957255
      vertex 25.572891 85.373268 6.393702
    endloop
  endfacet
  facet normal 0.933582 0.115877 0.339113
    outer loop
      vertex 25.853952 84.386105 5.957255
      vertex 25.572891 85.373268 6.393702
      vertex 25.673820 84.560109 6.393702
    endloop
  endfacet
  facet normal -0.947787 -0.111792 -0.298668
    outer loop
      vertex 24.514260 85.680226 6.267702
      vertex 24.662417 84.424129 6.267702
      vertex 24.489253 84.537052 6.774951
    endloop
  endfacet
  facet normal -0.947787 -0.111792 -0.298668
    outer loop
      vertex 24.514260 85.680226 6.267702
      vertex 24.489253 84.537052 6.774951
      vertex 24.333860 85.854489 6.774951
    endloop
  endfacet
  facet normal 0.933460 0.110102 0.341365
    outer loop
      vertex 25.948379 83.585540 5.957255
      vertex 25.853952 84.386105 5.957255
      vertex 25.673820 84.560109 6.393702
    endloop
  endfacet
  facet normal 0.933460 0.110102 0.341365
    outer loop
      vertex 25.948379 83.585540 5.957255
      vertex 25.673820 84.560109 6.393702
      vertex 25.775472 83.698294 6.393702
    endloop
  endfacet
  facet normal -0.947507 -0.117843 -0.297226
    outer loop
      vertex 24.662417 84.424129 6.267702
      vertex 24.830166 83.075358 6.267702
      vertex 24.665194 83.122414 6.774951
    endloop
  endfacet
  facet normal -0.947507 -0.117843 -0.297226
    outer loop
      vertex 24.662417 84.424129 6.267702
      vertex 24.665194 83.122414 6.774951
      vertex 24.489253 84.537052 6.774951
    endloop
  endfacet
  facet normal 0.933320 0.116079 0.339765
    outer loop
      vertex 26.055293 82.725909 5.957255
      vertex 25.948379 83.585540 5.957255
      vertex 25.775472 83.698294 6.393702
    endloop
  endfacet
  facet normal 0.933320 0.116079 0.339765
    outer loop
      vertex 26.055293 82.725909 5.957255
      vertex 25.775472 83.698294 6.393702
      vertex 25.890565 82.772895 6.393702
    endloop
  endfacet
  facet normal -0.943825 -0.153293 -0.292739
    outer loop
      vertex 24.830166 83.075358 6.267702
      vertex 25.062882 81.642532 6.267702
      vertex 24.909274 81.619616 6.774951
    endloop
  endfacet
  facet normal -0.943825 -0.153293 -0.292739
    outer loop
      vertex 24.830166 83.075358 6.267702
      vertex 24.909274 81.619616 6.774951
      vertex 24.665194 83.122414 6.774951
    endloop
  endfacet
  facet normal 0.930106 0.151065 0.334786
    outer loop
      vertex 26.203613 81.812706 5.957255
      vertex 26.055293 82.725909 5.957255
      vertex 25.890565 82.772895 6.393702
    endloop
  endfacet
  facet normal 0.930106 0.151065 0.334786
    outer loop
      vertex 26.203613 81.812706 5.957255
      vertex 25.890565 82.772895 6.393702
      vertex 26.050233 81.789824 6.393702
    endloop
  endfacet
  facet normal -0.932466 -0.212727 -0.291984
    outer loop
      vertex 25.062882 81.642532 6.267702
      vertex 25.387962 80.217576 6.267702
      vertex 25.250229 80.125074 6.774951
    endloop
  endfacet
  facet normal -0.932466 -0.212727 -0.291984
    outer loop
      vertex 25.062882 81.642532 6.267702
      vertex 25.250229 80.125074 6.774951
      vertex 24.909274 81.619616 6.774951
    endloop
  endfacet
  facet normal 0.918981 0.209650 0.333948
    outer loop
      vertex 26.410800 80.904519 5.957255
      vertex 26.203613 81.812706 5.957255
      vertex 26.050233 81.789824 6.393702
    endloop
  endfacet
  facet normal 0.918981 0.209650 0.333948
    outer loop
      vertex 26.410800 80.904519 5.957255
      vertex 26.050233 81.789824 6.393702
      vertex 26.273272 80.812154 6.393702
    endloop
  endfacet
  facet normal -0.921038 -0.252886 -0.296205
    outer loop
      vertex 25.387962 80.217576 6.267702
      vertex 25.752564 78.889659 6.267702
      vertex 25.632636 78.732309 6.774951
    endloop
  endfacet
  facet normal -0.921038 -0.252886 -0.296205
    outer loop
      vertex 25.387962 80.217576 6.267702
      vertex 25.632636 78.732309 6.774951
      vertex 25.250229 80.125074 6.774951
    endloop
  endfacet
  facet normal 0.907339 0.249125 0.338633
    outer loop
      vertex 26.643177 80.058179 5.957255
      vertex 26.410800 80.904519 5.957255
      vertex 26.273272 80.812154 6.393702
    endloop
  endfacet
  facet normal 0.907339 0.249125 0.338633
    outer loop
      vertex 26.643177 80.058179 5.957255
      vertex 26.273272 80.812154 6.393702
      vertex 26.523427 79.901063 6.393702
    endloop
  endfacet
  facet normal -0.917744 -0.262208 -0.298318
    outer loop
      vertex 25.752564 78.889659 6.267702
      vertex 26.104073 77.659354 6.267702
      vertex 26.001311 77.441923 6.774951
    endloop
  endfacet
  facet normal -0.917744 -0.262208 -0.298318
    outer loop
      vertex 25.752564 78.889659 6.267702
      vertex 26.001311 77.441923 6.774951
      vertex 25.632636 78.732309 6.774951
    endloop
  endfacet
  facet normal 0.903903 0.258253 0.340976
    outer loop
      vertex 26.867209 79.274052 5.957255
      vertex 26.643177 80.058179 5.957255
      vertex 26.523427 79.901063 6.393702
    endloop
  endfacet
  facet normal 0.903903 0.258253 0.340976
    outer loop
      vertex 26.867209 79.274052 5.957255
      vertex 26.523427 79.901063 6.393702
      vertex 26.764600 79.056944 6.393702
    endloop
  endfacet
  facet normal 0.218688 -0.912134 -0.346681
    outer loop
      vertex 26.104073 77.659354 6.267702
      vertex 27.138507 77.907364 6.267702
      vertex 27.086261 77.702044 6.774951
    endloop
  endfacet
  facet normal 0.218688 -0.912134 -0.346681
    outer loop
      vertex 26.104073 77.659354 6.267702
      vertex 27.086261 77.702044 6.774951
      vertex 26.001311 77.441923 6.774951
    endloop
  endfacet
  facet normal -0.214268 0.893701 0.394193
    outer loop
      vertex 27.526500 79.432120 5.957255
      vertex 26.867209 79.274052 5.957255
      vertex 26.764600 79.056944 6.393702
    endloop
  endfacet
  facet normal -0.214268 0.893701 0.394193
    outer loop
      vertex 27.526500 79.432120 5.957255
      vertex 26.764600 79.056944 6.393702
      vertex 27.474331 79.227105 6.393702
    endloop
  endfacet
  facet normal 0.235096 -0.909145 -0.343781
    outer loop
      vertex 27.138507 77.907364 6.267702
      vertex 28.220305 78.187107 6.267702
      vertex 28.220887 77.995448 6.774951
    endloop
  endfacet
  facet normal 0.235096 -0.909145 -0.343781
    outer loop
      vertex 27.138507 77.907364 6.267702
      vertex 28.220887 77.995448 6.774951
      vertex 27.086261 77.702044 6.774951
    endloop
  endfacet
  facet normal -0.230422 0.891069 0.391026
    outer loop
      vertex 28.215976 79.610412 5.957255
      vertex 27.526500 79.432120 5.957255
      vertex 27.474331 79.227105 6.393702
    endloop
  endfacet
  facet normal -0.230422 0.891069 0.391026
    outer loop
      vertex 28.215976 79.610412 5.957255
      vertex 27.474331 79.227105 6.393702
      vertex 28.216558 79.419038 6.393702
    endloop
  endfacet
  facet normal 0.266956 -0.901403 -0.340892
    outer loop
      vertex 28.220305 78.187107 6.267702
      vertex 29.329133 78.515493 6.267702
      vertex 29.383865 78.339871 6.774951
    endloop
  endfacet
  facet normal 0.266956 -0.901403 -0.340892
    outer loop
      vertex 28.220305 78.187107 6.267702
      vertex 29.383865 78.339871 6.774951
      vertex 28.220887 77.995448 6.774951
    endloop
  endfacet
  facet normal -0.261734 0.883772 0.387868
    outer loop
      vertex 28.922681 79.819707 5.957255
      vertex 28.215976 79.610412 5.957255
      vertex 28.216558 79.419038 6.393702
    endloop
  endfacet
  facet normal -0.261734 0.883772 0.387868
    outer loop
      vertex 28.922681 79.819707 5.957255
      vertex 28.216558 79.419038 6.393702
      vertex 28.977332 79.644345 6.393702
    endloop
  endfacet
  facet normal 0.306469 -0.888786 -0.340788
    outer loop
      vertex 29.329133 78.515493 6.267702
      vertex 30.424017 78.893028 6.267702
      vertex 30.532217 78.735842 6.774951
    endloop
  endfacet
  facet normal 0.306469 -0.888786 -0.340788
    outer loop
      vertex 29.329133 78.515493 6.267702
      vertex 30.532217 78.735842 6.774951
      vertex 29.383865 78.339871 6.774951
    endloop
  endfacet
  facet normal -0.300478 0.871413 0.387753
    outer loop
      vertex 29.620499 80.060327 5.957255
      vertex 28.922681 79.819707 5.957255
      vertex 28.977332 79.644345 6.393702
    endloop
  endfacet
  facet normal -0.300478 0.871413 0.387753
    outer loop
      vertex 29.620499 80.060327 5.957255
      vertex 28.977332 79.644345 6.393702
      vertex 29.728538 79.903374 6.393702
    endloop
  endfacet
  facet normal 0.337976 -0.876190 -0.343605
    outer loop
      vertex 30.424017 78.893028 6.267702
      vertex 31.470204 79.296577 6.267702
      vertex 31.629493 79.159099 6.774951
    endloop
  endfacet
  facet normal 0.337976 -0.876190 -0.343605
    outer loop
      vertex 30.424017 78.893028 6.267702
      vertex 31.629493 79.159099 6.774951
      vertex 30.532217 78.735842 6.774951
    endloop
  endfacet
  facet normal -0.331263 0.858787 0.390833
    outer loop
      vertex 30.287279 80.317526 5.957255
      vertex 29.620499 80.060327 5.957255
      vertex 29.728538 79.903374 6.393702
    endloop
  endfacet
  facet normal -0.331263 0.858787 0.390833
    outer loop
      vertex 30.287279 80.317526 5.957255
      vertex 29.728538 79.903374 6.393702
      vertex 30.446333 80.180252 6.393702
    endloop
  endfacet
  facet normal 0.354178 -0.868567 -0.346627
    outer loop
      vertex 31.470204 79.296577 6.267702
      vertex 32.459159 79.699846 6.267702
      vertex 32.666744 79.582061 6.774951
    endloop
  endfacet
  facet normal 0.354178 -0.868567 -0.346627
    outer loop
      vertex 31.470204 79.296577 6.267702
      vertex 32.666744 79.582061 6.774951
      vertex 31.629493 79.159099 6.774951
    endloop
  endfacet
  facet normal -0.347022 0.851020 0.394133
    outer loop
      vertex 30.917584 80.574547 5.957255
      vertex 30.287279 80.317526 5.957255
      vertex 30.446333 80.180252 6.393702
    endloop
  endfacet
  facet normal -0.347022 0.851020 0.394133
    outer loop
      vertex 30.917584 80.574547 5.957255
      vertex 30.446333 80.180252 6.393702
      vertex 31.124861 80.456937 6.393702
    endloop
  endfacet
  facet normal 0.358629 -0.866226 -0.347905
    outer loop
      vertex 32.459159 79.699846 6.267702
      vertex 33.398751 80.088849 6.267702
      vertex 33.652220 79.990061 6.774951
    endloop
  endfacet
  facet normal 0.358629 -0.866226 -0.347905
    outer loop
      vertex 32.459159 79.699846 6.267702
      vertex 33.652220 79.990061 6.774951
      vertex 32.666744 79.582061 6.774951
    endloop
  endfacet
  facet normal -0.351332 0.848601 0.395528
    outer loop
      vertex 31.516427 80.822476 5.957255
      vertex 30.917584 80.574547 5.957255
      vertex 31.124861 80.456937 6.393702
    endloop
  endfacet
  facet normal -0.351332 0.848601 0.395528
    outer loop
      vertex 31.516427 80.822476 5.957255
      vertex 31.124861 80.456937 6.393702
      vertex 31.769520 80.723834 6.393702
    endloop
  endfacet
  facet normal 0.357042 -0.867129 -0.347287
    outer loop
      vertex 33.398751 80.088849 6.267702
      vertex 34.299688 80.459811 6.267702
      vertex 34.597154 80.379139 6.774951
    endloop
  endfacet
  facet normal 0.357042 -0.867129 -0.347287
    outer loop
      vertex 33.398751 80.088849 6.267702
      vertex 34.597154 80.379139 6.774951
      vertex 33.652220 79.990061 6.774951
    endloop
  endfacet
  facet normal -0.349802 0.849546 0.394855
    outer loop
      vertex 32.090633 81.058906 5.957255
      vertex 31.516427 80.822476 5.957255
      vertex 31.769520 80.723834 6.393702
    endloop
  endfacet
  facet normal -0.349802 0.849546 0.394855
    outer loop
      vertex 32.090633 81.058906 5.957255
      vertex 31.769520 80.723834 6.393702
      vertex 32.387658 80.978353 6.393702
    endloop
  endfacet
  facet normal 0.612209 0.711562 -0.344789
    outer loop
      vertex 34.597154 80.379139 6.774951
      vertex 33.465218 81.353026 6.774951
      vertex 33.810401 81.303204 7.285040
    endloop
  endfacet
  facet normal 0.612209 0.711562 -0.344789
    outer loop
      vertex 34.597154 80.379139 6.774951
      vertex 33.810401 81.303204 7.285040
      vertex 35.016664 80.265368 7.285040
    endloop
  endfacet
  facet normal -0.599324 -0.696586 0.394435
    outer loop
      vertex 31.647190 81.615432 6.393702
      vertex 32.387658 80.978353 6.393702
      vertex 32.807924 80.864377 6.830990
    endloop
  endfacet
  facet normal -0.599324 -0.696586 0.394435
    outer loop
      vertex 31.647190 81.615432 6.393702
      vertex 32.807924 80.864377 6.830990
      vertex 31.992996 81.565520 6.830990
    endloop
  endfacet
  facet normal 0.619304 0.702593 -0.350466
    outer loop
      vertex 33.465218 81.353026 6.774951
      vertex 32.266975 82.409223 6.774951
      vertex 32.533477 82.428755 7.285040
    endloop
  endfacet
  facet normal 0.619304 0.702593 -0.350466
    outer loop
      vertex 33.465218 81.353026 6.774951
      vertex 32.533477 82.428755 7.285040
      vertex 33.810401 81.303204 7.285040
    endloop
  endfacet
  facet normal -0.605850 -0.687330 0.400652
    outer loop
      vertex 30.863348 82.306354 6.393702
      vertex 31.647190 81.615432 6.393702
      vertex 31.992996 81.565520 6.830990
    endloop
  endfacet
  facet normal -0.605850 -0.687330 0.400652
    outer loop
      vertex 30.863348 82.306354 6.393702
      vertex 31.992996 81.565520 6.830990
      vertex 31.130331 82.325920 6.830990
    endloop
  endfacet
  facet normal 0.618390 0.703615 -0.350027
    outer loop
      vertex 32.266975 82.409223 6.774951
      vertex 30.944438 83.571568 6.774951
      vertex 31.124098 83.667423 7.285040
    endloop
  endfacet
  facet normal 0.618390 0.703615 -0.350027
    outer loop
      vertex 32.266975 82.409223 6.774951
      vertex 31.124098 83.667423 7.285040
      vertex 32.533477 82.428755 7.285040
    endloop
  endfacet
  facet normal -0.604989 -0.688367 0.400173
    outer loop
      vertex 29.998197 83.066713 6.393702
      vertex 30.863348 82.306354 6.393702
      vertex 31.130331 82.325920 6.830990
    endloop
  endfacet
  facet normal -0.604989 -0.688367 0.400173
    outer loop
      vertex 29.998197 83.066713 6.393702
      vertex 31.130331 82.325920 6.830990
      vertex 30.178181 83.162741 6.830990
    endloop
  endfacet
  facet normal 0.578446 0.740181 -0.342830
    outer loop
      vertex 30.944438 83.571568 6.774951
      vertex 29.434037 84.751937 6.774951
      vertex 29.514518 84.925299 7.285040
    endloop
  endfacet
  facet normal 0.578446 0.740181 -0.342830
    outer loop
      vertex 30.944438 83.571568 6.774951
      vertex 29.514518 84.925299 7.285040
      vertex 31.124098 83.667423 7.285040
    endloop
  endfacet
  facet normal -0.566405 -0.724773 0.392287
    outer loop
      vertex 29.010152 83.838864 6.393702
      vertex 29.998197 83.066713 6.393702
      vertex 30.178181 83.162741 6.830990
    endloop
  endfacet
  facet normal -0.566405 -0.724773 0.392287
    outer loop
      vertex 29.010152 83.838864 6.393702
      vertex 30.178181 83.162741 6.830990
      vertex 29.090779 84.012539 6.830990
    endloop
  endfacet
  facet normal 0.517079 0.782248 -0.347445
    outer loop
      vertex 29.434037 84.751937 6.774951
      vertex 27.903200 85.763844 6.774951
      vertex 27.883161 86.003652 7.285040
    endloop
  endfacet
  facet normal 0.517079 0.782248 -0.347445
    outer loop
      vertex 29.434037 84.751937 6.774951
      vertex 27.883161 86.003652 7.285040
      vertex 29.514518 84.925299 7.285040
    endloop
  endfacet
  facet normal -0.506033 -0.765537 0.397345
    outer loop
      vertex 28.008740 84.500813 6.393702
      vertex 29.010152 83.838864 6.393702
      vertex 29.090779 84.012539 6.830990
    endloop
  endfacet
  facet normal -0.506033 -0.765537 0.397345
    outer loop
      vertex 28.008740 84.500813 6.393702
      vertex 29.090779 84.012539 6.830990
      vertex 27.988665 84.741054 6.830990
    endloop
  endfacet
  facet normal 0.502066 0.790079 -0.351716
    outer loop
      vertex 27.903200 85.763844 6.774951
      vertex 26.508246 86.650286 6.774951
      vertex 26.396610 86.948301 7.285040
    endloop
  endfacet
  facet normal 0.502066 0.790079 -0.351716
    outer loop
      vertex 27.903200 85.763844 6.774951
      vertex 26.396610 86.948301 7.285040
      vertex 27.883161 86.003652 7.285040
    endloop
  endfacet
  facet normal -0.491084 -0.772798 0.402020
    outer loop
      vertex 27.096216 85.080688 6.393702
      vertex 28.008740 84.500813 6.393702
      vertex 27.988665 84.741054 6.830990
    endloop
  endfacet
  facet normal -0.491084 -0.772798 0.402020
    outer loop
      vertex 27.096216 85.080688 6.393702
      vertex 27.988665 84.741054 6.830990
      vertex 26.984379 85.379240 6.830990
    endloop
  endfacet
  facet normal 0.510804 0.786294 -0.347592
    outer loop
      vertex 26.508246 86.650286 6.774951
      vertex 25.226753 87.482789 6.774951
      vertex 25.030970 87.835468 7.285040
    endloop
  endfacet
  facet normal 0.510804 0.786294 -0.347592
    outer loop
      vertex 26.508246 86.650286 6.774951
      vertex 25.030970 87.835468 7.285040
      vertex 26.396610 86.948301 7.285040
    endloop
  endfacet
  facet normal -0.499883 -0.769483 0.397507
    outer loop
      vertex 26.257915 85.625278 6.393702
      vertex 27.096216 85.080688 6.393702
      vertex 26.984379 85.379240 6.830990
    endloop
  endfacet
  facet normal -0.499883 -0.769483 0.397507
    outer loop
      vertex 26.257915 85.625278 6.393702
      vertex 26.984379 85.379240 6.830990
      vertex 26.061779 85.978594 6.830990
    endloop
  endfacet
  facet normal 0.521449 0.782295 -0.340742
    outer loop
      vertex 25.226753 87.482789 6.774951
      vertex 24.021839 88.285939 6.774951
      vertex 23.746937 88.691356 7.285040
    endloop
  endfacet
  facet normal 0.521449 0.782295 -0.340742
    outer loop
      vertex 25.226753 87.482789 6.774951
      vertex 23.746937 88.691356 7.285040
      vertex 25.030970 87.835468 7.285040
    endloop
  endfacet
  facet normal -0.510722 -0.766203 0.389995
    outer loop
      vertex 25.469708 86.150667 6.393702
      vertex 26.257915 85.625278 6.393702
      vertex 26.061779 85.978594 6.830990
    endloop
  endfacet
  facet normal -0.510722 -0.766203 0.389995
    outer loop
      vertex 25.469708 86.150667 6.393702
      vertex 26.061779 85.978594 6.830990
      vertex 25.194310 86.556816 6.830990
    endloop
  endfacet
  facet normal -0.910791 -0.120887 -0.394772
    outer loop
      vertex 24.021839 88.285939 6.774951
      vertex 24.179572 87.097547 6.774951
      vertex 23.915026 87.424930 7.285040
    endloop
  endfacet
  facet normal -0.910791 -0.120887 -0.394772
    outer loop
      vertex 24.021839 88.285939 6.774951
      vertex 23.915026 87.424930 7.285040
      vertex 23.746937 88.691356 7.285040
    endloop
  endfacet
  facet normal 0.885903 0.117584 0.448719
    outer loop
      vertex 25.572891 85.373268 6.393702
      vertex 25.469708 86.150667 6.393702
      vertex 25.194310 86.556816 6.830990
    endloop
  endfacet
  facet normal 0.885903 0.117584 0.448719
    outer loop
      vertex 25.572891 85.373268 6.393702
      vertex 25.194310 86.556816 6.830990
      vertex 25.307868 85.701242 6.830990
    endloop
  endfacet
  facet normal -0.909808 -0.112926 -0.399372
    outer loop
      vertex 24.179572 87.097547 6.774951
      vertex 24.333860 85.854489 6.774951
      vertex 24.079446 86.100249 7.285040
    endloop
  endfacet
  facet normal -0.909808 -0.112926 -0.399372
    outer loop
      vertex 24.179572 87.097547 6.774951
      vertex 24.079446 86.100249 7.285040
      vertex 23.915026 87.424930 7.285040
    endloop
  endfacet
  facet normal 0.884388 0.109771 0.453661
    outer loop
      vertex 25.673820 84.560109 6.393702
      vertex 25.572891 85.373268 6.393702
      vertex 25.307868 85.701242 6.830990
    endloop
  endfacet
  facet normal 0.884388 0.109771 0.453661
    outer loop
      vertex 25.673820 84.560109 6.393702
      vertex 25.307868 85.701242 6.830990
      vertex 25.418947 84.806312 6.830990
    endloop
  endfacet
  facet normal -0.909384 -0.107263 -0.401889
    outer loop
      vertex 24.333860 85.854489 6.774951
      vertex 24.489253 84.537052 6.774951
      vertex 24.245043 84.696304 7.285040
    endloop
  endfacet
  facet normal -0.909384 -0.107263 -0.401889
    outer loop
      vertex 24.333860 85.854489 6.774951
      vertex 24.245043 84.696304 7.285040
      vertex 24.079446 86.100249 7.285040
    endloop
  endfacet
  facet normal 0.883669 0.104229 0.456362
    outer loop
      vertex 25.775472 83.698294 6.393702
      vertex 25.673820 84.560109 6.393702
      vertex 25.418947 84.806312 6.830990
    endloop
  endfacet
  facet normal 0.883669 0.104229 0.456362
    outer loop
      vertex 25.775472 83.698294 6.393702
      vertex 25.418947 84.806312 6.830990
      vertex 25.530821 83.857834 6.830990
    endloop
  endfacet
  facet normal -0.909464 -0.113112 -0.400101
    outer loop
      vertex 24.489253 84.537052 6.774951
      vertex 24.665194 83.122414 6.774951
      vertex 24.432536 83.188776 7.285040
    endloop
  endfacet
  facet normal -0.909464 -0.113112 -0.400101
    outer loop
      vertex 24.489253 84.537052 6.774951
      vertex 24.432536 83.188776 7.285040
      vertex 24.245043 84.696304 7.285040
    endloop
  endfacet
  facet normal 0.883965 0.109940 0.454444
    outer loop
      vertex 25.890565 82.772895 6.393702
      vertex 25.775472 83.698294 6.393702
      vertex 25.530821 83.857834 6.830990
    endloop
  endfacet
  facet normal 0.883965 0.109940 0.454444
    outer loop
      vertex 25.890565 82.772895 6.393702
      vertex 25.530821 83.857834 6.830990
      vertex 25.657488 82.839377 6.830990
    endloop
  endfacet
  facet normal -0.906999 -0.147312 -0.394528
    outer loop
      vertex 24.665194 83.122414 6.774951
      vertex 24.909274 81.619616 6.774951
      vertex 24.692644 81.587300 7.285040
    endloop
  endfacet
  facet normal -0.906999 -0.147312 -0.394528
    outer loop
      vertex 24.665194 83.122414 6.774951
      vertex 24.692644 81.587300 7.285040
      vertex 24.432536 83.188776 7.285040
    endloop
  endfacet
  facet normal 0.882244 0.143292 0.448456
    outer loop
      vertex 26.050233 81.789824 6.393702
      vertex 25.890565 82.772895 6.393702
      vertex 25.657488 82.839377 6.830990
    endloop
  endfacet
  facet normal 0.882244 0.143292 0.448456
    outer loop
      vertex 26.050233 81.789824 6.393702
      vertex 25.657488 82.839377 6.830990
      vertex 25.833212 81.757449 6.830990
    endloop
  endfacet
  facet normal -0.896260 -0.204467 -0.393588
    outer loop
      vertex 24.909274 81.619616 6.774951
      vertex 25.250229 80.125074 6.774951
      vertex 25.055987 79.994620 7.285040
    endloop
  endfacet
  facet normal -0.896260 -0.204467 -0.393588
    outer loop
      vertex 24.909274 81.619616 6.774951
      vertex 25.055987 79.994620 7.285040
      vertex 24.692644 81.587300 7.285040
    endloop
  endfacet
  facet normal 0.871910 0.198912 0.447445
    outer loop
      vertex 26.273272 80.812154 6.393702
      vertex 26.050233 81.789824 6.393702
      vertex 25.833212 81.757449 6.830990
    endloop
  endfacet
  facet normal 0.871910 0.198912 0.447445
    outer loop
      vertex 26.273272 80.812154 6.393702
      vertex 25.833212 81.757449 6.830990
      vertex 26.078680 80.681465 6.830990
    endloop
  endfacet
  facet normal -0.884296 -0.242798 -0.398835
    outer loop
      vertex 25.250229 80.125074 6.774951
      vertex 25.632636 78.732309 6.774951
      vertex 25.463504 78.510401 7.285040
    endloop
  endfacet
  facet normal -0.884296 -0.242798 -0.398835
    outer loop
      vertex 25.250229 80.125074 6.774951
      vertex 25.463504 78.510401 7.285040
      vertex 25.055987 79.994620 7.285040
    endloop
  endfacet
  facet normal 0.859653 0.236032 0.453085
    outer loop
      vertex 26.523427 79.901063 6.393702
      vertex 26.273272 80.812154 6.393702
      vertex 26.078680 80.681465 6.830990
    endloop
  endfacet
  facet normal 0.859653 0.236032 0.453085
    outer loop
      vertex 26.523427 79.901063 6.393702
      vertex 26.078680 80.681465 6.830990
      vertex 26.353991 79.678755 6.830990
    endloop
  endfacet
  facet normal -0.880641 -0.251607 -0.401455
    outer loop
      vertex 25.632636 78.732309 6.774951
      vertex 26.001311 77.441923 6.774951
      vertex 25.856387 77.135284 7.285040
    endloop
  endfacet
  facet normal -0.880641 -0.251607 -0.401455
    outer loop
      vertex 25.632636 78.732309 6.774951
      vertex 25.856387 77.135284 7.285040
      vertex 25.463504 78.510401 7.285040
    endloop
  endfacet
  facet normal 0.855789 0.244507 0.455896
    outer loop
      vertex 26.764600 79.056944 6.393702
      vertex 26.523427 79.901063 6.393702
      vertex 26.353991 79.678755 6.830990
    endloop
  endfacet
  facet normal 0.855789 0.244507 0.455896
    outer loop
      vertex 26.764600 79.056944 6.393702
      vertex 26.353991 79.678755 6.830990
      vertex 26.619415 78.749752 6.830990
    endloop
  endfacet
  facet normal 0.206992 -0.863352 -0.460193
    outer loop
      vertex 26.001311 77.441923 6.774951
      vertex 27.086261 77.702044 6.774951
      vertex 27.012579 77.412486 7.285040
    endloop
  endfacet
  facet normal 0.206992 -0.863352 -0.460193
    outer loop
      vertex 26.001311 77.441923 6.774951
      vertex 27.012579 77.412486 7.285040
      vertex 25.856387 77.135284 7.285040
    endloop
  endfacet
  facet normal -0.199416 0.831753 0.518093
    outer loop
      vertex 27.474331 79.227105 6.393702
      vertex 26.764600 79.056944 6.393702
      vertex 26.619415 78.749752 6.830990
    endloop
  endfacet
  facet normal -0.199416 0.831753 0.518093
    outer loop
      vertex 27.474331 79.227105 6.393702
      vertex 26.619415 78.749752 6.830990
      vertex 27.400516 78.937024 6.830990
    endloop
  endfacet
  facet normal 0.222716 -0.861270 -0.456740
    outer loop
      vertex 27.086261 77.702044 6.774951
      vertex 28.220887 77.995448 6.774951
      vertex 28.221709 77.725155 7.285040
    endloop
  endfacet
  facet normal 0.222716 -0.861270 -0.456740
    outer loop
      vertex 27.086261 77.702044 6.774951
      vertex 28.221709 77.725155 7.285040
      vertex 27.012579 77.412486 7.285040
    endloop
  endfacet
  facet normal -0.214680 0.830194 0.514481
    outer loop
      vertex 28.216558 79.419038 6.393702
      vertex 27.474331 79.227105 6.393702
      vertex 27.400516 78.937024 6.830990
    endloop
  endfacet
  facet normal -0.214680 0.830194 0.514481
    outer loop
      vertex 28.216558 79.419038 6.393702
      vertex 27.400516 78.937024 6.830990
      vertex 28.217382 79.148258 6.830990
    endloop
  endfacet
  facet normal 0.253115 -0.854669 -0.453291
    outer loop
      vertex 28.220887 77.995448 6.774951
      vertex 29.383865 78.339871 6.774951
      vertex 29.461052 78.092194 7.285040
    endloop
  endfacet
  facet normal 0.253115 -0.854669 -0.453291
    outer loop
      vertex 28.220887 77.995448 6.774951
      vertex 29.461052 78.092194 7.285040
      vertex 28.221709 77.725155 7.285040
    endloop
  endfacet
  facet normal -0.244113 0.824271 0.510869
    outer loop
      vertex 28.977332 79.644345 6.393702
      vertex 28.216558 79.419038 6.393702
      vertex 28.217382 79.148258 6.830990
    endloop
  endfacet
  facet normal -0.244113 0.824271 0.510869
    outer loop
      vertex 28.977332 79.644345 6.393702
      vertex 28.217382 79.148258 6.830990
      vertex 29.054658 79.396222 6.830990
    endloop
  endfacet
  facet normal 0.290589 -0.842733 -0.453166
    outer loop
      vertex 29.383865 78.339871 6.774951
      vertex 30.532217 78.735842 6.774951
      vertex 30.684809 78.514167 7.285040
    endloop
  endfacet
  facet normal 0.290589 -0.842733 -0.453166
    outer loop
      vertex 29.383865 78.339871 6.774951
      vertex 30.684809 78.514167 7.285040
      vertex 29.461052 78.092194 7.285040
    endloop
  endfacet
  facet normal -0.280259 0.812774 0.510738
    outer loop
      vertex 29.728538 79.903374 6.393702
      vertex 28.977332 79.644345 6.393702
      vertex 29.054658 79.396222 6.830990
    endloop
  endfacet
  facet normal -0.280259 0.812774 0.510738
    outer loop
      vertex 29.728538 79.903374 6.393702
      vertex 29.054658 79.396222 6.830990
      vertex 29.881405 79.681299 6.830990
    endloop
  endfacet
  facet normal 0.320195 -0.830094 -0.456530
    outer loop
      vertex 30.532217 78.735842 6.774951
      vertex 31.629493 79.159099 6.774951
      vertex 31.854137 78.965215 7.285040
    endloop
  endfacet
  facet normal 0.320195 -0.830094 -0.456530
    outer loop
      vertex 30.532217 78.735842 6.774951
      vertex 31.854137 78.965215 7.285040
      vertex 30.684809 78.514167 7.285040
    endloop
  endfacet
  facet normal -0.308652 0.800168 0.514261
    outer loop
      vertex 30.446333 80.180252 6.393702
      vertex 29.728538 79.903374 6.393702
      vertex 29.881405 79.681299 6.830990
    endloop
  endfacet
  facet normal -0.308652 0.800168 0.514261
    outer loop
      vertex 30.446333 80.180252 6.393702
      vertex 29.881405 79.681299 6.830990
      vertex 30.671381 79.986019 6.830990
    endloop
  endfacet
  facet normal 0.335241 -0.822128 -0.460129
    outer loop
      vertex 31.629493 79.159099 6.774951
      vertex 32.666744 79.582061 6.774951
      vertex 32.959497 79.415951 7.285040
    endloop
  endfacet
  facet normal 0.335241 -0.822128 -0.460129
    outer loop
      vertex 31.629493 79.159099 6.774951
      vertex 32.959497 79.415951 7.285040
      vertex 31.854137 78.965215 7.285040
    endloop
  endfacet
  facet normal -0.322975 0.792046 0.518025
    outer loop
      vertex 31.124861 80.456937 6.393702
      vertex 30.446333 80.180252 6.393702
      vertex 30.671381 79.986019 6.830990
    endloop
  endfacet
  facet normal -0.322975 0.792046 0.518025
    outer loop
      vertex 31.124861 80.456937 6.393702
      vertex 30.671381 79.986019 6.830990
      vertex 31.418141 80.290527 6.830990
    endloop
  endfacet
  facet normal 0.339324 -0.819598 -0.461648
    outer loop
      vertex 32.666744 79.582061 6.774951
      vertex 33.652220 79.990061 6.774951
      vertex 34.009683 79.850741 7.285040
    endloop
  endfacet
  facet normal 0.339324 -0.819598 -0.461648
    outer loop
      vertex 32.666744 79.582061 6.774951
      vertex 34.009683 79.850741 7.285040
      vertex 32.959497 79.415951 7.285040
    endloop
  endfacet
  facet normal -0.326831 0.789421 0.519612
    outer loop
      vertex 31.769520 80.723834 6.393702
      vertex 31.124861 80.456937 6.393702
      vertex 31.418141 80.290527 6.830990
    endloop
  endfacet
  facet normal -0.326831 0.789421 0.519612
    outer loop
      vertex 31.769520 80.723834 6.393702
      vertex 31.418141 80.290527 6.830990
      vertex 32.127627 80.584264 6.830990
    endloop
  endfacet
  facet normal 0.337885 -0.820604 -0.460914
    outer loop
      vertex 33.652220 79.990061 6.774951
      vertex 34.597154 80.379139 6.774951
      vertex 35.016664 80.265368 7.285040
    endloop
  endfacet
  facet normal 0.337885 -0.820604 -0.460914
    outer loop
      vertex 33.652220 79.990061 6.774951
      vertex 35.016664 80.265368 7.285040
      vertex 34.009683 79.850741 7.285040
    endloop
  endfacet
  facet normal -0.325482 0.790481 0.518846
    outer loop
      vertex 32.387658 80.978353 6.393702
      vertex 31.769520 80.723834 6.393702
      vertex 32.127627 80.584264 6.830990
    endloop
  endfacet
  facet normal -0.325482 0.790481 0.518846
    outer loop
      vertex 32.387658 80.978353 6.393702
      vertex 32.127627 80.584264 6.830990
      vertex 32.807924 80.864377 6.830990
    endloop
  endfacet
  facet normal 0.587604 0.682964 -0.433913
    outer loop
      vertex 35.016664 80.265368 7.285040
      vertex 33.810401 81.303204 7.285040
      vertex 34.263561 81.237797 7.795760
    endloop
  endfacet
  facet normal 0.587604 0.682964 -0.433913
    outer loop
      vertex 35.016664 80.265368 7.285040
      vertex 34.263561 81.237797 7.795760
      vertex 35.567401 80.116008 7.795760
    endloop
  endfacet
  facet normal -0.568605 -0.660882 0.489820
    outer loop
      vertex 31.992996 81.565520 6.830990
      vertex 32.807924 80.864377 6.830990
      vertex 33.358254 80.715128 7.268465
    endloop
  endfacet
  facet normal -0.568605 -0.660882 0.489820
    outer loop
      vertex 31.992996 81.565520 6.830990
      vertex 33.358254 80.715128 7.268465
      vertex 32.445821 81.500161 7.268465
    endloop
  endfacet
  facet normal 0.593638 0.673476 -0.440482
    outer loop
      vertex 33.810401 81.303204 7.285040
      vertex 32.533477 82.428755 7.285040
      vertex 32.883344 82.454396 7.795760
    endloop
  endfacet
  facet normal 0.593638 0.673476 -0.440482
    outer loop
      vertex 33.810401 81.303204 7.285040
      vertex 32.883344 82.454396 7.795760
      vertex 34.263561 81.237797 7.795760
    endloop
  endfacet
  facet normal -0.573887 -0.651068 0.496754
    outer loop
      vertex 31.130331 82.325920 6.830990
      vertex 31.992996 81.565520 6.830990
      vertex 32.445821 81.500161 7.268465
    endloop
  endfacet
  facet normal -0.573887 -0.651068 0.496754
    outer loop
      vertex 31.130331 82.325920 6.830990
      vertex 32.445821 81.500161 7.268465
      vertex 31.479939 82.351543 7.268465
    endloop
  endfacet
  facet normal 0.592823 0.674524 -0.439976
    outer loop
      vertex 32.533477 82.428755 7.285040
      vertex 31.124098 83.667423 7.285040
      vertex 31.359958 83.793262 7.795760
    endloop
  endfacet
  facet normal 0.592823 0.674524 -0.439976
    outer loop
      vertex 32.533477 82.428755 7.285040
      vertex 31.359958 83.793262 7.795760
      vertex 32.883344 82.454396 7.795760
    endloop
  endfacet
  facet normal -0.573141 -0.652131 0.496220
    outer loop
      vertex 30.178181 83.162741 6.830990
      vertex 31.130331 82.325920 6.830990
      vertex 31.479939 82.351543 7.268465
    endloop
  endfacet
  facet normal -0.573141 -0.652131 0.496220
    outer loop
      vertex 30.178181 83.162741 6.830990
      vertex 31.479939 82.351543 7.268465
      vertex 30.413866 83.288488 7.268465
    endloop
  endfacet
  facet normal 0.555446 0.710750 -0.431641
    outer loop
      vertex 31.124098 83.667423 7.285040
      vertex 29.514518 84.925299 7.285040
      vertex 29.620175 85.152891 7.795760
    endloop
  endfacet
  facet normal 0.555446 0.710750 -0.431641
    outer loop
      vertex 31.124098 83.667423 7.285040
      vertex 29.620175 85.152891 7.795760
      vertex 31.359958 83.793262 7.795760
    endloop
  endfacet
  facet normal -0.537665 -0.687997 0.487417
    outer loop
      vertex 29.090779 84.012539 6.830990
      vertex 30.178181 83.162741 6.830990
      vertex 30.413866 83.288488 7.268465
    endloop
  endfacet
  facet normal -0.537665 -0.687997 0.487417
    outer loop
      vertex 29.090779 84.012539 6.830990
      vertex 30.413866 83.288488 7.268465
      vertex 29.196358 84.239962 7.268465
    endloop
  endfacet
  facet normal 0.495995 0.750353 -0.436990
    outer loop
      vertex 29.514518 84.925299 7.285040
      vertex 27.883161 86.003652 7.285040
      vertex 27.856854 86.318474 7.795760
    endloop
  endfacet
  facet normal 0.495995 0.750353 -0.436990
    outer loop
      vertex 29.514518 84.925299 7.285040
      vertex 27.856854 86.318474 7.795760
      vertex 29.620175 85.152891 7.795760
    endloop
  endfacet
  facet normal -0.479740 -0.725762 0.493070
    outer loop
      vertex 27.988665 84.741054 6.830990
      vertex 29.090779 84.012539 6.830990
      vertex 29.196358 84.239962 7.268465
    endloop
  endfacet
  facet normal -0.479740 -0.725762 0.493070
    outer loop
      vertex 27.988665 84.741054 6.830990
      vertex 29.196358 84.239962 7.268465
      vertex 27.962378 85.055643 7.268465
    endloop
  endfacet
  facet normal 0.481120 0.757117 -0.441925
    outer loop
      vertex 27.883161 86.003652 7.285040
      vertex 26.396610 86.948301 7.285040
      vertex 26.250053 87.339537 7.795760
    endloop
  endfacet
  facet normal 0.481120 0.757117 -0.441925
    outer loop
      vertex 27.883161 86.003652 7.285040
      vertex 26.250053 87.339537 7.795760
      vertex 27.856854 86.318474 7.795760
    endloop
  endfacet
  facet normal -0.465012 -0.731769 0.498275
    outer loop
      vertex 26.984379 85.379240 6.830990
      vertex 27.988665 84.741054 6.830990
      vertex 27.962378 85.055643 7.268465
    endloop
  endfacet
  facet normal -0.465012 -0.731769 0.498275
    outer loop
      vertex 26.984379 85.379240 6.830990
      vertex 27.962378 85.055643 7.268465
      vertex 26.837930 85.770188 7.268465
    endloop
  endfacet
  facet normal 0.489960 0.754208 -0.437160
    outer loop
      vertex 26.396610 86.948301 7.285040
      vertex 25.030970 87.835468 7.285040
      vertex 24.773943 88.298470 7.795760
    endloop
  endfacet
  facet normal 0.489960 0.754208 -0.437160
    outer loop
      vertex 26.396610 86.948301 7.285040
      vertex 24.773943 88.298470 7.795760
      vertex 26.250053 87.339537 7.795760
    endloop
  endfacet
  facet normal -0.473891 -0.729473 0.493250
    outer loop
      vertex 26.061779 85.978594 6.830990
      vertex 26.984379 85.379240 6.830990
      vertex 26.837930 85.770188 7.268465
    endloop
  endfacet
  facet normal -0.473891 -0.729473 0.493250
    outer loop
      vertex 26.061779 85.978594 6.830990
      vertex 26.837930 85.770188 7.268465
      vertex 25.804942 86.441253 7.268465
    endloop
  endfacet
  facet normal 0.500952 0.751546 -0.429215
    outer loop
      vertex 25.030970 87.835468 7.285040
      vertex 23.746937 88.691356 7.285040
      vertex 23.386042 89.223592 7.795760
    endloop
  endfacet
  facet normal 0.500952 0.751546 -0.429215
    outer loop
      vertex 25.030970 87.835468 7.285040
      vertex 23.386042 89.223592 7.795760
      vertex 24.773943 88.298470 7.795760
    endloop
  endfacet
  facet normal -0.485087 -0.727744 0.484849
    outer loop
      vertex 25.194310 86.556816 6.830990
      vertex 26.061779 85.978594 6.830990
      vertex 25.804942 86.441253 7.268465
    endloop
  endfacet
  facet normal -0.485087 -0.727744 0.484849
    outer loop
      vertex 25.194310 86.556816 6.830990
      vertex 25.804942 86.441253 7.268465
      vertex 24.833682 87.088658 7.268465
    endloop
  endfacet
  facet normal -0.863674 -0.114633 -0.490843
    outer loop
      vertex 23.746937 88.691356 7.285040
      vertex 23.915026 87.424930 7.285040
      vertex 23.567729 87.854722 7.795760
    endloop
  endfacet
  facet normal -0.863674 -0.114633 -0.490843
    outer loop
      vertex 23.746937 88.691356 7.285040
      vertex 23.567729 87.854722 7.795760
      vertex 23.386042 89.223592 7.795760
    endloop
  endfacet
  facet normal 0.828412 0.109953 0.549221
    outer loop
      vertex 25.307868 85.701242 6.830990
      vertex 25.194310 86.556816 6.830990
      vertex 24.833682 87.088658 7.268465
    endloop
  endfacet
  facet normal 0.828412 0.109953 0.549221
    outer loop
      vertex 25.307868 85.701242 6.830990
      vertex 24.833682 87.088658 7.268465
      vertex 24.960828 86.130716 7.268465
    endloop
  endfacet
  facet normal -0.861724 -0.106958 -0.495976
    outer loop
      vertex 23.915026 87.424930 7.285040
      vertex 24.079446 86.100249 7.285040
      vertex 23.745449 86.422885 7.795760
    endloop
  endfacet
  facet normal -0.861724 -0.106958 -0.495976
    outer loop
      vertex 23.915026 87.424930 7.285040
      vertex 23.745449 86.422885 7.795760
      vertex 23.567729 87.854722 7.795760
    endloop
  endfacet
  facet normal 0.825847 0.102504 0.554499
    outer loop
      vertex 25.418947 84.806312 6.830990
      vertex 25.307868 85.701242 6.830990
      vertex 24.960828 86.130716 7.268465
    endloop
  endfacet
  facet normal 0.825847 0.102504 0.554499
    outer loop
      vertex 25.418947 84.806312 6.830990
      vertex 24.960828 86.130716 7.268465
      vertex 25.085197 85.128710 7.268465
    endloop
  endfacet
  facet normal -0.860763 -0.101528 -0.498778
    outer loop
      vertex 24.079446 86.100249 7.285040
      vertex 24.245043 84.696304 7.285040
      vertex 23.924441 84.905372 7.795760
    endloop
  endfacet
  facet normal -0.860763 -0.101528 -0.498778
    outer loop
      vertex 24.079446 86.100249 7.285040
      vertex 23.924441 84.905372 7.795760
      vertex 23.745449 86.422885 7.795760
    endloop
  endfacet
  facet normal 0.824546 0.097256 0.557374
    outer loop
      vertex 25.530821 83.857834 6.830990
      vertex 25.418947 84.806312 6.830990
      vertex 25.085197 85.128710 7.268465
    endloop
  endfacet
  facet normal 0.824546 0.097256 0.557374
    outer loop
      vertex 25.530821 83.857834 6.830990
      vertex 25.085197 85.128710 7.268465
      vertex 25.210456 84.066747 7.268465
    endloop
  endfacet
  facet normal -0.861236 -0.107113 -0.496788
    outer loop
      vertex 24.245043 84.696304 7.285040
      vertex 24.432536 83.188776 7.285040
      vertex 24.127101 83.275897 7.795760
    endloop
  endfacet
  facet normal -0.861236 -0.107113 -0.496788
    outer loop
      vertex 24.245043 84.696304 7.285040
      vertex 24.127101 83.275897 7.795760
      vertex 23.924441 84.905372 7.795760
    endloop
  endfacet
  facet normal 0.825270 0.102640 0.555333
    outer loop
      vertex 25.657488 82.839377 6.830990
      vertex 25.530821 83.857834 6.830990
      vertex 25.210456 84.066747 7.268465
    endloop
  endfacet
  facet normal 0.825270 0.102640 0.555333
    outer loop
      vertex 25.657488 82.839377 6.830990
      vertex 25.210456 84.066747 7.268465
      vertex 25.352279 82.926433 7.268465
    endloop
  endfacet
  facet normal -0.860131 -0.139700 -0.490569
    outer loop
      vertex 24.432536 83.188776 7.285040
      vertex 24.692644 81.587300 7.285040
      vertex 24.408249 81.544874 7.795760
    endloop
  endfacet
  facet normal -0.860131 -0.139700 -0.490569
    outer loop
      vertex 24.432536 83.188776 7.285040
      vertex 24.408249 81.544874 7.795760
      vertex 24.127101 83.275897 7.795760
    endloop
  endfacet
  facet normal 0.825051 0.134002 0.548939
    outer loop
      vertex 25.833212 81.757449 6.830990
      vertex 25.657488 82.839377 6.830990
      vertex 25.352279 82.926433 7.268465
    endloop
  endfacet
  facet normal 0.825051 0.134002 0.548939
    outer loop
      vertex 25.833212 81.757449 6.830990
      vertex 25.352279 82.926433 7.268465
      vertex 25.549028 81.715055 7.268465
    endloop
  endfacet
  facet normal -0.850151 -0.193948 -0.489518
    outer loop
      vertex 24.692644 81.587300 7.285040
      vertex 25.055987 79.994620 7.285040
      vertex 24.800984 79.823359 7.795760
    endloop
  endfacet
  facet normal -0.850151 -0.193948 -0.489518
    outer loop
      vertex 24.692644 81.587300 7.285040
      vertex 24.800984 79.823359 7.795760
      vertex 24.408249 81.544874 7.795760
    endloop
  endfacet
  facet normal 0.815617 0.186069 0.547857
    outer loop
      vertex 26.078680 80.681465 6.830990
      vertex 25.833212 81.757449 6.830990
      vertex 25.549028 81.715055 7.268465
    endloop
  endfacet
  facet normal 0.815617 0.186069 0.547857
    outer loop
      vertex 26.078680 80.681465 6.830990
      vertex 25.549028 81.715055 7.268465
      vertex 25.823865 80.510331 7.268465
    endloop
  endfacet
  facet normal -0.837676 -0.229998 -0.495378
    outer loop
      vertex 25.055987 79.994620 7.285040
      vertex 25.463504 78.510401 7.285040
      vertex 25.241466 78.219078 7.795760
    endloop
  endfacet
  facet normal -0.837676 -0.229998 -0.495378
    outer loop
      vertex 25.055987 79.994620 7.285040
      vertex 25.241466 78.219078 7.795760
      vertex 24.800984 79.823359 7.795760
    endloop
  endfacet
  facet normal 0.802880 0.220444 0.553885
    outer loop
      vertex 26.353991 79.678755 6.830990
      vertex 26.078680 80.681465 6.830990
      vertex 25.823865 80.510331 7.268465
    endloop
  endfacet
  facet normal 0.802880 0.220444 0.553885
    outer loop
      vertex 26.353991 79.678755 6.830990
      vertex 25.823865 80.510331 7.268465
      vertex 26.132117 79.387648 7.268465
    endloop
  endfacet
  facet normal -0.833650 -0.238181 -0.498295
    outer loop
      vertex 25.463504 78.510401 7.285040
      vertex 25.856387 77.135284 7.285040
      vertex 25.666130 76.732725 7.795760
    endloop
  endfacet
  facet normal -0.833650 -0.238181 -0.498295
    outer loop
      vertex 25.463504 78.510401 7.285040
      vertex 25.666130 76.732725 7.795760
      vertex 25.241466 78.219078 7.795760
    endloop
  endfacet
  facet normal 0.798637 0.228178 0.556879
    outer loop
      vertex 26.619415 78.749752 6.830990
      vertex 26.353991 79.678755 6.830990
      vertex 26.132117 79.387648 7.268465
    endloop
  endfacet
  facet normal 0.798637 0.228178 0.556879
    outer loop
      vertex 26.619415 78.749752 6.830990
      vertex 26.132117 79.387648 7.268465
      vertex 26.429299 78.347491 7.268465
    endloop
  endfacet
  facet normal 0.192827 -0.804272 -0.562108
    outer loop
      vertex 25.856387 77.135284 7.285040
      vertex 27.012579 77.412486 7.285040
      vertex 26.915849 77.032350 7.795760
    endloop
  endfacet
  facet normal 0.192827 -0.804272 -0.562108
    outer loop
      vertex 25.856387 77.135284 7.285040
      vertex 26.915849 77.032350 7.795760
      vertex 25.666130 76.732725 7.795760
    endloop
  endfacet
  facet normal -0.182693 0.762001 0.621271
    outer loop
      vertex 27.400516 78.937024 6.830990
      vertex 26.619415 78.749752 6.830990
      vertex 26.429299 78.347491 7.268465
    endloop
  endfacet
  facet normal -0.182693 0.762001 0.621271
    outer loop
      vertex 27.400516 78.937024 6.830990
      vertex 26.429299 78.347491 7.268465
      vertex 27.303858 78.557170 7.268465
    endloop
  endfacet
  facet normal 0.207681 -0.803126 -0.558442
    outer loop
      vertex 27.012579 77.412486 7.285040
      vertex 28.221709 77.725155 7.285040
      vertex 28.222788 77.370313 7.795760
    endloop
  endfacet
  facet normal 0.207681 -0.803126 -0.558442
    outer loop
      vertex 27.012579 77.412486 7.285040
      vertex 28.222788 77.370313 7.795760
      vertex 26.915849 77.032350 7.795760
    endloop
  endfacet
  facet normal -0.196897 0.761423 0.617630
    outer loop
      vertex 28.217382 79.148258 6.830990
      vertex 27.400516 78.937024 6.830990
      vertex 27.303858 78.557170 7.268465
    endloop
  endfacet
  facet normal -0.196897 0.761423 0.617630
    outer loop
      vertex 28.217382 79.148258 6.830990
      vertex 27.303858 78.557170 7.268465
      vertex 28.218460 78.793677 7.268465
    endloop
  endfacet
  facet normal 0.236260 -0.797754 -0.554770
    outer loop
      vertex 28.221709 77.725155 7.285040
      vertex 29.461052 78.092194 7.285040
      vertex 29.562384 77.767042 7.795760
    endloop
  endfacet
  facet normal 0.236260 -0.797754 -0.554770
    outer loop
      vertex 28.221709 77.725155 7.285040
      vertex 29.562384 77.767042 7.795760
      vertex 28.222788 77.370313 7.795760
    endloop
  endfacet
  facet normal -0.224140 0.756832 0.613976
    outer loop
      vertex 29.054658 79.396222 6.830990
      vertex 28.217382 79.148258 6.830990
      vertex 28.218460 78.793677 7.268465
    endloop
  endfacet
  facet normal -0.224140 0.756832 0.613976
    outer loop
      vertex 29.054658 79.396222 6.830990
      vertex 28.218460 78.793677 7.268465
      vertex 29.155915 79.071310 7.268465
    endloop
  endfacet
  facet normal 0.271247 -0.786641 -0.554636
    outer loop
      vertex 29.461052 78.092194 7.285040
      vertex 30.684809 78.514167 7.285040
      vertex 30.885133 78.223148 7.795760
    endloop
  endfacet
  facet normal 0.271247 -0.786641 -0.554636
    outer loop
      vertex 29.461052 78.092194 7.285040
      vertex 30.885133 78.223148 7.795760
      vertex 29.562384 77.767042 7.795760
    endloop
  endfacet
  facet normal -0.257339 0.746306 0.613843
    outer loop
      vertex 29.881405 79.681299 6.830990
      vertex 29.054658 79.396222 6.830990
      vertex 29.155915 79.071310 7.268465
    endloop
  endfacet
  facet normal -0.257339 0.746306 0.613843
    outer loop
      vertex 29.881405 79.681299 6.830990
      vertex 29.155915 79.071310 7.268465
      vertex 30.081582 79.390496 7.268465
    endloop
  endfacet
  facet normal 0.298597 -0.774101 -0.558218
    outer loop
      vertex 30.684809 78.514167 7.285040
      vertex 31.854137 78.965215 7.285040
      vertex 32.149050 78.710684 7.795760
    endloop
  endfacet
  facet normal 0.298597 -0.774101 -0.558218
    outer loop
      vertex 30.684809 78.514167 7.285040
      vertex 32.149050 78.710684 7.795760
      vertex 30.885133 78.223148 7.795760
    endloop
  endfacet
  facet normal -0.283103 0.733934 0.617408
    outer loop
      vertex 30.671381 79.986019 6.830990
      vertex 29.881405 79.681299 6.830990
      vertex 30.081582 79.390496 7.268465
    endloop
  endfacet
  facet normal -0.283103 0.733934 0.617408
    outer loop
      vertex 30.671381 79.986019 6.830990
      vertex 30.081582 79.390496 7.268465
      vertex 30.966077 79.731675 7.268465
    endloop
  endfacet
  facet normal 0.312306 -0.765883 -0.562039
    outer loop
      vertex 31.854137 78.965215 7.285040
      vertex 32.959497 79.415951 7.285040
      vertex 33.343825 79.197880 7.795760
    endloop
  endfacet
  facet normal 0.312306 -0.765883 -0.562039
    outer loop
      vertex 31.854137 78.965215 7.285040
      vertex 33.343825 79.197880 7.795760
      vertex 32.149050 78.710684 7.795760
    endloop
  endfacet
  facet normal -0.295896 0.725639 0.621203
    outer loop
      vertex 31.418141 80.290527 6.830990
      vertex 30.671381 79.986019 6.830990
      vertex 30.966077 79.731675 7.268465
    endloop
  endfacet
  facet normal -0.295896 0.725639 0.621203
    outer loop
      vertex 31.418141 80.290527 6.830990
      vertex 30.966077 79.731675 7.268465
      vertex 31.802186 80.072617 7.268465
    endloop
  endfacet
  facet normal 0.315972 -0.763192 -0.563649
    outer loop
      vertex 32.959497 79.415951 7.285040
      vertex 34.009683 79.850741 7.285040
      vertex 34.478963 79.667842 7.795760
    endloop
  endfacet
  facet normal 0.315972 -0.763192 -0.563649
    outer loop
      vertex 32.959497 79.415951 7.285040
      vertex 34.478963 79.667842 7.795760
      vertex 33.343825 79.197880 7.795760
    endloop
  endfacet
  facet normal -0.299281 0.722878 0.622799
    outer loop
      vertex 32.127627 80.584264 6.830990
      vertex 31.418141 80.290527 6.830990
      vertex 31.802186 80.072617 7.268465
    endloop
  endfacet
  facet normal -0.299281 0.722878 0.622799
    outer loop
      vertex 32.127627 80.584264 6.830990
      vertex 31.802186 80.072617 7.268465
      vertex 32.596560 80.401499 7.268465
    endloop
  endfacet
  facet normal 0.314698 -0.764291 -0.562872
    outer loop
      vertex 34.009683 79.850741 7.285040
      vertex 35.016664 80.265368 7.285040
      vertex 35.567401 80.116008 7.795760
    endloop
  endfacet
  facet normal 0.314698 -0.764291 -0.562872
    outer loop
      vertex 34.009683 79.850741 7.285040
      vertex 35.567401 80.116008 7.795760
      vertex 34.478963 79.667842 7.795760
    endloop
  endfacet
  facet normal -0.298117 0.724021 0.622029
    outer loop
      vertex 32.807924 80.864377 6.830990
      vertex 32.127627 80.584264 6.830990
      vertex 32.596560 80.401499 7.268465
    endloop
  endfacet
  facet normal -0.298117 0.724021 0.622029
    outer loop
      vertex 32.807924 80.864377 6.830990
      vertex 32.596560 80.401499 7.268465
      vertex 33.358254 80.715128 7.268465
    endloop
  endfacet
  facet normal 0.560265 0.651188 -0.511915
    outer loop
      vertex 35.567401 80.116008 7.795760
      vertex 34.263561 81.237797 7.795760
      vertex 34.822539 81.157117 8.304903
    endloop
  endfacet
  facet normal 0.560265 0.651188 -0.511915
    outer loop
      vertex 35.567401 80.116008 7.795760
      vertex 34.822539 81.157117 8.304903
      vertex 36.246741 79.931771 8.304903
    endloop
  endfacet
  facet normal -0.535627 -0.622552 0.570555
    outer loop
      vertex 32.445821 81.500161 7.268465
      vertex 33.358254 80.715128 7.268465
      vertex 34.038034 80.530772 7.705473
    endloop
  endfacet
  facet normal -0.535627 -0.622552 0.570555
    outer loop
      vertex 32.445821 81.500161 7.268465
      vertex 34.038034 80.530772 7.705473
      vertex 33.005161 81.419429 7.705473
    endloop
  endfacet
  facet normal 0.565235 0.641252 -0.518946
    outer loop
      vertex 34.263561 81.237797 7.795760
      vertex 32.883344 82.454396 7.795760
      vertex 33.314909 82.486024 8.304903
    endloop
  endfacet
  facet normal 0.565235 0.641252 -0.518946
    outer loop
      vertex 34.263561 81.237797 7.795760
      vertex 33.314909 82.486024 8.304903
      vertex 34.822539 81.157117 8.304903
    endloop
  endfacet
  facet normal -0.539737 -0.612325 0.577705
    outer loop
      vertex 31.479939 82.351543 7.268465
      vertex 32.445821 81.500161 7.268465
      vertex 33.005161 81.419429 7.705473
    endloop
  endfacet
  facet normal -0.539737 -0.612325 0.577705
    outer loop
      vertex 31.479939 82.351543 7.268465
      vertex 33.005161 81.419429 7.705473
      vertex 31.911783 82.383192 7.705473
    endloop
  endfacet
  facet normal 0.564519 0.642320 -0.518405
    outer loop
      vertex 32.883344 82.454396 7.795760
      vertex 31.359958 83.793262 7.795760
      vertex 31.650893 83.948487 8.304903
    endloop
  endfacet
  facet normal 0.564519 0.642320 -0.518405
    outer loop
      vertex 32.883344 82.454396 7.795760
      vertex 31.650893 83.948487 8.304903
      vertex 33.314909 82.486024 8.304903
    endloop
  endfacet
  facet normal -0.539102 -0.613400 0.577156
    outer loop
      vertex 30.413866 83.288488 7.268465
      vertex 31.479939 82.351543 7.268465
      vertex 31.911783 82.383192 7.705473
    endloop
  endfacet
  facet normal -0.539102 -0.613400 0.577156
    outer loop
      vertex 30.413866 83.288488 7.268465
      vertex 31.911783 82.383192 7.705473
      vertex 30.704989 83.443813 7.705473
    endloop
  endfacet
  facet normal 0.529855 0.678003 -0.509476
    outer loop
      vertex 31.359958 83.793262 7.795760
      vertex 29.620175 85.152891 7.795760
      vertex 29.750504 85.433628 8.304903
    endloop
  endfacet
  facet normal 0.529855 0.678003 -0.509476
    outer loop
      vertex 31.359958 83.793262 7.795760
      vertex 29.750504 85.433628 8.304903
      vertex 31.650893 83.948487 8.304903
    endloop
  endfacet
  facet normal -0.506761 -0.648452 0.568069
    outer loop
      vertex 29.196358 84.239962 7.268465
      vertex 30.413866 83.288488 7.268465
      vertex 30.704989 83.443813 7.705473
    endloop
  endfacet
  facet normal -0.506761 -0.648452 0.568069
    outer loop
      vertex 29.196358 84.239962 7.268465
      vertex 30.704989 83.443813 7.705473
      vertex 29.326771 84.520881 7.705473
    endloop
  endfacet
  facet normal 0.472612 0.714979 -0.515212
    outer loop
      vertex 29.620175 85.152891 7.795760
      vertex 27.856854 86.318474 7.795760
      vertex 27.824405 86.706811 8.304903
    endloop
  endfacet
  facet normal 0.472612 0.714979 -0.515212
    outer loop
      vertex 29.620175 85.152891 7.795760
      vertex 27.824405 86.706811 8.304903
      vertex 29.750504 85.433628 8.304903
    endloop
  endfacet
  facet normal -0.451578 -0.683157 0.573911
    outer loop
      vertex 27.962378 85.055643 7.268465
      vertex 29.196358 84.239962 7.268465
      vertex 29.326771 84.520881 7.705473
    endloop
  endfacet
  facet normal -0.451578 -0.683157 0.573911
    outer loop
      vertex 27.962378 85.055643 7.268465
      vertex 29.326771 84.520881 7.705473
      vertex 27.929907 85.444230 7.705473
    endloop
  endfacet
  facet normal 0.457960 0.720671 -0.520487
    outer loop
      vertex 27.856854 86.318474 7.795760
      vertex 26.250053 87.339537 7.795760
      vertex 26.069273 87.822132 8.304903
    endloop
  endfacet
  facet normal 0.457960 0.720671 -0.520487
    outer loop
      vertex 27.856854 86.318474 7.795760
      vertex 26.069273 87.822132 8.304903
      vertex 27.824405 86.706811 8.304903
    endloop
  endfacet
  facet normal -0.437186 -0.687980 0.579268
    outer loop
      vertex 26.837930 85.770188 7.268465
      vertex 27.962378 85.055643 7.268465
      vertex 27.929907 85.444230 7.705473
    endloop
  endfacet
  facet normal -0.437186 -0.687980 0.579268
    outer loop
      vertex 26.837930 85.770188 7.268465
      vertex 27.929907 85.444230 7.705473
      vertex 26.657034 86.253094 7.705473
    endloop
  endfacet
  facet normal 0.466845 0.718627 -0.515395
    outer loop
      vertex 26.250053 87.339537 7.795760
      vertex 24.773943 88.298470 7.795760
      vertex 24.456898 88.869587 8.304903
    endloop
  endfacet
  facet normal 0.466845 0.718627 -0.515395
    outer loop
      vertex 26.250053 87.339537 7.795760
      vertex 24.456898 88.869587 8.304903
      vertex 26.069273 87.822132 8.304903
    endloop
  endfacet
  facet normal -0.446054 -0.686622 0.574097
    outer loop
      vertex 25.804942 86.441253 7.268465
      vertex 26.837930 85.770188 7.268465
      vertex 26.657034 86.253094 7.705473
    endloop
  endfacet
  facet normal -0.446054 -0.686622 0.574097
    outer loop
      vertex 25.804942 86.441253 7.268465
      vertex 26.657034 86.253094 7.705473
      vertex 25.487692 87.012740 7.705473
    endloop
  endfacet
  facet normal 0.478113 0.717281 -0.506869
    outer loop
      vertex 24.773943 88.298470 7.795760
      vertex 23.386042 89.223592 7.795760
      vertex 22.940875 89.880111 8.304903
    endloop
  endfacet
  facet normal 0.478113 0.717281 -0.506869
    outer loop
      vertex 24.773943 88.298470 7.795760
      vertex 22.940875 89.880111 8.304903
      vertex 24.456898 88.869587 8.304903
    endloop
  endfacet
  facet normal -0.457473 -0.686317 0.565408
    outer loop
      vertex 24.833682 87.088658 7.268465
      vertex 25.804942 86.441253 7.268465
      vertex 25.487692 87.012740 7.705473
    endloop
  endfacet
  facet normal -0.457473 -0.686317 0.565408
    outer loop
      vertex 24.833682 87.088658 7.268465
      vertex 25.487692 87.012740 7.705473
      vertex 24.388227 87.745602 7.705473
    endloop
  endfacet
  facet normal -0.813221 -0.107937 -0.571858
    outer loop
      vertex 23.386042 89.223592 7.795760
      vertex 23.567729 87.854722 7.795760
      vertex 23.139334 88.384876 8.304903
    endloop
  endfacet
  facet normal -0.813221 -0.107937 -0.571858
    outer loop
      vertex 23.386042 89.223592 7.795760
      vertex 23.139334 88.384876 8.304903
      vertex 22.940875 89.880111 8.304903
    endloop
  endfacet
  facet normal 0.769300 0.102107 0.630676
    outer loop
      vertex 24.960828 86.130716 7.268465
      vertex 24.833682 87.088658 7.268465
      vertex 24.388227 87.745602 7.705473
    endloop
  endfacet
  facet normal 0.769300 0.102107 0.630676
    outer loop
      vertex 24.960828 86.130716 7.268465
      vertex 24.388227 87.745602 7.705473
      vertex 24.532155 86.661213 7.705473
    endloop
  endfacet
  facet normal -0.810419 -0.100590 -0.577150
    outer loop
      vertex 23.567729 87.854722 7.795760
      vertex 23.745449 86.422885 7.795760
      vertex 23.333460 86.820860 8.304903
    endloop
  endfacet
  facet normal -0.810419 -0.100590 -0.577150
    outer loop
      vertex 23.567729 87.854722 7.795760
      vertex 23.333460 86.820860 8.304903
      vertex 23.139334 88.384876 8.304903
    endloop
  endfacet
  facet normal 0.765901 0.095064 0.635892
    outer loop
      vertex 25.085197 85.128710 7.268465
      vertex 24.960828 86.130716 7.268465
      vertex 24.532155 86.661213 7.705473
    endloop
  endfacet
  facet normal 0.765901 0.095064 0.635892
    outer loop
      vertex 25.085197 85.128710 7.268465
      vertex 24.532155 86.661213 7.705473
      vertex 24.672941 85.526942 7.705473
    endloop
  endfacet
  facet normal -0.808986 -0.095421 -0.580031
    outer loop
      vertex 23.745449 86.422885 7.795760
      vertex 23.924441 84.905372 7.795760
      vertex 23.528975 85.163260 8.304903
    endloop
  endfacet
  facet normal -0.808986 -0.095421 -0.580031
    outer loop
      vertex 23.745449 86.422885 7.795760
      vertex 23.528975 85.163260 8.304903
      vertex 23.333460 86.820860 8.304903
    endloop
  endfacet
  facet normal 0.764139 0.090131 0.638724
    outer loop
      vertex 25.210456 84.066747 7.268465
      vertex 25.085197 85.128710 7.268465
      vertex 24.672941 85.526942 7.705473
    endloop
  endfacet
  facet normal 0.764139 0.090131 0.638724
    outer loop
      vertex 25.210456 84.066747 7.268465
      vertex 24.672941 85.526942 7.705473
      vertex 24.814735 84.324802 7.705473
    endloop
  endfacet
  facet normal -0.809807 -0.100717 -0.577986
    outer loop
      vertex 23.924441 84.905372 7.795760
      vertex 24.127101 83.275897 7.795760
      vertex 23.750344 83.383362 8.304903
    endloop
  endfacet
  facet normal -0.809807 -0.100717 -0.577986
    outer loop
      vertex 23.924441 84.905372 7.795760
      vertex 23.750344 83.383362 8.304903
      vertex 23.528975 85.163260 8.304903
    endloop
  endfacet
  facet normal 0.765205 0.095170 0.636714
    outer loop
      vertex 25.352279 82.926433 7.268465
      vertex 25.210456 84.066747 7.268465
      vertex 24.814735 84.324802 7.705473
    endloop
  endfacet
  facet normal 0.765205 0.095170 0.636714
    outer loop
      vertex 25.352279 82.926433 7.268465
      vertex 24.814735 84.324802 7.705473
      vertex 24.975278 83.033967 7.705473
    endloop
  endfacet
  facet normal -0.809937 -0.131548 -0.571575
    outer loop
      vertex 24.127101 83.275897 7.795760
      vertex 24.408249 81.544874 7.795760
      vertex 24.057446 81.492541 8.304903
    endloop
  endfacet
  facet normal -0.809937 -0.131548 -0.571575
    outer loop
      vertex 24.127101 83.275897 7.795760
      vertex 24.057446 81.492541 8.304903
      vertex 23.750344 83.383362 8.304903
    endloop
  endfacet
  facet normal 0.766233 0.124449 0.630396
    outer loop
      vertex 25.549028 81.715055 7.268465
      vertex 25.352279 82.926433 7.268465
      vertex 24.975278 83.033967 7.705473
    endloop
  endfacet
  facet normal 0.766233 0.124449 0.630396
    outer loop
      vertex 25.549028 81.715055 7.268465
      vertex 24.975278 83.033967 7.705473
      vertex 25.197997 81.662688 7.705473
    endloop
  endfacet
  facet normal -0.800733 -0.182674 -0.570488
    outer loop
      vertex 24.408249 81.544874 7.795760
      vertex 24.800984 79.823359 7.795760
      vertex 24.486435 79.612107 8.304903
    endloop
  endfacet
  facet normal -0.800733 -0.182674 -0.570488
    outer loop
      vertex 24.408249 81.544874 7.795760
      vertex 24.486435 79.612107 8.304903
      vertex 24.057446 81.492541 8.304903
    endloop
  endfacet
  facet normal 0.757677 0.172851 0.629324
    outer loop
      vertex 25.823865 80.510331 7.268465
      vertex 25.549028 81.715055 7.268465
      vertex 25.197997 81.662688 7.705473
    endloop
  endfacet
  facet normal 0.757677 0.172851 0.629324
    outer loop
      vertex 25.823865 80.510331 7.268465
      vertex 25.197997 81.662688 7.705473
      vertex 25.509113 80.298942 7.705473
    endloop
  endfacet
  facet normal -0.787913 -0.216335 -0.576535
    outer loop
      vertex 24.800984 79.823359 7.795760
      vertex 25.241466 78.219078 7.795760
      vertex 24.967580 77.859729 8.304903
    endloop
  endfacet
  facet normal -0.787913 -0.216335 -0.576535
    outer loop
      vertex 24.800984 79.823359 7.795760
      vertex 24.967580 77.859729 8.304903
      vertex 24.486435 79.612107 8.304903
    endloop
  endfacet
  facet normal 0.744716 0.204474 0.635286
    outer loop
      vertex 26.132117 79.387648 7.268465
      vertex 25.823865 80.510331 7.268465
      vertex 25.509113 80.298942 7.705473
    endloop
  endfacet
  facet normal 0.744716 0.204474 0.635286
    outer loop
      vertex 26.132117 79.387648 7.268465
      vertex 25.509113 80.298942 7.705473
      vertex 25.858053 79.028065 7.705473
    endloop
  endfacet
  facet normal -0.783592 -0.223879 -0.579535
    outer loop
      vertex 25.241466 78.219078 7.795760
      vertex 25.666130 76.732725 7.795760
      vertex 25.431447 76.236165 8.304903
    endloop
  endfacet
  facet normal -0.783592 -0.223879 -0.579535
    outer loop
      vertex 25.241466 78.219078 7.795760
      vertex 25.431447 76.236165 8.304903
      vertex 24.967580 77.859729 8.304903
    endloop
  endfacet
  facet normal 0.740221 0.211488 0.638237
    outer loop
      vertex 26.429299 78.347491 7.268465
      vertex 26.132117 79.387648 7.268465
      vertex 25.858053 79.028065 7.705473
    endloop
  endfacet
  facet normal 0.740221 0.211488 0.638237
    outer loop
      vertex 26.429299 78.347491 7.268465
      vertex 25.858053 79.028065 7.705473
      vertex 26.194463 77.850609 7.705473
    endloop
  endfacet
  facet normal 0.178439 -0.744257 -0.643616
    outer loop
      vertex 25.666130 76.732725 7.795760
      vertex 26.915849 77.032350 7.795760
      vertex 26.796532 76.563449 8.304903
    endloop
  endfacet
  facet normal 0.178439 -0.744257 -0.643616
    outer loop
      vertex 25.666130 76.732725 7.795760
      vertex 26.796532 76.563449 8.304903
      vertex 25.431447 76.236165 8.304903
    endloop
  endfacet
  facet normal -0.166484 0.694395 0.700070
    outer loop
      vertex 27.303858 78.557170 7.268465
      vertex 26.429299 78.347491 7.268465
      vertex 26.194463 77.850609 7.705473
    endloop
  endfacet
  facet normal -0.166484 0.694395 0.700070
    outer loop
      vertex 27.303858 78.557170 7.268465
      vertex 26.194463 77.850609 7.705473
      vertex 27.184463 78.087966 7.705473
    endloop
  endfacet
  facet normal 0.192364 -0.743892 -0.640016
    outer loop
      vertex 26.915849 77.032350 7.795760
      vertex 28.222788 77.370313 7.795760
      vertex 28.224120 76.932610 8.304903
    endloop
  endfacet
  facet normal 0.192364 -0.743892 -0.640016
    outer loop
      vertex 26.915849 77.032350 7.795760
      vertex 28.224120 76.932610 8.304903
      vertex 26.796532 76.563449 8.304903
    endloop
  endfacet
  facet normal -0.179606 0.694557 0.696658
    outer loop
      vertex 28.218460 78.793677 7.268465
      vertex 27.303858 78.557170 7.268465
      vertex 27.184463 78.087966 7.705473
    endloop
  endfacet
  facet normal -0.179606 0.694557 0.696658
    outer loop
      vertex 28.218460 78.793677 7.268465
      vertex 27.184463 78.087966 7.705473
      vertex 28.219792 78.355692 7.705473
    endloop
  endfacet
  facet normal 0.219038 -0.739605 -0.636401
    outer loop
      vertex 28.222788 77.370313 7.795760
      vertex 29.562384 77.767042 7.795760
      vertex 29.687378 77.365963 8.304903
    endloop
  endfacet
  facet normal 0.219038 -0.739605 -0.636401
    outer loop
      vertex 28.222788 77.370313 7.795760
      vertex 29.687378 77.365963 8.304903
      vertex 28.224120 76.932610 8.304903
    endloop
  endfacet
  facet normal -0.204660 0.691054 0.693224
    outer loop
      vertex 29.155915 79.071310 7.268465
      vertex 28.218460 78.793677 7.268465
      vertex 28.219792 78.355692 7.705473
    endloop
  endfacet
  facet normal -0.204660 0.691054 0.693224
    outer loop
      vertex 29.155915 79.071310 7.268465
      vertex 28.219792 78.355692 7.705473
      vertex 29.280990 78.669972 7.705473
    endloop
  endfacet
  facet normal 0.251484 -0.729327 -0.636269
    outer loop
      vertex 29.562384 77.767042 7.795760
      vertex 30.885133 78.223148 7.795760
      vertex 31.132236 77.864175 8.304903
    endloop
  endfacet
  facet normal 0.251484 -0.729327 -0.636269
    outer loop
      vertex 29.562384 77.767042 7.795760
      vertex 31.132236 77.864175 8.304903
      vertex 29.687378 77.365963 8.304903
    endloop
  endfacet
  facet normal -0.234982 0.681468 0.693098
    outer loop
      vertex 30.081582 79.390496 7.268465
      vertex 29.155915 79.071310 7.268465
      vertex 29.280990 78.669972 7.705473
    endloop
  endfacet
  facet normal -0.234982 0.681468 0.693098
    outer loop
      vertex 30.081582 79.390496 7.268465
      vertex 29.280990 78.669972 7.705473
      vertex 30.328844 79.031290 7.705473
    endloop
  endfacet
  facet normal 0.276590 -0.717048 -0.639797
    outer loop
      vertex 30.885133 78.223148 7.795760
      vertex 32.149050 78.710684 7.795760
      vertex 32.512830 78.396716 8.304903
    endloop
  endfacet
  facet normal 0.276590 -0.717048 -0.639797
    outer loop
      vertex 30.885133 78.223148 7.795760
      vertex 32.512830 78.396716 8.304903
      vertex 31.132236 77.864175 8.304903
    endloop
  endfacet
  facet normal -0.258257 0.669523 0.696450
    outer loop
      vertex 30.966077 79.731675 7.268465
      vertex 30.081582 79.390496 7.268465
      vertex 30.328844 79.031290 7.705473
    endloop
  endfacet
  facet normal -0.258257 0.669523 0.696450
    outer loop
      vertex 30.966077 79.731675 7.268465
      vertex 30.328844 79.031290 7.705473
      vertex 31.330091 79.417504 7.705473
    endloop
  endfacet
  facet normal 0.289007 -0.708746 -0.643549
    outer loop
      vertex 32.149050 78.710684 7.795760
      vertex 33.343825 79.197880 7.795760
      vertex 33.817899 78.928887 8.304903
    endloop
  endfacet
  facet normal 0.289007 -0.708746 -0.643549
    outer loop
      vertex 32.149050 78.710684 7.795760
      vertex 33.817899 78.928887 8.304903
      vertex 32.512830 78.396716 8.304903
    endloop
  endfacet
  facet normal -0.269648 0.661272 0.700007
    outer loop
      vertex 31.802186 80.072617 7.268465
      vertex 30.966077 79.731675 7.268465
      vertex 31.330091 79.417504 7.705473
    endloop
  endfacet
  facet normal -0.269648 0.661272 0.700007
    outer loop
      vertex 31.802186 80.072617 7.268465
      vertex 31.330091 79.417504 7.705473
      vertex 32.276566 79.803451 7.705473
    endloop
  endfacet
  facet normal 0.292279 -0.705965 -0.645126
    outer loop
      vertex 33.343825 79.197880 7.795760
      vertex 34.478963 79.667842 7.795760
      vertex 35.057825 79.442233 8.304903
    endloop
  endfacet
  facet normal 0.292279 -0.705965 -0.645126
    outer loop
      vertex 33.343825 79.197880 7.795760
      vertex 35.057825 79.442233 8.304903
      vertex 33.817899 78.928887 8.304903
    endloop
  endfacet
  facet normal -0.272614 0.658468 0.701499
    outer loop
      vertex 32.596560 80.401499 7.268465
      vertex 31.802186 80.072617 7.268465
      vertex 32.276566 79.803451 7.705473
    endloop
  endfacet
  facet normal -0.272614 0.658468 0.701499
    outer loop
      vertex 32.596560 80.401499 7.268465
      vertex 32.276566 79.803451 7.705473
      vertex 33.175797 80.175744 7.705473
    endloop
  endfacet
  facet normal 0.291158 -0.707121 -0.644365
    outer loop
      vertex 34.478963 79.667842 7.795760
      vertex 35.567401 80.116008 7.795760
      vertex 36.246741 79.931771 8.304903
    endloop
  endfacet
  facet normal 0.291158 -0.707121 -0.644365
    outer loop
      vertex 34.478963 79.667842 7.795760
      vertex 36.246741 79.931771 8.304903
      vertex 35.057825 79.442233 8.304903
    endloop
  endfacet
  facet normal -0.271611 0.659648 0.700779
    outer loop
      vertex 33.358254 80.715128 7.268465
      vertex 32.596560 80.401499 7.268465
      vertex 33.175797 80.175744 7.705473
    endloop
  endfacet
  facet normal -0.271611 0.659648 0.700779
    outer loop
      vertex 33.358254 80.715128 7.268465
      vertex 33.175797 80.175744 7.705473
      vertex 34.038034 80.530772 7.705473
    endloop
  endfacet
  facet normal 0.534351 0.621069 -0.573361
    outer loop
      vertex 36.246741 79.931771 8.304903
      vertex 34.822539 81.157117 8.304903
      vertex 35.474092 81.063075 8.810259
    endloop
  endfacet
  facet normal 0.534351 0.621069 -0.573361
    outer loop
      vertex 36.246741 79.931771 8.304903
      vertex 35.474092 81.063075 8.810259
      vertex 37.038590 79.717022 8.810259
    endloop
  endfacet
  facet normal -0.506504 -0.588702 0.629987
    outer loop
      vertex 33.005161 81.419429 7.705473
      vertex 34.038034 80.530772 7.705473
      vertex 34.829742 80.316061 8.141358
    endloop
  endfacet
  facet normal -0.506504 -0.588702 0.629987
    outer loop
      vertex 33.005161 81.419429 7.705473
      vertex 34.829742 80.316061 8.141358
      vertex 33.656597 81.325404 8.141358
    endloop
  endfacet
  facet normal 0.538419 0.610830 -0.580511
    outer loop
      vertex 34.822539 81.157117 8.304903
      vertex 33.314909 82.486024 8.304903
      vertex 33.817947 82.522891 8.810259
    endloop
  endfacet
  facet normal 0.538419 0.610830 -0.580511
    outer loop
      vertex 34.822539 81.157117 8.304903
      vertex 33.817947 82.522891 8.810259
      vertex 35.474092 81.063075 8.810259
    endloop
  endfacet
  facet normal -0.509711 -0.578261 0.637032
    outer loop
      vertex 31.911783 82.383192 7.705473
      vertex 33.005161 81.419429 7.705473
      vertex 33.656597 81.325404 8.141358
    endloop
  endfacet
  facet normal -0.509711 -0.578261 0.637032
    outer loop
      vertex 31.911783 82.383192 7.705473
      vertex 33.656597 81.325404 8.141358
      vertex 32.414731 82.420052 8.141358
    endloop
  endfacet
  facet normal 0.537788 0.611905 -0.579962
    outer loop
      vertex 33.314909 82.486024 8.304903
      vertex 31.650893 83.948487 8.304903
      vertex 31.990011 84.129419 8.810259
    endloop
  endfacet
  facet normal 0.537788 0.611905 -0.579962
    outer loop
      vertex 33.314909 82.486024 8.304903
      vertex 31.990011 84.129419 8.810259
      vertex 33.817947 82.522891 8.810259
    endloop
  endfacet
  facet normal -0.509164 -0.579336 0.636492
    outer loop
      vertex 30.704989 83.443813 7.705473
      vertex 31.911783 82.383192 7.705473
      vertex 32.414731 82.420052 8.141358
    endloop
  endfacet
  facet normal -0.509164 -0.579336 0.636492
    outer loop
      vertex 30.704989 83.443813 7.705473
      vertex 32.414731 82.420052 8.141358
      vertex 31.044047 83.624712 8.141358
    endloop
  endfacet
  facet normal 0.505564 0.646921 -0.570875
    outer loop
      vertex 31.650893 83.948487 8.304903
      vertex 29.750504 85.433628 8.304903
      vertex 29.902418 85.760859 8.810259
    endloop
  endfacet
  facet normal 0.505564 0.646921 -0.570875
    outer loop
      vertex 31.650893 83.948487 8.304903
      vertex 29.902418 85.760859 8.810259
      vertex 31.990011 84.129419 8.810259
    endloop
  endfacet
  facet normal -0.479428 -0.613477 0.627531
    outer loop
      vertex 29.326771 84.520881 7.705473
      vertex 30.704989 83.443813 7.705473
      vertex 31.044047 83.624712 8.141358
    endloop
  endfacet
  facet normal -0.479428 -0.613477 0.627531
    outer loop
      vertex 29.326771 84.520881 7.705473
      vertex 31.044047 83.624712 8.141358
      vertex 29.478658 84.848054 8.141358
    endloop
  endfacet
  facet normal 0.450490 0.681511 -0.576717
    outer loop
      vertex 29.750504 85.433628 8.304903
      vertex 27.824405 86.706811 8.304903
      vertex 27.786581 87.159461 8.810259
    endloop
  endfacet
  facet normal 0.450490 0.681511 -0.576717
    outer loop
      vertex 29.750504 85.433628 8.304903
      vertex 27.786581 87.159461 8.810259
      vertex 29.902418 85.760859 8.810259
    endloop
  endfacet
  facet normal -0.426759 -0.645610 0.633297
    outer loop
      vertex 27.929907 85.444230 7.705473
      vertex 29.326771 84.520881 7.705473
      vertex 29.478658 84.848054 8.141358
    endloop
  endfacet
  facet normal -0.426759 -0.645610 0.633297
    outer loop
      vertex 27.929907 85.444230 7.705473
      vertex 29.478658 84.848054 8.141358
      vertex 27.892090 85.896800 8.141358
    endloop
  endfacet
  facet normal 0.436113 0.686291 -0.582074
    outer loop
      vertex 27.824405 86.706811 8.304903
      vertex 26.069273 87.822132 8.304903
      vertex 25.858553 88.384652 8.810259
    endloop
  endfacet
  facet normal 0.436113 0.686291 -0.582074
    outer loop
      vertex 27.824405 86.706811 8.304903
      vertex 25.858553 88.384652 8.810259
      vertex 27.786581 87.159461 8.810259
    endloop
  endfacet
  facet normal -0.412744 -0.649517 0.638569
    outer loop
      vertex 26.657034 86.253094 7.705473
      vertex 27.929907 85.444230 7.705473
      vertex 27.892090 85.896800 8.141358
    endloop
  endfacet
  facet normal -0.412744 -0.649517 0.638569
    outer loop
      vertex 26.657034 86.253094 7.705473
      vertex 27.892090 85.896800 8.141358
      vertex 26.446352 86.815514 8.141358
    endloop
  endfacet
  facet normal 0.444978 0.684966 -0.576903
    outer loop
      vertex 26.069273 87.822132 8.304903
      vertex 24.456898 88.869587 8.304903
      vertex 24.087346 89.535290 8.810259
    endloop
  endfacet
  facet normal 0.444978 0.684966 -0.576903
    outer loop
      vertex 26.069273 87.822132 8.304903
      vertex 24.087346 89.535290 8.810259
      vertex 25.858553 88.384652 8.810259
    endloop
  endfacet
  facet normal -0.421523 -0.648862 0.633480
    outer loop
      vertex 25.487692 87.012740 7.705473
      vertex 26.657034 86.253094 7.705473
      vertex 26.446352 86.815514 8.141358
    endloop
  endfacet
  facet normal -0.421523 -0.648862 0.633480
    outer loop
      vertex 25.487692 87.012740 7.705473
      vertex 26.446352 86.815514 8.141358
      vertex 25.118206 87.678324 8.141358
    endloop
  endfacet
  facet normal 0.456403 0.684712 -0.568213
    outer loop
      vertex 24.456898 88.869587 8.304903
      vertex 22.940875 89.880111 8.304903
      vertex 22.421981 90.645360 8.810259
    endloop
  endfacet
  facet normal 0.456403 0.684712 -0.568213
    outer loop
      vertex 24.456898 88.869587 8.304903
      vertex 22.421981 90.645360 8.810259
      vertex 24.087346 89.535290 8.810259
    endloop
  endfacet
  facet normal -0.433011 -0.649618 0.624898
    outer loop
      vertex 24.388227 87.745602 7.705473
      vertex 25.487692 87.012740 7.705473
      vertex 25.118206 87.678324 8.141358
    endloop
  endfacet
  facet normal -0.433011 -0.649618 0.624898
    outer loop
      vertex 24.388227 87.745602 7.705473
      vertex 25.118206 87.678324 8.141358
      vertex 23.869426 88.510713 8.141358
    endloop
  endfacet
  facet normal -0.767063 -0.101810 -0.633443
    outer loop
      vertex 22.940875 89.880111 8.304903
      vertex 23.139334 88.384876 8.304903
      vertex 22.639990 89.002830 8.810259
    endloop
  endfacet
  facet normal -0.767063 -0.101810 -0.633443
    outer loop
      vertex 22.940875 89.880111 8.304903
      vertex 22.639990 89.002830 8.810259
      vertex 22.421981 90.645360 8.810259
    endloop
  endfacet
  facet normal 0.719083 0.095442 0.688339
    outer loop
      vertex 24.532155 86.661213 7.705473
      vertex 24.388227 87.745602 7.705473
      vertex 23.869426 88.510713 8.141358
    endloop
  endfacet
  facet normal 0.719083 0.095442 0.688339
    outer loop
      vertex 24.532155 86.661213 7.705473
      vertex 23.869426 88.510713 8.141358
      vertex 24.032901 87.279057 8.141358
    endloop
  endfacet
  facet normal -0.763637 -0.094783 -0.638651
    outer loop
      vertex 23.139334 88.384876 8.304903
      vertex 23.333460 86.820860 8.304903
      vertex 22.853239 87.284745 8.810259
    endloop
  endfacet
  facet normal -0.763637 -0.094783 -0.638651
    outer loop
      vertex 23.139334 88.384876 8.304903
      vertex 22.853239 87.284745 8.810259
      vertex 22.639990 89.002830 8.810259
    endloop
  endfacet
  facet normal 0.715156 0.088765 0.693305
    outer loop
      vertex 24.672941 85.526942 7.705473
      vertex 24.532155 86.661213 7.705473
      vertex 24.032901 87.279057 8.141358
    endloop
  endfacet
  facet normal 0.715156 0.088765 0.693305
    outer loop
      vertex 24.672941 85.526942 7.705473
      vertex 24.032901 87.279057 8.141358
      vertex 24.192806 85.990745 8.141358
    endloop
  endfacet
  facet normal -0.761859 -0.089862 -0.641479
    outer loop
      vertex 23.333460 86.820860 8.304903
      vertex 23.528975 85.163260 8.304903
      vertex 23.068014 85.463857 8.810259
    endloop
  endfacet
  facet normal -0.761859 -0.089862 -0.641479
    outer loop
      vertex 23.333460 86.820860 8.304903
      vertex 23.068014 85.463857 8.810259
      vertex 22.853239 87.284745 8.810259
    endloop
  endfacet
  facet normal 0.713102 0.084111 0.695996
    outer loop
      vertex 24.814735 84.324802 7.705473
      vertex 24.672941 85.526942 7.705473
      vertex 24.192806 85.990745 8.141358
    endloop
  endfacet
  facet normal 0.713102 0.084111 0.695996
    outer loop
      vertex 24.814735 84.324802 7.705473
      vertex 24.192806 85.990745 8.141358
      vertex 24.353856 84.625346 8.141358
    endloop
  endfacet
  facet normal -0.762936 -0.094888 -0.639472
    outer loop
      vertex 23.528975 85.163260 8.304903
      vertex 23.750344 83.383362 8.304903
      vertex 23.311190 83.508624 8.810259
    endloop
  endfacet
  facet normal -0.762936 -0.094888 -0.639472
    outer loop
      vertex 23.528975 85.163260 8.304903
      vertex 23.311190 83.508624 8.810259
      vertex 23.068014 85.463857 8.810259
    endloop
  endfacet
  facet normal 0.714387 0.088850 0.694087
    outer loop
      vertex 24.975278 83.033967 7.705473
      vertex 24.814735 84.324802 7.705473
      vertex 24.353856 84.625346 8.141358
    endloop
  endfacet
  facet normal 0.714387 0.088850 0.694087
    outer loop
      vertex 24.975278 83.033967 7.705473
      vertex 24.353856 84.625346 8.141358
      vertex 24.536202 83.159207 8.141358
    endloop
  endfacet
  facet normal -0.764006 -0.124088 -0.633164
    outer loop
      vertex 23.750344 83.383362 8.304903
      vertex 24.057446 81.492541 8.304903
      vertex 23.648544 81.431541 8.810259
    endloop
  endfacet
  facet normal -0.764006 -0.124088 -0.633164
    outer loop
      vertex 23.750344 83.383362 8.304903
      vertex 23.648544 81.431541 8.810259
      vertex 23.311190 83.508624 8.810259
    endloop
  endfacet
  facet normal 0.716256 0.116332 0.688073
    outer loop
      vertex 25.197997 81.662688 7.705473
      vertex 24.975278 83.033967 7.705473
      vertex 24.536202 83.159207 8.141358
    endloop
  endfacet
  facet normal 0.716256 0.116332 0.688073
    outer loop
      vertex 25.197997 81.662688 7.705473
      vertex 24.536202 83.159207 8.141358
      vertex 24.789168 81.601699 8.141358
    endloop
  endfacet
  facet normal -0.755483 -0.172351 -0.632093
    outer loop
      vertex 24.057446 81.492541 8.304903
      vertex 24.486435 79.612107 8.304903
      vertex 24.119793 79.365868 8.810259
    endloop
  endfacet
  facet normal -0.755483 -0.172351 -0.632093
    outer loop
      vertex 24.057446 81.492541 8.304903
      vertex 24.119793 79.365868 8.810259
      vertex 23.648544 81.431541 8.810259
    endloop
  endfacet
  facet normal 0.708410 0.161612 0.687049
    outer loop
      vertex 25.509113 80.298942 7.705473
      vertex 25.197997 81.662688 7.705473
      vertex 24.789168 81.601699 8.141358
    endloop
  endfacet
  facet normal 0.708410 0.161612 0.687049
    outer loop
      vertex 25.509113 80.298942 7.705473
      vertex 24.789168 81.601699 8.141358
      vertex 25.142536 80.052747 8.141358
    endloop
  endfacet
  facet normal -0.742519 -0.203871 -0.638046
    outer loop
      vertex 24.486435 79.612107 8.304903
      vertex 24.967580 77.859729 8.304903
      vertex 24.648334 77.440865 8.810259
    endloop
  endfacet
  facet normal -0.742519 -0.203871 -0.638046
    outer loop
      vertex 24.486435 79.612107 8.304903
      vertex 24.648334 77.440865 8.810259
      vertex 24.119793 79.365868 8.810259
    endloop
  endfacet
  facet normal 0.695460 0.190950 0.692729
    outer loop
      vertex 25.858053 79.028065 7.705473
      vertex 25.509113 80.298942 7.705473
      vertex 25.142536 80.052747 8.141358
    endloop
  endfacet
  facet normal 0.695460 0.190950 0.692729
    outer loop
      vertex 25.858053 79.028065 7.705473
      vertex 25.142536 80.052747 8.141358
      vertex 25.538865 78.609277 8.141358
    endloop
  endfacet
  facet normal -0.738016 -0.210858 -0.640992
    outer loop
      vertex 24.967580 77.859729 8.304903
      vertex 25.431447 76.236165 8.304903
      vertex 25.157896 75.657366 8.810259
    endloop
  endfacet
  facet normal -0.738016 -0.210858 -0.640992
    outer loop
      vertex 24.967580 77.859729 8.304903
      vertex 25.157896 75.657366 8.810259
      vertex 24.648334 77.440865 8.810259
    endloop
  endfacet
  facet normal 0.690850 0.197382 0.695533
    outer loop
      vertex 26.194463 77.850609 7.705473
      vertex 25.858053 79.028065 7.705473
      vertex 25.538865 78.609277 8.141358
    endloop
  endfacet
  facet normal 0.690850 0.197382 0.695533
    outer loop
      vertex 26.194463 77.850609 7.705473
      vertex 25.538865 78.609277 8.141358
      vertex 25.920961 77.271914 8.141358
    endloop
  endfacet
  facet normal 0.165888 -0.691910 -0.702668
    outer loop
      vertex 25.431447 76.236165 8.304903
      vertex 26.796532 76.563449 8.304903
      vertex 26.657454 76.016892 8.810259
    endloop
  endfacet
  facet normal 0.165888 -0.691910 -0.702668
    outer loop
      vertex 25.431447 76.236165 8.304903
      vertex 26.657454 76.016892 8.810259
      vertex 25.157896 75.657366 8.810259
    endloop
  endfacet
  facet normal -0.153384 0.639756 0.753117
    outer loop
      vertex 27.184463 78.087966 7.705473
      vertex 26.194463 77.850609 7.705473
      vertex 25.920961 77.271914 8.141358
    endloop
  endfacet
  facet normal -0.153384 0.639756 0.753117
    outer loop
      vertex 27.184463 78.087966 7.705473
      vertex 25.920961 77.271914 8.141358
      vertex 27.045410 77.541505 8.141358
    endloop
  endfacet
  facet normal 0.178969 -0.692094 -0.699268
    outer loop
      vertex 26.796532 76.563449 8.304903
      vertex 28.224120 76.932610 8.304903
      vertex 28.225671 76.422418 8.810259
    endloop
  endfacet
  facet normal 0.178969 -0.692094 -0.699268
    outer loop
      vertex 26.796532 76.563449 8.304903
      vertex 28.225671 76.422418 8.810259
      vertex 26.657454 76.016892 8.810259
    endloop
  endfacet
  facet normal -0.165595 0.640376 0.749998
    outer loop
      vertex 28.219792 78.355692 7.705473
      vertex 27.184463 78.087966 7.705473
      vertex 27.045410 77.541505 8.141358
    endloop
  endfacet
  facet normal -0.165595 0.640376 0.749998
    outer loop
      vertex 28.219792 78.355692 7.705473
      vertex 27.045410 77.541505 8.141358
      vertex 28.221343 77.845590 8.141358
    endloop
  endfacet
  facet normal 0.203941 -0.688628 -0.695845
    outer loop
      vertex 28.224120 76.932610 8.304903
      vertex 29.687378 77.365963 8.304903
      vertex 29.833073 76.898459 8.810259
    endloop
  endfacet
  facet normal 0.203941 -0.688628 -0.695845
    outer loop
      vertex 28.224120 76.932610 8.304903
      vertex 29.833073 76.898459 8.810259
      vertex 28.225671 76.422418 8.810259
    endloop
  endfacet
  facet normal -0.188834 0.637616 0.746852
    outer loop
      vertex 29.280990 78.669972 7.705473
      vertex 28.219792 78.355692 7.705473
      vertex 28.221343 77.845590 8.141358
    endloop
  endfacet
  facet normal -0.188834 0.637616 0.746852
    outer loop
      vertex 29.280990 78.669972 7.705473
      vertex 28.221343 77.845590 8.141358
      vertex 29.426659 78.202552 8.141358
    endloop
  endfacet
  facet normal 0.234157 -0.679076 -0.695720
    outer loop
      vertex 29.687378 77.365963 8.304903
      vertex 31.132236 77.864175 8.304903
      vertex 31.420262 77.445749 8.810259
    endloop
  endfacet
  facet normal 0.234157 -0.679076 -0.695720
    outer loop
      vertex 29.687378 77.365963 8.304903
      vertex 31.420262 77.445749 8.810259
      vertex 29.833073 76.898459 8.810259
    endloop
  endfacet
  facet normal -0.216817 0.628788 0.746737
    outer loop
      vertex 30.328844 79.031290 7.705473
      vertex 29.280990 78.669972 7.705473
      vertex 29.426659 78.202552 8.141358
    endloop
  endfacet
  facet normal -0.216817 0.628788 0.746737
    outer loop
      vertex 30.328844 79.031290 7.705473
      vertex 29.426659 78.202552 8.141358
      vertex 30.616818 78.612939 8.141358
    endloop
  endfacet
  facet normal 0.257342 -0.667151 -0.699060
    outer loop
      vertex 31.132236 77.864175 8.304903
      vertex 32.512830 78.396716 8.304903
      vertex 32.936856 78.030750 8.810259
    endloop
  endfacet
  facet normal 0.257342 -0.667151 -0.699060
    outer loop
      vertex 31.132236 77.864175 8.304903
      vertex 32.936856 78.030750 8.810259
      vertex 31.420262 77.445749 8.810259
    endloop
  endfacet
  facet normal -0.238122 0.617322 0.749807
    outer loop
      vertex 31.330091 79.417504 7.705473
      vertex 30.328844 79.031290 7.705473
      vertex 30.616818 78.612939 8.141358
    endloop
  endfacet
  facet normal -0.238122 0.617322 0.749807
    outer loop
      vertex 31.330091 79.417504 7.705473
      vertex 30.616818 78.612939 8.141358
      vertex 31.754042 79.051604 8.141358
    endloop
  endfacet
  facet normal 0.268683 -0.658905 -0.702605
    outer loop
      vertex 32.512830 78.396716 8.304903
      vertex 33.817899 78.928887 8.304903
      vertex 34.370486 78.615345 8.810259
    endloop
  endfacet
  facet normal 0.268683 -0.658905 -0.702605
    outer loop
      vertex 32.512830 78.396716 8.304903
      vertex 34.370486 78.615345 8.810259
      vertex 32.936856 78.030750 8.810259
    endloop
  endfacet
  facet normal -0.248434 0.609247 0.753059
    outer loop
      vertex 32.276566 79.803451 7.705473
      vertex 31.330091 79.417504 7.705473
      vertex 31.754042 79.051604 8.141358
    endloop
  endfacet
  facet normal -0.248434 0.609247 0.753059
    outer loop
      vertex 32.276566 79.803451 7.705473
      vertex 31.754042 79.051604 8.141358
      vertex 32.829054 79.489965 8.141358
    endloop
  endfacet
  facet normal 0.271635 -0.656101 -0.704092
    outer loop
      vertex 33.817899 78.928887 8.304903
      vertex 35.057825 79.442233 8.304903
      vertex 35.732556 79.179260 8.810259
    endloop
  endfacet
  facet normal 0.271635 -0.656101 -0.704092
    outer loop
      vertex 33.817899 78.928887 8.304903
      vertex 35.732556 79.179260 8.810259
      vertex 34.370486 78.615345 8.810259
    endloop
  endfacet
  facet normal -0.251086 0.606469 0.754421
    outer loop
      vertex 33.175797 80.175744 7.705473
      vertex 32.276566 79.803451 7.705473
      vertex 32.829054 79.489965 8.141358
    endloop
  endfacet
  facet normal -0.251086 0.606469 0.754421
    outer loop
      vertex 33.175797 80.175744 7.705473
      vertex 32.829054 79.489965 8.141358
      vertex 33.850407 79.912818 8.141358
    endloop
  endfacet
  facet normal 0.270637 -0.657282 -0.703375
    outer loop
      vertex 35.057825 79.442233 8.304903
      vertex 36.246741 79.931771 8.304903
      vertex 37.038590 79.717022 8.810259
    endloop
  endfacet
  facet normal 0.270637 -0.657282 -0.703375
    outer loop
      vertex 35.057825 79.442233 8.304903
      vertex 37.038590 79.717022 8.810259
      vertex 35.732556 79.179260 8.810259
    endloop
  endfacet
  facet normal -0.250201 0.607650 0.753764
    outer loop
      vertex 34.038034 80.530772 7.705473
      vertex 33.175797 80.175744 7.705473
      vertex 33.850407 79.912818 8.141358
    endloop
  endfacet
  facet normal -0.250201 0.607650 0.753764
    outer loop
      vertex 34.038034 80.530772 7.705473
      vertex 33.850407 79.912818 8.141358
      vertex 34.829742 80.316061 8.141358
    endloop
  endfacet
  facet normal 0.513788 0.597168 -0.615964
    outer loop
      vertex 37.038590 79.717022 8.810259
      vertex 35.474092 81.063075 8.810259
      vertex 36.193435 80.959248 9.309618
    endloop
  endfacet
  facet normal 0.513788 0.597168 -0.615964
    outer loop
      vertex 37.038590 79.717022 8.810259
      vertex 36.193435 80.959248 9.309618
      vertex 37.912827 79.479929 9.309618
    endloop
  endfacet
  facet normal -0.485186 -0.563925 0.668268
    outer loop
      vertex 33.656597 81.325404 8.141358
      vertex 34.829742 80.316061 8.141358
      vertex 35.702883 80.079265 8.575468
    endloop
  endfacet
  facet normal -0.485186 -0.563925 0.668268
    outer loop
      vertex 33.656597 81.325404 8.141358
      vertex 35.702883 80.079265 8.575468
      vertex 34.375039 81.221707 8.575468
    endloop
  endfacet
  facet normal 0.517209 0.586768 -0.623055
    outer loop
      vertex 35.474092 81.063075 8.810259
      vertex 33.817947 82.522891 8.810259
      vertex 34.373324 82.563594 9.309618
    endloop
  endfacet
  facet normal 0.517209 0.586768 -0.623055
    outer loop
      vertex 35.474092 81.063075 8.810259
      vertex 34.373324 82.563594 9.309618
      vertex 36.193435 80.959248 9.309618
    endloop
  endfacet
  facet normal -0.487806 -0.553411 0.675116
    outer loop
      vertex 32.414731 82.420052 8.141358
      vertex 33.656597 81.325404 8.141358
      vertex 34.375039 81.221707 8.575468
    endloop
  endfacet
  facet normal -0.487806 -0.553411 0.675116
    outer loop
      vertex 32.414731 82.420052 8.141358
      vertex 34.375039 81.221707 8.575468
      vertex 32.969412 82.460703 8.575468
    endloop
  endfacet
  facet normal 0.516642 0.587844 -0.622512
    outer loop
      vertex 33.817947 82.522891 8.810259
      vertex 31.990011 84.129419 8.810259
      vertex 32.364413 84.329176 9.309618
    endloop
  endfacet
  facet normal 0.516642 0.587844 -0.622512
    outer loop
      vertex 33.817947 82.522891 8.810259
      vertex 32.364413 84.329176 9.309618
      vertex 34.373324 82.563594 9.309618
    endloop
  endfacet
  facet normal -0.487318 -0.554479 0.674592
    outer loop
      vertex 31.044047 83.624712 8.141358
      vertex 32.414731 82.420052 8.141358
      vertex 32.969412 82.460703 8.575468
    endloop
  endfacet
  facet normal -0.487318 -0.554479 0.674592
    outer loop
      vertex 31.044047 83.624712 8.141358
      vertex 32.969412 82.460703 8.575468
      vertex 31.417980 83.824219 8.575468
    endloop
  endfacet
  facet normal 0.486268 0.622229 -0.613494
    outer loop
      vertex 31.990011 84.129419 8.810259
      vertex 29.902418 85.760859 8.810259
      vertex 30.070137 86.122137 9.309618
    endloop
  endfacet
  facet normal 0.486268 0.622229 -0.613494
    outer loop
      vertex 31.990011 84.129419 8.810259
      vertex 30.070137 86.122137 9.309618
      vertex 32.364413 84.329176 9.309618
    endloop
  endfacet
  facet normal -0.459398 -0.587846 0.665876
    outer loop
      vertex 29.478658 84.848054 8.141358
      vertex 31.044047 83.624712 8.141358
      vertex 31.417980 83.824219 8.575468
    endloop
  endfacet
  facet normal -0.459398 -0.587846 0.665876
    outer loop
      vertex 29.478658 84.848054 8.141358
      vertex 31.417980 83.824219 8.575468
      vertex 29.646167 85.208879 8.575468
    endloop
  endfacet
  facet normal 0.432962 0.654994 -0.619295
    outer loop
      vertex 29.902418 85.760859 8.810259
      vertex 27.786581 87.159461 8.810259
      vertex 27.744822 87.659208 9.309618
    endloop
  endfacet
  facet normal 0.432962 0.654994 -0.619295
    outer loop
      vertex 29.902418 85.760859 8.810259
      vertex 27.744822 87.659208 9.309618
      vertex 30.070137 86.122137 9.309618
    endloop
  endfacet
  facet normal -0.408620 -0.618170 0.671488
    outer loop
      vertex 27.892090 85.896800 8.141358
      vertex 29.478658 84.848054 8.141358
      vertex 29.646167 85.208879 8.575468
    endloop
  endfacet
  facet normal -0.408620 -0.618170 0.671488
    outer loop
      vertex 27.892090 85.896800 8.141358
      vertex 29.646167 85.208879 8.575468
      vertex 27.850383 86.395921 8.575468
    endloop
  endfacet
  facet normal 0.418846 0.659119 -0.624604
    outer loop
      vertex 27.786581 87.159461 8.810259
      vertex 25.858553 88.384652 8.810259
      vertex 25.625910 89.005698 9.309618
    endloop
  endfacet
  facet normal 0.418846 0.659119 -0.624604
    outer loop
      vertex 27.786581 87.159461 8.810259
      vertex 25.625910 89.005698 9.309618
      vertex 27.744822 87.659208 9.309618
    endloop
  endfacet
  facet normal -0.394927 -0.621478 0.676607
    outer loop
      vertex 26.446352 86.815514 8.141358
      vertex 27.892090 85.896800 8.141358
      vertex 27.850383 86.395921 8.575468
    endloop
  endfacet
  facet normal -0.394927 -0.621478 0.676607
    outer loop
      vertex 26.446352 86.815514 8.141358
      vertex 27.850383 86.395921 8.575468
      vertex 26.213999 87.435782 8.575468
    endloop
  endfacet
  facet normal 0.427654 0.658299 -0.619480
    outer loop
      vertex 25.858553 88.384652 8.810259
      vertex 24.087346 89.535290 8.810259
      vertex 23.679344 90.270256 9.309618
    endloop
  endfacet
  facet normal 0.427654 0.658299 -0.619480
    outer loop
      vertex 25.858553 88.384652 8.810259
      vertex 23.679344 90.270256 9.309618
      vertex 25.625910 89.005698 9.309618
    endloop
  endfacet
  facet normal -0.403598 -0.621268 0.671666
    outer loop
      vertex 25.118206 87.678324 8.141358
      vertex 26.446352 86.815514 8.141358
      vertex 26.213999 87.435782 8.575468
    endloop
  endfacet
  facet normal -0.403598 -0.621268 0.671666
    outer loop
      vertex 25.118206 87.678324 8.141358
      vertex 26.213999 87.435782 8.575468
      vertex 24.710714 88.412369 8.575468
    endloop
  endfacet
  facet normal 0.439136 0.658807 -0.610846
    outer loop
      vertex 24.087346 89.535290 8.810259
      vertex 22.421981 90.645360 8.810259
      vertex 21.849099 91.490228 9.309618
    endloop
  endfacet
  facet normal 0.439136 0.658807 -0.610846
    outer loop
      vertex 24.087346 89.535290 8.810259
      vertex 21.849099 91.490228 9.309618
      vertex 23.679344 90.270256 9.309618
    endloop
  endfacet
  facet normal -0.415062 -0.622691 0.663310
    outer loop
      vertex 23.869426 88.510713 8.141358
      vertex 25.118206 87.678324 8.141358
      vertex 24.710714 88.412369 8.575468
    endloop
  endfacet
  facet normal -0.415062 -0.622691 0.663310
    outer loop
      vertex 23.869426 88.510713 8.141358
      vertex 24.710714 88.412369 8.575468
      vertex 23.297262 89.354523 8.575468
    endloop
  endfacet
  facet normal -0.731480 -0.097088 -0.674915
    outer loop
      vertex 22.421981 90.645360 8.810259
      vertex 22.639990 89.002830 8.810259
      vertex 22.088692 89.685080 9.309618
    endloop
  endfacet
  facet normal -0.731480 -0.097088 -0.674915
    outer loop
      vertex 22.421981 90.645360 8.810259
      vertex 22.088692 89.685080 9.309618
      vertex 21.849099 91.490228 9.309618
    endloop
  endfacet
  facet normal 0.683382 0.090704 0.724404
    outer loop
      vertex 24.032901 87.279057 8.141358
      vertex 23.869426 88.510713 8.141358
      vertex 23.297262 89.354523 8.575468
    endloop
  endfacet
  facet normal 0.683382 0.090704 0.724404
    outer loop
      vertex 24.032901 87.279057 8.141358
      vertex 23.297262 89.354523 8.575468
      vertex 23.482293 87.960452 8.575468
    endloop
  endfacet
  facet normal -0.727669 -0.090319 -0.679956
    outer loop
      vertex 22.639990 89.002830 8.810259
      vertex 22.853239 87.284745 8.810259
      vertex 22.323054 87.796896 9.309618
    endloop
  endfacet
  facet normal -0.727669 -0.090319 -0.679956
    outer loop
      vertex 22.639990 89.002830 8.810259
      vertex 22.323054 87.796896 9.309618
      vertex 22.088692 89.685080 9.309618
    endloop
  endfacet
  facet normal 0.679175 0.084299 0.729119
    outer loop
      vertex 24.192806 85.990745 8.141358
      vertex 24.032901 87.279057 8.141358
      vertex 23.482293 87.960452 8.575468
    endloop
  endfacet
  facet normal 0.679175 0.084299 0.729119
    outer loop
      vertex 24.192806 85.990745 8.141358
      vertex 23.482293 87.960452 8.575468
      vertex 23.663285 86.502254 8.575468
    endloop
  endfacet
  facet normal -0.725679 -0.085594 -0.682688
    outer loop
      vertex 22.853239 87.284745 8.810259
      vertex 23.068014 85.463857 8.810259
      vertex 22.559093 85.795730 9.309618
    endloop
  endfacet
  facet normal -0.725679 -0.085594 -0.682688
    outer loop
      vertex 22.853239 87.284745 8.810259
      vertex 22.559093 85.795730 9.309618
      vertex 22.323054 87.796896 9.309618
    endloop
  endfacet
  facet normal 0.676966 0.079849 0.731670
    outer loop
      vertex 24.353856 84.625346 8.141358
      vertex 24.192806 85.990745 8.141358
      vertex 23.663285 86.502254 8.575468
    endloop
  endfacet
  facet normal 0.676966 0.079849 0.731670
    outer loop
      vertex 24.353856 84.625346 8.141358
      vertex 23.663285 86.502254 8.575468
      vertex 23.845572 84.956803 8.575468
    endloop
  endfacet
  facet normal -0.726916 -0.090408 -0.680750
    outer loop
      vertex 23.068014 85.463857 8.810259
      vertex 23.311190 83.508624 8.810259
      vertex 22.826344 83.646919 9.309618
    endloop
  endfacet
  facet normal -0.726916 -0.090408 -0.680750
    outer loop
      vertex 23.068014 85.463857 8.810259
      vertex 22.826344 83.646919 9.309618
      vertex 22.559093 85.795730 9.309618
    endloop
  endfacet
  facet normal 0.678369 0.084370 0.729861
    outer loop
      vertex 24.536202 83.159207 8.141358
      vertex 24.353856 84.625346 8.141358
      vertex 23.845572 84.956803 8.575468
    endloop
  endfacet
  facet normal 0.678369 0.084370 0.729861
    outer loop
      vertex 24.536202 83.159207 8.141358
      vertex 23.845572 84.956803 8.575468
      vertex 24.051964 83.297329 8.575468
    endloop
  endfacet
  facet normal -0.728595 -0.118336 -0.674645
    outer loop
      vertex 23.311190 83.508624 8.810259
      vertex 23.648544 81.431541 8.810259
      vertex 23.197098 81.364194 9.309618
    endloop
  endfacet
  facet normal -0.728595 -0.118336 -0.674645
    outer loop
      vertex 23.311190 83.508624 8.810259
      vertex 23.197098 81.364194 9.309618
      vertex 22.826344 83.646919 9.309618
    endloop
  endfacet
  facet normal 0.680721 0.110561 0.724151
    outer loop
      vertex 24.789168 81.601699 8.141358
      vertex 24.536202 83.159207 8.141358
      vertex 24.051964 83.297329 8.575468
    endloop
  endfacet
  facet normal 0.680721 0.110561 0.724151
    outer loop
      vertex 24.789168 81.601699 8.141358
      vertex 24.051964 83.297329 8.575468
      vertex 24.338288 81.534437 8.575468
    endloop
  endfacet
  facet normal -0.720576 -0.164388 -0.673607
    outer loop
      vertex 23.648544 81.431541 8.810259
      vertex 24.119793 79.365868 8.810259
      vertex 23.715003 79.094009 9.309618
    endloop
  endfacet
  facet normal -0.720576 -0.164388 -0.673607
    outer loop
      vertex 23.648544 81.431541 8.810259
      vertex 23.715003 79.094009 9.309618
      vertex 23.197098 81.364194 9.309618
    endloop
  endfacet
  facet normal 0.673362 0.153616 0.723178
    outer loop
      vertex 25.142536 80.052747 8.141358
      vertex 24.789168 81.601699 8.141358
      vertex 24.338288 81.534437 8.575468
    endloop
  endfacet
  facet normal 0.673362 0.153616 0.723178
    outer loop
      vertex 25.142536 80.052747 8.141358
      vertex 24.338288 81.534437 8.575468
      vertex 24.738253 79.781229 8.575468
    endloop
  endfacet
  facet normal -0.707607 -0.194285 -0.679371
    outer loop
      vertex 24.119793 79.365868 8.810259
      vertex 24.648334 77.440865 8.810259
      vertex 24.295873 76.978421 9.309618
    endloop
  endfacet
  facet normal -0.707607 -0.194285 -0.679371
    outer loop
      vertex 24.119793 79.365868 8.810259
      vertex 24.295873 76.978421 9.309618
      vertex 23.715003 79.094009 9.309618
    endloop
  endfacet
  facet normal 0.660523 0.181358 0.728573
    outer loop
      vertex 25.538865 78.609277 8.141358
      vertex 25.142536 80.052747 8.141358
      vertex 24.738253 79.781229 8.575468
    endloop
  endfacet
  facet normal 0.660523 0.181358 0.728573
    outer loop
      vertex 25.538865 78.609277 8.141358
      vertex 24.738253 79.781229 8.575468
      vertex 25.186844 78.147412 8.575468
    endloop
  endfacet
  facet normal -0.703018 -0.200858 -0.682218
    outer loop
      vertex 24.648334 77.440865 8.810259
      vertex 25.157896 75.657366 8.810259
      vertex 24.855883 75.018347 9.309618
    endloop
  endfacet
  facet normal -0.703018 -0.200858 -0.682218
    outer loop
      vertex 24.648334 77.440865 8.810259
      vertex 24.855883 75.018347 9.309618
      vertex 24.295873 76.978421 9.309618
    endloop
  endfacet
  facet normal 0.655885 0.187392 0.731232
    outer loop
      vertex 25.920961 77.271914 8.141358
      vertex 25.538865 78.609277 8.141358
      vertex 25.186844 78.147412 8.575468
    endloop
  endfacet
  facet normal 0.655885 0.187392 0.731232
    outer loop
      vertex 25.920961 77.271914 8.141358
      vertex 25.186844 78.147412 8.575468
      vertex 25.619327 76.633695 8.575468
    endloop
  endfacet
  facet normal 0.156566 -0.653028 -0.740974
    outer loop
      vertex 25.157896 75.657366 8.810259
      vertex 26.657454 76.016892 8.810259
      vertex 26.503905 75.413467 9.309618
    endloop
  endfacet
  facet normal 0.156566 -0.653028 -0.740974
    outer loop
      vertex 25.157896 75.657366 8.810259
      vertex 26.503905 75.413467 9.309618
      vertex 24.855883 75.018347 9.309618
    endloop
  endfacet
  facet normal -0.144398 0.602275 0.785120
    outer loop
      vertex 27.045410 77.541505 8.141358
      vertex 25.920961 77.271914 8.141358
      vertex 25.619327 76.633695 8.575468
    endloop
  endfacet
  facet normal -0.144398 0.602275 0.785120
    outer loop
      vertex 27.045410 77.541505 8.141358
      vertex 25.619327 76.633695 8.575468
      vertex 26.892054 76.938837 8.575468
    endloop
  endfacet
  facet normal 0.169001 -0.653547 -0.737777
    outer loop
      vertex 26.657454 76.016892 8.810259
      vertex 28.225671 76.422418 8.810259
      vertex 28.227384 75.859143 9.309618
    endloop
  endfacet
  facet normal 0.169001 -0.653547 -0.737777
    outer loop
      vertex 26.657454 76.016892 8.810259
      vertex 28.227384 75.859143 9.309618
      vertex 26.503905 75.413467 9.309618
    endloop
  endfacet
  facet normal -0.155967 0.603142 0.782237
    outer loop
      vertex 28.221343 77.845590 8.141358
      vertex 27.045410 77.541505 8.141358
      vertex 26.892054 76.938837 8.575468
    endloop
  endfacet
  facet normal -0.155967 0.603142 0.782237
    outer loop
      vertex 28.221343 77.845590 8.141358
      vertex 26.892054 76.938837 8.575468
      vertex 28.223054 77.283021 8.575468
    endloop
  endfacet
  facet normal 0.192684 -0.650617 -0.734554
    outer loop
      vertex 28.225671 76.422418 8.810259
      vertex 29.833073 76.898459 8.810259
      vertex 29.993927 76.382315 9.309618
    endloop
  endfacet
  facet normal 0.192684 -0.650617 -0.734554
    outer loop
      vertex 28.225671 76.422418 8.810259
      vertex 29.993927 76.382315 9.309618
      vertex 28.227384 75.859143 9.309618
    endloop
  endfacet
  facet normal -0.177938 0.600827 0.779323
    outer loop
      vertex 29.426659 78.202552 8.141358
      vertex 28.221343 77.845590 8.141358
      vertex 28.223054 77.283021 8.575468
    endloop
  endfacet
  facet normal -0.177938 0.600827 0.779323
    outer loop
      vertex 29.426659 78.202552 8.141358
      vertex 28.223054 77.283021 8.575468
      vertex 29.587312 77.687054 8.575468
    endloop
  endfacet
  facet normal 0.221237 -0.641605 -0.734436
    outer loop
      vertex 29.833073 76.898459 8.810259
      vertex 31.420262 77.445749 8.810259
      vertex 31.738255 76.983789 9.309618
    endloop
  endfacet
  facet normal 0.221237 -0.641605 -0.734436
    outer loop
      vertex 29.833073 76.898459 8.810259
      vertex 31.738255 76.983789 9.309618
      vertex 29.993927 76.382315 9.309618
    endloop
  endfacet
  facet normal -0.204311 0.592518 0.779217
    outer loop
      vertex 30.616818 78.612939 8.141358
      vertex 29.426659 78.202552 8.141358
      vertex 29.587312 77.687054 8.575468
    endloop
  endfacet
  facet normal -0.204311 0.592518 0.779217
    outer loop
      vertex 30.616818 78.612939 8.141358
      vertex 29.587312 77.687054 8.575468
      vertex 30.934414 78.151558 8.575468
    endloop
  endfacet
  facet normal 0.243017 -0.630013 -0.737582
    outer loop
      vertex 31.420262 77.445749 8.810259
      vertex 32.936856 78.030750 8.810259
      vertex 33.405000 77.626708 9.309618
    endloop
  endfacet
  facet normal 0.243017 -0.630013 -0.737582
    outer loop
      vertex 31.420262 77.445749 8.810259
      vertex 33.405000 77.626708 9.309618
      vertex 31.738255 76.983789 9.309618
    endloop
  endfacet
  facet normal -0.224283 0.581446 0.782060
    outer loop
      vertex 31.754042 79.051604 8.141358
      vertex 30.616818 78.612939 8.141358
      vertex 30.934414 78.151558 8.575468
    endloop
  endfacet
  facet normal -0.224283 0.581446 0.782060
    outer loop
      vertex 31.754042 79.051604 8.141358
      vertex 30.934414 78.151558 8.575468
      vertex 32.221600 78.648068 8.575468
    endloop
  endfacet
  facet normal 0.253587 -0.621884 -0.740914
    outer loop
      vertex 32.936856 78.030750 8.810259
      vertex 34.370486 78.615345 8.810259
      vertex 34.980567 78.269181 9.309618
    endloop
  endfacet
  facet normal 0.253587 -0.621884 -0.740914
    outer loop
      vertex 32.936856 78.030750 8.810259
      vertex 34.980567 78.269181 9.309618
      vertex 33.405000 77.626708 9.309618
    endloop
  endfacet
  facet normal -0.233881 0.573559 0.785067
    outer loop
      vertex 32.829054 79.489965 8.141358
      vertex 31.754042 79.051604 8.141358
      vertex 32.221600 78.648068 8.575468
    endloop
  endfacet
  facet normal -0.233881 0.573559 0.785067
    outer loop
      vertex 32.829054 79.489965 8.141358
      vertex 32.221600 78.648068 8.575468
      vertex 33.438371 79.144234 8.575468
    endloop
  endfacet
  facet normal 0.256313 -0.619095 -0.742311
    outer loop
      vertex 34.370486 78.615345 8.810259
      vertex 35.732556 79.179260 8.810259
      vertex 36.477488 78.888926 9.309618
    endloop
  endfacet
  facet normal 0.256313 -0.619095 -0.742311
    outer loop
      vertex 34.370486 78.615345 8.810259
      vertex 36.477488 78.888926 9.309618
      vertex 34.980567 78.269181 9.309618
    endloop
  endfacet
  facet normal -0.236329 0.570825 0.786325
    outer loop
      vertex 33.850407 79.912818 8.141358
      vertex 32.829054 79.489965 8.141358
      vertex 33.438371 79.144234 8.575468
    endloop
  endfacet
  facet normal -0.236329 0.570825 0.786325
    outer loop
      vertex 33.850407 79.912818 8.141358
      vertex 33.438371 79.144234 8.575468
      vertex 34.594407 79.622848 8.575468
    endloop
  endfacet
  facet normal 0.255400 -0.620278 -0.741637
    outer loop
      vertex 35.732556 79.179260 8.810259
      vertex 37.038590 79.717022 8.810259
      vertex 37.912827 79.479929 9.309618
    endloop
  endfacet
  facet normal 0.255400 -0.620278 -0.741637
    outer loop
      vertex 35.732556 79.179260 8.810259
      vertex 37.912827 79.479929 9.309618
      vertex 36.477488 78.888926 9.309618
    endloop
  endfacet
  facet normal -0.235519 0.571994 0.785718
    outer loop
      vertex 34.829742 80.316061 8.141358
      vertex 33.850407 79.912818 8.141358
      vertex 34.594407 79.622848 8.575468
    endloop
  endfacet
  facet normal -0.235519 0.571994 0.785718
    outer loop
      vertex 34.829742 80.316061 8.141358
      vertex 34.594407 79.622848 8.575468
      vertex 35.702883 80.079265 8.575468
    endloop
  endfacet
  facet normal 0.501797 0.583231 -0.638781
    outer loop
      vertex 37.912827 79.479929 9.309618
      vertex 36.193435 80.959248 9.309618
      vertex 36.944701 80.850814 9.800773
    endloop
  endfacet
  facet normal 0.501797 0.583231 -0.638781
    outer loop
      vertex 37.912827 79.479929 9.309618
      vertex 36.944701 80.850814 9.800773
      vertex 38.825860 79.232315 9.800773
    endloop
  endfacet
  facet normal -0.477674 -0.555194 0.680872
    outer loop
      vertex 34.375039 81.221707 8.575468
      vertex 35.702883 80.079265 8.575468
      vertex 36.601423 79.835582 9.007146
    endloop
  endfacet
  facet normal -0.477674 -0.555194 0.680872
    outer loop
      vertex 34.375039 81.221707 8.575468
      vertex 36.601423 79.835582 9.007146
      vertex 35.114380 81.114994 9.007146
    endloop
  endfacet
  facet normal 0.504869 0.572768 -0.645790
    outer loop
      vertex 36.193435 80.959248 9.309618
      vertex 34.373324 82.563594 9.309618
      vertex 34.953347 82.606103 9.800773
    endloop
  endfacet
  facet normal 0.504869 0.572768 -0.645790
    outer loop
      vertex 36.193435 80.959248 9.309618
      vertex 34.953347 82.606103 9.800773
      vertex 36.944701 80.850814 9.800773
    endloop
  endfacet
  facet normal -0.480102 -0.544670 0.687631
    outer loop
      vertex 32.969412 82.460703 8.575468
      vertex 34.375039 81.221707 8.575468
      vertex 35.114380 81.114994 9.007146
    endloop
  endfacet
  facet normal -0.480102 -0.544670 0.687631
    outer loop
      vertex 32.969412 82.460703 8.575468
      vertex 35.114380 81.114994 9.007146
      vertex 33.540228 82.502538 9.007146
    endloop
  endfacet
  facet normal 0.504335 0.573842 -0.645253
    outer loop
      vertex 34.373324 82.563594 9.309618
      vertex 32.364413 84.329176 9.309618
      vertex 32.755429 84.537798 9.800773
    endloop
  endfacet
  facet normal 0.504335 0.573842 -0.645253
    outer loop
      vertex 34.373324 82.563594 9.309618
      vertex 32.755429 84.537798 9.800773
      vertex 34.953347 82.606103 9.800773
    endloop
  endfacet
  facet normal -0.479633 -0.545735 0.687114
    outer loop
      vertex 31.417980 83.824219 8.575468
      vertex 32.969412 82.460703 8.575468
      vertex 33.540228 82.502538 9.007146
    endloop
  endfacet
  facet normal -0.479633 -0.545735 0.687114
    outer loop
      vertex 31.417980 83.824219 8.575468
      vertex 33.540228 82.502538 9.007146
      vertex 31.802789 84.029529 9.007146
    endloop
  endfacet
  facet normal 0.475007 0.607819 -0.636336
    outer loop
      vertex 32.364413 84.329176 9.309618
      vertex 30.070137 86.122137 9.309618
      vertex 30.245300 86.499447 9.800773
    endloop
  endfacet
  facet normal 0.475007 0.607819 -0.636336
    outer loop
      vertex 32.364413 84.329176 9.309618
      vertex 30.245300 86.499447 9.800773
      vertex 32.755429 84.537798 9.800773
    endloop
  endfacet
  facet normal -0.452334 -0.578808 0.678510
    outer loop
      vertex 29.646167 85.208879 8.575468
      vertex 31.417980 83.824219 8.575468
      vertex 31.802789 84.029529 9.007146
    endloop
  endfacet
  facet normal -0.452334 -0.578808 0.678510
    outer loop
      vertex 29.646167 85.208879 8.575468
      vertex 31.802789 84.029529 9.007146
      vertex 29.818549 85.580200 9.007146
    endloop
  endfacet
  facet normal 0.422751 0.639548 -0.642075
    outer loop
      vertex 30.070137 86.122137 9.309618
      vertex 27.744822 87.659208 9.309618
      vertex 27.701209 88.181132 9.800773
    endloop
  endfacet
  facet normal 0.422751 0.639548 -0.642075
    outer loop
      vertex 30.070137 86.122137 9.309618
      vertex 27.701209 88.181132 9.800773
      vertex 30.245300 86.499447 9.800773
    endloop
  endfacet
  facet normal -0.402234 -0.608508 0.684051
    outer loop
      vertex 27.850383 86.395921 8.575468
      vertex 29.646167 85.208879 8.575468
      vertex 29.818549 85.580200 9.007146
    endloop
  endfacet
  facet normal -0.402234 -0.608508 0.684051
    outer loop
      vertex 27.850383 86.395921 8.575468
      vertex 29.818549 85.580200 9.007146
      vertex 27.807463 86.909560 9.007146
    endloop
  endfacet
  facet normal 0.408804 0.643318 -0.647319
    outer loop
      vertex 27.744822 87.659208 9.309618
      vertex 25.625910 89.005698 9.309618
      vertex 25.382942 89.654305 9.800773
    endloop
  endfacet
  facet normal 0.408804 0.643318 -0.647319
    outer loop
      vertex 27.744822 87.659208 9.309618
      vertex 25.382942 89.654305 9.800773
      vertex 27.701209 88.181132 9.800773
    endloop
  endfacet
  facet normal -0.388662 -0.611620 0.689103
    outer loop
      vertex 26.213999 87.435782 8.575468
      vertex 27.850383 86.395921 8.575468
      vertex 27.807463 86.909560 9.007146
    endloop
  endfacet
  facet normal -0.388662 -0.611620 0.689103
    outer loop
      vertex 26.213999 87.435782 8.575468
      vertex 27.807463 86.909560 9.007146
      vertex 25.974888 88.074094 9.007146
    endloop
  endfacet
  facet normal 0.417563 0.642765 -0.642257
    outer loop
      vertex 25.625910 89.005698 9.309618
      vertex 23.679344 90.270256 9.309618
      vertex 23.253235 91.037837 9.800773
    endloop
  endfacet
  facet normal 0.417563 0.642765 -0.642257
    outer loop
      vertex 25.625910 89.005698 9.309618
      vertex 23.253235 91.037837 9.800773
      vertex 25.382942 89.654305 9.800773
    endloop
  endfacet
  facet normal -0.397286 -0.611553 0.684227
    outer loop
      vertex 24.710714 88.412369 8.575468
      vertex 26.213999 87.435782 8.575468
      vertex 25.974888 88.074094 9.007146
    endloop
  endfacet
  facet normal -0.397286 -0.611553 0.684227
    outer loop
      vertex 24.710714 88.412369 8.575468
      vertex 25.974888 88.074094 9.007146
      vertex 24.291370 89.167766 9.007146
    endloop
  endfacet
  facet normal 0.429051 0.643677 -0.633715
    outer loop
      vertex 23.679344 90.270256 9.309618
      vertex 21.849099 91.490228 9.309618
      vertex 21.250794 92.372589 9.800773
    endloop
  endfacet
  facet normal 0.429051 0.643677 -0.633715
    outer loop
      vertex 23.679344 90.270256 9.309618
      vertex 21.250794 92.372589 9.800773
      vertex 23.253235 91.037837 9.800773
    endloop
  endfacet
  facet normal -0.408729 -0.613189 0.675974
    outer loop
      vertex 23.297262 89.354523 8.575468
      vertex 24.710714 88.412369 8.575468
      vertex 24.291370 89.167766 9.007146
    endloop
  endfacet
  facet normal -0.408729 -0.613189 0.675974
    outer loop
      vertex 23.297262 89.354523 8.575468
      vertex 24.291370 89.167766 9.007146
      vertex 22.708454 90.222878 9.007146
    endloop
  endfacet
  facet normal -0.711126 -0.094386 -0.696700
    outer loop
      vertex 21.849099 91.490228 9.309618
      vertex 22.088692 89.685080 9.309618
      vertex 21.512929 90.397605 9.800773
    endloop
  endfacet
  facet normal -0.711126 -0.094386 -0.696700
    outer loop
      vertex 21.849099 91.490228 9.309618
      vertex 21.512929 90.397605 9.800773
      vertex 21.250794 92.372589 9.800773
    endloop
  endfacet
  facet normal 0.670999 0.089060 0.736090
    outer loop
      vertex 23.482293 87.960452 8.575468
      vertex 23.297262 89.354523 8.575468
      vertex 22.708454 90.222878 9.007146
    endloop
  endfacet
  facet normal 0.670999 0.089060 0.736090
    outer loop
      vertex 23.482293 87.960452 8.575468
      vertex 22.708454 90.222878 9.007146
      vertex 22.915670 88.661667 9.007146
    endloop
  endfacet
  facet normal -0.707130 -0.087769 -0.701615
    outer loop
      vertex 22.088692 89.685080 9.309618
      vertex 22.323054 87.796896 9.309618
      vertex 21.769341 88.331774 9.800773
    endloop
  endfacet
  facet normal -0.707130 -0.087769 -0.701615
    outer loop
      vertex 22.088692 89.685080 9.309618
      vertex 21.769341 88.331774 9.800773
      vertex 21.512929 90.397605 9.800773
    endloop
  endfacet
  facet normal 0.666712 0.082753 0.740707
    outer loop
      vertex 23.663285 86.502254 8.575468
      vertex 23.482293 87.960452 8.575468
      vertex 22.915670 88.661667 9.007146
    endloop
  endfacet
  facet normal 0.666712 0.082753 0.740707
    outer loop
      vertex 23.663285 86.502254 8.575468
      vertex 22.915670 88.661667 9.007146
      vertex 23.118361 87.028641 9.007146
    endloop
  endfacet
  facet normal -0.705039 -0.083160 -0.704276
    outer loop
      vertex 22.323054 87.796896 9.309618
      vertex 22.559093 85.795730 9.309618
      vertex 22.027587 86.142331 9.800773
    endloop
  endfacet
  facet normal -0.705039 -0.083160 -0.704276
    outer loop
      vertex 22.323054 87.796896 9.309618
      vertex 22.027587 86.142331 9.800773
      vertex 21.769341 88.331774 9.800773
    endloop
  endfacet
  facet normal 0.664459 0.078373 0.743204
    outer loop
      vertex 23.845572 84.956803 8.575468
      vertex 23.663285 86.502254 8.575468
      vertex 23.118361 87.028641 9.007146
    endloop
  endfacet
  facet normal 0.664459 0.078373 0.743204
    outer loop
      vertex 23.845572 84.956803 8.575468
      vertex 23.118361 87.028641 9.007146
      vertex 23.322503 85.297902 9.007146
    endloop
  endfacet
  facet normal -0.706352 -0.087850 -0.702388
    outer loop
      vertex 22.559093 85.795730 9.309618
      vertex 22.826344 83.646919 9.309618
      vertex 22.319983 83.791352 9.800773
    endloop
  endfacet
  facet normal -0.706352 -0.087850 -0.702388
    outer loop
      vertex 22.559093 85.795730 9.309618
      vertex 22.319983 83.791352 9.800773
      vertex 22.027587 86.142331 9.800773
    endloop
  endfacet
  facet normal 0.665896 0.082819 0.741433
    outer loop
      vertex 24.051964 83.297329 8.575468
      vertex 23.845572 84.956803 8.575468
      vertex 23.322503 85.297902 9.007146
    endloop
  endfacet
  facet normal 0.665896 0.082819 0.741433
    outer loop
      vertex 24.051964 83.297329 8.575468
      vertex 23.322503 85.297902 9.007146
      vertex 23.553640 83.439469 9.007146
    endloop
  endfacet
  facet normal -0.708337 -0.115046 -0.696436
    outer loop
      vertex 22.826344 83.646919 9.309618
      vertex 23.197098 81.364194 9.309618
      vertex 22.725618 81.293859 9.800773
    endloop
  endfacet
  facet normal -0.708337 -0.115046 -0.696436
    outer loop
      vertex 22.826344 83.646919 9.309618
      vertex 22.725618 81.293859 9.800773
      vertex 22.319983 83.791352 9.800773
    endloop
  endfacet
  facet normal 0.668395 0.108559 0.735842
    outer loop
      vertex 24.338288 81.534437 8.575468
      vertex 24.051964 83.297329 8.575468
      vertex 23.553640 83.439469 9.007146
    endloop
  endfacet
  facet normal 0.668395 0.108559 0.735842
    outer loop
      vertex 24.338288 81.534437 8.575468
      vertex 23.553640 83.439469 9.007146
      vertex 23.874292 81.465218 9.007146
    endloop
  endfacet
  facet normal -0.700600 -0.159830 -0.695423
    outer loop
      vertex 23.197098 81.364194 9.309618
      vertex 23.715003 79.094009 9.309618
      vertex 23.292249 78.810086 9.800773
    endloop
  endfacet
  facet normal -0.700600 -0.159830 -0.695423
    outer loop
      vertex 23.197098 81.364194 9.309618
      vertex 23.292249 78.810086 9.800773
      vertex 22.725618 81.293859 9.800773
    endloop
  endfacet
  facet normal 0.661200 0.150842 0.734888
    outer loop
      vertex 24.738253 79.781229 8.575468
      vertex 24.338288 81.534437 8.575468
      vertex 23.874292 81.465218 9.007146
    endloop
  endfacet
  facet normal 0.661200 0.150842 0.734888
    outer loop
      vertex 24.738253 79.781229 8.575468
      vertex 23.874292 81.465218 9.007146
      vertex 24.322210 79.501813 9.007146
    endloop
  endfacet
  facet normal -0.687668 -0.188811 -0.701045
    outer loop
      vertex 23.715003 79.094009 9.309618
      vertex 24.295873 76.978421 9.309618
      vertex 23.927770 76.495456 9.800773
    endloop
  endfacet
  facet normal -0.687668 -0.188811 -0.701045
    outer loop
      vertex 23.715003 79.094009 9.309618
      vertex 23.927770 76.495456 9.800773
      vertex 23.292249 78.810086 9.800773
    endloop
  endfacet
  facet normal 0.648420 0.178034 0.740172
    outer loop
      vertex 25.186844 78.147412 8.575468
      vertex 24.738253 79.781229 8.575468
      vertex 24.322210 79.501813 9.007146
    endloop
  endfacet
  facet normal 0.648420 0.178034 0.740172
    outer loop
      vertex 25.186844 78.147412 8.575468
      vertex 24.322210 79.501813 9.007146
      vertex 24.824585 77.672113 9.007146
    endloop
  endfacet
  facet normal -0.683048 -0.195153 -0.703819
    outer loop
      vertex 24.295873 76.978421 9.309618
      vertex 24.855883 75.018347 9.309618
      vertex 24.540468 74.350970 9.800773
    endloop
  endfacet
  facet normal -0.683048 -0.195153 -0.703819
    outer loop
      vertex 24.295873 76.978421 9.309618
      vertex 24.540468 74.350970 9.800773
      vertex 23.927770 76.495456 9.800773
    endloop
  endfacet
  facet normal 0.643781 0.183934 0.742775
    outer loop
      vertex 25.619327 76.633695 8.575468
      vertex 25.186844 78.147412 8.575468
      vertex 24.824585 77.672113 9.007146
    endloop
  endfacet
  facet normal 0.643781 0.183934 0.742775
    outer loop
      vertex 25.619327 76.633695 8.575468
      vertex 24.824585 77.672113 9.007146
      vertex 25.308919 75.976912 9.007146
    endloop
  endfacet
  facet normal 0.151359 -0.631310 -0.760617
    outer loop
      vertex 24.855883 75.018347 9.309618
      vertex 26.503905 75.413467 9.309618
      vertex 26.343543 74.783264 9.800773
    endloop
  endfacet
  facet normal 0.151359 -0.631310 -0.760617
    outer loop
      vertex 24.855883 75.018347 9.309618
      vertex 26.343543 74.783264 9.800773
      vertex 24.540468 74.350970 9.800773
    endloop
  endfacet
  facet normal -0.141339 0.589516 0.795295
    outer loop
      vertex 26.892054 76.938837 8.575468
      vertex 25.619327 76.633695 8.575468
      vertex 25.308919 75.976912 9.007146
    endloop
  endfacet
  facet normal -0.141339 0.589516 0.795295
    outer loop
      vertex 26.892054 76.938837 8.575468
      vertex 25.308919 75.976912 9.007146
      vertex 26.734237 76.318637 9.007146
    endloop
  endfacet
  facet normal 0.163427 -0.631990 -0.757549
    outer loop
      vertex 26.503905 75.413467 9.309618
      vertex 28.227384 75.859143 9.309618
      vertex 28.229173 75.270871 9.800773
    endloop
  endfacet
  facet normal 0.163427 -0.631990 -0.757549
    outer loop
      vertex 26.503905 75.413467 9.309618
      vertex 28.229173 75.270871 9.800773
      vertex 26.343543 74.783264 9.800773
    endloop
  endfacet
  facet normal -0.152686 0.590455 0.792496
    outer loop
      vertex 28.223054 77.283021 8.575468
      vertex 26.892054 76.938837 8.575468
      vertex 26.734237 76.318637 9.007146
    endloop
  endfacet
  facet normal -0.152686 0.590455 0.792496
    outer loop
      vertex 28.223054 77.283021 8.575468
      vertex 26.734237 76.318637 9.007146
      vertex 28.224814 76.704087 9.007146
    endloop
  endfacet
  facet normal 0.186381 -0.629335 -0.754453
    outer loop
      vertex 28.227384 75.859143 9.309618
      vertex 29.993927 76.382315 9.309618
      vertex 30.161919 75.843265 9.800773
    endloop
  endfacet
  facet normal 0.186381 -0.629335 -0.754453
    outer loop
      vertex 28.227384 75.859143 9.309618
      vertex 30.161919 75.843265 9.800773
      vertex 28.229173 75.270871 9.800773
    endloop
  endfacet
  facet normal -0.174223 0.588280 0.789667
    outer loop
      vertex 29.587312 77.687054 8.575468
      vertex 28.223054 77.283021 8.575468
      vertex 28.224814 76.704087 9.007146
    endloop
  endfacet
  facet normal -0.174223 0.588280 0.789667
    outer loop
      vertex 29.587312 77.687054 8.575468
      vertex 28.224814 76.704087 9.007146
      vertex 29.752637 77.156561 9.007146
    endloop
  endfacet
  facet normal 0.214002 -0.620624 -0.754340
    outer loop
      vertex 29.993927 76.382315 9.309618
      vertex 31.738255 76.983789 9.309618
      vertex 32.070361 76.501328 9.800773
    endloop
  endfacet
  facet normal 0.214002 -0.620624 -0.754340
    outer loop
      vertex 29.993927 76.382315 9.309618
      vertex 32.070361 76.501328 9.800773
      vertex 30.161919 75.843265 9.800773
    endloop
  endfacet
  facet normal -0.200045 0.580148 0.789563
    outer loop
      vertex 30.934414 78.151558 8.575468
      vertex 29.587312 77.687054 8.575468
      vertex 29.752637 77.156561 9.007146
    endloop
  endfacet
  facet normal -0.200045 0.580148 0.789563
    outer loop
      vertex 30.934414 78.151558 8.575468
      vertex 29.752637 77.156561 9.007146
      vertex 31.261247 77.676755 9.007146
    endloop
  endfacet
  facet normal 0.235005 -0.609242 -0.757361
    outer loop
      vertex 31.738255 76.983789 9.309618
      vertex 33.405000 77.626708 9.309618
      vertex 33.893919 77.204736 9.800773
    endloop
  endfacet
  facet normal 0.235005 -0.609242 -0.757361
    outer loop
      vertex 31.738255 76.983789 9.309618
      vertex 33.893919 77.204736 9.800773
      vertex 32.070361 76.501328 9.800773
    endloop
  endfacet
  facet normal -0.219567 0.569220 0.792325
    outer loop
      vertex 32.221600 78.648068 8.575468
      vertex 30.934414 78.151558 8.575468
      vertex 31.261247 77.676755 9.007146
    endloop
  endfacet
  facet normal -0.219567 0.569220 0.792325
    outer loop
      vertex 32.221600 78.648068 8.575468
      vertex 31.261247 77.676755 9.007146
      vertex 32.702758 78.232794 9.007146
    endloop
  endfacet
  facet normal 0.245155 -0.601205 -0.760560
    outer loop
      vertex 33.405000 77.626708 9.309618
      vertex 34.980567 78.269181 9.309618
      vertex 35.617721 77.907655 9.800773
    endloop
  endfacet
  facet normal 0.245155 -0.601205 -0.760560
    outer loop
      vertex 33.405000 77.626708 9.309618
      vertex 35.617721 77.907655 9.800773
      vertex 33.893919 77.204736 9.800773
    endloop
  endfacet
  facet normal -0.228927 0.561409 0.795243
    outer loop
      vertex 33.438371 79.144234 8.575468
      vertex 32.221600 78.648068 8.575468
      vertex 32.702758 78.232794 9.007146
    endloop
  endfacet
  facet normal -0.228927 0.561409 0.795243
    outer loop
      vertex 33.438371 79.144234 8.575468
      vertex 32.702758 78.232794 9.007146
      vertex 34.065411 78.788447 9.007146
    endloop
  endfacet
  facet normal 0.247760 -0.598435 -0.761900
    outer loop
      vertex 34.980567 78.269181 9.309618
      vertex 36.477488 78.888926 9.309618
      vertex 37.255479 78.585708 9.800773
    endloop
  endfacet
  facet normal 0.247760 -0.598435 -0.761900
    outer loop
      vertex 34.980567 78.269181 9.309618
      vertex 37.255479 78.585708 9.800773
      vertex 35.617721 77.907655 9.800773
    endloop
  endfacet
  facet normal -0.231308 0.558696 0.796464
    outer loop
      vertex 34.594407 79.622848 8.575468
      vertex 33.438371 79.144234 8.575468
      vertex 34.065411 78.788447 9.007146
    endloop
  endfacet
  facet normal -0.231308 0.558696 0.796464
    outer loop
      vertex 34.594407 79.622848 8.575468
      vertex 34.065411 78.788447 9.007146
      vertex 35.360048 79.324443 9.007146
    endloop
  endfacet
  facet normal 0.246892 -0.599614 -0.761254
    outer loop
      vertex 36.477488 78.888926 9.309618
      vertex 37.912827 79.479929 9.309618
      vertex 38.825860 79.232315 9.800773
    endloop
  endfacet
  facet normal 0.246892 -0.599614 -0.761254
    outer loop
      vertex 36.477488 78.888926 9.309618
      vertex 38.825860 79.232315 9.800773
      vertex 37.255479 78.585708 9.800773
    endloop
  endfacet
  facet normal -0.230523 0.559858 0.795876
    outer loop
      vertex 35.702883 80.079265 8.575468
      vertex 34.594407 79.622848 8.575468
      vertex 35.360048 79.324443 9.007146
    endloop
  endfacet
  facet normal -0.230523 0.559858 0.795876
    outer loop
      vertex 35.702883 80.079265 8.575468
      vertex 35.360048 79.324443 9.007146
      vertex 36.601423 79.835582 9.007146
    endloop
  endfacet
  facet normal 0.501165 0.582497 -0.639945
    outer loop
      vertex 38.825860 79.232315 9.800773
      vertex 36.944701 80.850814 9.800773
      vertex 37.682307 80.744352 10.281515
    endloop
  endfacet
  facet normal 0.501165 0.582497 -0.639945
    outer loop
      vertex 38.825860 79.232315 9.800773
      vertex 37.682307 80.744352 10.281515
      vertex 39.722291 78.989203 10.281515
    endloop
  endfacet
  facet normal -0.476877 -0.554268 0.682184
    outer loop
      vertex 35.114380 81.114994 9.007146
      vertex 36.601423 79.835582 9.007146
      vertex 37.496754 79.592768 9.435738
    endloop
  endfacet
  facet normal -0.476877 -0.554268 0.682184
    outer loop
      vertex 35.114380 81.114994 9.007146
      vertex 37.496754 79.592768 9.435738
      vertex 35.851080 81.008662 9.435738
    endloop
  endfacet
  facet normal 0.504219 0.572031 -0.646949
    outer loop
      vertex 36.944701 80.850814 9.800773
      vertex 34.953347 82.606103 9.800773
      vertex 35.522823 82.647838 10.281515
    endloop
  endfacet
  facet normal 0.504219 0.572031 -0.646949
    outer loop
      vertex 36.944701 80.850814 9.800773
      vertex 35.522823 82.647838 10.281515
      vertex 37.682307 80.744352 10.281515
    endloop
  endfacet
  facet normal -0.479285 -0.543743 0.688934
    outer loop
      vertex 33.540228 82.502538 9.007146
      vertex 35.114380 81.114994 9.007146
      vertex 35.851080 81.008662 9.435738
    endloop
  endfacet
  facet normal -0.479285 -0.543743 0.688934
    outer loop
      vertex 33.540228 82.502538 9.007146
      vertex 35.851080 81.008662 9.435738
      vertex 34.109005 82.544222 9.435738
    endloop
  endfacet
  facet normal 0.503688 0.573105 -0.646413
    outer loop
      vertex 34.953347 82.606103 9.800773
      vertex 32.755429 84.537798 9.800773
      vertex 33.139336 84.742626 10.281515
    endloop
  endfacet
  facet normal 0.503688 0.573105 -0.646413
    outer loop
      vertex 34.953347 82.606103 9.800773
      vertex 33.139336 84.742626 10.281515
      vertex 35.522823 82.647838 10.281515
    endloop
  endfacet
  facet normal -0.478818 -0.544807 0.688417
    outer loop
      vertex 31.802789 84.029529 9.007146
      vertex 33.540228 82.502538 9.007146
      vertex 34.109005 82.544222 9.435738
    endloop
  endfacet
  facet normal -0.478818 -0.544807 0.688417
    outer loop
      vertex 31.802789 84.029529 9.007146
      vertex 34.109005 82.544222 9.435738
      vertex 32.186225 84.234106 9.435738
    endloop
  endfacet
  facet normal 0.474414 0.607060 -0.637502
    outer loop
      vertex 32.755429 84.537798 9.800773
      vertex 30.245300 86.499447 9.800773
      vertex 30.417277 86.869897 10.281515
    endloop
  endfacet
  facet normal 0.474414 0.607060 -0.637502
    outer loop
      vertex 32.755429 84.537798 9.800773
      vertex 30.417277 86.869897 10.281515
      vertex 33.139336 84.742626 10.281515
    endloop
  endfacet
  facet normal -0.451585 -0.577849 0.679825
    outer loop
      vertex 29.818549 85.580200 9.007146
      vertex 31.802789 84.029529 9.007146
      vertex 32.186225 84.234106 9.435738
    endloop
  endfacet
  facet normal -0.451585 -0.577849 0.679825
    outer loop
      vertex 29.818549 85.580200 9.007146
      vertex 32.186225 84.234106 9.435738
      vertex 29.990315 85.950195 9.435738
    endloop
  endfacet
  facet normal 0.422214 0.638735 -0.643237
    outer loop
      vertex 30.245300 86.499447 9.800773
      vertex 27.701209 88.181132 9.800773
      vertex 27.658390 88.693566 10.281515
    endloop
  endfacet
  facet normal 0.422214 0.638735 -0.643237
    outer loop
      vertex 30.245300 86.499447 9.800773
      vertex 27.658390 88.693566 10.281515
      vertex 30.417277 86.869897 10.281515
    endloop
  endfacet
  facet normal -0.401556 -0.607483 0.685359
    outer loop
      vertex 27.807463 86.909560 9.007146
      vertex 29.818549 85.580200 9.007146
      vertex 29.990315 85.950195 9.435738
    endloop
  endfacet
  facet normal -0.401556 -0.607483 0.685359
    outer loop
      vertex 27.807463 86.909560 9.007146
      vertex 29.990315 85.950195 9.435738
      vertex 27.764696 87.421365 9.435738
    endloop
  endfacet
  facet normal 0.408276 0.642486 -0.648477
    outer loop
      vertex 27.701209 88.181132 9.800773
      vertex 25.382942 89.654305 9.800773
      vertex 25.144392 90.291119 10.281515
    endloop
  endfacet
  facet normal 0.408276 0.642486 -0.648477
    outer loop
      vertex 27.701209 88.181132 9.800773
      vertex 25.144392 90.291119 10.281515
      vertex 27.658390 88.693566 10.281515
    endloop
  endfacet
  facet normal -0.387998 -0.610575 0.690403
    outer loop
      vertex 25.974888 88.074094 9.007146
      vertex 27.807463 86.909560 9.007146
      vertex 27.764696 87.421365 9.435738
    endloop
  endfacet
  facet normal -0.387998 -0.610575 0.690403
    outer loop
      vertex 25.974888 88.074094 9.007146
      vertex 27.764696 87.421365 9.435738
      vertex 25.736631 88.710125 9.435738
    endloop
  endfacet
  facet normal 0.417032 0.641948 -0.643419
    outer loop
      vertex 25.382942 89.654305 9.800773
      vertex 23.253235 91.037837 9.800773
      vertex 22.834875 91.791462 10.281515
    endloop
  endfacet
  facet normal 0.417032 0.641948 -0.643419
    outer loop
      vertex 25.382942 89.654305 9.800773
      vertex 22.834875 91.791462 10.281515
      vertex 25.144392 90.291119 10.281515
    endloop
  endfacet
  facet normal -0.396617 -0.610523 0.685534
    outer loop
      vertex 24.291370 89.167766 9.007146
      vertex 25.974888 88.074094 9.007146
      vertex 25.736631 88.710125 9.435738
    endloop
  endfacet
  facet normal -0.396617 -0.610523 0.685534
    outer loop
      vertex 24.291370 89.167766 9.007146
      vertex 25.736631 88.710125 9.435738
      vertex 23.873523 89.920465 9.435738
    endloop
  endfacet
  facet normal 0.428520 0.642880 -0.634883
    outer loop
      vertex 23.253235 91.037837 9.800773
      vertex 21.250794 92.372589 9.800773
      vertex 20.663369 93.238906 10.281515
    endloop
  endfacet
  facet normal 0.428520 0.642880 -0.634883
    outer loop
      vertex 23.253235 91.037837 9.800773
      vertex 20.663369 93.238906 10.281515
      vertex 22.834875 91.791462 10.281515
    endloop
  endfacet
  facet normal -0.408056 -0.612180 0.677293
    outer loop
      vertex 22.708454 90.222878 9.007146
      vertex 24.291370 89.167766 9.007146
      vertex 23.873523 89.920465 9.435738
    endloop
  endfacet
  facet normal -0.408056 -0.612180 0.677293
    outer loop
      vertex 22.708454 90.222878 9.007146
      vertex 23.873523 89.920465 9.435738
      vertex 22.121750 91.088132 9.435738
    endloop
  endfacet
  facet normal -0.710062 -0.094245 -0.697804
    outer loop
      vertex 21.250794 92.372589 9.800773
      vertex 21.512929 90.397605 9.800773
      vertex 20.947635 91.097175 10.281515
    endloop
  endfacet
  facet normal -0.710062 -0.094245 -0.697804
    outer loop
      vertex 21.250794 92.372589 9.800773
      vertex 20.947635 91.097175 10.281515
      vertex 20.663369 93.238906 10.281515
    endloop
  endfacet
  facet normal 0.669691 0.088886 0.737301
    outer loop
      vertex 22.915670 88.661667 9.007146
      vertex 22.708454 90.222878 9.007146
      vertex 22.121750 91.088132 9.435738
    endloop
  endfacet
  facet normal 0.669691 0.088886 0.737301
    outer loop
      vertex 22.915670 88.661667 9.007146
      vertex 22.121750 91.088132 9.435738
      vertex 22.351070 89.360378 9.435738
    endloop
  endfacet
  facet normal -0.706057 -0.087636 -0.702711
    outer loop
      vertex 21.512929 90.397605 9.800773
      vertex 21.769341 88.331774 9.800773
      vertex 21.225696 88.856926 10.281515
    endloop
  endfacet
  facet normal -0.706057 -0.087636 -0.702711
    outer loop
      vertex 21.512929 90.397605 9.800773
      vertex 21.225696 88.856926 10.281515
      vertex 20.947635 91.097175 10.281515
    endloop
  endfacet
  facet normal 0.665396 0.082589 0.741908
    outer loop
      vertex 23.118361 87.028641 9.007146
      vertex 22.915670 88.661667 9.007146
      vertex 22.351070 89.360378 9.435738
    endloop
  endfacet
  facet normal 0.665396 0.082589 0.741908
    outer loop
      vertex 23.118361 87.028641 9.007146
      vertex 22.351070 89.360378 9.435738
      vertex 22.575384 87.553149 9.435738
    endloop
  endfacet
  facet normal -0.703961 -0.083033 -0.705369
    outer loop
      vertex 21.769341 88.331774 9.800773
      vertex 22.027587 86.142331 9.800773
      vertex 21.505746 86.482630 10.281515
    endloop
  endfacet
  facet normal -0.703961 -0.083033 -0.705369
    outer loop
      vertex 21.769341 88.331774 9.800773
      vertex 21.505746 86.482630 10.281515
      vertex 21.225696 88.856926 10.281515
    endloop
  endfacet
  facet normal 0.663139 0.078218 0.744399
    outer loop
      vertex 23.322503 85.297902 9.007146
      vertex 23.118361 87.028641 9.007146
      vertex 22.575384 87.553149 9.435738
    endloop
  endfacet
  facet normal 0.663139 0.078218 0.744399
    outer loop
      vertex 23.322503 85.297902 9.007146
      vertex 22.575384 87.553149 9.435738
      vertex 22.801303 85.637783 9.435738
    endloop
  endfacet
  facet normal -0.705278 -0.087717 -0.703483
    outer loop
      vertex 22.027587 86.142331 9.800773
      vertex 22.319983 83.791352 9.800773
      vertex 21.822828 83.933158 10.281515
    endloop
  endfacet
  facet normal -0.705278 -0.087717 -0.703483
    outer loop
      vertex 22.027587 86.142331 9.800773
      vertex 21.822828 83.933158 10.281515
      vertex 21.505746 86.482630 10.281515
    endloop
  endfacet
  facet normal 0.664580 0.082655 0.742632
    outer loop
      vertex 23.553640 83.439469 9.007146
      vertex 23.322503 85.297902 9.007146
      vertex 22.801303 85.637783 9.435738
    endloop
  endfacet
  facet normal 0.664580 0.082655 0.742632
    outer loop
      vertex 23.553640 83.439469 9.007146
      vertex 22.801303 85.637783 9.435738
      vertex 23.057096 83.581101 9.435738
    endloop
  endfacet
  facet normal -0.707277 -0.114874 -0.697540
    outer loop
      vertex 22.319983 83.791352 9.800773
      vertex 22.725618 81.293859 9.800773
      vertex 22.262711 81.224803 10.281515
    endloop
  endfacet
  facet normal -0.707277 -0.114874 -0.697540
    outer loop
      vertex 22.319983 83.791352 9.800773
      vertex 22.262711 81.224803 10.281515
      vertex 21.822828 83.933158 10.281515
    endloop
  endfacet
  facet normal 0.667093 0.108347 0.737054
    outer loop
      vertex 23.874292 81.465218 9.007146
      vertex 23.553640 83.439469 9.007146
      vertex 23.057096 83.581101 9.435738
    endloop
  endfacet
  facet normal 0.667093 0.108347 0.737054
    outer loop
      vertex 23.874292 81.465218 9.007146
      vertex 23.057096 83.581101 9.435738
      vertex 23.411954 81.396246 9.435738
    endloop
  endfacet
  facet normal -0.699556 -0.159592 -0.696529
    outer loop
      vertex 22.725618 81.293859 9.800773
      vertex 23.292249 78.810086 9.800773
      vertex 22.877183 78.531326 10.281515
    endloop
  endfacet
  facet normal -0.699556 -0.159592 -0.696529
    outer loop
      vertex 22.725618 81.293859 9.800773
      vertex 22.877183 78.531326 10.281515
      vertex 22.262711 81.224803 10.281515
    endloop
  endfacet
  facet normal 0.659916 0.150549 0.736102
    outer loop
      vertex 24.322210 79.501813 9.007146
      vertex 23.874292 81.465218 9.007146
      vertex 23.411954 81.396246 9.435738
    endloop
  endfacet
  facet normal 0.659916 0.150549 0.736102
    outer loop
      vertex 24.322210 79.501813 9.007146
      vertex 23.411954 81.396246 9.435738
      vertex 23.907654 79.223394 9.435738
    endloop
  endfacet
  facet normal -0.686626 -0.188525 -0.702142
    outer loop
      vertex 23.292249 78.810086 9.800773
      vertex 23.927770 76.495456 9.800773
      vertex 23.566360 76.021272 10.281515
    endloop
  endfacet
  facet normal -0.686626 -0.188525 -0.702142
    outer loop
      vertex 23.292249 78.810086 9.800773
      vertex 23.566360 76.021272 10.281515
      vertex 22.877183 78.531326 10.281515
    endloop
  endfacet
  facet normal 0.647142 0.177684 0.741374
    outer loop
      vertex 24.824585 77.672113 9.007146
      vertex 24.322210 79.501813 9.007146
      vertex 23.907654 79.223394 9.435738
    endloop
  endfacet
  facet normal 0.647142 0.177684 0.741374
    outer loop
      vertex 24.824585 77.672113 9.007146
      vertex 23.907654 79.223394 9.435738
      vertex 24.463619 77.198511 9.435738
    endloop
  endfacet
  facet normal -0.682005 -0.194855 -0.704912
    outer loop
      vertex 23.927770 76.495456 9.800773
      vertex 24.540468 74.350970 9.800773
      vertex 24.230789 73.695728 10.281515
    endloop
  endfacet
  facet normal -0.682005 -0.194855 -0.704912
    outer loop
      vertex 23.927770 76.495456 9.800773
      vertex 24.230789 73.695728 10.281515
      vertex 23.566360 76.021272 10.281515
    endloop
  endfacet
  facet normal 0.642503 0.183569 0.743971
    outer loop
      vertex 25.308919 75.976912 9.007146
      vertex 24.824585 77.672113 9.007146
      vertex 24.463619 77.198511 9.435738
    endloop
  endfacet
  facet normal 0.642503 0.183569 0.743971
    outer loop
      vertex 25.308919 75.976912 9.007146
      vertex 24.463619 77.198511 9.435738
      vertex 24.999619 75.322474 9.435738
    endloop
  endfacet
  facet normal 0.151089 -0.630184 -0.761603
    outer loop
      vertex 24.540468 74.350970 9.800773
      vertex 26.343543 74.783264 9.800773
      vertex 26.186096 74.164521 10.281515
    endloop
  endfacet
  facet normal 0.151089 -0.630184 -0.761603
    outer loop
      vertex 24.540468 74.350970 9.800773
      vertex 26.186096 74.164521 10.281515
      vertex 24.230789 73.695728 10.281515
    endloop
  endfacet
  facet normal -0.141017 0.588175 0.796344
    outer loop
      vertex 26.734237 76.318637 9.007146
      vertex 25.308919 75.976912 9.007146
      vertex 24.999619 75.322474 9.435738
    endloop
  endfacet
  facet normal -0.141017 0.588175 0.796344
    outer loop
      vertex 26.734237 76.318637 9.007146
      vertex 24.999619 75.322474 9.435738
      vertex 26.576983 75.700654 9.435738
    endloop
  endfacet
  facet normal 0.163138 -0.630872 -0.758542
    outer loop
      vertex 26.343543 74.783264 9.800773
      vertex 28.229173 75.270871 9.800773
      vertex 28.230929 74.693295 10.281515
    endloop
  endfacet
  facet normal 0.163138 -0.630872 -0.758542
    outer loop
      vertex 26.343543 74.783264 9.800773
      vertex 28.230929 74.693295 10.281515
      vertex 26.186096 74.164521 10.281515
    endloop
  endfacet
  facet normal -0.152341 0.589121 0.793554
    outer loop
      vertex 28.224814 76.704087 9.007146
      vertex 26.734237 76.318637 9.007146
      vertex 26.576983 75.700654 9.435738
    endloop
  endfacet
  facet normal -0.152341 0.589121 0.793554
    outer loop
      vertex 28.224814 76.704087 9.007146
      vertex 26.576983 75.700654 9.435738
      vertex 28.226569 76.127221 9.435738
    endloop
  endfacet
  facet normal 0.186054 -0.628231 -0.755453
    outer loop
      vertex 28.229173 75.270871 9.800773
      vertex 30.161919 75.843265 9.800773
      vertex 30.326856 75.314017 10.281515
    endloop
  endfacet
  facet normal 0.186054 -0.628231 -0.755453
    outer loop
      vertex 28.229173 75.270871 9.800773
      vertex 30.326856 75.314017 10.281515
      vertex 28.230929 74.693295 10.281515
    endloop
  endfacet
  facet normal -0.173832 0.586961 0.790734
    outer loop
      vertex 29.752637 77.156561 9.007146
      vertex 28.224814 76.704087 9.007146
      vertex 28.226569 76.127221 9.435738
    endloop
  endfacet
  facet normal -0.173832 0.586961 0.790734
    outer loop
      vertex 29.752637 77.156561 9.007146
      vertex 28.226569 76.127221 9.435738
      vertex 29.917372 76.627962 9.435738
    endloop
  endfacet
  facet normal 0.213627 -0.619536 -0.755340
    outer loop
      vertex 30.161919 75.843265 9.800773
      vertex 32.070361 76.501328 9.800773
      vertex 32.396427 76.027640 10.281515
    endloop
  endfacet
  facet normal 0.213627 -0.619536 -0.755340
    outer loop
      vertex 30.161919 75.843265 9.800773
      vertex 32.396427 76.027640 10.281515
      vertex 30.326856 75.314017 10.281515
    endloop
  endfacet
  facet normal -0.199597 0.578847 0.790631
    outer loop
      vertex 31.261247 77.676755 9.007146
      vertex 29.752637 77.156561 9.007146
      vertex 29.917372 76.627962 9.435738
    endloop
  endfacet
  facet normal -0.199597 0.578847 0.790631
    outer loop
      vertex 31.261247 77.676755 9.007146
      vertex 29.917372 76.627962 9.435738
      vertex 31.586913 77.203649 9.435738
    endloop
  endfacet
  facet normal 0.234590 -0.608165 -0.758355
    outer loop
      vertex 32.070361 76.501328 9.800773
      vertex 33.893919 77.204736 9.800773
      vertex 34.373948 76.790436 10.281515
    endloop
  endfacet
  facet normal 0.234590 -0.608165 -0.758355
    outer loop
      vertex 32.070361 76.501328 9.800773
      vertex 34.373948 76.790436 10.281515
      vertex 32.396427 76.027640 10.281515
    endloop
  endfacet
  facet normal -0.219072 0.567935 0.793383
    outer loop
      vertex 32.702758 78.232794 9.007146
      vertex 31.261247 77.676755 9.007146
      vertex 31.586913 77.203649 9.435738
    endloop
  endfacet
  facet normal -0.219072 0.567935 0.793383
    outer loop
      vertex 32.702758 78.232794 9.007146
      vertex 31.586913 77.203649 9.435738
      vertex 33.182197 77.819003 9.435738
    endloop
  endfacet
  facet normal 0.244718 -0.600133 -0.761546
    outer loop
      vertex 33.893919 77.204736 9.800773
      vertex 35.617721 77.907655 9.800773
      vertex 36.243290 77.552702 10.281515
    endloop
  endfacet
  facet normal 0.244718 -0.600133 -0.761546
    outer loop
      vertex 33.893919 77.204736 9.800773
      vertex 36.243290 77.552702 10.281515
      vertex 34.373948 76.790436 10.281515
    endloop
  endfacet
  facet normal -0.228407 0.560133 0.796293
    outer loop
      vertex 34.065411 78.788447 9.007146
      vertex 32.702758 78.232794 9.007146
      vertex 33.182197 77.819003 9.435738
    endloop
  endfacet
  facet normal -0.228407 0.560133 0.796293
    outer loop
      vertex 34.065411 78.788447 9.007146
      vertex 33.182197 77.819003 9.435738
      vertex 34.690212 78.433930 9.435738
    endloop
  endfacet
  facet normal 0.247317 -0.597364 -0.762883
    outer loop
      vertex 35.617721 77.907655 9.800773
      vertex 37.255479 78.585708 9.800773
      vertex 38.019323 78.288003 10.281515
    endloop
  endfacet
  facet normal 0.247317 -0.597364 -0.762883
    outer loop
      vertex 35.617721 77.907655 9.800773
      vertex 38.019323 78.288003 10.281515
      vertex 36.243290 77.552702 10.281515
    endloop
  endfacet
  facet normal -0.230780 0.557422 0.797510
    outer loop
      vertex 35.360048 79.324443 9.007146
      vertex 34.065411 78.788447 9.007146
      vertex 34.690212 78.433930 9.435738
    endloop
  endfacet
  facet normal -0.230780 0.557422 0.797510
    outer loop
      vertex 35.360048 79.324443 9.007146
      vertex 34.690212 78.433930 9.435738
      vertex 36.122954 79.027104 9.435738
    endloop
  endfacet
  facet normal 0.246451 -0.598543 -0.762239
    outer loop
      vertex 37.255479 78.585708 9.800773
      vertex 38.825860 79.232315 9.800773
      vertex 39.722291 78.989203 10.281515
    endloop
  endfacet
  facet normal 0.246451 -0.598543 -0.762239
    outer loop
      vertex 37.255479 78.585708 9.800773
      vertex 39.722291 78.989203 10.281515
      vertex 38.019323 78.288003 10.281515
    endloop
  endfacet
  facet normal -0.229998 0.558583 0.796923
    outer loop
      vertex 36.601423 79.835582 9.007146
      vertex 35.360048 79.324443 9.007146
      vertex 36.122954 79.027104 9.435738
    endloop
  endfacet
  facet normal -0.229998 0.558583 0.796923
    outer loop
      vertex 36.601423 79.835582 9.007146
      vertex 36.122954 79.027104 9.435738
      vertex 37.496754 79.592768 9.435738
    endloop
  endfacet
  facet normal 0.514773 0.598313 -0.614028
    outer loop
      vertex 39.722291 78.989203 10.281515
      vertex 37.682307 80.744352 10.281515
      vertex 38.353240 80.647512 10.749633
    endloop
  endfacet
  facet normal 0.514773 0.598313 -0.614028
    outer loop
      vertex 39.722291 78.989203 10.281515
      vertex 38.353240 80.647512 10.749633
      vertex 40.537693 78.768066 10.749633
    endloop
  endfacet
  facet normal -0.495087 -0.575433 0.650973
    outer loop
      vertex 35.851080 81.008662 9.435738
      vertex 37.496754 79.592768 9.435738
      vertex 38.312515 79.371534 9.860591
    endloop
  endfacet
  facet normal -0.495087 -0.575433 0.650973
    outer loop
      vertex 35.851080 81.008662 9.435738
      vertex 38.312515 79.371534 9.860591
      vertex 36.522309 80.911780 9.860591
    endloop
  endfacet
  facet normal 0.518224 0.587919 -0.621124
    outer loop
      vertex 37.682307 80.744352 10.281515
      vertex 35.522823 82.647838 10.281515
      vertex 36.040824 82.685802 10.749633
    endloop
  endfacet
  facet normal 0.518224 0.587919 -0.621124
    outer loop
      vertex 37.682307 80.744352 10.281515
      vertex 36.040824 82.685802 10.749633
      vertex 38.353240 80.647512 10.749633
    endloop
  endfacet
  facet normal -0.497972 -0.564943 0.657923
    outer loop
      vertex 34.109005 82.544222 9.435738
      vertex 35.851080 81.008662 9.435738
      vertex 36.522309 80.911780 9.860591
    endloop
  endfacet
  facet normal -0.497972 -0.564943 0.657923
    outer loop
      vertex 34.109005 82.544222 9.435738
      vertex 36.522309 80.911780 9.860591
      vertex 34.627234 82.582202 9.860591
    endloop
  endfacet
  facet normal 0.517653 0.588995 -0.620580
    outer loop
      vertex 35.522823 82.647838 10.281515
      vertex 33.139336 84.742626 10.281515
      vertex 33.488541 84.928940 10.749633
    endloop
  endfacet
  facet normal 0.517653 0.588995 -0.620580
    outer loop
      vertex 35.522823 82.647838 10.281515
      vertex 33.488541 84.928940 10.749633
      vertex 36.040824 82.685802 10.749633
    endloop
  endfacet
  facet normal -0.497457 -0.566016 0.657391
    outer loop
      vertex 32.186225 84.234106 9.435738
      vertex 34.109005 82.544222 9.435738
      vertex 34.627234 82.582202 9.860591
    endloop
  endfacet
  facet normal -0.497457 -0.566016 0.657391
    outer loop
      vertex 32.186225 84.234106 9.435738
      vertex 34.627234 82.582202 9.860591
      vertex 32.535584 84.420502 9.860591
    endloop
  endfacet
  facet normal 0.487193 0.623412 -0.611556
    outer loop
      vertex 33.139336 84.742626 10.281515
      vertex 30.417277 86.869897 10.281515
      vertex 30.573709 87.206862 10.749633
    endloop
  endfacet
  facet normal 0.487193 0.623412 -0.611556
    outer loop
      vertex 33.139336 84.742626 10.281515
      vertex 30.573709 87.206862 10.749633
      vertex 33.488541 84.928940 10.749633
    endloop
  endfacet
  facet normal -0.468703 -0.599753 0.648548
    outer loop
      vertex 29.990315 85.950195 9.435738
      vertex 32.186225 84.234106 9.435738
      vertex 32.535584 84.420502 9.860591
    endloop
  endfacet
  facet normal -0.468703 -0.599753 0.648548
    outer loop
      vertex 29.990315 85.950195 9.435738
      vertex 32.535584 84.420502 9.860591
      vertex 30.146816 86.287308 9.860591
    endloop
  endfacet
  facet normal 0.433801 0.656264 -0.617361
    outer loop
      vertex 30.417277 86.869897 10.281515
      vertex 27.658390 88.693566 10.281515
      vertex 27.619441 89.159680 10.749633
    endloop
  endfacet
  facet normal 0.433801 0.656264 -0.617361
    outer loop
      vertex 30.417277 86.869897 10.281515
      vertex 27.619441 89.159680 10.749633
      vertex 30.573709 87.206862 10.749633
    endloop
  endfacet
  facet normal -0.417041 -0.630910 0.654240
    outer loop
      vertex 27.764696 87.421365 9.435738
      vertex 29.990315 85.950195 9.435738
      vertex 30.146816 86.287308 9.860591
    endloop
  endfacet
  facet normal -0.417041 -0.630910 0.654240
    outer loop
      vertex 27.764696 87.421365 9.435738
      vertex 30.146816 86.287308 9.860591
      vertex 27.725730 87.887685 9.860591
    endloop
  endfacet
  facet normal 0.419672 0.660419 -0.622674
    outer loop
      vertex 27.658390 88.693566 10.281515
      vertex 25.144392 90.291119 10.281515
      vertex 24.927404 90.870370 10.749633
    endloop
  endfacet
  facet normal 0.419672 0.660419 -0.622674
    outer loop
      vertex 27.658390 88.693566 10.281515
      vertex 24.927404 90.870370 10.749633
      vertex 27.619441 89.159680 10.749633
    endloop
  endfacet
  facet normal -0.403194 -0.634489 0.659438
    outer loop
      vertex 25.736631 88.710125 9.435738
      vertex 27.764696 87.421365 9.435738
      vertex 27.725730 87.887685 9.860591
    endloop
  endfacet
  facet normal -0.403194 -0.634489 0.659438
    outer loop
      vertex 25.736631 88.710125 9.435738
      vertex 27.725730 87.887685 9.860591
      vertex 25.519548 89.289632 9.860591
    endloop
  endfacet
  facet normal 0.428483 0.659575 -0.617546
    outer loop
      vertex 25.144392 90.291119 10.281515
      vertex 22.834875 91.791462 10.281515
      vertex 22.454330 92.476966 10.749633
    endloop
  endfacet
  facet normal 0.428483 0.659575 -0.617546
    outer loop
      vertex 25.144392 90.291119 10.281515
      vertex 22.454330 92.476966 10.749633
      vertex 24.927404 90.870370 10.749633
    endloop
  endfacet
  facet normal -0.411920 -0.634079 0.654421
    outer loop
      vertex 23.873523 89.920465 9.435738
      vertex 25.736631 88.710125 9.435738
      vertex 25.519548 89.289632 9.860591
    endloop
  endfacet
  facet normal -0.411920 -0.634079 0.654421
    outer loop
      vertex 23.873523 89.920465 9.435738
      vertex 25.519548 89.289632 9.860591
      vertex 23.492811 90.606271 9.860591
    endloop
  endfacet
  facet normal 0.439964 0.660049 -0.608906
    outer loop
      vertex 22.834875 91.791462 10.281515
      vertex 20.663369 93.238906 10.281515
      vertex 20.129041 94.026916 10.749633
    endloop
  endfacet
  facet normal 0.439964 0.660049 -0.608906
    outer loop
      vertex 22.834875 91.791462 10.281515
      vertex 20.129041 94.026916 10.749633
      vertex 22.454330 92.476966 10.749633
    endloop
  endfacet
  facet normal -0.423403 -0.635204 0.645946
    outer loop
      vertex 22.121750 91.088132 9.435738
      vertex 23.873523 89.920465 9.435738
      vertex 23.492811 90.606271 9.860591
    endloop
  endfacet
  facet normal -0.423403 -0.635204 0.645946
    outer loop
      vertex 22.121750 91.088132 9.435738
      vertex 23.492811 90.606271 9.860591
      vertex 21.587186 91.876489 9.860591
    endloop
  endfacet
  facet normal -0.733165 -0.097311 -0.673053
    outer loop
      vertex 20.663369 93.238906 10.281515
      vertex 20.947635 91.097175 10.281515
      vertex 20.433438 91.733511 10.749633
    endloop
  endfacet
  facet normal -0.733165 -0.097311 -0.673053
    outer loop
      vertex 20.663369 93.238906 10.281515
      vertex 20.433438 91.733511 10.749633
      vertex 20.129041 94.026916 10.749633
    endloop
  endfacet
  facet normal 0.699858 0.092890 0.708217
    outer loop
      vertex 22.351070 89.360378 9.435738
      vertex 22.121750 91.088132 9.435738
      vertex 21.587186 91.876489 9.860591
    endloop
  endfacet
  facet normal 0.699858 0.092890 0.708217
    outer loop
      vertex 22.351070 89.360378 9.435738
      vertex 21.587186 91.876489 9.860591
      vertex 21.836647 89.996994 9.860591
    endloop
  endfacet
  facet normal -0.729370 -0.090530 -0.678103
    outer loop
      vertex 20.947635 91.097175 10.281515
      vertex 21.225696 88.856926 10.281515
      vertex 20.731191 89.334610 10.749633
    endloop
  endfacet
  facet normal -0.729370 -0.090530 -0.678103
    outer loop
      vertex 20.947635 91.097175 10.281515
      vertex 20.731191 89.334610 10.749633
      vertex 20.433438 91.733511 10.749633
    endloop
  endfacet
  facet normal 0.695770 0.086359 0.713054
    outer loop
      vertex 22.575384 87.553149 9.435738
      vertex 22.351070 89.360378 9.435738
      vertex 21.836647 89.996994 9.860591
    endloop
  endfacet
  facet normal 0.695770 0.086359 0.713054
    outer loop
      vertex 22.575384 87.553149 9.435738
      vertex 21.836647 89.996994 9.860591
      vertex 22.080661 88.031043 9.860591
    endloop
  endfacet
  facet normal -0.727389 -0.085796 -0.680840
    outer loop
      vertex 21.225696 88.856926 10.281515
      vertex 21.505746 86.482630 10.281515
      vertex 21.031074 86.792168 10.749633
    endloop
  endfacet
  facet normal -0.727389 -0.085796 -0.680840
    outer loop
      vertex 21.225696 88.856926 10.281515
      vertex 21.031074 86.792168 10.749633
      vertex 20.731191 89.334610 10.749633
    endloop
  endfacet
  facet normal 0.693628 0.081814 0.715672
    outer loop
      vertex 22.801303 85.637783 9.435738
      vertex 22.575384 87.553149 9.435738
      vertex 22.080661 88.031043 9.860591
    endloop
  endfacet
  facet normal 0.693628 0.081814 0.715672
    outer loop
      vertex 22.801303 85.637783 9.435738
      vertex 22.080661 88.031043 9.860591
      vertex 22.326422 85.947458 9.860591
    endloop
  endfacet
  facet normal -0.728619 -0.090620 -0.678898
    outer loop
      vertex 21.505746 86.482630 10.281515
      vertex 21.822828 83.933158 10.281515
      vertex 21.370611 84.062146 10.749633
    endloop
  endfacet
  facet normal -0.728619 -0.090620 -0.678898
    outer loop
      vertex 21.505746 86.482630 10.281515
      vertex 21.370611 84.062146 10.749633
      vertex 21.031074 86.792168 10.749633
    endloop
  endfacet
  facet normal 0.694980 0.086436 0.713815
    outer loop
      vertex 23.057096 83.581101 9.435738
      vertex 22.801303 85.637783 9.435738
      vertex 22.326422 85.947458 9.860591
    endloop
  endfacet
  facet normal 0.694980 0.086436 0.713815
    outer loop
      vertex 23.057096 83.581101 9.435738
      vertex 22.326422 85.947458 9.860591
      vertex 22.604680 83.710146 9.860591
    endloop
  endfacet
  facet normal -0.730271 -0.118609 -0.672782
    outer loop
      vertex 21.822828 83.933158 10.281515
      vertex 22.262711 81.224803 10.281515
      vertex 21.841647 81.161988 10.749633
    endloop
  endfacet
  facet normal -0.730271 -0.118609 -0.672782
    outer loop
      vertex 21.822828 83.933158 10.281515
      vertex 21.841647 81.161988 10.749633
      vertex 21.370611 84.062146 10.749633
    endloop
  endfacet
  facet normal 0.697120 0.113224 0.707957
    outer loop
      vertex 23.411954 81.396246 9.435738
      vertex 23.057096 83.581101 9.435738
      vertex 22.604680 83.710146 9.860591
    endloop
  endfacet
  facet normal 0.697120 0.113224 0.707957
    outer loop
      vertex 23.411954 81.396246 9.435738
      vertex 22.604680 83.710146 9.860591
      vertex 22.990703 81.333404 9.860591
    endloop
  endfacet
  facet normal -0.722230 -0.164765 -0.671742
    outer loop
      vertex 22.262711 81.224803 10.281515
      vertex 22.877183 78.531326 10.281515
      vertex 22.499635 78.277763 10.749633
    endloop
  endfacet
  facet normal -0.722230 -0.164765 -0.671742
    outer loop
      vertex 22.262711 81.224803 10.281515
      vertex 22.499635 78.277763 10.749633
      vertex 21.841647 81.161988 10.749633
    endloop
  endfacet
  facet normal 0.689538 0.157307 0.706960
    outer loop
      vertex 23.907654 79.223394 9.435738
      vertex 23.411954 81.396246 9.435738
      vertex 22.990703 81.333404 9.860591
    endloop
  endfacet
  facet normal 0.689538 0.157307 0.706960
    outer loop
      vertex 23.907654 79.223394 9.435738
      vertex 22.990703 81.333404 9.860591
      vertex 23.529939 78.969719 9.860591
    endloop
  endfacet
  facet normal -0.709259 -0.194739 -0.677517
    outer loop
      vertex 22.877183 78.531326 10.281515
      vertex 23.566360 76.021272 10.281515
      vertex 23.237618 75.589950 10.749633
    endloop
  endfacet
  facet normal -0.709259 -0.194739 -0.677517
    outer loop
      vertex 22.877183 78.531326 10.281515
      vertex 23.237618 75.589950 10.749633
      vertex 22.499635 78.277763 10.749633
    endloop
  endfacet
  facet normal 0.676638 0.185782 0.712493
    outer loop
      vertex 24.463619 77.198511 9.435738
      vertex 23.907654 79.223394 9.435738
      vertex 23.529939 78.969719 9.860591
    endloop
  endfacet
  facet normal 0.676638 0.185782 0.712493
    outer loop
      vertex 24.463619 77.198511 9.435738
      vertex 23.529939 78.969719 9.860591
      vertex 24.134732 76.766999 9.860591
    endloop
  endfacet
  facet normal -0.704672 -0.201331 -0.680370
    outer loop
      vertex 23.566360 76.021272 10.281515
      vertex 24.230789 73.695728 10.281515
      vertex 23.949101 73.099713 10.749633
    endloop
  endfacet
  facet normal -0.704672 -0.201331 -0.680370
    outer loop
      vertex 23.566360 76.021272 10.281515
      vertex 23.949101 73.099713 10.749633
      vertex 23.237618 75.589950 10.749633
    endloop
  endfacet
  facet normal 0.672007 0.191999 0.715222
    outer loop
      vertex 24.999619 75.322474 9.435738
      vertex 24.463619 77.198511 9.435738
      vertex 24.134732 76.766999 9.860591
    endloop
  endfacet
  facet normal 0.672007 0.191999 0.715222
    outer loop
      vertex 24.999619 75.322474 9.435738
      vertex 24.134732 76.766999 9.860591
      vertex 24.717808 74.726197 9.860591
    endloop
  endfacet
  facet normal 0.157001 -0.654842 -0.739279
    outer loop
      vertex 24.230789 73.695728 10.281515
      vertex 26.186096 74.164521 10.281515
      vertex 26.042881 73.601706 10.749633
    endloop
  endfacet
  facet normal 0.157001 -0.654842 -0.739279
    outer loop
      vertex 24.230789 73.695728 10.281515
      vertex 26.042881 73.601706 10.749633
      vertex 23.949101 73.099713 10.749633
    endloop
  endfacet
  facet normal -0.148513 0.619440 0.770868
    outer loop
      vertex 26.576983 75.700654 9.435738
      vertex 24.999619 75.322474 9.435738
      vertex 24.717808 74.726197 9.860591
    endloop
  endfacet
  facet normal -0.148513 0.619440 0.770868
    outer loop
      vertex 26.576983 75.700654 9.435738
      vertex 24.717808 74.726197 9.860591
      vertex 26.433705 75.137590 9.860591
    endloop
  endfacet
  facet normal 0.169467 -0.655347 -0.736072
    outer loop
      vertex 26.186096 74.164521 10.281515
      vertex 28.230929 74.693295 10.281515
      vertex 28.232527 74.167928 10.749633
    endloop
  endfacet
  facet normal 0.169467 -0.655347 -0.736072
    outer loop
      vertex 26.186096 74.164521 10.281515
      vertex 28.232527 74.167928 10.749633
      vertex 26.042881 73.601706 10.749633
    endloop
  endfacet
  facet normal -0.160378 0.620200 0.767874
    outer loop
      vertex 28.226569 76.127221 9.435738
      vertex 26.576983 75.700654 9.435738
      vertex 26.433705 75.137590 9.860591
    endloop
  endfacet
  facet normal -0.160378 0.620200 0.767874
    outer loop
      vertex 28.226569 76.127221 9.435738
      vertex 26.433705 75.137590 9.860591
      vertex 28.228167 75.601621 9.860591
    endloop
  endfacet
  facet normal 0.193210 -0.652394 -0.732839
    outer loop
      vertex 28.230929 74.693295 10.281515
      vertex 30.326856 75.314017 10.281515
      vertex 30.476885 74.832607 10.749633
    endloop
  endfacet
  facet normal 0.193210 -0.652394 -0.732839
    outer loop
      vertex 28.230929 74.693295 10.281515
      vertex 30.476885 74.832607 10.749633
      vertex 28.232527 74.167928 10.749633
    endloop
  endfacet
  facet normal -0.182932 0.617688 0.764851
    outer loop
      vertex 29.917372 76.627962 9.435738
      vertex 28.226569 76.127221 9.435738
      vertex 28.228167 75.601621 9.860591
    endloop
  endfacet
  facet normal -0.182932 0.617688 0.764851
    outer loop
      vertex 29.917372 76.627962 9.435738
      vertex 28.228167 75.601621 9.860591
      vertex 30.067467 76.146341 9.860591
    endloop
  endfacet
  facet normal 0.221840 -0.643356 -0.732721
    outer loop
      vertex 30.326856 75.314017 10.281515
      vertex 32.396427 76.027640 10.281515
      vertex 32.693020 75.596769 10.749633
    endloop
  endfacet
  facet normal 0.221840 -0.643356 -0.732721
    outer loop
      vertex 30.326856 75.314017 10.281515
      vertex 32.693020 75.596769 10.749633
      vertex 30.476885 74.832607 10.749633
    endloop
  endfacet
  facet normal -0.210043 0.609142 0.764741
    outer loop
      vertex 31.586913 77.203649 9.435738
      vertex 29.917372 76.627962 9.435738
      vertex 30.067467 76.146341 9.860591
    endloop
  endfacet
  facet normal -0.210043 0.609142 0.764741
    outer loop
      vertex 31.586913 77.203649 9.435738
      vertex 30.067467 76.146341 9.860591
      vertex 31.883637 76.772588 9.860591
    endloop
  endfacet
  facet normal 0.243686 -0.631747 -0.735876
    outer loop
      vertex 32.396427 76.027640 10.281515
      vertex 34.373948 76.790436 10.281515
      vertex 34.810587 76.413585 10.749633
    endloop
  endfacet
  facet normal 0.243686 -0.631747 -0.735876
    outer loop
      vertex 32.396427 76.027640 10.281515
      vertex 34.810587 76.413585 10.749633
      vertex 32.693020 75.596769 10.749633
    endloop
  endfacet
  facet normal -0.230623 0.597882 0.767691
    outer loop
      vertex 33.182197 77.819003 9.435738
      vertex 31.586913 77.203649 9.435738
      vertex 31.883637 76.772588 9.860591
    endloop
  endfacet
  facet normal -0.230623 0.597882 0.767691
    outer loop
      vertex 33.182197 77.819003 9.435738
      vertex 31.883637 76.772588 9.860591
      vertex 33.619029 77.441986 9.860591
    endloop
  endfacet
  facet normal 0.254292 -0.623611 -0.739219
    outer loop
      vertex 34.373948 76.790436 10.281515
      vertex 36.243290 77.552702 10.281515
      vertex 36.812313 77.229834 10.749633
    endloop
  endfacet
  facet normal 0.254292 -0.623611 -0.739219
    outer loop
      vertex 34.373948 76.790436 10.281515
      vertex 36.812313 77.229834 10.749633
      vertex 34.810587 76.413585 10.749633
    endloop
  endfacet
  facet normal -0.240546 0.589903 0.770813
    outer loop
      vertex 34.690212 78.433930 9.435738
      vertex 33.182197 77.819003 9.435738
      vertex 33.619029 77.441986 9.860591
    endloop
  endfacet
  facet normal -0.240546 0.589903 0.770813
    outer loop
      vertex 34.690212 78.433930 9.435738
      vertex 33.619029 77.441986 9.860591
      vertex 35.259487 78.110919 9.860591
    endloop
  endfacet
  facet normal 0.257028 -0.620821 -0.740620
    outer loop
      vertex 36.243290 77.552702 10.281515
      vertex 38.019323 78.288003 10.281515
      vertex 38.714123 78.017208 10.749633
    endloop
  endfacet
  facet normal 0.257028 -0.620821 -0.740620
    outer loop
      vertex 36.243290 77.552702 10.281515
      vertex 38.714123 78.017208 10.749633
      vertex 36.812313 77.229834 10.749633
    endloop
  endfacet
  facet normal -0.243086 0.587146 0.772120
    outer loop
      vertex 36.122954 79.027104 9.435738
      vertex 34.690212 78.433930 9.435738
      vertex 35.259487 78.110919 9.860591
    endloop
  endfacet
  facet normal -0.243086 0.587146 0.772120
    outer loop
      vertex 36.122954 79.027104 9.435738
      vertex 35.259487 78.110919 9.860591
      vertex 36.818061 78.756190 9.860591
    endloop
  endfacet
  facet normal 0.256111 -0.622004 -0.739944
    outer loop
      vertex 38.019323 78.288003 10.281515
      vertex 39.722291 78.989203 10.281515
      vertex 40.537693 78.768066 10.749633
    endloop
  endfacet
  facet normal 0.256111 -0.622004 -0.739944
    outer loop
      vertex 38.019323 78.288003 10.281515
      vertex 40.537693 78.768066 10.749633
      vertex 38.714123 78.017208 10.749633
    endloop
  endfacet
  facet normal -0.242243 0.588322 0.771489
    outer loop
      vertex 37.496754 79.592768 9.435738
      vertex 36.122954 79.027104 9.435738
      vertex 36.818061 78.756190 9.860591
    endloop
  endfacet
  facet normal -0.242243 0.588322 0.771489
    outer loop
      vertex 37.496754 79.592768 9.435738
      vertex 36.818061 78.756190 9.860591
      vertex 38.312515 79.371534 9.860591
    endloop
  endfacet
  facet normal 0.545579 0.634118 -0.547940
    outer loop
      vertex 40.537693 78.768066 10.749633
      vertex 38.353240 80.647512 10.749633
      vertex 38.900255 80.568559 11.202920
    endloop
  endfacet
  facet normal 0.545579 0.634118 -0.547940
    outer loop
      vertex 40.537693 78.768066 10.749633
      vertex 38.900255 80.568559 11.202920
      vertex 41.202495 78.587772 11.202920
    endloop
  endfacet
  facet normal -0.532842 -0.619314 0.576654
    outer loop
      vertex 36.522309 80.911780 9.860591
      vertex 38.312515 79.371534 9.860591
      vertex 38.976997 79.191327 10.281048
    endloop
  endfacet
  facet normal -0.532842 -0.619314 0.576654
    outer loop
      vertex 36.522309 80.911780 9.860591
      vertex 38.976997 79.191327 10.281048
      vertex 37.069061 80.832865 10.281048
    endloop
  endfacet
  facet normal 0.550025 0.623997 -0.555068
    outer loop
      vertex 38.353240 80.647512 10.749633
      vertex 36.040824 82.685802 10.749633
      vertex 36.463152 82.716754 11.202920
    endloop
  endfacet
  facet normal 0.550025 0.623997 -0.555068
    outer loop
      vertex 38.353240 80.647512 10.749633
      vertex 36.463152 82.716754 11.202920
      vertex 38.900255 80.568559 11.202920
    endloop
  endfacet
  facet normal -0.536860 -0.609061 0.583803
    outer loop
      vertex 34.627234 82.582202 9.860591
      vertex 36.522309 80.911780 9.860591
      vertex 37.069061 80.832865 10.281048
    endloop
  endfacet
  facet normal -0.536860 -0.609061 0.583803
    outer loop
      vertex 34.627234 82.582202 9.860591
      vertex 37.069061 80.832865 10.281048
      vertex 35.049360 82.613139 10.281048
    endloop
  endfacet
  facet normal 0.549358 0.625070 -0.554520
    outer loop
      vertex 36.040824 82.685802 10.749633
      vertex 33.488541 84.928940 10.749633
      vertex 33.773250 85.080842 11.202920
    endloop
  endfacet
  facet normal 0.549358 0.625070 -0.554520
    outer loop
      vertex 36.040824 82.685802 10.749633
      vertex 33.773250 85.080842 11.202920
      vertex 36.463152 82.716754 11.202920
    endloop
  endfacet
  facet normal -0.536234 -0.610137 0.583254
    outer loop
      vertex 32.535584 84.420502 9.860591
      vertex 34.627234 82.582202 9.860591
      vertex 35.049360 82.613139 10.281048
    endloop
  endfacet
  facet normal -0.536234 -0.610137 0.583254
    outer loop
      vertex 32.535584 84.420502 9.860591
      vertex 35.049360 82.613139 10.281048
      vertex 32.820156 84.572331 10.281048
    endloop
  endfacet
  facet normal 0.516092 0.660393 -0.545463
    outer loop
      vertex 33.488541 84.928940 10.749633
      vertex 30.573709 87.206862 10.749633
      vertex 30.701249 87.481591 11.202920
    endloop
  endfacet
  facet normal 0.516092 0.660393 -0.545463
    outer loop
      vertex 33.488541 84.928940 10.749633
      vertex 30.701249 87.481591 11.202920
      vertex 33.773250 85.080842 11.202920
    endloop
  endfacet
  facet normal -0.504149 -0.645109 0.574167
    outer loop
      vertex 30.146816 86.287308 9.860591
      vertex 32.535584 84.420502 9.860591
      vertex 32.820156 84.572331 10.281048
    endloop
  endfacet
  facet normal -0.504149 -0.645109 0.574167
    outer loop
      vertex 30.146816 86.287308 9.860591
      vertex 32.820156 84.572331 10.281048
      vertex 30.274295 86.561905 10.281048
    endloop
  endfacet
  facet normal 0.460070 0.696004 -0.551284
    outer loop
      vertex 30.573709 87.206862 10.749633
      vertex 27.619441 89.159680 10.749633
      vertex 27.587686 89.539706 11.202920
    endloop
  endfacet
  facet normal 0.460070 0.696004 -0.551284
    outer loop
      vertex 30.573709 87.206862 10.749633
      vertex 27.587686 89.539706 11.202920
      vertex 30.701249 87.481591 11.202920
    endloop
  endfacet
  facet normal -0.449202 -0.679563 0.580009
    outer loop
      vertex 27.725730 87.887685 9.860591
      vertex 30.146816 86.287308 9.860591
      vertex 30.274295 86.561905 10.281048
    endloop
  endfacet
  facet normal -0.449202 -0.679563 0.580009
    outer loop
      vertex 27.725730 87.887685 9.860591
      vertex 30.274295 86.561905 10.281048
      vertex 27.693990 88.267528 10.281048
    endloop
  endfacet
  facet normal 0.445566 0.701167 -0.556629
    outer loop
      vertex 27.619441 89.159680 10.749633
      vertex 24.927404 90.870370 10.749633
      vertex 24.750494 91.342636 11.202920
    endloop
  endfacet
  facet normal 0.445566 0.701167 -0.556629
    outer loop
      vertex 27.619441 89.159680 10.749633
      vertex 24.750494 91.342636 11.202920
      vertex 27.587686 89.539706 11.202920
    endloop
  endfacet
  facet normal -0.434843 -0.684293 0.585367
    outer loop
      vertex 25.519548 89.289632 9.860591
      vertex 27.725730 87.887685 9.860591
      vertex 27.693990 88.267528 10.281048
    endloop
  endfacet
  facet normal -0.434843 -0.684293 0.585367
    outer loop
      vertex 25.519548 89.289632 9.860591
      vertex 27.693990 88.267528 10.281048
      vertex 25.342722 89.761671 10.281048
    endloop
  endfacet
  facet normal 0.454447 0.699542 -0.551469
    outer loop
      vertex 24.927404 90.870370 10.749633
      vertex 22.454330 92.476966 10.749633
      vertex 22.144071 93.035860 11.202920
    endloop
  endfacet
  facet normal 0.454447 0.699542 -0.551469
    outer loop
      vertex 24.927404 90.870370 10.749633
      vertex 22.144071 93.035860 11.202920
      vertex 24.750494 91.342636 11.202920
    endloop
  endfacet
  facet normal -0.443705 -0.683007 0.580195
    outer loop
      vertex 23.492811 90.606271 9.860591
      vertex 25.519548 89.289632 9.860591
      vertex 25.342722 89.761671 10.281048
    endloop
  endfacet
  facet normal -0.443705 -0.683007 0.580195
    outer loop
      vertex 23.492811 90.606271 9.860591
      vertex 25.342722 89.761671 10.281048
      vertex 23.182700 91.164897 10.281048
    endloop
  endfacet
  facet normal 0.465816 0.698834 -0.542814
    outer loop
      vertex 22.454330 92.476966 10.749633
      vertex 20.129041 94.026916 10.749633
      vertex 19.693400 94.669385 11.202920
    endloop
  endfacet
  facet normal 0.465816 0.698834 -0.542814
    outer loop
      vertex 22.454330 92.476966 10.749633
      vertex 19.693400 94.669385 11.202920
      vertex 22.144071 93.035860 11.202920
    endloop
  endfacet
  facet normal -0.455137 -0.682812 0.571505
    outer loop
      vertex 21.587186 91.876489 9.860591
      vertex 23.492811 90.606271 9.860591
      vertex 23.182700 91.164897 10.281048
    endloop
  endfacet
  facet normal -0.455137 -0.682812 0.571505
    outer loop
      vertex 21.587186 91.876489 9.860591
      vertex 23.182700 91.164897 10.281048
      vertex 21.151755 92.518649 10.281048
    endloop
  endfacet
  facet normal -0.786874 -0.104440 -0.608212
    outer loop
      vertex 20.129041 94.026916 10.749633
      vertex 20.433438 91.733511 10.749633
      vertex 20.014211 92.252318 11.202920
    endloop
  endfacet
  facet normal -0.786874 -0.104440 -0.608212
    outer loop
      vertex 20.129041 94.026916 10.749633
      vertex 20.014211 92.252318 11.202920
      vertex 19.693400 94.669385 11.202920
    endloop
  endfacet
  facet normal 0.764421 0.101460 0.636684
    outer loop
      vertex 21.836647 89.996994 9.860591
      vertex 21.587186 91.876489 9.860591
      vertex 21.151755 92.518649 10.281048
    endloop
  endfacet
  facet normal 0.764421 0.101460 0.636684
    outer loop
      vertex 21.836647 89.996994 9.860591
      vertex 21.151755 92.518649 10.281048
      vertex 21.417621 90.515552 10.281048
    endloop
  endfacet
  facet normal -0.783698 -0.097273 -0.613478
    outer loop
      vertex 20.433438 91.733511 10.749633
      vertex 20.731191 89.334610 10.749633
      vertex 20.328019 89.724068 11.202920
    endloop
  endfacet
  facet normal -0.783698 -0.097273 -0.613478
    outer loop
      vertex 20.433438 91.733511 10.749633
      vertex 20.328019 89.724068 11.202920
      vertex 20.014211 92.252318 11.202920
    endloop
  endfacet
  facet normal 0.760963 0.094451 0.641883
    outer loop
      vertex 22.080661 88.031043 9.860591
      vertex 21.836647 89.996994 9.860591
      vertex 21.417621 90.515552 10.281048
    endloop
  endfacet
  facet normal 0.760963 0.094451 0.641883
    outer loop
      vertex 22.080661 88.031043 9.860591
      vertex 21.417621 90.515552 10.281048
      vertex 21.677683 88.420314 10.281048
    endloop
  endfacet
  facet normal -0.782059 -0.092244 -0.616340
    outer loop
      vertex 20.731191 89.334610 10.749633
      vertex 21.031074 86.792168 10.749633
      vertex 20.644072 87.044537 11.202920
    endloop
  endfacet
  facet normal -0.782059 -0.092244 -0.616340
    outer loop
      vertex 20.731191 89.334610 10.749633
      vertex 20.644072 87.044537 11.202920
      vertex 20.328019 89.724068 11.202920
    endloop
  endfacet
  facet normal 0.759169 0.089544 0.644705
    outer loop
      vertex 22.326422 85.947458 9.860591
      vertex 22.080661 88.031043 9.860591
      vertex 21.677683 88.420314 10.281048
    endloop
  endfacet
  facet normal 0.759169 0.089544 0.644705
    outer loop
      vertex 22.326422 85.947458 9.860591
      vertex 21.677683 88.420314 10.281048
      vertex 21.939605 86.199705 10.281048
    endloop
  endfacet
  facet normal -0.783033 -0.097387 -0.614309
    outer loop
      vertex 21.031074 86.792168 10.749633
      vertex 21.370611 84.062146 10.749633
      vertex 21.001917 84.167311 11.202920
    endloop
  endfacet
  facet normal -0.783033 -0.097387 -0.614309
    outer loop
      vertex 21.031074 86.792168 10.749633
      vertex 21.001917 84.167311 11.202920
      vertex 20.644072 87.044537 11.202920
    endloop
  endfacet
  facet normal 0.760259 0.094555 0.642702
    outer loop
      vertex 22.604680 83.710146 9.860591
      vertex 22.326422 85.947458 9.860591
      vertex 21.939605 86.199705 10.281048
    endloop
  endfacet
  facet normal 0.760259 0.094555 0.642702
    outer loop
      vertex 22.604680 83.710146 9.860591
      vertex 21.939605 86.199705 10.281048
      vertex 22.236163 83.815260 10.281048
    endloop
  endfacet
  facet normal -0.783720 -0.127290 -0.607931
    outer loop
      vertex 21.370611 84.062146 10.749633
      vertex 21.841647 81.161988 10.749633
      vertex 21.498351 81.110775 11.202920
    endloop
  endfacet
  facet normal -0.783720 -0.127290 -0.607931
    outer loop
      vertex 21.370611 84.062146 10.749633
      vertex 21.498351 81.110775 11.202920
      vertex 21.001917 84.167311 11.202920
    endloop
  endfacet
  facet normal 0.761377 0.123661 0.636406
    outer loop
      vertex 22.990703 81.333404 9.860591
      vertex 22.604680 83.710146 9.860591
      vertex 22.236163 83.815260 10.281048
    endloop
  endfacet
  facet normal 0.761377 0.123661 0.636406
    outer loop
      vertex 22.990703 81.333404 9.860591
      vertex 22.236163 83.815260 10.281048
      vertex 22.647573 81.282216 10.281048
    endloop
  endfacet
  facet normal -0.774908 -0.176782 -0.606848
    outer loop
      vertex 21.841647 81.161988 10.749633
      vertex 22.499635 78.277763 10.749633
      vertex 22.191818 78.071031 11.202920
    endloop
  endfacet
  facet normal -0.774908 -0.176782 -0.606848
    outer loop
      vertex 21.841647 81.161988 10.749633
      vertex 22.191818 78.071031 11.202920
      vertex 21.498351 81.110775 11.202920
    endloop
  endfacet
  facet normal 0.752892 0.171760 0.635337
    outer loop
      vertex 23.529939 78.969719 9.860591
      vertex 22.990703 81.333404 9.860591
      vertex 22.647573 81.282216 10.281048
    endloop
  endfacet
  facet normal 0.752892 0.171760 0.635337
    outer loop
      vertex 23.529939 78.969719 9.860591
      vertex 22.647573 81.282216 10.281048
      vertex 23.222270 78.763088 10.281048
    endloop
  endfacet
  facet normal -0.761987 -0.209216 -0.612866
    outer loop
      vertex 22.499635 78.277763 10.749633
      vertex 23.237618 75.589950 10.749633
      vertex 22.969594 75.238290 11.202920
    endloop
  endfacet
  facet normal -0.761987 -0.209216 -0.612866
    outer loop
      vertex 22.499635 78.277763 10.749633
      vertex 22.969594 75.238290 11.202920
      vertex 22.191818 78.071031 11.202920
    endloop
  endfacet
  facet normal 0.739924 0.203158 0.641279
    outer loop
      vertex 24.134732 76.766999 9.860591
      vertex 23.529939 78.969719 9.860591
      vertex 23.222270 78.763088 10.281048
    endloop
  endfacet
  facet normal 0.739924 0.203158 0.641279
    outer loop
      vertex 24.134732 76.766999 9.860591
      vertex 23.222270 78.763088 10.281048
      vertex 23.866836 76.415509 10.281048
    endloop
  endfacet
  facet normal -0.757552 -0.216439 -0.615848
    outer loop
      vertex 23.237618 75.589950 10.749633
      vertex 23.949101 73.099713 10.749633
      vertex 23.719440 72.613780 11.202920
    endloop
  endfacet
  facet normal -0.757552 -0.216439 -0.615848
    outer loop
      vertex 23.237618 75.589950 10.749633
      vertex 23.719440 72.613780 11.202920
      vertex 22.969594 75.238290 11.202920
    endloop
  endfacet
  facet normal 0.735414 0.210114 0.644220
    outer loop
      vertex 24.717808 74.726197 9.860591
      vertex 24.134732 76.766999 9.860591
      vertex 23.866836 76.415509 10.281048
    endloop
  endfacet
  facet normal 0.735414 0.210114 0.644220
    outer loop
      vertex 24.717808 74.726197 9.860591
      vertex 23.866836 76.415509 10.281048
      vertex 24.488257 74.240497 10.281048
    endloop
  endfacet
  facet normal 0.171208 -0.714099 -0.678786
    outer loop
      vertex 23.949101 73.099713 10.749633
      vertex 26.042881 73.601706 10.749633
      vertex 25.926117 73.142840 11.202920
    endloop
  endfacet
  facet normal 0.171208 -0.714099 -0.678786
    outer loop
      vertex 23.949101 73.099713 10.749633
      vertex 25.926117 73.142840 11.202920
      vertex 23.719440 72.613780 11.202920
    endloop
  endfacet
  facet normal -0.165186 0.688981 0.705705
    outer loop
      vertex 26.433705 75.137590 9.860591
      vertex 24.717808 74.726197 9.860591
      vertex 24.488257 74.240497 10.281048
    endloop
  endfacet
  facet normal -0.165186 0.688981 0.705705
    outer loop
      vertex 26.433705 75.137590 9.860591
      vertex 24.488257 74.240497 10.281048
      vertex 26.316997 74.678945 10.281048
    endloop
  endfacet
  facet normal 0.184651 -0.714065 -0.675289
    outer loop
      vertex 26.042881 73.601706 10.749633
      vertex 28.232527 74.167928 10.749633
      vertex 28.233829 73.739592 11.202920
    endloop
  endfacet
  facet normal 0.184651 -0.714065 -0.675289
    outer loop
      vertex 26.042881 73.601706 10.749633
      vertex 28.233829 73.739592 11.202920
      vertex 25.926117 73.142840 11.202920
    endloop
  endfacet
  facet normal -0.178219 0.689193 0.702319
    outer loop
      vertex 28.228167 75.601621 9.860591
      vertex 26.433705 75.137590 9.860591
      vertex 26.316997 74.678945 10.281048
    endloop
  endfacet
  facet normal -0.178219 0.689193 0.702319
    outer loop
      vertex 28.228167 75.601621 9.860591
      vertex 26.316997 74.678945 10.281048
      vertex 28.229469 75.173492 10.281048
    endloop
  endfacet
  facet normal 0.210349 -0.710265 -0.671772
    outer loop
      vertex 28.232527 74.167928 10.749633
      vertex 30.476885 74.832607 10.749633
      vertex 30.599204 74.440112 11.202920
    endloop
  endfacet
  facet normal 0.210349 -0.710265 -0.671772
    outer loop
      vertex 28.232527 74.167928 10.749633
      vertex 30.599204 74.440112 11.202920
      vertex 28.233829 73.739592 11.202920
    endloop
  endfacet
  facet normal -0.203094 0.685769 0.698909
    outer loop
      vertex 30.067467 76.146341 9.860591
      vertex 28.228167 75.601621 9.860591
      vertex 28.229469 75.173492 10.281048
    endloop
  endfacet
  facet normal -0.203094 0.685769 0.698909
    outer loop
      vertex 30.067467 76.146341 9.860591
      vertex 28.229469 75.173492 10.281048
      vertex 30.189727 75.754034 10.281048
    endloop
  endfacet
  facet normal 0.241512 -0.700405 -0.671644
    outer loop
      vertex 30.476885 74.832607 10.749633
      vertex 32.693020 75.596769 10.749633
      vertex 32.934834 75.245478 11.202920
    endloop
  endfacet
  facet normal 0.241512 -0.700405 -0.671644
    outer loop
      vertex 30.476885 74.832607 10.749633
      vertex 32.934834 75.245478 11.202920
      vertex 30.599204 74.440112 11.202920
    endloop
  endfacet
  facet normal -0.233185 0.676258 0.698785
    outer loop
      vertex 31.883637 76.772588 9.860591
      vertex 30.067467 76.146341 9.860591
      vertex 30.189727 75.754034 10.281048
    endloop
  endfacet
  facet normal -0.233185 0.676258 0.698785
    outer loop
      vertex 31.883637 76.772588 9.860591
      vertex 30.189727 75.754034 10.281048
      vertex 32.125335 76.421465 10.281048
    endloop
  endfacet
  facet normal 0.265507 -0.688316 -0.675075
    outer loop
      vertex 32.693020 75.596769 10.749633
      vertex 34.810587 76.413585 10.749633
      vertex 35.166581 76.106337 11.202920
    endloop
  endfacet
  facet normal 0.265507 -0.688316 -0.675075
    outer loop
      vertex 32.693020 75.596769 10.749633
      vertex 35.166581 76.106337 11.202920
      vertex 32.934834 75.245478 11.202920
    endloop
  endfacet
  facet normal -0.256264 0.664355 0.702112
    outer loop
      vertex 33.619029 77.441986 9.860591
      vertex 31.883637 76.772588 9.860591
      vertex 32.125335 76.421465 10.281048
    endloop
  endfacet
  facet normal -0.256264 0.664355 0.702112
    outer loop
      vertex 33.619029 77.441986 9.860591
      vertex 32.125335 76.421465 10.281048
      vertex 33.974851 77.134885 10.281048
    endloop
  endfacet
  facet normal 0.277298 -0.680032 -0.678721
    outer loop
      vertex 34.810587 76.413585 10.749633
      vertex 36.812313 77.229834 10.749633
      vertex 37.276241 76.966598 11.202920
    endloop
  endfacet
  facet normal 0.277298 -0.680032 -0.678721
    outer loop
      vertex 34.810587 76.413585 10.749633
      vertex 37.276241 76.966598 11.202920
      vertex 35.166581 76.106337 11.202920
    endloop
  endfacet
  facet normal -0.267546 0.656116 0.705642
    outer loop
      vertex 35.259487 78.110919 9.860591
      vertex 33.619029 77.441986 9.860591
      vertex 33.974851 77.134885 10.281048
    endloop
  endfacet
  facet normal -0.267546 0.656116 0.705642
    outer loop
      vertex 35.259487 78.110919 9.860591
      vertex 33.974851 77.134885 10.281048
      vertex 35.723191 77.847810 10.281048
    endloop
  endfacet
  facet normal 0.280383 -0.677232 -0.680252
    outer loop
      vertex 36.812313 77.229834 10.749633
      vertex 38.714123 78.017208 10.749633
      vertex 39.280597 77.796428 11.202920
    endloop
  endfacet
  facet normal 0.280383 -0.677232 -0.680252
    outer loop
      vertex 36.812313 77.229834 10.749633
      vertex 39.280597 77.796428 11.202920
      vertex 37.276241 76.966598 11.202920
    endloop
  endfacet
  facet normal -0.270480 0.653313 0.707123
    outer loop
      vertex 36.818061 78.756190 9.860591
      vertex 35.259487 78.110919 9.860591
      vertex 35.723191 77.847810 10.281048
    endloop
  endfacet
  facet normal -0.270480 0.653313 0.707123
    outer loop
      vertex 36.818061 78.756190 9.860591
      vertex 35.723191 77.847810 10.281048
      vertex 37.384262 78.535515 10.281048
    endloop
  endfacet
  facet normal 0.279335 -0.678405 -0.679513
    outer loop
      vertex 38.714123 78.017208 10.749633
      vertex 40.537693 78.768066 10.749633
      vertex 41.202495 78.587772 11.202920
    endloop
  endfacet
  facet normal 0.279335 -0.678405 -0.679513
    outer loop
      vertex 38.714123 78.017208 10.749633
      vertex 41.202495 78.587772 11.202920
      vertex 39.280597 77.796428 11.202920
    endloop
  endfacet
  facet normal -0.269489 0.654494 0.706409
    outer loop
      vertex 38.312515 79.371534 9.860591
      vertex 36.818061 78.756190 9.860591
      vertex 37.384262 78.535515 10.281048
    endloop
  endfacet
  facet normal -0.269489 0.654494 0.706409
    outer loop
      vertex 38.312515 79.371534 9.860591
      vertex 37.384262 78.535515 10.281048
      vertex 38.976997 79.191327 10.281048
    endloop
  endfacet
  facet normal 0.593630 0.689968 -0.414184
    outer loop
      vertex 41.202495 78.587772 11.202920
      vertex 38.900255 80.568559 11.202920
      vertex 39.265984 80.515771 11.639166
    endloop
  endfacet
  facet normal 0.593630 0.689968 -0.414184
    outer loop
      vertex 41.202495 78.587772 11.202920
      vertex 39.265984 80.515771 11.639166
      vertex 41.646976 78.467229 11.639166
    endloop
  endfacet
  facet normal -0.588658 -0.684188 0.430544
    outer loop
      vertex 37.069061 80.832865 10.281048
      vertex 38.976997 79.191327 10.281048
      vertex 39.420682 79.071000 10.696457
    endloop
  endfacet
  facet normal -0.588658 -0.684188 0.430544
    outer loop
      vertex 37.069061 80.832865 10.281048
      vertex 39.420682 79.071000 10.696457
      vertex 37.434135 80.780172 10.696457
    endloop
  endfacet
  facet normal 0.599914 0.680595 -0.420587
    outer loop
      vertex 38.900255 80.568559 11.202920
      vertex 36.463152 82.716754 11.202920
      vertex 36.745518 82.737448 11.639166
    endloop
  endfacet
  facet normal 0.599914 0.680595 -0.420587
    outer loop
      vertex 38.900255 80.568559 11.202920
      vertex 36.745518 82.737448 11.639166
      vertex 39.265984 80.515771 11.639166
    endloop
  endfacet
  facet normal -0.594735 -0.674720 0.437086
    outer loop
      vertex 35.049360 82.613139 10.281048
      vertex 37.069061 80.832865 10.281048
      vertex 37.434135 80.780172 10.696457
    endloop
  endfacet
  facet normal -0.594735 -0.674720 0.437086
    outer loop
      vertex 35.049360 82.613139 10.281048
      vertex 37.434135 80.780172 10.696457
      vertex 35.331219 82.633796 10.696457
    endloop
  endfacet
  facet normal 0.599075 0.681638 -0.420093
    outer loop
      vertex 36.463152 82.716754 11.202920
      vertex 33.773250 85.080842 11.202920
      vertex 33.963604 85.182403 11.639166
    endloop
  endfacet
  facet normal 0.599075 0.681638 -0.420093
    outer loop
      vertex 36.463152 82.716754 11.202920
      vertex 33.963604 85.182403 11.639166
      vertex 36.745518 82.737448 11.639166
    endloop
  endfacet
  facet normal -0.593915 -0.675767 0.436582
    outer loop
      vertex 32.820156 84.572331 10.281048
      vertex 35.049360 82.613139 10.281048
      vertex 35.331219 82.633796 10.696457
    endloop
  endfacet
  facet normal -0.593915 -0.675767 0.436582
    outer loop
      vertex 32.820156 84.572331 10.281048
      vertex 35.331219 82.633796 10.696457
      vertex 33.010168 84.673710 10.696457
    endloop
  endfacet
  facet normal 0.561082 0.717961 -0.411971
    outer loop
      vertex 33.773250 85.080842 11.202920
      vertex 30.701249 87.481591 11.202920
      vertex 30.786521 87.665272 11.639166
    endloop
  endfacet
  facet normal 0.561082 0.717961 -0.411971
    outer loop
      vertex 33.773250 85.080842 11.202920
      vertex 30.786521 87.665272 11.639166
      vertex 33.963604 85.182403 11.639166
    endloop
  endfacet
  facet normal -0.556431 -0.712010 0.428282
    outer loop
      vertex 30.274295 86.561905 10.281048
      vertex 32.820156 84.572331 10.281048
      vertex 33.010168 84.673710 10.696457
    endloop
  endfacet
  facet normal -0.556431 -0.712010 0.428282
    outer loop
      vertex 30.274295 86.561905 10.281048
      vertex 33.010168 84.673710 10.696457
      vertex 30.359414 86.745257 10.696457
    endloop
  endfacet
  facet normal 0.501154 0.758158 -0.417182
    outer loop
      vertex 30.701249 87.481591 11.202920
      vertex 27.587686 89.539706 11.202920
      vertex 27.566454 89.793788 11.639166
    endloop
  endfacet
  facet normal 0.501154 0.758158 -0.417182
    outer loop
      vertex 30.701249 87.481591 11.202920
      vertex 27.566454 89.793788 11.639166
      vertex 30.786521 87.665272 11.639166
    endloop
  endfacet
  facet normal -0.496897 -0.751717 0.433608
    outer loop
      vertex 27.693990 88.267528 10.281048
      vertex 30.274295 86.561905 10.281048
      vertex 30.359414 86.745257 10.696457
    endloop
  endfacet
  facet normal -0.496897 -0.751717 0.433608
    outer loop
      vertex 27.693990 88.267528 10.281048
      vertex 30.359414 86.745257 10.696457
      vertex 27.672797 88.521154 10.696457
    endloop
  endfacet
  facet normal 0.486240 0.765174 -0.421995
    outer loop
      vertex 27.587686 89.539706 11.202920
      vertex 24.750494 91.342636 11.202920
      vertex 24.632213 91.658390 11.639166
    endloop
  endfacet
  facet normal 0.486240 0.765174 -0.421995
    outer loop
      vertex 27.587686 89.539706 11.202920
      vertex 24.632213 91.658390 11.639166
      vertex 27.566454 89.793788 11.639166
    endloop
  endfacet
  facet normal -0.482014 -0.758524 0.438524
    outer loop
      vertex 25.342722 89.761671 10.281048
      vertex 27.693990 88.267528 10.281048
      vertex 27.672797 88.521154 10.696457
    endloop
  endfacet
  facet normal -0.482014 -0.758524 0.438524
    outer loop
      vertex 25.342722 89.761671 10.281048
      vertex 27.672797 88.521154 10.696457
      vertex 25.224653 90.076859 10.696457
    endloop
  endfacet
  facet normal 0.495061 0.762060 -0.417349
    outer loop
      vertex 24.750494 91.342636 11.202920
      vertex 22.144071 93.035860 11.202920
      vertex 21.936633 93.409533 11.639166
    endloop
  endfacet
  facet normal 0.495061 0.762060 -0.417349
    outer loop
      vertex 24.750494 91.342636 11.202920
      vertex 21.936633 93.409533 11.639166
      vertex 24.632213 91.658390 11.639166
    endloop
  endfacet
  facet normal -0.490851 -0.755580 0.433778
    outer loop
      vertex 23.182700 91.164897 10.281048
      vertex 25.342722 89.761671 10.281048
      vertex 25.224653 90.076859 10.696457
    endloop
  endfacet
  facet normal -0.490851 -0.755580 0.433778
    outer loop
      vertex 23.182700 91.164897 10.281048
      vertex 25.224653 90.076859 10.696457
      vertex 22.975635 91.537900 10.696457
    endloop
  endfacet
  facet normal 0.505977 0.759084 -0.409609
    outer loop
      vertex 22.144071 93.035860 11.202920
      vertex 19.693400 94.669385 11.202920
      vertex 19.402135 95.098934 11.639166
    endloop
  endfacet
  facet normal 0.505977 0.759084 -0.409609
    outer loop
      vertex 22.144071 93.035860 11.202920
      vertex 19.402135 95.098934 11.639166
      vertex 21.936633 93.409533 11.639166
    endloop
  endfacet
  facet normal -0.501831 -0.752864 0.425866
    outer loop
      vertex 21.151755 92.518649 10.281048
      vertex 23.182700 91.164897 10.281048
      vertex 22.975635 91.537900 10.696457
    endloop
  endfacet
  facet normal -0.501831 -0.752864 0.425866
    outer loop
      vertex 21.151755 92.518649 10.281048
      vertex 22.975635 91.537900 10.696457
      vertex 20.861011 92.947429 10.696457
    endloop
  endfacet
  facet normal -0.875055 -0.116144 -0.469882
    outer loop
      vertex 19.693400 94.669385 11.202920
      vertex 20.014211 92.252318 11.202920
      vertex 19.733920 92.599188 11.639166
    endloop
  endfacet
  facet normal -0.875055 -0.116144 -0.469882
    outer loop
      vertex 19.693400 94.669385 11.202920
      vertex 19.733920 92.599188 11.639166
      vertex 19.402135 95.098934 11.639166
    endloop
  endfacet
  facet normal 0.865656 0.114896 0.487276
    outer loop
      vertex 21.417621 90.515552 10.281048
      vertex 21.151755 92.518649 10.281048
      vertex 20.861011 92.947429 10.696457
    endloop
  endfacet
  facet normal 0.865656 0.114896 0.487276
    outer loop
      vertex 21.417621 90.515552 10.281048
      vertex 20.861011 92.947429 10.696457
      vertex 21.137832 90.861801 10.696457
    endloop
  endfacet
  facet normal -0.873323 -0.108397 -0.474928
    outer loop
      vertex 20.014211 92.252318 11.202920
      vertex 20.328019 89.724068 11.202920
      vertex 20.058461 89.984456 11.639166
    endloop
  endfacet
  facet normal -0.873323 -0.108397 -0.474928
    outer loop
      vertex 20.014211 92.252318 11.202920
      vertex 20.058461 89.984456 11.639166
      vertex 19.733920 92.599188 11.639166
    endloop
  endfacet
  facet normal 0.863743 0.107208 0.492396
    outer loop
      vertex 21.677683 88.420314 10.281048
      vertex 21.417621 90.515552 10.281048
      vertex 21.137832 90.861801 10.696457
    endloop
  endfacet
  facet normal 0.863743 0.107208 0.492396
    outer loop
      vertex 21.677683 88.420314 10.281048
      vertex 21.137832 90.861801 10.696457
      vertex 21.408608 88.680236 10.696457
    endloop
  endfacet
  facet normal -0.872483 -0.102910 -0.477684
    outer loop
      vertex 20.328019 89.724068 11.202920
      vertex 20.644072 87.044537 11.202920
      vertex 20.385325 87.213268 11.639166
    endloop
  endfacet
  facet normal -0.872483 -0.102910 -0.477684
    outer loop
      vertex 20.328019 89.724068 11.202920
      vertex 20.385325 87.213268 11.639166
      vertex 20.058461 89.984456 11.639166
    endloop
  endfacet
  facet normal 0.862803 0.101768 0.495191
    outer loop
      vertex 21.939605 86.199705 10.281048
      vertex 21.677683 88.420314 10.281048
      vertex 21.408608 88.680236 10.696457
    endloop
  endfacet
  facet normal 0.862803 0.101768 0.495191
    outer loop
      vertex 21.939605 86.199705 10.281048
      vertex 21.408608 88.680236 10.696457
      vertex 21.681322 86.368134 10.696457
    endloop
  endfacet
  facet normal -0.872868 -0.108560 -0.475727
    outer loop
      vertex 20.644072 87.044537 11.202920
      vertex 21.001917 84.167311 11.202920
      vertex 20.755411 84.237623 11.639166
    endloop
  endfacet
  facet normal -0.872868 -0.108560 -0.475727
    outer loop
      vertex 20.644072 87.044537 11.202920
      vertex 20.755411 84.237623 11.639166
      vertex 20.385325 87.213268 11.639166
    endloop
  endfacet
  facet normal 0.863261 0.107365 0.493206
    outer loop
      vertex 22.236163 83.815260 10.281048
      vertex 21.939605 86.199705 10.281048
      vertex 21.681322 86.368134 10.696457
    endloop
  endfacet
  facet normal 0.863261 0.107365 0.493206
    outer loop
      vertex 22.236163 83.815260 10.281048
      vertex 21.681322 86.368134 10.696457
      vertex 21.990098 83.885446 10.696457
    endloop
  endfacet
  facet normal -0.871453 -0.141539 -0.469612
    outer loop
      vertex 21.001917 84.167311 11.202920
      vertex 21.498351 81.110775 11.202920
      vertex 21.268826 81.076535 11.639166
    endloop
  endfacet
  facet normal -0.871453 -0.141539 -0.469612
    outer loop
      vertex 21.001917 84.167311 11.202920
      vertex 21.268826 81.076535 11.639166
      vertex 20.755411 84.237623 11.639166
    endloop
  endfacet
  facet normal 0.862103 0.140020 0.487003
    outer loop
      vertex 22.647573 81.282216 10.281048
      vertex 22.236163 83.815260 10.281048
      vertex 21.990098 83.885446 10.696457
    endloop
  endfacet
  facet normal 0.862103 0.140020 0.487003
    outer loop
      vertex 22.647573 81.282216 10.281048
      vertex 21.990098 83.885446 10.696457
      vertex 22.418459 81.248037 10.696457
    endloop
  endfacet
  facet normal -0.861293 -0.196490 -0.468580
    outer loop
      vertex 21.498351 81.110775 11.202920
      vertex 22.191818 78.071031 11.202920
      vertex 21.986014 77.932812 11.639166
    endloop
  endfacet
  facet normal -0.861293 -0.196490 -0.468580
    outer loop
      vertex 21.498351 81.110775 11.202920
      vertex 21.986014 77.932812 11.639166
      vertex 21.268826 81.076535 11.639166
    endloop
  endfacet
  facet normal 0.852092 0.194391 0.485955
    outer loop
      vertex 23.222270 78.763088 10.281048
      vertex 22.647573 81.282216 10.281048
      vertex 22.418459 81.248037 10.696457
    endloop
  endfacet
  facet normal 0.852092 0.194391 0.485955
    outer loop
      vertex 23.222270 78.763088 10.281048
      vertex 22.418459 81.248037 10.696457
      vertex 23.016835 78.625116 10.696457
    endloop
  endfacet
  facet normal -0.848924 -0.233086 -0.474340
    outer loop
      vertex 22.191818 78.071031 11.202920
      vertex 22.969594 75.238290 11.202920
      vertex 22.790395 75.003174 11.639166
    endloop
  endfacet
  facet normal -0.848924 -0.233086 -0.474340
    outer loop
      vertex 22.191818 78.071031 11.202920
      vertex 22.790395 75.003174 11.639166
      vertex 21.986014 77.932812 11.639166
    endloop
  endfacet
  facet normal 0.839635 0.230536 0.491800
    outer loop
      vertex 23.866836 76.415509 10.281048
      vertex 23.222270 78.763088 10.281048
      vertex 23.016835 78.625116 10.696457
    endloop
  endfacet
  facet normal 0.839635 0.230536 0.491800
    outer loop
      vertex 23.866836 76.415509 10.281048
      vertex 23.016835 78.625116 10.696457
      vertex 23.687958 76.180814 10.696457
    endloop
  endfacet
  facet normal -0.844978 -0.241418 -0.477209
    outer loop
      vertex 22.969594 75.238290 11.202920
      vertex 23.719440 72.613780 11.202920
      vertex 23.565890 72.288889 11.639166
    endloop
  endfacet
  facet normal -0.844978 -0.241418 -0.477209
    outer loop
      vertex 22.969594 75.238290 11.202920
      vertex 23.565890 72.288889 11.639166
      vertex 22.790395 75.003174 11.639166
    endloop
  endfacet
  facet normal 0.835622 0.238745 0.494709
    outer loop
      vertex 24.488257 74.240497 10.281048
      vertex 23.866836 76.415509 10.281048
      vertex 23.687958 76.180814 10.696457
    endloop
  endfacet
  facet normal 0.835622 0.238745 0.494709
    outer loop
      vertex 24.488257 74.240497 10.281048
      vertex 23.687958 76.180814 10.696457
      vertex 24.334982 73.916188 10.696457
    endloop
  endfacet
  facet normal 0.196181 -0.818258 -0.540340
    outer loop
      vertex 23.719440 72.613780 11.202920
      vertex 25.926117 73.142840 11.202920
      vertex 25.848049 72.836046 11.639166
    endloop
  endfacet
  facet normal 0.196181 -0.818258 -0.540340
    outer loop
      vertex 23.719440 72.613780 11.202920
      vertex 25.848049 72.836046 11.639166
      vertex 23.565890 72.288889 11.639166
    endloop
  endfacet
  facet normal -0.193408 0.806695 0.558423
    outer loop
      vertex 26.316997 74.678945 10.281048
      vertex 24.488257 74.240497 10.281048
      vertex 24.334982 73.916188 10.696457
    endloop
  endfacet
  facet normal -0.193408 0.806695 0.558423
    outer loop
      vertex 26.316997 74.678945 10.281048
      vertex 24.334982 73.916188 10.696457
      vertex 26.239070 74.372701 10.696457
    endloop
  endfacet
  facet normal 0.211244 -0.816906 -0.536694
    outer loop
      vertex 25.926117 73.142840 11.202920
      vertex 28.233829 73.739592 11.202920
      vertex 28.234700 73.453211 11.639166
    endloop
  endfacet
  facet normal 0.211244 -0.816906 -0.536694
    outer loop
      vertex 25.926117 73.142840 11.202920
      vertex 28.234700 73.453211 11.639166
      vertex 25.848049 72.836046 11.639166
    endloop
  endfacet
  facet normal -0.208298 0.805514 0.554760
    outer loop
      vertex 28.229469 75.173492 10.281048
      vertex 26.316997 74.678945 10.281048
      vertex 26.239070 74.372701 10.696457
    endloop
  endfacet
  facet normal -0.208298 0.805514 0.554760
    outer loop
      vertex 28.229469 75.173492 10.281048
      vertex 26.239070 74.372701 10.696457
      vertex 28.230338 74.887624 10.696457
    endloop
  endfacet
  facet normal 0.240259 -0.811258 -0.533044
    outer loop
      vertex 28.233829 73.739592 11.202920
      vertex 30.599204 74.440112 11.202920
      vertex 30.680986 74.177693 11.639166
    endloop
  endfacet
  facet normal 0.240259 -0.811258 -0.533044
    outer loop
      vertex 28.233829 73.739592 11.202920
      vertex 30.680986 74.177693 11.639166
      vertex 28.234700 73.453211 11.639166
    endloop
  endfacet
  facet normal -0.236953 0.800095 0.551091
    outer loop
      vertex 30.189727 75.754034 10.281048
      vertex 28.229469 75.173492 10.281048
      vertex 28.230338 74.887624 10.696457
    endloop
  endfacet
  facet normal -0.236953 0.800095 0.551091
    outer loop
      vertex 30.189727 75.754034 10.281048
      vertex 28.230338 74.887624 10.696457
      vertex 30.271362 75.492085 10.696457
    endloop
  endfacet
  facet normal 0.275836 -0.799950 -0.532911
    outer loop
      vertex 30.599204 74.440112 11.202920
      vertex 32.934834 75.245478 11.202920
      vertex 33.096509 75.010607 11.639166
    endloop
  endfacet
  facet normal 0.275836 -0.799950 -0.532911
    outer loop
      vertex 30.599204 74.440112 11.202920
      vertex 33.096509 75.010607 11.639166
      vertex 30.680986 74.177693 11.639166
    endloop
  endfacet
  facet normal -0.272043 0.788948 0.550957
    outer loop
      vertex 32.125335 76.421465 10.281048
      vertex 30.189727 75.754034 10.281048
      vertex 30.271362 75.492085 10.696457
    endloop
  endfacet
  facet normal -0.272043 0.788948 0.550957
    outer loop
      vertex 32.125335 76.421465 10.281048
      vertex 30.271362 75.492085 10.696457
      vertex 32.286720 76.187015 10.696457
    endloop
  endfacet
  facet normal 0.303716 -0.787372 -0.536472
    outer loop
      vertex 32.934834 75.245478 11.202920
      vertex 35.166581 76.106337 11.202920
      vertex 35.404596 75.900913 11.639166
    endloop
  endfacet
  facet normal 0.303716 -0.787372 -0.536472
    outer loop
      vertex 32.934834 75.245478 11.202920
      vertex 35.404596 75.900913 11.639166
      vertex 33.096509 75.010607 11.639166
    endloop
  endfacet
  facet normal -0.299484 0.776401 0.554537
    outer loop
      vertex 33.974851 77.134885 10.281048
      vertex 32.125335 76.421465 10.281048
      vertex 32.286720 76.187015 10.696457
    endloop
  endfacet
  facet normal -0.299484 0.776401 0.554537
    outer loop
      vertex 33.974851 77.134885 10.281048
      vertex 32.286720 76.187015 10.696457
      vertex 34.212440 76.929830 10.696457
    endloop
  endfacet
  facet normal 0.317736 -0.779198 -0.540272
    outer loop
      vertex 35.166581 76.106337 11.202920
      vertex 37.276241 76.966598 11.202920
      vertex 37.586419 76.790601 11.639166
    endloop
  endfacet
  facet normal 0.317736 -0.779198 -0.540272
    outer loop
      vertex 35.166581 76.106337 11.202920
      vertex 37.586419 76.790601 11.639166
      vertex 35.404596 75.900913 11.639166
    endloop
  endfacet
  facet normal -0.313247 0.768190 0.558355
    outer loop
      vertex 35.723191 77.847810 10.281048
      vertex 33.974851 77.134885 10.281048
      vertex 34.212440 76.929830 10.696457
    endloop
  endfacet
  facet normal -0.313247 0.768190 0.558355
    outer loop
      vertex 35.723191 77.847810 10.281048
      vertex 34.212440 76.929830 10.696457
      vertex 36.032814 77.672128 10.696457
    endloop
  endfacet
  facet normal 0.321497 -0.776539 -0.541874
    outer loop
      vertex 37.276241 76.966598 11.202920
      vertex 39.280597 77.796428 11.202920
      vertex 39.659337 77.648816 11.639166
    endloop
  endfacet
  facet normal 0.321497 -0.776539 -0.541874
    outer loop
      vertex 37.276241 76.966598 11.202920
      vertex 39.659337 77.648816 11.639166
      vertex 37.586419 76.790601 11.639166
    endloop
  endfacet
  facet normal -0.316929 0.765504 0.559964
    outer loop
      vertex 37.384262 78.535515 10.281048
      vertex 35.723191 77.847810 10.281048
      vertex 36.032814 77.672128 10.696457
    endloop
  endfacet
  facet normal -0.316929 0.765504 0.559964
    outer loop
      vertex 37.384262 78.535515 10.281048
      vertex 36.032814 77.672128 10.696457
      vertex 37.762323 78.388168 10.696457
    endloop
  endfacet
  facet normal 0.320186 -0.777619 -0.541101
    outer loop
      vertex 39.280597 77.796428 11.202920
      vertex 41.202495 78.587772 11.202920
      vertex 41.646976 78.467229 11.639166
    endloop
  endfacet
  facet normal 0.320186 -0.777619 -0.541101
    outer loop
      vertex 39.280597 77.796428 11.202920
      vertex 41.646976 78.467229 11.639166
      vertex 39.659337 77.648816 11.639166
    endloop
  endfacet
  facet normal -0.315649 0.766600 0.559187
    outer loop
      vertex 38.976997 79.191327 10.281048
      vertex 37.384262 78.535515 10.281048
      vertex 37.762323 78.388168 10.696457
    endloop
  endfacet
  facet normal -0.315649 0.766600 0.559187
    outer loop
      vertex 38.976997 79.191327 10.281048
      vertex 37.762323 78.388168 10.696457
      vertex 39.420682 79.071000 10.696457
    endloop
  endfacet
  facet normal 0.642786 0.747101 -0.169314
    outer loop
      vertex 41.646976 78.467229 11.639166
      vertex 39.265984 80.515771 11.639166
      vertex 39.397964 80.496722 12.056162
    endloop
  endfacet
  facet normal 0.642786 0.747101 -0.169314
    outer loop
      vertex 41.646976 78.467229 11.639166
      vertex 39.397964 80.496722 12.056162
      vertex 41.807375 78.423729 12.056162
    endloop
  endfacet
  facet normal -0.642377 -0.746626 0.172918
    outer loop
      vertex 37.434135 80.780172 10.696457
      vertex 39.420682 79.071000 10.696457
      vertex 39.581733 79.027323 11.106162
    endloop
  endfacet
  facet normal -0.642377 -0.746626 0.172918
    outer loop
      vertex 37.434135 80.780172 10.696457
      vertex 39.581733 79.027323 11.106162
      vertex 37.566652 80.761045 11.106162
    endloop
  endfacet
  facet normal 0.651342 0.738941 -0.172395
    outer loop
      vertex 39.265984 80.515771 11.639166
      vertex 36.745518 82.737448 11.639166
      vertex 36.847414 82.744915 12.056162
    endloop
  endfacet
  facet normal 0.651342 0.738941 -0.172395
    outer loop
      vertex 39.265984 80.515771 11.639166
      vertex 36.847414 82.744915 12.056162
      vertex 39.397964 80.496722 12.056162
    endloop
  endfacet
  facet normal -0.650914 -0.738454 0.176060
    outer loop
      vertex 35.331219 82.633796 10.696457
      vertex 37.434135 80.780172 10.696457
      vertex 37.566652 80.761045 11.106162
    endloop
  endfacet
  facet normal -0.650914 -0.738454 0.176060
    outer loop
      vertex 35.331219 82.633796 10.696457
      vertex 37.566652 80.761045 11.106162
      vertex 35.433530 82.641294 11.106162
    endloop
  endfacet
  facet normal 0.650295 0.739918 -0.172156
    outer loop
      vertex 36.745518 82.737448 11.639166
      vertex 33.963604 85.182403 11.639166
      vertex 34.032297 85.219053 12.056162
    endloop
  endfacet
  facet normal 0.650295 0.739918 -0.172156
    outer loop
      vertex 36.745518 82.737448 11.639166
      vertex 34.032297 85.219053 12.056162
      vertex 36.847414 82.744915 12.056162
    endloop
  endfacet
  facet normal -0.649868 -0.739432 0.175817
    outer loop
      vertex 33.010168 84.673710 10.696457
      vertex 35.331219 82.633796 10.696457
      vertex 35.433530 82.641294 11.106162
    endloop
  endfacet
  facet normal -0.649868 -0.739432 0.175817
    outer loop
      vertex 33.010168 84.673710 10.696457
      vertex 35.433530 82.641294 11.106162
      vertex 33.079140 84.710509 11.106162
    endloop
  endfacet
  facet normal 0.606985 0.776698 -0.168254
    outer loop
      vertex 33.963604 85.182403 11.639166
      vertex 30.786521 87.665272 11.639166
      vertex 30.817293 87.731557 12.056162
    endloop
  endfacet
  facet normal 0.606985 0.776698 -0.168254
    outer loop
      vertex 33.963604 85.182403 11.639166
      vertex 30.817293 87.731557 12.056162
      vertex 34.032297 85.219053 12.056162
    endloop
  endfacet
  facet normal -0.606604 -0.776211 0.171837
    outer loop
      vertex 30.359414 86.745257 10.696457
      vertex 33.010168 84.673710 10.696457
      vertex 33.079140 84.710509 11.106162
    endloop
  endfacet
  facet normal -0.606604 -0.776211 0.171837
    outer loop
      vertex 30.359414 86.745257 10.696457
      vertex 33.079140 84.710509 11.106162
      vertex 30.390311 86.811811 11.106162
    endloop
  endfacet
  facet normal 0.543334 0.821968 -0.170753
    outer loop
      vertex 30.786521 87.665272 11.639166
      vertex 27.566454 89.793788 11.639166
      vertex 27.558793 89.885478 12.056162
    endloop
  endfacet
  facet normal 0.543334 0.821968 -0.170753
    outer loop
      vertex 30.786521 87.665272 11.639166
      vertex 27.558793 89.885478 12.056162
      vertex 30.817293 87.731557 12.056162
    endloop
  endfacet
  facet normal -0.542983 -0.821437 0.174386
    outer loop
      vertex 27.672797 88.521154 10.696457
      vertex 30.359414 86.745257 10.696457
      vertex 30.390311 86.811811 11.106162
    endloop
  endfacet
  facet normal -0.542983 -0.821437 0.174386
    outer loop
      vertex 27.672797 88.521154 10.696457
      vertex 30.390311 86.811811 11.106162
      vertex 27.665104 88.613217 11.106162
    endloop
  endfacet
  facet normal 0.528240 0.831268 -0.173075
    outer loop
      vertex 27.566454 89.793788 11.639166
      vertex 24.632213 91.658390 11.639166
      vertex 24.589529 91.772335 12.056162
    endloop
  endfacet
  facet normal 0.528240 0.831268 -0.173075
    outer loop
      vertex 27.566454 89.793788 11.639166
      vertex 24.589529 91.772335 12.056162
      vertex 27.558793 89.885478 12.056162
    endloop
  endfacet
  facet normal -0.527890 -0.830717 0.176754
    outer loop
      vertex 25.224653 90.076859 10.696457
      vertex 27.672797 88.521154 10.696457
      vertex 27.665104 88.613217 11.106162
    endloop
  endfacet
  facet normal -0.527890 -0.830717 0.176754
    outer loop
      vertex 25.224653 90.076859 10.696457
      vertex 27.665104 88.613217 11.106162
      vertex 25.181796 90.191268 11.106162
    endloop
  endfacet
  facet normal 0.536765 0.826256 -0.170833
    outer loop
      vertex 24.632213 91.658390 11.639166
      vertex 21.936633 93.409533 11.639166
      vertex 21.861776 93.544379 12.056162
    endloop
  endfacet
  facet normal 0.536765 0.826256 -0.170833
    outer loop
      vertex 24.632213 91.658390 11.639166
      vertex 21.861776 93.544379 12.056162
      vertex 24.589529 91.772335 12.056162
    endloop
  endfacet
  facet normal -0.536418 -0.825722 0.174468
    outer loop
      vertex 22.975635 91.537900 10.696457
      vertex 25.224653 90.076859 10.696457
      vertex 25.181796 90.191268 11.106162
    endloop
  endfacet
  facet normal -0.536418 -0.825722 0.174468
    outer loop
      vertex 22.975635 91.537900 10.696457
      vertex 25.181796 90.191268 11.106162
      vertex 22.900473 91.673295 11.106162
    endloop
  endfacet
  facet normal 0.546839 0.820387 -0.167127
    outer loop
      vertex 21.936633 93.409533 11.639166
      vertex 19.402135 95.098934 11.639166
      vertex 19.297026 95.253945 12.056162
    endloop
  endfacet
  facet normal 0.546839 0.820387 -0.167127
    outer loop
      vertex 21.936633 93.409533 11.639166
      vertex 19.297026 95.253945 12.056162
      vertex 21.861776 93.544379 12.056162
    endloop
  endfacet
  facet normal -0.546501 -0.819880 0.170687
    outer loop
      vertex 20.861011 92.947429 10.696457
      vertex 22.975635 91.537900 10.696457
      vertex 22.900473 91.673295 11.106162
    endloop
  endfacet
  facet normal -0.546501 -0.819880 0.170687
    outer loop
      vertex 20.861011 92.947429 10.696457
      vertex 22.900473 91.673295 11.106162
      vertex 20.755476 93.103069 11.106162
    endloop
  endfacet
  facet normal -0.971876 -0.128995 -0.197020
    outer loop
      vertex 19.402135 95.098934 11.639166
      vertex 19.733920 92.599188 11.639166
      vertex 19.632771 92.724363 12.056162
    endloop
  endfacet
  facet normal -0.971876 -0.128995 -0.197020
    outer loop
      vertex 19.402135 95.098934 11.639166
      vertex 19.632771 92.724363 12.056162
      vertex 19.297026 95.253945 12.056162
    endloop
  endfacet
  facet normal 0.971041 0.128884 0.201169
    outer loop
      vertex 21.137832 90.861801 10.696457
      vertex 20.861011 92.947429 10.696457
      vertex 20.755476 93.103069 11.106162
    endloop
  endfacet
  facet normal 0.971041 0.128884 0.201169
    outer loop
      vertex 21.137832 90.861801 10.696457
      vertex 20.755476 93.103069 11.106162
      vertex 21.036272 90.987484 11.106162
    endloop
  endfacet
  facet normal -0.972407 -0.120696 -0.199641
    outer loop
      vertex 19.733920 92.599188 11.639166
      vertex 20.058461 89.984456 11.639166
      vertex 19.961187 90.078422 12.056162
    endloop
  endfacet
  facet normal -0.972407 -0.120696 -0.199641
    outer loop
      vertex 19.733920 92.599188 11.639166
      vertex 19.961187 90.078422 12.056162
      vertex 19.632771 92.724363 12.056162
    endloop
  endfacet
  facet normal 0.971549 0.120589 0.203840
    outer loop
      vertex 21.408608 88.680236 10.696457
      vertex 21.137832 90.861801 10.696457
      vertex 21.036272 90.987484 11.106162
    endloop
  endfacet
  facet normal 0.971549 0.120589 0.203840
    outer loop
      vertex 21.408608 88.680236 10.696457
      vertex 21.036272 90.987484 11.106162
      vertex 21.310938 88.774583 11.106162
    endloop
  endfacet
  facet normal -0.972831 -0.114746 -0.201080
    outer loop
      vertex 20.058461 89.984456 11.639166
      vertex 20.385325 87.213268 11.639166
      vertex 20.291952 87.274158 12.056162
    endloop
  endfacet
  facet normal -0.972831 -0.114746 -0.201080
    outer loop
      vertex 20.058461 89.984456 11.639166
      vertex 20.291952 87.274158 12.056162
      vertex 19.961187 90.078422 12.056162
    endloop
  endfacet
  facet normal 0.971960 0.114643 0.205307
    outer loop
      vertex 21.681322 86.368134 10.696457
      vertex 21.408608 88.680236 10.696457
      vertex 21.310938 88.774583 11.106162
    endloop
  endfacet
  facet normal 0.971960 0.114643 0.205307
    outer loop
      vertex 21.681322 86.368134 10.696457
      vertex 21.310938 88.774583 11.106162
      vertex 21.587569 86.429272 11.106162
    endloop
  endfacet
  facet normal -0.972293 -0.120926 -0.200057
    outer loop
      vertex 20.385325 87.213268 11.639166
      vertex 20.755411 84.237623 11.639166
      vertex 20.666455 84.262996 12.056162
    endloop
  endfacet
  facet normal -0.972293 -0.120926 -0.200057
    outer loop
      vertex 20.385325 87.213268 11.639166
      vertex 20.666455 84.262996 12.056162
      vertex 20.291952 87.274158 12.056162
    endloop
  endfacet
  facet normal 0.971431 0.120819 0.204264
    outer loop
      vertex 21.990098 83.885446 10.696457
      vertex 21.681322 86.368134 10.696457
      vertex 21.587569 86.429272 11.106162
    endloop
  endfacet
  facet normal 0.971431 0.120819 0.204264
    outer loop
      vertex 21.990098 83.885446 10.696457
      vertex 21.587569 86.429272 11.106162
      vertex 21.900781 83.910923 11.106162
    endloop
  endfacet
  facet normal -0.967746 -0.157179 -0.196881
    outer loop
      vertex 20.755411 84.237623 11.639166
      vertex 21.268826 81.076535 11.639166
      vertex 21.185998 81.064179 12.056162
    endloop
  endfacet
  facet normal -0.967746 -0.157179 -0.196881
    outer loop
      vertex 20.755411 84.237623 11.639166
      vertex 21.185998 81.064179 12.056162
      vertex 20.666455 84.262996 12.056162
    endloop
  endfacet
  facet normal 0.966915 0.157044 0.201027
    outer loop
      vertex 22.418459 81.248037 10.696457
      vertex 21.990098 83.885446 10.696457
      vertex 21.900781 83.910923 11.106162
    endloop
  endfacet
  facet normal 0.966915 0.157044 0.201027
    outer loop
      vertex 22.418459 81.248037 10.696457
      vertex 21.900781 83.910923 11.106162
      vertex 22.335294 81.235630 11.106162
    endloop
  endfacet
  facet normal -0.955973 -0.218089 -0.196348
    outer loop
      vertex 21.268826 81.076535 11.639166
      vertex 21.986014 77.932812 11.639166
      vertex 21.911746 77.882934 12.056162
    endloop
  endfacet
  facet normal -0.955973 -0.218089 -0.196348
    outer loop
      vertex 21.268826 81.076535 11.639166
      vertex 21.911746 77.882934 12.056162
      vertex 21.185998 81.064179 12.056162
    endloop
  endfacet
  facet normal 0.955157 0.217903 0.200483
    outer loop
      vertex 23.016835 78.625116 10.696457
      vertex 22.418459 81.248037 10.696457
      vertex 22.335294 81.235630 11.106162
    endloop
  endfacet
  facet normal 0.955157 0.217903 0.200483
    outer loop
      vertex 23.016835 78.625116 10.696457
      vertex 22.335294 81.235630 11.106162
      vertex 22.942265 78.575035 11.106162
    endloop
  endfacet
  facet normal -0.944960 -0.259454 -0.199334
    outer loop
      vertex 21.986014 77.932812 11.639166
      vertex 22.790395 75.003174 11.639166
      vertex 22.725727 74.918328 12.056162
    endloop
  endfacet
  facet normal -0.944960 -0.259454 -0.199334
    outer loop
      vertex 21.986014 77.932812 11.639166
      vertex 22.725727 74.918328 12.056162
      vertex 21.911746 77.882934 12.056162
    endloop
  endfacet
  facet normal 0.944128 0.259226 0.203527
    outer loop
      vertex 23.687958 76.180814 10.696457
      vertex 23.016835 78.625116 10.696457
      vertex 22.942265 78.575035 11.106162
    endloop
  endfacet
  facet normal 0.944128 0.259226 0.203527
    outer loop
      vertex 23.687958 76.180814 10.696457
      vertex 22.942265 78.575035 11.106162
      vertex 23.623028 76.095623 11.106162
    endloop
  endfacet
  facet normal -0.941935 -0.269119 -0.200831
    outer loop
      vertex 22.790395 75.003174 11.639166
      vertex 23.565890 72.288889 11.639166
      vertex 23.510479 72.171646 12.056162
    endloop
  endfacet
  facet normal -0.941935 -0.269119 -0.200831
    outer loop
      vertex 22.790395 75.003174 11.639166
      vertex 23.510479 72.171646 12.056162
      vertex 22.725727 74.918328 12.056162
    endloop
  endfacet
  facet normal 0.941094 0.268879 0.205053
    outer loop
      vertex 24.334982 73.916188 10.696457
      vertex 23.687958 76.180814 10.696457
      vertex 23.623028 76.095623 11.106162
    endloop
  endfacet
  facet normal 0.941094 0.268879 0.205053
    outer loop
      vertex 24.334982 73.916188 10.696457
      vertex 23.623028 76.095623 11.106162
      vertex 24.279346 73.798468 11.106162
    endloop
  endfacet
  facet normal 0.226583 -0.945066 -0.235606
    outer loop
      vertex 23.565890 72.288889 11.639166
      vertex 25.848049 72.836046 11.639166
      vertex 25.819877 72.725334 12.056162
    endloop
  endfacet
  facet normal 0.226583 -0.945066 -0.235606
    outer loop
      vertex 23.565890 72.288889 11.639166
      vertex 25.819877 72.725334 12.056162
      vertex 23.510479 72.171646 12.056162
    endloop
  endfacet
  facet normal -0.226305 0.943905 0.240478
    outer loop
      vertex 26.239070 74.372701 10.696457
      vertex 24.334982 73.916188 10.696457
      vertex 24.279346 73.798468 11.106162
    endloop
  endfacet
  facet normal -0.226305 0.943905 0.240478
    outer loop
      vertex 26.239070 74.372701 10.696457
      vertex 24.279346 73.798468 11.106162
      vertex 26.210783 74.261538 11.106162
    endloop
  endfacet
  facet normal 0.243435 -0.941393 -0.233493
    outer loop
      vertex 25.848049 72.836046 11.639166
      vertex 28.234700 73.453211 11.639166
      vertex 28.235015 73.349865 12.056162
    endloop
  endfacet
  facet normal 0.243435 -0.941393 -0.233493
    outer loop
      vertex 25.848049 72.836046 11.639166
      vertex 28.235015 73.349865 12.056162
      vertex 25.819877 72.725334 12.056162
    endloop
  endfacet
  facet normal -0.243142 0.940257 0.238326
    outer loop
      vertex 28.230338 74.887624 10.696457
      vertex 26.239070 74.372701 10.696457
      vertex 26.210783 74.261538 11.106162
    endloop
  endfacet
  facet normal -0.243142 0.940257 0.238326
    outer loop
      vertex 28.230338 74.887624 10.696457
      vertex 26.210783 74.261538 11.106162
      vertex 28.230654 74.783858 11.106162
    endloop
  endfacet
  facet normal 0.276258 -0.932813 -0.231391
    outer loop
      vertex 28.234700 73.453211 11.639166
      vertex 30.680986 74.177693 11.639166
      vertex 30.710498 74.082994 12.056162
    endloop
  endfacet
  facet normal 0.276258 -0.932813 -0.231391
    outer loop
      vertex 28.234700 73.453211 11.639166
      vertex 30.710498 74.082994 12.056162
      vertex 28.235015 73.349865 12.056162
    endloop
  endfacet
  facet normal -0.275931 0.931707 0.236186
    outer loop
      vertex 30.271362 75.492085 10.696457
      vertex 28.230338 74.887624 10.696457
      vertex 28.230654 74.783858 11.106162
    endloop
  endfacet
  facet normal -0.275931 0.931707 0.236186
    outer loop
      vertex 30.271362 75.492085 10.696457
      vertex 28.230654 74.783858 11.106162
      vertex 30.300995 75.397002 11.106162
    endloop
  endfacet
  facet normal 0.317141 -0.919736 -0.231315
    outer loop
      vertex 30.680986 74.177693 11.639166
      vertex 33.096509 75.010607 11.639166
      vertex 33.154852 74.925850 12.056162
    endloop
  endfacet
  facet normal 0.317141 -0.919736 -0.231315
    outer loop
      vertex 30.680986 74.177693 11.639166
      vertex 33.154852 74.925850 12.056162
      vertex 30.710498 74.082994 12.056162
    endloop
  endfacet
  facet normal -0.316765 0.918647 0.236109
    outer loop
      vertex 32.286720 76.187015 10.696457
      vertex 30.271362 75.492085 10.696457
      vertex 30.300995 75.397002 11.106162
    endloop
  endfacet
  facet normal -0.316765 0.918647 0.236109
    outer loop
      vertex 32.286720 76.187015 10.696457
      vertex 30.300995 75.397002 11.106162
      vertex 32.345301 76.101913 11.106162
    endloop
  endfacet
  facet normal 0.349951 -0.907235 -0.233364
    outer loop
      vertex 33.096509 75.010607 11.639166
      vertex 35.404596 75.900913 11.639166
      vertex 35.490487 75.826782 12.056162
    endloop
  endfacet
  facet normal 0.349951 -0.907235 -0.233364
    outer loop
      vertex 33.096509 75.010607 11.639166
      vertex 35.490487 75.826782 12.056162
      vertex 33.154852 74.925850 12.056162
    endloop
  endfacet
  facet normal -0.349529 0.906141 0.238196
    outer loop
      vertex 34.212440 76.929830 10.696457
      vertex 32.286720 76.187015 10.696457
      vertex 32.345301 76.101913 11.106162
    endloop
  endfacet
  facet normal -0.349529 0.906141 0.238196
    outer loop
      vertex 34.212440 76.929830 10.696457
      vertex 32.345301 76.101913 11.106162
      vertex 34.298681 76.855397 11.106162
    endloop
  endfacet
  facet normal 0.366961 -0.899916 -0.235567
    outer loop
      vertex 35.404596 75.900913 11.639166
      vertex 37.586419 76.790601 11.639166
      vertex 37.698353 76.727089 12.056162
    endloop
  endfacet
  facet normal 0.366961 -0.899916 -0.235567
    outer loop
      vertex 35.404596 75.900913 11.639166
      vertex 37.698353 76.727089 12.056162
      vertex 35.490487 75.826782 12.056162
    endloop
  endfacet
  facet normal -0.366510 0.898810 0.240438
    outer loop
      vertex 36.032814 77.672128 10.696457
      vertex 34.212440 76.929830 10.696457
      vertex 34.298681 76.855397 11.106162
    endloop
  endfacet
  facet normal -0.366510 0.898810 0.240438
    outer loop
      vertex 36.032814 77.672128 10.696457
      vertex 34.298681 76.855397 11.106162
      vertex 36.145202 77.608358 11.106162
    endloop
  endfacet
  facet normal 0.371674 -0.897734 -0.236500
    outer loop
      vertex 37.586419 76.790601 11.639166
      vertex 39.659337 77.648816 11.639166
      vertex 39.796012 77.595547 12.056162
    endloop
  endfacet
  facet normal 0.371674 -0.897734 -0.236500
    outer loop
      vertex 37.586419 76.790601 11.639166
      vertex 39.796012 77.595547 12.056162
      vertex 37.698353 76.727089 12.056162
    endloop
  endfacet
  facet normal -0.371214 0.896623 0.241388
    outer loop
      vertex 37.762323 78.388168 10.696457
      vertex 36.032814 77.672128 10.696457
      vertex 36.145202 77.608358 11.106162
    endloop
  endfacet
  facet normal -0.371214 0.896623 0.241388
    outer loop
      vertex 37.762323 78.388168 10.696457
      vertex 36.145202 77.608358 11.106162
      vertex 37.899554 78.334683 11.106162
    endloop
  endfacet
  facet normal 0.369980 -0.898552 -0.236049
    outer loop
      vertex 39.659337 77.648816 11.639166
      vertex 41.646976 78.467229 11.639166
      vertex 41.807375 78.423729 12.056162
    endloop
  endfacet
  facet normal 0.369980 -0.898552 -0.236049
    outer loop
      vertex 39.659337 77.648816 11.639166
      vertex 41.807375 78.423729 12.056162
      vertex 39.796012 77.595547 12.056162
    endloop
  endfacet
  facet normal -0.369524 0.897444 0.240929
    outer loop
      vertex 39.420682 79.071000 10.696457
      vertex 37.762323 78.388168 10.696457
      vertex 37.899554 78.334683 11.106162
    endloop
  endfacet
  facet normal -0.369524 0.897444 0.240929
    outer loop
      vertex 39.420682 79.071000 10.696457
      vertex 37.899554 78.334683 11.106162
      vertex 39.581733 79.027323 11.106162
    endloop
  endfacet
  facet normal 0.000000 0.000000 1.000000
    outer loop
      vertex 33.919952 80.562796 4.311286
      vertex 31.836769 82.377694 4.311286
      vertex 32.908000 81.433453 4.311286
    endloop
  endfacet
  facet normal 0.000000 0.000000 1.000000
    outer loop
      vertex 33.919952 80.562796 4.311286
      vertex 30.654419 83.416832 4.311286
      vertex 31.836769 82.377694 4.311286
    endloop
  endfacet
  facet normal 0.000000 0.000000 -1.000000
    outer loop
      vertex 33.919952 80.562796 4.311286
      vertex 29.304118 84.472083 4.311286
      vertex 30.654419 83.416832 4.311286
    endloop
  endfacet
  facet normal 0.000000 0.000000 -1.000000
    outer loop
      vertex 33.919952 80.562796 4.311286
      vertex 27.935547 85.376730 4.311286
      vertex 29.304118 84.472083 4.311286
    endloop
  endfacet
  facet normal 0.000000 0.000000 -1.000000
    outer loop
      vertex 33.919952 80.562796 4.311286
      vertex 26.688457 86.169210 4.311286
      vertex 27.935547 85.376730 4.311286
    endloop
  endfacet
  facet normal 0.000000 0.000000 -1.000000
    outer loop
      vertex 33.919952 80.562796 4.311286
      vertex 25.542800 86.913469 4.311286
      vertex 26.688457 86.169210 4.311286
    endloop
  endfacet
  facet normal 0.000000 0.000000 -1.000000
    outer loop
      vertex 33.919952 80.562796 4.311286
      vertex 24.465606 87.631486 4.311286
      vertex 25.542800 86.913469 4.311286
    endloop
  endfacet
  facet normal 0.000000 0.000000 -1.000000
    outer loop
      vertex 33.919952 80.562796 4.311286
      vertex 24.606618 86.569062 4.311286
      vertex 24.465606 87.631486 4.311286
    endloop
  endfacet
  facet normal 0.000000 0.000000 -1.000000
    outer loop
      vertex 33.919952 80.562796 4.311286
      vertex 24.744553 85.457767 4.311286
      vertex 24.606618 86.569062 4.311286
    endloop
  endfacet
  facet normal 0.000000 0.000000 -1.000000
    outer loop
      vertex 33.919952 80.562796 4.311286
      vertex 24.883474 84.279976 4.311286
      vertex 24.744553 85.457767 4.311286
    endloop
  endfacet
  facet normal 0.000000 0.000000 -1.000000
    outer loop
      vertex 33.919952 80.562796 4.311286
      vertex 25.040766 83.015288 4.311286
      vertex 24.883474 84.279976 4.311286
    endloop
  endfacet
  facet normal 0.000000 0.000000 -1.000000
    outer loop
      vertex 33.919952 80.562796 4.311286
      vertex 25.258974 81.671785 4.311286
      vertex 25.040766 83.015288 4.311286
    endloop
  endfacet
  facet normal -0.000000 0.000000 -1.000000
    outer loop
      vertex 33.919952 80.562796 4.311286
      vertex 25.563788 80.335662 4.311286
      vertex 25.258974 81.671785 4.311286
    endloop
  endfacet
  facet normal 0.000000 0.000000 -1.000000
    outer loop
      vertex 33.919952 80.562796 4.311286
      vertex 25.905660 79.090527 4.311286
      vertex 25.563788 80.335662 4.311286
    endloop
  endfacet
  facet normal 0.000000 0.000000 -1.000000
    outer loop
      vertex 33.919952 80.562796 4.311286
      vertex 26.235256 77.936921 4.311286
      vertex 25.905660 79.090527 4.311286
    endloop
  endfacet
  facet normal 0.000000 0.000000 -1.000000
    outer loop
      vertex 33.919952 80.562796 4.311286
      vertex 27.205203 78.169470 4.311286
      vertex 26.235256 77.936921 4.311286
    endloop
  endfacet
  facet normal 0.000000 0.000000 -1.000000
    outer loop
      vertex 33.919952 80.562796 4.311286
      vertex 28.219561 78.431773 4.311286
      vertex 27.205203 78.169470 4.311286
    endloop
  endfacet
  facet normal 0.000000 0.000000 -1.000000
    outer loop
      vertex 33.919952 80.562796 4.311286
      vertex 29.259264 78.739687 4.311286
      vertex 28.219561 78.431773 4.311286
    endloop
  endfacet
  facet normal 0.000000 0.000000 -1.000000
    outer loop
      vertex 33.919952 80.562796 4.311286
      vertex 30.285893 79.093686 4.311286
      vertex 29.259264 78.739687 4.311286
    endloop
  endfacet
  facet normal 0.000000 0.000000 -1.000000
    outer loop
      vertex 33.919952 80.562796 4.311286
      vertex 31.266859 79.472078 4.311286
      vertex 30.285893 79.093686 4.311286
    endloop
  endfacet
  facet normal 0.000000 0.000000 -1.000000
    outer loop
      vertex 33.919952 80.562796 4.311286
      vertex 32.194163 79.850207 4.311286
      vertex 31.266859 79.472078 4.311286
    endloop
  endfacet
  facet normal 0.000000 0.000000 1.000000
    outer loop
      vertex 33.919952 80.562796 4.311286
      vertex 33.075180 80.214959 4.311286
      vertex 32.194163 79.850207 4.311286
    endloop
  endfacet
  facet normal -0.450619 -0.523748 0.722932
    outer loop
      vertex 41.807375 78.423729 12.056162
      vertex 39.397964 80.496722 12.056162
      vertex 37.566652 80.761045 11.106162
    endloop
  endfacet
  facet normal -0.450619 -0.523748 0.722932
    outer loop
      vertex 41.807375 78.423729 12.056162
      vertex 37.566652 80.761045 11.106162
      vertex 39.581733 79.027323 11.106162
    endloop
  endfacet
  facet normal -0.452412 -0.513257 0.729308
    outer loop
      vertex 39.397964 80.496722 12.056162
      vertex 36.847414 82.744915 12.056162
      vertex 35.433530 82.641294 11.106162
    endloop
  endfacet
  facet normal -0.452412 -0.513257 0.729308
    outer loop
      vertex 39.397964 80.496722 12.056162
      vertex 35.433530 82.641294 11.106162
      vertex 37.566652 80.761045 11.106162
    endloop
  endfacet
  facet normal -0.452008 -0.514303 0.728821
    outer loop
      vertex 36.847414 82.744915 12.056162
      vertex 34.032297 85.219053 12.056162
      vertex 33.079140 84.710509 11.106162
    endloop
  endfacet
  facet normal -0.452008 -0.514303 0.728821
    outer loop
      vertex 36.847414 82.744915 12.056162
      vertex 33.079140 84.710509 11.106162
      vertex 35.433530 82.641294 11.106162
    endloop
  endfacet
  facet normal -0.426877 -0.546232 0.720698
    outer loop
      vertex 34.032297 85.219053 12.056162
      vertex 30.817293 87.731557 12.056162
      vertex 30.390311 86.811811 11.106162
    endloop
  endfacet
  facet normal -0.426877 -0.546232 0.720698
    outer loop
      vertex 34.032297 85.219053 12.056162
      vertex 30.390311 86.811811 11.106162
      vertex 33.079140 84.710509 11.106162
    endloop
  endfacet
  facet normal -0.379256 -0.573747 0.725933
    outer loop
      vertex 30.817293 87.731557 12.056162
      vertex 27.558793 89.885478 12.056162
      vertex 27.665104 88.613217 11.106162
    endloop
  endfacet
  facet normal -0.379256 -0.573747 0.725933
    outer loop
      vertex 30.817293 87.731557 12.056162
      vertex 27.665104 88.613217 11.106162
      vertex 30.390311 86.811811 11.106162
    endloop
  endfacet
  facet normal -0.366158 -0.576207 0.730694
    outer loop
      vertex 27.558793 89.885478 12.056162
      vertex 24.589529 91.772335 12.056162
      vertex 25.181796 90.191268 11.106162
    endloop
  endfacet
  facet normal -0.366158 -0.576207 0.730694
    outer loop
      vertex 27.558793 89.885478 12.056162
      vertex 25.181796 90.191268 11.106162
      vertex 27.665104 88.613217 11.106162
    endloop
  endfacet
  facet normal -0.374581 -0.576602 0.726099
    outer loop
      vertex 24.589529 91.772335 12.056162
      vertex 21.861776 93.544379 12.056162
      vertex 22.900473 91.673295 11.106162
    endloop
  endfacet
  facet normal -0.374581 -0.576602 0.726099
    outer loop
      vertex 24.589529 91.772335 12.056162
      vertex 22.900473 91.673295 11.106162
      vertex 25.181796 90.191268 11.106162
    endloop
  endfacet
  facet normal -0.385883 -0.578915 0.718298
    outer loop
      vertex 21.861776 93.544379 12.056162
      vertex 19.297026 95.253945 12.056162
      vertex 20.755476 93.103069 11.106162
    endloop
  endfacet
  facet normal -0.385883 -0.578915 0.718298
    outer loop
      vertex 21.861776 93.544379 12.056162
      vertex 20.755476 93.103069 11.106162
      vertex 22.900473 91.673295 11.106162
    endloop
  endfacet
  facet normal 0.627195 0.083246 0.774401
    outer loop
      vertex 19.297026 95.253945 12.056162
      vertex 19.632771 92.724363 12.056162
      vertex 21.036272 90.987484 11.106162
    endloop
  endfacet
  facet normal 0.627195 0.083246 0.774401
    outer loop
      vertex 19.297026 95.253945 12.056162
      vertex 21.036272 90.987484 11.106162
      vertex 20.755476 93.103069 11.106162
    endloop
  endfacet
  facet normal 0.622693 0.077289 0.778640
    outer loop
      vertex 19.632771 92.724363 12.056162
      vertex 19.961187 90.078422 12.056162
      vertex 21.310938 88.774583 11.106162
    endloop
  endfacet
  facet normal 0.622693 0.077289 0.778640
    outer loop
      vertex 19.632771 92.724363 12.056162
      vertex 21.310938 88.774583 11.106162
      vertex 21.036272 90.987484 11.106162
    endloop
  endfacet
  facet normal 0.620321 0.073167 0.780928
    outer loop
      vertex 19.961187 90.078422 12.056162
      vertex 20.291952 87.274158 12.056162
      vertex 21.587569 86.429272 11.106162
    endloop
  endfacet
  facet normal 0.620321 0.073167 0.780928
    outer loop
      vertex 19.961187 90.078422 12.056162
      vertex 21.587569 86.429272 11.106162
      vertex 21.310938 88.774583 11.106162
    endloop
  endfacet
  facet normal 0.621853 0.077341 0.779305
    outer loop
      vertex 20.291952 87.274158 12.056162
      vertex 20.666455 84.262996 12.056162
      vertex 21.900781 83.910923 11.106162
    endloop
  endfacet
  facet normal 0.621853 0.077341 0.779305
    outer loop
      vertex 20.291952 87.274158 12.056162
      vertex 21.900781 83.910923 11.106162
      vertex 21.587569 86.429272 11.106162
    endloop
  endfacet
  facet normal 0.624787 0.101476 0.774173
    outer loop
      vertex 20.666455 84.262996 12.056162
      vertex 21.185998 81.064179 12.056162
      vertex 22.335294 81.235630 11.106162
    endloop
  endfacet
  facet normal 0.624787 0.101476 0.774173
    outer loop
      vertex 20.666455 84.262996 12.056162
      vertex 22.335294 81.235630 11.106162
      vertex 21.900781 83.910923 11.106162
    endloop
  endfacet
  facet normal 0.618163 0.141024 0.773296
    outer loop
      vertex 21.185998 81.064179 12.056162
      vertex 21.911746 77.882934 12.056162
      vertex 22.942265 78.575035 11.106162
    endloop
  endfacet
  facet normal 0.618163 0.141024 0.773296
    outer loop
      vertex 21.185998 81.064179 12.056162
      vertex 22.942265 78.575035 11.106162
      vertex 22.335294 81.235630 11.106162
    endloop
  endfacet
  facet normal 0.605665 0.166295 0.778149
    outer loop
      vertex 21.911746 77.882934 12.056162
      vertex 22.725727 74.918328 12.056162
      vertex 23.623028 76.095623 11.106162
    endloop
  endfacet
  facet normal 0.605665 0.166295 0.778149
    outer loop
      vertex 21.911746 77.882934 12.056162
      vertex 23.623028 76.095623 11.106162
      vertex 22.942265 78.575035 11.106162
    endloop
  endfacet
  facet normal 0.601061 0.171729 0.780535
    outer loop
      vertex 22.725727 74.918328 12.056162
      vertex 23.510479 72.171646 12.056162
      vertex 24.279346 73.798468 11.106162
    endloop
  endfacet
  facet normal 0.601061 0.171729 0.780535
    outer loop
      vertex 22.725727 74.918328 12.056162
      vertex 24.279346 73.798468 11.106162
      vertex 23.623028 76.095623 11.106162
    endloop
  endfacet
  facet normal -0.130738 0.545299 0.827984
    outer loop
      vertex 23.510479 72.171646 12.056162
      vertex 25.819877 72.725334 12.056162
      vertex 26.210783 74.261538 11.106162
    endloop
  endfacet
  facet normal -0.130738 0.545299 0.827984
    outer loop
      vertex 23.510479 72.171646 12.056162
      vertex 26.210783 74.261538 11.106162
      vertex 24.279346 73.798468 11.106162
    endloop
  endfacet
  facet normal -0.141305 0.546445 0.825488
    outer loop
      vertex 25.819877 72.725334 12.056162
      vertex 28.235015 73.349865 12.056162
      vertex 28.230654 74.783858 11.106162
    endloop
  endfacet
  facet normal -0.141305 0.546445 0.825488
    outer loop
      vertex 25.819877 72.725334 12.056162
      vertex 28.230654 74.783858 11.106162
      vertex 26.210783 74.261538 11.106162
    endloop
  endfacet
  facet normal -0.161319 0.544710 0.822962
    outer loop
      vertex 28.235015 73.349865 12.056162
      vertex 30.710498 74.082994 12.056162
      vertex 30.300995 75.397002 11.106162
    endloop
  endfacet
  facet normal -0.161319 0.544710 0.822962
    outer loop
      vertex 28.235015 73.349865 12.056162
      vertex 30.300995 75.397002 11.106162
      vertex 28.230654 74.783858 11.106162
    endloop
  endfacet
  facet normal -0.185233 0.537191 0.822870
    outer loop
      vertex 30.710498 74.082994 12.056162
      vertex 33.154852 74.925850 12.056162
      vertex 32.345301 76.101913 11.106162
    endloop
  endfacet
  facet normal -0.185233 0.537191 0.822870
    outer loop
      vertex 30.710498 74.082994 12.056162
      vertex 32.345301 76.101913 11.106162
      vertex 30.300995 75.397002 11.106162
    endloop
  endfacet
  facet normal -0.203208 0.526809 0.825335
    outer loop
      vertex 33.154852 74.925850 12.056162
      vertex 35.490487 75.826782 12.056162
      vertex 34.298681 76.855397 11.106162
    endloop
  endfacet
  facet normal -0.203208 0.526809 0.825335
    outer loop
      vertex 33.154852 74.925850 12.056162
      vertex 34.298681 76.855397 11.106162
      vertex 32.345301 76.101913 11.106162
    endloop
  endfacet
  facet normal -0.211758 0.519305 0.827937
    outer loop
      vertex 35.490487 75.826782 12.056162
      vertex 37.698353 76.727089 12.056162
      vertex 36.145202 77.608358 11.106162
    endloop
  endfacet
  facet normal -0.211758 0.519305 0.827937
    outer loop
      vertex 35.490487 75.826782 12.056162
      vertex 36.145202 77.608358 11.106162
      vertex 34.298681 76.855397 11.106162
    endloop
  endfacet
  facet normal -0.213913 0.516681 0.829025
    outer loop
      vertex 37.698353 76.727089 12.056162
      vertex 39.796012 77.595547 12.056162
      vertex 37.899554 78.334683 11.106162
    endloop
  endfacet
  facet normal -0.213913 0.516681 0.829025
    outer loop
      vertex 37.698353 76.727089 12.056162
      vertex 37.899554 78.334683 11.106162
      vertex 36.145202 77.608358 11.106162
    endloop
  endfacet
  facet normal -0.213210 0.517811 0.828501
    outer loop
      vertex 39.796012 77.595547 12.056162
      vertex 41.807375 78.423729 12.056162
      vertex 39.581733 79.027323 11.106162
    endloop
  endfacet
  facet normal -0.213210 0.517811 0.828501
    outer loop
      vertex 39.796012 77.595547 12.056162
      vertex 39.581733 79.027323 11.106162
      vertex 37.899554 78.334683 11.106162
    endloop
  endfacet
  facet normal 0.000000 0.000000 -1.000000
    outer loop
      vertex 31.783931 81.142084 5.089504
      vertex 31.150429 81.687132 5.089504
      vertex 30.479818 82.278245 5.089504
    endloop
  endfacet
  facet normal 0.000000 0.000000 -1.000000
    outer loop
      vertex 31.783931 81.142084 5.089504
      vertex 30.479818 82.278245 5.089504
      vertex 29.739644 82.928766 5.089504
    endloop
  endfacet
  facet normal 0.000000 0.000000 1.000000
    outer loop
      vertex 31.783931 81.142084 5.089504
      vertex 29.739644 82.928766 5.089504
      vertex 28.894329 83.589374 5.089504
    endloop
  endfacet
  facet normal 0.000000 0.000000 1.000000
    outer loop
      vertex 31.783931 81.142084 5.089504
      vertex 28.894329 83.589374 5.089504
      vertex 28.037578 84.155700 5.089504
    endloop
  endfacet
  facet normal 0.000000 0.000000 1.000000
    outer loop
      vertex 31.783931 81.142084 5.089504
      vertex 28.037578 84.155700 5.089504
      vertex 27.256875 84.651808 5.089504
    endloop
  endfacet
  facet normal 0.000000 0.000000 1.000000
    outer loop
      vertex 31.783931 81.142084 5.089504
      vertex 27.256875 84.651808 5.089504
      vertex 26.539672 85.117728 5.089504
    endloop
  endfacet
  facet normal 0.000000 0.000000 1.000000
    outer loop
      vertex 31.783931 81.142084 5.089504
      vertex 26.539672 85.117728 5.089504
      vertex 25.865327 85.567221 5.089504
    endloop
  endfacet
  facet normal 0.000000 0.000000 1.000000
    outer loop
      vertex 31.783931 81.142084 5.089504
      vertex 25.865327 85.567221 5.089504
      vertex 25.953604 84.902123 5.089504
    endloop
  endfacet
  facet normal 0.000000 0.000000 1.000000
    outer loop
      vertex 31.783931 81.142084 5.089504
      vertex 25.953604 84.902123 5.089504
      vertex 26.039953 84.206431 5.089504
    endloop
  endfacet
  facet normal 0.000000 0.000000 1.000000
    outer loop
      vertex 31.783931 81.142084 5.089504
      vertex 26.039953 84.206431 5.089504
      vertex 26.126921 83.469111 5.089504
    endloop
  endfacet
  facet normal 0.000000 0.000000 1.000000
    outer loop
      vertex 31.783931 81.142084 5.089504
      vertex 26.126921 83.469111 5.089504
      vertex 26.225388 82.677392 5.089504
    endloop
  endfacet
  facet normal 0.000000 0.000000 1.000000
    outer loop
      vertex 31.783931 81.142084 5.089504
      vertex 26.225388 82.677392 5.089504
      vertex 26.361991 81.836332 5.089504
    endloop
  endfacet
  facet normal 0.000000 0.000000 1.000000
    outer loop
      vertex 31.783931 81.142084 5.089504
      vertex 26.361991 81.836332 5.089504
      vertex 26.552810 80.999894 5.089504
    endloop
  endfacet
  facet normal 0.000000 0.000000 1.000000
    outer loop
      vertex 31.783931 81.142084 5.089504
      vertex 26.552810 80.999894 5.089504
      vertex 26.766829 80.220415 5.089504
    endloop
  endfacet
  facet normal 0.000000 0.000000 1.000000
    outer loop
      vertex 31.783931 81.142084 5.089504
      vertex 26.766829 80.220415 5.089504
      vertex 26.973162 79.498235 5.089504
    endloop
  endfacet
  facet normal 0.000000 0.000000 1.000000
    outer loop
      vertex 31.783931 81.142084 5.089504
      vertex 26.973162 79.498235 5.089504
      vertex 27.580368 79.643815 5.089504
    endloop
  endfacet
  facet normal 0.000000 0.000000 1.000000
    outer loop
      vertex 31.783931 81.142084 5.089504
      vertex 27.580368 79.643815 5.089504
      vertex 28.215375 79.808022 5.089504
    endloop
  endfacet
  facet normal 0.000000 0.000000 1.000000
    outer loop
      vertex 31.783931 81.142084 5.089504
      vertex 28.215375 79.808022 5.089504
      vertex 28.866250 80.000783 5.089504
    endloop
  endfacet
  facet normal 0.000000 0.000000 1.000000
    outer loop
      vertex 31.783931 81.142084 5.089504
      vertex 28.866250 80.000783 5.089504
      vertex 29.508939 80.222393 5.089504
    endloop
  endfacet
  facet normal 0.000000 0.000000 1.000000
    outer loop
      vertex 31.783931 81.142084 5.089504
      vertex 29.508939 80.222393 5.089504
      vertex 30.123044 80.459273 5.089504
    endloop
  endfacet
  facet normal 0.000000 0.000000 1.000000
    outer loop
      vertex 31.783931 81.142084 5.089504
      vertex 30.123044 80.459273 5.089504
      vertex 30.703553 80.695989 5.089504
    endloop
  endfacet
  facet normal 0.000000 0.000000 -1.000000
    outer loop
      vertex 31.783931 81.142084 5.089504
      vertex 30.703553 80.695989 5.089504
      vertex 31.255087 80.924332 5.089504
    endloop
  endfacet
  facet normal 0.226480 -0.973901 -0.014950
    outer loop
      vertex 49.268165 83.677501 4.311286
      vertex 50.335008 83.925595 4.311286
      vertex 50.328919 83.915926 4.848943
    endloop
  endfacet
  facet normal 0.226480 -0.973901 -0.014950
    outer loop
      vertex 49.268165 83.677501 4.311286
      vertex 50.328919 83.915926 4.848943
      vertex 49.258946 83.667104 4.848943
    endloop
  endfacet
  facet normal 0.225066 -0.974229 -0.014972
    outer loop
      vertex 50.335008 83.925595 4.311286
      vertex 51.478931 84.189864 4.311286
      vertex 51.476199 84.180970 4.848943
    endloop
  endfacet
  facet normal 0.225066 -0.974229 -0.014972
    outer loop
      vertex 50.335008 83.925595 4.311286
      vertex 51.476199 84.180970 4.848943
      vertex 50.328919 83.915926 4.848943
    endloop
  endfacet
  facet normal 0.248237 -0.968587 -0.014761
    outer loop
      vertex 51.478931 84.189864 4.311286
      vertex 52.707745 84.504794 4.311286
      vertex 52.708619 84.496825 4.848943
    endloop
  endfacet
  facet normal 0.248237 -0.968587 -0.014761
    outer loop
      vertex 51.478931 84.189864 4.311286
      vertex 52.708619 84.496825 4.848943
      vertex 51.476199 84.180970 4.848943
    endloop
  endfacet
  facet normal 0.306889 -0.951633 -0.014605
    outer loop
      vertex 52.707745 84.504794 4.311286
      vertex 53.957984 84.907980 4.311286
      vertex 53.962526 84.901193 4.848943
    endloop
  endfacet
  facet normal 0.306889 -0.951633 -0.014605
    outer loop
      vertex 52.707745 84.504794 4.311286
      vertex 53.962526 84.901193 4.848943
      vertex 52.708619 84.496825 4.848943
    endloop
  endfacet
  facet normal 0.360082 -0.932803 -0.014816
    outer loop
      vertex 53.957984 84.907980 4.311286
      vertex 55.127967 85.359618 4.311286
      vertex 55.135943 85.354157 4.848943
    endloop
  endfacet
  facet normal 0.360082 -0.932803 -0.014816
    outer loop
      vertex 53.957984 84.907980 4.311286
      vertex 55.135943 85.354157 4.848943
      vertex 53.962526 84.901193 4.848943
    endloop
  endfacet
  facet normal 0.376975 -0.926102 -0.014999
    outer loop
      vertex 55.127967 85.359618 4.311286
      vertex 56.202134 85.796863 4.311286
      vertex 56.213262 85.792685 4.848943
    endloop
  endfacet
  facet normal 0.376975 -0.926102 -0.014999
    outer loop
      vertex 55.127967 85.359618 4.311286
      vertex 56.213262 85.792685 4.848943
      vertex 55.135943 85.354157 4.848943
    endloop
  endfacet
  facet normal 0.373777 -0.927398 -0.014943
    outer loop
      vertex 56.202134 85.796863 4.311286
      vertex 57.208442 86.202444 4.311286
      vertex 57.222522 86.199456 4.848943
    endloop
  endfacet
  facet normal 0.373777 -0.927398 -0.014943
    outer loop
      vertex 56.202134 85.796863 4.311286
      vertex 57.222522 86.199456 4.848943
      vertex 56.213262 85.792685 4.848943
    endloop
  endfacet
  facet normal 0.365675 -0.930626 -0.014748
    outer loop
      vertex 57.208442 86.202444 4.311286
      vertex 58.168729 86.579774 4.311286
      vertex 58.185627 86.577893 4.848943
    endloop
  endfacet
  facet normal 0.365675 -0.930626 -0.014748
    outer loop
      vertex 57.208442 86.202444 4.311286
      vertex 58.185627 86.577893 4.848943
      vertex 57.222522 86.199456 4.848943
    endloop
  endfacet
  facet normal 0.544248 0.838805 -0.014171
    outer loop
      vertex 58.168729 86.579774 4.311286
      vertex 57.264130 87.166712 4.311286
      vertex 57.278373 87.166553 4.848943
    endloop
  endfacet
  facet normal 0.544248 0.838805 -0.014171
    outer loop
      vertex 58.168729 86.579774 4.311286
      vertex 57.278373 87.166553 4.848943
      vertex 58.185627 86.577893 4.848943
    endloop
  endfacet
  facet normal 0.552337 0.833496 -0.014387
    outer loop
      vertex 57.264130 87.166712 4.311286
      vertex 56.316505 87.794679 4.311286
      vertex 56.327968 87.796363 4.848943
    endloop
  endfacet
  facet normal 0.552337 0.833496 -0.014387
    outer loop
      vertex 57.264130 87.166712 4.311286
      vertex 56.327968 87.796363 4.848943
      vertex 57.278373 87.166553 4.848943
    endloop
  endfacet
  facet normal 0.555864 0.831148 -0.014455
    outer loop
      vertex 56.316505 87.794679 4.311286
      vertex 55.301144 88.473743 4.311286
      vertex 55.309627 88.477419 4.848943
    endloop
  endfacet
  facet normal 0.555864 0.831148 -0.014455
    outer loop
      vertex 56.316505 87.794679 4.311286
      vertex 55.309627 88.477419 4.848943
      vertex 56.327968 87.796363 4.848943
    endloop
  endfacet
  facet normal 0.537774 0.842969 -0.014250
    outer loop
      vertex 55.301144 88.473743 4.311286
      vertex 54.180164 89.188875 4.311286
      vertex 54.185358 89.194650 4.848943
    endloop
  endfacet
  facet normal 0.537774 0.842969 -0.014250
    outer loop
      vertex 55.301144 88.473743 4.311286
      vertex 54.185358 89.194650 4.848943
      vertex 55.309627 88.477419 4.848943
    endloop
  endfacet
  facet normal 0.481811 0.876162 -0.014066
    outer loop
      vertex 54.180164 89.188875 4.311286
      vertex 52.967739 89.855600 4.311286
      vertex 52.969375 89.863332 4.848943
    endloop
  endfacet
  facet normal 0.481811 0.876162 -0.014066
    outer loop
      vertex 54.180164 89.188875 4.311286
      vertex 52.969375 89.863332 4.848943
      vertex 54.185358 89.194650 4.848943
    endloop
  endfacet
  facet normal 0.429422 0.902991 -0.014292
    outer loop
      vertex 52.967739 89.855600 4.311286
      vertex 51.783863 90.418598 4.311286
      vertex 51.782026 90.427982 4.848943
    endloop
  endfacet
  facet normal 0.429422 0.902991 -0.014292
    outer loop
      vertex 52.967739 89.855600 4.311286
      vertex 51.782026 90.427982 4.848943
      vertex 52.969375 89.863332 4.848943
    endloop
  endfacet
  facet normal 0.415956 0.909270 -0.014448
    outer loop
      vertex 51.783863 90.418598 4.311286
      vertex 50.688709 90.919588 4.311286
      vertex 50.683658 90.930442 4.848943
    endloop
  endfacet
  facet normal 0.415956 0.909270 -0.014448
    outer loop
      vertex 51.783863 90.418598 4.311286
      vertex 50.683658 90.930442 4.848943
      vertex 51.782026 90.427982 4.848943
    endloop
  endfacet
  facet normal 0.421528 0.906702 -0.014344
    outer loop
      vertex 50.688709 90.919588 4.311286
      vertex 49.668645 91.393819 4.311286
      vertex 49.660601 91.406064 4.848943
    endloop
  endfacet
  facet normal 0.421528 0.906702 -0.014344
    outer loop
      vertex 50.688709 90.919588 4.311286
      vertex 49.660601 91.406064 4.848943
      vertex 50.683658 90.930442 4.848943
    endloop
  endfacet
  facet normal -0.991551 0.128496 -0.017762
    outer loop
      vertex 49.668645 91.393819 4.311286
      vertex 49.554250 90.511081 4.311286
      vertex 49.545870 90.520736 4.848943
    endloop
  endfacet
  facet normal -0.991551 0.128496 -0.017762
    outer loop
      vertex 49.668645 91.393819 4.311286
      vertex 49.545870 90.520736 4.848943
      vertex 49.660601 91.406064 4.848943
    endloop
  endfacet
  facet normal -0.991770 0.126795 -0.017735
    outer loop
      vertex 49.554250 90.511081 4.311286
      vertex 49.435645 89.583369 4.311286
      vertex 49.426917 89.590302 4.848943
    endloop
  endfacet
  facet normal -0.991770 0.126795 -0.017735
    outer loop
      vertex 49.554250 90.511081 4.311286
      vertex 49.426917 89.590302 4.848943
      vertex 49.545870 90.520736 4.848943
    endloop
  endfacet
  facet normal -0.993470 0.112733 -0.017581
    outer loop
      vertex 49.435645 89.583369 4.311286
      vertex 49.324454 88.603485 4.311286
      vertex 49.315400 88.607543 4.848943
    endloop
  endfacet
  facet normal -0.993470 0.112733 -0.017581
    outer loop
      vertex 49.435645 89.583369 4.311286
      vertex 49.315400 88.607543 4.848943
      vertex 49.426917 89.590302 4.848943
    endloop
  endfacet
  facet normal -0.996649 0.079934 -0.017387
    outer loop
      vertex 49.324454 88.603485 4.311286
      vertex 49.242267 87.578738 4.311286
      vertex 49.232971 87.579789 4.848943
    endloop
  endfacet
  facet normal -0.996649 0.079934 -0.017387
    outer loop
      vertex 49.324454 88.603485 4.311286
      vertex 49.232971 87.579789 4.848943
      vertex 49.315400 88.607543 4.848943
    endloop
  endfacet
  facet normal -0.999274 0.033910 -0.017343
    outer loop
      vertex 49.242267 87.578738 4.311286
      vertex 49.207119 86.542964 4.311286
      vertex 49.197720 86.540975 4.848943
    endloop
  endfacet
  facet normal -0.999274 0.033910 -0.017343
    outer loop
      vertex 49.242267 87.578738 4.311286
      vertex 49.197720 86.540975 4.848943
      vertex 49.232971 87.579789 4.848943
    endloop
  endfacet
  facet normal -0.999830 -0.005843 -0.017499
    outer loop
      vertex 49.207119 86.542964 4.311286
      vertex 49.212991 85.538138 4.311286
      vertex 49.203609 85.533200 4.848943
    endloop
  endfacet
  facet normal -0.999830 -0.005843 -0.017499
    outer loop
      vertex 49.207119 86.542964 4.311286
      vertex 49.203609 85.533200 4.848943
      vertex 49.197720 86.540975 4.848943
    endloop
  endfacet
  facet normal -0.999481 -0.026908 -0.017687
    outer loop
      vertex 49.212991 85.538138 4.311286
      vertex 49.238687 84.583648 4.311286
      vertex 49.229381 84.575910 4.848943
    endloop
  endfacet
  facet normal -0.999481 -0.026908 -0.017687
    outer loop
      vertex 49.212991 85.538138 4.311286
      vertex 49.229381 84.575910 4.848943
      vertex 49.203609 85.533200 4.848943
    endloop
  endfacet
  facet normal -0.999314 -0.032509 -0.017765
    outer loop
      vertex 49.238687 84.583648 4.311286
      vertex 49.268165 83.677501 4.311286
      vertex 49.258946 83.667104 4.848943
    endloop
  endfacet
  facet normal -0.999314 -0.032509 -0.017765
    outer loop
      vertex 49.238687 84.583648 4.311286
      vertex 49.258946 83.667104 4.848943
      vertex 49.229381 84.575910 4.848943
    endloop
  endfacet
  facet normal 0.226233 -0.972840 -0.048998
    outer loop
      vertex 49.258946 83.667104 4.848943
      vertex 50.328919 83.915926 4.848943
      vertex 50.308506 83.883511 5.398276
    endloop
  endfacet
  facet normal 0.226233 -0.972840 -0.048998
    outer loop
      vertex 49.258946 83.667104 4.848943
      vertex 50.308506 83.883511 5.398276
      vertex 49.228039 83.632249 5.398276
    endloop
  endfacet
  facet normal 0.224820 -0.973164 -0.049070
    outer loop
      vertex 50.328919 83.915926 4.848943
      vertex 51.476199 84.180970 4.848943
      vertex 51.467039 84.151155 5.398276
    endloop
  endfacet
  facet normal 0.224820 -0.973164 -0.049070
    outer loop
      vertex 50.328919 83.915926 4.848943
      vertex 51.467039 84.151155 5.398276
      vertex 50.308506 83.883511 5.398276
    endloop
  endfacet
  facet normal 0.247974 -0.967558 -0.048379
    outer loop
      vertex 51.476199 84.180970 4.848943
      vertex 52.708619 84.496825 4.848943
      vertex 52.711547 84.470108 5.398276
    endloop
  endfacet
  facet normal 0.247974 -0.967558 -0.048379
    outer loop
      vertex 51.476199 84.180970 4.848943
      vertex 52.711547 84.470108 5.398276
      vertex 51.467039 84.151155 5.398276
    endloop
  endfacet
  facet normal 0.306570 -0.950644 -0.047869
    outer loop
      vertex 52.708619 84.496825 4.848943
      vertex 53.962526 84.901193 4.848943
      vertex 53.977753 84.878442 5.398276
    endloop
  endfacet
  facet normal 0.306570 -0.950644 -0.047869
    outer loop
      vertex 52.708619 84.496825 4.848943
      vertex 53.977753 84.878442 5.398276
      vertex 52.711547 84.470108 5.398276
    endloop
  endfacet
  facet normal 0.359696 -0.931805 -0.048562
    outer loop
      vertex 53.962526 84.901193 4.848943
      vertex 55.135943 85.354157 4.848943
      vertex 55.162679 85.335849 5.398276
    endloop
  endfacet
  facet normal 0.359696 -0.931805 -0.048562
    outer loop
      vertex 53.962526 84.901193 4.848943
      vertex 55.162679 85.335849 5.398276
      vertex 53.977753 84.878442 5.398276
    endloop
  endfacet
  facet normal 0.376561 -0.925086 -0.049159
    outer loop
      vertex 55.135943 85.354157 4.848943
      vertex 56.213262 85.792685 4.848943
      vertex 56.250565 85.778678 5.398276
    endloop
  endfacet
  facet normal 0.376561 -0.925086 -0.049159
    outer loop
      vertex 55.135943 85.354157 4.848943
      vertex 56.250565 85.778678 5.398276
      vertex 55.162679 85.335849 5.398276
    endloop
  endfacet
  facet normal 0.373371 -0.926389 -0.048975
    outer loop
      vertex 56.213262 85.792685 4.848943
      vertex 57.222522 86.199456 4.848943
      vertex 57.269725 86.189439 5.398276
    endloop
  endfacet
  facet normal 0.373371 -0.926389 -0.048975
    outer loop
      vertex 56.213262 85.792685 4.848943
      vertex 57.269725 86.189439 5.398276
      vertex 56.250565 85.778678 5.398276
    endloop
  endfacet
  facet normal 0.365287 -0.929639 -0.048340
    outer loop
      vertex 57.222522 86.199456 4.848943
      vertex 58.185627 86.577893 4.848943
      vertex 58.242276 86.571588 5.398276
    endloop
  endfacet
  facet normal 0.365287 -0.929639 -0.048340
    outer loop
      vertex 57.222522 86.199456 4.848943
      vertex 58.242276 86.571588 5.398276
      vertex 57.269725 86.189439 5.398276
    endloop
  endfacet
  facet normal 0.543715 0.837984 -0.046451
    outer loop
      vertex 58.185627 86.577893 4.848943
      vertex 57.278373 87.166553 4.848943
      vertex 57.326124 87.166022 5.398276
    endloop
  endfacet
  facet normal 0.543715 0.837984 -0.046451
    outer loop
      vertex 58.185627 86.577893 4.848943
      vertex 57.326124 87.166022 5.398276
      vertex 58.242276 86.571588 5.398276
    endloop
  endfacet
  facet normal 0.551780 0.832655 -0.047157
    outer loop
      vertex 57.278373 87.166553 4.848943
      vertex 56.327968 87.796363 4.848943
      vertex 56.366397 87.802009 5.398276
    endloop
  endfacet
  facet normal 0.551780 0.832655 -0.047157
    outer loop
      vertex 57.278373 87.166553 4.848943
      vertex 56.366397 87.802009 5.398276
      vertex 57.326124 87.166022 5.398276
    endloop
  endfacet
  facet normal 0.555297 0.830301 -0.047379
    outer loop
      vertex 56.327968 87.796363 4.848943
      vertex 55.309627 88.477419 4.848943
      vertex 55.338067 88.489745 5.398276
    endloop
  endfacet
  facet normal 0.555297 0.830301 -0.047379
    outer loop
      vertex 56.327968 87.796363 4.848943
      vertex 55.338067 88.489745 5.398276
      vertex 56.366397 87.802009 5.398276
    endloop
  endfacet
  facet normal 0.537242 0.842134 -0.046710
    outer loop
      vertex 55.309627 88.477419 4.848943
      vertex 54.185358 89.194650 4.848943
      vertex 54.202771 89.214011 5.398276
    endloop
  endfacet
  facet normal 0.537242 0.842134 -0.046710
    outer loop
      vertex 55.309627 88.477419 4.848943
      vertex 54.202771 89.214011 5.398276
      vertex 55.338067 88.489745 5.398276
    endloop
  endfacet
  facet normal 0.481346 0.875317 -0.046108
    outer loop
      vertex 54.185358 89.194650 4.848943
      vertex 52.969375 89.863332 4.848943
      vertex 52.974861 89.889252 5.398276
    endloop
  endfacet
  facet normal 0.481346 0.875317 -0.046108
    outer loop
      vertex 54.185358 89.194650 4.848943
      vertex 52.974861 89.889252 5.398276
      vertex 54.202771 89.214011 5.398276
    endloop
  endfacet
  facet normal 0.428994 0.902092 -0.046848
    outer loop
      vertex 52.969375 89.863332 4.848943
      vertex 51.782026 90.427982 4.848943
      vertex 51.775866 90.459440 5.398276
    endloop
  endfacet
  facet normal 0.428994 0.902092 -0.046848
    outer loop
      vertex 52.969375 89.863332 4.848943
      vertex 51.775866 90.459440 5.398276
      vertex 52.974861 89.889252 5.398276
    endloop
  endfacet
  facet normal 0.415532 0.908345 -0.047357
    outer loop
      vertex 51.782026 90.427982 4.848943
      vertex 50.683658 90.930442 4.848943
      vertex 50.666725 90.966828 5.398276
    endloop
  endfacet
  facet normal 0.415532 0.908345 -0.047357
    outer loop
      vertex 51.782026 90.427982 4.848943
      vertex 50.666725 90.966828 5.398276
      vertex 51.775866 90.459440 5.398276
    endloop
  endfacet
  facet normal 0.421105 0.905792 -0.047017
    outer loop
      vertex 50.683658 90.930442 4.848943
      vertex 49.660601 91.406064 4.848943
      vertex 49.633633 91.447115 5.398276
    endloop
  endfacet
  facet normal 0.421105 0.905792 -0.047017
    outer loop
      vertex 50.683658 90.930442 4.848943
      vertex 49.633633 91.447115 5.398276
      vertex 50.666725 90.966828 5.398276
    endloop
  endfacet
  facet normal -0.990027 0.128299 -0.058190
    outer loop
      vertex 49.660601 91.406064 4.848943
      vertex 49.545870 90.520736 4.848943
      vertex 49.517777 90.553104 5.398276
    endloop
  endfacet
  facet normal -0.990027 0.128299 -0.058190
    outer loop
      vertex 49.660601 91.406064 4.848943
      vertex 49.517777 90.553104 5.398276
      vertex 49.633633 91.447115 5.398276
    endloop
  endfacet
  facet normal -0.990251 0.126601 -0.058101
    outer loop
      vertex 49.545870 90.520736 4.848943
      vertex 49.426917 89.590302 4.848943
      vertex 49.397657 89.613544 5.398276
    endloop
  endfacet
  facet normal -0.990251 0.126601 -0.058101
    outer loop
      vertex 49.545870 90.520736 4.848943
      vertex 49.397657 89.613544 5.398276
      vertex 49.517777 90.553104 5.398276
    endloop
  endfacet
  facet normal -0.991974 0.112563 -0.057599
    outer loop
      vertex 49.426917 89.590302 4.848943
      vertex 49.315400 88.607543 4.848943
      vertex 49.285046 88.621145 5.398276
    endloop
  endfacet
  facet normal -0.991974 0.112563 -0.057599
    outer loop
      vertex 49.426917 89.590302 4.848943
      vertex 49.285046 88.621145 5.398276
      vertex 49.397657 89.613544 5.398276
    endloop
  endfacet
  facet normal -0.995181 0.079816 -0.056965
    outer loop
      vertex 49.315400 88.607543 4.848943
      vertex 49.232971 87.579789 4.848943
      vertex 49.201809 87.583311 5.398276
    endloop
  endfacet
  facet normal -0.995181 0.079816 -0.056965
    outer loop
      vertex 49.315400 88.607543 4.848943
      vertex 49.201809 87.583311 5.398276
      vertex 49.285046 88.621145 5.398276
    endloop
  endfacet
  facet normal -0.997810 0.033860 -0.056820
    outer loop
      vertex 49.232971 87.579789 4.848943
      vertex 49.197720 86.540975 4.848943
      vertex 49.166212 86.534308 5.398276
    endloop
  endfacet
  facet normal -0.997810 0.033860 -0.056820
    outer loop
      vertex 49.232971 87.579789 4.848943
      vertex 49.166212 86.534308 5.398276
      vertex 49.201809 87.583311 5.398276
    endloop
  endfacet
  facet normal -0.998338 -0.005834 -0.057332
    outer loop
      vertex 49.197720 86.540975 4.848943
      vertex 49.203609 85.533200 4.848943
      vertex 49.172159 85.516649 5.398276
    endloop
  endfacet
  facet normal -0.998338 -0.005834 -0.057332
    outer loop
      vertex 49.197720 86.540975 4.848943
      vertex 49.172159 85.516649 5.398276
      vertex 49.166212 86.534308 5.398276
    endloop
  endfacet
  facet normal -0.997958 -0.026867 -0.057944
    outer loop
      vertex 49.203609 85.533200 4.848943
      vertex 49.229381 84.575910 4.848943
      vertex 49.198184 84.549969 5.398276
    endloop
  endfacet
  facet normal -0.997958 -0.026867 -0.057944
    outer loop
      vertex 49.203609 85.533200 4.848943
      vertex 49.198184 84.549969 5.398276
      vertex 49.172159 85.516649 5.398276
    endloop
  endfacet
  facet normal -0.997777 -0.032459 -0.058198
    outer loop
      vertex 49.229381 84.575910 4.848943
      vertex 49.258946 83.667104 4.848943
      vertex 49.228039 83.632249 5.398276
    endloop
  endfacet
  facet normal -0.997777 -0.032459 -0.058198
    outer loop
      vertex 49.229381 84.575910 4.848943
      vertex 49.228039 83.632249 5.398276
      vertex 49.198184 84.549969 5.398276
    endloop
  endfacet
  facet normal 0.225445 -0.969448 -0.096672
    outer loop
      vertex 49.228039 83.632249 5.398276
      vertex 50.308506 83.883511 5.398276
      vertex 50.267396 83.818228 5.957076
    endloop
  endfacet
  facet normal 0.225445 -0.969448 -0.096672
    outer loop
      vertex 49.228039 83.632249 5.398276
      vertex 50.267396 83.818228 5.957076
      vertex 49.165792 83.562051 5.957076
    endloop
  endfacet
  facet normal -0.225165 0.968244 0.108649
    outer loop
      vertex 51.097574 85.136532 5.217220
      vertex 50.422788 84.979611 5.217220
      vertex 50.360531 84.909402 5.713879
    endloop
  endfacet
  facet normal -0.225165 0.968244 0.108649
    outer loop
      vertex 51.097574 85.136532 5.217220
      vertex 50.360531 84.909402 5.713879
      vertex 51.056457 85.071239 5.713879
    endloop
  endfacet
  facet normal 0.224034 -0.969761 -0.096812
    outer loop
      vertex 50.308506 83.883511 5.398276
      vertex 51.467039 84.151155 5.398276
      vertex 51.448591 84.091108 5.957076
    endloop
  endfacet
  facet normal 0.224034 -0.969761 -0.096812
    outer loop
      vertex 50.308506 83.883511 5.398276
      vertex 51.448591 84.091108 5.957076
      vertex 50.267396 83.818228 5.957076
    endloop
  endfacet
  facet normal -0.223755 0.968553 0.108807
    outer loop
      vertex 51.821114 85.303684 5.217220
      vertex 51.097574 85.136532 5.217220
      vertex 51.056457 85.071239 5.713879
    endloop
  endfacet
  facet normal -0.223755 0.968553 0.108807
    outer loop
      vertex 51.821114 85.303684 5.217220
      vertex 51.056457 85.071239 5.713879
      vertex 51.802663 85.243627 5.713879
    endloop
  endfacet
  facet normal 0.247131 -0.964269 -0.095459
    outer loop
      vertex 51.467039 84.151155 5.398276
      vertex 52.711547 84.470108 5.398276
      vertex 52.717445 84.416300 5.957076
    endloop
  endfacet
  facet normal 0.247131 -0.964269 -0.095459
    outer loop
      vertex 51.467039 84.151155 5.398276
      vertex 52.717445 84.416300 5.957076
      vertex 51.448591 84.091108 5.957076
    endloop
  endfacet
  facet normal -0.246831 0.963101 0.107290
    outer loop
      vertex 52.598348 85.502880 5.217220
      vertex 51.821114 85.303684 5.217220
      vertex 51.802663 85.243627 5.713879
    endloop
  endfacet
  facet normal -0.246831 0.963101 0.107290
    outer loop
      vertex 52.598348 85.502880 5.217220
      vertex 51.802663 85.243627 5.713879
      vertex 52.604247 85.449063 5.713879
    endloop
  endfacet
  facet normal 0.305550 -0.947479 -0.094459
    outer loop
      vertex 52.711547 84.470108 5.398276
      vertex 53.977753 84.878442 5.398276
      vertex 54.008420 84.832622 5.957076
    endloop
  endfacet
  facet normal 0.305550 -0.947479 -0.094459
    outer loop
      vertex 52.711547 84.470108 5.398276
      vertex 54.008420 84.832622 5.957076
      vertex 52.717445 84.416300 5.957076
    endloop
  endfacet
  facet normal -0.305187 0.946356 0.106169
    outer loop
      vertex 53.389133 85.757897 5.217220
      vertex 52.598348 85.502880 5.217220
      vertex 52.604247 85.449063 5.713879
    endloop
  endfacet
  facet normal -0.305187 0.946356 0.106169
    outer loop
      vertex 53.389133 85.757897 5.217220
      vertex 52.604247 85.449063 5.713879
      vertex 53.419805 85.712070 5.713879
    endloop
  endfacet
  facet normal 0.358464 -0.928613 -0.095816
    outer loop
      vertex 53.977753 84.878442 5.398276
      vertex 55.162679 85.335849 5.398276
      vertex 55.216526 85.298977 5.957076
    endloop
  endfacet
  facet normal 0.358464 -0.928613 -0.095816
    outer loop
      vertex 53.977753 84.878442 5.398276
      vertex 55.216526 85.298977 5.957076
      vertex 54.008420 84.832622 5.957076
    endloop
  endfacet
  facet normal -0.358027 0.927480 0.107690
    outer loop
      vertex 54.129156 86.043562 5.217220
      vertex 53.389133 85.757897 5.217220
      vertex 53.419805 85.712070 5.713879
    endloop
  endfacet
  facet normal -0.358027 0.927480 0.107690
    outer loop
      vertex 54.129156 86.043562 5.217220
      vertex 53.419805 85.712070 5.713879
      vertex 54.183012 86.006684 5.713879
    endloop
  endfacet
  facet normal 0.375240 -0.921840 -0.096986
    outer loop
      vertex 55.162679 85.335849 5.398276
      vertex 56.250565 85.778678 5.398276
      vertex 56.325693 85.750469 5.957076
    endloop
  endfacet
  facet normal 0.375240 -0.921840 -0.096986
    outer loop
      vertex 55.162679 85.335849 5.398276
      vertex 56.325693 85.750469 5.957076
      vertex 55.216526 85.298977 5.957076
    endloop
  endfacet
  facet normal -0.374771 0.920688 0.109001
    outer loop
      vertex 54.808575 86.320123 5.217220
      vertex 54.129156 86.043562 5.217220
      vertex 54.183012 86.006684 5.713879
    endloop
  endfacet
  facet normal -0.374771 0.920688 0.109001
    outer loop
      vertex 54.808575 86.320123 5.217220
      vertex 54.183012 86.006684 5.713879
      vertex 54.883715 86.291909 5.713879
    endloop
  endfacet
  facet normal 0.372070 -0.923162 -0.096626
    outer loop
      vertex 56.250565 85.778678 5.398276
      vertex 57.269725 86.189439 5.398276
      vertex 57.364790 86.169265 5.957076
    endloop
  endfacet
  facet normal 0.372070 -0.923162 -0.096626
    outer loop
      vertex 56.250565 85.778678 5.398276
      vertex 57.364790 86.169265 5.957076
      vertex 56.325693 85.750469 5.957076
    endloop
  endfacet
  facet normal -0.371608 0.922016 0.108598
    outer loop
      vertex 55.445072 86.576656 5.217220
      vertex 54.808575 86.320123 5.217220
      vertex 54.883715 86.291909 5.713879
    endloop
  endfacet
  facet normal -0.371608 0.922016 0.108598
    outer loop
      vertex 55.445072 86.576656 5.217220
      vertex 54.883715 86.291909 5.713879
      vertex 55.540152 86.556479 5.713879
    endloop
  endfacet
  facet normal 0.364047 -0.926484 -0.095381
    outer loop
      vertex 57.269725 86.189439 5.398276
      vertex 58.242276 86.571588 5.398276
      vertex 58.356367 86.558889 5.957076
    endloop
  endfacet
  facet normal 0.364047 -0.926484 -0.095381
    outer loop
      vertex 57.269725 86.189439 5.398276
      vertex 58.356367 86.558889 5.957076
      vertex 57.364790 86.169265 5.957076
    endloop
  endfacet
  facet normal -0.363607 0.925364 0.107203
    outer loop
      vertex 56.052461 86.815320 5.217220
      vertex 55.445072 86.576656 5.217220
      vertex 55.540152 86.556479 5.713879
    endloop
  endfacet
  facet normal -0.363607 0.925364 0.107203
    outer loop
      vertex 56.052461 86.815320 5.217220
      vertex 55.540152 86.556479 5.713879
      vertex 56.166569 86.802619 5.713879
    endloop
  endfacet
  facet normal 0.542010 0.835356 -0.091679
    outer loop
      vertex 58.242276 86.571588 5.398276
      vertex 57.326124 87.166022 5.398276
      vertex 57.422292 87.164952 5.957076
    endloop
  endfacet
  facet normal 0.542010 0.835356 -0.091679
    outer loop
      vertex 58.242276 86.571588 5.398276
      vertex 57.422292 87.164952 5.957076
      vertex 58.356367 86.558889 5.957076
    endloop
  endfacet
  facet normal -0.541404 -0.834423 0.103051
    outer loop
      vertex 55.480295 87.186562 5.217220
      vertex 56.052461 86.815320 5.217220
      vertex 56.166569 86.802619 5.713879
    endloop
  endfacet
  facet normal -0.541404 -0.834423 0.103051
    outer loop
      vertex 55.480295 87.186562 5.217220
      vertex 56.166569 86.802619 5.713879
      vertex 55.576478 87.185492 5.713879
    endloop
  endfacet
  facet normal 0.549997 0.829965 -0.093064
    outer loop
      vertex 57.326124 87.166022 5.398276
      vertex 56.366397 87.802009 5.398276
      vertex 56.443791 87.813380 5.957076
    endloop
  endfacet
  facet normal 0.549997 0.829965 -0.093064
    outer loop
      vertex 57.326124 87.166022 5.398276
      vertex 56.443791 87.813380 5.957076
      vertex 57.422292 87.164952 5.957076
    endloop
  endfacet
  facet normal -0.549364 -0.829010 0.104604
    outer loop
      vertex 54.880916 87.583756 5.217220
      vertex 55.480295 87.186562 5.217220
      vertex 55.576478 87.185492 5.713879
    endloop
  endfacet
  facet normal -0.549364 -0.829010 0.104604
    outer loop
      vertex 54.880916 87.583756 5.217220
      vertex 55.576478 87.185492 5.713879
      vertex 54.958322 87.595129 5.713879
    endloop
  endfacet
  facet normal 0.553486 0.827593 -0.093499
    outer loop
      vertex 56.366397 87.802009 5.398276
      vertex 55.338067 88.489745 5.398276
      vertex 55.395345 88.514570 5.957076
    endloop
  endfacet
  facet normal 0.553486 0.827593 -0.093499
    outer loop
      vertex 56.366397 87.802009 5.398276
      vertex 55.395345 88.514570 5.957076
      vertex 56.443791 87.813380 5.957076
    endloop
  endfacet
  facet normal -0.552843 -0.826632 0.105092
    outer loop
      vertex 54.238692 88.013269 5.217220
      vertex 54.880916 87.583756 5.217220
      vertex 54.958322 87.595129 5.713879
    endloop
  endfacet
  facet normal -0.552843 -0.826632 0.105092
    outer loop
      vertex 54.238692 88.013269 5.217220
      vertex 54.958322 87.595129 5.713879
      vertex 54.295979 88.038098 5.713879
    endloop
  endfacet
  facet normal 0.535538 0.839464 -0.092187
    outer loop
      vertex 55.338067 88.489745 5.398276
      vertex 54.202771 89.214011 5.398276
      vertex 54.237840 89.253004 5.957076
    endloop
  endfacet
  facet normal 0.535538 0.839464 -0.092187
    outer loop
      vertex 55.338067 88.489745 5.398276
      vertex 54.237840 89.253004 5.957076
      vertex 55.395345 88.514570 5.957076
    endloop
  endfacet
  facet normal -0.534933 -0.838516 0.103620
    outer loop
      vertex 53.529664 88.465595 5.217220
      vertex 54.238692 88.013269 5.217220
      vertex 54.295979 88.038098 5.713879
    endloop
  endfacet
  facet normal -0.534933 -0.838516 0.103620
    outer loop
      vertex 53.529664 88.465595 5.217220
      vertex 54.295979 88.038098 5.713879
      vertex 53.564738 88.504594 5.713879
    endloop
  endfacet
  facet normal 0.479859 0.872613 -0.091005
    outer loop
      vertex 54.202771 89.214011 5.398276
      vertex 52.974861 89.889252 5.398276
      vertex 52.985910 89.941454 5.957076
    endloop
  endfacet
  facet normal 0.479859 0.872613 -0.091005
    outer loop
      vertex 54.202771 89.214011 5.398276
      vertex 52.985910 89.941454 5.957076
      vertex 54.237840 89.253004 5.957076
    endloop
  endfacet
  facet normal -0.479331 -0.871652 0.102295
    outer loop
      vertex 52.762796 88.887304 5.217220
      vertex 53.529664 88.465595 5.217220
      vertex 53.564738 88.504594 5.713879
    endloop
  endfacet
  facet normal -0.479331 -0.871652 0.102295
    outer loop
      vertex 52.762796 88.887304 5.217220
      vertex 53.564738 88.504594 5.713879
      vertex 52.773846 88.939514 5.713879
    endloop
  endfacet
  facet normal 0.427626 0.899215 -0.092458
    outer loop
      vertex 52.974861 89.889252 5.398276
      vertex 51.775866 90.459440 5.398276
      vertex 51.763460 90.522796 5.957076
    endloop
  endfacet
  facet normal 0.427626 0.899215 -0.092458
    outer loop
      vertex 52.974861 89.889252 5.398276
      vertex 51.763460 90.522796 5.957076
      vertex 52.985910 89.941454 5.957076
    endloop
  endfacet
  facet normal -0.427140 -0.898193 0.103924
    outer loop
      vertex 52.013986 89.243405 5.217220
      vertex 52.762796 88.887304 5.217220
      vertex 52.773846 88.939514 5.713879
    endloop
  endfacet
  facet normal -0.427140 -0.898193 0.103924
    outer loop
      vertex 52.013986 89.243405 5.217220
      vertex 52.773846 88.939514 5.713879
      vertex 52.001578 89.306770 5.713879
    endloop
  endfacet
  facet normal 0.414178 0.905385 -0.093456
    outer loop
      vertex 51.775866 90.459440 5.398276
      vertex 50.666725 90.966828 5.398276
      vertex 50.632622 91.040110 5.957076
    endloop
  endfacet
  facet normal 0.414178 0.905385 -0.093456
    outer loop
      vertex 51.775866 90.459440 5.398276
      vertex 50.632622 91.040110 5.957076
      vertex 51.763460 90.522796 5.957076
    endloop
  endfacet
  facet normal -0.413698 -0.904334 0.105043
    outer loop
      vertex 51.321293 89.560285 5.217220
      vertex 52.013986 89.243405 5.217220
      vertex 52.001578 89.306770 5.713879
    endloop
  endfacet
  facet normal -0.413698 -0.904334 0.105043
    outer loop
      vertex 51.321293 89.560285 5.217220
      vertex 52.001578 89.306770 5.713879
      vertex 51.287184 89.633578 5.713879
    endloop
  endfacet
  facet normal 0.419753 0.902883 -0.092788
    outer loop
      vertex 50.666725 90.966828 5.398276
      vertex 49.633633 91.447115 5.398276
      vertex 49.579321 91.529792 5.957076
    endloop
  endfacet
  facet normal 0.419753 0.902883 -0.092788
    outer loop
      vertex 50.666725 90.966828 5.398276
      vertex 49.579321 91.529792 5.957076
      vertex 50.632622 91.040110 5.957076
    endloop
  endfacet
  facet normal -0.419272 -0.901850 0.104294
    outer loop
      vertex 50.676094 89.860239 5.217220
      vertex 51.321293 89.560285 5.217220
      vertex 51.287184 89.633578 5.713879
    endloop
  endfacet
  facet normal -0.419272 -0.901850 0.104294
    outer loop
      vertex 50.676094 89.860239 5.217220
      vertex 51.287184 89.633578 5.713879
      vertex 50.621773 89.942929 5.713879
    endloop
  endfacet
  facet normal -0.985169 0.127669 -0.114643
    outer loop
      vertex 49.633633 91.447115 5.398276
      vertex 49.517777 90.553104 5.398276
      vertex 49.461198 90.618292 5.957076
    endloop
  endfacet
  facet normal -0.985169 0.127669 -0.114643
    outer loop
      vertex 49.633633 91.447115 5.398276
      vertex 49.461198 90.618292 5.957076
      vertex 49.579321 91.529792 5.957076
    endloop
  endfacet
  facet normal 0.983449 -0.127446 0.128782
    outer loop
      vertex 50.603739 89.301901 5.217220
      vertex 50.676094 89.860239 5.217220
      vertex 50.621773 89.942929 5.713879
    endloop
  endfacet
  facet normal 0.983449 -0.127446 0.128782
    outer loop
      vertex 50.603739 89.301901 5.217220
      vertex 50.621773 89.942929 5.713879
      vertex 50.547151 89.367099 5.713879
    endloop
  endfacet
  facet normal -0.985406 0.125981 -0.114470
    outer loop
      vertex 49.517777 90.553104 5.398276
      vertex 49.397657 89.613544 5.398276
      vertex 49.338728 89.660352 5.957076
    endloop
  endfacet
  facet normal -0.985406 0.125981 -0.114470
    outer loop
      vertex 49.517777 90.553104 5.398276
      vertex 49.338728 89.660352 5.957076
      vertex 49.461198 90.618292 5.957076
    endloop
  endfacet
  facet normal 0.983691 -0.125762 0.128588
    outer loop
      vertex 50.528720 88.715116 5.217220
      vertex 50.603739 89.301901 5.217220
      vertex 50.547151 89.367099 5.713879
    endloop
  endfacet
  facet normal 0.983691 -0.125762 0.128588
    outer loop
      vertex 50.528720 88.715116 5.217220
      vertex 50.547151 89.367099 5.713879
      vertex 50.469782 88.761932 5.713879
    endloop
  endfacet
  facet normal -0.987204 0.112022 -0.113490
    outer loop
      vertex 49.397657 89.613544 5.398276
      vertex 49.285046 88.621145 5.398276
      vertex 49.223914 88.648540 5.957076
    endloop
  endfacet
  facet normal -0.987204 0.112022 -0.113490
    outer loop
      vertex 49.397657 89.613544 5.398276
      vertex 49.223914 88.648540 5.957076
      vertex 49.338728 89.660352 5.957076
    endloop
  endfacet
  facet normal 0.985515 -0.111830 0.127492
    outer loop
      vertex 50.458391 88.095332 5.217220
      vertex 50.528720 88.715116 5.217220
      vertex 50.469782 88.761932 5.713879
    endloop
  endfacet
  facet normal 0.985515 -0.111830 0.127492
    outer loop
      vertex 50.458391 88.095332 5.217220
      vertex 50.469782 88.761932 5.713879
      vertex 50.397250 88.122732 5.713879
    endloop
  endfacet
  facet normal -0.990499 0.079440 -0.112253
    outer loop
      vertex 49.285046 88.621145 5.398276
      vertex 49.201809 87.583311 5.398276
      vertex 49.139049 87.590403 5.957076
    endloop
  endfacet
  facet normal -0.990499 0.079440 -0.112253
    outer loop
      vertex 49.285046 88.621145 5.398276
      vertex 49.139049 87.590403 5.957076
      vertex 49.223914 88.648540 5.957076
    endloop
  endfacet
  facet normal 0.988841 -0.079307 0.126107
    outer loop
      vertex 50.406407 87.447172 5.217220
      vertex 50.458391 88.095332 5.217220
      vertex 50.397250 88.122732 5.713879
    endloop
  endfacet
  facet normal 0.988841 -0.079307 0.126107
    outer loop
      vertex 50.406407 87.447172 5.217220
      vertex 50.397250 88.122732 5.713879
      vertex 50.343637 87.454266 5.713879
    endloop
  endfacet
  facet normal -0.993140 0.033701 -0.111969
    outer loop
      vertex 49.201809 87.583311 5.398276
      vertex 49.166212 86.534308 5.398276
      vertex 49.102756 86.520880 5.957076
    endloop
  endfacet
  facet normal -0.993140 0.033701 -0.111969
    outer loop
      vertex 49.201809 87.583311 5.398276
      vertex 49.102756 86.520880 5.957076
      vertex 49.139049 87.590403 5.957076
    endloop
  endfacet
  facet normal 0.991486 -0.033645 0.125789
    outer loop
      vertex 50.384175 86.792037 5.217220
      vertex 50.406407 87.447172 5.217220
      vertex 50.343637 87.454266 5.713879
    endloop
  endfacet
  facet normal 0.991486 -0.033645 0.125789
    outer loop
      vertex 50.384175 86.792037 5.217220
      vertex 50.343637 87.454266 5.713879
      vertex 50.320709 86.778607 5.713879
    endloop
  endfacet
  facet normal -0.993582 -0.005806 -0.112969
    outer loop
      vertex 49.166212 86.534308 5.398276
      vertex 49.172159 85.516649 5.398276
      vertex 49.108819 85.483313 5.957076
    endloop
  endfacet
  facet normal -0.993582 -0.005806 -0.112969
    outer loop
      vertex 49.166212 86.534308 5.398276
      vertex 49.108819 85.483313 5.957076
      vertex 49.102756 86.520880 5.957076
    endloop
  endfacet
  facet normal 0.991898 0.005797 0.126908
    outer loop
      vertex 50.387889 86.156477 5.217220
      vertex 50.384175 86.792037 5.217220
      vertex 50.320709 86.778607 5.713879
    endloop
  endfacet
  facet normal 0.991898 0.005797 0.126908
    outer loop
      vertex 50.387889 86.156477 5.217220
      vertex 50.320709 86.778607 5.713879
      vertex 50.324540 86.123137 5.713879
    endloop
  endfacet
  facet normal -0.993102 -0.026736 -0.114163
    outer loop
      vertex 49.172159 85.516649 5.398276
      vertex 49.198184 84.549969 5.398276
      vertex 49.135353 84.497723 5.957076
    endloop
  endfacet
  facet normal -0.993102 -0.026736 -0.114163
    outer loop
      vertex 49.172159 85.516649 5.398276
      vertex 49.135353 84.497723 5.957076
      vertex 49.108819 85.483313 5.957076
    endloop
  endfacet
  facet normal 0.991383 0.026690 0.128245
    outer loop
      vertex 50.404143 85.552755 5.217220
      vertex 50.387889 86.156477 5.217220
      vertex 50.324540 86.123137 5.713879
    endloop
  endfacet
  facet normal 0.991383 0.026690 0.128245
    outer loop
      vertex 50.404143 85.552755 5.217220
      vertex 50.324540 86.123137 5.713879
      vertex 50.341302 85.500502 5.713879
    endloop
  endfacet
  facet normal -0.992880 -0.032300 -0.114658
    outer loop
      vertex 49.198184 84.549969 5.398276
      vertex 49.228039 83.632249 5.398276
      vertex 49.165792 83.562051 5.957076
    endloop
  endfacet
  facet normal -0.992880 -0.032300 -0.114658
    outer loop
      vertex 49.198184 84.549969 5.398276
      vertex 49.165792 83.562051 5.957076
      vertex 49.135353 84.497723 5.957076
    endloop
  endfacet
  facet normal 0.991146 0.032243 0.128799
    outer loop
      vertex 50.422788 84.979611 5.217220
      vertex 50.404143 85.552755 5.217220
      vertex 50.341302 85.500502 5.713879
    endloop
  endfacet
  facet normal 0.991146 0.032243 0.128799
    outer loop
      vertex 50.422788 84.979611 5.217220
      vertex 50.341302 85.500502 5.713879
      vertex 50.360531 84.909402 5.713879
    endloop
  endfacet
  facet normal 0.223517 -0.961159 -0.161906
    outer loop
      vertex 49.165792 83.562051 5.957076
      vertex 50.267396 83.818228 5.957076
      vertex 50.197048 83.706517 6.523134
    endloop
  endfacet
  facet normal 0.223517 -0.961159 -0.161906
    outer loop
      vertex 49.165792 83.562051 5.957076
      vertex 50.197048 83.706517 6.523134
      vertex 49.059276 83.441929 6.523134
    endloop
  endfacet
  facet normal -0.222701 0.957649 0.182515
    outer loop
      vertex 51.056457 85.071239 5.713879
      vertex 50.360531 84.909402 5.713879
      vertex 50.254334 84.789639 6.212687
    endloop
  endfacet
  facet normal -0.222701 0.957649 0.182515
    outer loop
      vertex 51.056457 85.071239 5.713879
      vertex 50.254334 84.789639 6.212687
      vertex 50.986319 84.959862 6.212687
    endloop
  endfacet
  facet normal 0.222113 -0.961446 -0.162137
    outer loop
      vertex 50.267396 83.818228 5.957076
      vertex 51.448591 84.091108 5.957076
      vertex 51.417025 83.988356 6.523134
    endloop
  endfacet
  facet normal 0.222113 -0.961446 -0.162137
    outer loop
      vertex 50.267396 83.818228 5.957076
      vertex 51.417025 83.988356 6.523134
      vertex 50.197048 83.706517 6.523134
    endloop
  endfacet
  facet normal -0.221299 0.957925 0.182774
    outer loop
      vertex 51.802663 85.243627 5.713879
      vertex 51.056457 85.071239 5.713879
      vertex 50.986319 84.959862 6.212687
    endloop
  endfacet
  facet normal -0.221299 0.957925 0.182774
    outer loop
      vertex 51.802663 85.243627 5.713879
      vertex 50.986319 84.959862 6.212687
      vertex 51.771191 85.141182 6.212687
    endloop
  endfacet
  facet normal 0.245070 -0.956227 -0.159910
    outer loop
      vertex 51.448591 84.091108 5.957076
      vertex 52.717445 84.416300 5.957076
      vertex 52.727537 84.324225 6.523134
    endloop
  endfacet
  facet normal 0.245070 -0.956227 -0.159910
    outer loop
      vertex 51.448591 84.091108 5.957076
      vertex 52.727537 84.324225 6.523134
      vertex 51.417025 83.988356 6.523134
    endloop
  endfacet
  facet normal -0.244197 0.952820 0.180281
    outer loop
      vertex 52.604247 85.449063 5.713879
      vertex 51.802663 85.243627 5.713879
      vertex 51.771191 85.141182 6.212687
    endloop
  endfacet
  facet normal -0.244197 0.952820 0.180281
    outer loop
      vertex 52.604247 85.449063 5.713879
      vertex 51.771191 85.141182 6.212687
      vertex 52.614308 85.357264 6.212687
    endloop
  endfacet
  facet normal 0.303054 -0.939740 -0.158262
    outer loop
      vertex 52.717445 84.416300 5.957076
      vertex 54.008420 84.832622 5.957076
      vertex 54.060898 84.754216 6.523134
    endloop
  endfacet
  facet normal 0.303054 -0.939740 -0.158262
    outer loop
      vertex 52.717445 84.416300 5.957076
      vertex 54.060898 84.754216 6.523134
      vertex 52.727537 84.324225 6.523134
    endloop
  endfacet
  facet normal -0.301996 0.936461 0.178436
    outer loop
      vertex 53.419805 85.712070 5.713879
      vertex 52.604247 85.449063 5.713879
      vertex 52.614308 85.357264 6.212687
    endloop
  endfacet
  facet normal -0.301996 0.936461 0.178436
    outer loop
      vertex 53.419805 85.712070 5.713879
      vertex 52.614308 85.357264 6.212687
      vertex 53.472126 85.633898 6.212687
    endloop
  endfacet
  facet normal 0.355453 -0.920812 -0.160497
    outer loop
      vertex 54.008420 84.832622 5.957076
      vertex 55.216526 85.298977 5.957076
      vertex 55.308668 85.235881 6.523134
    endloop
  endfacet
  facet normal 0.355453 -0.920812 -0.160497
    outer loop
      vertex 54.008420 84.832622 5.957076
      vertex 55.308668 85.235881 6.523134
      vertex 54.060898 84.754216 6.523134
    endloop
  endfacet
  facet normal -0.354177 0.917507 0.180939
    outer loop
      vertex 54.183012 86.006684 5.713879
      vertex 53.419805 85.712070 5.713879
      vertex 53.472126 85.633898 6.212687
    endloop
  endfacet
  facet normal -0.354177 0.917507 0.180939
    outer loop
      vertex 54.183012 86.006684 5.713879
      vertex 53.472126 85.633898 6.212687
      vertex 54.274878 85.943778 6.212687
    endloop
  endfacet
  facet normal 0.372011 -0.913907 -0.162423
    outer loop
      vertex 55.216526 85.298977 5.957076
      vertex 56.325693 85.750469 5.957076
      vertex 56.454252 85.702197 6.523134
    endloop
  endfacet
  facet normal 0.372011 -0.913907 -0.162423
    outer loop
      vertex 55.216526 85.298977 5.957076
      vertex 56.454252 85.702197 6.523134
      vertex 55.308668 85.235881 6.523134
    endloop
  endfacet
  facet normal -0.370644 0.910549 0.183094
    outer loop
      vertex 54.883715 86.291909 5.713879
      vertex 54.183012 86.006684 5.713879
      vertex 54.274878 85.943778 6.212687
    endloop
  endfacet
  facet normal -0.370644 0.910549 0.183094
    outer loop
      vertex 54.883715 86.291909 5.713879
      vertex 54.274878 85.943778 6.212687
      vertex 55.011889 86.243782 6.212687
    endloop
  endfacet
  facet normal 0.368892 -0.915276 -0.161832
    outer loop
      vertex 56.325693 85.750469 5.957076
      vertex 57.364790 86.169265 5.957076
      vertex 57.527464 86.134743 6.523134
    endloop
  endfacet
  facet normal 0.368892 -0.915276 -0.161832
    outer loop
      vertex 56.325693 85.750469 5.957076
      vertex 57.527464 86.134743 6.523134
      vertex 56.454252 85.702197 6.523134
    endloop
  endfacet
  facet normal -0.367546 0.911937 0.182432
    outer loop
      vertex 55.540152 86.556479 5.713879
      vertex 54.883715 86.291909 5.713879
      vertex 55.011889 86.243782 6.212687
    endloop
  endfacet
  facet normal -0.367546 0.911937 0.182432
    outer loop
      vertex 55.540152 86.556479 5.713879
      vertex 55.011889 86.243782 6.212687
      vertex 55.702340 86.522060 6.212687
    endloop
  endfacet
  facet normal 0.361016 -0.918770 -0.159781
    outer loop
      vertex 57.364790 86.169265 5.957076
      vertex 58.356367 86.558889 5.957076
      vertex 58.551596 86.537160 6.523134
    endloop
  endfacet
  facet normal 0.361016 -0.918770 -0.159781
    outer loop
      vertex 57.364790 86.169265 5.957076
      vertex 58.551596 86.537160 6.523134
      vertex 57.527464 86.134743 6.523134
    endloop
  endfacet
  facet normal -0.359732 0.915502 0.180137
    outer loop
      vertex 56.166569 86.802619 5.713879
      vertex 55.540152 86.556479 5.713879
      vertex 55.702340 86.522060 6.212687
    endloop
  endfacet
  facet normal -0.359732 0.915502 0.180137
    outer loop
      vertex 56.166569 86.802619 5.713879
      vertex 55.702340 86.522060 6.212687
      vertex 56.361215 86.780955 6.212687
    endloop
  endfacet
  facet normal 0.537837 0.828924 -0.153676
    outer loop
      vertex 58.356367 86.558889 5.957076
      vertex 57.422292 87.164952 5.957076
      vertex 57.586854 87.163120 6.523134
    endloop
  endfacet
  facet normal 0.537837 0.828924 -0.153676
    outer loop
      vertex 58.356367 86.558889 5.957076
      vertex 57.586854 87.163120 6.523134
      vertex 58.551596 86.537160 6.523134
    endloop
  endfacet
  facet normal -0.536066 -0.826196 0.173300
    outer loop
      vertex 55.576478 87.185492 5.713879
      vertex 56.166569 86.802619 5.713879
      vertex 56.361215 86.780955 6.212687
    endloop
  endfacet
  facet normal -0.536066 -0.826196 0.173300
    outer loop
      vertex 55.576478 87.185492 5.713879
      vertex 56.361215 86.780955 6.212687
      vertex 55.740548 87.183666 6.212687
    endloop
  endfacet
  facet normal 0.545635 0.823382 -0.155961
    outer loop
      vertex 57.422292 87.164952 5.957076
      vertex 56.443791 87.813380 5.957076
      vertex 56.576227 87.832838 6.523134
    endloop
  endfacet
  facet normal 0.545635 0.823382 -0.155961
    outer loop
      vertex 57.422292 87.164952 5.957076
      vertex 56.576227 87.832838 6.523134
      vertex 57.586854 87.163120 6.523134
    endloop
  endfacet
  facet normal -0.543786 -0.820592 0.175860
    outer loop
      vertex 54.958322 87.595129 5.713879
      vertex 55.576478 87.185492 5.713879
      vertex 55.740548 87.183666 6.212687
    endloop
  endfacet
  facet normal -0.543786 -0.820592 0.175860
    outer loop
      vertex 54.958322 87.595129 5.713879
      vertex 55.740548 87.183666 6.212687
      vertex 55.090361 87.614529 6.212687
    endloop
  endfacet
  facet normal 0.549056 0.820969 -0.156678
    outer loop
      vertex 56.443791 87.813380 5.957076
      vertex 55.395345 88.514570 5.957076
      vertex 55.493359 88.557050 6.523134
    endloop
  endfacet
  facet normal 0.549056 0.820969 -0.156678
    outer loop
      vertex 56.443791 87.813380 5.957076
      vertex 55.493359 88.557050 6.523134
      vertex 56.576227 87.832838 6.523134
    endloop
  endfacet
  facet normal -0.547178 -0.818160 0.176663
    outer loop
      vertex 54.295979 88.038098 5.713879
      vertex 54.958322 87.595129 5.713879
      vertex 55.090361 87.614529 6.212687
    endloop
  endfacet
  facet normal -0.547178 -0.818160 0.176663
    outer loop
      vertex 54.295979 88.038098 5.713879
      vertex 55.090361 87.614529 6.212687
      vertex 54.393699 88.080450 6.212687
    endloop
  endfacet
  facet normal 0.531370 0.832930 -0.154514
    outer loop
      vertex 55.395345 88.514570 5.957076
      vertex 54.237840 89.253004 5.957076
      vertex 54.297850 89.319727 6.523134
    endloop
  endfacet
  facet normal 0.531370 0.832930 -0.154514
    outer loop
      vertex 55.395345 88.514570 5.957076
      vertex 54.297850 89.319727 6.523134
      vertex 55.493359 88.557050 6.523134
    endloop
  endfacet
  facet normal -0.529602 -0.830158 0.174239
    outer loop
      vertex 53.564738 88.504594 5.713879
      vertex 54.295979 88.038098 5.713879
      vertex 54.393699 88.080450 6.212687
    endloop
  endfacet
  facet normal -0.529602 -0.830158 0.174239
    outer loop
      vertex 53.564738 88.504594 5.713879
      vertex 54.393699 88.080450 6.212687
      vertex 53.624569 88.571118 6.212687
    endloop
  endfacet
  facet normal 0.476218 0.865991 -0.152564
    outer loop
      vertex 54.237840 89.253004 5.957076
      vertex 52.985910 89.941454 5.957076
      vertex 53.004817 90.030781 6.523134
    endloop
  endfacet
  facet normal 0.476218 0.865991 -0.152564
    outer loop
      vertex 54.237840 89.253004 5.957076
      vertex 53.004817 90.030781 6.523134
      vertex 54.297850 89.319727 6.523134
    endloop
  endfacet
  facet normal -0.474673 -0.863182 0.172055
    outer loop
      vertex 52.773846 88.939514 5.713879
      vertex 53.564738 88.504594 5.713879
      vertex 53.624569 88.571118 6.212687
    endloop
  endfacet
  facet normal -0.474673 -0.863182 0.172055
    outer loop
      vertex 52.773846 88.939514 5.713879
      vertex 53.624569 88.571118 6.212687
      vertex 52.792696 89.028574 6.212687
    endloop
  endfacet
  facet normal 0.424278 0.892175 -0.154961
    outer loop
      vertex 52.985910 89.941454 5.957076
      vertex 51.763460 90.522796 5.957076
      vertex 51.742231 90.631209 6.523134
    endloop
  endfacet
  facet normal 0.424278 0.892175 -0.154961
    outer loop
      vertex 52.985910 89.941454 5.957076
      vertex 51.742231 90.631209 6.523134
      vertex 53.004817 90.030781 6.523134
    endloop
  endfacet
  facet normal -0.422858 -0.889189 0.174740
    outer loop
      vertex 52.001578 89.306770 5.713879
      vertex 52.773846 88.939514 5.713879
      vertex 52.792696 89.028574 6.212687
    endloop
  endfacet
  facet normal -0.422858 -0.889189 0.174740
    outer loop
      vertex 52.001578 89.306770 5.713879
      vertex 52.792696 89.028574 6.212687
      vertex 51.980412 89.414860 6.212687
    endloop
  endfacet
  facet normal 0.410866 0.898144 -0.156607
    outer loop
      vertex 51.763460 90.522796 5.957076
      vertex 50.632622 91.040110 5.957076
      vertex 50.574265 91.165508 6.523134
    endloop
  endfacet
  facet normal 0.410866 0.898144 -0.156607
    outer loop
      vertex 51.763460 90.522796 5.957076
      vertex 50.574265 91.165508 6.523134
      vertex 51.742231 90.631209 6.523134
    endloop
  endfacet
  facet normal -0.409462 -0.895075 0.176584
    outer loop
      vertex 51.287184 89.633578 5.713879
      vertex 52.001578 89.306770 5.713879
      vertex 51.980412 89.414860 6.212687
    endloop
  endfacet
  facet normal -0.409462 -0.895075 0.176584
    outer loop
      vertex 51.287184 89.633578 5.713879
      vertex 51.980412 89.414860 6.212687
      vertex 51.229002 89.758601 6.212687
    endloop
  endfacet
  facet normal 0.416443 0.895764 -0.155505
    outer loop
      vertex 50.632622 91.040110 5.957076
      vertex 49.579321 91.529792 5.957076
      vertex 49.486382 91.671268 6.523134
    endloop
  endfacet
  facet normal 0.416443 0.895764 -0.155505
    outer loop
      vertex 50.632622 91.040110 5.957076
      vertex 49.486382 91.671268 6.523134
      vertex 50.574265 91.165508 6.523134
    endloop
  endfacet
  facet normal -0.415040 -0.892746 0.175349
    outer loop
      vertex 50.621773 89.942929 5.713879
      vertex 51.287184 89.633578 5.713879
      vertex 51.229002 89.758601 6.212687
    endloop
  endfacet
  facet normal -0.415040 -0.892746 0.175349
    outer loop
      vertex 50.621773 89.942929 5.713879
      vertex 51.229002 89.758601 6.212687
      vertex 50.529112 90.083981 6.212687
    endloop
  endfacet
  facet normal -0.973384 0.126142 -0.191343
    outer loop
      vertex 49.579321 91.529792 5.957076
      vertex 49.461198 90.618292 5.957076
      vertex 49.364381 90.729841 6.523134
    endloop
  endfacet
  facet normal -0.973384 0.126142 -0.191343
    outer loop
      vertex 49.579321 91.529792 5.957076
      vertex 49.364381 90.729841 6.523134
      vertex 49.486382 91.671268 6.523134
    endloop
  endfacet
  facet normal 0.968430 -0.125500 0.215389
    outer loop
      vertex 50.547151 89.367099 5.713879
      vertex 50.621773 89.942929 5.713879
      vertex 50.529112 90.083981 6.212687
    endloop
  endfacet
  facet normal 0.968430 -0.125500 0.215389
    outer loop
      vertex 50.547151 89.367099 5.713879
      vertex 50.529112 90.083981 6.212687
      vertex 50.450623 89.478315 6.212687
    endloop
  endfacet
  facet normal -0.973653 0.124479 -0.191062
    outer loop
      vertex 49.461198 90.618292 5.957076
      vertex 49.338728 89.660352 5.957076
      vertex 49.237890 89.740450 6.523134
    endloop
  endfacet
  facet normal -0.973653 0.124479 -0.191062
    outer loop
      vertex 49.461198 90.618292 5.957076
      vertex 49.237890 89.740450 6.523134
      vertex 49.364381 90.729841 6.523134
    endloop
  endfacet
  facet normal 0.968713 -0.123847 0.215075
    outer loop
      vertex 50.469782 88.761932 5.713879
      vertex 50.547151 89.367099 5.713879
      vertex 50.450623 89.478315 6.212687
    endloop
  endfacet
  facet normal 0.968713 -0.123847 0.215075
    outer loop
      vertex 50.469782 88.761932 5.713879
      vertex 50.450623 89.478315 6.212687
      vertex 50.369246 88.841790 6.212687
    endloop
  endfacet
  facet normal -0.975626 0.110708 -0.189465
    outer loop
      vertex 49.338728 89.660352 5.957076
      vertex 49.223914 88.648540 5.957076
      vertex 49.119307 88.695418 6.523134
    endloop
  endfacet
  facet normal -0.975626 0.110708 -0.189465
    outer loop
      vertex 49.338728 89.660352 5.957076
      vertex 49.119307 88.695418 6.523134
      vertex 49.237890 89.740450 6.523134
    endloop
  endfacet
  facet normal 0.970758 -0.110156 0.213295
    outer loop
      vertex 50.397250 88.122732 5.713879
      vertex 50.469782 88.761932 5.713879
      vertex 50.369246 88.841790 6.212687
    endloop
  endfacet
  facet normal 0.970758 -0.110156 0.213295
    outer loop
      vertex 50.397250 88.122732 5.713879
      vertex 50.369246 88.841790 6.212687
      vertex 50.292955 88.169469 6.212687
    endloop
  endfacet
  facet normal -0.979131 0.078529 -0.187447
    outer loop
      vertex 49.223914 88.648540 5.957076
      vertex 49.139049 87.590403 5.957076
      vertex 49.031655 87.602541 6.523134
    endloop
  endfacet
  facet normal -0.979131 0.078529 -0.187447
    outer loop
      vertex 49.223914 88.648540 5.957076
      vertex 49.031655 87.602541 6.523134
      vertex 49.119307 88.695418 6.523134
    endloop
  endfacet
  facet normal 0.974347 -0.078145 0.211046
    outer loop
      vertex 50.343637 87.454266 5.713879
      vertex 50.397250 88.122732 5.713879
      vertex 50.292955 88.169469 6.212687
    endloop
  endfacet
  facet normal 0.974347 -0.078145 0.211046
    outer loop
      vertex 50.343637 87.454266 5.713879
      vertex 50.292955 88.169469 6.212687
      vertex 50.236564 87.466367 6.212687
    endloop
  endfacet
  facet normal -0.981798 0.033317 -0.186984
    outer loop
      vertex 49.139049 87.590403 5.957076
      vertex 49.102756 86.520880 5.957076
      vertex 48.994170 86.497903 6.523134
    endloop
  endfacet
  facet normal -0.981798 0.033317 -0.186984
    outer loop
      vertex 49.139049 87.590403 5.957076
      vertex 48.994170 86.497903 6.523134
      vertex 49.031655 87.602541 6.523134
    endloop
  endfacet
  facet normal 0.977025 -0.033155 0.210529
    outer loop
      vertex 50.320709 86.778607 5.713879
      vertex 50.343637 87.454266 5.713879
      vertex 50.236564 87.466367 6.212687
    endloop
  endfacet
  facet normal 0.977025 -0.033155 0.210529
    outer loop
      vertex 50.320709 86.778607 5.713879
      vertex 50.236564 87.466367 6.212687
      vertex 50.212448 86.755699 6.212687
    endloop
  endfacet
  facet normal -0.982034 -0.005739 -0.188614
    outer loop
      vertex 49.102756 86.520880 5.957076
      vertex 49.108819 85.483313 5.957076
      vertex 49.000433 85.426270 6.523134
    endloop
  endfacet
  facet normal -0.982034 -0.005739 -0.188614
    outer loop
      vertex 49.102756 86.520880 5.957076
      vertex 49.000433 85.426270 6.523134
      vertex 48.994170 86.497903 6.523134
    endloop
  endfacet
  facet normal 0.977178 0.005711 0.212348
    outer loop
      vertex 50.324540 86.123137 5.713879
      vertex 50.320709 86.778607 5.713879
      vertex 50.212448 86.755699 6.212687
    endloop
  endfacet
  facet normal 0.977178 0.005711 0.212348
    outer loop
      vertex 50.324540 86.123137 5.713879
      vertex 50.212448 86.755699 6.212687
      vertex 50.216477 86.066264 6.212687
    endloop
  endfacet
  facet normal -0.981320 -0.026419 -0.190562
    outer loop
      vertex 49.108819 85.483313 5.957076
      vertex 49.135353 84.497723 5.957076
      vertex 49.027838 84.408321 6.523134
    endloop
  endfacet
  facet normal -0.981320 -0.026419 -0.190562
    outer loop
      vertex 49.108819 85.483313 5.957076
      vertex 49.027838 84.408321 6.523134
      vertex 49.000433 85.426270 6.523134
    endloop
  endfacet
  facet normal 0.976366 0.026285 0.214518
    outer loop
      vertex 50.341302 85.500502 5.713879
      vertex 50.324540 86.123137 5.713879
      vertex 50.216477 86.066264 6.212687
    endloop
  endfacet
  facet normal 0.976366 0.026285 0.214518
    outer loop
      vertex 50.341302 85.500502 5.713879
      vertex 50.216477 86.066264 6.212687
      vertex 50.234108 85.411367 6.212687
    endloop
  endfacet
  facet normal -0.980999 -0.031913 -0.191369
    outer loop
      vertex 49.135353 84.497723 5.957076
      vertex 49.165792 83.562051 5.957076
      vertex 49.059276 83.441929 6.523134
    endloop
  endfacet
  facet normal -0.980999 -0.031913 -0.191369
    outer loop
      vertex 49.135353 84.497723 5.957076
      vertex 49.059276 83.441929 6.523134
      vertex 49.027838 84.408321 6.523134
    endloop
  endfacet
  facet normal 0.976006 0.031751 0.215417
    outer loop
      vertex 50.360531 84.909402 5.713879
      vertex 50.341302 85.500502 5.713879
      vertex 50.234108 85.411367 6.212687
    endloop
  endfacet
  facet normal 0.976006 0.031751 0.215417
    outer loop
      vertex 50.360531 84.909402 5.713879
      vertex 50.234108 85.411367 6.212687
      vertex 50.254334 84.789639 6.212687
    endloop
  endfacet
  facet normal 0.219752 -0.944968 -0.242373
    outer loop
      vertex 49.059276 83.441929 6.523134
      vertex 50.197048 83.706517 6.523134
      vertex 50.088977 83.534903 7.094241
    endloop
  endfacet
  facet normal 0.219752 -0.944968 -0.242373
    outer loop
      vertex 49.059276 83.441929 6.523134
      vertex 50.088977 83.534903 7.094241
      vertex 48.895642 83.257394 7.094241
    endloop
  endfacet
  facet normal -0.217818 0.936651 0.274300
    outer loop
      vertex 50.986319 84.959862 6.212687
      vertex 50.254334 84.789639 6.212687
      vertex 50.090664 84.605063 6.712992
    endloop
  endfacet
  facet normal -0.217818 0.936651 0.274300
    outer loop
      vertex 50.986319 84.959862 6.212687
      vertex 50.090664 84.605063 6.712992
      vertex 50.878224 84.788209 6.712992
    endloop
  endfacet
  facet normal 0.218361 -0.945205 -0.242708
    outer loop
      vertex 50.197048 83.706517 6.523134
      vertex 51.417025 83.988356 6.523134
      vertex 51.368530 83.830505 7.094241
    endloop
  endfacet
  facet normal 0.218361 -0.945205 -0.242708
    outer loop
      vertex 50.197048 83.706517 6.523134
      vertex 51.368530 83.830505 7.094241
      vertex 50.088977 83.534903 7.094241
    endloop
  endfacet
  facet normal -0.216434 0.936863 0.274671
    outer loop
      vertex 51.771191 85.141182 6.212687
      vertex 50.986319 84.959862 6.212687
      vertex 50.878224 84.788209 6.712992
    endloop
  endfacet
  facet normal -0.216434 0.936863 0.274671
    outer loop
      vertex 51.771191 85.141182 6.212687
      vertex 50.878224 84.788209 6.712992
      vertex 51.722686 84.983297 6.712992
    endloop
  endfacet
  facet normal 0.241040 -0.940504 -0.239483
    outer loop
      vertex 51.417025 83.988356 6.523134
      vertex 52.727537 84.324225 6.523134
      vertex 52.743041 84.182776 7.094241
    endloop
  endfacet
  facet normal 0.241040 -0.940504 -0.239483
    outer loop
      vertex 51.417025 83.988356 6.523134
      vertex 52.743041 84.182776 7.094241
      vertex 51.368530 83.830505 7.094241
    endloop
  endfacet
  facet normal -0.238968 0.932420 0.271085
    outer loop
      vertex 52.614308 85.357264 6.212687
      vertex 51.771191 85.141182 6.212687
      vertex 51.722686 84.983297 6.712992
    endloop
  endfacet
  facet normal -0.238968 0.932420 0.271085
    outer loop
      vertex 52.614308 85.357264 6.212687
      vertex 51.722686 84.983297 6.712992
      vertex 52.629816 85.215783 6.712992
    endloop
  endfacet
  facet normal 0.298171 -0.924598 -0.237094
    outer loop
      vertex 52.727537 84.324225 6.523134
      vertex 54.060898 84.754216 6.523134
      vertex 54.141516 84.633765 7.094241
    endloop
  endfacet
  facet normal 0.298171 -0.924598 -0.237094
    outer loop
      vertex 52.727537 84.324225 6.523134
      vertex 54.141516 84.633765 7.094241
      vertex 52.743041 84.182776 7.094241
    endloop
  endfacet
  facet normal -0.295658 0.916806 0.268426
    outer loop
      vertex 53.472126 85.633898 6.212687
      vertex 52.614308 85.357264 6.212687
      vertex 52.629816 85.215783 6.712992
    endloop
  endfacet
  facet normal -0.295658 0.916806 0.268426
    outer loop
      vertex 53.472126 85.633898 6.212687
      vertex 52.629816 85.215783 6.712992
      vertex 53.552761 85.513421 6.712992
    endloop
  endfacet
  facet normal 0.349566 -0.905562 -0.240334
    outer loop
      vertex 54.060898 84.754216 6.523134
      vertex 55.308668 85.235881 6.523134
      vertex 55.450220 85.138953 7.094241
    endloop
  endfacet
  facet normal 0.349566 -0.905562 -0.240334
    outer loop
      vertex 54.060898 84.754216 6.523134
      vertex 55.450220 85.138953 7.094241
      vertex 54.141516 84.633765 7.094241
    endloop
  endfacet
  facet normal -0.346540 0.897724 0.272032
    outer loop
      vertex 54.274878 85.943778 6.212687
      vertex 53.472126 85.633898 6.212687
      vertex 53.552761 85.513421 6.712992
    endloop
  endfacet
  facet normal -0.346540 0.897724 0.272032
    outer loop
      vertex 54.274878 85.943778 6.212687
      vertex 53.552761 85.513421 6.712992
      vertex 54.416462 85.846827 6.712992
    endloop
  endfacet
  facet normal 0.365705 -0.898416 -0.243122
    outer loop
      vertex 55.308668 85.235881 6.523134
      vertex 56.454252 85.702197 6.523134
      vertex 56.651747 85.628041 7.094241
    endloop
  endfacet
  facet normal 0.365705 -0.898416 -0.243122
    outer loop
      vertex 55.308668 85.235881 6.523134
      vertex 56.651747 85.628041 7.094241
      vertex 55.450220 85.138953 7.094241
    endloop
  endfacet
  facet normal -0.362467 0.890461 0.275132
    outer loop
      vertex 55.011889 86.243782 6.212687
      vertex 54.274878 85.943778 6.212687
      vertex 54.416462 85.846827 6.712992
    endloop
  endfacet
  facet normal -0.362467 0.890461 0.275132
    outer loop
      vertex 55.011889 86.243782 6.212687
      vertex 54.416462 85.846827 6.712992
      vertex 55.209428 86.169609 6.712992
    endloop
  endfacet
  facet normal 0.362683 -0.899871 -0.242266
    outer loop
      vertex 56.454252 85.702197 6.523134
      vertex 57.527464 86.134743 6.523134
      vertex 57.777369 86.081710 7.094241
    endloop
  endfacet
  facet normal 0.362683 -0.899871 -0.242266
    outer loop
      vertex 56.454252 85.702197 6.523134
      vertex 57.777369 86.081710 7.094241
      vertex 56.651747 85.628041 7.094241
    endloop
  endfacet
  facet normal -0.359494 0.891958 0.274180
    outer loop
      vertex 55.702340 86.522060 6.212687
      vertex 55.011889 86.243782 6.212687
      vertex 55.209428 86.169609 6.712992
    endloop
  endfacet
  facet normal -0.359494 0.891958 0.274180
    outer loop
      vertex 55.702340 86.522060 6.212687
      vertex 55.209428 86.169609 6.712992
      vertex 55.952300 86.469015 6.712992
    endloop
  endfacet
  facet normal 0.355089 -0.903686 -0.239297
    outer loop
      vertex 57.527464 86.134743 6.523134
      vertex 58.551596 86.537160 6.523134
      vertex 58.851514 86.503778 7.094241
    endloop
  endfacet
  facet normal 0.355089 -0.903686 -0.239297
    outer loop
      vertex 57.527464 86.134743 6.523134
      vertex 58.851514 86.503778 7.094241
      vertex 57.777369 86.081710 7.094241
    endloop
  endfacet
  facet normal -0.352042 0.895931 0.270878
    outer loop
      vertex 56.361215 86.780955 6.212687
      vertex 55.702340 86.522060 6.212687
      vertex 55.952300 86.469015 6.712992
    endloop
  endfacet
  facet normal -0.352042 0.895931 0.270878
    outer loop
      vertex 56.361215 86.780955 6.212687
      vertex 55.952300 86.469015 6.712992
      vertex 56.661199 86.747566 6.712992
    endloop
  endfacet
  facet normal 0.529654 0.816313 -0.230435
    outer loop
      vertex 58.551596 86.537160 6.523134
      vertex 57.586854 87.163120 6.523134
      vertex 57.839660 87.160307 7.094241
    endloop
  endfacet
  facet normal 0.529654 0.816313 -0.230435
    outer loop
      vertex 58.551596 86.537160 6.523134
      vertex 57.839660 87.160307 7.094241
      vertex 58.851514 86.503778 7.094241
    endloop
  endfacet
  facet normal -0.525435 -0.809810 0.261008
    outer loop
      vertex 55.740548 87.183666 6.212687
      vertex 56.361215 86.780955 6.212687
      vertex 56.661199 86.747566 6.712992
    endloop
  endfacet
  facet normal -0.525435 -0.809810 0.261008
    outer loop
      vertex 55.740548 87.183666 6.212687
      vertex 56.661199 86.747566 6.712992
      vertex 55.993410 87.180852 6.712992
    endloop
  endfacet
  facet normal 0.537091 0.810489 -0.233755
    outer loop
      vertex 57.586854 87.163120 6.523134
      vertex 56.576227 87.832838 6.523134
      vertex 56.779679 87.862730 7.094241
    endloop
  endfacet
  facet normal 0.537091 0.810489 -0.233755
    outer loop
      vertex 57.586854 87.163120 6.523134
      vertex 56.779679 87.862730 7.094241
      vertex 57.839660 87.160307 7.094241
    endloop
  endfacet
  facet normal -0.532690 -0.803848 0.264709
    outer loop
      vertex 55.090361 87.614529 6.212687
      vertex 55.740548 87.183666 6.212687
      vertex 55.993410 87.180852 6.712992
    endloop
  endfacet
  facet normal -0.532690 -0.803848 0.264709
    outer loop
      vertex 55.090361 87.614529 6.212687
      vertex 55.993410 87.180852 6.712992
      vertex 55.293859 87.644427 6.712992
    endloop
  endfacet
  facet normal 0.540381 0.807997 -0.234797
    outer loop
      vertex 56.576227 87.832838 6.523134
      vertex 55.493359 88.557050 6.523134
      vertex 55.643930 88.622308 7.094241
    endloop
  endfacet
  facet normal 0.540381 0.807997 -0.234797
    outer loop
      vertex 56.576227 87.832838 6.523134
      vertex 55.643930 88.622308 7.094241
      vertex 56.779679 87.862730 7.094241
    endloop
  endfacet
  facet normal -0.535914 -0.801318 0.265869
    outer loop
      vertex 54.393699 88.080450 6.212687
      vertex 55.090361 87.614529 6.212687
      vertex 55.293859 87.644427 6.712992
    endloop
  endfacet
  facet normal -0.535914 -0.801318 0.265869
    outer loop
      vertex 54.393699 88.080450 6.212687
      vertex 55.293859 87.644427 6.712992
      vertex 54.544303 88.145723 6.712992
    endloop
  endfacet
  facet normal 0.523199 0.820122 -0.231653
    outer loop
      vertex 55.493359 88.557050 6.523134
      vertex 54.297850 89.319727 6.523134
      vertex 54.390039 89.422231 7.094241
    endloop
  endfacet
  facet normal 0.523199 0.820122 -0.231653
    outer loop
      vertex 55.493359 88.557050 6.523134
      vertex 54.390039 89.422231 7.094241
      vertex 55.643930 88.622308 7.094241
    endloop
  endfacet
  facet normal -0.518988 -0.813521 0.262366
    outer loop
      vertex 53.624569 88.571118 6.212687
      vertex 54.393699 88.080450 6.212687
      vertex 54.544303 88.145723 6.712992
    endloop
  endfacet
  facet normal -0.518988 -0.813521 0.262366
    outer loop
      vertex 53.624569 88.571118 6.212687
      vertex 54.544303 88.145723 6.712992
      vertex 53.716778 88.673645 6.712992
    endloop
  endfacet
  facet normal 0.469075 0.853001 -0.228817
    outer loop
      vertex 54.297850 89.319727 6.523134
      vertex 53.004817 90.030781 6.523134
      vertex 53.033861 90.168008 7.094241
    endloop
  endfacet
  facet normal 0.469075 0.853001 -0.228817
    outer loop
      vertex 54.297850 89.319727 6.523134
      vertex 53.033861 90.168008 7.094241
      vertex 54.390039 89.422231 7.094241
    endloop
  endfacet
  facet normal -0.465390 -0.846301 0.259205
    outer loop
      vertex 52.792696 89.028574 6.212687
      vertex 53.624569 88.571118 6.212687
      vertex 53.716778 88.673645 6.712992
    endloop
  endfacet
  facet normal -0.465390 -0.846301 0.259205
    outer loop
      vertex 52.792696 89.028574 6.212687
      vertex 53.716778 88.673645 6.712992
      vertex 52.821747 89.165832 6.712992
    endloop
  endfacet
  facet normal 0.417717 0.878378 -0.232303
    outer loop
      vertex 53.004817 90.030781 6.523134
      vertex 51.742231 90.631209 6.523134
      vertex 51.709618 90.797758 7.094241
    endloop
  endfacet
  facet normal 0.417717 0.878378 -0.232303
    outer loop
      vertex 53.004817 90.030781 6.523134
      vertex 51.709618 90.797758 7.094241
      vertex 53.033861 90.168008 7.094241
    endloop
  endfacet
  facet normal -0.414336 -0.871269 0.263090
    outer loop
      vertex 51.980412 89.414860 6.212687
      vertex 52.792696 89.028574 6.212687
      vertex 52.821747 89.165832 6.712992
    endloop
  endfacet
  facet normal -0.414336 -0.871269 0.263090
    outer loop
      vertex 51.980412 89.414860 6.212687
      vertex 52.821747 89.165832 6.712992
      vertex 51.947792 89.581446 6.712992
    endloop
  endfacet
  facet normal 0.404380 0.883966 -0.234694
    outer loop
      vertex 51.742231 90.631209 6.523134
      vertex 50.574265 91.165508 6.523134
      vertex 50.484615 91.358149 7.094241
    endloop
  endfacet
  facet normal 0.404380 0.883966 -0.234694
    outer loop
      vertex 51.742231 90.631209 6.523134
      vertex 50.484615 91.358149 7.094241
      vertex 51.709618 90.797758 7.094241
    endloop
  endfacet
  facet normal -0.401040 -0.876665 0.265754
    outer loop
      vertex 51.229002 89.758601 6.212687
      vertex 51.980412 89.414860 6.212687
      vertex 51.947792 89.581446 6.712992
    endloop
  endfacet
  facet normal -0.401040 -0.876665 0.265754
    outer loop
      vertex 51.229002 89.758601 6.212687
      vertex 51.947792 89.581446 6.712992
      vertex 51.139332 89.951284 6.712992
    endloop
  endfacet
  facet normal 0.409959 0.881817 -0.233093
    outer loop
      vertex 50.574265 91.165508 6.523134
      vertex 49.486382 91.671268 6.523134
      vertex 49.343606 91.888607 7.094241
    endloop
  endfacet
  facet normal 0.409959 0.881817 -0.233093
    outer loop
      vertex 50.574265 91.165508 6.523134
      vertex 49.343606 91.888607 7.094241
      vertex 50.484615 91.358149 7.094241
    endloop
  endfacet
  facet normal -0.406618 -0.874632 0.263971
    outer loop
      vertex 50.529112 90.083981 6.212687
      vertex 51.229002 89.758601 6.212687
      vertex 51.139332 89.951284 6.712992
    endloop
  endfacet
  facet normal -0.406618 -0.874632 0.263971
    outer loop
      vertex 50.529112 90.083981 6.212687
      vertex 51.139332 89.951284 6.712992
      vertex 50.386305 90.301369 6.712992
    endloop
  endfacet
  facet normal -0.950708 0.123203 -0.284562
    outer loop
      vertex 49.486382 91.671268 6.523134
      vertex 49.364381 90.729841 6.523134
      vertex 49.215647 90.901207 7.094241
    endloop
  endfacet
  facet normal -0.950708 0.123203 -0.284562
    outer loop
      vertex 49.486382 91.671268 6.523134
      vertex 49.215647 90.901207 7.094241
      vertex 49.343606 91.888607 7.094241
    endloop
  endfacet
  facet normal 0.939231 -0.121716 0.320982
    outer loop
      vertex 50.450623 89.478315 6.212687
      vertex 50.529112 90.083981 6.212687
      vertex 50.386305 90.301369 6.712992
    endloop
  endfacet
  facet normal 0.939231 -0.121716 0.320982
    outer loop
      vertex 50.450623 89.478315 6.212687
      vertex 50.386305 90.301369 6.712992
      vertex 50.301856 89.649718 6.712992
    endloop
  endfacet
  facet normal -0.951036 0.121587 -0.284162
    outer loop
      vertex 49.364381 90.729841 6.523134
      vertex 49.237890 89.740450 6.523134
      vertex 49.082979 89.863499 7.094241
    endloop
  endfacet
  facet normal -0.951036 0.121587 -0.284162
    outer loop
      vertex 49.364381 90.729841 6.523134
      vertex 49.082979 89.863499 7.094241
      vertex 49.215647 90.901207 7.094241
    endloop
  endfacet
  facet normal 0.939587 -0.120123 0.320542
    outer loop
      vertex 50.369246 88.841790 6.212687
      vertex 50.450623 89.478315 6.212687
      vertex 50.301856 89.649718 6.712992
    endloop
  endfacet
  facet normal 0.939587 -0.120123 0.320542
    outer loop
      vertex 50.369246 88.841790 6.212687
      vertex 50.301856 89.649718 6.712992
      vertex 50.214300 88.964866 6.712992
    endloop
  endfacet
  facet normal -0.953327 0.108178 -0.281894
    outer loop
      vertex 49.237890 89.740450 6.523134
      vertex 49.119307 88.695418 6.523134
      vertex 48.958605 88.767434 7.094241
    endloop
  endfacet
  facet normal -0.953327 0.108178 -0.281894
    outer loop
      vertex 49.237890 89.740450 6.523134
      vertex 48.958605 88.767434 7.094241
      vertex 49.082979 89.863499 7.094241
    endloop
  endfacet
  facet normal 0.942030 -0.106896 0.318045
    outer loop
      vertex 50.292955 88.169469 6.212687
      vertex 50.369246 88.841790 6.212687
      vertex 50.214300 88.964866 6.712992
    endloop
  endfacet
  facet normal 0.942030 -0.106896 0.318045
    outer loop
      vertex 50.292955 88.169469 6.212687
      vertex 50.214300 88.964866 6.712992
      vertex 50.132217 88.241501 6.712992
    endloop
  endfacet
  facet normal -0.957210 0.076770 -0.279027
    outer loop
      vertex 49.119307 88.695418 6.523134
      vertex 49.031655 87.602541 6.523134
      vertex 48.866673 87.621186 7.094241
    endloop
  endfacet
  facet normal -0.957210 0.076770 -0.279027
    outer loop
      vertex 49.119307 88.695418 6.523134
      vertex 48.866673 87.621186 7.094241
      vertex 48.958605 88.767434 7.094241
    endloop
  endfacet
  facet normal 0.946092 -0.075879 0.314884
    outer loop
      vertex 50.236564 87.466367 6.212687
      vertex 50.292955 88.169469 6.212687
      vertex 50.132217 88.241501 6.712992
    endloop
  endfacet
  facet normal 0.946092 -0.075879 0.314884
    outer loop
      vertex 50.236564 87.466367 6.212687
      vertex 50.132217 88.241501 6.712992
      vertex 50.071545 87.485017 6.712992
    endloop
  endfacet
  facet normal -0.959922 0.032574 -0.278367
    outer loop
      vertex 49.031655 87.602541 6.523134
      vertex 48.994170 86.497903 6.523134
      vertex 48.827357 86.462604 7.094241
    endloop
  endfacet
  facet normal -0.959922 0.032574 -0.278367
    outer loop
      vertex 49.031655 87.602541 6.523134
      vertex 48.827357 86.462604 7.094241
      vertex 48.866673 87.621186 7.094241
    endloop
  endfacet
  facet normal 0.948825 -0.032198 0.314158
    outer loop
      vertex 50.212448 86.755699 6.212687
      vertex 50.236564 87.466367 6.212687
      vertex 50.071545 87.485017 6.712992
    endloop
  endfacet
  facet normal 0.948825 -0.032198 0.314158
    outer loop
      vertex 50.212448 86.755699 6.212687
      vertex 50.071545 87.485017 6.712992
      vertex 50.045598 86.720392 6.712992
    endloop
  endfacet
  facet normal -0.959783 -0.005609 -0.280687
    outer loop
      vertex 48.994170 86.497903 6.523134
      vertex 49.000433 85.426270 6.523134
      vertex 48.833926 85.338639 7.094241
    endloop
  endfacet
  facet normal -0.959783 -0.005609 -0.280687
    outer loop
      vertex 48.994170 86.497903 6.523134
      vertex 48.833926 85.338639 7.094241
      vertex 48.827357 86.462604 7.094241
    endloop
  endfacet
  facet normal 0.948505 0.005543 0.316714
    outer loop
      vertex 50.216477 86.066264 6.212687
      vertex 50.212448 86.755699 6.212687
      vertex 50.045598 86.720392 6.712992
    endloop
  endfacet
  facet normal 0.948505 0.005543 0.316714
    outer loop
      vertex 50.216477 86.066264 6.212687
      vertex 50.045598 86.720392 6.712992
      vertex 50.049933 85.978614 6.712992
    endloop
  endfacet
  facet normal -0.958639 -0.025808 -0.283452
    outer loop
      vertex 49.000433 85.426270 6.523134
      vertex 49.027838 84.408321 6.523134
      vertex 48.862669 84.270979 7.094241
    endloop
  endfacet
  facet normal -0.958639 -0.025808 -0.283452
    outer loop
      vertex 49.000433 85.426270 6.523134
      vertex 48.862669 84.270979 7.094241
      vertex 48.833926 85.338639 7.094241
    endloop
  endfacet
  facet normal 0.947155 0.025499 0.319761
    outer loop
      vertex 50.234108 85.411367 6.212687
      vertex 50.216477 86.066264 6.212687
      vertex 50.049933 85.978614 6.712992
    endloop
  endfacet
  facet normal 0.947155 0.025499 0.319761
    outer loop
      vertex 50.234108 85.411367 6.212687
      vertex 50.049933 85.978614 6.712992
      vertex 50.068903 85.273994 6.712992
    endloop
  endfacet
  facet normal -0.958140 -0.031170 -0.284597
    outer loop
      vertex 49.027838 84.408321 6.523134
      vertex 49.059276 83.441929 6.523134
      vertex 48.895642 83.257394 7.094241
    endloop
  endfacet
  facet normal -0.958140 -0.031170 -0.284597
    outer loop
      vertex 49.027838 84.408321 6.523134
      vertex 48.895642 83.257394 7.094241
      vertex 48.862669 84.270979 7.094241
    endloop
  endfacet
  facet normal 0.946571 0.030793 0.321022
    outer loop
      vertex 50.254334 84.789639 6.212687
      vertex 50.234108 85.411367 6.212687
      vertex 50.068903 85.273994 6.712992
    endloop
  endfacet
  facet normal 0.946571 0.030793 0.321022
    outer loop
      vertex 50.254334 84.789639 6.212687
      vertex 50.068903 85.273994 6.712992
      vertex 50.090664 84.605063 6.712992
    endloop
  endfacet
  facet normal 0.213751 -0.919162 -0.330835
    outer loop
      vertex 48.895642 83.257394 7.094241
      vertex 50.088977 83.534903 7.094241
      vertex 49.936566 83.292879 7.668188
    endloop
  endfacet
  facet normal 0.213751 -0.919162 -0.330835
    outer loop
      vertex 48.895642 83.257394 7.094241
      vertex 49.936566 83.292879 7.668188
      vertex 48.664873 82.997147 7.668188
    endloop
  endfacet
  facet normal -0.210163 0.903736 0.372950
    outer loop
      vertex 50.878224 84.788209 6.712992
      vertex 50.090664 84.605063 6.712992
      vertex 49.859639 84.344527 7.214138
    endloop
  endfacet
  facet normal -0.210163 0.903736 0.372950
    outer loop
      vertex 50.878224 84.788209 6.712992
      vertex 49.859639 84.344527 7.214138
      vertex 50.725644 84.545916 7.214138
    endloop
  endfacet
  facet normal 0.212382 -0.919324 -0.331267
    outer loop
      vertex 50.088977 83.534903 7.094241
      vertex 51.368530 83.830505 7.094241
      vertex 51.300140 83.607891 7.668188
    endloop
  endfacet
  facet normal 0.212382 -0.919324 -0.331267
    outer loop
      vertex 50.088977 83.534903 7.094241
      vertex 51.300140 83.607891 7.668188
      vertex 49.936566 83.292879 7.668188
    endloop
  endfacet
  facet normal -0.208808 0.903856 0.373421
    outer loop
      vertex 51.722686 84.983297 6.712992
      vertex 50.878224 84.788209 6.712992
      vertex 50.725644 84.545916 7.214138
    endloop
  endfacet
  facet normal -0.208808 0.903856 0.373421
    outer loop
      vertex 51.722686 84.983297 6.712992
      vertex 50.725644 84.545916 7.214138
      vertex 51.654219 84.760435 7.214138
    endloop
  endfacet
  facet normal 0.234607 -0.915405 -0.327098
    outer loop
      vertex 51.368530 83.830505 7.094241
      vertex 52.743041 84.182776 7.094241
      vertex 52.764906 83.983293 7.668188
    endloop
  endfacet
  facet normal 0.234607 -0.915405 -0.327098
    outer loop
      vertex 51.368530 83.830505 7.094241
      vertex 52.764906 83.983293 7.668188
      vertex 51.300140 83.607891 7.668188
    endloop
  endfacet
  facet normal -0.230756 0.900379 0.368876
    outer loop
      vertex 52.629816 85.215783 6.712992
      vertex 51.722686 84.983297 6.712992
      vertex 51.654219 84.760435 7.214138
    endloop
  endfacet
  facet normal -0.230756 0.900379 0.368876
    outer loop
      vertex 52.629816 85.215783 6.712992
      vertex 51.654219 84.760435 7.214138
      vertex 52.651705 85.016079 7.214138
    endloop
  endfacet
  facet normal 0.290365 -0.900394 -0.324005
    outer loop
      vertex 52.743041 84.182776 7.094241
      vertex 54.141516 84.633765 7.094241
      vertex 54.255209 84.463896 7.668188
    endloop
  endfacet
  facet normal 0.290365 -0.900394 -0.324005
    outer loop
      vertex 52.743041 84.182776 7.094241
      vertex 54.255209 84.463896 7.668188
      vertex 52.764906 83.983293 7.668188
    endloop
  endfacet
  facet normal -0.285686 0.885886 0.365499
    outer loop
      vertex 53.552761 85.513421 6.712992
      vertex 52.629816 85.215783 6.712992
      vertex 52.651705 85.016079 7.214138
    endloop
  endfacet
  facet normal -0.285686 0.885886 0.365499
    outer loop
      vertex 53.552761 85.513421 6.712992
      vertex 52.651705 85.016079 7.214138
      vertex 53.666581 85.343363 7.214138
    endloop
  endfacet
  facet normal 0.340173 -0.881230 -0.328200
    outer loop
      vertex 54.141516 84.633765 7.094241
      vertex 55.450220 85.138953 7.094241
      vertex 55.649848 85.002256 7.668188
    endloop
  endfacet
  facet normal 0.340173 -0.881230 -0.328200
    outer loop
      vertex 54.141516 84.633765 7.094241
      vertex 55.649848 85.002256 7.668188
      vertex 54.255209 84.463896 7.668188
    endloop
  endfacet
  facet normal -0.334553 0.866670 0.370077
    outer loop
      vertex 54.416462 85.846827 6.712992
      vertex 53.552761 85.513421 6.712992
      vertex 53.666581 85.343363 7.214138
    endloop
  endfacet
  facet normal -0.334553 0.866670 0.370077
    outer loop
      vertex 54.416462 85.846827 6.712992
      vertex 53.666581 85.343363 7.214138
      vertex 54.616311 85.709979 7.214138
    endloop
  endfacet
  facet normal 0.355659 -0.873736 -0.331801
    outer loop
      vertex 55.450220 85.138953 7.094241
      vertex 56.651747 85.628041 7.094241
      vertex 56.930272 85.523459 7.668188
    endloop
  endfacet
  facet normal 0.355659 -0.873736 -0.331801
    outer loop
      vertex 55.450220 85.138953 7.094241
      vertex 56.930272 85.523459 7.668188
      vertex 55.649848 85.002256 7.668188
    endloop
  endfacet
  facet normal -0.349656 0.858989 0.374003
    outer loop
      vertex 55.209428 86.169609 6.712992
      vertex 54.416462 85.846827 6.712992
      vertex 54.616311 85.709979 7.214138
    endloop
  endfacet
  facet normal -0.349656 0.858989 0.374003
    outer loop
      vertex 55.209428 86.169609 6.712992
      vertex 54.616311 85.709979 7.214138
      vertex 55.488262 86.064911 7.214138
    endloop
  endfacet
  facet normal 0.352787 -0.875318 -0.330696
    outer loop
      vertex 56.651747 85.628041 7.094241
      vertex 57.777369 86.081710 7.094241
      vertex 58.129806 86.006918 7.668188
    endloop
  endfacet
  facet normal 0.352787 -0.875318 -0.330696
    outer loop
      vertex 56.651747 85.628041 7.094241
      vertex 58.129806 86.006918 7.668188
      vertex 56.930272 85.523459 7.668188
    endloop
  endfacet
  facet normal -0.346871 0.860640 0.372798
    outer loop
      vertex 55.952300 86.469015 6.712992
      vertex 55.209428 86.169609 6.712992
      vertex 55.488262 86.064911 7.214138
    endloop
  endfacet
  facet normal -0.346871 0.860640 0.372798
    outer loop
      vertex 55.952300 86.469015 6.712992
      vertex 55.488262 86.064911 7.214138
      vertex 56.305129 86.394140 7.214138
    endloop
  endfacet
  facet normal 0.345627 -0.879606 -0.326858
    outer loop
      vertex 57.777369 86.081710 7.094241
      vertex 58.851514 86.503778 7.094241
      vertex 59.274483 86.456701 7.668188
    endloop
  endfacet
  facet normal 0.345627 -0.879606 -0.326858
    outer loop
      vertex 57.777369 86.081710 7.094241
      vertex 59.274483 86.456701 7.668188
      vertex 58.129806 86.006918 7.668188
    endloop
  endfacet
  facet normal -0.339962 0.865188 0.368613
    outer loop
      vertex 56.661199 86.747566 6.712992
      vertex 55.952300 86.469015 6.712992
      vertex 56.305129 86.394140 7.214138
    endloop
  endfacet
  facet normal -0.339962 0.865188 0.368613
    outer loop
      vertex 56.661199 86.747566 6.712992
      vertex 56.305129 86.394140 7.214138
      vertex 57.084638 86.700436 7.214138
    endloop
  endfacet
  facet normal 0.516528 0.796083 -0.315356
    outer loop
      vertex 58.851514 86.503778 7.094241
      vertex 57.839660 87.160307 7.094241
      vertex 58.196186 87.156340 7.668188
    endloop
  endfacet
  facet normal 0.516528 0.796083 -0.315356
    outer loop
      vertex 58.851514 86.503778 7.094241
      vertex 58.196186 87.156340 7.668188
      vertex 59.274483 86.456701 7.668188
    endloop
  endfacet
  facet normal -0.508634 -0.783916 0.356043
    outer loop
      vertex 55.993410 87.180852 6.712992
      vertex 56.661199 86.747566 6.712992
      vertex 57.084638 86.700436 7.214138
    endloop
  endfacet
  facet normal -0.508634 -0.783916 0.356043
    outer loop
      vertex 55.993410 87.180852 6.712992
      vertex 57.084638 86.700436 7.214138
      vertex 56.350333 87.176880 7.214138
    endloop
  endfacet
  facet normal 0.523409 0.789843 -0.319674
    outer loop
      vertex 57.839660 87.160307 7.094241
      vertex 56.779679 87.862730 7.094241
      vertex 57.066604 87.904886 7.668188
    endloop
  endfacet
  facet normal 0.523409 0.789843 -0.319674
    outer loop
      vertex 57.839660 87.160307 7.094241
      vertex 57.066604 87.904886 7.668188
      vertex 58.196186 87.156340 7.668188
    endloop
  endfacet
  facet normal -0.515194 -0.777446 0.360766
    outer loop
      vertex 55.293859 87.644427 6.712992
      vertex 55.993410 87.180852 6.712992
      vertex 56.350333 87.176880 7.214138
    endloop
  endfacet
  facet normal -0.515194 -0.777446 0.360766
    outer loop
      vertex 55.293859 87.644427 6.712992
      vertex 56.350333 87.176880 7.214138
      vertex 55.581102 87.686630 7.214138
    endloop
  endfacet
  facet normal 0.526497 0.787238 -0.321026
    outer loop
      vertex 56.779679 87.862730 7.094241
      vertex 55.643930 88.622308 7.094241
      vertex 55.856277 88.714341 7.668188
    endloop
  endfacet
  facet normal 0.526497 0.787238 -0.321026
    outer loop
      vertex 56.779679 87.862730 7.094241
      vertex 55.856277 88.714341 7.668188
      vertex 57.066604 87.904886 7.668188
    endloop
  endfacet
  facet normal -0.518165 -0.774780 0.362245
    outer loop
      vertex 54.544303 88.145723 6.712992
      vertex 55.293859 87.644427 6.712992
      vertex 55.581102 87.686630 7.214138
    endloop
  endfacet
  facet normal -0.518165 -0.774780 0.362245
    outer loop
      vertex 54.544303 88.145723 6.712992
      vertex 55.581102 87.686630 7.214138
      vertex 54.756886 88.237858 7.214138
    endloop
  endfacet
  facet normal 0.510101 0.799591 -0.316941
    outer loop
      vertex 55.643930 88.622308 7.094241
      vertex 54.390039 89.422231 7.094241
      vertex 54.520051 89.566789 7.668188
    endloop
  endfacet
  facet normal 0.510101 0.799591 -0.316941
    outer loop
      vertex 55.643930 88.622308 7.094241
      vertex 54.520051 89.566789 7.668188
      vertex 55.856277 88.714341 7.668188
    endloop
  endfacet
  facet normal -0.502228 -0.787250 0.357777
    outer loop
      vertex 53.716778 88.673645 6.712992
      vertex 54.544303 88.145723 6.712992
      vertex 54.756886 88.237858 7.214138
    endloop
  endfacet
  facet normal -0.502228 -0.787250 0.357777
    outer loop
      vertex 53.716778 88.673645 6.712992
      vertex 54.756886 88.237858 7.214138
      vertex 53.846935 88.818364 7.214138
    endloop
  endfacet
  facet normal 0.457607 0.832148 -0.313250
    outer loop
      vertex 54.390039 89.422231 7.094241
      vertex 53.033861 90.168008 7.094241
      vertex 53.074822 90.361537 7.668188
    endloop
  endfacet
  facet normal 0.457607 0.832148 -0.313250
    outer loop
      vertex 54.390039 89.422231 7.094241
      vertex 53.074822 90.361537 7.668188
      vertex 54.520051 89.566789 7.668188
    endloop
  endfacet
  facet normal -0.450704 -0.819595 0.353736
    outer loop
      vertex 52.821747 89.165832 6.712992
      vertex 53.716778 88.673645 6.712992
      vertex 53.846935 88.818364 7.214138
    endloop
  endfacet
  facet normal -0.450704 -0.819595 0.353736
    outer loop
      vertex 52.821747 89.165832 6.712992
      vertex 53.846935 88.818364 7.214138
      vertex 52.862754 89.359576 7.214138
    endloop
  endfacet
  facet normal 0.407203 0.856270 -0.317786
    outer loop
      vertex 53.033861 90.168008 7.094241
      vertex 51.709618 90.797758 7.094241
      vertex 51.663624 91.032639 7.668188
    endloop
  endfacet
  facet normal 0.407203 0.856270 -0.317786
    outer loop
      vertex 53.033861 90.168008 7.094241
      vertex 51.663624 91.032639 7.668188
      vertex 53.074822 90.361537 7.668188
    endloop
  endfacet
  facet normal -0.400885 -0.842985 0.358702
    outer loop
      vertex 51.947792 89.581446 6.712992
      vertex 52.821747 89.165832 6.712992
      vertex 52.862754 89.359576 7.214138
    endloop
  endfacet
  facet normal -0.400885 -0.842985 0.358702
    outer loop
      vertex 51.947792 89.581446 6.712992
      vertex 52.862754 89.359576 7.214138
      vertex 51.901747 89.816587 7.214138
    endloop
  endfacet
  facet normal 0.393999 0.861274 -0.320892
    outer loop
      vertex 51.709618 90.797758 7.094241
      vertex 50.484615 91.358149 7.094241
      vertex 50.358184 91.629827 7.668188
    endloop
  endfacet
  facet normal 0.393999 0.861274 -0.320892
    outer loop
      vertex 51.709618 90.797758 7.094241
      vertex 50.358184 91.629827 7.668188
      vertex 51.663624 91.032639 7.668188
    endloop
  endfacet
  facet normal -0.387769 -0.847655 0.362098
    outer loop
      vertex 51.139332 89.951284 6.712992
      vertex 51.947792 89.581446 6.712992
      vertex 51.901747 89.816587 7.214138
    endloop
  endfacet
  facet normal -0.387769 -0.847655 0.362098
    outer loop
      vertex 51.139332 89.951284 6.712992
      vertex 51.901747 89.816587 7.214138
      vertex 51.012760 90.223264 7.214138
    endloop
  endfacet
  facet normal 0.399573 0.859476 -0.318813
    outer loop
      vertex 50.484615 91.358149 7.094241
      vertex 49.343606 91.888607 7.094241
      vertex 49.142251 92.195117 7.668188
    endloop
  endfacet
  facet normal 0.399573 0.859476 -0.318813
    outer loop
      vertex 50.484615 91.358149 7.094241
      vertex 49.142251 92.195117 7.668188
      vertex 50.358184 91.629827 7.668188
    endloop
  endfacet
  facet normal -0.393334 -0.846058 0.359826
    outer loop
      vertex 50.386305 90.301369 6.712992
      vertex 51.139332 89.951284 6.712992
      vertex 51.012760 90.223264 7.214138
    endloop
  endfacet
  facet normal -0.393334 -0.846058 0.359826
    outer loop
      vertex 50.386305 90.301369 6.712992
      vertex 51.012760 90.223264 7.214138
      vertex 50.184727 90.608219 7.214138
    endloop
  endfacet
  facet normal -0.915461 0.118636 -0.384521
    outer loop
      vertex 49.343606 91.888607 7.094241
      vertex 49.215647 90.901207 7.094241
      vertex 49.005891 91.142880 7.668188
    endloop
  endfacet
  facet normal -0.915461 0.118636 -0.384521
    outer loop
      vertex 49.343606 91.888607 7.094241
      vertex 49.005891 91.142880 7.668188
      vertex 49.142251 92.195117 7.668188
    endloop
  endfacet
  facet normal 0.894887 -0.115970 0.430962
    outer loop
      vertex 50.301856 89.649718 6.712992
      vertex 50.386305 90.301369 6.712992
      vertex 50.184727 90.608219 7.214138
    endloop
  endfacet
  facet normal 0.894887 -0.115970 0.430962
    outer loop
      vertex 50.301856 89.649718 6.712992
      vertex 50.184727 90.608219 7.214138
      vertex 50.091867 89.891660 7.214138
    endloop
  endfacet
  facet normal -0.915870 0.117091 -0.384020
    outer loop
      vertex 49.215647 90.901207 7.094241
      vertex 49.082979 89.863499 7.094241
      vertex 48.864511 90.037033 7.668188
    endloop
  endfacet
  facet normal -0.915870 0.117091 -0.384020
    outer loop
      vertex 49.215647 90.901207 7.094241
      vertex 48.864511 90.037033 7.668188
      vertex 49.005891 91.142880 7.668188
    endloop
  endfacet
  facet normal 0.895339 -0.114466 0.430425
    outer loop
      vertex 50.214300 88.964866 6.712992
      vertex 50.301856 89.649718 6.712992
      vertex 50.091867 89.891660 7.214138
    endloop
  endfacet
  facet normal 0.895339 -0.114466 0.430425
    outer loop
      vertex 50.214300 88.964866 6.712992
      vertex 50.091867 89.891660 7.214138
      vertex 49.995590 89.138593 7.214138
    endloop
  endfacet
  facet normal -0.918607 0.104238 -0.381176
    outer loop
      vertex 49.082979 89.863499 7.094241
      vertex 48.958605 88.767434 7.094241
      vertex 48.731970 88.868996 7.668188
    endloop
  endfacet
  facet normal -0.918607 0.104238 -0.381176
    outer loop
      vertex 49.082979 89.863499 7.094241
      vertex 48.731970 88.868996 7.668188
      vertex 48.864511 90.037033 7.668188
    endloop
  endfacet
  facet normal 0.898309 -0.101934 0.427377
    outer loop
      vertex 50.132217 88.241501 6.712992
      vertex 50.214300 88.964866 6.712992
      vertex 49.995590 89.138593 7.214138
    endloop
  endfacet
  facet normal 0.898309 -0.101934 0.427377
    outer loop
      vertex 50.132217 88.241501 6.712992
      vertex 49.995590 89.138593 7.214138
      vertex 49.905331 88.343176 7.214138
    endloop
  endfacet
  facet normal -0.923017 0.074028 -0.377572
    outer loop
      vertex 48.958605 88.767434 7.094241
      vertex 48.866673 87.621186 7.094241
      vertex 48.634002 87.647482 7.668188
    endloop
  endfacet
  facet normal -0.923017 0.074028 -0.377572
    outer loop
      vertex 48.958605 88.767434 7.094241
      vertex 48.634002 87.647482 7.668188
      vertex 48.731970 88.868996 7.668188
    endloop
  endfacet
  facet normal 0.902992 -0.072422 0.423510
    outer loop
      vertex 50.071545 87.485017 6.712992
      vertex 50.132217 88.241501 6.712992
      vertex 49.905331 88.343176 7.214138
    endloop
  endfacet
  facet normal 0.902992 -0.072422 0.423510
    outer loop
      vertex 50.071545 87.485017 6.712992
      vertex 49.905331 88.343176 7.214138
      vertex 49.838616 87.511341 7.214138
    endloop
  endfacet
  facet normal -0.925785 0.031416 -0.376742
    outer loop
      vertex 48.866673 87.621186 7.094241
      vertex 48.827357 86.462604 7.094241
      vertex 48.592104 86.412823 7.668188
    endloop
  endfacet
  facet normal -0.925785 0.031416 -0.376742
    outer loop
      vertex 48.866673 87.621186 7.094241
      vertex 48.592104 86.412823 7.668188
      vertex 48.634002 87.647482 7.668188
    endloop
  endfacet
  facet normal 0.905786 -0.030737 0.422619
    outer loop
      vertex 50.045598 86.720392 6.712992
      vertex 50.071545 87.485017 6.712992
      vertex 49.838616 87.511341 7.214138
    endloop
  endfacet
  facet normal 0.905786 -0.030737 0.422619
    outer loop
      vertex 50.045598 86.720392 6.712992
      vertex 49.838616 87.511341 7.214138
      vertex 49.810084 86.670556 7.214138
    endloop
  endfacet
  facet normal -0.925111 -0.005406 -0.379659
    outer loop
      vertex 48.827357 86.462604 7.094241
      vertex 48.833926 85.338639 7.094241
      vertex 48.599104 85.215054 7.668188
    endloop
  endfacet
  facet normal -0.925111 -0.005406 -0.379659
    outer loop
      vertex 48.827357 86.462604 7.094241
      vertex 48.599104 85.215054 7.668188
      vertex 48.592104 86.412823 7.668188
    endloop
  endfacet
  facet normal 0.904826 0.005288 0.425750
    outer loop
      vertex 50.049933 85.978614 6.712992
      vertex 50.045598 86.720392 6.712992
      vertex 49.810084 86.670556 7.214138
    endloop
  endfacet
  facet normal 0.904826 0.005288 0.425750
    outer loop
      vertex 50.049933 85.978614 6.712992
      vertex 49.810084 86.670556 7.214138
      vertex 49.814851 85.854892 7.214138
    endloop
  endfacet
  facet normal -0.923360 -0.024858 -0.383131
    outer loop
      vertex 48.833926 85.338639 7.094241
      vertex 48.862669 84.270979 7.094241
      vertex 48.629735 84.077288 7.668188
    endloop
  endfacet
  facet normal -0.923360 -0.024858 -0.383131
    outer loop
      vertex 48.833926 85.338639 7.094241
      vertex 48.629735 84.077288 7.668188
      vertex 48.599104 85.215054 7.668188
    endloop
  endfacet
  facet normal 0.902753 0.024304 0.429472
    outer loop
      vertex 50.068903 85.273994 6.712992
      vertex 50.049933 85.978614 6.712992
      vertex 49.814851 85.854892 7.214138
    endloop
  endfacet
  facet normal 0.902753 0.024304 0.429472
    outer loop
      vertex 50.068903 85.273994 6.712992
      vertex 49.814851 85.854892 7.214138
      vertex 49.835710 85.080088 7.214138
    endloop
  endfacet
  facet normal -0.922609 -0.030014 -0.384566
    outer loop
      vertex 48.862669 84.270979 7.094241
      vertex 48.895642 83.257394 7.094241
      vertex 48.664873 82.997147 7.668188
    endloop
  endfacet
  facet normal -0.922609 -0.030014 -0.384566
    outer loop
      vertex 48.862669 84.270979 7.094241
      vertex 48.664873 82.997147 7.668188
      vertex 48.629735 84.077288 7.668188
    endloop
  endfacet
  facet normal 0.901870 0.029339 0.431010
    outer loop
      vertex 50.090664 84.605063 6.712992
      vertex 50.068903 85.273994 6.712992
      vertex 49.835710 85.080088 7.214138
    endloop
  endfacet
  facet normal 0.901870 0.029339 0.431010
    outer loop
      vertex 50.090664 84.605063 6.712992
      vertex 49.835710 85.080088 7.214138
      vertex 49.859639 84.344527 7.214138
    endloop
  endfacet
  facet normal 0.205799 -0.884968 -0.417706
    outer loop
      vertex 48.664873 82.997147 7.668188
      vertex 49.936566 83.292879 7.668188
      vertex 49.736480 82.975147 8.242767
    endloop
  endfacet
  facet normal 0.205799 -0.884968 -0.417706
    outer loop
      vertex 48.664873 82.997147 7.668188
      vertex 49.736480 82.975147 8.242767
      vertex 48.361917 82.655493 8.242767
    endloop
  endfacet
  facet normal -0.200420 0.861839 0.465903
    outer loop
      vertex 50.725644 84.545916 7.214138
      vertex 49.859639 84.344527 7.214138
      vertex 49.556890 84.003106 7.715472
    endloop
  endfacet
  facet normal -0.200420 0.861839 0.465903
    outer loop
      vertex 50.725644 84.545916 7.214138
      vertex 49.556890 84.003106 7.715472
      vertex 50.525695 84.228402 7.715472
    endloop
  endfacet
  facet normal 0.204461 -0.885039 -0.418212
    outer loop
      vertex 49.936566 83.292879 7.668188
      vertex 51.300140 83.607891 7.668188
      vertex 51.210356 83.315641 8.242767
    endloop
  endfacet
  facet normal 0.204461 -0.885039 -0.418212
    outer loop
      vertex 49.936566 83.292879 7.668188
      vertex 51.210356 83.315641 8.242767
      vertex 49.736480 82.975147 8.242767
    endloop
  endfacet
  facet normal -0.199105 0.861855 0.466437
    outer loop
      vertex 51.654219 84.760435 7.214138
      vertex 50.725644 84.545916 7.214138
      vertex 50.525695 84.228402 7.715472
    endloop
  endfacet
  facet normal -0.199105 0.861855 0.466437
    outer loop
      vertex 51.654219 84.760435 7.214138
      vertex 50.525695 84.228402 7.715472
      vertex 51.564497 84.468385 7.715472
    endloop
  endfacet
  facet normal 0.226065 -0.882074 -0.413328
    outer loop
      vertex 51.300140 83.607891 7.668188
      vertex 52.764906 83.983293 7.668188
      vertex 52.793610 83.721410 8.242767
    endloop
  endfacet
  facet normal 0.226065 -0.882074 -0.413328
    outer loop
      vertex 51.300140 83.607891 7.668188
      vertex 52.793610 83.721410 8.242767
      vertex 51.210356 83.315641 8.242767
    endloop
  endfacet
  facet normal -0.220275 0.859483 0.461267
    outer loop
      vertex 52.651705 85.016079 7.214138
      vertex 51.654219 84.760435 7.214138
      vertex 51.564497 84.468385 7.715472
    endloop
  endfacet
  facet normal -0.220275 0.859483 0.461267
    outer loop
      vertex 52.651705 85.016079 7.214138
      vertex 51.564497 84.468385 7.715472
      vertex 52.680389 84.754375 7.715472
    endloop
  endfacet
  facet normal 0.279981 -0.868194 -0.409695
    outer loop
      vertex 52.764906 83.983293 7.668188
      vertex 54.255209 84.463896 7.668188
      vertex 54.404467 84.240890 8.242767
    endloop
  endfacet
  facet normal 0.279981 -0.868194 -0.409695
    outer loop
      vertex 52.764906 83.983293 7.668188
      vertex 54.404467 84.240890 8.242767
      vertex 52.793610 83.721410 8.242767
    endloop
  endfacet
  facet normal -0.272931 0.846333 0.457415
    outer loop
      vertex 53.666581 85.343363 7.214138
      vertex 52.651705 85.016079 7.214138
      vertex 52.680389 84.754375 7.715472
    endloop
  endfacet
  facet normal -0.272931 0.846333 0.457415
    outer loop
      vertex 53.666581 85.343363 7.214138
      vertex 52.680389 84.754375 7.715472
      vertex 53.815737 85.120510 7.715472
    endloop
  endfacet
  facet normal 0.327708 -0.848939 -0.414620
    outer loop
      vertex 54.255209 84.463896 7.668188
      vertex 55.649848 85.002256 7.668188
      vertex 55.911921 84.822799 8.242767
    endloop
  endfacet
  facet normal 0.327708 -0.848939 -0.414620
    outer loop
      vertex 54.255209 84.463896 7.668188
      vertex 55.911921 84.822799 8.242767
      vertex 54.404467 84.240890 8.242767
    endloop
  endfacet
  facet normal -0.319265 0.827066 0.462636
    outer loop
      vertex 54.616311 85.709979 7.214138
      vertex 53.666581 85.343363 7.214138
      vertex 53.815737 85.120510 7.715472
    endloop
  endfacet
  facet normal -0.319265 0.827066 0.462636
    outer loop
      vertex 54.616311 85.709979 7.214138
      vertex 53.815737 85.120510 7.715472
      vertex 54.878205 85.530645 7.715472
    endloop
  endfacet
  facet normal 0.342355 -0.841052 -0.418837
    outer loop
      vertex 55.649848 85.002256 7.668188
      vertex 56.930272 85.523459 7.668188
      vertex 57.295921 85.386163 8.242767
    endloop
  endfacet
  facet normal 0.342355 -0.841052 -0.418837
    outer loop
      vertex 55.649848 85.002256 7.668188
      vertex 57.295921 85.386163 8.242767
      vertex 55.911921 84.822799 8.242767
    endloop
  endfacet
  facet normal -0.333361 0.818957 0.467098
    outer loop
      vertex 55.488262 86.064911 7.214138
      vertex 54.616311 85.709979 7.214138
      vertex 54.878205 85.530645 7.715472
    endloop
  endfacet
  facet normal -0.333361 0.818957 0.467098
    outer loop
      vertex 55.488262 86.064911 7.214138
      vertex 54.878205 85.530645 7.715472
      vertex 55.853661 85.927709 7.715472
    endloop
  endfacet
  facet normal 0.339673 -0.842781 -0.417543
    outer loop
      vertex 56.930272 85.523459 7.668188
      vertex 58.129806 86.006918 7.668188
      vertex 58.592488 85.908731 8.242767
    endloop
  endfacet
  facet normal 0.339673 -0.842781 -0.417543
    outer loop
      vertex 56.930272 85.523459 7.668188
      vertex 58.592488 85.908731 8.242767
      vertex 57.295921 85.386163 8.242767
    endloop
  endfacet
  facet normal -0.330803 0.820771 0.465730
    outer loop
      vertex 56.305129 86.394140 7.214138
      vertex 55.488262 86.064911 7.214138
      vertex 55.853661 85.927709 7.715472
    endloop
  endfacet
  facet normal -0.330803 0.820771 0.465730
    outer loop
      vertex 56.305129 86.394140 7.214138
      vertex 55.853661 85.927709 7.715472
      vertex 56.767494 86.296020 7.715472
    endloop
  endfacet
  facet normal 0.333060 -0.847623 -0.413045
    outer loop
      vertex 58.129806 86.006918 7.668188
      vertex 59.274483 86.456701 7.668188
      vertex 59.829761 86.394897 8.242767
    endloop
  endfacet
  facet normal 0.333060 -0.847623 -0.413045
    outer loop
      vertex 58.129806 86.006918 7.668188
      vertex 59.829761 86.394897 8.242767
      vertex 58.592488 85.908731 8.242767
    endloop
  endfacet
  facet normal -0.324541 0.825943 0.460968
    outer loop
      vertex 57.084638 86.700436 7.214138
      vertex 56.305129 86.394140 7.214138
      vertex 56.767494 86.296020 7.715472
    endloop
  endfacet
  facet normal -0.324541 0.825943 0.460968
    outer loop
      vertex 57.084638 86.700436 7.214138
      vertex 56.767494 86.296020 7.715472
      vertex 57.639536 86.638674 7.715472
    endloop
  endfacet
  facet normal 0.498980 0.769038 -0.399498
    outer loop
      vertex 59.274483 86.456701 7.668188
      vertex 58.196186 87.156340 7.668188
      vertex 58.664238 87.151131 8.242767
    endloop
  endfacet
  facet normal 0.498980 0.769038 -0.399498
    outer loop
      vertex 59.274483 86.456701 7.668188
      vertex 58.664238 87.151131 8.242767
      vertex 59.829761 86.394897 8.242767
    endloop
  endfacet
  facet normal -0.487012 -0.750592 0.446577
    outer loop
      vertex 56.350333 87.176880 7.214138
      vertex 57.084638 86.700436 7.214138
      vertex 57.639536 86.638674 7.715472
    endloop
  endfacet
  facet normal -0.487012 -0.750592 0.446577
    outer loop
      vertex 56.350333 87.176880 7.214138
      vertex 57.639536 86.638674 7.715472
      vertex 56.818064 87.171675 7.715472
    endloop
  endfacet
  facet normal 0.505163 0.762308 -0.404595
    outer loop
      vertex 58.196186 87.156340 7.668188
      vertex 57.066604 87.904886 7.668188
      vertex 57.443281 87.960229 8.242767
    endloop
  endfacet
  facet normal 0.505163 0.762308 -0.404595
    outer loop
      vertex 58.196186 87.156340 7.668188
      vertex 57.443281 87.960229 8.242767
      vertex 58.664238 87.151131 8.242767
    endloop
  endfacet
  facet normal -0.492746 -0.743571 0.452000
    outer loop
      vertex 55.581102 87.686630 7.214138
      vertex 56.350333 87.176880 7.214138
      vertex 56.818064 87.171675 7.715472
    endloop
  endfacet
  facet normal -0.492746 -0.743571 0.452000
    outer loop
      vertex 55.581102 87.686630 7.214138
      vertex 56.818064 87.171675 7.715472
      vertex 55.957522 87.741935 7.715472
    endloop
  endfacet
  facet normal 0.507995 0.759573 -0.406189
    outer loop
      vertex 57.066604 87.904886 7.668188
      vertex 55.856277 88.714341 7.668188
      vertex 56.135049 88.835162 8.242767
    endloop
  endfacet
  facet normal 0.507995 0.759573 -0.406189
    outer loop
      vertex 57.066604 87.904886 7.668188
      vertex 56.135049 88.835162 8.242767
      vertex 57.443281 87.960229 8.242767
    endloop
  endfacet
  facet normal -0.495414 -0.740761 0.453693
    outer loop
      vertex 54.756886 88.237858 7.214138
      vertex 55.581102 87.686630 7.214138
      vertex 55.957522 87.741935 7.715472
    endloop
  endfacet
  facet normal -0.495414 -0.740761 0.453693
    outer loop
      vertex 54.756886 88.237858 7.214138
      vertex 55.957522 87.741935 7.715472
      vertex 55.035467 88.358597 7.715472
    endloop
  endfacet
  facet normal 0.492606 0.772167 -0.401371
    outer loop
      vertex 55.856277 88.714341 7.668188
      vertex 54.520051 89.566789 7.668188
      vertex 54.690733 89.756567 8.242767
    endloop
  endfacet
  facet normal 0.492606 0.772167 -0.401371
    outer loop
      vertex 55.856277 88.714341 7.668188
      vertex 54.690733 89.756567 8.242767
      vertex 56.135049 88.835162 8.242767
    endloop
  endfacet
  facet normal -0.480683 -0.753478 0.448570
    outer loop
      vertex 53.846935 88.818364 7.214138
      vertex 54.756886 88.237858 7.214138
      vertex 55.035467 88.358597 7.715472
    endloop
  endfacet
  facet normal -0.480683 -0.753478 0.448570
    outer loop
      vertex 53.846935 88.818364 7.214138
      vertex 55.035467 88.358597 7.715472
      vertex 54.017500 89.008012 7.715472
    endloop
  endfacet
  facet normal 0.442258 0.804235 -0.397006
    outer loop
      vertex 54.520051 89.566789 7.668188
      vertex 53.074822 90.361537 7.668188
      vertex 53.128596 90.615603 8.242767
    endloop
  endfacet
  facet normal 0.442258 0.804235 -0.397006
    outer loop
      vertex 54.520051 89.566789 7.668188
      vertex 53.128596 90.615603 8.242767
      vertex 54.690733 89.756567 8.242767
    endloop
  endfacet
  facet normal -0.431777 -0.785176 0.443922
    outer loop
      vertex 52.862754 89.359576 7.214138
      vertex 53.846935 88.818364 7.214138
      vertex 54.017500 89.008012 7.715472
    endloop
  endfacet
  facet normal -0.431777 -0.785176 0.443922
    outer loop
      vertex 52.862754 89.359576 7.214138
      vertex 54.017500 89.008012 7.715472
      vertex 52.916491 89.613469 7.715472
    endloop
  endfacet
  facet normal 0.393166 0.826753 -0.402369
    outer loop
      vertex 53.074822 90.361537 7.668188
      vertex 51.663624 91.032639 7.668188
      vertex 51.603243 91.340992 8.242767
    endloop
  endfacet
  facet normal 0.393166 0.826753 -0.402369
    outer loop
      vertex 53.074822 90.361537 7.668188
      vertex 51.603243 91.340992 8.242767
      vertex 53.128596 90.615603 8.242767
    endloop
  endfacet
  facet normal -0.383604 -0.806646 0.449632
    outer loop
      vertex 51.901747 89.816587 7.214138
      vertex 52.862754 89.359576 7.214138
      vertex 52.916491 89.613469 7.715472
    endloop
  endfacet
  facet normal -0.383604 -0.806646 0.449632
    outer loop
      vertex 51.901747 89.816587 7.214138
      vertex 52.916491 89.613469 7.715472
      vertex 51.841408 90.124729 7.715472
    endloop
  endfacet
  facet normal 0.380165 0.831032 -0.406031
    outer loop
      vertex 51.663624 91.032639 7.668188
      vertex 50.358184 91.629827 7.668188
      vertex 50.192203 91.986488 8.242767
    endloop
  endfacet
  facet normal 0.380165 0.831032 -0.406031
    outer loop
      vertex 51.663624 91.032639 7.668188
      vertex 50.192203 91.986488 8.242767
      vertex 51.603243 91.340992 8.242767
    endloop
  endfacet
  facet normal -0.370756 -0.810465 0.453526
    outer loop
      vertex 51.012760 90.223264 7.214138
      vertex 51.901747 89.816587 7.214138
      vertex 51.841408 90.124729 7.715472
    endloop
  endfacet
  facet normal -0.370756 -0.810465 0.453526
    outer loop
      vertex 51.012760 90.223264 7.214138
      vertex 51.841408 90.124729 7.715472
      vertex 50.846893 90.579681 7.715472
    endloop
  endfacet
  facet normal 0.385714 0.829667 -0.403581
    outer loop
      vertex 50.358184 91.629827 7.668188
      vertex 49.142251 92.195117 7.668188
      vertex 48.877912 92.597505 8.242767
    endloop
  endfacet
  facet normal 0.385714 0.829667 -0.403581
    outer loop
      vertex 50.358184 91.629827 7.668188
      vertex 48.877912 92.597505 8.242767
      vertex 50.192203 91.986488 8.242767
    endloop
  endfacet
  facet normal -0.376279 -0.809372 0.450922
    outer loop
      vertex 50.184727 90.608219 7.214138
      vertex 51.012760 90.223264 7.214138
      vertex 50.846893 90.579681 7.715472
    endloop
  endfacet
  facet normal -0.376279 -0.809372 0.450922
    outer loop
      vertex 50.184727 90.608219 7.214138
      vertex 50.846893 90.579681 7.715472
      vertex 49.920568 91.010332 7.715472
    endloop
  endfacet
  facet normal -0.870326 0.112787 -0.479388
    outer loop
      vertex 49.142251 92.195117 7.668188
      vertex 49.005891 91.142880 7.668188
      vertex 48.730520 91.460151 8.242767
    endloop
  endfacet
  facet normal -0.870326 0.112787 -0.479388
    outer loop
      vertex 49.142251 92.195117 7.668188
      vertex 48.730520 91.460151 8.242767
      vertex 48.877912 92.597505 8.242767
    endloop
  endfacet
  facet normal 0.840730 -0.108951 0.530380
    outer loop
      vertex 50.091867 89.891660 7.214138
      vertex 50.184727 90.608219 7.214138
      vertex 49.920568 91.010332 7.715472
    endloop
  endfacet
  facet normal 0.840730 -0.108951 0.530380
    outer loop
      vertex 50.091867 89.891660 7.214138
      vertex 49.920568 91.010332 7.715472
      vertex 49.816685 90.208714 7.715472
    endloop
  endfacet
  facet normal -0.870824 0.111332 -0.478823
    outer loop
      vertex 49.005891 91.142880 7.668188
      vertex 48.864511 90.037033 7.668188
      vertex 48.577705 90.264849 8.242767
    endloop
  endfacet
  facet normal -0.870824 0.111332 -0.478823
    outer loop
      vertex 49.005891 91.142880 7.668188
      vertex 48.577705 90.264849 8.242767
      vertex 48.730520 91.460151 8.242767
    endloop
  endfacet
  facet normal 0.841277 -0.107555 0.529797
    outer loop
      vertex 49.995590 89.138593 7.214138
      vertex 50.091867 89.891660 7.214138
      vertex 49.816685 90.208714 7.715472
    endloop
  endfacet
  facet normal 0.841277 -0.107555 0.529797
    outer loop
      vertex 49.995590 89.138593 7.214138
      vertex 49.816685 90.208714 7.715472
      vertex 49.708979 89.366254 7.715472
    endloop
  endfacet
  facet normal -0.874045 0.099181 -0.475613
    outer loop
      vertex 48.864511 90.037033 7.668188
      vertex 48.731970 88.868996 7.668188
      vertex 48.434442 89.002328 8.242767
    endloop
  endfacet
  facet normal -0.874045 0.099181 -0.475613
    outer loop
      vertex 48.864511 90.037033 7.668188
      vertex 48.434442 89.002328 8.242767
      vertex 48.577705 90.264849 8.242767
    endloop
  endfacet
  facet normal 0.844766 -0.095859 0.526480
    outer loop
      vertex 49.905331 88.343176 7.214138
      vertex 49.995590 89.138593 7.214138
      vertex 49.708979 89.366254 7.715472
    endloop
  endfacet
  facet normal 0.844766 -0.095859 0.526480
    outer loop
      vertex 49.905331 88.343176 7.214138
      vertex 49.708979 89.366254 7.715472
      vertex 49.608006 88.476417 7.715472
    endloop
  endfacet
  facet normal -0.879024 0.070500 -0.471536
    outer loop
      vertex 48.731970 88.868996 7.668188
      vertex 48.634002 87.647482 7.668188
      vertex 48.328548 87.682003 8.242767
    endloop
  endfacet
  facet normal -0.879024 0.070500 -0.471536
    outer loop
      vertex 48.731970 88.868996 7.668188
      vertex 48.328548 87.682003 8.242767
      vertex 48.434442 89.002328 8.242767
    endloop
  endfacet
  facet normal 0.850056 -0.068176 0.522261
    outer loop
      vertex 49.838616 87.511341 7.214138
      vertex 49.905331 88.343176 7.214138
      vertex 49.608006 88.476417 7.715472
    endloop
  endfacet
  facet normal 0.850056 -0.068176 0.522261
    outer loop
      vertex 49.838616 87.511341 7.214138
      vertex 49.608006 88.476417 7.715472
      vertex 49.533371 87.545839 7.715472
    endloop
  endfacet
  facet normal -0.881841 0.029925 -0.470596
    outer loop
      vertex 48.634002 87.647482 7.668188
      vertex 48.592104 86.412823 7.668188
      vertex 48.283262 86.347470 8.242767
    endloop
  endfacet
  facet normal -0.881841 0.029925 -0.470596
    outer loop
      vertex 48.634002 87.647482 7.668188
      vertex 48.283262 86.347470 8.242767
      vertex 48.328548 87.682003 8.242767
    endloop
  endfacet
  facet normal 0.852891 -0.028942 0.521287
    outer loop
      vertex 49.810084 86.670556 7.214138
      vertex 49.838616 87.511341 7.214138
      vertex 49.533371 87.545839 7.715472
    endloop
  endfacet
  facet normal 0.852891 -0.028942 0.521287
    outer loop
      vertex 49.810084 86.670556 7.214138
      vertex 49.533371 87.545839 7.715472
      vertex 49.501453 86.605247 7.715472
    endloop
  endfacet
  facet normal -0.880564 -0.005146 -0.473899
    outer loop
      vertex 48.592104 86.412823 7.668188
      vertex 48.599104 85.215054 7.668188
      vertex 48.290828 85.052811 8.242767
    endloop
  endfacet
  facet normal -0.880564 -0.005146 -0.473899
    outer loop
      vertex 48.592104 86.412823 7.668188
      vertex 48.290828 85.052811 8.242767
      vertex 48.283262 86.347470 8.242767
    endloop
  endfacet
  facet normal 0.851269 0.004975 0.524707
    outer loop
      vertex 49.814851 85.854892 7.214138
      vertex 49.810084 86.670556 7.214138
      vertex 49.501453 86.605247 7.715472
    endloop
  endfacet
  facet normal 0.851269 0.004975 0.524707
    outer loop
      vertex 49.814851 85.854892 7.214138
      vertex 49.501453 86.605247 7.715472
      vertex 49.506786 85.692760 7.715472
    endloop
  endfacet
  facet normal -0.878140 -0.023641 -0.477820
    outer loop
      vertex 48.599104 85.215054 7.668188
      vertex 48.629735 84.077288 7.668188
      vertex 48.323936 83.823009 8.242767
    endloop
  endfacet
  facet normal -0.878140 -0.023641 -0.477820
    outer loop
      vertex 48.599104 85.215054 7.668188
      vertex 48.323936 83.823009 8.242767
      vertex 48.290828 85.052811 8.242767
    endloop
  endfacet
  facet normal 0.848463 0.022842 0.528761
    outer loop
      vertex 49.835710 85.080088 7.214138
      vertex 49.814851 85.854892 7.214138
      vertex 49.506786 85.692760 7.715472
    endloop
  endfacet
  facet normal 0.848463 0.022842 0.528761
    outer loop
      vertex 49.835710 85.080088 7.214138
      vertex 49.506786 85.692760 7.715472
      vertex 49.530121 84.825983 7.715472
    endloop
  endfacet
  facet normal -0.877112 -0.028534 -0.479438
    outer loop
      vertex 48.629735 84.077288 7.668188
      vertex 48.664873 82.997147 7.668188
      vertex 48.361917 82.655493 8.242767
    endloop
  endfacet
  facet normal -0.877112 -0.028534 -0.479438
    outer loop
      vertex 48.629735 84.077288 7.668188
      vertex 48.361917 82.655493 8.242767
      vertex 48.323936 83.823009 8.242767
    endloop
  endfacet
  facet normal 0.847279 0.027563 0.530432
    outer loop
      vertex 49.859639 84.344527 7.214138
      vertex 49.835710 85.080088 7.214138
      vertex 49.530121 84.825983 7.715472
    endloop
  endfacet
  facet normal 0.847279 0.027563 0.530432
    outer loop
      vertex 49.859639 84.344527 7.214138
      vertex 49.530121 84.825983 7.715472
      vertex 49.556890 84.003106 7.715472
    endloop
  endfacet
  facet normal 0.196897 -0.846689 -0.494316
    outer loop
      vertex 48.361917 82.655493 8.242767
      vertex 49.736480 82.975147 8.242767
      vertex 49.489672 82.583221 8.815767
    endloop
  endfacet
  facet normal 0.196897 -0.846689 -0.494316
    outer loop
      vertex 48.361917 82.655493 8.242767
      vertex 49.489672 82.583221 8.815767
      vertex 47.988218 82.234058 8.815767
    endloop
  endfacet
  facet normal -0.189813 0.816227 0.545660
    outer loop
      vertex 50.525695 84.228402 7.715472
      vertex 49.556890 84.003106 7.715472
      vertex 49.182849 83.581287 8.216337
    endloop
  endfacet
  facet normal -0.189813 0.816227 0.545660
    outer loop
      vertex 50.525695 84.228402 7.715472
      vertex 49.182849 83.581287 8.216337
      vertex 50.278661 83.836118 8.216337
    endloop
  endfacet
  facet normal 0.195597 -0.846671 -0.494864
    outer loop
      vertex 49.736480 82.975147 8.242767
      vertex 51.210356 83.315641 8.242767
      vertex 51.099607 82.955147 8.815767
    endloop
  endfacet
  facet normal 0.195597 -0.846671 -0.494864
    outer loop
      vertex 49.736480 82.975147 8.242767
      vertex 51.099607 82.955147 8.815767
      vertex 49.489672 82.583221 8.815767
    endloop
  endfacet
  facet normal -0.188545 0.816145 0.546221
    outer loop
      vertex 51.564497 84.468385 7.715472
      vertex 50.525695 84.228402 7.715472
      vertex 50.278661 83.836118 8.216337
    endloop
  endfacet
  facet normal -0.188545 0.816145 0.546221
    outer loop
      vertex 51.564497 84.468385 7.715472
      vertex 50.278661 83.836118 8.216337
      vertex 51.453647 84.107562 8.216337
    endloop
  endfacet
  facet normal 0.216478 -0.844667 -0.489567
    outer loop
      vertex 51.210356 83.315641 8.242767
      vertex 52.793610 83.721410 8.242767
      vertex 52.829017 83.398375 8.815767
    endloop
  endfacet
  facet normal 0.216478 -0.844667 -0.489567
    outer loop
      vertex 51.210356 83.315641 8.242767
      vertex 52.829017 83.398375 8.815767
      vertex 51.099607 82.955147 8.815767
    endloop
  endfacet
  facet normal -0.208831 0.814828 0.540783
    outer loop
      vertex 52.680389 84.754375 7.715472
      vertex 51.564497 84.468385 7.715472
      vertex 51.453647 84.107562 8.216337
    endloop
  endfacet
  facet normal -0.208831 0.814828 0.540783
    outer loop
      vertex 52.680389 84.754375 7.715472
      vertex 51.453647 84.107562 8.216337
      vertex 52.715829 84.431045 8.216337
    endloop
  endfacet
  facet normal 0.268302 -0.831980 -0.485617
    outer loop
      vertex 52.793610 83.721410 8.242767
      vertex 54.404467 84.240890 8.242767
      vertex 54.588579 83.965810 8.815767
    endloop
  endfacet
  facet normal 0.268302 -0.831980 -0.485617
    outer loop
      vertex 52.793610 83.721410 8.242767
      vertex 54.588579 83.965810 8.815767
      vertex 52.829017 83.398375 8.815767
    endloop
  endfacet
  facet normal -0.258969 0.803037 0.536719
    outer loop
      vertex 53.815737 85.120510 7.715472
      vertex 52.680389 84.754375 7.715472
      vertex 52.715829 84.431045 8.216337
    endloop
  endfacet
  facet normal -0.258969 0.803037 0.536719
    outer loop
      vertex 53.815737 85.120510 7.715472
      vertex 52.715829 84.431045 8.216337
      vertex 54.000017 84.845178 8.216337
    endloop
  endfacet
  facet normal 0.313729 -0.812726 -0.490970
    outer loop
      vertex 54.404467 84.240890 8.242767
      vertex 55.911921 84.822799 8.242767
      vertex 56.235192 84.601437 8.815767
    endloop
  endfacet
  facet normal 0.313729 -0.812726 -0.490970
    outer loop
      vertex 54.404467 84.240890 8.242767
      vertex 56.235192 84.601437 8.815767
      vertex 54.588579 83.965810 8.815767
    endloop
  endfacet
  facet normal -0.302586 0.783859 0.542224
    outer loop
      vertex 54.878205 85.530645 7.715472
      vertex 53.815737 85.120510 7.715472
      vertex 54.000017 84.845178 8.216337
    endloop
  endfacet
  facet normal -0.302586 0.783859 0.542224
    outer loop
      vertex 54.878205 85.530645 7.715472
      vertex 54.000017 84.845178 8.216337
      vertex 55.201771 85.309081 8.216337
    endloop
  endfacet
  facet normal 0.327471 -0.804489 -0.495540
    outer loop
      vertex 55.911921 84.822799 8.242767
      vertex 57.295921 85.386163 8.242767
      vertex 57.746953 85.216808 8.815767
    endloop
  endfacet
  facet normal 0.327471 -0.804489 -0.495540
    outer loop
      vertex 55.911921 84.822799 8.242767
      vertex 57.746953 85.216808 8.815767
      vertex 56.235192 84.601437 8.815767
    endloop
  endfacet
  facet normal -0.315634 0.775409 0.546915
    outer loop
      vertex 55.853661 85.927709 7.715472
      vertex 54.878205 85.530645 7.715472
      vertex 55.201771 85.309081 8.216337
    endloop
  endfacet
  facet normal -0.315634 0.775409 0.546915
    outer loop
      vertex 55.853661 85.927709 7.715472
      vertex 55.201771 85.309081 8.216337
      vertex 56.305106 85.758199 8.216337
    endloop
  endfacet
  facet normal 0.324992 -0.806354 -0.494140
    outer loop
      vertex 57.295921 85.386163 8.242767
      vertex 58.592488 85.908731 8.242767
      vertex 59.163212 85.787615 8.815767
    endloop
  endfacet
  facet normal 0.324992 -0.806354 -0.494140
    outer loop
      vertex 57.295921 85.386163 8.242767
      vertex 59.163212 85.787615 8.815767
      vertex 57.746953 85.216808 8.815767
    endloop
  endfacet
  facet normal -0.313307 0.777362 0.545479
    outer loop
      vertex 56.767494 86.296020 7.715472
      vertex 55.853661 85.927709 7.715472
      vertex 56.305106 85.758199 8.216337
    endloop
  endfacet
  facet normal -0.313307 0.777362 0.545479
    outer loop
      vertex 56.767494 86.296020 7.715472
      vertex 56.305106 85.758199 8.216337
      vertex 57.338740 86.174793 8.216337
    endloop
  endfacet
  facet normal 0.318953 -0.811722 -0.489260
    outer loop
      vertex 58.592488 85.908731 8.242767
      vertex 59.829761 86.394897 8.242767
      vertex 60.514702 86.318661 8.815767
    endloop
  endfacet
  facet normal 0.318953 -0.811722 -0.489260
    outer loop
      vertex 58.592488 85.908731 8.242767
      vertex 60.514702 86.318661 8.815767
      vertex 59.163212 85.787615 8.815767
    endloop
  endfacet
  facet normal -0.307699 0.783081 0.540467
    outer loop
      vertex 57.639536 86.638674 7.715472
      vertex 56.767494 86.296020 7.715472
      vertex 57.338740 86.174793 8.216337
    endloop
  endfacet
  facet normal -0.307699 0.783081 0.540467
    outer loop
      vertex 57.639536 86.638674 7.715472
      vertex 57.338740 86.174793 8.216337
      vertex 58.325103 86.562369 8.216337
    endloop
  endfacet
  facet normal 0.479130 0.738444 -0.474484
    outer loop
      vertex 59.829761 86.394897 8.242767
      vertex 58.664238 87.151131 8.242767
      vertex 59.241585 87.144706 8.815767
    endloop
  endfacet
  facet normal 0.479130 0.738444 -0.474484
    outer loop
      vertex 59.829761 86.394897 8.242767
      vertex 59.241585 87.144706 8.815767
      vertex 60.514702 86.318661 8.815767
    endloop
  endfacet
  facet normal -0.463180 -0.713862 0.525229
    outer loop
      vertex 56.818064 87.171675 7.715472
      vertex 57.639536 86.638674 7.715472
      vertex 58.325103 86.562369 8.216337
    endloop
  endfacet
  facet normal -0.463180 -0.713862 0.525229
    outer loop
      vertex 56.818064 87.171675 7.715472
      vertex 58.325103 86.562369 8.216337
      vertex 57.395939 87.165245 8.216337
    endloop
  endfacet
  facet normal 0.484581 0.731250 -0.480058
    outer loop
      vertex 58.664238 87.151131 8.242767
      vertex 57.443281 87.960229 8.242767
      vertex 57.907917 88.028495 8.815767
    endloop
  endfacet
  facet normal 0.484581 0.731250 -0.480058
    outer loop
      vertex 58.664238 87.151131 8.242767
      vertex 57.907917 88.028495 8.815767
      vertex 59.241585 87.144706 8.815767
    endloop
  endfacet
  facet normal -0.468088 -0.706361 0.530988
    outer loop
      vertex 55.957522 87.741935 7.715472
      vertex 56.818064 87.171675 7.715472
      vertex 57.395939 87.165245 8.216337
    endloop
  endfacet
  facet normal -0.468088 -0.706361 0.530988
    outer loop
      vertex 55.957522 87.741935 7.715472
      vertex 57.395939 87.165245 8.216337
      vertex 56.422583 87.810264 8.216337
    endloop
  endfacet
  facet normal 0.487145 0.728397 -0.481797
    outer loop
      vertex 57.443281 87.960229 8.242767
      vertex 56.135049 88.835162 8.242767
      vertex 56.478917 88.984197 8.815767
    endloop
  endfacet
  facet normal 0.487145 0.728397 -0.481797
    outer loop
      vertex 57.443281 87.960229 8.242767
      vertex 56.478917 88.984197 8.815767
      vertex 57.907917 88.028495 8.815767
    endloop
  endfacet
  facet normal -0.470450 -0.703434 0.532782
    outer loop
      vertex 55.035467 88.358597 7.715472
      vertex 55.957522 87.741935 7.715472
      vertex 56.422583 87.810264 8.216337
    endloop
  endfacet
  facet normal -0.470450 -0.703434 0.532782
    outer loop
      vertex 55.035467 88.358597 7.715472
      vertex 56.422583 87.810264 8.216337
      vertex 55.379650 88.507767 8.216337
    endloop
  endfacet
  facet normal 0.472835 0.741176 -0.476533
    outer loop
      vertex 56.135049 88.835162 8.242767
      vertex 54.690733 89.756567 8.242767
      vertex 54.901271 89.990660 8.815767
    endloop
  endfacet
  facet normal 0.472835 0.741176 -0.476533
    outer loop
      vertex 56.135049 88.835162 8.242767
      vertex 54.901271 89.990660 8.815767
      vertex 56.478917 88.984197 8.815767
    endloop
  endfacet
  facet normal -0.456966 -0.716300 0.527348
    outer loop
      vertex 54.017500 89.008012 7.715472
      vertex 55.035467 88.358597 7.715472
      vertex 55.379650 88.507767 8.216337
    endloop
  endfacet
  facet normal -0.456966 -0.716300 0.527348
    outer loop
      vertex 54.017500 89.008012 7.715472
      vertex 55.379650 88.507767 8.216337
      vertex 54.228230 89.242319 8.216337
    endloop
  endfacet
  facet normal 0.424870 0.772615 -0.471753
    outer loop
      vertex 54.690733 89.756567 8.242767
      vertex 53.128596 90.615603 8.242767
      vertex 53.194927 90.928997 8.815767
    endloop
  endfacet
  facet normal 0.424870 0.772615 -0.471753
    outer loop
      vertex 54.690733 89.756567 8.242767
      vertex 53.194927 90.928997 8.815767
      vertex 54.901271 89.990660 8.815767
    endloop
  endfacet
  facet normal -0.410881 -0.747177 0.522403
    outer loop
      vertex 52.916491 89.613469 7.715472
      vertex 54.017500 89.008012 7.715472
      vertex 54.228230 89.242319 8.216337
    endloop
  endfacet
  facet normal -0.410881 -0.747177 0.522403
    outer loop
      vertex 52.916491 89.613469 7.715472
      vertex 54.228230 89.242319 8.216337
      vertex 52.982883 89.927149 8.216337
    endloop
  endfacet
  facet normal 0.377313 0.793416 -0.477625
    outer loop
      vertex 53.128596 90.615603 8.242767
      vertex 51.603243 91.340992 8.242767
      vertex 51.528763 91.721349 8.815767
    endloop
  endfacet
  facet normal 0.377313 0.793416 -0.477625
    outer loop
      vertex 53.128596 90.615603 8.242767
      vertex 51.528763 91.721349 8.815767
      vertex 53.194927 90.928997 8.815767
    endloop
  endfacet
  facet normal -0.364594 -0.766671 0.528476
    outer loop
      vertex 51.841408 90.124729 7.715472
      vertex 52.916491 89.613469 7.715472
      vertex 52.982883 89.927149 8.216337
    endloop
  endfacet
  facet normal -0.364594 -0.766671 0.528476
    outer loop
      vertex 51.841408 90.124729 7.715472
      vertex 52.982883 89.927149 8.216337
      vertex 51.766859 90.505434 8.216337
    endloop
  endfacet
  facet normal 0.364572 0.796947 -0.481625
    outer loop
      vertex 51.603243 91.340992 8.242767
      vertex 50.192203 91.986488 8.242767
      vertex 49.987464 92.426434 8.815767
    endloop
  endfacet
  facet normal 0.364572 0.796947 -0.481625
    outer loop
      vertex 51.603243 91.340992 8.242767
      vertex 49.987464 92.426434 8.815767
      vertex 51.528763 91.721349 8.815767
    endloop
  endfacet
  facet normal -0.352087 -0.769654 0.532605
    outer loop
      vertex 50.846893 90.579681 7.715472
      vertex 51.841408 90.124729 7.715472
      vertex 51.766859 90.505434 8.216337
    endloop
  endfacet
  facet normal -0.352087 -0.769654 0.532605
    outer loop
      vertex 50.846893 90.579681 7.715472
      vertex 51.766859 90.505434 8.216337
      vertex 50.641967 91.020029 8.216337
    endloop
  endfacet
  facet normal 0.370073 0.796023 -0.478950
    outer loop
      vertex 50.192203 91.986488 8.242767
      vertex 48.877912 92.597505 8.242767
      vertex 48.551846 93.093856 8.815767
    endloop
  endfacet
  facet normal 0.370073 0.796023 -0.478950
    outer loop
      vertex 50.192203 91.986488 8.242767
      vertex 48.551846 93.093856 8.815767
      vertex 49.987464 92.426434 8.815767
    endloop
  endfacet
  facet normal -0.357532 -0.769048 0.529844
    outer loop
      vertex 49.920568 91.010332 7.715472
      vertex 50.846893 90.579681 7.715472
      vertex 50.641967 91.020029 8.216337
    endloop
  endfacet
  facet normal -0.357532 -0.769048 0.529844
    outer loop
      vertex 49.920568 91.010332 7.715472
      vertex 50.641967 91.020029 8.216337
      vertex 49.594204 91.507137 8.216337
    endloop
  endfacet
  facet normal -0.821725 0.106488 -0.559846
    outer loop
      vertex 48.877912 92.597505 8.242767
      vertex 48.730520 91.460151 8.242767
      vertex 48.390848 91.851508 8.815767
    endloop
  endfacet
  facet normal -0.821725 0.106488 -0.559846
    outer loop
      vertex 48.877912 92.597505 8.242767
      vertex 48.390848 91.851508 8.815767
      vertex 48.551846 93.093856 8.815767
    endloop
  endfacet
  facet normal 0.784365 -0.101647 0.611915
    outer loop
      vertex 49.816685 90.208714 7.715472
      vertex 49.920568 91.010332 7.715472
      vertex 49.594204 91.507137 8.216337
    endloop
  endfacet
  facet normal 0.784365 -0.101647 0.611915
    outer loop
      vertex 49.816685 90.208714 7.715472
      vertex 49.594204 91.507137 8.216337
      vertex 49.476702 90.600429 8.216337
    endloop
  endfacet
  facet normal -0.822300 0.105129 -0.559259
    outer loop
      vertex 48.730520 91.460151 8.242767
      vertex 48.577705 90.264849 8.242767
      vertex 48.223925 90.545864 8.815767
    endloop
  endfacet
  facet normal -0.822300 0.105129 -0.559259
    outer loop
      vertex 48.730520 91.460151 8.242767
      vertex 48.223925 90.545864 8.815767
      vertex 48.390848 91.851508 8.815767
    endloop
  endfacet
  facet normal 0.784987 -0.100358 0.611329
    outer loop
      vertex 49.708979 89.366254 7.715472
      vertex 49.816685 90.208714 7.715472
      vertex 49.476702 90.600429 8.216337
    endloop
  endfacet
  facet normal 0.784987 -0.100358 0.611329
    outer loop
      vertex 49.708979 89.366254 7.715472
      vertex 49.476702 90.600429 8.216337
      vertex 49.354876 89.647525 8.216337
    endloop
  endfacet
  facet normal -0.825940 0.093723 -0.555912
    outer loop
      vertex 48.577705 90.264849 8.242767
      vertex 48.434442 89.002328 8.242767
      vertex 48.067437 89.166794 8.815767
    endloop
  endfacet
  facet normal -0.825940 0.093723 -0.555912
    outer loop
      vertex 48.577705 90.264849 8.242767
      vertex 48.067437 89.166794 8.815767
      vertex 48.223925 90.545864 8.815767
    endloop
  endfacet
  facet normal 0.788880 -0.089517 0.607993
    outer loop
      vertex 49.608006 88.476417 7.715472
      vertex 49.708979 89.366254 7.715472
      vertex 49.354876 89.647525 8.216337
    endloop
  endfacet
  facet normal 0.788880 -0.089517 0.607993
    outer loop
      vertex 49.608006 88.476417 7.715472
      vertex 49.354876 89.647525 8.216337
      vertex 49.240666 88.641033 8.216337
    endloop
  endfacet
  facet normal -0.831405 0.066681 -0.551651
    outer loop
      vertex 48.434442 89.002328 8.242767
      vertex 48.328548 87.682003 8.242767
      vertex 47.951769 87.724585 8.815767
    endloop
  endfacet
  facet normal -0.831405 0.066681 -0.551651
    outer loop
      vertex 48.434442 89.002328 8.242767
      vertex 47.951769 87.724585 8.815767
      vertex 48.067437 89.166794 8.815767
    endloop
  endfacet
  facet normal 0.794632 -0.063731 0.603737
    outer loop
      vertex 49.533371 87.545839 7.715472
      vertex 49.608006 88.476417 7.715472
      vertex 49.240666 88.641033 8.216337
    endloop
  endfacet
  facet normal 0.794632 -0.063731 0.603737
    outer loop
      vertex 49.533371 87.545839 7.715472
      vertex 49.240666 88.641033 8.216337
      vertex 49.156247 87.588460 8.216337
    endloop
  endfacet
  facet normal -0.834245 0.028310 -0.550667
    outer loop
      vertex 48.328548 87.682003 8.242767
      vertex 48.283262 86.347470 8.242767
      vertex 47.902302 86.266856 8.815767
    endloop
  endfacet
  facet normal -0.834245 0.028310 -0.550667
    outer loop
      vertex 48.328548 87.682003 8.242767
      vertex 47.902302 86.266856 8.815767
      vertex 47.951769 87.724585 8.815767
    endloop
  endfacet
  facet normal 0.797469 -0.027062 0.602753
    outer loop
      vertex 49.501453 86.605247 7.715472
      vertex 49.533371 87.545839 7.715472
      vertex 49.156247 87.588460 8.216337
    endloop
  endfacet
  facet normal 0.797469 -0.027062 0.602753
    outer loop
      vertex 49.501453 86.605247 7.715472
      vertex 49.156247 87.588460 8.216337
      vertex 49.120145 86.524560 8.216337
    endloop
  endfacet
  facet normal -0.832422 -0.004865 -0.554121
    outer loop
      vertex 48.283262 86.347470 8.242767
      vertex 48.290828 85.052811 8.242767
      vertex 47.910566 84.852683 8.815767
    endloop
  endfacet
  facet normal -0.832422 -0.004865 -0.554121
    outer loop
      vertex 48.283262 86.347470 8.242767
      vertex 47.910566 84.852683 8.815767
      vertex 47.902302 86.266856 8.815767
    endloop
  endfacet
  facet normal 0.795294 0.004648 0.606205
    outer loop
      vertex 49.506786 85.692760 7.715472
      vertex 49.501453 86.605247 7.715472
      vertex 49.120145 86.524560 8.216337
    endloop
  endfacet
  facet normal 0.795294 0.004648 0.606205
    outer loop
      vertex 49.506786 85.692760 7.715472
      vertex 49.120145 86.524560 8.216337
      vertex 49.126176 85.492448 8.216337
    endloop
  endfacet
  facet normal -0.829397 -0.022329 -0.558214
    outer loop
      vertex 48.290828 85.052811 8.242767
      vertex 48.323936 83.823009 8.242767
      vertex 47.946731 83.509352 8.815767
    endloop
  endfacet
  facet normal -0.829397 -0.022329 -0.558214
    outer loop
      vertex 48.290828 85.052811 8.242767
      vertex 47.946731 83.509352 8.815767
      vertex 47.910566 84.852683 8.815767
    endloop
  endfacet
  facet normal 0.791893 0.021319 0.610288
    outer loop
      vertex 49.530121 84.825983 7.715472
      vertex 49.506786 85.692760 7.715472
      vertex 49.126176 85.492448 8.216337
    endloop
  endfacet
  facet normal 0.791893 0.021319 0.610288
    outer loop
      vertex 49.530121 84.825983 7.715472
      vertex 49.126176 85.492448 8.216337
      vertex 49.152570 84.512040 8.216337
    endloop
  endfacet
  facet normal -0.828123 -0.026940 -0.559899
    outer loop
      vertex 48.323936 83.823009 8.242767
      vertex 48.361917 82.655493 8.242767
      vertex 47.988218 82.234058 8.815767
    endloop
  endfacet
  facet normal -0.828123 -0.026940 -0.559899
    outer loop
      vertex 48.323936 83.823009 8.242767
      vertex 47.988218 82.234058 8.815767
      vertex 47.946731 83.509352 8.815767
    endloop
  endfacet
  facet normal 0.790465 0.025715 0.611967
    outer loop
      vertex 49.556890 84.003106 7.715472
      vertex 49.530121 84.825983 7.715472
      vertex 49.152570 84.512040 8.216337
    endloop
  endfacet
  facet normal 0.790465 0.025715 0.611967
    outer loop
      vertex 49.556890 84.003106 7.715472
      vertex 49.152570 84.512040 8.216337
      vertex 49.182849 83.581287 8.216337
    endloop
  endfacet
  facet normal 0.188415 -0.810213 -0.555028
    outer loop
      vertex 47.988218 82.234058 8.815767
      vertex 49.489672 82.583221 8.815767
      vertex 49.201988 82.126386 9.384981
    endloop
  endfacet
  facet normal 0.188415 -0.810213 -0.555028
    outer loop
      vertex 47.988218 82.234058 8.815767
      vertex 49.201988 82.126386 9.384981
      vertex 47.552628 81.742829 9.384981
    endloop
  endfacet
  facet normal -0.180339 0.775485 0.605063
    outer loop
      vertex 50.278661 83.836118 8.216337
      vertex 49.182849 83.581287 8.216337
      vertex 48.747276 83.090076 8.716081
    endloop
  endfacet
  facet normal -0.180339 0.775485 0.605063
    outer loop
      vertex 50.278661 83.836118 8.216337
      vertex 48.747276 83.090076 8.716081
      vertex 49.990989 83.379301 8.716081
    endloop
  endfacet
  facet normal 0.187153 -0.810119 -0.555590
    outer loop
      vertex 49.489672 82.583221 8.815767
      vertex 51.099607 82.955147 8.815767
      vertex 50.970516 82.534951 9.384981
    endloop
  endfacet
  facet normal 0.187153 -0.810119 -0.555590
    outer loop
      vertex 49.489672 82.583221 8.815767
      vertex 50.970516 82.534951 9.384981
      vertex 49.201988 82.126386 9.384981
    endloop
  endfacet
  facet normal -0.179116 0.775330 0.605624
    outer loop
      vertex 51.453647 84.107562 8.216337
      vertex 50.278661 83.836118 8.216337
      vertex 49.990989 83.379301 8.716081
    endloop
  endfacet
  facet normal -0.179116 0.775330 0.605624
    outer loop
      vertex 51.453647 84.107562 8.216337
      vertex 49.990989 83.379301 8.716081
      vertex 51.324561 83.687382 8.716081
    endloop
  endfacet
  facet normal 0.207319 -0.808929 -0.550138
    outer loop
      vertex 51.099607 82.955147 8.815767
      vertex 52.829017 83.398375 8.815767
      vertex 52.870288 83.021840 9.384981
    endloop
  endfacet
  facet normal 0.207319 -0.808929 -0.550138
    outer loop
      vertex 51.099607 82.955147 8.815767
      vertex 52.870288 83.021840 9.384981
      vertex 50.970516 82.534951 9.384981
    endloop
  endfacet
  facet normal -0.198579 0.774827 0.600174
    outer loop
      vertex 52.715829 84.431045 8.216337
      vertex 51.453647 84.107562 8.216337
      vertex 51.324561 83.687382 8.716081
    endloop
  endfacet
  facet normal -0.198579 0.774827 0.600174
    outer loop
      vertex 52.715829 84.431045 8.216337
      vertex 51.324561 83.687382 8.716081
      vertex 52.757098 84.054524 8.716081
    endloop
  endfacet
  facet normal 0.257122 -0.797310 -0.546063
    outer loop
      vertex 52.829017 83.398375 8.815767
      vertex 54.588579 83.965810 8.815767
      vertex 54.803182 83.645173 9.384981
    endloop
  endfacet
  facet normal 0.257122 -0.797310 -0.546063
    outer loop
      vertex 52.829017 83.398375 8.815767
      vertex 54.803182 83.645173 9.384981
      vertex 52.870288 83.021840 9.384981
    endloop
  endfacet
  facet normal -0.246433 0.764163 0.596092
    outer loop
      vertex 54.000017 84.845178 8.216337
      vertex 52.715829 84.431045 8.216337
      vertex 52.757098 84.054524 8.716081
    endloop
  endfacet
  facet normal -0.246433 0.764163 0.596092
    outer loop
      vertex 54.000017 84.845178 8.216337
      vertex 52.757098 84.054524 8.716081
      vertex 54.214611 84.524553 8.716081
    endloop
  endfacet
  facet normal 0.300384 -0.778155 -0.551584
    outer loop
      vertex 54.588579 83.965810 8.815767
      vertex 56.235192 84.601437 8.815767
      vertex 56.612000 84.343414 9.384981
    endloop
  endfacet
  facet normal 0.300384 -0.778155 -0.551584
    outer loop
      vertex 54.588579 83.965810 8.815767
      vertex 56.612000 84.343414 9.384981
      vertex 54.803182 83.645173 9.384981
    endloop
  endfacet
  facet normal -0.287658 0.745188 0.601620
    outer loop
      vertex 55.201771 85.309081 8.216337
      vertex 54.000017 84.845178 8.216337
      vertex 54.214611 84.524553 8.716081
    endloop
  endfacet
  facet normal -0.287658 0.745188 0.601620
    outer loop
      vertex 55.201771 85.309081 8.216337
      vertex 54.214611 84.524553 8.716081
      vertex 55.578565 85.051068 8.716081
    endloop
  endfacet
  facet normal 0.313298 -0.769669 -0.556286
    outer loop
      vertex 56.235192 84.601437 8.815767
      vertex 57.746953 85.216808 8.815767
      vertex 58.272684 85.019404 9.384981
    endloop
  endfacet
  facet normal 0.313298 -0.769669 -0.556286
    outer loop
      vertex 56.235192 84.601437 8.815767
      vertex 58.272684 85.019404 9.384981
      vertex 56.612000 84.343414 9.384981
    endloop
  endfacet
  facet normal -0.299812 0.736539 0.606319
    outer loop
      vertex 56.305106 85.758199 8.216337
      vertex 55.201771 85.309081 8.216337
      vertex 55.578565 85.051068 8.716081
    endloop
  endfacet
  facet normal -0.299812 0.736539 0.606319
    outer loop
      vertex 56.305106 85.758199 8.216337
      vertex 55.578565 85.051068 8.716081
      vertex 56.830816 85.560803 8.716081
    endloop
  endfacet
  facet normal 0.311000 -0.771638 -0.554846
    outer loop
      vertex 57.746953 85.216808 8.815767
      vertex 59.163212 85.787615 8.815767
      vertex 59.828456 85.646441 9.384981
    endloop
  endfacet
  facet normal 0.311000 -0.771638 -0.554846
    outer loop
      vertex 57.746953 85.216808 8.815767
      vertex 59.828456 85.646441 9.384981
      vertex 58.272684 85.019404 9.384981
    endloop
  endfacet
  facet normal -0.297678 0.738584 0.604881
    outer loop
      vertex 57.338740 86.174793 8.216337
      vertex 56.305106 85.758199 8.216337
      vertex 56.830816 85.560803 8.716081
    endloop
  endfacet
  facet normal -0.297678 0.738584 0.604881
    outer loop
      vertex 57.338740 86.174793 8.216337
      vertex 56.830816 85.560803 8.716081
      vertex 58.003958 86.033625 8.716081
    endloop
  endfacet
  facet normal 0.305475 -0.777419 -0.549822
    outer loop
      vertex 59.163212 85.787615 8.815767
      vertex 60.514702 86.318661 8.815767
      vertex 61.313079 86.229800 9.384981
    endloop
  endfacet
  facet normal 0.305475 -0.777419 -0.549822
    outer loop
      vertex 59.163212 85.787615 8.815767
      vertex 61.313079 86.229800 9.384981
      vertex 59.828456 85.646441 9.384981
    endloop
  endfacet
  facet normal -0.292610 0.744681 0.599858
    outer loop
      vertex 58.325103 86.562369 8.216337
      vertex 57.338740 86.174793 8.216337
      vertex 58.003958 86.033625 8.716081
    endloop
  endfacet
  facet normal -0.292610 0.744681 0.599858
    outer loop
      vertex 58.325103 86.562369 8.216337
      vertex 58.003958 86.033625 8.716081
      vertex 59.123449 86.473511 8.716081
    endloop
  endfacet
  facet normal 0.460015 0.708984 -0.534535
    outer loop
      vertex 60.514702 86.318661 8.815767
      vertex 59.241585 87.144706 8.815767
      vertex 59.914550 87.137218 9.384981
    endloop
  endfacet
  facet normal 0.460015 0.708984 -0.534535
    outer loop
      vertex 60.514702 86.318661 8.815767
      vertex 59.914550 87.137218 9.384981
      vertex 61.313079 86.229800 9.384981
    endloop
  endfacet
  facet normal -0.441643 -0.680668 0.584502
    outer loop
      vertex 57.395939 87.165245 8.216337
      vertex 58.325103 86.562369 8.216337
      vertex 59.123449 86.473511 8.716081
    endloop
  endfacet
  facet normal -0.441643 -0.680668 0.584502
    outer loop
      vertex 57.395939 87.165245 8.216337
      vertex 59.123449 86.473511 8.716081
      vertex 58.068877 87.157756 8.716081
    endloop
  endfacet
  facet normal 0.464820 0.701429 -0.540314
    outer loop
      vertex 59.241585 87.144706 8.815767
      vertex 57.907917 88.028495 8.815767
      vertex 58.449504 88.108067 9.384981
    endloop
  endfacet
  facet normal 0.464820 0.701429 -0.540314
    outer loop
      vertex 59.241585 87.144706 8.815767
      vertex 58.449504 88.108067 9.384981
      vertex 59.914550 87.137218 9.384981
    endloop
  endfacet
  facet normal -0.445876 -0.672843 0.590320
    outer loop
      vertex 56.422583 87.810264 8.216337
      vertex 57.395939 87.165245 8.216337
      vertex 58.068877 87.157756 8.716081
    endloop
  endfacet
  facet normal -0.445876 -0.672843 0.590320
    outer loop
      vertex 56.422583 87.810264 8.216337
      vertex 58.068877 87.157756 8.716081
      vertex 56.964148 87.889833 8.716081
    endloop
  endfacet
  facet normal 0.467144 0.698490 -0.542114
    outer loop
      vertex 57.907917 88.028495 8.815767
      vertex 56.478917 88.984197 8.815767
      vertex 56.879734 89.157914 9.384981
    endloop
  endfacet
  facet normal 0.467144 0.698490 -0.542114
    outer loop
      vertex 57.907917 88.028495 8.815767
      vertex 56.879734 89.157914 9.384981
      vertex 58.449504 88.108067 9.384981
    endloop
  endfacet
  facet normal -0.447986 -0.669845 0.592129
    outer loop
      vertex 55.379650 88.507767 8.216337
      vertex 56.422583 87.810264 8.216337
      vertex 56.964148 87.889833 8.716081
    endloop
  endfacet
  facet normal -0.447986 -0.669845 0.592129
    outer loop
      vertex 55.379650 88.507767 8.216337
      vertex 56.964148 87.889833 8.716081
      vertex 55.780452 88.681478 8.716081
    endloop
  endfacet
  facet normal 0.453819 0.711367 -0.536661
    outer loop
      vertex 56.478917 88.984197 8.815767
      vertex 54.901271 89.990660 8.815767
      vertex 55.146677 90.263522 9.384981
    endloop
  endfacet
  facet normal 0.453819 0.711367 -0.536661
    outer loop
      vertex 56.478917 88.984197 8.815767
      vertex 55.146677 90.263522 9.384981
      vertex 56.879734 89.157914 9.384981
    endloop
  endfacet
  facet normal -0.435558 -0.682743 0.586644
    outer loop
      vertex 54.228230 89.242319 8.216337
      vertex 55.379650 88.507767 8.216337
      vertex 55.780452 88.681478 8.716081
    endloop
  endfacet
  facet normal -0.435558 -0.682743 0.586644
    outer loop
      vertex 54.228230 89.242319 8.216337
      vertex 55.780452 88.681478 8.716081
      vertex 54.473626 89.515170 8.716081
    endloop
  endfacet
  facet normal 0.408103 0.742126 -0.531697
    outer loop
      vertex 54.901271 89.990660 8.815767
      vertex 53.194927 90.928997 8.815767
      vertex 53.272243 91.294294 9.384981
    endloop
  endfacet
  facet normal 0.408103 0.742126 -0.531697
    outer loop
      vertex 54.901271 89.990660 8.815767
      vertex 53.272243 91.294294 9.384981
      vertex 55.146677 90.263522 9.384981
    endloop
  endfacet
  facet normal -0.391966 -0.712782 0.581640
    outer loop
      vertex 52.982883 89.927149 8.216337
      vertex 54.228230 89.242319 8.216337
      vertex 54.473626 89.515170 8.716081
    endloop
  endfacet
  facet normal -0.391966 -0.712782 0.581640
    outer loop
      vertex 52.982883 89.927149 8.216337
      vertex 54.473626 89.515170 8.716081
      vertex 53.060196 90.292431 8.716081
    endloop
  endfacet
  facet normal 0.362072 0.761368 -0.537793
    outer loop
      vertex 53.194927 90.928997 8.815767
      vertex 51.528763 91.721349 8.815767
      vertex 51.441948 92.164699 9.384981
    endloop
  endfacet
  facet normal 0.362072 0.761368 -0.537793
    outer loop
      vertex 53.194927 90.928997 8.815767
      vertex 51.441948 92.164699 9.384981
      vertex 53.272243 91.294294 9.384981
    endloop
  endfacet
  facet normal -0.347445 -0.730611 0.587784
    outer loop
      vertex 51.766859 90.505434 8.216337
      vertex 52.982883 89.927149 8.216337
      vertex 53.060196 90.292431 8.716081
    endloop
  endfacet
  facet normal -0.347445 -0.730611 0.587784
    outer loop
      vertex 51.766859 90.505434 8.216337
      vertex 53.060196 90.292431 8.716081
      vertex 51.680047 90.948767 8.716081
    endloop
  endfacet
  facet normal 0.349614 0.764248 -0.541936
    outer loop
      vertex 51.528763 91.721349 8.815767
      vertex 49.987464 92.426434 8.815767
      vertex 49.748818 92.939240 9.384981
    endloop
  endfacet
  facet normal 0.349614 0.764248 -0.541936
    outer loop
      vertex 51.528763 91.721349 8.815767
      vertex 49.748818 92.939240 9.384981
      vertex 51.441948 92.164699 9.384981
    endloop
  endfacet
  facet normal -0.335285 -0.732925 0.591950
    outer loop
      vertex 50.641967 91.020029 8.216337
      vertex 51.766859 90.505434 8.216337
      vertex 51.680047 90.948767 8.716081
    endloop
  endfacet
  facet normal -0.335285 -0.732925 0.591950
    outer loop
      vertex 50.641967 91.020029 8.216337
      vertex 51.680047 90.948767 8.716081
      vertex 50.403330 91.532816 8.716081
    endloop
  endfacet
  facet normal 0.355047 0.763702 -0.539167
    outer loop
      vertex 49.987464 92.426434 8.815767
      vertex 48.551846 93.093856 8.815767
      vertex 48.171778 93.672410 9.384981
    endloop
  endfacet
  facet normal 0.355047 0.763702 -0.539167
    outer loop
      vertex 49.987464 92.426434 8.815767
      vertex 48.171778 93.672410 9.384981
      vertex 49.748818 92.939240 9.384981
    endloop
  endfacet
  facet normal -0.340635 -0.732702 0.589166
    outer loop
      vertex 49.594204 91.507137 8.216337
      vertex 50.641967 91.020029 8.216337
      vertex 50.403330 91.532816 8.716081
    endloop
  endfacet
  facet normal -0.340635 -0.732702 0.589166
    outer loop
      vertex 49.594204 91.507137 8.216337
      vertex 50.403330 91.532816 8.716081
      vertex 49.214151 92.085668 8.716081
    endloop
  endfacet
  facet normal -0.777117 0.100708 -0.621246
    outer loop
      vertex 48.551846 93.093856 8.815767
      vertex 48.390848 91.851508 8.815767
      vertex 47.994921 92.307680 9.384981
    endloop
  endfacet
  facet normal -0.777117 0.100708 -0.621246
    outer loop
      vertex 48.551846 93.093856 8.815767
      vertex 47.994921 92.307680 9.384981
      vertex 48.171778 93.672410 9.384981
    endloop
  endfacet
  facet normal 0.736044 -0.095385 0.670180
    outer loop
      vertex 49.476702 90.600429 8.216337
      vertex 49.594204 91.507137 8.216337
      vertex 49.214151 92.085668 8.716081
    endloop
  endfacet
  facet normal 0.736044 -0.095385 0.670180
    outer loop
      vertex 49.476702 90.600429 8.216337
      vertex 49.214151 92.085668 8.716081
      vertex 49.080791 91.056583 8.716081
    endloop
  endfacet
  facet normal -0.777748 0.099433 -0.620662
    outer loop
      vertex 48.390848 91.851508 8.815767
      vertex 48.223925 90.545864 8.815767
      vertex 47.811555 90.873419 9.384981
    endloop
  endfacet
  facet normal -0.777748 0.099433 -0.620662
    outer loop
      vertex 48.390848 91.851508 8.815767
      vertex 47.811555 90.873419 9.384981
      vertex 47.994921 92.307680 9.384981
    endloop
  endfacet
  facet normal 0.736712 -0.094186 0.669616
    outer loop
      vertex 49.354876 89.647525 8.216337
      vertex 49.476702 90.600429 8.216337
      vertex 49.080791 91.056583 8.716081
    endloop
  endfacet
  facet normal 0.736712 -0.094186 0.669616
    outer loop
      vertex 49.354876 89.647525 8.216337
      vertex 49.080791 91.056583 8.716081
      vertex 48.942522 89.975067 8.716081
    endloop
  endfacet
  facet normal -0.781682 0.088700 -0.617337
    outer loop
      vertex 48.223925 90.545864 8.815767
      vertex 48.067437 89.166794 8.815767
      vertex 47.639652 89.358499 9.384981
    endloop
  endfacet
  facet normal -0.781682 0.088700 -0.617337
    outer loop
      vertex 48.223925 90.545864 8.815767
      vertex 47.639652 89.358499 9.384981
      vertex 47.811555 90.873419 9.384981
    endloop
  endfacet
  facet normal 0.740846 -0.084067 0.666394
    outer loop
      vertex 49.240666 88.641033 8.216337
      vertex 49.354876 89.647525 8.216337
      vertex 48.942522 89.975067 8.716081
    endloop
  endfacet
  facet normal 0.740846 -0.084067 0.666394
    outer loop
      vertex 49.240666 88.641033 8.216337
      vertex 48.942522 89.975067 8.716081
      vertex 48.812897 88.832730 8.716081
    endloop
  endfacet
  facet normal -0.787482 0.063158 -0.613093
    outer loop
      vertex 48.067437 89.166794 8.815767
      vertex 47.951769 87.724585 8.815767
      vertex 47.512589 87.774219 9.384981
    endloop
  endfacet
  facet normal -0.787482 0.063158 -0.613093
    outer loop
      vertex 48.067437 89.166794 8.815767
      vertex 47.512589 87.774219 9.384981
      vertex 47.639652 89.358499 9.384981
    endloop
  endfacet
  facet normal 0.746863 -0.059900 0.662275
    outer loop
      vertex 49.156247 87.588460 8.216337
      vertex 49.240666 88.641033 8.216337
      vertex 48.812897 88.832730 8.716081
    endloop
  endfacet
  facet normal 0.746863 -0.059900 0.662275
    outer loop
      vertex 49.156247 87.588460 8.216337
      vertex 48.812897 88.832730 8.716081
      vertex 48.717084 87.638092 8.716081
    endloop
  endfacet
  facet normal -0.790316 0.026819 -0.612112
    outer loop
      vertex 47.951769 87.724585 8.815767
      vertex 47.902302 86.266856 8.815767
      vertex 47.458249 86.172891 9.384981
    endloop
  endfacet
  facet normal -0.790316 0.026819 -0.612112
    outer loop
      vertex 47.951769 87.724585 8.815767
      vertex 47.458249 86.172891 9.384981
      vertex 47.512589 87.774219 9.384981
    endloop
  endfacet
  facet normal 0.749672 -0.025440 0.661321
    outer loop
      vertex 49.120145 86.524560 8.216337
      vertex 49.156247 87.588460 8.216337
      vertex 48.717084 87.638092 8.716081
    endloop
  endfacet
  facet normal 0.749672 -0.025440 0.661321
    outer loop
      vertex 49.120145 86.524560 8.216337
      vertex 48.717084 87.638092 8.716081
      vertex 48.676109 86.430599 8.716081
    endloop
  endfacet
  facet normal -0.788081 -0.004605 -0.615555
    outer loop
      vertex 47.902302 86.266856 8.815767
      vertex 47.910566 84.852683 8.815767
      vertex 47.467327 84.619410 9.384981
    endloop
  endfacet
  facet normal -0.788081 -0.004605 -0.615555
    outer loop
      vertex 47.902302 86.266856 8.815767
      vertex 47.467327 84.619410 9.384981
      vertex 47.458249 86.172891 9.384981
    endloop
  endfacet
  facet normal 0.747129 0.004366 0.664665
    outer loop
      vertex 49.126176 85.492448 8.216337
      vertex 49.120145 86.524560 8.216337
      vertex 48.676109 86.430599 8.716081
    endloop
  endfacet
  facet normal 0.747129 0.004366 0.664665
    outer loop
      vertex 49.126176 85.492448 8.216337
      vertex 48.676109 86.430599 8.716081
      vertex 48.682954 85.259184 8.716081
    endloop
  endfacet
  facet normal -0.784614 -0.021123 -0.619625
    outer loop
      vertex 47.910566 84.852683 8.815767
      vertex 47.946731 83.509352 8.815767
      vertex 47.507054 83.143750 9.384981
    endloop
  endfacet
  facet normal -0.784614 -0.021123 -0.619625
    outer loop
      vertex 47.910566 84.852683 8.815767
      vertex 47.507054 83.143750 9.384981
      vertex 47.467327 84.619410 9.384981
    endloop
  endfacet
  facet normal 0.743343 0.020012 0.668611
    outer loop
      vertex 49.152570 84.512040 8.216337
      vertex 49.126176 85.492448 8.216337
      vertex 48.682954 85.259184 8.716081
    endloop
  endfacet
  facet normal 0.743343 0.020012 0.668611
    outer loop
      vertex 49.152570 84.512040 8.216337
      vertex 48.682954 85.259184 8.716081
      vertex 48.712911 84.146451 8.716081
    endloop
  endfacet
  facet normal -0.783160 -0.025477 -0.621298
    outer loop
      vertex 47.946731 83.509352 8.815767
      vertex 47.988218 82.234058 8.815767
      vertex 47.552628 81.742829 9.384981
    endloop
  endfacet
  facet normal -0.783160 -0.025477 -0.621298
    outer loop
      vertex 47.946731 83.509352 8.815767
      vertex 47.552628 81.742829 9.384981
      vertex 47.507054 83.143750 9.384981
    endloop
  endfacet
  facet normal 0.741760 0.024130 0.670231
    outer loop
      vertex 49.182849 83.581287 8.216337
      vertex 49.152570 84.512040 8.216337
      vertex 48.712911 84.146451 8.716081
    endloop
  endfacet
  facet normal 0.741760 0.024130 0.670231
    outer loop
      vertex 49.182849 83.581287 8.216337
      vertex 48.712911 84.146451 8.716081
      vertex 48.747276 83.090076 8.716081
    endloop
  endfacet
  facet normal 0.181683 -0.781266 -0.597173
    outer loop
      vertex 47.552628 81.742829 9.384981
      vertex 49.201988 82.126386 9.384981
      vertex 48.884373 81.622021 9.948199
    endloop
  endfacet
  facet normal 0.181683 -0.781266 -0.597173
    outer loop
      vertex 47.552628 81.742829 9.384981
      vertex 48.884373 81.622021 9.948199
      vertex 47.071718 81.200489 9.948199
    endloop
  endfacet
  facet normal -0.173368 0.745511 0.643550
    outer loop
      vertex 49.990989 83.379301 8.716081
      vertex 48.747276 83.090076 8.716081
      vertex 48.267084 82.548546 9.214048
    endloop
  endfacet
  facet normal -0.173368 0.745511 0.643550
    outer loop
      vertex 49.990989 83.379301 8.716081
      vertex 48.267084 82.548546 9.214048
      vertex 49.673848 82.875688 9.214048
    endloop
  endfacet
  facet normal 0.180454 -0.781120 -0.597735
    outer loop
      vertex 49.201988 82.126386 9.384981
      vertex 50.970516 82.534951 9.384981
      vertex 50.827994 82.071035 9.948199
    endloop
  endfacet
  facet normal 0.180454 -0.781120 -0.597735
    outer loop
      vertex 49.201988 82.126386 9.384981
      vertex 50.827994 82.071035 9.948199
      vertex 48.884373 81.622021 9.948199
    endloop
  endfacet
  facet normal -0.172181 0.745310 0.644102
    outer loop
      vertex 51.324561 83.687382 8.716081
      vertex 49.990989 83.379301 8.716081
      vertex 49.673848 82.875688 9.214048
    endloop
  endfacet
  facet normal -0.172181 0.745310 0.644102
    outer loop
      vertex 51.324561 83.687382 8.716081
      vertex 49.673848 82.875688 9.214048
      vertex 51.182251 83.224159 9.214048
    endloop
  endfacet
  facet normal 0.200035 -0.780509 -0.592277
    outer loop
      vertex 50.970516 82.534951 9.384981
      vertex 52.870288 83.021840 9.384981
      vertex 52.915853 82.606129 9.948199
    endloop
  endfacet
  facet normal 0.200035 -0.780509 -0.592277
    outer loop
      vertex 50.970516 82.534951 9.384981
      vertex 52.915853 82.606129 9.948199
      vertex 50.827994 82.071035 9.948199
    endloop
  endfacet
  facet normal -0.191020 0.745333 0.638740
    outer loop
      vertex 52.757098 84.054524 8.716081
      vertex 51.324561 83.687382 8.716081
      vertex 51.182251 83.224159 9.214048
    endloop
  endfacet
  facet normal -0.191020 0.745333 0.638740
    outer loop
      vertex 52.757098 84.054524 8.716081
      vertex 51.182251 83.224159 9.214048
      vertex 52.802595 83.639434 9.214048
    endloop
  endfacet
  facet normal 0.248215 -0.769690 -0.588189
    outer loop
      vertex 52.870288 83.021840 9.384981
      vertex 54.803182 83.645173 9.384981
      vertex 55.040113 83.291174 9.948199
    endloop
  endfacet
  facet normal 0.248215 -0.769690 -0.588189
    outer loop
      vertex 52.870288 83.021840 9.384981
      vertex 55.040113 83.291174 9.948199
      vertex 52.915853 82.606129 9.948199
    endloop
  endfacet
  facet normal -0.237172 0.735448 0.634717
    outer loop
      vertex 54.214611 84.524553 8.716081
      vertex 52.757098 84.054524 8.716081
      vertex 52.802595 83.639434 9.214048
    endloop
  endfacet
  facet normal -0.237172 0.735448 0.634717
    outer loop
      vertex 54.214611 84.524553 8.716081
      vertex 52.802595 83.639434 9.214048
      vertex 54.451189 84.171084 9.214048
    endloop
  endfacet
  facet normal 0.289778 -0.750679 -0.593725
    outer loop
      vertex 54.803182 83.645173 9.384981
      vertex 56.612000 84.343414 9.384981
      vertex 57.028014 84.058546 9.948199
    endloop
  endfacet
  facet normal 0.289778 -0.750679 -0.593725
    outer loop
      vertex 54.803182 83.645173 9.384981
      vertex 57.028014 84.058546 9.948199
      vertex 55.040113 83.291174 9.948199
    endloop
  endfacet
  facet normal -0.276659 0.716694 0.640164
    outer loop
      vertex 55.578565 85.051068 8.716081
      vertex 54.214611 84.524553 8.716081
      vertex 54.451189 84.171084 9.214048
    endloop
  endfacet
  facet normal -0.276659 0.716694 0.640164
    outer loop
      vertex 55.578565 85.051068 8.716081
      vertex 54.451189 84.171084 9.214048
      vertex 55.993957 84.766624 9.214048
    endloop
  endfacet
  facet normal 0.302056 -0.742053 -0.598431
    outer loop
      vertex 56.612000 84.343414 9.384981
      vertex 58.272684 85.019404 9.384981
      vertex 58.853113 84.801462 9.948199
    endloop
  endfacet
  facet normal 0.302056 -0.742053 -0.598431
    outer loop
      vertex 56.612000 84.343414 9.384981
      vertex 58.853113 84.801462 9.948199
      vertex 57.028014 84.058546 9.948199
    endloop
  endfacet
  facet normal -0.288179 0.707959 0.644784
    outer loop
      vertex 56.830816 85.560803 8.716081
      vertex 55.578565 85.051068 8.716081
      vertex 55.993957 84.766624 9.214048
    endloop
  endfacet
  facet normal -0.288179 0.707959 0.644784
    outer loop
      vertex 56.830816 85.560803 8.716081
      vertex 55.993957 84.766624 9.214048
      vertex 57.410379 85.343186 9.214048
    endloop
  endfacet
  facet normal 0.299896 -0.744086 -0.596991
    outer loop
      vertex 58.272684 85.019404 9.384981
      vertex 59.828456 85.646441 9.384981
      vertex 60.562915 85.490579 9.948199
    endloop
  endfacet
  facet normal 0.299896 -0.744086 -0.596991
    outer loop
      vertex 58.272684 85.019404 9.384981
      vertex 60.562915 85.490579 9.948199
      vertex 58.853113 84.801462 9.948199
    endloop
  endfacet
  facet normal -0.286179 0.710053 0.643372
    outer loop
      vertex 58.003958 86.033625 8.716081
      vertex 56.830816 85.560803 8.716081
      vertex 57.410379 85.343186 9.214048
    endloop
  endfacet
  facet normal -0.286179 0.710053 0.643372
    outer loop
      vertex 58.003958 86.033625 8.716081
      vertex 57.410379 85.343186 9.214048
      vertex 58.737320 85.877995 9.214048
    endloop
  endfacet
  facet normal 0.294754 -0.750136 -0.591960
    outer loop
      vertex 59.828456 85.646441 9.384981
      vertex 61.313079 86.229800 9.384981
      vertex 62.194523 86.131693 9.948199
    endloop
  endfacet
  facet normal 0.294754 -0.750136 -0.591960
    outer loop
      vertex 59.828456 85.646441 9.384981
      vertex 62.194523 86.131693 9.948199
      vertex 60.562915 85.490579 9.948199
    endloop
  endfacet
  facet normal -0.281483 0.716363 0.638429
    outer loop
      vertex 59.123449 86.473511 8.716081
      vertex 58.003958 86.033625 8.716081
      vertex 58.737320 85.877995 9.214048
    endloop
  endfacet
  facet normal -0.281483 0.716363 0.638429
    outer loop
      vertex 59.123449 86.473511 8.716081
      vertex 58.737320 85.877995 9.214048
      vertex 60.003577 86.375551 9.214048
    endloop
  endfacet
  facet normal 0.444713 0.685400 -0.576592
    outer loop
      vertex 61.313079 86.229800 9.384981
      vertex 59.914550 87.137218 9.384981
      vertex 60.657532 87.128950 9.948199
    endloop
  endfacet
  facet normal 0.444713 0.685400 -0.576592
    outer loop
      vertex 61.313079 86.229800 9.384981
      vertex 60.657532 87.128950 9.948199
      vertex 62.194523 86.131693 9.948199
    endloop
  endfacet
  facet normal -0.425652 -0.656023 0.623262
    outer loop
      vertex 58.068877 87.157756 8.716081
      vertex 59.123449 86.473511 8.716081
      vertex 60.003577 86.375551 9.214048
    endloop
  endfacet
  facet normal -0.425652 -0.656023 0.623262
    outer loop
      vertex 58.068877 87.157756 8.716081
      vertex 60.003577 86.375551 9.214048
      vertex 58.810751 87.149501 9.214048
    endloop
  endfacet
  facet normal 0.449038 0.677614 -0.582412
    outer loop
      vertex 59.914550 87.137218 9.384981
      vertex 58.449504 88.108067 9.384981
      vertex 59.047439 88.195918 9.948199
    endloop
  endfacet
  facet normal 0.449038 0.677614 -0.582412
    outer loop
      vertex 59.914550 87.137218 9.384981
      vertex 59.047439 88.195918 9.948199
      vertex 60.657532 87.128950 9.948199
    endloop
  endfacet
  facet normal -0.429426 -0.648020 0.629018
    outer loop
      vertex 56.964148 87.889833 8.716081
      vertex 58.068877 87.157756 8.716081
      vertex 58.810751 87.149501 9.214048
    endloop
  endfacet
  facet normal -0.429426 -0.648020 0.629018
    outer loop
      vertex 56.964148 87.889833 8.716081
      vertex 58.810751 87.149501 9.214048
      vertex 57.561191 87.977553 9.214048
    endloop
  endfacet
  facet normal 0.451182 0.674625 -0.584223
    outer loop
      vertex 58.449504 88.108067 9.384981
      vertex 56.879734 89.157914 9.384981
      vertex 57.322255 89.349705 9.948199
    endloop
  endfacet
  facet normal 0.451182 0.674625 -0.584223
    outer loop
      vertex 58.449504 88.108067 9.384981
      vertex 57.322255 89.349705 9.948199
      vertex 59.047439 88.195918 9.948199
    endloop
  endfacet
  facet normal -0.431362 -0.644989 0.630805
    outer loop
      vertex 55.780452 88.681478 8.716081
      vertex 56.964148 87.889833 8.716081
      vertex 57.561191 87.977553 9.214048
    endloop
  endfacet
  facet normal -0.431362 -0.644989 0.630805
    outer loop
      vertex 55.780452 88.681478 8.716081
      vertex 57.561191 87.977553 9.214048
      vertex 56.222312 88.872983 9.214048
    endloop
  endfacet
  facet normal 0.438608 0.687524 -0.578735
    outer loop
      vertex 56.879734 89.157914 9.384981
      vertex 55.146677 90.263522 9.384981
      vertex 55.417616 90.564774 9.948199
    endloop
  endfacet
  facet normal 0.438608 0.687524 -0.578735
    outer loop
      vertex 56.879734 89.157914 9.384981
      vertex 55.417616 90.564774 9.948199
      vertex 57.322255 89.349705 9.948199
    endloop
  endfacet
  facet normal -0.419677 -0.657850 0.625383
    outer loop
      vertex 54.473626 89.515170 8.716081
      vertex 55.780452 88.681478 8.716081
      vertex 56.222312 88.872983 9.214048
    endloop
  endfacet
  facet normal -0.419677 -0.657850 0.625383
    outer loop
      vertex 54.473626 89.515170 8.716081
      vertex 56.222312 88.872983 9.214048
      vertex 54.744161 89.815973 9.214048
    endloop
  endfacet
  facet normal 0.394664 0.717687 -0.573729
    outer loop
      vertex 55.146677 90.263522 9.384981
      vertex 53.272243 91.294294 9.384981
      vertex 53.357604 91.697598 9.948199
    endloop
  endfacet
  facet normal 0.394664 0.717687 -0.573729
    outer loop
      vertex 55.146677 90.263522 9.384981
      vertex 53.357604 91.697598 9.948199
      vertex 55.417616 90.564774 9.948199
    endloop
  endfacet
  facet normal -0.377905 -0.687212 0.620425
    outer loop
      vertex 53.060196 90.292431 8.716081
      vertex 54.473626 89.515170 8.716081
      vertex 54.744161 89.815973 9.214048
    endloop
  endfacet
  facet normal -0.377905 -0.687212 0.620425
    outer loop
      vertex 53.060196 90.292431 8.716081
      vertex 54.744161 89.815973 9.214048
      vertex 53.145429 90.695133 9.214048
    endloop
  endfacet
  facet normal 0.349888 0.735747 -0.579875
    outer loop
      vertex 53.272243 91.294294 9.384981
      vertex 51.441948 92.164699 9.384981
      vertex 51.346100 92.654178 9.948199
    endloop
  endfacet
  facet normal 0.349888 0.735747 -0.579875
    outer loop
      vertex 53.272243 91.294294 9.384981
      vertex 51.346100 92.654178 9.948199
      vertex 53.357604 91.697598 9.948199
    endloop
  endfacet
  facet normal -0.334731 -0.703875 0.626511
    outer loop
      vertex 51.680047 90.948767 8.716081
      vertex 53.060196 90.292431 8.716081
      vertex 53.145429 90.695133 9.214048
    endloop
  endfacet
  facet normal -0.334731 -0.703875 0.626511
    outer loop
      vertex 51.680047 90.948767 8.716081
      vertex 53.145429 90.695133 9.214048
      vertex 51.584343 91.437515 9.214048
    endloop
  endfacet
  facet normal 0.337676 0.738152 -0.584044
    outer loop
      vertex 51.441948 92.164699 9.384981
      vertex 49.748818 92.939240 9.384981
      vertex 49.485342 93.505402 9.948199
    endloop
  endfacet
  facet normal 0.337676 0.738152 -0.584044
    outer loop
      vertex 51.441948 92.164699 9.384981
      vertex 49.485342 93.505402 9.948199
      vertex 51.346100 92.654178 9.948199
    endloop
  endfacet
  facet normal -0.322851 -0.705744 0.630629
    outer loop
      vertex 50.403330 91.532816 8.716081
      vertex 51.680047 90.948767 8.716081
      vertex 51.584343 91.437515 9.214048
    endloop
  endfacet
  facet normal -0.322851 -0.705744 0.630629
    outer loop
      vertex 50.403330 91.532816 8.716081
      vertex 51.584343 91.437515 9.214048
      vertex 50.140247 92.098132 9.214048
    endloop
  endfacet
  facet normal 0.343041 0.737877 -0.581258
    outer loop
      vertex 49.748818 92.939240 9.384981
      vertex 48.171778 93.672410 9.384981
      vertex 47.752167 94.311159 9.948199
    endloop
  endfacet
  facet normal 0.343041 0.737877 -0.581258
    outer loop
      vertex 49.748818 92.939240 9.384981
      vertex 47.752167 94.311159 9.948199
      vertex 49.485342 93.505402 9.948199
    endloop
  endfacet
  facet normal -0.328114 -0.705770 0.627877
    outer loop
      vertex 49.214151 92.085668 8.716081
      vertex 50.403330 91.532816 8.716081
      vertex 50.140247 92.098132 9.214048
    endloop
  endfacet
  facet normal -0.328114 -0.705770 0.627877
    outer loop
      vertex 49.214151 92.085668 8.716081
      vertex 50.140247 92.098132 9.214048
      vertex 48.795166 92.723464 9.214048
    endloop
  endfacet
  facet normal -0.742792 0.096259 -0.662567
    outer loop
      vertex 48.171778 93.672410 9.384981
      vertex 47.994921 92.307680 9.384981
      vertex 47.557800 92.811314 9.948199
    endloop
  endfacet
  facet normal -0.742792 0.096259 -0.662567
    outer loop
      vertex 48.171778 93.672410 9.384981
      vertex 47.557800 92.811314 9.948199
      vertex 47.752167 94.311159 9.948199
    endloop
  endfacet
  facet normal 0.701588 -0.090920 0.706759
    outer loop
      vertex 49.080791 91.056583 8.716081
      vertex 49.214151 92.085668 8.716081
      vertex 48.795166 92.723464 9.214048
    endloop
  endfacet
  facet normal 0.701588 -0.090920 0.706759
    outer loop
      vertex 49.080791 91.056583 8.716081
      vertex 48.795166 92.723464 9.214048
      vertex 48.644322 91.559465 9.214048
    endloop
  endfacet
  facet normal -0.743454 0.095048 -0.661998
    outer loop
      vertex 47.994921 92.307680 9.384981
      vertex 47.811555 90.873419 9.384981
      vertex 47.356280 91.235053 9.948199
    endloop
  endfacet
  facet normal -0.743454 0.095048 -0.661998
    outer loop
      vertex 47.994921 92.307680 9.384981
      vertex 47.356280 91.235053 9.948199
      vertex 47.557800 92.811314 9.948199
    endloop
  endfacet
  facet normal 0.702279 -0.089784 0.706218
    outer loop
      vertex 48.942522 89.975067 8.716081
      vertex 49.080791 91.056583 8.716081
      vertex 48.644322 91.559465 9.214048
    endloop
  endfacet
  facet normal 0.702279 -0.089784 0.706218
    outer loop
      vertex 48.942522 89.975067 8.716081
      vertex 48.644322 91.559465 9.214048
      vertex 48.487927 90.336162 9.214048
    endloop
  endfacet
  facet normal -0.747560 0.084828 -0.658755
    outer loop
      vertex 47.811555 90.873419 9.384981
      vertex 47.639652 89.358499 9.384981
      vertex 47.167357 89.570149 9.948199
    endloop
  endfacet
  facet normal -0.747560 0.084828 -0.658755
    outer loop
      vertex 47.811555 90.873419 9.384981
      vertex 47.167357 89.570149 9.948199
      vertex 47.356280 91.235053 9.948199
    endloop
  endfacet
  facet normal 0.706529 -0.080172 0.703128
    outer loop
      vertex 48.812897 88.832730 8.716081
      vertex 48.942522 89.975067 8.716081
      vertex 48.487927 90.336162 9.214048
    endloop
  endfacet
  facet normal 0.706529 -0.080172 0.703128
    outer loop
      vertex 48.812897 88.832730 8.716081
      vertex 48.487927 90.336162 9.214048
      vertex 48.341307 89.044064 9.214048
    endloop
  endfacet
  facet normal -0.753548 0.060436 -0.654609
    outer loop
      vertex 47.639652 89.358499 9.384981
      vertex 47.512589 87.774219 9.384981
      vertex 47.027714 87.829017 9.948199
    endloop
  endfacet
  facet normal -0.753548 0.060436 -0.654609
    outer loop
      vertex 47.639652 89.358499 9.384981
      vertex 47.027714 87.829017 9.948199
      vertex 47.167357 89.570149 9.948199
    endloop
  endfacet
  facet normal 0.712665 -0.057157 0.699172
    outer loop
      vertex 48.717084 87.638092 8.716081
      vertex 48.812897 88.832730 8.716081
      vertex 48.341307 89.044064 9.214048
    endloop
  endfacet
  facet normal 0.712665 -0.057157 0.699172
    outer loop
      vertex 48.717084 87.638092 8.716081
      vertex 48.341307 89.044064 9.214048
      vertex 48.232934 87.692809 9.214048
    endloop
  endfacet
  facet normal -0.756362 0.025667 -0.653650
    outer loop
      vertex 47.512589 87.774219 9.384981
      vertex 47.458249 86.172891 9.384981
      vertex 46.967994 86.069150 9.948199
    endloop
  endfacet
  facet normal -0.756362 0.025667 -0.653650
    outer loop
      vertex 47.512589 87.774219 9.384981
      vertex 46.967994 86.069150 9.948199
      vertex 47.027714 87.829017 9.948199
    endloop
  endfacet
  facet normal 0.715438 -0.024278 0.698255
    outer loop
      vertex 48.676109 86.430599 8.716081
      vertex 48.717084 87.638092 8.716081
      vertex 48.232934 87.692809 9.214048
    endloop
  endfacet
  facet normal 0.715438 -0.024278 0.698255
    outer loop
      vertex 48.676109 86.430599 8.716081
      vertex 48.232934 87.692809 9.214048
      vertex 48.186586 86.327013 9.214048
    endloop
  endfacet
  facet normal -0.753865 -0.004406 -0.657015
    outer loop
      vertex 47.458249 86.172891 9.384981
      vertex 47.467327 84.619410 9.384981
      vertex 46.977972 84.361866 9.948199
    endloop
  endfacet
  facet normal -0.753865 -0.004406 -0.657015
    outer loop
      vertex 47.458249 86.172891 9.384981
      vertex 46.977972 84.361866 9.948199
      vertex 46.967994 86.069150 9.948199
    endloop
  endfacet
  facet normal 0.712688 0.004165 0.701469
    outer loop
      vertex 48.682954 85.259184 8.716081
      vertex 48.676109 86.430599 8.716081
      vertex 48.186586 86.327013 9.214048
    endloop
  endfacet
  facet normal 0.712688 0.004165 0.701469
    outer loop
      vertex 48.682954 85.259184 8.716081
      vertex 48.186586 86.327013 9.214048
      vertex 48.194329 85.002025 9.214048
    endloop
  endfacet
  facet normal -0.750126 -0.020195 -0.660986
    outer loop
      vertex 47.467327 84.619410 9.384981
      vertex 47.507054 83.143750 9.384981
      vertex 47.021632 82.740108 9.948199
    endloop
  endfacet
  facet normal -0.750126 -0.020195 -0.660986
    outer loop
      vertex 47.467327 84.619410 9.384981
      vertex 47.021632 82.740108 9.948199
      vertex 46.977972 84.361866 9.948199
    endloop
  endfacet
  facet normal 0.708697 0.019079 0.705255
    outer loop
      vertex 48.712911 84.146451 8.716081
      vertex 48.682954 85.259184 8.716081
      vertex 48.194329 85.002025 9.214048
    endloop
  endfacet
  facet normal 0.708697 0.019079 0.705255
    outer loop
      vertex 48.712911 84.146451 8.716081
      vertex 48.194329 85.002025 9.214048
      vertex 48.228213 83.743412 9.214048
    endloop
  endfacet
  facet normal -0.748562 -0.024352 -0.662618
    outer loop
      vertex 47.507054 83.143750 9.384981
      vertex 47.552628 81.742829 9.384981
      vertex 47.071718 81.200489 9.948199
    endloop
  endfacet
  facet normal -0.748562 -0.024352 -0.662618
    outer loop
      vertex 47.507054 83.143750 9.384981
      vertex 47.071718 81.200489 9.948199
      vertex 47.021632 82.740108 9.948199
    endloop
  endfacet
  facet normal 0.707032 0.023001 0.706807
    outer loop
      vertex 48.747276 83.090076 8.716081
      vertex 48.712911 84.146451 8.716081
      vertex 48.228213 83.743412 9.214048
    endloop
  endfacet
  facet normal 0.707032 0.023001 0.706807
    outer loop
      vertex 48.747276 83.090076 8.716081
      vertex 48.228213 83.743412 9.214048
      vertex 48.267084 82.548546 9.214048
    endloop
  endfacet
  facet normal 0.177818 -0.764648 -0.619431
    outer loop
      vertex 47.071718 81.200489 9.948199
      vertex 48.884373 81.622021 9.948199
      vertex 48.552663 81.095273 10.503212
    endloop
  endfacet
  facet normal 0.177818 -0.764648 -0.619431
    outer loop
      vertex 47.071718 81.200489 9.948199
      vertex 48.552663 81.095273 10.503212
      vertex 46.569466 80.634081 10.503212
    endloop
  endfacet
  facet normal -0.169758 0.729986 0.662045
    outer loop
      vertex 49.673848 82.875688 9.214048
      vertex 48.267084 82.548546 9.214048
      vertex 47.765048 81.982382 9.709584
    endloop
  endfacet
  facet normal -0.169758 0.729986 0.662045
    outer loop
      vertex 49.673848 82.875688 9.214048
      vertex 47.765048 81.982382 9.709584
      vertex 49.342280 82.349167 9.709584
    endloop
  endfacet
  facet normal 0.176609 -0.764475 -0.619990
    outer loop
      vertex 48.884373 81.622021 9.948199
      vertex 50.827994 82.071035 9.948199
      vertex 50.679147 81.586532 10.503212
    endloop
  endfacet
  facet normal 0.176609 -0.764475 -0.619990
    outer loop
      vertex 48.884373 81.622021 9.948199
      vertex 50.679147 81.586532 10.503212
      vertex 48.552663 81.095273 10.503212
    endloop
  endfacet
  facet normal -0.168589 0.729762 0.662589
    outer loop
      vertex 51.182251 83.224159 9.214048
      vertex 49.673848 82.875688 9.214048
      vertex 49.342280 82.349167 9.709584
    endloop
  endfacet
  facet normal -0.168589 0.729762 0.662589
    outer loop
      vertex 51.182251 83.224159 9.214048
      vertex 49.342280 82.349167 9.709584
      vertex 51.033469 82.739864 9.709584
    endloop
  endfacet
  facet normal 0.195848 -0.764169 -0.614564
    outer loop
      vertex 50.827994 82.071035 9.948199
      vertex 52.915853 82.606129 9.948199
      vertex 52.963440 82.171969 10.503212
    endloop
  endfacet
  facet normal 0.195848 -0.764169 -0.614564
    outer loop
      vertex 50.827994 82.071035 9.948199
      vertex 52.963440 82.171969 10.503212
      vertex 50.679147 81.586532 10.503212
    endloop
  endfacet
  facet normal -0.187100 0.730036 0.657299
    outer loop
      vertex 52.802595 83.639434 9.214048
      vertex 51.182251 83.224159 9.214048
      vertex 51.033469 82.739864 9.709584
    endloop
  endfacet
  facet normal -0.187100 0.730036 0.657299
    outer loop
      vertex 52.802595 83.639434 9.214048
      vertex 51.033469 82.739864 9.709584
      vertex 52.850162 83.205461 9.709584
    endloop
  endfacet
  facet normal 0.243088 -0.753792 -0.610497
    outer loop
      vertex 52.915853 82.606129 9.948199
      vertex 55.040113 83.291174 9.948199
      vertex 55.287559 82.921467 10.503212
    endloop
  endfacet
  facet normal 0.243088 -0.753792 -0.610497
    outer loop
      vertex 52.915853 82.606129 9.948199
      vertex 55.287559 82.921467 10.503212
      vertex 52.963440 82.171969 10.503212
    endloop
  endfacet
  facet normal -0.232364 0.720537 0.653325
    outer loop
      vertex 54.451189 84.171084 9.214048
      vertex 52.802595 83.639434 9.214048
      vertex 52.850162 83.205461 9.709584
    endloop
  endfacet
  facet normal -0.232364 0.720537 0.653325
    outer loop
      vertex 54.451189 84.171084 9.214048
      vertex 52.850162 83.205461 9.709584
      vertex 54.698528 83.801535 9.709584
    endloop
  endfacet
  facet normal 0.283683 -0.734890 -0.616004
    outer loop
      vertex 55.040113 83.291174 9.948199
      vertex 57.028014 84.058546 9.948199
      vertex 57.462489 83.761036 10.503212
    endloop
  endfacet
  facet normal 0.283683 -0.734890 -0.616004
    outer loop
      vertex 55.040113 83.291174 9.948199
      vertex 57.462489 83.761036 10.503212
      vertex 55.287559 82.921467 10.503212
    endloop
  endfacet
  facet normal -0.270956 0.701920 0.658704
    outer loop
      vertex 55.993957 84.766624 9.214048
      vertex 54.451189 84.171084 9.214048
      vertex 54.698528 83.801535 9.709584
    endloop
  endfacet
  facet normal -0.270956 0.701920 0.658704
    outer loop
      vertex 55.993957 84.766624 9.214048
      vertex 54.698528 83.801535 9.709584
      vertex 56.428245 84.469242 9.709584
    endloop
  endfacet
  facet normal 0.295605 -0.726204 -0.620681
    outer loop
      vertex 57.028014 84.058546 9.948199
      vertex 58.853113 84.801462 9.948199
      vertex 59.459301 84.573848 10.503212
    endloop
  endfacet
  facet normal 0.295605 -0.726204 -0.620681
    outer loop
      vertex 57.028014 84.058546 9.948199
      vertex 59.459301 84.573848 10.503212
      vertex 57.462489 83.761036 10.503212
    endloop
  endfacet
  facet normal -0.282155 0.693161 0.663262
    outer loop
      vertex 57.410379 85.343186 9.214048
      vertex 55.993957 84.766624 9.214048
      vertex 56.428245 84.469242 9.709584
    endloop
  endfacet
  facet normal -0.282155 0.693161 0.663262
    outer loop
      vertex 57.410379 85.343186 9.214048
      vertex 56.428245 84.469242 9.709584
      vertex 58.016306 85.115670 9.709584
    endloop
  endfacet
  facet normal 0.293520 -0.728268 -0.619251
    outer loop
      vertex 58.853113 84.801462 9.948199
      vertex 60.562915 85.490579 9.948199
      vertex 61.329967 85.327800 10.503212
    endloop
  endfacet
  facet normal 0.293520 -0.728268 -0.619251
    outer loop
      vertex 58.853113 84.801462 9.948199
      vertex 61.329967 85.327800 10.503212
      vertex 59.459301 84.573848 10.503212
    endloop
  endfacet
  facet normal -0.280222 0.695273 0.661869
    outer loop
      vertex 58.737320 85.877995 9.214048
      vertex 57.410379 85.343186 9.214048
      vertex 58.016306 85.115670 9.709584
    endloop
  endfacet
  facet normal -0.280222 0.695273 0.661869
    outer loop
      vertex 58.737320 85.877995 9.214048
      vertex 58.016306 85.115670 9.709584
      vertex 59.504043 85.715286 9.709584
    endloop
  endfacet
  facet normal 0.288590 -0.734448 -0.614249
    outer loop
      vertex 60.562915 85.490579 9.948199
      vertex 62.194523 86.131693 9.948199
      vertex 63.115083 86.029233 10.503212
    endloop
  endfacet
  facet normal 0.288590 -0.734448 -0.614249
    outer loop
      vertex 60.562915 85.490579 9.948199
      vertex 63.115083 86.029233 10.503212
      vertex 61.329967 85.327800 10.503212
    endloop
  endfacet
  facet normal -0.275711 0.701674 0.656991
    outer loop
      vertex 60.003577 86.375551 9.214048
      vertex 58.737320 85.877995 9.214048
      vertex 59.504043 85.715286 9.709584
    endloop
  endfacet
  facet normal -0.275711 0.701674 0.656991
    outer loop
      vertex 60.003577 86.375551 9.214048
      vertex 59.504043 85.715286 9.709584
      vertex 60.923742 86.273134 9.709584
    endloop
  endfacet
  facet normal 0.435875 0.671779 -0.598938
    outer loop
      vertex 62.194523 86.131693 9.948199
      vertex 60.657532 87.128950 9.948199
      vertex 61.433487 87.120315 10.503212
    endloop
  endfacet
  facet normal 0.435875 0.671779 -0.598938
    outer loop
      vertex 62.194523 86.131693 9.948199
      vertex 61.433487 87.120315 10.503212
      vertex 63.115083 86.029233 10.503212
    endloop
  endfacet
  facet normal -0.417321 -0.643184 0.641995
    outer loop
      vertex 58.810751 87.149501 9.214048
      vertex 60.003577 86.375551 9.214048
      vertex 60.923742 86.273134 9.709584
    endloop
  endfacet
  facet normal -0.417321 -0.643184 0.641995
    outer loop
      vertex 58.810751 87.149501 9.214048
      vertex 60.923742 86.273134 9.709584
      vertex 59.586372 87.140870 9.709584
    endloop
  endfacet
  facet normal 0.439939 0.663883 -0.604742
    outer loop
      vertex 60.657532 87.128950 9.948199
      vertex 59.047439 88.195918 9.948199
      vertex 59.671910 88.287668 10.503212
    endloop
  endfacet
  facet normal 0.439939 0.663883 -0.604742
    outer loop
      vertex 60.657532 87.128950 9.948199
      vertex 59.671910 88.287668 10.503212
      vertex 61.433487 87.120315 10.503212
    endloop
  endfacet
  facet normal -0.420871 -0.635109 0.647691
    outer loop
      vertex 57.561191 87.977553 9.214048
      vertex 58.810751 87.149501 9.214048
      vertex 59.586372 87.140870 9.709584
    endloop
  endfacet
  facet normal -0.420871 -0.635109 0.647691
    outer loop
      vertex 57.561191 87.977553 9.214048
      vertex 59.586372 87.140870 9.709584
      vertex 58.185393 88.069263 9.709584
    endloop
  endfacet
  facet normal 0.441985 0.660872 -0.606546
    outer loop
      vertex 59.047439 88.195918 9.948199
      vertex 57.322255 89.349705 9.948199
      vertex 57.784413 89.550007 10.503212
    endloop
  endfacet
  facet normal 0.441985 0.660872 -0.606546
    outer loop
      vertex 59.047439 88.195918 9.948199
      vertex 57.784413 89.550007 10.503212
      vertex 59.671910 88.287668 10.503212
    endloop
  endfacet
  facet normal -0.422721 -0.632068 0.649459
    outer loop
      vertex 56.222312 88.872983 9.214048
      vertex 57.561191 87.977553 9.214048
      vertex 58.185393 88.069263 9.709584
    endloop
  endfacet
  facet normal -0.422721 -0.632068 0.649459
    outer loop
      vertex 56.222312 88.872983 9.214048
      vertex 58.185393 88.069263 9.709584
      vertex 56.684271 89.073199 9.709584
    endloop
  endfacet
  facet normal 0.429828 0.673762 -0.601076
    outer loop
      vertex 57.322255 89.349705 9.948199
      vertex 55.417616 90.564774 9.948199
      vertex 55.700578 90.879395 10.503212
    endloop
  endfacet
  facet normal 0.429828 0.673762 -0.601076
    outer loop
      vertex 57.322255 89.349705 9.948199
      vertex 55.700578 90.879395 10.503212
      vertex 57.784413 89.550007 10.503212
    endloop
  endfacet
  facet normal -0.411410 -0.644891 0.644095
    outer loop
      vertex 54.744161 89.815973 9.214048
      vertex 56.222312 88.872983 9.214048
      vertex 56.684271 89.073199 9.709584
    endloop
  endfacet
  facet normal -0.411410 -0.644891 0.644095
    outer loop
      vertex 54.744161 89.815973 9.214048
      vertex 56.684271 89.073199 9.709584
      vertex 55.027002 90.130458 9.709584
    endloop
  endfacet
  facet normal 0.386896 0.703562 -0.596080
    outer loop
      vertex 55.417616 90.564774 9.948199
      vertex 53.357604 91.697598 9.948199
      vertex 53.446753 92.118799 10.503212
    endloop
  endfacet
  facet normal 0.386896 0.703562 -0.596080
    outer loop
      vertex 55.417616 90.564774 9.948199
      vertex 53.446753 92.118799 10.503212
      vertex 55.700578 90.879395 10.503212
    endloop
  endfacet
  facet normal -0.370575 -0.673881 0.639186
    outer loop
      vertex 53.145429 90.695133 9.214048
      vertex 54.744161 89.815973 9.214048
      vertex 55.027002 90.130458 9.709584
    endloop
  endfacet
  facet normal -0.370575 -0.673881 0.639186
    outer loop
      vertex 53.145429 90.695133 9.214048
      vertex 55.027002 90.130458 9.709584
      vertex 53.234539 91.116153 9.709584
    endloop
  endfacet
  facet normal 0.342858 0.720964 -0.602213
    outer loop
      vertex 53.357604 91.697598 9.948199
      vertex 51.346100 92.654178 9.948199
      vertex 51.245999 93.165378 10.503212
    endloop
  endfacet
  facet normal 0.342858 0.720964 -0.602213
    outer loop
      vertex 53.357604 91.697598 9.948199
      vertex 51.245999 93.165378 10.503212
      vertex 53.446753 92.118799 10.503212
    endloop
  endfacet
  facet normal -0.328114 -0.689960 0.645211
    outer loop
      vertex 51.584343 91.437515 9.214048
      vertex 53.145429 90.695133 9.214048
      vertex 53.234539 91.116153 9.709584
    endloop
  endfacet
  facet normal -0.328114 -0.689960 0.645211
    outer loop
      vertex 51.584343 91.437515 9.214048
      vertex 53.234539 91.116153 9.709584
      vertex 51.484284 91.948495 9.709584
    endloop
  endfacet
  facet normal 0.330796 0.723113 -0.606368
    outer loop
      vertex 51.346100 92.654178 9.948199
      vertex 49.485342 93.505402 9.948199
      vertex 49.210173 94.096689 10.503212
    endloop
  endfacet
  facet normal 0.330796 0.723113 -0.606368
    outer loop
      vertex 51.346100 92.654178 9.948199
      vertex 49.210173 94.096689 10.503212
      vertex 51.245999 93.165378 10.503212
    endloop
  endfacet
  facet normal -0.316386 -0.691614 0.649284
    outer loop
      vertex 50.140247 92.098132 9.214048
      vertex 51.584343 91.437515 9.214048
      vertex 51.484284 91.948495 9.709584
    endloop
  endfacet
  facet normal -0.316386 -0.691614 0.649284
    outer loop
      vertex 50.140247 92.098132 9.214048
      vertex 51.484284 91.948495 9.709584
      vertex 49.865196 92.689165 9.709584
    endloop
  endfacet
  facet normal 0.336116 0.722982 -0.603591
    outer loop
      vertex 49.485342 93.505402 9.948199
      vertex 47.752167 94.311159 9.948199
      vertex 47.313934 94.978255 10.503212
    endloop
  endfacet
  facet normal 0.336116 0.722982 -0.603591
    outer loop
      vertex 49.485342 93.505402 9.948199
      vertex 47.313934 94.978255 10.503212
      vertex 49.210173 94.096689 10.503212
    endloop
  endfacet
  facet normal -0.321600 -0.691758 0.646563
    outer loop
      vertex 48.795166 92.723464 9.214048
      vertex 50.140247 92.098132 9.214048
      vertex 49.865196 92.689165 9.709584
    endloop
  endfacet
  facet normal -0.321600 -0.691758 0.646563
    outer loop
      vertex 48.795166 92.723464 9.214048
      vertex 49.865196 92.689165 9.709584
      vertex 48.357122 93.390272 9.709584
    endloop
  endfacet
  facet normal -0.723483 0.093757 -0.683946
    outer loop
      vertex 47.752167 94.311159 9.948199
      vertex 47.557800 92.811314 9.948199
      vertex 47.101281 93.337298 10.503212
    endloop
  endfacet
  facet normal -0.723483 0.093757 -0.683946
    outer loop
      vertex 47.752167 94.311159 9.948199
      vertex 47.101281 93.337298 10.503212
      vertex 47.313934 94.978255 10.503212
    endloop
  endfacet
  facet normal 0.684078 -0.088651 0.724002
    outer loop
      vertex 48.644322 91.559465 9.214048
      vertex 48.795166 92.723464 9.214048
      vertex 48.357122 93.390272 9.709584
    endloop
  endfacet
  facet normal 0.684078 -0.088651 0.724002
    outer loop
      vertex 48.644322 91.559465 9.214048
      vertex 48.357122 93.390272 9.709584
      vertex 48.187999 92.085223 9.709584
    endloop
  endfacet
  facet normal -0.724161 0.092582 -0.683389
    outer loop
      vertex 47.557800 92.811314 9.948199
      vertex 47.356280 91.235053 9.948199
      vertex 46.880801 91.612737 10.503212
    endloop
  endfacet
  facet normal -0.724161 0.092582 -0.683389
    outer loop
      vertex 47.557800 92.811314 9.948199
      vertex 46.880801 91.612737 10.503212
      vertex 47.101281 93.337298 10.503212
    endloop
  endfacet
  facet normal 0.684777 -0.087547 0.723475
    outer loop
      vertex 48.487927 90.336162 9.214048
      vertex 48.644322 91.559465 9.214048
      vertex 48.187999 92.085223 9.709584
    endloop
  endfacet
  facet normal 0.684777 -0.087547 0.723475
    outer loop
      vertex 48.487927 90.336162 9.214048
      vertex 48.187999 92.085223 9.709584
      vertex 48.012652 90.713683 9.709584
    endloop
  endfacet
  facet normal -0.728342 0.082648 -0.680211
    outer loop
      vertex 47.356280 91.235053 9.948199
      vertex 47.167357 89.570149 9.948199
      vertex 46.674103 89.791191 10.503212
    endloop
  endfacet
  facet normal -0.728342 0.082648 -0.680211
    outer loop
      vertex 47.356280 91.235053 9.948199
      vertex 46.674103 89.791191 10.503212
      vertex 46.880801 91.612737 10.503212
    endloop
  endfacet
  facet normal 0.689070 -0.078191 0.720465
    outer loop
      vertex 48.341307 89.044064 9.214048
      vertex 48.487927 90.336162 9.214048
      vertex 48.012652 90.713683 9.709584
    endloop
  endfacet
  facet normal 0.689070 -0.078191 0.720465
    outer loop
      vertex 48.341307 89.044064 9.214048
      vertex 48.012652 90.713683 9.709584
      vertex 47.848266 89.265012 9.709584
    endloop
  endfacet
  facet normal -0.734409 0.058901 -0.676146
    outer loop
      vertex 47.167357 89.570149 9.948199
      vertex 47.027714 87.829017 9.948199
      vertex 46.521322 87.886248 10.503212
    endloop
  endfacet
  facet normal -0.734409 0.058901 -0.676146
    outer loop
      vertex 47.167357 89.570149 9.948199
      vertex 46.521322 87.886248 10.503212
      vertex 46.674103 89.791191 10.503212
    endloop
  endfacet
  facet normal 0.695245 -0.055760 0.716607
    outer loop
      vertex 48.232934 87.692809 9.214048
      vertex 48.341307 89.044064 9.214048
      vertex 47.848266 89.265012 9.709584
    endloop
  endfacet
  facet normal 0.695245 -0.055760 0.716607
    outer loop
      vertex 48.232934 87.692809 9.214048
      vertex 47.848266 89.265012 9.709584
      vertex 47.726759 87.750014 9.709584
    endloop
  endfacet
  facet normal -0.737207 0.025017 -0.675204
    outer loop
      vertex 47.027714 87.829017 9.948199
      vertex 46.967994 86.069150 9.948199
      vertex 46.455984 85.960805 10.503212
    endloop
  endfacet
  facet normal -0.737207 0.025017 -0.675204
    outer loop
      vertex 47.027714 87.829017 9.948199
      vertex 46.455984 85.960805 10.503212
      vertex 46.521322 87.886248 10.503212
    endloop
  endfacet
  facet normal 0.697994 -0.023686 0.715712
    outer loop
      vertex 48.186586 86.327013 9.214048
      vertex 48.232934 87.692809 9.214048
      vertex 47.726759 87.750014 9.709584
    endloop
  endfacet
  facet normal 0.697994 -0.023686 0.715712
    outer loop
      vertex 48.186586 86.327013 9.214048
      vertex 47.726759 87.750014 9.709584
      vertex 47.674796 86.218714 9.709584
    endloop
  endfacet
  facet normal -0.734583 -0.004293 -0.678505
    outer loop
      vertex 46.967994 86.069150 9.948199
      vertex 46.977972 84.361866 9.948199
      vertex 46.466900 84.092893 10.503212
    endloop
  endfacet
  facet normal -0.734583 -0.004293 -0.678505
    outer loop
      vertex 46.967994 86.069150 9.948199
      vertex 46.466900 84.092893 10.503212
      vertex 46.455984 85.960805 10.503212
    endloop
  endfacet
  facet normal 0.695157 0.004062 0.718847
    outer loop
      vertex 48.194329 85.002025 9.214048
      vertex 48.186586 86.327013 9.214048
      vertex 47.674796 86.218714 9.709584
    endloop
  endfacet
  facet normal 0.695157 0.004062 0.718847
    outer loop
      vertex 48.194329 85.002025 9.214048
      vertex 47.674796 86.218714 9.709584
      vertex 47.683477 84.733168 9.709584
    endloop
  endfacet
  facet normal -0.730716 -0.019672 -0.682398
    outer loop
      vertex 46.977972 84.361866 9.948199
      vertex 47.021632 82.740108 9.948199
      vertex 46.514668 82.318554 10.503212
    endloop
  endfacet
  facet normal -0.730716 -0.019672 -0.682398
    outer loop
      vertex 46.977972 84.361866 9.948199
      vertex 46.514668 82.318554 10.503212
      vertex 46.466900 84.092893 10.503212
    endloop
  endfacet
  facet normal 0.691082 0.018605 0.722537
    outer loop
      vertex 48.228213 83.743412 9.214048
      vertex 48.194329 85.002025 9.214048
      vertex 47.683477 84.733168 9.709584
    endloop
  endfacet
  facet normal 0.691082 0.018605 0.722537
    outer loop
      vertex 48.228213 83.743412 9.214048
      vertex 47.683477 84.733168 9.709584
      vertex 47.721467 83.322040 9.709584
    endloop
  endfacet
  facet normal -0.729101 -0.023719 -0.683995
    outer loop
      vertex 47.021632 82.740108 9.948199
      vertex 47.071718 81.200489 9.948199
      vertex 46.569466 80.634081 10.503212
    endloop
  endfacet
  facet normal -0.729101 -0.023719 -0.683995
    outer loop
      vertex 47.021632 82.740108 9.948199
      vertex 46.569466 80.634081 10.503212
      vertex 46.514668 82.318554 10.503212
    endloop
  endfacet
  facet normal 0.689384 0.022427 0.724049
    outer loop
      vertex 48.267084 82.548546 9.214048
      vertex 48.228213 83.743412 9.214048
      vertex 47.721467 83.322040 9.709584
    endloop
  endfacet
  facet normal 0.689384 0.022427 0.724049
    outer loop
      vertex 48.267084 82.548546 9.214048
      vertex 47.721467 83.322040 9.709584
      vertex 47.765048 81.982382 9.709584
    endloop
  endfacet
  facet normal 0.177778 -0.764474 -0.619657
    outer loop
      vertex 46.569466 80.634081 10.503212
      vertex 48.552663 81.095273 10.503212
      vertex 48.226984 80.578103 11.047811
    endloop
  endfacet
  facet normal 0.177778 -0.764474 -0.619657
    outer loop
      vertex 46.569466 80.634081 10.503212
      vertex 48.226984 80.578103 11.047811
      vertex 46.076347 80.077973 11.047811
    endloop
  endfacet
  facet normal -0.170549 0.733387 0.658071
    outer loop
      vertex 49.342280 82.349167 9.709584
      vertex 47.765048 81.982382 9.709584
      vertex 47.271433 81.425714 10.202035
    endloop
  endfacet
  facet normal -0.170549 0.733387 0.658071
    outer loop
      vertex 49.342280 82.349167 9.709584
      vertex 47.271433 81.425714 10.202035
      vertex 49.016274 81.831476 10.202035
    endloop
  endfacet
  facet normal 0.176568 -0.764301 -0.620216
    outer loop
      vertex 48.552663 81.095273 10.503212
      vertex 50.679147 81.586532 10.503212
      vertex 50.533007 81.110839 11.047811
    endloop
  endfacet
  facet normal 0.176568 -0.764301 -0.620216
    outer loop
      vertex 48.552663 81.095273 10.503212
      vertex 50.533007 81.110839 11.047811
      vertex 48.226984 80.578103 11.047811
    endloop
  endfacet
  facet normal -0.169376 0.733168 0.658617
    outer loop
      vertex 51.033469 82.739864 9.709584
      vertex 49.342280 82.349167 9.709584
      vertex 49.016274 81.831476 10.202035
    endloop
  endfacet
  facet normal -0.169376 0.733168 0.658617
    outer loop
      vertex 51.033469 82.739864 9.709584
      vertex 49.016274 81.831476 10.202035
      vertex 50.887181 82.263692 10.202035
    endloop
  endfacet
  facet normal 0.195804 -0.763999 -0.614790
    outer loop
      vertex 50.679147 81.586532 10.503212
      vertex 52.963440 82.171969 10.503212
      vertex 53.010162 81.745704 11.047811
    endloop
  endfacet
  facet normal 0.195804 -0.763999 -0.614790
    outer loop
      vertex 50.679147 81.586532 10.503212
      vertex 53.010162 81.745704 11.047811
      vertex 50.533007 81.110839 11.047811
    endloop
  endfacet
  facet normal -0.187959 0.733388 0.653310
    outer loop
      vertex 52.850162 83.205461 9.709584
      vertex 51.033469 82.739864 9.709584
      vertex 50.887181 82.263692 10.202035
    endloop
  endfacet
  facet normal -0.187959 0.733388 0.653310
    outer loop
      vertex 52.850162 83.205461 9.709584
      vertex 50.887181 82.263692 10.202035
      vertex 52.896931 82.778767 10.202035
    endloop
  endfacet
  facet normal 0.243034 -0.753626 -0.610723
    outer loop
      vertex 52.963440 82.171969 10.503212
      vertex 55.287559 82.921467 10.503212
      vertex 55.530505 82.558482 11.047811
    endloop
  endfacet
  facet normal 0.243034 -0.753626 -0.610723
    outer loop
      vertex 52.963440 82.171969 10.503212
      vertex 55.530505 82.558482 11.047811
      vertex 53.010162 81.745704 11.047811
    endloop
  endfacet
  facet normal -0.233418 0.723806 0.649324
    outer loop
      vertex 54.698528 83.801535 9.709584
      vertex 52.850162 83.205461 9.709584
      vertex 52.896931 82.778767 10.202035
    endloop
  endfacet
  facet normal -0.233418 0.723806 0.649324
    outer loop
      vertex 54.698528 83.801535 9.709584
      vertex 52.896931 82.778767 10.202035
      vertex 54.941719 83.438185 10.202035
    endloop
  endfacet
  facet normal 0.283619 -0.734725 -0.616230
    outer loop
      vertex 55.287559 82.921467 10.503212
      vertex 57.462489 83.761036 10.503212
      vertex 57.889064 83.468935 11.047811
    endloop
  endfacet
  facet normal 0.283619 -0.734725 -0.616230
    outer loop
      vertex 55.287559 82.921467 10.503212
      vertex 57.889064 83.468935 11.047811
      vertex 55.530505 82.558482 11.047811
    endloop
  endfacet
  facet normal -0.272206 0.705157 0.654719
    outer loop
      vertex 56.428245 84.469242 9.709584
      vertex 54.698528 83.801535 9.709584
      vertex 54.941719 83.438185 10.202035
    endloop
  endfacet
  facet normal -0.272206 0.705157 0.654719
    outer loop
      vertex 56.428245 84.469242 9.709584
      vertex 54.941719 83.438185 10.202035
      vertex 56.855249 84.176848 10.202035
    endloop
  endfacet
  facet normal 0.295538 -0.726039 -0.620907
    outer loop
      vertex 57.462489 83.761036 10.503212
      vertex 59.459301 84.573848 10.503212
      vertex 60.054466 84.350373 11.047811
    endloop
  endfacet
  facet normal 0.295538 -0.726039 -0.620907
    outer loop
      vertex 57.462489 83.761036 10.503212
      vertex 60.054466 84.350373 11.047811
      vertex 57.889064 83.468935 11.047811
    endloop
  endfacet
  facet normal -0.283474 0.696402 0.659292
    outer loop
      vertex 58.016306 85.115670 9.709584
      vertex 56.428245 84.469242 9.709584
      vertex 56.855249 84.176848 10.202035
    endloop
  endfacet
  facet normal -0.283474 0.696402 0.659292
    outer loop
      vertex 58.016306 85.115670 9.709584
      vertex 56.855249 84.176848 10.202035
      vertex 58.612069 84.891970 10.202035
    endloop
  endfacet
  facet normal 0.293454 -0.728103 -0.619476
    outer loop
      vertex 59.459301 84.573848 10.503212
      vertex 61.329967 85.327800 10.503212
      vertex 62.083072 85.167980 11.047811
    endloop
  endfacet
  facet normal 0.293454 -0.728103 -0.619476
    outer loop
      vertex 59.459301 84.573848 10.503212
      vertex 62.083072 85.167980 11.047811
      vertex 60.054466 84.350373 11.047811
    endloop
  endfacet
  facet normal -0.281527 0.698511 0.657894
    outer loop
      vertex 59.504043 85.715286 9.709584
      vertex 58.016306 85.115670 9.709584
      vertex 58.612069 84.891970 10.202035
    endloop
  endfacet
  facet normal -0.281527 0.698511 0.657894
    outer loop
      vertex 59.504043 85.715286 9.709584
      vertex 58.612069 84.891970 10.202035
      vertex 60.257905 85.555306 10.202035
    endloop
  endfacet
  facet normal 0.288525 -0.734284 -0.614475
    outer loop
      vertex 61.329967 85.327800 10.503212
      vertex 63.115083 86.029233 10.503212
      vertex 64.018905 85.928635 11.047811
    endloop
  endfacet
  facet normal 0.288525 -0.734284 -0.614475
    outer loop
      vertex 61.329967 85.327800 10.503212
      vertex 64.018905 85.928635 11.047811
      vertex 62.083072 85.167980 11.047811
    endloop
  endfacet
  facet normal -0.276976 0.704893 0.653001
    outer loop
      vertex 60.923742 86.273134 9.709584
      vertex 59.504043 85.715286 9.709584
      vertex 60.257905 85.555306 10.202035
    endloop
  endfacet
  facet normal -0.276976 0.704893 0.653001
    outer loop
      vertex 60.923742 86.273134 9.709584
      vertex 60.257905 85.555306 10.202035
      vertex 61.828472 86.172436 10.202035
    endloop
  endfacet
  facet normal 0.435782 0.671636 -0.599165
    outer loop
      vertex 63.115083 86.029233 10.503212
      vertex 61.433487 87.120315 10.503212
      vertex 62.195332 87.111837 11.047811
    endloop
  endfacet
  facet normal 0.435782 0.671636 -0.599165
    outer loop
      vertex 63.115083 86.029233 10.503212
      vertex 62.195332 87.111837 11.047811
      vertex 64.018905 85.928635 11.047811
    endloop
  endfacet
  facet normal -0.419149 -0.646001 0.637963
    outer loop
      vertex 59.586372 87.140870 9.709584
      vertex 60.923742 86.273134 9.709584
      vertex 61.828472 86.172436 10.202035
    endloop
  endfacet
  facet normal -0.419149 -0.646001 0.637963
    outer loop
      vertex 59.586372 87.140870 9.709584
      vertex 61.828472 86.172436 10.202035
      vertex 60.348983 87.132383 10.202035
    endloop
  endfacet
  facet normal 0.439844 0.663740 -0.604969
    outer loop
      vertex 61.433487 87.120315 10.503212
      vertex 59.671910 88.287668 10.503212
      vertex 60.285025 88.377749 11.047811
    endloop
  endfacet
  facet normal 0.439844 0.663740 -0.604969
    outer loop
      vertex 61.433487 87.120315 10.503212
      vertex 60.285025 88.377749 11.047811
      vertex 62.195332 87.111837 11.047811
    endloop
  endfacet
  facet normal -0.422747 -0.637940 0.643675
    outer loop
      vertex 58.185393 88.069263 9.709584
      vertex 59.586372 87.140870 9.709584
      vertex 60.348983 87.132383 10.202035
    endloop
  endfacet
  facet normal -0.422747 -0.637940 0.643675
    outer loop
      vertex 58.185393 88.069263 9.709584
      vertex 60.348983 87.132383 10.202035
      vertex 58.799125 88.159435 10.202035
    endloop
  endfacet
  facet normal 0.441888 0.660728 -0.606773
    outer loop
      vertex 59.671910 88.287668 10.503212
      vertex 57.784413 89.550007 10.503212
      vertex 58.238168 89.746668 11.047811
    endloop
  endfacet
  facet normal 0.441888 0.660728 -0.606773
    outer loop
      vertex 59.671910 88.287668 10.503212
      vertex 58.238168 89.746668 11.047811
      vertex 60.285025 88.377749 11.047811
    endloop
  endfacet
  facet normal -0.424616 -0.634901 0.645447
    outer loop
      vertex 56.684271 89.073199 9.709584
      vertex 58.185393 88.069263 9.709584
      vertex 58.799125 88.159435 10.202035
    endloop
  endfacet
  facet normal -0.424616 -0.634901 0.645447
    outer loop
      vertex 56.684271 89.073199 9.709584
      vertex 58.799125 88.159435 10.202035
      vertex 57.138483 89.270057 10.202035
    endloop
  endfacet
  facet normal 0.429737 0.673618 -0.601303
    outer loop
      vertex 57.784413 89.550007 10.503212
      vertex 55.700578 90.879395 10.503212
      vertex 55.978396 91.188295 11.047811
    endloop
  endfacet
  facet normal 0.429737 0.673618 -0.601303
    outer loop
      vertex 57.784413 89.550007 10.503212
      vertex 55.978396 91.188295 11.047811
      vertex 58.238168 89.746668 11.047811
    endloop
  endfacet
  facet normal -0.413223 -0.647734 0.640069
    outer loop
      vertex 55.027002 90.130458 9.709584
      vertex 56.684271 89.073199 9.709584
      vertex 57.138483 89.270057 10.202035
    endloop
  endfacet
  facet normal -0.413223 -0.647734 0.640069
    outer loop
      vertex 55.027002 90.130458 9.709584
      vertex 57.138483 89.270057 10.202035
      vertex 55.305099 90.439669 10.202035
    endloop
  endfacet
  facet normal 0.386815 0.703414 -0.596308
    outer loop
      vertex 55.700578 90.879395 10.503212
      vertex 53.446753 92.118799 10.503212
      vertex 53.534281 92.532341 11.047811
    endloop
  endfacet
  facet normal 0.386815 0.703414 -0.596308
    outer loop
      vertex 55.700578 90.879395 10.503212
      vertex 53.534281 92.532341 11.047811
      vertex 55.978396 91.188295 11.047811
    endloop
  endfacet
  facet normal -0.372183 -0.676807 0.635148
    outer loop
      vertex 53.234539 91.116153 9.709584
      vertex 55.027002 90.130458 9.709584
      vertex 55.305099 90.439669 10.202035
    endloop
  endfacet
  facet normal -0.372183 -0.676807 0.635148
    outer loop
      vertex 53.234539 91.116153 9.709584
      vertex 55.305099 90.439669 10.202035
      vertex 53.322155 91.530111 10.202035
    endloop
  endfacet
  facet normal 0.342784 0.720809 -0.602440
    outer loop
      vertex 53.446753 92.118799 10.503212
      vertex 51.245999 93.165378 10.503212
      vertex 51.147717 93.667282 11.047811
    endloop
  endfacet
  facet normal 0.342784 0.720809 -0.602440
    outer loop
      vertex 53.446753 92.118799 10.503212
      vertex 51.147717 93.667282 11.047811
      vertex 53.534281 92.532341 11.047811
    endloop
  endfacet
  facet normal -0.329565 -0.693012 0.641187
    outer loop
      vertex 51.484284 91.948495 9.709584
      vertex 53.234539 91.116153 9.709584
      vertex 53.322155 91.530111 10.202035
    endloop
  endfacet
  facet normal -0.329565 -0.693012 0.641187
    outer loop
      vertex 51.484284 91.948495 9.709584
      vertex 53.322155 91.530111 10.202035
      vertex 51.385904 92.450904 10.202035
    endloop
  endfacet
  facet normal 0.330724 0.722956 -0.606594
    outer loop
      vertex 51.245999 93.165378 10.503212
      vertex 49.210173 94.096689 10.503212
      vertex 48.940007 94.677224 11.047811
    endloop
  endfacet
  facet normal 0.330724 0.722956 -0.606594
    outer loop
      vertex 51.245999 93.165378 10.503212
      vertex 48.940007 94.677224 11.047811
      vertex 51.147717 93.667282 11.047811
    endloop
  endfacet
  facet normal -0.317804 -0.694712 0.645272
    outer loop
      vertex 49.865196 92.689165 9.709584
      vertex 51.484284 91.948495 9.709584
      vertex 51.385904 92.450904 10.202035
    endloop
  endfacet
  facet normal -0.317804 -0.694712 0.645272
    outer loop
      vertex 49.865196 92.689165 9.709584
      vertex 51.385904 92.450904 10.202035
      vertex 49.594759 93.270284 10.202035
    endloop
  endfacet
  facet normal 0.336044 0.722827 -0.603818
    outer loop
      vertex 49.210173 94.096689 10.503212
      vertex 47.313934 94.978255 10.503212
      vertex 46.883670 95.633220 11.047811
    endloop
  endfacet
  facet normal 0.336044 0.722827 -0.603818
    outer loop
      vertex 49.210173 94.096689 10.503212
      vertex 46.883670 95.633220 11.047811
      vertex 48.940007 94.677224 11.047811
    endloop
  endfacet
  facet normal -0.323029 -0.694831 0.642543
    outer loop
      vertex 48.357122 93.390272 9.709584
      vertex 49.865196 92.689165 9.709584
      vertex 49.594759 93.270284 10.202035
    endloop
  endfacet
  facet normal -0.323029 -0.694831 0.642543
    outer loop
      vertex 48.357122 93.390272 9.709584
      vertex 49.594759 93.270284 10.202035
      vertex 47.926425 94.045896 10.202035
    endloop
  endfacet
  facet normal -0.723283 0.093731 -0.684161
    outer loop
      vertex 47.313934 94.978255 10.503212
      vertex 47.101281 93.337298 10.503212
      vertex 46.653062 93.853718 11.047811
    endloop
  endfacet
  facet normal -0.723283 0.093731 -0.684161
    outer loop
      vertex 47.313934 94.978255 10.503212
      vertex 46.653062 93.853718 11.047811
      vertex 46.883670 95.633220 11.047811
    endloop
  endfacet
  facet normal 0.687895 -0.089145 0.720315
    outer loop
      vertex 48.187999 92.085223 9.709584
      vertex 48.357122 93.390272 9.709584
      vertex 47.926425 94.045896 10.202035
    endloop
  endfacet
  facet normal 0.687895 -0.089145 0.720315
    outer loop
      vertex 48.187999 92.085223 9.709584
      vertex 47.926425 94.045896 10.202035
      vertex 47.739330 92.602162 10.202035
    endloop
  endfacet
  facet normal -0.723961 0.092556 -0.683604
    outer loop
      vertex 47.101281 93.337298 10.503212
      vertex 46.880801 91.612737 10.503212
      vertex 46.413967 91.983553 11.047811
    endloop
  endfacet
  facet normal -0.723961 0.092556 -0.683604
    outer loop
      vertex 47.101281 93.337298 10.503212
      vertex 46.413967 91.983553 11.047811
      vertex 46.653062 93.853718 11.047811
    endloop
  endfacet
  facet normal 0.688592 -0.088034 0.719785
    outer loop
      vertex 48.012652 90.713683 9.709584
      vertex 48.187999 92.085223 9.709584
      vertex 47.739330 92.602162 10.202035
    endloop
  endfacet
  facet normal 0.688592 -0.088034 0.719785
    outer loop
      vertex 48.012652 90.713683 9.709584
      vertex 47.739330 92.602162 10.202035
      vertex 47.545349 91.084872 10.202035
    endloop
  endfacet
  facet normal -0.728143 0.082625 -0.680427
    outer loop
      vertex 46.880801 91.612737 10.503212
      vertex 46.674103 89.791191 10.503212
      vertex 46.189818 90.008215 11.047811
    endloop
  endfacet
  facet normal -0.728143 0.082625 -0.680427
    outer loop
      vertex 46.880801 91.612737 10.503212
      vertex 46.189818 90.008215 11.047811
      vertex 46.413967 91.983553 11.047811
    endloop
  endfacet
  facet normal 0.692877 -0.078623 0.716757
    outer loop
      vertex 47.848266 89.265012 9.709584
      vertex 48.012652 90.713683 9.709584
      vertex 47.545349 91.084872 10.202035
    endloop
  endfacet
  facet normal 0.692877 -0.078623 0.716757
    outer loop
      vertex 47.848266 89.265012 9.709584
      vertex 47.545349 91.084872 10.202035
      vertex 47.363494 89.482253 10.202035
    endloop
  endfacet
  facet normal -0.734211 0.058885 -0.676363
    outer loop
      vertex 46.674103 89.791191 10.503212
      vertex 46.521322 87.886248 10.503212
      vertex 46.024138 87.942437 11.047811
    endloop
  endfacet
  facet normal -0.734211 0.058885 -0.676363
    outer loop
      vertex 46.674103 89.791191 10.503212
      vertex 46.024138 87.942437 11.047811
      vertex 46.189818 90.008215 11.047811
    endloop
  endfacet
  facet normal 0.699044 -0.056065 0.712877
    outer loop
      vertex 47.726759 87.750014 9.709584
      vertex 47.848266 89.265012 9.709584
      vertex 47.363494 89.482253 10.202035
    endloop
  endfacet
  facet normal 0.699044 -0.056065 0.712877
    outer loop
      vertex 47.726759 87.750014 9.709584
      vertex 47.363494 89.482253 10.202035
      vertex 47.229075 87.806260 10.202035
    endloop
  endfacet
  facet normal -0.737008 0.025010 -0.675421
    outer loop
      vertex 46.521322 87.886248 10.503212
      vertex 46.455984 85.960805 10.503212
      vertex 45.953283 85.854431 11.047811
    endloop
  endfacet
  facet normal -0.737008 0.025010 -0.675421
    outer loop
      vertex 46.521322 87.886248 10.503212
      vertex 45.953283 85.854431 11.047811
      vertex 46.024138 87.942437 11.047811
    endloop
  endfacet
  facet normal 0.701799 -0.023815 0.711977
    outer loop
      vertex 47.674796 86.218714 9.709584
      vertex 47.726759 87.750014 9.709584
      vertex 47.229075 87.806260 10.202035
    endloop
  endfacet
  facet normal 0.701799 -0.023815 0.711977
    outer loop
      vertex 47.674796 86.218714 9.709584
      vertex 47.229075 87.806260 10.202035
      vertex 47.171590 86.112232 10.202035
    endloop
  endfacet
  facet normal -0.734383 -0.004292 -0.678722
    outer loop
      vertex 46.455984 85.960805 10.503212
      vertex 46.466900 84.092893 10.503212
      vertex 45.965121 83.828811 11.047811
    endloop
  endfacet
  facet normal -0.734383 -0.004292 -0.678722
    outer loop
      vertex 46.455984 85.960805 10.503212
      vertex 45.965121 83.828811 11.047811
      vertex 45.953283 85.854431 11.047811
    endloop
  endfacet
  facet normal 0.698980 0.004085 0.715130
    outer loop
      vertex 47.683477 84.733168 9.709584
      vertex 47.674796 86.218714 9.709584
      vertex 47.171590 86.112232 10.202035
    endloop
  endfacet
  facet normal 0.698980 0.004085 0.715130
    outer loop
      vertex 47.683477 84.733168 9.709584
      vertex 47.171590 86.112232 10.202035
      vertex 47.181194 84.468820 10.202035
    endloop
  endfacet
  facet normal -0.730515 -0.019667 -0.682613
    outer loop
      vertex 46.466900 84.092893 10.503212
      vertex 46.514668 82.318554 10.503212
      vertex 46.016922 81.904665 11.047811
    endloop
  endfacet
  facet normal -0.730515 -0.019667 -0.682613
    outer loop
      vertex 46.466900 84.092893 10.503212
      vertex 46.016922 81.904665 11.047811
      vertex 45.965121 83.828811 11.047811
    endloop
  endfacet
  facet normal 0.694923 0.018708 0.718841
    outer loop
      vertex 47.721467 83.322040 9.709584
      vertex 47.683477 84.733168 9.709584
      vertex 47.181194 84.468820 10.202035
    endloop
  endfacet
  facet normal 0.694923 0.018708 0.718841
    outer loop
      vertex 47.721467 83.322040 9.709584
      vertex 47.181194 84.468820 10.202035
      vertex 47.223221 82.907734 10.202035
    endloop
  endfacet
  facet normal -0.728899 -0.023712 -0.684211
    outer loop
      vertex 46.514668 82.318554 10.503212
      vertex 46.569466 80.634081 10.503212
      vertex 46.076347 80.077973 11.047811
    endloop
  endfacet
  facet normal -0.728899 -0.023712 -0.684211
    outer loop
      vertex 46.514668 82.318554 10.503212
      vertex 46.076347 80.077973 11.047811
      vertex 46.016922 81.904665 11.047811
    endloop
  endfacet
  facet normal 0.693231 0.022552 0.720363
    outer loop
      vertex 47.765048 81.982382 9.709584
      vertex 47.721467 83.322040 9.709584
      vertex 47.223221 82.907734 10.202035
    endloop
  endfacet
  facet normal 0.693231 0.022552 0.720363
    outer loop
      vertex 47.765048 81.982382 9.709584
      vertex 47.223221 82.907734 10.202035
      vertex 47.271433 81.425714 10.202035
    endloop
  endfacet
  facet normal 0.182495 -0.784756 -0.592329
    outer loop
      vertex 46.076347 80.077973 11.047811
      vertex 48.226984 80.578103 11.047811
      vertex 47.930744 80.107680 11.579788
    endloop
  endfacet
  facet normal 0.182495 -0.784756 -0.592329
    outer loop
      vertex 46.076347 80.077973 11.047811
      vertex 47.930744 80.107680 11.579788
      vertex 45.627801 79.572131 11.579788
    endloop
  endfacet
  facet normal -0.176918 0.760776 0.624435
    outer loop
      vertex 49.016274 81.831476 10.202035
      vertex 47.271433 81.425714 10.202035
      vertex 46.823339 80.920383 10.690745
    endloop
  endfacet
  facet normal -0.176918 0.760776 0.624435
    outer loop
      vertex 49.016274 81.831476 10.202035
      vertex 46.823339 80.920383 10.690745
      vertex 48.720333 81.361528 10.690745
    endloop
  endfacet
  facet normal 0.181262 -0.784617 -0.592892
    outer loop
      vertex 48.226984 80.578103 11.047811
      vertex 50.533007 81.110839 11.047811
      vertex 50.400076 80.678144 11.579788
    endloop
  endfacet
  facet normal 0.181262 -0.784617 -0.592892
    outer loop
      vertex 48.226984 80.578103 11.047811
      vertex 50.400076 80.678144 11.579788
      vertex 47.930744 80.107680 11.579788
    endloop
  endfacet
  facet normal -0.175713 0.760597 0.624993
    outer loop
      vertex 50.887181 82.263692 10.202035
      vertex 49.016274 81.831476 10.202035
      vertex 48.720333 81.361528 10.690745
    endloop
  endfacet
  facet normal -0.175713 0.760597 0.624993
    outer loop
      vertex 50.887181 82.263692 10.202035
      vertex 48.720333 81.361528 10.690745
      vertex 50.754385 81.831434 10.690745
    endloop
  endfacet
  facet normal 0.200914 -0.783939 -0.587430
    outer loop
      vertex 50.533007 81.110839 11.047811
      vertex 53.010162 81.745704 11.047811
      vertex 53.052660 81.357970 11.579788
    endloop
  endfacet
  facet normal 0.200914 -0.783939 -0.587430
    outer loop
      vertex 50.533007 81.110839 11.047811
      vertex 53.052660 81.357970 11.579788
      vertex 50.400076 80.678144 11.579788
    endloop
  endfacet
  facet normal -0.194871 0.760361 0.619578
    outer loop
      vertex 52.896931 82.778767 10.202035
      vertex 50.887181 82.263692 10.202035
      vertex 50.754385 81.831434 10.690745
    endloop
  endfacet
  facet normal -0.194871 0.760361 0.619578
    outer loop
      vertex 52.896931 82.778767 10.202035
      vertex 50.754385 81.831434 10.690745
      vertex 52.939386 82.391424 10.690745
    endloop
  endfacet
  facet normal 0.249291 -0.773026 -0.583340
    outer loop
      vertex 53.010162 81.745704 11.047811
      vertex 55.530505 82.558482 11.047811
      vertex 55.751491 82.228307 11.579788
    endloop
  endfacet
  facet normal 0.249291 -0.773026 -0.583340
    outer loop
      vertex 53.010162 81.745704 11.047811
      vertex 55.751491 82.228307 11.579788
      vertex 53.052660 81.357970 11.579788
    endloop
  endfacet
  facet normal -0.241892 0.750084 0.615518
    outer loop
      vertex 54.941719 83.438185 10.202035
      vertex 52.896931 82.778767 10.202035
      vertex 52.939386 82.391424 10.690745
    endloop
  endfacet
  facet normal -0.241892 0.750084 0.615518
    outer loop
      vertex 54.941719 83.438185 10.202035
      vertex 52.939386 82.391424 10.690745
      vertex 55.162482 83.108343 10.690745
    endloop
  endfacet
  facet normal 0.291058 -0.753994 -0.588879
    outer loop
      vertex 55.530505 82.558482 11.047811
      vertex 57.889064 83.468935 11.047811
      vertex 58.277080 83.203237 11.579788
    endloop
  endfacet
  facet normal 0.291058 -0.753994 -0.588879
    outer loop
      vertex 55.530505 82.558482 11.047811
      vertex 58.277080 83.203237 11.579788
      vertex 55.751491 82.228307 11.579788
    endloop
  endfacet
  facet normal -0.282262 0.731210 0.621015
    outer loop
      vertex 56.855249 84.176848 10.202035
      vertex 54.941719 83.438185 10.202035
      vertex 55.162482 83.108343 10.690745
    endloop
  endfacet
  facet normal -0.282262 0.731210 0.621015
    outer loop
      vertex 56.855249 84.176848 10.202035
      vertex 55.162482 83.108343 10.690745
      vertex 57.242874 83.911418 10.690745
    endloop
  endfacet
  facet normal 0.303412 -0.745382 -0.593588
    outer loop
      vertex 57.889064 83.468935 11.047811
      vertex 60.054466 84.350373 11.047811
      vertex 60.595833 84.147098 11.579788
    endloop
  endfacet
  facet normal 0.303412 -0.745382 -0.593588
    outer loop
      vertex 57.889064 83.468935 11.047811
      vertex 60.595833 84.147098 11.579788
      vertex 58.277080 83.203237 11.579788
    endloop
  endfacet
  facet normal -0.294103 0.722513 0.625683
    outer loop
      vertex 58.612069 84.891970 10.202035
      vertex 56.855249 84.176848 10.202035
      vertex 57.242874 83.911418 10.690745
    endloop
  endfacet
  facet normal -0.294103 0.722513 0.625683
    outer loop
      vertex 58.612069 84.891970 10.202035
      vertex 57.242874 83.911418 10.690745
      vertex 59.152891 84.688900 10.690745
    endloop
  endfacet
  facet normal 0.301235 -0.747409 -0.592147
    outer loop
      vertex 60.054466 84.350373 11.047811
      vertex 62.083072 85.167980 11.047811
      vertex 62.768103 85.022607 11.579788
    endloop
  endfacet
  facet normal 0.301235 -0.747409 -0.592147
    outer loop
      vertex 60.054466 84.350373 11.047811
      vertex 62.768103 85.022607 11.579788
      vertex 60.595833 84.147098 11.579788
    endloop
  endfacet
  facet normal -0.292035 0.724583 0.624255
    outer loop
      vertex 60.257905 85.555306 10.202035
      vertex 58.612069 84.891970 10.202035
      vertex 59.152891 84.688900 10.690745
    endloop
  endfacet
  facet normal -0.292035 0.724583 0.624255
    outer loop
      vertex 60.257905 85.555306 10.202035
      vertex 59.152891 84.688900 10.690745
      vertex 60.942245 85.410079 10.690745
    endloop
  endfacet
  facet normal 0.296048 -0.753428 -0.587113
    outer loop
      vertex 62.083072 85.167980 11.047811
      vertex 64.018905 85.928635 11.047811
      vertex 64.841030 85.837131 11.579788
    endloop
  endfacet
  facet normal 0.296048 -0.753428 -0.587113
    outer loop
      vertex 62.083072 85.167980 11.047811
      vertex 64.841030 85.837131 11.579788
      vertex 62.768103 85.022607 11.579788
    endloop
  endfacet
  facet normal -0.287153 0.730791 0.619263
    outer loop
      vertex 61.828472 86.172436 10.202035
      vertex 60.257905 85.555306 10.202035
      vertex 60.942245 85.410079 10.690745
    endloop
  endfacet
  facet normal -0.287153 0.730791 0.619263
    outer loop
      vertex 61.828472 86.172436 10.202035
      vertex 60.942245 85.410079 10.690745
      vertex 62.649768 86.081023 10.690745
    endloop
  endfacet
  facet normal 0.446564 0.688253 -0.571741
    outer loop
      vertex 64.018905 85.928635 11.047811
      vertex 62.195332 87.111837 11.047811
      vertex 62.888313 87.104125 11.579788
    endloop
  endfacet
  facet normal 0.446564 0.688253 -0.571741
    outer loop
      vertex 64.018905 85.928635 11.047811
      vertex 62.888313 87.104125 11.579788
      vertex 64.841030 85.837131 11.579788
    endloop
  endfacet
  facet normal -0.433811 -0.668597 0.603975
    outer loop
      vertex 60.348983 87.132383 10.202035
      vertex 61.828472 86.172436 10.202035
      vertex 62.649768 86.081023 10.690745
    endloop
  endfacet
  facet normal -0.433811 -0.668597 0.603975
    outer loop
      vertex 60.348983 87.132383 10.202035
      vertex 62.649768 86.081023 10.690745
      vertex 61.041265 87.124680 10.690745
    endloop
  endfacet
  facet normal 0.450946 0.680493 -0.577562
    outer loop
      vertex 62.195332 87.111837 11.047811
      vertex 60.285025 88.377749 11.047811
      vertex 60.842721 88.459688 11.579788
    endloop
  endfacet
  facet normal 0.450946 0.680493 -0.577562
    outer loop
      vertex 62.195332 87.111837 11.047811
      vertex 60.842721 88.459688 11.579788
      vertex 62.888313 87.104125 11.579788
    endloop
  endfacet
  facet normal -0.437815 -0.660678 0.609772
    outer loop
      vertex 58.799125 88.159435 10.202035
      vertex 60.348983 87.132383 10.202035
      vertex 61.041265 87.124680 10.690745
    endloop
  endfacet
  facet normal -0.437815 -0.660678 0.609772
    outer loop
      vertex 58.799125 88.159435 10.202035
      vertex 61.041265 87.124680 10.690745
      vertex 59.356259 88.241291 10.690745
    endloop
  endfacet
  facet normal 0.453111 0.677509 -0.579372
    outer loop
      vertex 60.285025 88.377749 11.047811
      vertex 58.238168 89.746668 11.047811
      vertex 58.650908 89.925552 11.579788
    endloop
  endfacet
  facet normal 0.453111 0.677509 -0.579372
    outer loop
      vertex 60.285025 88.377749 11.047811
      vertex 58.650908 89.925552 11.579788
      vertex 60.842721 88.459688 11.579788
    endloop
  endfacet
  facet normal -0.439838 -0.657663 0.611573
    outer loop
      vertex 57.138483 89.270057 10.202035
      vertex 58.799125 88.159435 10.202035
      vertex 59.356259 88.241291 10.690745
    endloop
  endfacet
  facet normal -0.439838 -0.657663 0.611573
    outer loop
      vertex 57.138483 89.270057 10.202035
      vertex 59.356259 88.241291 10.690745
      vertex 57.550806 89.448760 10.690745
    endloop
  endfacet
  facet normal 0.440447 0.690408 -0.573884
    outer loop
      vertex 58.238168 89.746668 11.047811
      vertex 55.978396 91.188295 11.047811
      vertex 56.231101 91.469274 11.579788
    endloop
  endfacet
  facet normal 0.440447 0.690408 -0.573884
    outer loop
      vertex 58.238168 89.746668 11.047811
      vertex 56.231101 91.469274 11.579788
      vertex 58.650908 89.925552 11.579788
    endloop
  endfacet
  facet normal -0.427778 -0.670549 0.606110
    outer loop
      vertex 55.305099 90.439669 10.202035
      vertex 57.138483 89.270057 10.202035
      vertex 57.550806 89.448760 10.690745
    endloop
  endfacet
  facet normal -0.427778 -0.670549 0.606110
    outer loop
      vertex 55.305099 90.439669 10.202035
      vertex 57.550806 89.448760 10.690745
      vertex 55.557549 90.720364 10.690745
    endloop
  endfacet
  facet normal 0.396291 0.720645 -0.568880
    outer loop
      vertex 55.978396 91.188295 11.047811
      vertex 53.534281 92.532341 11.047811
      vertex 53.613897 92.908503 11.579788
    endloop
  endfacet
  facet normal 0.396291 0.720645 -0.568880
    outer loop
      vertex 55.978396 91.188295 11.047811
      vertex 53.613897 92.908503 11.579788
      vertex 56.231101 91.469274 11.579788
    endloop
  endfacet
  facet normal -0.385082 -0.700262 0.601121
    outer loop
      vertex 53.322155 91.530111 10.202035
      vertex 55.305099 90.439669 10.202035
      vertex 55.557549 90.720364 10.690745
    endloop
  endfacet
  facet normal -0.385082 -0.700262 0.601121
    outer loop
      vertex 53.322155 91.530111 10.202035
      vertex 55.557549 90.720364 10.690745
      vertex 53.401691 91.905894 10.690745
    endloop
  endfacet
  facet normal 0.351361 0.738845 -0.575024
    outer loop
      vertex 53.534281 92.532341 11.047811
      vertex 51.147717 93.667282 11.047811
      vertex 51.058320 94.123820 11.579788
    endloop
  endfacet
  facet normal 0.351361 0.738845 -0.575024
    outer loop
      vertex 53.534281 92.532341 11.047811
      vertex 51.058320 94.123820 11.579788
      vertex 53.613897 92.908503 11.579788
    endloop
  endfacet
  facet normal -0.341216 -0.717512 0.607246
    outer loop
      vertex 51.385904 92.450904 10.202035
      vertex 53.322155 91.530111 10.202035
      vertex 53.401691 91.905894 10.690745
    endloop
  endfacet
  facet normal -0.341216 -0.717512 0.607246
    outer loop
      vertex 51.385904 92.450904 10.202035
      vertex 53.401691 91.905894 10.690745
      vertex 51.296597 92.906981 10.690745
    endloop
  endfacet
  facet normal 0.339118 0.741305 -0.579193
    outer loop
      vertex 51.147717 93.667282 11.047811
      vertex 48.940007 94.677224 11.047811
      vertex 48.694263 95.205284 11.579788
    endloop
  endfacet
  facet normal 0.339118 0.741305 -0.579193
    outer loop
      vertex 51.147717 93.667282 11.047811
      vertex 48.694263 95.205284 11.579788
      vertex 51.058320 94.123820 11.579788
    endloop
  endfacet
  facet normal -0.329191 -0.719604 0.611395
    outer loop
      vertex 49.594759 93.270284 10.202035
      vertex 51.385904 92.450904 10.202035
      vertex 51.296597 92.906981 10.690745
    endloop
  endfacet
  facet normal -0.329191 -0.719604 0.611395
    outer loop
      vertex 49.594759 93.270284 10.202035
      vertex 51.296597 92.906981 10.690745
      vertex 49.349262 93.797811 10.690745
    endloop
  endfacet
  facet normal 0.344492 0.740999 -0.576407
    outer loop
      vertex 48.940007 94.677224 11.047811
      vertex 46.883670 95.633220 11.047811
      vertex 46.492298 96.228983 11.579788
    endloop
  endfacet
  facet normal 0.344492 0.740999 -0.576407
    outer loop
      vertex 48.940007 94.677224 11.047811
      vertex 46.492298 96.228983 11.579788
      vertex 48.694263 95.205284 11.579788
    endloop
  endfacet
  facet normal -0.334500 -0.719506 0.608623
    outer loop
      vertex 47.926425 94.045896 10.202035
      vertex 49.594759 93.270284 10.202035
      vertex 49.349262 93.797811 10.690745
    endloop
  endfacet
  facet normal -0.334500 -0.719506 0.608623
    outer loop
      vertex 47.926425 94.045896 10.202035
      vertex 49.349262 93.797811 10.690745
      vertex 47.535448 94.641058 10.690745
    endloop
  endfacet
  facet normal -0.746883 0.096790 -0.657873
    outer loop
      vertex 46.883670 95.633220 11.047811
      vertex 46.653062 93.853718 11.047811
      vertex 46.245359 94.323459 11.579788
    endloop
  endfacet
  facet normal -0.746883 0.096790 -0.657873
    outer loop
      vertex 46.883670 95.633220 11.047811
      vertex 46.245359 94.323459 11.579788
      vertex 46.492298 96.228983 11.579788
    endloop
  endfacet
  facet normal 0.719025 -0.093179 0.688709
    outer loop
      vertex 47.739330 92.602162 10.202035
      vertex 47.926425 94.045896 10.202035
      vertex 47.535448 94.641058 10.690745
    endloop
  endfacet
  facet normal 0.719025 -0.093179 0.688709
    outer loop
      vertex 47.739330 92.602162 10.202035
      vertex 47.535448 94.641058 10.690745
      vertex 47.332038 93.071429 10.690745
    endloop
  endfacet
  facet normal -0.747543 0.095571 -0.657302
    outer loop
      vertex 46.653062 93.853718 11.047811
      vertex 46.413967 91.983553 11.047811
      vertex 45.989331 92.320850 11.579788
    endloop
  endfacet
  facet normal -0.747543 0.095571 -0.657302
    outer loop
      vertex 46.653062 93.853718 11.047811
      vertex 45.989331 92.320850 11.579788
      vertex 46.245359 94.323459 11.579788
    endloop
  endfacet
  facet normal 0.719705 -0.092012 0.688155
    outer loop
      vertex 47.545349 91.084872 10.202035
      vertex 47.739330 92.602162 10.202035
      vertex 47.332038 93.071429 10.690745
    endloop
  endfacet
  facet normal 0.719705 -0.092012 0.688155
    outer loop
      vertex 47.545349 91.084872 10.202035
      vertex 47.332038 93.071429 10.690745
      vertex 47.121141 91.421829 10.690745
    endloop
  endfacet
  facet normal -0.751630 0.085290 -0.654047
    outer loop
      vertex 46.413967 91.983553 11.047811
      vertex 46.189818 90.008215 11.047811
      vertex 45.749308 90.205621 11.579788
    endloop
  endfacet
  facet normal -0.751630 0.085290 -0.654047
    outer loop
      vertex 46.413967 91.983553 11.047811
      vertex 45.749308 90.205621 11.579788
      vertex 45.989331 92.320850 11.579788
    endloop
  endfacet
  facet normal 0.723902 -0.082144 0.684995
    outer loop
      vertex 47.363494 89.482253 10.202035
      vertex 47.545349 91.084872 10.202035
      vertex 47.121141 91.421829 10.690745
    endloop
  endfacet
  facet normal 0.723902 -0.082144 0.684995
    outer loop
      vertex 47.363494 89.482253 10.202035
      vertex 47.121141 91.421829 10.690745
      vertex 46.923428 89.679461 10.690745
    endloop
  endfacet
  facet normal -0.757599 0.060761 -0.649887
    outer loop
      vertex 46.189818 90.008215 11.047811
      vertex 46.024138 87.942437 11.047811
      vertex 45.571895 87.993548 11.579788
    endloop
  endfacet
  facet normal -0.757599 0.060761 -0.649887
    outer loop
      vertex 46.189818 90.008215 11.047811
      vertex 45.571895 87.993548 11.579788
      vertex 45.749308 90.205621 11.579788
    endloop
  endfacet
  facet normal 0.729986 -0.058547 0.680950
    outer loop
      vertex 47.229075 87.806260 10.202035
      vertex 47.363494 89.482253 10.202035
      vertex 46.923428 89.679461 10.690745
    endloop
  endfacet
  facet normal 0.729986 -0.058547 0.680950
    outer loop
      vertex 47.229075 87.806260 10.202035
      vertex 46.923428 89.679461 10.690745
      vertex 46.777288 87.857319 10.690745
    endloop
  endfacet
  facet normal -0.760416 0.025804 -0.648923
    outer loop
      vertex 46.024138 87.942437 11.047811
      vertex 45.953283 85.854431 11.047811
      vertex 45.496022 85.757671 11.579788
    endloop
  endfacet
  facet normal -0.760416 0.025804 -0.648923
    outer loop
      vertex 46.024138 87.942437 11.047811
      vertex 45.496022 85.757671 11.579788
      vertex 45.571895 87.993548 11.579788
    endloop
  endfacet
  facet normal 0.732778 -0.024866 0.680013
    outer loop
      vertex 47.171590 86.112232 10.202035
      vertex 47.229075 87.806260 10.202035
      vertex 46.777288 87.857319 10.690745
    endloop
  endfacet
  facet normal 0.732778 -0.024866 0.680013
    outer loop
      vertex 47.171590 86.112232 10.202035
      vertex 46.777288 87.857319 10.690745
      vertex 46.714790 86.015570 10.690745
    endloop
  endfacet
  facet normal -0.757948 -0.004429 -0.652300
    outer loop
      vertex 45.953283 85.854431 11.047811
      vertex 45.965121 83.828811 11.047811
      vertex 45.508698 83.588600 11.579788
    endloop
  endfacet
  facet normal -0.757948 -0.004429 -0.652300
    outer loop
      vertex 45.953283 85.854431 11.047811
      vertex 45.508698 83.588600 11.579788
      vertex 45.496022 85.757671 11.579788
    endloop
  endfacet
  facet normal 0.730128 0.004267 0.683298
    outer loop
      vertex 47.181194 84.468820 10.202035
      vertex 47.171590 86.112232 10.202035
      vertex 46.714790 86.015570 10.690745
    endloop
  endfacet
  facet normal 0.730128 0.004267 0.683298
    outer loop
      vertex 47.181194 84.468820 10.202035
      vertex 46.714790 86.015570 10.690745
      vertex 46.725231 84.228851 10.690745
    endloop
  endfacet
  facet normal -0.754238 -0.020305 -0.656287
    outer loop
      vertex 45.965121 83.828811 11.047811
      vertex 46.016922 81.904665 11.047811
      vertex 45.564168 81.528188 11.579788
    endloop
  endfacet
  facet normal -0.754238 -0.020305 -0.656287
    outer loop
      vertex 45.965121 83.828811 11.047811
      vertex 45.564168 81.528188 11.579788
      vertex 45.508698 83.588600 11.579788
    endloop
  endfacet
  facet normal 0.726234 0.019551 0.687170
    outer loop
      vertex 47.223221 82.907734 10.202035
      vertex 47.181194 84.468820 10.202035
      vertex 46.725231 84.228851 10.690745
    endloop
  endfacet
  facet normal 0.726234 0.019551 0.687170
    outer loop
      vertex 47.223221 82.907734 10.202035
      vertex 46.725231 84.228851 10.690745
      vertex 46.770923 82.531637 10.690745
    endloop
  endfacet
  facet normal -0.752686 -0.024486 -0.657924
    outer loop
      vertex 46.016922 81.904665 11.047811
      vertex 46.076347 80.077973 11.047811
      vertex 45.627801 79.572131 11.579788
    endloop
  endfacet
  facet normal -0.752686 -0.024486 -0.657924
    outer loop
      vertex 46.016922 81.904665 11.047811
      vertex 45.627801 79.572131 11.579788
      vertex 45.564168 81.528188 11.579788
    endloop
  endfacet
  facet normal 0.724607 0.023572 0.688759
    outer loop
      vertex 47.271433 81.425714 10.202035
      vertex 47.223221 82.907734 10.202035
      vertex 46.770923 82.531637 10.690745
    endloop
  endfacet
  facet normal 0.724607 0.023572 0.688759
    outer loop
      vertex 47.271433 81.425714 10.202035
      vertex 46.770923 82.531637 10.690745
      vertex 46.823339 80.920383 10.690745
    endloop
  endfacet
  facet normal 0.192802 -0.829080 -0.524837
    outer loop
      vertex 45.627801 79.572131 11.579788
      vertex 47.930744 80.107680 11.579788
      vertex 47.689218 79.724142 12.096933
    endloop
  endfacet
  facet normal 0.192802 -0.829080 -0.524837
    outer loop
      vertex 45.627801 79.572131 11.579788
      vertex 47.689218 79.724142 12.096933
      vertex 45.262099 79.159717 12.096933
    endloop
  endfacet
  facet normal -0.189195 0.813571 0.549825
    outer loop
      vertex 48.720333 81.361528 10.690745
      vertex 46.823339 80.920383 10.690745
      vertex 46.457707 80.508047 11.175061
    endloop
  endfacet
  facet normal -0.189195 0.813571 0.549825
    outer loop
      vertex 48.720333 81.361528 10.690745
      vertex 46.457707 80.508047 11.175061
      vertex 48.478852 80.978063 11.175061
    endloop
  endfacet
  facet normal 0.191521 -0.829024 -0.525394
    outer loop
      vertex 47.930744 80.107680 11.579788
      vertex 50.400076 80.678144 11.579788
      vertex 50.291697 80.325365 12.096933
    endloop
  endfacet
  facet normal 0.191521 -0.829024 -0.525394
    outer loop
      vertex 47.930744 80.107680 11.579788
      vertex 50.291697 80.325365 12.096933
      vertex 47.689218 79.724142 12.096933
    endloop
  endfacet
  facet normal -0.187931 0.813484 0.550387
    outer loop
      vertex 50.754385 81.831434 10.690745
      vertex 48.720333 81.361528 10.690745
      vertex 48.478852 80.978063 11.175061
    endloop
  endfacet
  facet normal -0.187931 0.813484 0.550387
    outer loop
      vertex 50.754385 81.831434 10.690745
      vertex 48.478852 80.978063 11.175061
      vertex 50.646026 81.478722 11.175061
    endloop
  endfacet
  facet normal 0.212059 -0.827425 -0.519999
    outer loop
      vertex 50.400076 80.678144 11.579788
      vertex 53.052660 81.357970 11.579788
      vertex 53.087310 81.041848 12.096933
    endloop
  endfacet
  facet normal 0.212059 -0.827425 -0.519999
    outer loop
      vertex 50.400076 80.678144 11.579788
      vertex 53.087310 81.041848 12.096933
      vertex 50.291697 80.325365 12.096933
    endloop
  endfacet
  facet normal -0.208163 0.812223 0.544942
    outer loop
      vertex 52.939386 82.391424 10.690745
      vertex 50.754385 81.831434 10.690745
      vertex 50.646026 81.478722 11.175061
    endloop
  endfacet
  facet normal -0.208163 0.812223 0.544942
    outer loop
      vertex 52.939386 82.391424 10.690745
      vertex 50.646026 81.478722 11.175061
      vertex 52.974029 82.075362 11.175061
    endloop
  endfacet
  facet normal 0.262911 -0.815262 -0.515971
    outer loop
      vertex 53.052660 81.357970 11.579788
      vertex 55.751491 82.228307 11.579788
      vertex 55.931662 81.959114 12.096933
    endloop
  endfacet
  facet normal 0.262911 -0.815262 -0.515971
    outer loop
      vertex 53.052660 81.357970 11.579788
      vertex 55.931662 81.959114 12.096933
      vertex 53.087310 81.041848 12.096933
    endloop
  endfacet
  facet normal -0.258153 0.800508 0.540873
    outer loop
      vertex 55.162482 83.108343 10.690745
      vertex 52.939386 82.391424 10.690745
      vertex 52.974029 82.075362 11.175061
    endloop
  endfacet
  facet normal -0.258153 0.800508 0.540873
    outer loop
      vertex 55.162482 83.108343 10.690745
      vertex 52.974029 82.075362 11.175061
      vertex 55.342619 82.839201 11.175061
    endloop
  endfacet
  facet normal 0.307290 -0.796044 -0.521429
    outer loop
      vertex 55.751491 82.228307 11.579788
      vertex 58.277080 83.203237 11.579788
      vertex 58.593432 82.986613 12.096933
    endloop
  endfacet
  facet normal 0.307290 -0.796044 -0.521429
    outer loop
      vertex 55.751491 82.228307 11.579788
      vertex 58.593432 82.986613 12.096933
      vertex 55.931662 81.959114 12.096933
    endloop
  endfacet
  facet normal -0.301614 0.781340 0.546385
    outer loop
      vertex 57.242874 83.911418 10.690745
      vertex 55.162482 83.108343 10.690745
      vertex 55.342619 82.839201 11.175061
    endloop
  endfacet
  facet normal -0.301614 0.781340 0.546385
    outer loop
      vertex 57.242874 83.911418 10.690745
      vertex 55.342619 82.839201 11.175061
      vertex 57.559166 83.694835 11.175061
    endloop
  endfacet
  facet normal 0.320628 -0.787676 -0.526083
    outer loop
      vertex 58.277080 83.203237 11.579788
      vertex 60.595833 84.147098 11.579788
      vertex 61.037213 83.981367 12.096933
    endloop
  endfacet
  facet normal 0.320628 -0.787676 -0.526083
    outer loop
      vertex 58.277080 83.203237 11.579788
      vertex 61.037213 83.981367 12.096933
      vertex 58.593432 82.986613 12.096933
    endloop
  endfacet
  facet normal -0.314602 0.772874 0.551082
    outer loop
      vertex 59.152891 84.688900 10.690745
      vertex 57.242874 83.911418 10.690745
      vertex 57.559166 83.694835 11.175061
    endloop
  endfacet
  facet normal -0.314602 0.772874 0.551082
    outer loop
      vertex 59.152891 84.688900 10.690745
      vertex 57.559166 83.694835 11.175061
      vertex 59.594187 84.523201 11.175061
    endloop
  endfacet
  facet normal 0.318237 -0.789595 -0.524658
    outer loop
      vertex 60.595833 84.147098 11.579788
      vertex 62.768103 85.022607 11.579788
      vertex 63.326612 84.904084 12.096933
    endloop
  endfacet
  facet normal 0.318237 -0.789595 -0.524658
    outer loop
      vertex 60.595833 84.147098 11.579788
      vertex 63.326612 84.904084 12.096933
      vertex 61.037213 83.981367 12.096933
    endloop
  endfacet
  facet normal -0.312288 0.774834 0.549644
    outer loop
      vertex 60.942245 85.410079 10.690745
      vertex 59.152891 84.688900 10.690745
      vertex 59.594187 84.523201 11.175061
    endloop
  endfacet
  facet normal -0.312288 0.774834 0.549644
    outer loop
      vertex 60.942245 85.410079 10.690745
      vertex 59.594187 84.523201 11.175061
      vertex 61.500648 85.291579 11.175061
    endloop
  endfacet
  facet normal 0.312451 -0.795173 -0.519687
    outer loop
      vertex 62.768103 85.022607 11.579788
      vertex 64.841030 85.837131 11.579788
      vertex 65.511312 85.762527 12.096933
    endloop
  endfacet
  facet normal 0.312451 -0.795173 -0.519687
    outer loop
      vertex 62.768103 85.022607 11.579788
      vertex 65.511312 85.762527 12.096933
      vertex 63.326612 84.904084 12.096933
    endloop
  endfacet
  facet normal -0.306717 0.780581 0.544627
    outer loop
      vertex 62.649768 86.081023 10.690745
      vertex 60.942245 85.410079 10.690745
      vertex 61.500648 85.291579 11.175061
    endloop
  endfacet
  facet normal -0.306717 0.780581 0.544627
    outer loop
      vertex 62.649768 86.081023 10.690745
      vertex 61.500648 85.291579 11.175061
      vertex 63.319923 86.006434 11.175061
    endloop
  endfacet
  facet normal 0.469926 0.724259 -0.504598
    outer loop
      vertex 64.841030 85.837131 11.579788
      vertex 62.888313 87.104125 11.579788
      vertex 63.453304 87.097838 12.096933
    endloop
  endfacet
  facet normal 0.469926 0.724259 -0.504598
    outer loop
      vertex 64.841030 85.837131 11.579788
      vertex 63.453304 87.097838 12.096933
      vertex 65.511312 85.762527 12.096933
    endloop
  endfacet
  facet normal -0.461783 -0.711709 0.529365
    outer loop
      vertex 61.041265 87.124680 10.690745
      vertex 62.649768 86.081023 10.690745
      vertex 63.319923 86.006434 11.175061
    endloop
  endfacet
  facet normal -0.461783 -0.711709 0.529365
    outer loop
      vertex 61.041265 87.124680 10.690745
      vertex 63.319923 86.006434 11.175061
      vertex 61.606149 87.118393 11.175061
    endloop
  endfacet
  facet normal 0.475059 0.716880 -0.510296
    outer loop
      vertex 62.888313 87.104125 11.579788
      vertex 60.842721 88.459688 11.579788
      vertex 61.297413 88.526493 12.096933
    endloop
  endfacet
  facet normal 0.475059 0.716880 -0.510296
    outer loop
      vertex 62.888313 87.104125 11.579788
      vertex 61.297413 88.526493 12.096933
      vertex 63.453304 87.097838 12.096933
    endloop
  endfacet
  facet normal -0.466645 -0.704184 0.535134
    outer loop
      vertex 59.356259 88.241291 10.690745
      vertex 61.041265 87.124680 10.690745
      vertex 61.606149 87.118393 11.175061
    endloop
  endfacet
  facet normal -0.466645 -0.704184 0.535134
    outer loop
      vertex 59.356259 88.241291 10.690745
      vertex 61.606149 87.118393 11.175061
      vertex 59.810864 88.308084 11.175061
    endloop
  endfacet
  facet normal 0.477505 0.713983 -0.512072
    outer loop
      vertex 60.842721 88.459688 11.579788
      vertex 58.650908 89.925552 11.579788
      vertex 58.987417 90.071397 12.096933
    endloop
  endfacet
  facet normal 0.477505 0.713983 -0.512072
    outer loop
      vertex 60.842721 88.459688 11.579788
      vertex 58.987417 90.071397 12.096933
      vertex 61.297413 88.526493 12.096933
    endloop
  endfacet
  facet normal -0.468990 -0.701252 0.536931
    outer loop
      vertex 57.550806 89.448760 10.690745
      vertex 59.356259 88.241291 10.690745
      vertex 59.810864 88.308084 11.175061
    endloop
  endfacet
  facet normal -0.468990 -0.701252 0.536931
    outer loop
      vertex 57.550806 89.448760 10.690745
      vertex 59.810864 88.308084 11.175061
      vertex 57.887251 89.594578 11.175061
    endloop
  endfacet
  facet normal 0.463676 0.726819 -0.506694
    outer loop
      vertex 58.650908 89.925552 11.579788
      vertex 56.231101 91.469274 11.579788
      vertex 56.437133 91.698357 12.096933
    endloop
  endfacet
  facet normal 0.463676 0.726819 -0.506694
    outer loop
      vertex 58.650908 89.925552 11.579788
      vertex 56.437133 91.698357 12.096933
      vertex 58.987417 90.071397 12.096933
    endloop
  endfacet
  facet normal -0.455576 -0.714123 0.531487
    outer loop
      vertex 55.557549 90.720364 10.690745
      vertex 57.550806 89.448760 10.690745
      vertex 57.887251 89.594578 11.175061
    endloop
  endfacet
  facet normal -0.455576 -0.714123 0.531487
    outer loop
      vertex 55.557549 90.720364 10.690745
      vertex 57.887251 89.594578 11.175061
      vertex 55.763542 90.949403 11.175061
    endloop
  endfacet
  facet normal 0.416799 0.757939 -0.501803
    outer loop
      vertex 56.231101 91.469274 11.579788
      vertex 53.613897 92.908503 11.579788
      vertex 53.678808 93.215190 12.096933
    endloop
  endfacet
  facet normal 0.416799 0.757939 -0.501803
    outer loop
      vertex 56.231101 91.469274 11.579788
      vertex 53.678808 93.215190 12.096933
      vertex 56.437133 91.698357 12.096933
    endloop
  endfacet
  facet normal -0.409655 -0.744947 0.526533
    outer loop
      vertex 53.401691 91.905894 10.690745
      vertex 55.557549 90.720364 10.690745
      vertex 55.763542 90.949403 11.175061
    endloop
  endfacet
  facet normal -0.409655 -0.744947 0.526533
    outer loop
      vertex 53.401691 91.905894 10.690745
      vertex 55.763542 90.949403 11.175061
      vertex 53.466590 92.212523 11.175061
    endloop
  endfacet
  facet normal 0.369971 0.777979 -0.507810
    outer loop
      vertex 53.613897 92.908503 11.579788
      vertex 51.058320 94.123820 11.579788
      vertex 50.985434 94.496037 12.096933
    endloop
  endfacet
  facet normal 0.369971 0.777979 -0.507810
    outer loop
      vertex 53.613897 92.908503 11.579788
      vertex 50.985434 94.496037 12.096933
      vertex 53.678808 93.215190 12.096933
    endloop
  endfacet
  facet normal -0.363481 -0.764330 0.532617
    outer loop
      vertex 51.296597 92.906981 10.690745
      vertex 53.401691 91.905894 10.690745
      vertex 53.466590 92.212523 11.175061
    endloop
  endfacet
  facet normal -0.363481 -0.764330 0.532617
    outer loop
      vertex 51.296597 92.906981 10.690745
      vertex 53.466590 92.212523 11.175061
      vertex 51.223724 93.279128 11.175061
    endloop
  endfacet
  facet normal 0.357363 0.781188 -0.511896
    outer loop
      vertex 51.058320 94.123820 11.579788
      vertex 48.694263 95.205284 11.579788
      vertex 48.493905 95.635814 12.096933
    endloop
  endfacet
  facet normal 0.357363 0.781188 -0.511896
    outer loop
      vertex 51.058320 94.123820 11.579788
      vertex 48.493905 95.635814 12.096933
      vertex 50.985434 94.496037 12.096933
    endloop
  endfacet
  facet normal -0.350995 -0.767267 0.536753
    outer loop
      vertex 49.349262 93.797811 10.690745
      vertex 51.296597 92.906981 10.690745
      vertex 51.223724 93.279128 11.175061
    endloop
  endfacet
  facet normal -0.350995 -0.767267 0.536753
    outer loop
      vertex 49.349262 93.797811 10.690745
      vertex 51.223724 93.279128 11.175061
      vertex 49.148943 94.228259 11.175061
    endloop
  endfacet
  facet normal 0.362834 0.780451 -0.509164
    outer loop
      vertex 48.694263 95.205284 11.579788
      vertex 46.492298 96.228983 11.579788
      vertex 46.173210 96.714711 12.096933
    endloop
  endfacet
  facet normal 0.362834 0.780451 -0.509164
    outer loop
      vertex 48.694263 95.205284 11.579788
      vertex 46.173210 96.714711 12.096933
      vertex 48.493905 95.635814 12.096933
    endloop
  endfacet
  facet normal -0.356435 -0.766688 0.533988
    outer loop
      vertex 47.535448 94.641058 10.690745
      vertex 49.349262 93.797811 10.690745
      vertex 49.148943 94.228259 11.175061
    endloop
  endfacet
  facet normal -0.356435 -0.766688 0.533988
    outer loop
      vertex 47.535448 94.641058 10.690745
      vertex 49.148943 94.228259 11.175061
      vertex 47.216421 95.126694 11.175061
    endloop
  endfacet
  facet normal -0.799993 0.103672 -0.590984
    outer loop
      vertex 46.492298 96.228983 11.579788
      vertex 46.245359 94.323459 11.579788
      vertex 45.912956 94.706440 12.096933
    endloop
  endfacet
  facet normal -0.799993 0.103672 -0.590984
    outer loop
      vertex 46.492298 96.228983 11.579788
      vertex 45.912956 94.706440 12.096933
      vertex 46.173210 96.714711 12.096933
    endloop
  endfacet
  facet normal 0.781159 -0.101231 0.616070
    outer loop
      vertex 47.332038 93.071429 10.690745
      vertex 47.535448 94.641058 10.690745
      vertex 47.216421 95.126694 11.175061
    endloop
  endfacet
  facet normal 0.781159 -0.101231 0.616070
    outer loop
      vertex 47.332038 93.071429 10.690745
      vertex 47.216421 95.126694 11.175061
      vertex 46.999698 93.454338 11.175061
    endloop
  endfacet
  facet normal -0.800597 0.102354 -0.590396
    outer loop
      vertex 46.245359 94.323459 11.579788
      vertex 45.989331 92.320850 11.579788
      vertex 45.643123 92.595851 12.096933
    endloop
  endfacet
  facet normal -0.800597 0.102354 -0.590396
    outer loop
      vertex 46.245359 94.323459 11.579788
      vertex 45.643123 92.595851 12.096933
      vertex 45.912956 94.706440 12.096933
    endloop
  endfacet
  facet normal 0.781785 -0.099949 0.615486
    outer loop
      vertex 47.121141 91.421829 10.690745
      vertex 47.332038 93.071429 10.690745
      vertex 46.999698 93.454338 11.175061
    endloop
  endfacet
  facet normal 0.781785 -0.099949 0.615486
    outer loop
      vertex 47.121141 91.421829 10.690745
      vertex 46.999698 93.454338 11.175061
      vertex 46.774999 91.696777 11.175061
    endloop
  endfacet
  facet normal -0.804391 0.091277 -0.587046
    outer loop
      vertex 45.989331 92.320850 11.579788
      vertex 45.749308 90.205621 11.579788
      vertex 45.390158 90.366568 12.096933
    endloop
  endfacet
  facet normal -0.804391 0.091277 -0.587046
    outer loop
      vertex 45.989331 92.320850 11.579788
      vertex 45.390158 90.366568 12.096933
      vertex 45.643123 92.595851 12.096933
    endloop
  endfacet
  facet normal 0.785696 -0.089156 0.612154
    outer loop
      vertex 46.923428 89.679461 10.690745
      vertex 47.121141 91.421829 10.690745
      vertex 46.774999 91.696777 11.175061
    endloop
  endfacet
  facet normal 0.785696 -0.089156 0.612154
    outer loop
      vertex 46.923428 89.679461 10.690745
      vertex 46.774999 91.696777 11.175061
      vertex 46.564346 89.840377 11.175061
    endloop
  endfacet
  facet normal -0.810032 0.064966 -0.582775
    outer loop
      vertex 45.749308 90.205621 11.579788
      vertex 45.571895 87.993548 11.579788
      vertex 45.203179 88.035219 12.096933
    endloop
  endfacet
  facet normal -0.810032 0.064966 -0.582775
    outer loop
      vertex 45.749308 90.205621 11.579788
      vertex 45.203179 88.035219 12.096933
      vertex 45.390158 90.366568 12.096933
    endloop
  endfacet
  facet normal 0.791470 -0.063478 0.607903
    outer loop
      vertex 46.777288 87.857319 10.690745
      vertex 46.923428 89.679461 10.690745
      vertex 46.564346 89.840377 11.175061
    endloop
  endfacet
  facet normal 0.791470 -0.063478 0.607903
    outer loop
      vertex 46.777288 87.857319 10.690745
      vertex 46.564346 89.840377 11.175061
      vertex 46.408642 87.898982 11.175061
    endloop
  endfacet
  facet normal -0.812873 0.027584 -0.581788
    outer loop
      vertex 45.571895 87.993548 11.579788
      vertex 45.496022 85.757671 11.579788
      vertex 45.123215 85.678782 12.096933
    endloop
  endfacet
  facet normal -0.812873 0.027584 -0.581788
    outer loop
      vertex 45.571895 87.993548 11.579788
      vertex 45.123215 85.678782 12.096933
      vertex 45.203179 88.035219 12.096933
    endloop
  endfacet
  facet normal 0.794306 -0.026954 0.606920
    outer loop
      vertex 46.714790 86.015570 10.690745
      vertex 46.777288 87.857319 10.690745
      vertex 46.408642 87.898982 11.175061
    endloop
  endfacet
  facet normal 0.794306 -0.026954 0.606920
    outer loop
      vertex 46.714790 86.015570 10.690745
      vertex 46.408642 87.898982 11.175061
      vertex 46.342053 85.936697 11.175061
    endloop
  endfacet
  facet normal -0.810838 -0.004738 -0.585252
    outer loop
      vertex 45.496022 85.757671 11.579788
      vertex 45.508698 83.588600 11.579788
      vertex 45.136574 83.392754 12.096933
    endloop
  endfacet
  facet normal -0.810838 -0.004738 -0.585252
    outer loop
      vertex 45.496022 85.757671 11.579788
      vertex 45.136574 83.392754 12.096933
      vertex 45.123215 85.678782 12.096933
    endloop
  endfacet
  facet normal 0.792104 0.004629 0.610369
    outer loop
      vertex 46.725231 84.228851 10.690745
      vertex 46.714790 86.015570 10.690745
      vertex 46.342053 85.936697 11.175061
    endloop
  endfacet
  facet normal 0.792104 0.004629 0.610369
    outer loop
      vertex 46.725231 84.228851 10.690745
      vertex 46.342053 85.936697 11.175061
      vertex 46.353178 84.033043 11.175061
    endloop
  endfacet
  facet normal -0.807585 -0.021742 -0.589350
    outer loop
      vertex 45.508698 83.588600 11.579788
      vertex 45.564168 81.528188 11.579788
      vertex 45.195035 81.221244 12.096933
    endloop
  endfacet
  facet normal -0.807585 -0.021742 -0.589350
    outer loop
      vertex 45.508698 83.588600 11.579788
      vertex 45.195035 81.221244 12.096933
      vertex 45.136574 83.392754 12.096933
    endloop
  endfacet
  facet normal 0.788673 0.021232 0.614446
    outer loop
      vertex 46.770923 82.531637 10.690745
      vertex 46.725231 84.228851 10.690745
      vertex 46.353178 84.033043 11.175061
    endloop
  endfacet
  facet normal 0.788673 0.021232 0.614446
    outer loop
      vertex 46.770923 82.531637 10.690745
      vertex 46.353178 84.033043 11.175061
      vertex 46.401860 82.224752 11.175061
    endloop
  endfacet
  facet normal -0.806218 -0.026227 -0.591037
    outer loop
      vertex 45.564168 81.528188 11.579788
      vertex 45.627801 79.572131 11.579788
      vertex 45.262099 79.159717 12.096933
    endloop
  endfacet
  facet normal -0.806218 -0.026227 -0.591037
    outer loop
      vertex 45.564168 81.528188 11.579788
      vertex 45.262099 79.159717 12.096933
      vertex 45.195035 81.221244 12.096933
    endloop
  endfacet
  facet normal 0.787234 0.025610 0.616123
    outer loop
      vertex 46.823339 80.920383 10.690745
      vertex 46.770923 82.531637 10.690745
      vertex 46.401860 82.224752 11.175061
    endloop
  endfacet
  facet normal 0.787234 0.025610 0.616123
    outer loop
      vertex 46.823339 80.920383 10.690745
      vertex 46.401860 82.224752 11.175061
      vertex 46.457707 80.508047 11.175061
    endloop
  endfacet
  facet normal 0.208363 -0.895995 -0.392145
    outer loop
      vertex 45.262099 79.159717 12.096933
      vertex 47.689218 79.724142 12.096933
      vertex 47.527735 79.467711 12.597037
    endloop
  endfacet
  facet normal 0.208363 -0.895995 -0.392145
    outer loop
      vertex 45.262099 79.159717 12.096933
      vertex 47.527735 79.467711 12.597037
      vertex 45.017594 78.883979 12.597037
    endloop
  endfacet
  facet normal -0.206879 0.889611 0.407178
    outer loop
      vertex 48.478852 80.978063 11.175061
      vertex 46.457707 80.508047 11.175061
      vertex 46.212661 80.231699 11.654328
    endloop
  endfacet
  facet normal -0.206879 0.889611 0.407178
    outer loop
      vertex 48.478852 80.978063 11.175061
      vertex 46.212661 80.231699 11.654328
      vertex 48.317012 80.721065 11.654328
    endloop
  endfacet
  facet normal 0.207015 -0.896094 -0.392631
    outer loop
      vertex 47.689218 79.724142 12.096933
      vertex 50.291697 80.325365 12.096933
      vertex 50.219236 80.089500 12.597037
    endloop
  endfacet
  facet normal 0.207015 -0.896094 -0.392631
    outer loop
      vertex 47.689218 79.724142 12.096933
      vertex 50.219236 80.089500 12.597037
      vertex 47.527735 79.467711 12.597037
    endloop
  endfacet
  facet normal -0.205537 0.889694 0.407675
    outer loop
      vertex 50.646026 81.478722 11.175061
      vertex 48.478852 80.978063 11.175061
      vertex 48.317012 80.721065 11.654328
    endloop
  endfacet
  facet normal -0.205537 0.889694 0.407675
    outer loop
      vertex 50.646026 81.478722 11.175061
      vertex 48.317012 80.721065 11.654328
      vertex 50.573405 81.242336 11.654328
    endloop
  endfacet
  facet normal 0.228822 -0.892832 -0.387933
    outer loop
      vertex 50.291697 80.325365 12.096933
      vertex 53.087310 81.041848 12.096933
      vertex 53.110476 80.830491 12.597037
    endloop
  endfacet
  facet normal 0.228822 -0.892832 -0.387933
    outer loop
      vertex 50.291697 80.325365 12.096933
      vertex 53.110476 80.830491 12.597037
      vertex 50.219236 80.089500 12.597037
    endloop
  endfacet
  facet normal -0.227226 0.886605 0.402865
    outer loop
      vertex 52.974029 82.075362 11.175061
      vertex 50.646026 81.478722 11.175061
      vertex 50.573405 81.242336 11.654328
    endloop
  endfacet
  facet normal -0.227226 0.886605 0.402865
    outer loop
      vertex 52.974029 82.075362 11.175061
      vertex 50.573405 81.242336 11.654328
      vertex 52.997246 81.863538 11.654328
    endloop
  endfacet
  facet normal 0.283335 -0.878594 -0.384441
    outer loop
      vertex 53.087310 81.041848 12.096933
      vertex 55.931662 81.959114 12.096933
      vertex 56.052123 81.779134 12.597037
    endloop
  endfacet
  facet normal 0.283335 -0.878594 -0.384441
    outer loop
      vertex 53.087310 81.041848 12.096933
      vertex 56.052123 81.779134 12.597037
      vertex 53.110476 80.830491 12.597037
    endloop
  endfacet
  facet normal -0.281394 0.872575 0.399288
    outer loop
      vertex 55.342619 82.839201 11.175061
      vertex 52.974029 82.075362 11.175061
      vertex 52.997246 81.863538 11.654328
    endloop
  endfacet
  facet normal -0.281394 0.872575 0.399288
    outer loop
      vertex 55.342619 82.839201 11.175061
      vertex 52.997246 81.863538 11.654328
      vertex 55.463347 82.658823 11.654328
    endloop
  endfacet
  facet normal 0.331730 -0.859359 -0.389175
    outer loop
      vertex 55.931662 81.959114 12.096933
      vertex 58.593432 82.986613 12.096933
      vertex 58.804942 82.841779 12.597037
    endloop
  endfacet
  facet normal 0.331730 -0.859359 -0.389175
    outer loop
      vertex 55.931662 81.959114 12.096933
      vertex 58.804942 82.841779 12.597037
      vertex 56.052123 81.779134 12.597037
    endloop
  endfacet
  facet normal -0.329402 0.853327 0.404138
    outer loop
      vertex 57.559166 83.694835 11.175061
      vertex 55.342619 82.839201 11.175061
      vertex 55.463347 82.658823 11.654328
    endloop
  endfacet
  facet normal -0.329402 0.853327 0.404138
    outer loop
      vertex 57.559166 83.694835 11.175061
      vertex 55.463347 82.658823 11.654328
      vertex 57.771144 83.549681 11.654328
    endloop
  endfacet
  facet normal 0.346644 -0.851590 -0.393233
    outer loop
      vertex 58.593432 82.986613 12.096933
      vertex 61.037213 83.981367 12.096933
      vertex 61.332316 83.870560 12.597037
    endloop
  endfacet
  facet normal 0.346644 -0.851590 -0.393233
    outer loop
      vertex 58.593432 82.986613 12.096933
      vertex 61.332316 83.870560 12.597037
      vertex 58.804942 82.841779 12.597037
    endloop
  endfacet
  facet normal -0.344161 0.845489 0.408291
    outer loop
      vertex 59.594187 84.523201 11.175061
      vertex 57.559166 83.694835 11.175061
      vertex 57.771144 83.549681 11.654328
    endloop
  endfacet
  facet normal -0.344161 0.845489 0.408291
    outer loop
      vertex 59.594187 84.523201 11.175061
      vertex 57.771144 83.549681 11.654328
      vertex 59.889943 84.412149 11.654328
    endloop
  endfacet
  facet normal 0.343902 -0.853274 -0.391988
    outer loop
      vertex 61.037213 83.981367 12.096933
      vertex 63.326612 84.904084 12.096933
      vertex 63.700027 84.824840 12.597037
    endloop
  endfacet
  facet normal 0.343902 -0.853274 -0.391988
    outer loop
      vertex 61.037213 83.981367 12.096933
      vertex 63.700027 84.824840 12.597037
      vertex 61.332316 83.870560 12.597037
    endloop
  endfacet
  facet normal -0.341454 0.847199 0.407017
    outer loop
      vertex 61.500648 85.291579 11.175061
      vertex 59.594187 84.523201 11.175061
      vertex 59.889943 84.412149 11.654328
    endloop
  endfacet
  facet normal -0.341454 0.847199 0.407017
    outer loop
      vertex 61.500648 85.291579 11.175061
      vertex 59.889943 84.412149 11.654328
      vertex 61.874889 85.212159 11.654328
    endloop
  endfacet
  facet normal 0.337116 -0.857946 -0.387661
    outer loop
      vertex 63.326612 84.904084 12.096933
      vertex 65.511312 85.762527 12.096933
      vertex 65.959457 85.712647 12.597037
    endloop
  endfacet
  facet normal 0.337116 -0.857946 -0.387661
    outer loop
      vertex 63.326612 84.904084 12.096933
      vertex 65.959457 85.712647 12.597037
      vertex 63.700027 84.824840 12.597037
    endloop
  endfacet
  facet normal -0.334768 0.851970 0.402587
    outer loop
      vertex 63.319923 86.006434 11.175061
      vertex 61.500648 85.291579 11.175061
      vertex 61.874889 85.212159 11.654328
    endloop
  endfacet
  facet normal -0.334768 0.851970 0.402587
    outer loop
      vertex 63.319923 86.006434 11.175061
      vertex 61.874889 85.212159 11.654328
      vertex 63.769059 85.956444 11.654328
    endloop
  endfacet
  facet normal 0.504659 0.777789 -0.374651
    outer loop
      vertex 65.511312 85.762527 12.096933
      vertex 63.453304 87.097838 12.096933
      vertex 63.831052 87.093635 12.597037
    endloop
  endfacet
  facet normal 0.504659 0.777789 -0.374651
    outer loop
      vertex 65.511312 85.762527 12.096933
      vertex 63.831052 87.093635 12.597037
      vertex 65.959457 85.712647 12.597037
    endloop
  endfacet
  facet normal -0.501373 -0.772726 0.389254
    outer loop
      vertex 61.606149 87.118393 11.175061
      vertex 63.319923 86.006434 11.175061
      vertex 63.769059 85.956444 11.654328
    endloop
  endfacet
  facet normal -0.501373 -0.772726 0.389254
    outer loop
      vertex 61.606149 87.118393 11.175061
      vertex 63.769059 85.956444 11.654328
      vertex 61.984733 87.114181 11.654328
    endloop
  endfacet
  facet normal 0.511061 0.771209 -0.379542
    outer loop
      vertex 63.453304 87.097838 12.096933
      vertex 61.297413 88.526493 12.096933
      vertex 61.601417 88.571159 12.597037
    endloop
  endfacet
  facet normal 0.511061 0.771209 -0.379542
    outer loop
      vertex 63.453304 87.097838 12.096933
      vertex 61.601417 88.571159 12.597037
      vertex 63.831052 87.093635 12.597037
    endloop
  endfacet
  facet normal -0.507648 -0.766058 0.394269
    outer loop
      vertex 59.810864 88.308084 11.175061
      vertex 61.606149 87.118393 11.175061
      vertex 61.984733 87.114181 11.654328
    endloop
  endfacet
  facet normal -0.507648 -0.766058 0.394269
    outer loop
      vertex 59.810864 88.308084 11.175061
      vertex 61.984733 87.114181 11.654328
      vertex 60.115540 88.352848 11.654328
    endloop
  endfacet
  facet normal 0.513975 0.768514 -0.381073
    outer loop
      vertex 61.297413 88.526493 12.096933
      vertex 58.987417 90.071397 12.096933
      vertex 59.212404 90.168908 12.597037
    endloop
  endfacet
  facet normal 0.513975 0.768514 -0.381073
    outer loop
      vertex 61.297413 88.526493 12.096933
      vertex 59.212404 90.168908 12.597037
      vertex 61.601417 88.571159 12.597037
    endloop
  endfacet
  facet normal -0.510514 -0.763340 0.395837
    outer loop
      vertex 57.887251 89.594578 11.175061
      vertex 59.810864 88.308084 11.175061
      vertex 60.115540 88.352848 11.654328
    endloop
  endfacet
  facet normal -0.510514 -0.763340 0.395837
    outer loop
      vertex 57.887251 89.594578 11.175061
      vertex 60.115540 88.352848 11.654328
      vertex 58.112736 89.692304 11.654328
    endloop
  endfacet
  facet normal 0.498265 0.781038 -0.376447
    outer loop
      vertex 58.987417 90.071397 12.096933
      vertex 56.437133 91.698357 12.096933
      vertex 56.574884 91.851520 12.597037
    endloop
  endfacet
  facet normal 0.498265 0.781038 -0.376447
    outer loop
      vertex 58.987417 90.071397 12.096933
      vertex 56.574884 91.851520 12.597037
      vertex 59.212404 90.168908 12.597037
    endloop
  endfacet
  facet normal -0.494991 -0.775905 0.391096
    outer loop
      vertex 55.763542 90.949403 11.175061
      vertex 57.887251 89.594578 11.175061
      vertex 58.112736 89.692304 11.654328
    endloop
  endfacet
  facet normal -0.494991 -0.775905 0.391096
    outer loop
      vertex 55.763542 90.949403 11.175061
      vertex 58.112736 89.692304 11.654328
      vertex 55.901598 91.102905 11.654328
    endloop
  endfacet
  facet normal 0.447227 0.813271 -0.372261
    outer loop
      vertex 56.437133 91.698357 12.096933
      vertex 53.678808 93.215190 12.096933
      vertex 53.722207 93.420238 12.597037
    endloop
  endfacet
  facet normal 0.447227 0.813271 -0.372261
    outer loop
      vertex 56.437133 91.698357 12.096933
      vertex 53.722207 93.420238 12.597037
      vertex 56.574884 91.851520 12.597037
    endloop
  endfacet
  facet normal -0.444352 -0.808044 0.386803
    outer loop
      vertex 53.466590 92.212523 11.175061
      vertex 55.763542 90.949403 11.175061
      vertex 55.901598 91.102905 11.654328
    endloop
  endfacet
  facet normal -0.444352 -0.808044 0.386803
    outer loop
      vertex 53.466590 92.212523 11.175061
      vertex 55.901598 91.102905 11.654328
      vertex 53.510085 92.418025 11.654328
    endloop
  endfacet
  facet normal 0.397706 0.836299 -0.377405
    outer loop
      vertex 53.678808 93.215190 12.096933
      vertex 50.985434 94.496037 12.096933
      vertex 50.936702 94.744898 12.597037
    endloop
  endfacet
  facet normal 0.397706 0.836299 -0.377405
    outer loop
      vertex 53.678808 93.215190 12.096933
      vertex 50.936702 94.744898 12.597037
      vertex 53.722207 93.420238 12.597037
    endloop
  endfacet
  facet normal -0.395079 -0.830775 0.392078
    outer loop
      vertex 51.223724 93.279128 11.175061
      vertex 53.466590 92.212523 11.175061
      vertex 53.510085 92.418025 11.654328
    endloop
  endfacet
  facet normal -0.395079 -0.830775 0.392078
    outer loop
      vertex 51.223724 93.279128 11.175061
      vertex 53.510085 92.418025 11.654328
      vertex 51.174885 93.528540 11.654328
    endloop
  endfacet
  facet normal 0.384636 0.840806 -0.380921
    outer loop
      vertex 50.985434 94.496037 12.096933
      vertex 48.493905 95.635814 12.096933
      vertex 48.359948 95.923663 12.597037
    endloop
  endfacet
  facet normal 0.384636 0.840806 -0.380921
    outer loop
      vertex 50.985434 94.496037 12.096933
      vertex 48.359948 95.923663 12.597037
      vertex 50.936702 94.744898 12.597037
    endloop
  endfacet
  facet normal -0.382048 -0.835149 0.395682
    outer loop
      vertex 49.148943 94.228259 11.175061
      vertex 51.223724 93.279128 11.175061
      vertex 51.174885 93.528540 11.654328
    endloop
  endfacet
  facet normal -0.382048 -0.835149 0.395682
    outer loop
      vertex 49.148943 94.228259 11.175061
      vertex 51.174885 93.528540 11.654328
      vertex 49.014690 94.516745 11.654328
    endloop
  endfacet
  facet normal 0.390195 0.839305 -0.378569
    outer loop
      vertex 48.493905 95.635814 12.096933
      vertex 46.173210 96.714711 12.096933
      vertex 45.959871 97.039465 12.597037
    endloop
  endfacet
  facet normal 0.390195 0.839305 -0.378569
    outer loop
      vertex 48.493905 95.635814 12.096933
      vertex 45.959871 97.039465 12.597037
      vertex 48.359948 95.923663 12.597037
    endloop
  endfacet
  facet normal -0.387602 -0.833728 0.393271
    outer loop
      vertex 47.216421 95.126694 11.175061
      vertex 49.148943 94.228259 11.175061
      vertex 49.014690 94.516745 11.654328
    endloop
  endfacet
  facet normal -0.387602 -0.833728 0.393271
    outer loop
      vertex 47.216421 95.126694 11.175061
      vertex 49.014690 94.516745 11.654328
      vertex 47.002609 95.452166 11.654328
    endloop
  endfacet
  facet normal -0.884695 0.114649 -0.451852
    outer loop
      vertex 46.173210 96.714711 12.096933
      vertex 45.912956 94.706440 12.096933
      vertex 45.690714 94.962499 12.597037
    endloop
  endfacet
  facet normal -0.884695 0.114649 -0.451852
    outer loop
      vertex 46.173210 96.714711 12.096933
      vertex 45.690714 94.962499 12.597037
      vertex 45.959871 97.039465 12.597037
    endloop
  endfacet
  facet normal 0.876355 -0.113568 0.468086
    outer loop
      vertex 46.999698 93.454338 11.175061
      vertex 47.216421 95.126694 11.175061
      vertex 47.002609 95.452166 11.654328
    endloop
  endfacet
  facet normal 0.876355 -0.113568 0.468086
    outer loop
      vertex 46.999698 93.454338 11.175061
      vertex 47.002609 95.452166 11.654328
      vertex 46.776964 93.710963 11.654328
    endloop
  endfacet
  facet normal -0.885167 0.113166 -0.451302
    outer loop
      vertex 45.912956 94.706440 12.096933
      vertex 45.643123 92.595851 12.096933
      vertex 45.411652 92.779714 12.597037
    endloop
  endfacet
  facet normal -0.885167 0.113166 -0.451302
    outer loop
      vertex 45.912956 94.706440 12.096933
      vertex 45.411652 92.779714 12.597037
      vertex 45.690714 94.962499 12.597037
    endloop
  endfacet
  facet normal 0.876842 -0.112102 0.467527
    outer loop
      vertex 46.774999 91.696777 11.175061
      vertex 46.999698 93.454338 11.175061
      vertex 46.776964 93.710963 11.654328
    endloop
  endfacet
  facet normal 0.876842 -0.112102 0.467527
    outer loop
      vertex 46.774999 91.696777 11.175061
      vertex 46.776964 93.710963 11.654328
      vertex 46.543015 91.881047 11.654328
    endloop
  endfacet
  facet normal -0.888244 0.100792 -0.448178
    outer loop
      vertex 45.643123 92.595851 12.096933
      vertex 45.390158 90.366568 12.096933
      vertex 45.150034 90.474175 12.597037
    endloop
  endfacet
  facet normal -0.888244 0.100792 -0.448178
    outer loop
      vertex 45.643123 92.595851 12.096933
      vertex 45.150034 90.474175 12.597037
      vertex 45.411652 92.779714 12.597037
    endloop
  endfacet
  facet normal 0.880004 -0.099857 0.464350
    outer loop
      vertex 46.564346 89.840377 11.175061
      vertex 46.774999 91.696777 11.175061
      vertex 46.543015 91.881047 11.654328
    endloop
  endfacet
  facet normal 0.880004 -0.099857 0.464350
    outer loop
      vertex 46.564346 89.840377 11.175061
      vertex 46.543015 91.881047 11.654328
      vertex 46.323690 89.948222 11.654328
    endloop
  endfacet
  facet normal -0.893054 0.071625 -0.444211
    outer loop
      vertex 45.390158 90.366568 12.096933
      vertex 45.203179 88.035219 12.096933
      vertex 44.956658 88.063079 12.597037
    endloop
  endfacet
  facet normal -0.893054 0.071625 -0.444211
    outer loop
      vertex 45.390158 90.366568 12.096933
      vertex 44.956658 88.063079 12.597037
      vertex 45.150034 90.474175 12.597037
    endloop
  endfacet
  facet normal 0.884914 -0.070972 0.460315
    outer loop
      vertex 46.408642 87.898982 11.175061
      vertex 46.564346 89.840377 11.175061
      vertex 46.323690 89.948222 11.654328
    endloop
  endfacet
  facet normal 0.884914 -0.070972 0.460315
    outer loop
      vertex 46.408642 87.898982 11.175061
      vertex 46.323690 89.948222 11.654328
      vertex 46.161576 87.926905 11.654328
    endloop
  endfacet
  facet normal -0.895859 0.030400 -0.443297
    outer loop
      vertex 45.203179 88.035219 12.096933
      vertex 45.123215 85.678782 12.096933
      vertex 44.873959 85.626038 12.597037
    endloop
  endfacet
  facet normal -0.895859 0.030400 -0.443297
    outer loop
      vertex 45.203179 88.035219 12.096933
      vertex 44.873959 85.626038 12.597037
      vertex 44.956658 88.063079 12.597037
    endloop
  endfacet
  facet normal 0.887726 -0.030124 0.459385
    outer loop
      vertex 46.342053 85.936697 11.175061
      vertex 46.408642 87.898982 11.175061
      vertex 46.161576 87.926905 11.654328
    endloop
  endfacet
  facet normal 0.887726 -0.030124 0.459385
    outer loop
      vertex 46.342053 85.936697 11.175061
      vertex 46.161576 87.926905 11.654328
      vertex 46.092246 85.883836 11.654328
    endloop
  endfacet
  facet normal -0.894764 -0.005229 -0.446509
    outer loop
      vertex 45.123215 85.678782 12.096933
      vertex 45.136574 83.392754 12.096933
      vertex 44.887775 83.261813 12.597037
    endloop
  endfacet
  facet normal -0.894764 -0.005229 -0.446509
    outer loop
      vertex 45.123215 85.678782 12.096933
      vertex 44.887775 83.261813 12.597037
      vertex 44.873959 85.626038 12.597037
    endloop
  endfacet
  facet normal 0.886524 0.005181 0.462653
    outer loop
      vertex 46.353178 84.033043 11.175061
      vertex 46.342053 85.936697 11.175061
      vertex 46.092246 85.883836 11.654328
    endloop
  endfacet
  facet normal 0.886524 0.005181 0.462653
    outer loop
      vertex 46.353178 84.033043 11.175061
      vertex 46.092246 85.883836 11.654328
      vertex 46.103829 83.901812 11.654328
    endloop
  endfacet
  facet normal -0.892541 -0.024029 -0.450325
    outer loop
      vertex 45.136574 83.392754 12.096933
      vertex 45.195035 81.221244 12.096933
      vertex 44.948235 81.016024 12.597037
    endloop
  endfacet
  facet normal -0.892541 -0.024029 -0.450325
    outer loop
      vertex 45.136574 83.392754 12.096933
      vertex 44.948235 81.016024 12.597037
      vertex 44.887775 83.261813 12.597037
    endloop
  endfacet
  facet normal 0.884183 0.023804 0.466534
    outer loop
      vertex 46.401860 82.224752 11.175061
      vertex 46.353178 84.033043 11.175061
      vertex 46.103829 83.901812 11.654328
    endloop
  endfacet
  facet normal 0.884183 0.023804 0.466534
    outer loop
      vertex 46.401860 82.224752 11.175061
      vertex 46.103829 83.901812 11.654328
      vertex 46.154515 82.019077 11.654328
    endloop
  endfacet
  facet normal -0.891596 -0.029005 -0.451901
    outer loop
      vertex 45.195035 81.221244 12.096933
      vertex 45.262099 79.159717 12.096933
      vertex 45.017594 78.883979 12.597037
    endloop
  endfacet
  facet normal -0.891596 -0.029005 -0.451901
    outer loop
      vertex 45.195035 81.221244 12.096933
      vertex 45.017594 78.883979 12.597037
      vertex 44.948235 81.016024 12.597037
    endloop
  endfacet
  facet normal 0.883189 0.028731 0.468136
    outer loop
      vertex 46.457707 80.508047 11.175061
      vertex 46.401860 82.224752 11.175061
      vertex 46.154515 82.019077 11.654328
    endloop
  endfacet
  facet normal 0.883189 0.028731 0.468136
    outer loop
      vertex 46.457707 80.508047 11.175061
      vertex 46.154515 82.019077 11.654328
      vertex 46.212661 80.231699 11.654328
    endloop
  endfacet
  facet normal 0.223661 -0.961778 -0.157983
    outer loop
      vertex 45.017594 78.883979 12.597037
      vertex 47.527735 79.467711 12.597037
      vertex 47.469461 79.375174 13.077891
    endloop
  endfacet
  facet normal 0.223661 -0.961778 -0.157983
    outer loop
      vertex 45.017594 78.883979 12.597037
      vertex 47.469461 79.375174 13.077891
      vertex 44.929360 78.784474 13.077891
    endloop
  endfacet
  facet normal -0.223625 0.961625 0.158962
    outer loop
      vertex 48.317012 80.721065 11.654328
      vertex 46.212661 80.231699 11.654328
      vertex 46.125212 80.133080 12.127891
    endloop
  endfacet
  facet normal -0.223625 0.961625 0.158962
    outer loop
      vertex 48.317012 80.721065 11.654328
      vertex 46.125212 80.133080 12.127891
      vertex 48.259257 80.629352 12.127891
    endloop
  endfacet
  facet normal 0.222256 -0.962067 -0.158209
    outer loop
      vertex 47.527735 79.467711 12.597037
      vertex 50.219236 80.089500 12.597037
      vertex 50.193087 80.004384 13.077891
    endloop
  endfacet
  facet normal 0.222256 -0.962067 -0.158209
    outer loop
      vertex 47.527735 79.467711 12.597037
      vertex 50.193087 80.004384 13.077891
      vertex 47.469461 79.375174 13.077891
    endloop
  endfacet
  facet normal -0.222221 0.961913 0.159189
    outer loop
      vertex 50.573405 81.242336 11.654328
      vertex 48.317012 80.721065 11.654328
      vertex 48.259257 80.629352 12.127891
    endloop
  endfacet
  facet normal -0.222221 0.961913 0.159189
    outer loop
      vertex 50.573405 81.242336 11.654328
      vertex 48.259257 80.629352 12.127891
      vertex 50.547489 81.157977 12.127891
    endloop
  endfacet
  facet normal 0.245224 -0.956828 -0.156033
    outer loop
      vertex 50.219236 80.089500 12.597037
      vertex 53.110476 80.830491 12.597037
      vertex 53.118836 80.754219 13.077891
    endloop
  endfacet
  facet normal 0.245224 -0.956828 -0.156033
    outer loop
      vertex 50.219236 80.089500 12.597037
      vertex 53.118836 80.754219 13.077891
      vertex 50.193087 80.004384 13.077891
    endloop
  endfacet
  facet normal -0.245186 0.956679 0.157000
    outer loop
      vertex 52.997246 81.863538 11.654328
      vertex 50.573405 81.242336 11.654328
      vertex 50.547489 81.157977 12.127891
    endloop
  endfacet
  facet normal -0.245186 0.956679 0.157000
    outer loop
      vertex 52.997246 81.863538 11.654328
      vertex 50.547489 81.157977 12.127891
      vertex 53.005532 81.787945 12.127891
    endloop
  endfacet
  facet normal 0.303240 -0.940319 -0.154423
    outer loop
      vertex 53.110476 80.830491 12.597037
      vertex 56.052123 81.779134 12.597037
      vertex 56.095594 81.714184 13.077891
    endloop
  endfacet
  facet normal 0.303240 -0.940319 -0.154423
    outer loop
      vertex 53.110476 80.830491 12.597037
      vertex 56.095594 81.714184 13.077891
      vertex 53.118836 80.754219 13.077891
    endloop
  endfacet
  facet normal -0.303194 0.940176 0.155381
    outer loop
      vertex 55.463347 82.658823 11.654328
      vertex 52.997246 81.863538 11.654328
      vertex 53.005532 81.787945 12.127891
    endloop
  endfacet
  facet normal -0.303194 0.940176 0.155381
    outer loop
      vertex 55.463347 82.658823 11.654328
      vertex 53.005532 81.787945 12.127891
      vertex 55.506430 82.594452 12.127891
    endloop
  endfacet
  facet normal 0.355678 -0.921394 -0.156607
    outer loop
      vertex 56.052123 81.779134 12.597037
      vertex 58.804942 82.841779 12.597037
      vertex 58.881269 82.789514 13.077891
    endloop
  endfacet
  facet normal 0.355678 -0.921394 -0.156607
    outer loop
      vertex 56.052123 81.779134 12.597037
      vertex 58.881269 82.789514 13.077891
      vertex 56.095594 81.714184 13.077891
    endloop
  endfacet
  facet normal -0.355622 0.921250 0.157578
    outer loop
      vertex 57.771144 83.549681 11.654328
      vertex 55.463347 82.658823 11.654328
      vertex 55.506430 82.594452 12.127891
    endloop
  endfacet
  facet normal -0.355622 0.921250 0.157578
    outer loop
      vertex 57.771144 83.549681 11.654328
      vertex 55.506430 82.594452 12.127891
      vertex 57.846792 83.497881 12.127891
    endloop
  endfacet
  facet normal 0.372252 -0.914500 -0.158489
    outer loop
      vertex 58.804942 82.841779 12.597037
      vertex 61.332316 83.870560 12.597037
      vertex 61.438809 83.830574 13.077891
    endloop
  endfacet
  facet normal 0.372252 -0.914500 -0.158489
    outer loop
      vertex 58.804942 82.841779 12.597037
      vertex 61.438809 83.830574 13.077891
      vertex 58.881269 82.789514 13.077891
    endloop
  endfacet
  facet normal -0.372192 0.914353 0.159471
    outer loop
      vertex 59.889943 84.412149 11.654328
      vertex 57.771144 83.549681 11.654328
      vertex 57.846792 83.497881 12.127891
    endloop
  endfacet
  facet normal -0.372192 0.914353 0.159471
    outer loop
      vertex 59.889943 84.412149 11.654328
      vertex 57.846792 83.497881 12.127891
      vertex 59.995488 84.372518 12.127891
    endloop
  endfacet
  facet normal 0.369129 -0.915865 -0.157911
    outer loop
      vertex 61.332316 83.870560 12.597037
      vertex 63.700027 84.824840 12.597037
      vertex 63.834781 84.796243 13.077891
    endloop
  endfacet
  facet normal 0.369129 -0.915865 -0.157911
    outer loop
      vertex 61.332316 83.870560 12.597037
      vertex 63.834781 84.796243 13.077891
      vertex 61.438809 83.830574 13.077891
    endloop
  endfacet
  facet normal -0.369070 0.915719 0.158889
    outer loop
      vertex 61.874889 85.212159 11.654328
      vertex 59.889943 84.412149 11.654328
      vertex 59.995488 84.372518 12.127891
    endloop
  endfacet
  facet normal -0.369070 0.915719 0.158889
    outer loop
      vertex 61.874889 85.212159 11.654328
      vertex 59.995488 84.372518 12.127891
      vertex 62.008443 85.183817 12.127891
    endloop
  endfacet
  facet normal 0.361242 -0.919346 -0.155907
    outer loop
      vertex 63.700027 84.824840 12.597037
      vertex 65.959457 85.712647 12.597037
      vertex 66.121179 85.694647 13.077891
    endloop
  endfacet
  facet normal 0.361242 -0.919346 -0.155907
    outer loop
      vertex 63.700027 84.824840 12.597037
      vertex 66.121179 85.694647 13.077891
      vertex 63.834781 84.796243 13.077891
    endloop
  endfacet
  facet normal -0.361186 0.919203 0.156874
    outer loop
      vertex 63.769059 85.956444 11.654328
      vertex 61.874889 85.212159 11.654328
      vertex 62.008443 85.183817 12.127891
    endloop
  endfacet
  facet normal -0.361186 0.919203 0.156874
    outer loop
      vertex 63.769059 85.956444 11.654328
      vertex 62.008443 85.183817 12.127891
      vertex 63.929341 85.938604 12.127891
    endloop
  endfacet
  facet normal 0.538149 0.829405 -0.149943
    outer loop
      vertex 65.959457 85.712647 12.597037
      vertex 63.831052 87.093635 12.597037
      vertex 63.967370 87.092118 13.077891
    endloop
  endfacet
  facet normal 0.538149 0.829405 -0.149943
    outer loop
      vertex 65.959457 85.712647 12.597037
      vertex 63.967370 87.092118 13.077891
      vertex 66.121179 85.694647 13.077891
    endloop
  endfacet
  facet normal -0.538072 -0.829286 0.150875
    outer loop
      vertex 61.984733 87.114181 11.654328
      vertex 63.769059 85.956444 11.654328
      vertex 63.929341 85.938604 12.127891
    endloop
  endfacet
  facet normal -0.538072 -0.829286 0.150875
    outer loop
      vertex 61.984733 87.114181 11.654328
      vertex 63.929341 85.938604 12.127891
      vertex 62.119837 87.112677 12.127891
    endloop
  endfacet
  facet normal 0.545961 0.823874 -0.152175
    outer loop
      vertex 63.831052 87.093635 12.597037
      vertex 61.601417 88.571159 12.597037
      vertex 61.711122 88.587277 13.077891
    endloop
  endfacet
  facet normal 0.545961 0.823874 -0.152175
    outer loop
      vertex 63.831052 87.093635 12.597037
      vertex 61.711122 88.587277 13.077891
      vertex 63.967370 87.092118 13.077891
    endloop
  endfacet
  facet normal -0.545881 -0.823753 0.153120
    outer loop
      vertex 60.115540 88.352848 11.654328
      vertex 61.984733 87.114181 11.654328
      vertex 62.119837 87.112677 12.127891
    endloop
  endfacet
  facet normal -0.545881 -0.823753 0.153120
    outer loop
      vertex 60.115540 88.352848 11.654328
      vertex 62.119837 87.112677 12.127891
      vertex 60.224269 88.368823 12.127891
    endloop
  endfacet
  facet normal 0.549387 0.821464 -0.152876
    outer loop
      vertex 61.601417 88.571159 12.597037
      vertex 59.212404 90.168908 12.597037
      vertex 59.293594 90.204096 13.077891
    endloop
  endfacet
  facet normal 0.549387 0.821464 -0.152876
    outer loop
      vertex 61.601417 88.571159 12.597037
      vertex 59.293594 90.204096 13.077891
      vertex 61.711122 88.587277 13.077891
    endloop
  endfacet
  facet normal -0.549305 -0.821341 0.153825
    outer loop
      vertex 58.112736 89.692304 11.654328
      vertex 60.115540 88.352848 11.654328
      vertex 60.224269 88.368823 12.127891
    endloop
  endfacet
  facet normal -0.549305 -0.821341 0.153825
    outer loop
      vertex 58.112736 89.692304 11.654328
      vertex 60.224269 88.368823 12.127891
      vertex 58.193203 89.727180 12.127891
    endloop
  endfacet
  facet normal 0.531681 0.833418 -0.150761
    outer loop
      vertex 59.212404 90.168908 12.597037
      vertex 56.574884 91.851520 12.597037
      vertex 56.624594 91.906792 13.077891
    endloop
  endfacet
  facet normal 0.531681 0.833418 -0.150761
    outer loop
      vertex 59.212404 90.168908 12.597037
      vertex 56.624594 91.906792 13.077891
      vertex 59.293594 90.204096 13.077891
    endloop
  endfacet
  facet normal -0.531604 -0.833297 0.151698
    outer loop
      vertex 55.901598 91.102905 11.654328
      vertex 58.112736 89.692304 11.654328
      vertex 58.193203 89.727180 12.127891
    endloop
  endfacet
  facet normal -0.531604 -0.833297 0.151698
    outer loop
      vertex 55.901598 91.102905 11.654328
      vertex 58.193203 89.727180 12.127891
      vertex 55.950865 91.157685 12.127891
    endloop
  endfacet
  facet normal 0.476490 0.866486 -0.148857
    outer loop
      vertex 56.574884 91.851520 12.597037
      vertex 53.722207 93.420238 12.597037
      vertex 53.737868 93.494234 13.077891
    endloop
  endfacet
  facet normal 0.476490 0.866486 -0.148857
    outer loop
      vertex 56.574884 91.851520 12.597037
      vertex 53.737868 93.494234 13.077891
      vertex 56.624594 91.906792 13.077891
    endloop
  endfacet
  facet normal -0.476423 -0.866364 0.149782
    outer loop
      vertex 53.510085 92.418025 11.654328
      vertex 55.901598 91.102905 11.654328
      vertex 55.950865 91.157685 12.127891
    endloop
  endfacet
  facet normal -0.476423 -0.866364 0.149782
    outer loop
      vertex 53.510085 92.418025 11.654328
      vertex 55.950865 91.157685 12.127891
      vertex 53.525607 92.491361 12.127891
    endloop
  endfacet
  facet normal 0.424528 0.892701 -0.151198
    outer loop
      vertex 53.722207 93.420238 12.597037
      vertex 50.936702 94.744898 12.597037
      vertex 50.919117 94.834704 13.077891
    endloop
  endfacet
  facet normal 0.424528 0.892701 -0.151198
    outer loop
      vertex 53.722207 93.420238 12.597037
      vertex 50.919117 94.834704 13.077891
      vertex 53.737868 93.494234 13.077891
    endloop
  endfacet
  facet normal -0.424466 -0.892571 0.152137
    outer loop
      vertex 51.174885 93.528540 11.654328
      vertex 53.510085 92.418025 11.654328
      vertex 53.525607 92.491361 12.127891
    endloop
  endfacet
  facet normal -0.424466 -0.892571 0.152137
    outer loop
      vertex 51.174885 93.528540 11.654328
      vertex 53.525607 92.491361 12.127891
      vertex 51.157457 93.617546 12.127891
    endloop
  endfacet
  facet normal 0.411114 0.898686 -0.152807
    outer loop
      vertex 50.936702 94.744898 12.597037
      vertex 48.359948 95.923663 12.597037
      vertex 48.311608 96.027538 13.077891
    endloop
  endfacet
  facet normal 0.411114 0.898686 -0.152807
    outer loop
      vertex 50.936702 94.744898 12.597037
      vertex 48.311608 96.027538 13.077891
      vertex 50.919117 94.834704 13.077891
    endloop
  endfacet
  facet normal -0.411052 -0.898552 0.153755
    outer loop
      vertex 49.014690 94.516745 11.654328
      vertex 51.174885 93.528540 11.654328
      vertex 51.157457 93.617546 12.127891
    endloop
  endfacet
  facet normal -0.411052 -0.898552 0.153755
    outer loop
      vertex 49.014690 94.516745 11.654328
      vertex 51.157457 93.617546 12.127891
      vertex 48.966779 94.619696 12.127891
    endloop
  endfacet
  facet normal 0.416690 0.896296 -0.151730
    outer loop
      vertex 48.359948 95.923663 12.597037
      vertex 45.959871 97.039465 12.597037
      vertex 45.882883 97.156658 13.077891
    endloop
  endfacet
  facet normal 0.416690 0.896296 -0.151730
    outer loop
      vertex 48.359948 95.923663 12.597037
      vertex 45.882883 97.156658 13.077891
      vertex 48.311608 96.027538 13.077891
    endloop
  endfacet
  facet normal -0.416629 -0.896165 0.152672
    outer loop
      vertex 47.002609 95.452166 11.654328
      vertex 49.014690 94.516745 11.654328
      vertex 48.966779 94.619696 12.127891
    endloop
  endfacet
  facet normal -0.416629 -0.896165 0.152672
    outer loop
      vertex 47.002609 95.452166 11.654328
      vertex 48.966779 94.619696 12.127891
      vertex 46.926307 95.568316 12.127891
    endloop
  endfacet
  facet normal -0.974260 0.126256 -0.186755
    outer loop
      vertex 45.959871 97.039465 12.597037
      vertex 45.690714 94.962499 12.597037
      vertex 45.610514 95.054902 13.077891
    endloop
  endfacet
  facet normal -0.974260 0.126256 -0.186755
    outer loop
      vertex 45.959871 97.039465 12.597037
      vertex 45.610514 95.054902 13.077891
      vertex 45.882883 97.156658 13.077891
    endloop
  endfacet
  facet normal 0.974043 -0.126228 0.187900
    outer loop
      vertex 46.776964 93.710963 11.654328
      vertex 47.002609 95.452166 11.654328
      vertex 46.926307 95.568316 12.127891
    endloop
  endfacet
  facet normal 0.974043 -0.126228 0.187900
    outer loop
      vertex 46.776964 93.710963 11.654328
      vertex 46.926307 95.568316 12.127891
      vertex 46.697479 93.802544 12.127891
    endloop
  endfacet
  facet normal -0.974527 0.124590 -0.186480
    outer loop
      vertex 45.690714 94.962499 12.597037
      vertex 45.411652 92.779714 12.597037
      vertex 45.328121 92.846064 13.077891
    endloop
  endfacet
  facet normal -0.974527 0.124590 -0.186480
    outer loop
      vertex 45.690714 94.962499 12.597037
      vertex 45.328121 92.846064 13.077891
      vertex 45.610514 95.054902 13.077891
    endloop
  endfacet
  facet normal 0.974311 -0.124563 0.187623
    outer loop
      vertex 46.543015 91.881047 11.654328
      vertex 46.776964 93.710963 11.654328
      vertex 46.697479 93.802544 12.127891
    endloop
  endfacet
  facet normal 0.974311 -0.124563 0.187623
    outer loop
      vertex 46.543015 91.881047 11.654328
      vertex 46.697479 93.802544 12.127891
      vertex 46.460228 91.946807 12.127891
    endloop
  endfacet
  facet normal -0.976487 0.110806 -0.184918
    outer loop
      vertex 45.411652 92.779714 12.597037
      vertex 45.150034 90.474175 12.597037
      vertex 45.063380 90.513007 13.077891
    endloop
  endfacet
  facet normal -0.976487 0.110806 -0.184918
    outer loop
      vertex 45.411652 92.779714 12.597037
      vertex 45.063380 90.513007 13.077891
      vertex 45.328121 92.846064 13.077891
    endloop
  endfacet
  facet normal 0.976274 -0.110782 0.186053
    outer loop
      vertex 46.323690 89.948222 11.654328
      vertex 46.543015 91.881047 11.654328
      vertex 46.460228 91.946807 12.127891
    endloop
  endfacet
  facet normal 0.976274 -0.110782 0.186053
    outer loop
      vertex 46.323690 89.948222 11.654328
      vertex 46.460228 91.946807 12.127891
      vertex 46.237809 89.986709 12.127891
    endloop
  endfacet
  facet normal -0.979976 0.078596 -0.182946
    outer loop
      vertex 45.150034 90.474175 12.597037
      vertex 44.956658 88.063079 12.597037
      vertex 44.867697 88.073133 13.077891
    endloop
  endfacet
  facet normal -0.979976 0.078596 -0.182946
    outer loop
      vertex 45.150034 90.474175 12.597037
      vertex 44.867697 88.073133 13.077891
      vertex 45.063380 90.513007 13.077891
    endloop
  endfacet
  facet normal 0.979767 -0.078580 0.184069
    outer loop
      vertex 46.161576 87.926905 11.654328
      vertex 46.323690 89.948222 11.654328
      vertex 46.237809 89.986709 12.127891
    endloop
  endfacet
  facet normal 0.979767 -0.078580 0.184069
    outer loop
      vertex 46.161576 87.926905 11.654328
      vertex 46.237809 89.986709 12.127891
      vertex 46.073407 87.936869 12.127891
    endloop
  endfacet
  facet normal -0.982642 0.033345 -0.182493
    outer loop
      vertex 44.956658 88.063079 12.597037
      vertex 44.873959 85.626038 12.597037
      vertex 44.784010 85.607005 13.077891
    endloop
  endfacet
  facet normal -0.982642 0.033345 -0.182493
    outer loop
      vertex 44.956658 88.063079 12.597037
      vertex 44.784010 85.607005 13.077891
      vertex 44.867697 88.073133 13.077891
    endloop
  endfacet
  facet normal 0.982433 -0.033338 0.183614
    outer loop
      vertex 46.092246 85.883836 11.654328
      vertex 46.161576 87.926905 11.654328
      vertex 46.073407 87.936869 12.127891
    endloop
  endfacet
  facet normal 0.982433 -0.033338 0.183614
    outer loop
      vertex 46.092246 85.883836 11.654328
      vertex 46.073407 87.936869 12.127891
      vertex 46.003098 85.864972 12.127891
    endloop
  endfacet
  facet normal -0.982893 -0.005744 -0.184087
    outer loop
      vertex 44.873959 85.626038 12.597037
      vertex 44.887775 83.261813 12.597037
      vertex 44.797992 83.214561 13.077891
    endloop
  endfacet
  facet normal -0.982893 -0.005744 -0.184087
    outer loop
      vertex 44.873959 85.626038 12.597037
      vertex 44.797992 83.214561 13.077891
      vertex 44.784010 85.607005 13.077891
    endloop
  endfacet
  facet normal 0.982681 0.005743 0.185217
    outer loop
      vertex 46.103829 83.901812 11.654328
      vertex 46.092246 85.883836 11.654328
      vertex 46.003098 85.864972 12.127891
    endloop
  endfacet
  facet normal 0.982681 0.005743 0.185217
    outer loop
      vertex 46.103829 83.901812 11.654328
      vertex 46.003098 85.864972 12.127891
      vertex 46.014845 83.854981 12.127891
    endloop
  endfacet
  facet normal -0.982196 -0.026442 -0.185991
    outer loop
      vertex 44.887775 83.261813 12.597037
      vertex 44.948235 81.016024 12.597037
      vertex 44.859174 80.941967 13.077891
    endloop
  endfacet
  facet normal -0.982196 -0.026442 -0.185991
    outer loop
      vertex 44.887775 83.261813 12.597037
      vertex 44.859174 80.941967 13.077891
      vertex 44.797992 83.214561 13.077891
    endloop
  endfacet
  facet normal 0.981979 0.026436 0.187132
    outer loop
      vertex 46.154515 82.019077 11.654328
      vertex 46.103829 83.901812 11.654328
      vertex 46.014845 83.854981 12.127891
    endloop
  endfacet
  facet normal 0.981979 0.026436 0.187132
    outer loop
      vertex 46.154515 82.019077 11.654328
      vertex 46.014845 83.854981 12.127891
      vertex 46.066246 81.945679 12.127891
    endloop
  endfacet
  facet normal -0.981882 -0.031942 -0.186780
    outer loop
      vertex 44.948235 81.016024 12.597037
      vertex 45.017594 78.883979 12.597037
      vertex 44.929360 78.784474 13.077891
    endloop
  endfacet
  facet normal -0.981882 -0.031942 -0.186780
    outer loop
      vertex 44.948235 81.016024 12.597037
      vertex 44.929360 78.784474 13.077891
      vertex 44.859174 80.941967 13.077891
    endloop
  endfacet
  facet normal 0.981664 0.031935 0.187925
    outer loop
      vertex 46.212661 80.231699 11.654328
      vertex 46.154515 82.019077 11.654328
      vertex 46.066246 81.945679 12.127891
    endloop
  endfacet
  facet normal 0.981664 0.031935 0.187925
    outer loop
      vertex 46.212661 80.231699 11.654328
      vertex 46.066246 81.945679 12.127891
      vertex 46.125212 80.133080 12.127891
    endloop
  endfacet
  facet normal 0.000000 0.000000 1.000000
    outer loop
      vertex 49.268165 83.677501 4.311286
      vertex 51.478931 84.189864 4.311286
      vertex 50.335008 83.925595 4.311286
    endloop
  endfacet
  facet normal 0.000000 0.000000 -1.000000
    outer loop
      vertex 49.268165 83.677501 4.311286
      vertex 52.707745 84.504794 4.311286
      vertex 51.478931 84.189864 4.311286
    endloop
  endfacet
  facet normal 0.000000 0.000000 -1.000000
    outer loop
      vertex 49.268165 83.677501 4.311286
      vertex 53.957984 84.907980 4.311286
      vertex 52.707745 84.504794 4.311286
    endloop
  endfacet
  facet normal 0.000000 0.000000 -1.000000
    outer loop
      vertex 49.268165 83.677501 4.311286
      vertex 55.127967 85.359618 4.311286
      vertex 53.957984 84.907980 4.311286
    endloop
  endfacet
  facet normal 0.000000 0.000000 -1.000000
    outer loop
      vertex 49.268165 83.677501 4.311286
      vertex 56.202134 85.796863 4.311286
      vertex 55.127967 85.359618 4.311286
    endloop
  endfacet
  facet normal 0.000000 0.000000 -1.000000
    outer loop
      vertex 49.268165 83.677501 4.311286
      vertex 57.208442 86.202444 4.311286
      vertex 56.202134 85.796863 4.311286
    endloop
  endfacet
  facet normal 0.000000 0.000000 -1.000000
    outer loop
      vertex 49.268165 83.677501 4.311286
      vertex 58.168729 86.579774 4.311286
      vertex 57.208442 86.202444 4.311286
    endloop
  endfacet
  facet normal 0.000000 0.000000 -1.000000
    outer loop
      vertex 49.268165 83.677501 4.311286
      vertex 57.264130 87.166712 4.311286
      vertex 58.168729 86.579774 4.311286
    endloop
  endfacet
  facet normal 0.000000 0.000000 -1.000000
    outer loop
      vertex 49.268165 83.677501 4.311286
      vertex 56.316505 87.794679 4.311286
      vertex 57.264130 87.166712 4.311286
    endloop
  endfacet
  facet normal 0.000000 0.000000 -1.000000
    outer loop
      vertex 49.268165 83.677501 4.311286
      vertex 55.301144 88.473743 4.311286
      vertex 56.316505 87.794679 4.311286
    endloop
  endfacet
  facet normal 0.000000 0.000000 -1.000000
    outer loop
      vertex 49.268165 83.677501 4.311286
      vertex 54.180164 89.188875 4.311286
      vertex 55.301144 88.473743 4.311286
    endloop
  endfacet
  facet normal 0.000000 0.000000 -1.000000
    outer loop
      vertex 49.268165 83.677501 4.311286
      vertex 52.967739 89.855600 4.311286
      vertex 54.180164 89.188875 4.311286
    endloop
  endfacet
  facet normal 0.000000 0.000000 -1.000000
    outer loop
      vertex 49.268165 83.677501 4.311286
      vertex 51.783863 90.418598 4.311286
      vertex 52.967739 89.855600 4.311286
    endloop
  endfacet
  facet normal 0.000000 0.000000 -1.000000
    outer loop
      vertex 49.268165 83.677501 4.311286
      vertex 50.688709 90.919588 4.311286
      vertex 51.783863 90.418598 4.311286
    endloop
  endfacet
  facet normal 0.000000 0.000000 -1.000000
    outer loop
      vertex 49.268165 83.677501 4.311286
      vertex 49.668645 91.393819 4.311286
      vertex 50.688709 90.919588 4.311286
    endloop
  endfacet
  facet normal 0.000000 0.000000 -1.000000
    outer loop
      vertex 49.268165 83.677501 4.311286
      vertex 49.554250 90.511081 4.311286
      vertex 49.668645 91.393819 4.311286
    endloop
  endfacet
  facet normal 0.000000 0.000000 -1.000000
    outer loop
      vertex 49.268165 83.677501 4.311286
      vertex 49.435645 89.583369 4.311286
      vertex 49.554250 90.511081 4.311286
    endloop
  endfacet
  facet normal 0.000000 0.000000 -1.000000
    outer loop
      vertex 49.268165 83.677501 4.311286
      vertex 49.324454 88.603485 4.311286
      vertex 49.435645 89.583369 4.311286
    endloop
  endfacet
  facet normal 0.000000 0.000000 -1.000000
    outer loop
      vertex 49.268165 83.677501 4.311286
      vertex 49.242267 87.578738 4.311286
      vertex 49.324454 88.603485 4.311286
    endloop
  endfacet
  facet normal 0.000000 0.000000 -1.000000
    outer loop
      vertex 49.268165 83.677501 4.311286
      vertex 49.207119 86.542964 4.311286
      vertex 49.242267 87.578738 4.311286
    endloop
  endfacet
  facet normal 0.000000 0.000000 -1.000000
    outer loop
      vertex 49.268165 83.677501 4.311286
      vertex 49.212991 85.538138 4.311286
      vertex 49.207119 86.542964 4.311286
    endloop
  endfacet
  facet normal 0.000000 0.000000 -1.000000
    outer loop
      vertex 49.268165 83.677501 4.311286
      vertex 49.238687 84.583648 4.311286
      vertex 49.212991 85.538138 4.311286
    endloop
  endfacet
  facet normal -0.152549 0.655984 0.739198
    outer loop
      vertex 44.929360 78.784474 13.077891
      vertex 47.469461 79.375174 13.077891
      vertex 48.259257 80.629352 12.127891
    endloop
  endfacet
  facet normal -0.152549 0.655984 0.739198
    outer loop
      vertex 44.929360 78.784474 13.077891
      vertex 48.259257 80.629352 12.127891
      vertex 46.125212 80.133080 12.127891
    endloop
  endfacet
  facet normal -0.151475 0.655680 0.739689
    outer loop
      vertex 47.469461 79.375174 13.077891
      vertex 50.193087 80.004384 13.077891
      vertex 50.547489 81.157977 12.127891
    endloop
  endfacet
  facet normal -0.151475 0.655680 0.739689
    outer loop
      vertex 47.469461 79.375174 13.077891
      vertex 50.547489 81.157977 12.127891
      vertex 48.259257 80.629352 12.127891
    endloop
  endfacet
  facet normal -0.168364 0.656933 0.734910
    outer loop
      vertex 50.193087 80.004384 13.077891
      vertex 53.118836 80.754219 13.077891
      vertex 53.005532 81.787945 12.127891
    endloop
  endfacet
  facet normal -0.168364 0.656933 0.734910
    outer loop
      vertex 50.193087 80.004384 13.077891
      vertex 53.005532 81.787945 12.127891
      vertex 50.547489 81.157977 12.127891
    endloop
  endfacet
  facet normal -0.209336 0.649130 0.731306
    outer loop
      vertex 53.118836 80.754219 13.077891
      vertex 56.095594 81.714184 13.077891
      vertex 55.506430 82.594452 12.127891
    endloop
  endfacet
  facet normal -0.209336 0.649130 0.731306
    outer loop
      vertex 53.118836 80.754219 13.077891
      vertex 55.506430 82.594452 12.127891
      vertex 53.005532 81.787945 12.127891
    endloop
  endfacet
  facet normal -0.243724 0.631376 0.736182
    outer loop
      vertex 56.095594 81.714184 13.077891
      vertex 58.881269 82.789514 13.077891
      vertex 57.846792 83.497881 12.127891
    endloop
  endfacet
  facet normal -0.243724 0.631376 0.736182
    outer loop
      vertex 56.095594 81.714184 13.077891
      vertex 57.846792 83.497881 12.127891
      vertex 55.506430 82.594452 12.127891
    endloop
  endfacet
  facet normal -0.253462 0.622672 0.740295
    outer loop
      vertex 58.881269 82.789514 13.077891
      vertex 61.438809 83.830574 13.077891
      vertex 59.995488 84.372518 12.127891
    endloop
  endfacet
  facet normal -0.253462 0.622672 0.740295
    outer loop
      vertex 58.881269 82.789514 13.077891
      vertex 59.995488 84.372518 12.127891
      vertex 57.846792 83.497881 12.127891
    endloop
  endfacet
  facet normal -0.251828 0.624823 0.739040
    outer loop
      vertex 61.438809 83.830574 13.077891
      vertex 63.834781 84.796243 13.077891
      vertex 62.008443 85.183817 12.127891
    endloop
  endfacet
  facet normal -0.251828 0.624823 0.739040
    outer loop
      vertex 61.438809 83.830574 13.077891
      vertex 62.008443 85.183817 12.127891
      vertex 59.995488 84.372518 12.127891
    endloop
  endfacet
  facet normal -0.248125 0.631467 0.734632
    outer loop
      vertex 63.834781 84.796243 13.077891
      vertex 66.121179 85.694647 13.077891
      vertex 63.929341 85.938604 12.127891
    endloop
  endfacet
  facet normal -0.248125 0.631467 0.734632
    outer loop
      vertex 63.834781 84.796243 13.077891
      vertex 63.929341 85.938604 12.127891
      vertex 62.008443 85.183817 12.127891
    endloop
  endfacet
  facet normal -0.377187 -0.581328 0.720963
    outer loop
      vertex 66.121179 85.694647 13.077891
      vertex 63.967370 87.092118 13.077891
      vertex 62.119837 87.112677 12.127891
    endloop
  endfacet
  facet normal -0.377187 -0.581328 0.720963
    outer loop
      vertex 66.121179 85.694647 13.077891
      vertex 62.119837 87.112677 12.127891
      vertex 63.929341 85.938604 12.127891
    endloop
  endfacet
  facet normal -0.379776 -0.573096 0.726176
    outer loop
      vertex 63.967370 87.092118 13.077891
      vertex 61.711122 88.587277 13.077891
      vertex 60.224269 88.368823 12.127891
    endloop
  endfacet
  facet normal -0.379776 -0.573096 0.726176
    outer loop
      vertex 63.967370 87.092118 13.077891
      vertex 60.224269 88.368823 12.127891
      vertex 62.119837 87.112677 12.127891
    endloop
  endfacet
  facet normal -0.381252 -0.570062 0.727788
    outer loop
      vertex 61.711122 88.587277 13.077891
      vertex 59.293594 90.204096 13.077891
      vertex 58.193203 89.727180 12.127891
    endloop
  endfacet
  facet normal -0.381252 -0.570062 0.727788
    outer loop
      vertex 61.711122 88.587277 13.077891
      vertex 58.193203 89.727180 12.127891
      vertex 60.224269 88.368823 12.127891
    endloop
  endfacet
  facet normal -0.371621 -0.582522 0.722887
    outer loop
      vertex 59.293594 90.204096 13.077891
      vertex 56.624594 91.906792 13.077891
      vertex 55.950865 91.157685 12.127891
    endloop
  endfacet
  facet normal -0.371621 -0.582522 0.722887
    outer loop
      vertex 59.293594 90.204096 13.077891
      vertex 55.950865 91.157685 12.127891
      vertex 58.193203 89.727180 12.127891
    endloop
  endfacet
  facet normal -0.335204 -0.609561 0.718382
    outer loop
      vertex 56.624594 91.906792 13.077891
      vertex 53.737868 93.494234 13.077891
      vertex 53.525607 92.491361 12.127891
    endloop
  endfacet
  facet normal -0.335204 -0.609561 0.718382
    outer loop
      vertex 56.624594 91.906792 13.077891
      vertex 53.525607 92.491361 12.127891
      vertex 55.950865 91.157685 12.127891
    endloop
  endfacet
  facet normal -0.296286 -0.623033 0.723909
    outer loop
      vertex 53.737868 93.494234 13.077891
      vertex 50.919117 94.834704 13.077891
      vertex 51.157457 93.617546 12.127891
    endloop
  endfacet
  facet normal -0.296286 -0.623033 0.723909
    outer loop
      vertex 53.737868 93.494234 13.077891
      vertex 51.157457 93.617546 12.127891
      vertex 53.525607 92.491361 12.127891
    endloop
  endfacet
  facet normal -0.285363 -0.623798 0.727629
    outer loop
      vertex 50.919117 94.834704 13.077891
      vertex 48.311608 96.027538 13.077891
      vertex 48.966779 94.619696 12.127891
    endloop
  endfacet
  facet normal -0.285363 -0.623798 0.727629
    outer loop
      vertex 50.919117 94.834704 13.077891
      vertex 48.966779 94.619696 12.127891
      vertex 51.157457 93.617546 12.127891
    endloop
  endfacet
  facet normal -0.290292 -0.624416 0.725145
    outer loop
      vertex 48.311608 96.027538 13.077891
      vertex 45.882883 97.156658 13.077891
      vertex 46.926307 95.568316 12.127891
    endloop
  endfacet
  facet normal -0.290292 -0.624416 0.725145
    outer loop
      vertex 48.311608 96.027538 13.077891
      vertex 46.926307 95.568316 12.127891
      vertex 48.966779 94.619696 12.127891
    endloop
  endfacet
  facet normal 0.603457 -0.078203 0.793552
    outer loop
      vertex 45.882883 97.156658 13.077891
      vertex 45.610514 95.054902 13.077891
      vertex 46.697479 93.802544 12.127891
    endloop
  endfacet
  facet normal 0.603457 -0.078203 0.793552
    outer loop
      vertex 45.882883 97.156658 13.077891
      vertex 46.697479 93.802544 12.127891
      vertex 46.926307 95.568316 12.127891
    endloop
  endfacet
  facet normal 0.604171 -0.077241 0.793102
    outer loop
      vertex 45.610514 95.054902 13.077891
      vertex 45.328121 92.846064 13.077891
      vertex 46.460228 91.946807 12.127891
    endloop
  endfacet
  facet normal 0.604171 -0.077241 0.793102
    outer loop
      vertex 45.610514 95.054902 13.077891
      vertex 46.460228 91.946807 12.127891
      vertex 46.697479 93.802544 12.127891
    endloop
  endfacet
  facet normal 0.608519 -0.069051 0.790530
    outer loop
      vertex 45.328121 92.846064 13.077891
      vertex 45.063380 90.513007 13.077891
      vertex 46.237809 89.986709 12.127891
    endloop
  endfacet
  facet normal 0.608519 -0.069051 0.790530
    outer loop
      vertex 45.328121 92.846064 13.077891
      vertex 46.237809 89.986709 12.127891
      vertex 46.460228 91.946807 12.127891
    endloop
  endfacet
  facet normal 0.614695 -0.049300 0.787223
    outer loop
      vertex 45.063380 90.513007 13.077891
      vertex 44.867697 88.073133 13.077891
      vertex 46.073407 87.936869 12.127891
    endloop
  endfacet
  facet normal 0.614695 -0.049300 0.787223
    outer loop
      vertex 45.063380 90.513007 13.077891
      vertex 46.073407 87.936869 12.127891
      vertex 46.237809 89.986709 12.127891
    endloop
  endfacet
  facet normal 0.617294 -0.020947 0.786454
    outer loop
      vertex 44.867697 88.073133 13.077891
      vertex 44.784010 85.607005 13.077891
      vertex 46.003098 85.864972 12.127891
    endloop
  endfacet
  facet normal 0.617294 -0.020947 0.786454
    outer loop
      vertex 44.867697 88.073133 13.077891
      vertex 46.003098 85.864972 12.127891
      vertex 46.073407 87.936869 12.127891
    endloop
  endfacet
  facet normal 0.614198 0.003589 0.789144
    outer loop
      vertex 44.784010 85.607005 13.077891
      vertex 44.797992 83.214561 13.077891
      vertex 46.014845 83.854981 12.127891
    endloop
  endfacet
  facet normal 0.614198 0.003589 0.789144
    outer loop
      vertex 44.784010 85.607005 13.077891
      vertex 46.014845 83.854981 12.127891
      vertex 46.003098 85.864972 12.127891
    endloop
  endfacet
  facet normal 0.609910 0.016420 0.792301
    outer loop
      vertex 44.797992 83.214561 13.077891
      vertex 44.859174 80.941967 13.077891
      vertex 46.066246 81.945679 12.127891
    endloop
  endfacet
  facet normal 0.609910 0.016420 0.792301
    outer loop
      vertex 44.797992 83.214561 13.077891
      vertex 46.066246 81.945679 12.127891
      vertex 46.014845 83.854981 12.127891
    endloop
  endfacet
  facet normal 0.608129 0.019783 0.793592
    outer loop
      vertex 44.859174 80.941967 13.077891
      vertex 44.929360 78.784474 13.077891
      vertex 46.125212 80.133080 12.127891
    endloop
  endfacet
  facet normal 0.608129 0.019783 0.793592
    outer loop
      vertex 44.859174 80.941967 13.077891
      vertex 46.125212 80.133080 12.127891
      vertex 46.066246 81.945679 12.127891
    endloop
  endfacet
  facet normal 0.000000 0.000000 -1.000000
    outer loop
      vertex 50.422788 84.979611 5.217220
      vertex 51.097574 85.136532 5.217220
      vertex 51.821114 85.303684 5.217220
    endloop
  endfacet
  facet normal 0.000000 0.000000 1.000000
    outer loop
      vertex 50.422788 84.979611 5.217220
      vertex 51.821114 85.303684 5.217220
      vertex 52.598348 85.502880 5.217220
    endloop
  endfacet
  facet normal 0.000000 0.000000 1.000000
    outer loop
      vertex 50.422788 84.979611 5.217220
      vertex 52.598348 85.502880 5.217220
      vertex 53.389133 85.757897 5.217220
    endloop
  endfacet
  facet normal 0.000000 0.000000 1.000000
    outer loop
      vertex 50.422788 84.979611 5.217220
      vertex 53.389133 85.757897 5.217220
      vertex 54.129156 86.043562 5.217220
    endloop
  endfacet
  facet normal 0.000000 0.000000 1.000000
    outer loop
      vertex 50.422788 84.979611 5.217220
      vertex 54.129156 86.043562 5.217220
      vertex 54.808575 86.320123 5.217220
    endloop
  endfacet
  facet normal 0.000000 0.000000 1.000000
    outer loop
      vertex 50.422788 84.979611 5.217220
      vertex 54.808575 86.320123 5.217220
      vertex 55.445072 86.576656 5.217220
    endloop
  endfacet
  facet normal 0.000000 0.000000 1.000000
    outer loop
      vertex 50.422788 84.979611 5.217220
      vertex 55.445072 86.576656 5.217220
      vertex 56.052461 86.815320 5.217220
    endloop
  endfacet
  facet normal 0.000000 0.000000 1.000000
    outer loop
      vertex 50.422788 84.979611 5.217220
      vertex 56.052461 86.815320 5.217220
      vertex 55.480295 87.186562 5.217220
    endloop
  endfacet
  facet normal 0.000000 0.000000 1.000000
    outer loop
      vertex 50.422788 84.979611 5.217220
      vertex 55.480295 87.186562 5.217220
      vertex 54.880916 87.583756 5.217220
    endloop
  endfacet
  facet normal 0.000000 0.000000 1.000000
    outer loop
      vertex 50.422788 84.979611 5.217220
      vertex 54.880916 87.583756 5.217220
      vertex 54.238692 88.013269 5.217220
    endloop
  endfacet
  facet normal 0.000000 0.000000 1.000000
    outer loop
      vertex 50.422788 84.979611 5.217220
      vertex 54.238692 88.013269 5.217220
      vertex 53.529664 88.465595 5.217220
    endloop
  endfacet
  facet normal 0.000000 0.000000 1.000000
    outer loop
      vertex 50.422788 84.979611 5.217220
      vertex 53.529664 88.465595 5.217220
      vertex 52.762796 88.887304 5.217220
    endloop
  endfacet
  facet normal 0.000000 0.000000 1.000000
    outer loop
      vertex 50.422788 84.979611 5.217220
      vertex 52.762796 88.887304 5.217220
      vertex 52.013986 89.243405 5.217220
    endloop
  endfacet
  facet normal 0.000000 0.000000 1.000000
    outer loop
      vertex 50.422788 84.979611 5.217220
      vertex 52.013986 89.243405 5.217220
      vertex 51.321293 89.560285 5.217220
    endloop
  endfacet
  facet normal 0.000000 0.000000 1.000000
    outer loop
      vertex 50.422788 84.979611 5.217220
      vertex 51.321293 89.560285 5.217220
      vertex 50.676094 89.860239 5.217220
    endloop
  endfacet
  facet normal 0.000000 0.000000 1.000000
    outer loop
      vertex 50.422788 84.979611 5.217220
      vertex 50.676094 89.860239 5.217220
      vertex 50.603739 89.301901 5.217220
    endloop
  endfacet
  facet normal 0.000000 0.000000 1.000000
    outer loop
      vertex 50.422788 84.979611 5.217220
      vertex 50.603739 89.301901 5.217220
      vertex 50.528720 88.715116 5.217220
    endloop
  endfacet
  facet normal 0.000000 0.000000 1.000000
    outer loop
      vertex 50.422788 84.979611 5.217220
      vertex 50.528720 88.715116 5.217220
      vertex 50.458391 88.095332 5.217220
    endloop
  endfacet
  facet normal 0.000000 -0.000000 1.000000
    outer loop
      vertex 50.422788 84.979611 5.217220
      vertex 50.458391 88.095332 5.217220
      vertex 50.406407 87.447172 5.217220
    endloop
  endfacet
  facet normal 0.000000 0.000000 1.000000
    outer loop
      vertex 50.422788 84.979611 5.217220
      vertex 50.406407 87.447172 5.217220
      vertex 50.384175 86.792037 5.217220
    endloop
  endfacet
  facet normal 0.000000 0.000000 1.000000
    outer loop
      vertex 50.422788 84.979611 5.217220
      vertex 50.384175 86.792037 5.217220
      vertex 50.387889 86.156477 5.217220
    endloop
  endfacet
  facet normal 0.000000 0.000000 1.000000
    outer loop
      vertex 50.422788 84.979611 5.217220
      vertex 50.387889 86.156477 5.217220
      vertex 50.404143 85.552755 5.217220
    endloop
  endfacet
endsolid box_wall_short_a_r3_c1_tubes_color_4_orange
