solid box_wall_long_r1_c5_tubes_color_4_orange
  facet normal 0.008101 -0.999820 -0.017135
    outer loop
      vertex 52.345840 28.044676 4.311286
      vertex 54.112286 28.058989 4.311286
      vertex 54.087973 28.019440 6.607506
    endloop
  endfacet
  facet normal 0.008101 -0.999820 -0.017135
    outer loop
      vertex 52.345840 28.044676 4.311286
      vertex 54.087973 28.019440 6.607506
      vertex 52.305504 28.004996 6.607506
    endloop
  endfacet
  facet normal 0.026907 -0.999495 -0.016930
    outer loop
      vertex 54.112286 28.058989 4.311286
      vertex 56.015273 28.110220 4.311286
      vertex 56.008220 28.071135 6.607506
    endloop
  endfacet
  facet normal 0.026907 -0.999495 -0.016930
    outer loop
      vertex 54.112286 28.058989 4.311286
      vertex 56.008220 28.071135 6.607506
      vertex 54.087973 28.019440 6.607506
    endloop
  endfacet
  facet normal 0.081055 -0.996569 -0.016714
    outer loop
      vertex 56.015273 28.110220 4.311286
      vertex 57.998872 28.271553 4.311286
      vertex 58.009811 28.233932 6.607506
    endloop
  endfacet
  facet normal 0.081055 -0.996569 -0.016714
    outer loop
      vertex 56.015273 28.110220 4.311286
      vertex 58.009811 28.233932 6.607506
      vertex 56.008220 28.071135 6.607506
    endloop
  endfacet
  facet normal 0.140277 -0.989968 -0.016888
    outer loop
      vertex 57.998872 28.271553 4.311286
      vertex 59.909911 28.542344 4.311286
      vertex 59.938184 28.507179 6.607506
    endloop
  endfacet
  facet normal 0.140277 -0.989968 -0.016888
    outer loop
      vertex 57.998872 28.271553 4.311286
      vertex 59.938184 28.507179 6.607506
      vertex 58.009811 28.233932 6.607506
    endloop
  endfacet
  facet normal 0.165765 -0.986016 -0.017141
    outer loop
      vertex 59.909911 28.542344 4.311286
      vertex 61.678953 28.839749 4.311286
      vertex 61.723272 28.807281 6.607506
    endloop
  endfacet
  facet normal 0.165765 -0.986016 -0.017141
    outer loop
      vertex 59.909911 28.542344 4.311286
      vertex 61.723272 28.807281 6.607506
      vertex 59.938184 28.507179 6.607506
    endloop
  endfacet
  facet normal 0.166190 -0.985945 -0.017149
    outer loop
      vertex 61.678953 28.839749 4.311286
      vertex 63.330991 29.118216 4.311286
      vertex 63.390294 29.088274 6.607506
    endloop
  endfacet
  facet normal 0.166190 -0.985945 -0.017149
    outer loop
      vertex 61.678953 28.839749 4.311286
      vertex 63.390294 29.088274 6.607506
      vertex 61.723272 28.807281 6.607506
    endloop
  endfacet
  facet normal 0.158692 -0.987182 -0.016971
    outer loop
      vertex 63.330991 29.118216 4.311286
      vertex 64.900008 29.370440 4.311286
      vertex 64.973542 29.342785 6.607506
    endloop
  endfacet
  facet normal 0.158692 -0.987182 -0.016971
    outer loop
      vertex 63.330991 29.118216 4.311286
      vertex 64.973542 29.342785 6.607506
      vertex 63.390294 29.088274 6.607506
    endloop
  endfacet
  facet normal 0.150310 -0.988497 -0.016718
    outer loop
      vertex 64.900008 29.370440 4.311286
      vertex 66.408687 29.599849 4.311286
      vertex 66.495906 29.574275 6.607506
    endloop
  endfacet
  facet normal 0.150310 -0.988497 -0.016718
    outer loop
      vertex 64.900008 29.370440 4.311286
      vertex 66.495906 29.574275 6.607506
      vertex 64.973542 29.342785 6.607506
    endloop
  endfacet
  facet normal 0.587201 0.809332 -0.013290
    outer loop
      vertex 66.408687 29.599849 4.311286
      vertex 64.813660 30.757101 4.311286
      vertex 64.886412 30.742025 6.607506
    endloop
  endfacet
  facet normal 0.587201 0.809332 -0.013290
    outer loop
      vertex 66.408687 29.599849 4.311286
      vertex 64.886412 30.742025 6.607506
      vertex 66.495906 29.574275 6.607506
    endloop
  endfacet
  facet normal 0.597141 0.802020 -0.013653
    outer loop
      vertex 64.813660 30.757101 4.311286
      vertex 63.146399 31.998455 4.311286
      vertex 63.204028 31.994638 6.607506
    endloop
  endfacet
  facet normal 0.597141 0.802020 -0.013653
    outer loop
      vertex 64.813660 30.757101 4.311286
      vertex 63.204028 31.994638 6.607506
      vertex 64.886412 30.742025 6.607506
    endloop
  endfacet
  facet normal 0.607730 0.794021 -0.013932
    outer loop
      vertex 63.146399 31.998455 4.311286
      vertex 61.358273 33.367056 4.311286
      vertex 61.399683 33.375653 6.607506
    endloop
  endfacet
  facet normal 0.607730 0.794021 -0.013932
    outer loop
      vertex 63.146399 31.998455 4.311286
      vertex 61.399683 33.375653 6.607506
      vertex 63.204028 31.994638 6.607506
    endloop
  endfacet
  facet normal 0.597429 0.801804 -0.013776
    outer loop
      vertex 61.358273 33.367056 4.311286
      vertex 59.329634 34.878607 4.311286
      vertex 59.352644 34.900913 6.607506
    endloop
  endfacet
  facet normal 0.597429 0.801804 -0.013776
    outer loop
      vertex 61.358273 33.367056 4.311286
      vertex 59.352644 34.900913 6.607506
      vertex 61.399683 33.375653 6.607506
    endloop
  endfacet
  facet normal 0.525707 0.850558 -0.013531
    outer loop
      vertex 59.329634 34.878607 4.311286
      vertex 57.067755 36.276612 4.311286
      vertex 57.070249 36.311599 6.607506
    endloop
  endfacet
  facet normal 0.525707 0.850558 -0.013531
    outer loop
      vertex 59.329634 34.878607 4.311286
      vertex 57.070249 36.311599 6.607506
      vertex 59.352644 34.900913 6.607506
    endloop
  endfacet
  facet normal 0.477147 0.878714 -0.013907
    outer loop
      vertex 57.067755 36.276612 4.311286
      vertex 54.959503 37.421406 4.311286
      vertex 54.942874 37.466776 6.607506
    endloop
  endfacet
  facet normal 0.477147 0.878714 -0.013907
    outer loop
      vertex 57.067755 36.276612 4.311286
      vertex 54.942874 37.466776 6.607506
      vertex 57.070249 36.311599 6.607506
    endloop
  endfacet
  facet normal 0.481811 0.876166 -0.013823
    outer loop
      vertex 54.959503 37.421406 4.311286
      vertex 53.061924 38.464899 4.311286
      vertex 53.028083 38.519735 6.607506
    endloop
  endfacet
  facet normal 0.481811 0.876166 -0.013823
    outer loop
      vertex 54.959503 37.421406 4.311286
      vertex 53.028083 38.519735 6.607506
      vertex 54.942874 37.466776 6.607506
    endloop
  endfacet
  facet normal 0.493867 0.869433 -0.013484
    outer loop
      vertex 53.061924 38.464899 4.311286
      vertex 51.299889 39.465794 4.311286
      vertex 51.250066 39.529709 6.607506
    endloop
  endfacet
  facet normal 0.493867 0.869433 -0.013484
    outer loop
      vertex 53.061924 38.464899 4.311286
      vertex 51.250066 39.529709 6.607506
      vertex 53.028083 38.519735 6.607506
    endloop
  endfacet
  facet normal -0.998981 -0.040173 -0.020558
    outer loop
      vertex 51.299889 39.465794 4.311286
      vertex 51.351187 38.190153 4.311286
      vertex 51.301830 38.242497 6.607506
    endloop
  endfacet
  facet normal -0.998981 -0.040173 -0.020558
    outer loop
      vertex 51.299889 39.465794 4.311286
      vertex 51.301830 38.242497 6.607506
      vertex 51.250066 39.529709 6.607506
    endloop
  endfacet
  facet normal -0.999108 -0.036834 -0.020636
    outer loop
      vertex 51.351187 38.190153 4.311286
      vertex 51.400105 36.863260 4.311286
      vertex 51.351191 36.903568 6.607506
    endloop
  endfacet
  facet normal -0.999108 -0.036834 -0.020636
    outer loop
      vertex 51.351187 38.190153 4.311286
      vertex 51.351191 36.903568 6.607506
      vertex 51.301830 38.242497 6.607506
    endloop
  endfacet
  facet normal -0.999045 -0.038534 -0.020605
    outer loop
      vertex 51.400105 36.863260 4.311286
      vertex 51.453684 35.474151 4.311286
      vertex 51.405256 35.501860 6.607506
    endloop
  endfacet
  facet normal -0.999045 -0.038534 -0.020605
    outer loop
      vertex 51.400105 36.863260 4.311286
      vertex 51.405256 35.501860 6.607506
      vertex 51.351191 36.903568 6.607506
    endloop
  endfacet
  facet normal -0.998503 -0.050733 -0.020447
    outer loop
      vertex 51.453684 35.474151 4.311286
      vertex 51.527781 34.015820 4.311286
      vertex 51.480025 34.030301 6.607506
    endloop
  endfacet
  facet normal -0.998503 -0.050733 -0.020447
    outer loop
      vertex 51.453684 35.474151 4.311286
      vertex 51.480025 34.030301 6.607506
      vertex 51.405256 35.501860 6.607506
    endloop
  endfacet
  facet normal -0.996681 -0.078854 -0.020231
    outer loop
      vertex 51.527781 34.015820 4.311286
      vertex 51.647792 32.498932 4.311286
      vertex 51.601125 32.499654 6.607506
    endloop
  endfacet
  facet normal -0.996681 -0.078854 -0.020231
    outer loop
      vertex 51.527781 34.015820 4.311286
      vertex 51.601125 32.499654 6.607506
      vertex 51.480025 34.030301 6.607506
    endloop
  endfacet
  facet normal -0.992541 -0.120238 -0.020134
    outer loop
      vertex 51.647792 32.498932 4.311286
      vertex 51.833590 30.965202 4.311286
      vertex 51.788608 30.952013 6.607506
    endloop
  endfacet
  facet normal -0.992541 -0.120238 -0.020134
    outer loop
      vertex 51.647792 32.498932 4.311286
      vertex 51.788608 30.952013 6.607506
      vertex 51.601125 32.499654 6.607506
    endloop
  endfacet
  facet normal -0.986869 -0.160250 -0.020253
    outer loop
      vertex 51.833590 30.965202 4.311286
      vertex 52.076383 29.470009 4.311286
      vertex 52.033603 29.443257 6.607506
    endloop
  endfacet
  facet normal -0.986869 -0.160250 -0.020253
    outer loop
      vertex 51.833590 30.965202 4.311286
      vertex 52.033603 29.443257 6.607506
      vertex 51.788608 30.952013 6.607506
    endloop
  endfacet
  facet normal -0.982390 -0.185719 -0.020466
    outer loop
      vertex 52.076383 29.470009 4.311286
      vertex 52.345840 28.044676 4.311286
      vertex 52.305504 28.004996 6.607506
    endloop
  endfacet
  facet normal -0.982390 -0.185719 -0.020466
    outer loop
      vertex 52.076383 29.470009 4.311286
      vertex 52.305504 28.004996 6.607506
      vertex 52.033603 29.443257 6.607506
    endloop
  endfacet
  facet normal 0.008093 -0.998768 -0.048958
    outer loop
      vertex 52.305504 28.004996 6.607506
      vertex 54.087973 28.019440 6.607506
      vertex 54.018077 27.905744 8.915401
    endloop
  endfacet
  facet normal 0.008093 -0.998768 -0.048958
    outer loop
      vertex 52.305504 28.004996 6.607506
      vertex 54.018077 27.905744 8.915401
      vertex 52.189548 27.890928 8.915401
    endloop
  endfacet
  facet normal 0.026880 -0.998468 -0.048374
    outer loop
      vertex 54.087973 28.019440 6.607506
      vertex 56.008220 28.071135 6.607506
      vertex 55.987945 27.958775 8.915401
    endloop
  endfacet
  facet normal 0.026880 -0.998468 -0.048374
    outer loop
      vertex 54.087973 28.019440 6.607506
      vertex 55.987945 27.958775 8.915401
      vertex 54.018077 27.905744 8.915401
    endloop
  endfacet
  facet normal 0.080974 -0.995571 -0.047758
    outer loop
      vertex 56.008220 28.071135 6.607506
      vertex 58.009811 28.233932 6.607506
      vertex 58.041258 28.125779 8.915401
    endloop
  endfacet
  facet normal 0.080974 -0.995571 -0.047758
    outer loop
      vertex 56.008220 28.071135 6.607506
      vertex 58.041258 28.125779 8.915401
      vertex 55.987945 27.958775 8.915401
    endloop
  endfacet
  facet normal 0.140133 -0.988956 -0.048254
    outer loop
      vertex 58.009811 28.233932 6.607506
      vertex 59.938184 28.507179 6.607506
      vertex 60.019462 28.406087 8.915401
    endloop
  endfacet
  facet normal 0.140133 -0.988956 -0.048254
    outer loop
      vertex 58.009811 28.233932 6.607506
      vertex 60.019462 28.406087 8.915401
      vertex 58.041258 28.125779 8.915401
    endloop
  endfacet
  facet normal 0.165591 -0.984978 -0.048976
    outer loop
      vertex 59.938184 28.507179 6.607506
      vertex 61.723272 28.807281 6.607506
      vertex 61.850677 28.713944 8.915401
    endloop
  endfacet
  facet normal 0.165591 -0.984978 -0.048976
    outer loop
      vertex 59.938184 28.507179 6.607506
      vertex 61.850677 28.713944 8.915401
      vertex 60.019462 28.406087 8.915401
    endloop
  endfacet
  facet normal 0.166015 -0.984905 -0.048997
    outer loop
      vertex 61.723272 28.807281 6.607506
      vertex 63.390294 29.088274 6.607506
      vertex 63.560776 29.002198 8.915401
    endloop
  endfacet
  facet normal 0.166015 -0.984905 -0.048997
    outer loop
      vertex 61.723272 28.807281 6.607506
      vertex 63.560776 29.002198 8.915401
      vertex 61.850677 28.713944 8.915401
    endloop
  endfacet
  facet normal 0.158528 -0.986163 -0.048491
    outer loop
      vertex 63.390294 29.088274 6.607506
      vertex 64.973542 29.342785 6.607506
      vertex 65.184936 29.263286 8.915401
    endloop
  endfacet
  facet normal 0.158528 -0.986163 -0.048491
    outer loop
      vertex 63.390294 29.088274 6.607506
      vertex 65.184936 29.263286 8.915401
      vertex 63.560776 29.002198 8.915401
    endloop
  endfacet
  facet normal 0.150160 -0.987507 -0.047770
    outer loop
      vertex 64.973542 29.342785 6.607506
      vertex 66.495906 29.574275 6.607506
      vertex 66.746639 29.500758 8.915401
    endloop
  endfacet
  facet normal 0.150160 -0.987507 -0.047770
    outer loop
      vertex 64.973542 29.342785 6.607506
      vertex 66.746639 29.500758 8.915401
      vertex 65.184936 29.263286 8.915401
    endloop
  endfacet
  facet normal 0.586829 0.808819 -0.037989
    outer loop
      vertex 66.495906 29.574275 6.607506
      vertex 64.886412 30.742025 6.607506
      vertex 65.095554 30.698683 8.915401
    endloop
  endfacet
  facet normal 0.586829 0.808819 -0.037989
    outer loop
      vertex 66.495906 29.574275 6.607506
      vertex 65.095554 30.698683 8.915401
      vertex 66.746639 29.500758 8.915401
    endloop
  endfacet
  facet normal 0.596742 0.801484 -0.039025
    outer loop
      vertex 64.886412 30.742025 6.607506
      vertex 63.204028 31.994638 6.607506
      vertex 63.369697 31.983664 8.915401
    endloop
  endfacet
  facet normal 0.596742 0.801484 -0.039025
    outer loop
      vertex 64.886412 30.742025 6.607506
      vertex 63.369697 31.983664 8.915401
      vertex 65.095554 30.698683 8.915401
    endloop
  endfacet
  facet normal 0.607307 0.793469 -0.039822
    outer loop
      vertex 63.204028 31.994638 6.607506
      vertex 61.399683 33.375653 6.607506
      vertex 61.518726 33.400365 8.915401
    endloop
  endfacet
  facet normal 0.607307 0.793469 -0.039822
    outer loop
      vertex 63.204028 31.994638 6.607506
      vertex 61.518726 33.400365 8.915401
      vertex 63.369697 31.983664 8.915401
    endloop
  endfacet
  facet normal 0.597022 0.801258 -0.039375
    outer loop
      vertex 61.399683 33.375653 6.607506
      vertex 59.352644 34.900913 6.607506
      vertex 59.418790 34.965039 8.915401
    endloop
  endfacet
  facet normal 0.597022 0.801258 -0.039375
    outer loop
      vertex 61.399683 33.375653 6.607506
      vertex 59.418790 34.965039 8.915401
      vertex 61.518726 33.400365 8.915401
    endloop
  endfacet
  facet normal 0.525362 0.850000 -0.038675
    outer loop
      vertex 59.352644 34.900913 6.607506
      vertex 57.070249 36.311599 6.607506
      vertex 57.077417 36.412178 8.915401
    endloop
  endfacet
  facet normal 0.525362 0.850000 -0.038675
    outer loop
      vertex 59.352644 34.900913 6.607506
      vertex 57.077417 36.412178 8.915401
      vertex 59.418790 34.965039 8.915401
    endloop
  endfacet
  facet normal 0.476816 0.878104 -0.039749
    outer loop
      vertex 57.070249 36.311599 6.607506
      vertex 54.942874 37.466776 6.607506
      vertex 54.895069 37.597206 8.915401
    endloop
  endfacet
  facet normal 0.476816 0.878104 -0.039749
    outer loop
      vertex 57.070249 36.311599 6.607506
      vertex 54.895069 37.597206 8.915401
      vertex 57.077417 36.412178 8.915401
    endloop
  endfacet
  facet normal 0.481481 0.875566 -0.039509
    outer loop
      vertex 54.942874 37.466776 6.607506
      vertex 53.028083 38.519735 6.607506
      vertex 52.930800 38.677373 8.915401
    endloop
  endfacet
  facet normal 0.481481 0.875566 -0.039509
    outer loop
      vertex 54.942874 37.466776 6.607506
      vertex 52.930800 38.677373 8.915401
      vertex 54.895069 37.597206 8.915401
    endloop
  endfacet
  facet normal 0.493545 0.868866 -0.038543
    outer loop
      vertex 53.028083 38.519735 6.607506
      vertex 51.250066 39.529709 6.607506
      vertex 51.106837 39.713445 8.915401
    endloop
  endfacet
  facet normal 0.493545 0.868866 -0.038543
    outer loop
      vertex 53.028083 38.519735 6.607506
      vertex 51.106837 39.713445 8.915401
      vertex 52.930800 38.677373 8.915401
    endloop
  endfacet
  facet normal -0.997469 -0.040112 -0.058710
    outer loop
      vertex 51.250066 39.529709 6.607506
      vertex 51.301830 38.242497 6.607506
      vertex 51.159938 38.392972 8.915401
    endloop
  endfacet
  facet normal -0.997469 -0.040112 -0.058710
    outer loop
      vertex 51.250066 39.529709 6.607506
      vertex 51.159938 38.392972 8.915401
      vertex 51.106837 39.713445 8.915401
    endloop
  endfacet
  facet normal -0.997584 -0.036777 -0.058934
    outer loop
      vertex 51.301830 38.242497 6.607506
      vertex 51.351191 36.903568 6.607506
      vertex 51.210576 37.019444 8.915401
    endloop
  endfacet
  facet normal -0.997584 -0.036777 -0.058934
    outer loop
      vertex 51.301830 38.242497 6.607506
      vertex 51.210576 37.019444 8.915401
      vertex 51.159938 38.392972 8.915401
    endloop
  endfacet
  facet normal -0.997525 -0.038475 -0.058846
    outer loop
      vertex 51.351191 36.903568 6.607506
      vertex 51.405256 35.501860 6.607506
      vertex 51.266037 35.581515 8.915401
    endloop
  endfacet
  facet normal -0.997525 -0.038475 -0.058846
    outer loop
      vertex 51.351191 36.903568 6.607506
      vertex 51.266037 35.581515 8.915401
      vertex 51.210576 37.019444 8.915401
    endloop
  endfacet
  facet normal -0.997008 -0.050657 -0.058394
    outer loop
      vertex 51.405256 35.501860 6.607506
      vertex 51.480025 34.030301 6.607506
      vertex 51.342738 34.071930 8.915401
    endloop
  endfacet
  facet normal -0.997008 -0.050657 -0.058394
    outer loop
      vertex 51.405256 35.501860 6.607506
      vertex 51.342738 34.071930 8.915401
      vertex 51.266037 35.581515 8.915401
    endloop
  endfacet
  facet normal -0.995219 -0.078738 -0.057781
    outer loop
      vertex 51.480025 34.030301 6.607506
      vertex 51.601125 32.499654 6.607506
      vertex 51.466967 32.501730 8.915401
    endloop
  endfacet
  facet normal -0.995219 -0.078738 -0.057781
    outer loop
      vertex 51.480025 34.030301 6.607506
      vertex 51.466967 32.501730 8.915401
      vertex 51.342738 34.071930 8.915401
    endloop
  endfacet
  facet normal -0.991099 -0.120063 -0.057504
    outer loop
      vertex 51.601125 32.499654 6.607506
      vertex 51.788608 30.952013 6.607506
      vertex 51.659295 30.914097 8.915401
    endloop
  endfacet
  facet normal -0.991099 -0.120063 -0.057504
    outer loop
      vertex 51.601125 32.499654 6.607506
      vertex 51.659295 30.914097 8.915401
      vertex 51.466967 32.501730 8.915401
    endloop
  endfacet
  facet normal -0.985419 -0.160014 -0.057842
    outer loop
      vertex 51.788608 30.952013 6.607506
      vertex 52.033603 29.443257 6.607506
      vertex 51.910621 29.366354 8.915401
    endloop
  endfacet
  facet normal -0.985419 -0.160014 -0.057842
    outer loop
      vertex 51.788608 30.952013 6.607506
      vertex 51.910621 29.366354 8.915401
      vertex 51.659295 30.914097 8.915401
    endloop
  endfacet
  facet normal -0.980916 -0.185440 -0.058450
    outer loop
      vertex 52.033603 29.443257 6.607506
      vertex 52.305504 28.004996 6.607506
      vertex 52.189548 27.890928 8.915401
    endloop
  endfacet
  facet normal -0.980916 -0.185440 -0.058450
    outer loop
      vertex 52.033603 29.443257 6.607506
      vertex 52.189548 27.890928 8.915401
      vertex 51.910621 29.366354 8.915401
    endloop
  endfacet
  facet normal 0.008078 -0.996918 -0.078036
    outer loop
      vertex 52.189548 27.890928 8.915401
      vertex 54.018077 27.905744 8.915401
      vertex 53.906002 27.723438 11.232763
    endloop
  endfacet
  facet normal 0.008078 -0.996918 -0.078036
    outer loop
      vertex 52.189548 27.890928 8.915401
      vertex 53.906002 27.723438 11.232763
      vertex 52.003618 27.708023 11.232763
    endloop
  endfacet
  facet normal -0.008077 0.996817 0.079310
    outer loop
      vertex 54.792168 29.164915 8.734345
      vertex 53.473752 29.154232 8.734345
      vertex 53.289835 28.973308 10.989565
    endloop
  endfacet
  facet normal -0.008077 0.996817 0.079310
    outer loop
      vertex 54.792168 29.164915 8.734345
      vertex 53.289835 28.973308 10.989565
      vertex 54.681307 28.984583 10.989565
    endloop
  endfacet
  facet normal 0.026831 -0.996662 -0.077109
    outer loop
      vertex 54.018077 27.905744 8.915401
      vertex 55.987945 27.958775 8.915401
      vertex 55.955434 27.778611 11.232763
    endloop
  endfacet
  facet normal 0.026831 -0.996662 -0.077109
    outer loop
      vertex 54.018077 27.905744 8.915401
      vertex 55.955434 27.778611 11.232763
      vertex 53.906002 27.723438 11.232763
    endloop
  endfacet
  facet normal -0.026829 0.996563 0.078368
    outer loop
      vertex 56.212493 29.203152 8.734345
      vertex 54.792168 29.164915 8.734345
      vertex 54.681307 28.984583 10.989565
    endloop
  endfacet
  facet normal -0.026829 0.996563 0.078368
    outer loop
      vertex 56.212493 29.203152 8.734345
      vertex 54.681307 28.984583 10.989565
      vertex 56.180334 29.024938 10.989565
    endloop
  endfacet
  facet normal 0.080831 -0.993816 -0.076131
    outer loop
      vertex 55.987945 27.958775 8.915401
      vertex 58.041258 28.125779 8.915401
      vertex 58.091682 27.952360 11.232763
    endloop
  endfacet
  facet normal 0.080831 -0.993816 -0.076131
    outer loop
      vertex 55.987945 27.958775 8.915401
      vertex 58.091682 27.952360 11.232763
      vertex 55.955434 27.778611 11.232763
    endloop
  endfacet
  facet normal -0.080823 0.993721 0.077374
    outer loop
      vertex 57.692983 29.323566 8.734345
      vertex 56.212493 29.203152 8.734345
      vertex 56.180334 29.024938 10.989565
    endloop
  endfacet
  facet normal -0.080823 0.993721 0.077374
    outer loop
      vertex 57.692983 29.323566 8.734345
      vertex 56.180334 29.024938 10.989565
      vertex 57.742861 29.152025 10.989565
    endloop
  endfacet
  facet normal 0.139881 -0.987176 -0.076919
    outer loop
      vertex 58.041258 28.125779 8.915401
      vertex 60.019462 28.406087 8.915401
      vertex 60.149786 28.243990 11.232763
    endloop
  endfacet
  facet normal 0.139881 -0.987176 -0.076919
    outer loop
      vertex 58.041258 28.125779 8.915401
      vertex 60.149786 28.243990 11.232763
      vertex 58.091682 27.952360 11.232763
    endloop
  endfacet
  facet normal -0.139868 0.987079 0.078175
    outer loop
      vertex 59.119319 29.525675 8.734345
      vertex 57.692983 29.323566 8.734345
      vertex 57.742861 29.152025 10.989565
    endloop
  endfacet
  facet normal -0.139868 0.987079 0.078175
    outer loop
      vertex 59.119319 29.525675 8.734345
      vertex 57.742861 29.152025 10.989565
      vertex 59.248232 29.365333 10.989565
    endloop
  endfacet
  facet normal 0.165284 -0.983152 -0.078066
    outer loop
      vertex 60.019462 28.406087 8.915401
      vertex 61.850677 28.713944 8.915401
      vertex 62.054966 28.564282 11.232763
    endloop
  endfacet
  facet normal 0.165284 -0.983152 -0.078066
    outer loop
      vertex 60.019462 28.406087 8.915401
      vertex 62.054966 28.564282 11.232763
      vertex 60.149786 28.243990 11.232763
    endloop
  endfacet
  facet normal -0.165267 0.983052 0.079340
    outer loop
      vertex 60.439671 29.747648 8.734345
      vertex 59.119319 29.525675 8.734345
      vertex 59.248232 29.365333 10.989565
    endloop
  endfacet
  facet normal -0.165267 0.983052 0.079340
    outer loop
      vertex 60.439671 29.747648 8.734345
      vertex 59.248232 29.365333 10.989565
      vertex 60.641748 29.599606 10.989565
    endloop
  endfacet
  facet normal 0.165707 -0.983078 -0.078098
    outer loop
      vertex 61.850677 28.713944 8.915401
      vertex 63.560776 29.002198 8.915401
      vertex 63.834137 28.864179 11.232763
    endloop
  endfacet
  facet normal 0.165707 -0.983078 -0.078098
    outer loop
      vertex 61.850677 28.713944 8.915401
      vertex 63.834137 28.864179 11.232763
      vertex 62.054966 28.564282 11.232763
    endloop
  endfacet
  facet normal -0.165690 0.982978 0.079373
    outer loop
      vertex 61.672697 29.955486 8.734345
      vertex 60.439671 29.747648 8.734345
      vertex 60.641748 29.599606 10.989565
    endloop
  endfacet
  facet normal -0.165690 0.982978 0.079373
    outer loop
      vertex 61.672697 29.955486 8.734345
      vertex 60.641748 29.599606 10.989565
      vertex 61.943098 29.818961 10.989565
    endloop
  endfacet
  facet normal 0.158240 -0.984371 -0.077294
    outer loop
      vertex 63.560776 29.002198 8.915401
      vertex 65.184936 29.263286 8.915401
      vertex 65.523898 29.135812 11.232763
    endloop
  endfacet
  facet normal 0.158240 -0.984371 -0.077294
    outer loop
      vertex 63.560776 29.002198 8.915401
      vertex 65.523898 29.135812 11.232763
      vertex 63.834137 28.864179 11.232763
    endloop
  endfacet
  facet normal -0.158225 0.984273 0.078556
    outer loop
      vertex 62.843757 30.143737 8.734345
      vertex 61.672697 29.955486 8.734345
      vertex 61.943098 29.818961 10.989565
    endloop
  endfacet
  facet normal -0.158225 0.984273 0.078556
    outer loop
      vertex 62.843757 30.143737 8.734345
      vertex 61.943098 29.818961 10.989565
      vertex 63.179049 30.017644 10.989565
    endloop
  endfacet
  facet normal 0.149895 -0.985765 -0.076150
    outer loop
      vertex 65.184936 29.263286 8.915401
      vertex 66.746639 29.500758 8.915401
      vertex 67.148679 29.382876 11.232763
    endloop
  endfacet
  facet normal 0.149895 -0.985765 -0.076150
    outer loop
      vertex 65.184936 29.263286 8.915401
      vertex 67.148679 29.382876 11.232763
      vertex 65.523898 29.135812 11.232763
    endloop
  endfacet
  facet normal -0.149881 0.985670 0.077394
    outer loop
      vertex 63.969784 30.314960 8.734345
      vertex 62.843757 30.143737 8.734345
      vertex 63.179049 30.017644 10.989565
    endloop
  endfacet
  facet normal -0.149881 0.985670 0.077394
    outer loop
      vertex 63.969784 30.314960 8.734345
      vertex 63.179049 30.017644 10.989565
      vertex 64.367471 30.198354 10.989565
    endloop
  endfacet
  facet normal 0.586174 0.807916 -0.060597
    outer loop
      vertex 66.746639 29.500758 8.915401
      vertex 65.095554 30.698683 8.915401
      vertex 65.430906 30.629185 11.232763
    endloop
  endfacet
  facet normal 0.586174 0.807916 -0.060597
    outer loop
      vertex 66.746639 29.500758 8.915401
      vertex 65.430906 30.629185 11.232763
      vertex 67.148679 29.382876 11.232763
    endloop
  endfacet
  facet normal -0.586138 -0.807867 0.061589
    outer loop
      vertex 62.779310 31.178695 8.734345
      vertex 63.969784 30.314960 8.734345
      vertex 64.367471 30.198354 10.989565
    endloop
  endfacet
  facet normal -0.586138 -0.807867 0.061589
    outer loop
      vertex 62.779310 31.178695 8.734345
      vertex 64.367471 30.198354 10.989565
      vertex 63.111031 31.109950 10.989565
    endloop
  endfacet
  facet normal 0.596039 0.800539 -0.062246
    outer loop
      vertex 65.095554 30.698683 8.915401
      vertex 63.369697 31.983664 8.915401
      vertex 63.635340 31.966068 11.232763
    endloop
  endfacet
  facet normal 0.596039 0.800539 -0.062246
    outer loop
      vertex 65.095554 30.698683 8.915401
      vertex 63.635340 31.966068 11.232763
      vertex 65.430906 30.629185 11.232763
    endloop
  endfacet
  facet normal -0.596001 -0.800488 0.063265
    outer loop
      vertex 61.534923 32.105199 8.734345
      vertex 62.779310 31.178695 8.734345
      vertex 63.111031 31.109950 10.989565
    endloop
  endfacet
  facet normal -0.596001 -0.800488 0.063265
    outer loop
      vertex 61.534923 32.105199 8.734345
      vertex 63.111031 31.109950 10.989565
      vertex 61.797690 32.087793 10.989565
    endloop
  endfacet
  facet normal 0.606562 0.792495 -0.063514
    outer loop
      vertex 63.369697 31.983664 8.915401
      vertex 61.518726 33.400365 8.915401
      vertex 61.709607 33.439990 11.232763
    endloop
  endfacet
  facet normal 0.606562 0.792495 -0.063514
    outer loop
      vertex 63.369697 31.983664 8.915401
      vertex 61.709607 33.439990 11.232763
      vertex 63.635340 31.966068 11.232763
    endloop
  endfacet
  facet normal -0.606521 -0.792442 0.064553
    outer loop
      vertex 60.200326 33.126676 8.734345
      vertex 61.534923 32.105199 8.734345
      vertex 61.797690 32.087793 10.989565
    endloop
  endfacet
  facet normal -0.606521 -0.792442 0.064553
    outer loop
      vertex 60.200326 33.126676 8.734345
      vertex 61.797690 32.087793 10.989565
      vertex 60.389141 33.165872 10.989565
    endloop
  endfacet
  facet normal 0.596306 0.800297 -0.062802
    outer loop
      vertex 61.518726 33.400365 8.915401
      vertex 59.418790 34.965039 8.915401
      vertex 59.524854 35.067863 11.232763
    endloop
  endfacet
  facet normal 0.596306 0.800297 -0.062802
    outer loop
      vertex 61.518726 33.400365 8.915401
      vertex 59.524854 35.067863 11.232763
      vertex 61.709607 33.439990 11.232763
    endloop
  endfacet
  facet normal -0.596267 -0.800245 0.063830
    outer loop
      vertex 58.686219 34.254846 8.734345
      vertex 60.200326 33.126676 8.734345
      vertex 60.389141 33.165872 10.989565
    endloop
  endfacet
  facet normal -0.596267 -0.800245 0.063830
    outer loop
      vertex 58.686219 34.254846 8.734345
      vertex 60.389141 33.165872 10.989565
      vertex 58.791134 34.356556 10.989565
    endloop
  endfacet
  facet normal 0.524754 0.849016 -0.061689
    outer loop
      vertex 59.418790 34.965039 8.915401
      vertex 57.077417 36.412178 8.915401
      vertex 57.088911 36.573452 11.232763
    endloop
  endfacet
  facet normal 0.524754 0.849016 -0.061689
    outer loop
      vertex 59.418790 34.965039 8.915401
      vertex 57.088911 36.573452 11.232763
      vertex 59.524854 35.067863 11.232763
    endloop
  endfacet
  facet normal -0.524720 -0.848962 0.062699
    outer loop
      vertex 56.998030 35.298270 8.734345
      vertex 58.686219 34.254846 8.734345
      vertex 58.791134 34.356556 10.989565
    endloop
  endfacet
  facet normal -0.524720 -0.848962 0.062699
    outer loop
      vertex 56.998030 35.298270 8.734345
      vertex 58.791134 34.356556 10.989565
      vertex 57.009399 35.457798 10.989565
    endloop
  endfacet
  facet normal 0.476233 0.877031 -0.063398
    outer loop
      vertex 57.077417 36.412178 8.915401
      vertex 54.895069 37.597206 8.915401
      vertex 54.818417 37.806344 11.232763
    endloop
  endfacet
  facet normal 0.476233 0.877031 -0.063398
    outer loop
      vertex 57.077417 36.412178 8.915401
      vertex 54.818417 37.806344 11.232763
      vertex 57.088911 36.573452 11.232763
    endloop
  endfacet
  facet normal -0.476201 -0.876972 0.064435
    outer loop
      vertex 55.424502 36.152705 8.734345
      vertex 56.998030 35.298270 8.734345
      vertex 57.009399 35.457798 10.989565
    endloop
  endfacet
  facet normal -0.476201 -0.876972 0.064435
    outer loop
      vertex 55.424502 36.152705 8.734345
      vertex 57.009399 35.457798 10.989565
      vertex 55.348679 36.359579 10.989565
    endloop
  endfacet
  facet normal 0.480899 0.874508 -0.063016
    outer loop
      vertex 54.895069 37.597206 8.915401
      vertex 52.930800 38.677373 8.915401
      vertex 52.774809 38.930141 11.232763
    endloop
  endfacet
  facet normal 0.480899 0.874508 -0.063016
    outer loop
      vertex 54.895069 37.597206 8.915401
      vertex 52.774809 38.930141 11.232763
      vertex 54.818417 37.806344 11.232763
    endloop
  endfacet
  facet normal -0.480868 -0.874451 0.064047
    outer loop
      vertex 54.008213 36.931533 8.734345
      vertex 55.424502 36.152705 8.734345
      vertex 55.348679 36.359579 10.989565
    endloop
  endfacet
  facet normal -0.480868 -0.874451 0.064047
    outer loop
      vertex 54.008213 36.931533 8.734345
      vertex 55.348679 36.359579 10.989565
      vertex 53.853912 37.181564 10.989565
    endloop
  endfacet
  facet normal 0.492978 0.867867 -0.061479
    outer loop
      vertex 52.930800 38.677373 8.915401
      vertex 51.106837 39.713445 8.915401
      vertex 50.877176 40.008060 11.232763
    endloop
  endfacet
  facet normal 0.492978 0.867867 -0.061479
    outer loop
      vertex 52.930800 38.677373 8.915401
      vertex 50.877176 40.008060 11.232763
      vertex 52.774809 38.930141 11.232763
    endloop
  endfacet
  facet normal -0.492947 -0.867813 0.062485
    outer loop
      vertex 52.693090 37.678567 8.734345
      vertex 54.008213 36.931533 8.734345
      vertex 53.853912 37.181564 10.989565
    endloop
  endfacet
  facet normal -0.492947 -0.867813 0.062485
    outer loop
      vertex 52.693090 37.678567 8.734345
      vertex 53.853912 37.181564 10.989565
      vertex 52.465915 37.969992 10.989565
    endloop
  endfacet
  facet normal -0.994815 -0.040005 -0.093505
    outer loop
      vertex 51.106837 39.713445 8.915401
      vertex 51.159938 38.392972 8.915401
      vertex 50.932422 38.634251 11.232763
    endloop
  endfacet
  facet normal -0.994815 -0.040005 -0.093505
    outer loop
      vertex 51.106837 39.713445 8.915401
      vertex 50.932422 38.634251 11.232763
      vertex 50.877176 40.008060 11.232763
    endloop
  endfacet
  facet normal 0.994671 0.039999 0.095027
    outer loop
      vertex 52.731378 36.726472 8.734345
      vertex 52.693090 37.678567 8.734345
      vertex 52.465915 37.969992 10.989565
    endloop
  endfacet
  facet normal 0.994671 0.039999 0.095027
    outer loop
      vertex 52.731378 36.726472 8.734345
      vertex 52.465915 37.969992 10.989565
      vertex 52.506324 36.965140 10.989565
    endloop
  endfacet
  facet normal -0.994909 -0.036679 -0.093861
    outer loop
      vertex 51.159938 38.392972 8.915401
      vertex 51.210576 37.019444 8.915401
      vertex 50.985104 37.205246 11.232763
    endloop
  endfacet
  facet normal -0.994909 -0.036679 -0.093861
    outer loop
      vertex 51.159938 38.392972 8.915401
      vertex 50.985104 37.205246 11.232763
      vertex 50.932422 38.634251 11.232763
    endloop
  endfacet
  facet normal 0.994764 0.036673 0.095389
    outer loop
      vertex 52.767888 35.736124 8.734345
      vertex 52.731378 36.726472 8.734345
      vertex 52.506324 36.965140 10.989565
    endloop
  endfacet
  facet normal 0.994764 0.036673 0.095389
    outer loop
      vertex 52.767888 35.736124 8.734345
      vertex 52.506324 36.965140 10.989565
      vertex 52.544858 35.919914 10.989565
    endloop
  endfacet
  facet normal -0.994859 -0.038372 -0.093720
    outer loop
      vertex 51.210576 37.019444 8.915401
      vertex 51.266037 35.581515 8.915401
      vertex 51.042806 35.709238 11.232763
    endloop
  endfacet
  facet normal -0.994859 -0.038372 -0.093720
    outer loop
      vertex 51.210576 37.019444 8.915401
      vertex 51.042806 35.709238 11.232763
      vertex 50.985104 37.205246 11.232763
    endloop
  endfacet
  facet normal 0.994714 0.038367 0.095246
    outer loop
      vertex 52.807878 34.699341 8.734345
      vertex 52.767888 35.736124 8.734345
      vertex 52.544858 35.919914 10.989565
    endloop
  endfacet
  facet normal 0.994714 0.038367 0.095246
    outer loop
      vertex 52.807878 34.699341 8.734345
      vertex 52.544858 35.919914 10.989565
      vertex 52.587063 34.825681 10.989565
    endloop
  endfacet
  facet normal -0.994383 -0.050524 -0.093004
    outer loop
      vertex 51.266037 35.581515 8.915401
      vertex 51.342738 34.071930 8.915401
      vertex 51.122605 34.138681 11.232763
    endloop
  endfacet
  facet normal -0.994383 -0.050524 -0.093004
    outer loop
      vertex 51.266037 35.581515 8.915401
      vertex 51.122605 34.138681 11.232763
      vertex 51.042806 35.709238 11.232763
    endloop
  endfacet
  facet normal 0.994241 0.050517 0.094519
    outer loop
      vertex 52.863181 33.610892 8.734345
      vertex 52.807878 34.699341 8.734345
      vertex 52.587063 34.825681 10.989565
    endloop
  endfacet
  facet normal 0.994241 0.050517 0.094519
    outer loop
      vertex 52.863181 33.610892 8.734345
      vertex 52.587063 34.825681 10.989565
      vertex 52.645431 33.676919 10.989565
    endloop
  endfacet
  facet normal -0.992654 -0.078535 -0.092033
    outer loop
      vertex 51.342738 34.071930 8.915401
      vertex 51.466967 32.501730 8.915401
      vertex 51.251852 32.505059 11.232763
    endloop
  endfacet
  facet normal -0.992654 -0.078535 -0.092033
    outer loop
      vertex 51.342738 34.071930 8.915401
      vertex 51.251852 32.505059 11.232763
      vertex 51.122605 34.138681 11.232763
    endloop
  endfacet
  facet normal 0.992515 0.078524 0.093532
    outer loop
      vertex 52.952753 32.478738 8.734345
      vertex 52.863181 33.610892 8.734345
      vertex 52.645431 33.676919 10.989565
    endloop
  endfacet
  facet normal 0.992515 0.078524 0.093532
    outer loop
      vertex 52.952753 32.478738 8.734345
      vertex 52.645431 33.676919 10.989565
      vertex 52.739967 32.482031 10.989565
    endloop
  endfacet
  facet normal -0.988569 -0.119757 -0.091595
    outer loop
      vertex 51.466967 32.501730 8.915401
      vertex 51.659295 30.914097 8.915401
      vertex 51.451948 30.853300 11.232763
    endloop
  endfacet
  facet normal -0.988569 -0.119757 -0.091595
    outer loop
      vertex 51.466967 32.501730 8.915401
      vertex 51.451948 30.853300 11.232763
      vertex 51.251852 32.505059 11.232763
    endloop
  endfacet
  facet normal 0.988432 0.119740 0.093087
    outer loop
      vertex 53.091427 31.334014 8.734345
      vertex 52.952753 32.478738 8.734345
      vertex 52.739967 32.482031 10.989565
    endloop
  endfacet
  facet normal 0.988432 0.119740 0.093087
    outer loop
      vertex 53.091427 31.334014 8.734345
      vertex 52.739967 32.482031 10.989565
      vertex 52.886324 31.273875 10.989565
    endloop
  endfacet
  facet normal -0.982873 -0.159601 -0.092130
    outer loop
      vertex 51.659295 30.914097 8.915401
      vertex 51.910621 29.366354 8.915401
      vertex 51.713425 29.243044 11.232763
    endloop
  endfacet
  facet normal -0.982873 -0.159601 -0.092130
    outer loop
      vertex 51.659295 30.914097 8.915401
      vertex 51.713425 29.243044 11.232763
      vertex 51.451948 30.853300 11.232763
    endloop
  endfacet
  facet normal 0.982735 0.159579 0.093631
    outer loop
      vertex 53.272639 30.218052 8.734345
      vertex 53.091427 31.334014 8.734345
      vertex 52.886324 31.273875 10.989565
    endloop
  endfacet
  facet normal 0.982735 0.159579 0.093631
    outer loop
      vertex 53.272639 30.218052 8.734345
      vertex 52.886324 31.273875 10.989565
      vertex 53.077578 30.096076 10.989565
    endloop
  endfacet
  facet normal -0.978329 -0.184951 -0.093093
    outer loop
      vertex 51.910621 29.366354 8.915401
      vertex 52.189548 27.890928 8.915401
      vertex 52.003618 27.708023 11.232763
    endloop
  endfacet
  facet normal -0.978329 -0.184951 -0.093093
    outer loop
      vertex 51.910621 29.366354 8.915401
      vertex 52.003618 27.708023 11.232763
      vertex 51.713425 29.243044 11.232763
    endloop
  endfacet
  facet normal 0.978188 0.184925 0.094608
    outer loop
      vertex 53.473752 29.154232 8.734345
      vertex 53.272639 30.218052 8.734345
      vertex 53.077578 30.096076 10.989565
    endloop
  endfacet
  facet normal 0.978188 0.184925 0.094608
    outer loop
      vertex 53.473752 29.154232 8.734345
      vertex 53.077578 30.096076 10.989565
      vertex 53.289835 28.973308 10.989565
    endloop
  endfacet
  facet normal 0.008058 -0.994439 -0.105001
    outer loop
      vertex 52.003618 27.708023 11.232763
      vertex 53.906002 27.723438 11.232763
      vertex 53.754352 27.476757 13.557383
    endloop
  endfacet
  facet normal 0.008058 -0.994439 -0.105001
    outer loop
      vertex 52.003618 27.708023 11.232763
      vertex 53.754352 27.476757 13.557383
      vertex 51.752032 27.460532 13.557383
    endloop
  endfacet
  facet normal -0.008056 0.994153 0.107684
    outer loop
      vertex 54.681307 28.984583 10.989565
      vertex 53.289835 28.973308 10.989565
      vertex 53.039213 28.726764 13.246936
    endloop
  endfacet
  facet normal -0.008056 0.994153 0.107684
    outer loop
      vertex 54.681307 28.984583 10.989565
      vertex 53.039213 28.726764 13.246936
      vertex 54.530237 28.738846 13.246936
    endloop
  endfacet
  facet normal 0.026766 -0.994242 -0.103760
    outer loop
      vertex 53.906002 27.723438 11.232763
      vertex 55.955434 27.778611 11.232763
      vertex 55.911443 27.534828 13.557383
    endloop
  endfacet
  facet normal 0.026766 -0.994242 -0.103760
    outer loop
      vertex 53.906002 27.723438 11.232763
      vertex 55.911443 27.534828 13.557383
      vertex 53.754352 27.476757 13.557383
    endloop
  endfacet
  facet normal -0.026758 0.993962 0.106412
    outer loop
      vertex 56.180334 29.024938 10.989565
      vertex 54.681307 28.984583 10.989565
      vertex 54.530237 28.738846 13.246936
    endloop
  endfacet
  facet normal -0.026758 0.993962 0.106412
    outer loop
      vertex 56.180334 29.024938 10.989565
      vertex 54.530237 28.738846 13.246936
      vertex 56.136512 28.782089 13.246936
    endloop
  endfacet
  facet normal 0.080640 -0.991464 -0.102449
    outer loop
      vertex 55.955434 27.778611 11.232763
      vertex 58.091682 27.952360 11.232763
      vertex 58.159911 27.717704 13.557383
    endloop
  endfacet
  facet normal 0.080640 -0.991464 -0.102449
    outer loop
      vertex 55.955434 27.778611 11.232763
      vertex 58.159911 27.717704 13.557383
      vertex 55.911443 27.534828 13.557383
    endloop
  endfacet
  facet normal -0.080617 0.991192 0.105068
    outer loop
      vertex 57.742861 29.152025 10.989565
      vertex 56.180334 29.024938 10.989565
      vertex 56.136512 28.782089 13.246936
    endloop
  endfacet
  facet normal -0.080617 0.991192 0.105068
    outer loop
      vertex 57.742861 29.152025 10.989565
      vertex 56.136512 28.782089 13.246936
      vertex 57.810830 28.918267 13.246936
    endloop
  endfacet
  facet normal 0.139543 -0.984792 -0.103504
    outer loop
      vertex 58.091682 27.952360 11.232763
      vertex 60.149786 28.243990 11.232763
      vertex 60.326132 28.024654 13.557383
    endloop
  endfacet
  facet normal 0.139543 -0.984792 -0.103504
    outer loop
      vertex 58.091682 27.952360 11.232763
      vertex 60.326132 28.024654 13.557383
      vertex 58.159911 27.717704 13.557383
    endloop
  endfacet
  facet normal -0.139504 0.984516 0.106150
    outer loop
      vertex 59.248232 29.365333 10.989565
      vertex 57.742861 29.152025 10.989565
      vertex 57.810830 28.918267 13.246936
    endloop
  endfacet
  facet normal -0.139504 0.984516 0.106150
    outer loop
      vertex 59.248232 29.365333 10.989565
      vertex 57.810830 28.918267 13.246936
      vertex 59.423902 29.146837 13.246936
    endloop
  endfacet
  facet normal 0.164873 -0.980706 -0.105040
    outer loop
      vertex 60.149786 28.243990 11.232763
      vertex 62.054966 28.564282 11.232763
      vertex 62.331393 28.361771 13.557383
    endloop
  endfacet
  facet normal 0.164873 -0.980706 -0.105040
    outer loop
      vertex 60.149786 28.243990 11.232763
      vertex 62.331393 28.361771 13.557383
      vertex 60.326132 28.024654 13.557383
    endloop
  endfacet
  facet normal -0.164825 0.980422 0.107724
    outer loop
      vertex 60.641748 29.599606 10.989565
      vertex 59.248232 29.365333 10.989565
      vertex 59.423902 29.146837 13.246936
    endloop
  endfacet
  facet normal -0.164825 0.980422 0.107724
    outer loop
      vertex 60.641748 29.599606 10.989565
      vertex 59.423902 29.146837 13.246936
      vertex 60.917117 29.397871 13.246936
    endloop
  endfacet
  facet normal 0.165295 -0.980630 -0.105084
    outer loop
      vertex 62.054966 28.564282 11.232763
      vertex 63.834137 28.864179 11.232763
      vertex 64.204027 28.677422 13.557383
    endloop
  endfacet
  facet normal 0.165295 -0.980630 -0.105084
    outer loop
      vertex 62.054966 28.564282 11.232763
      vertex 64.204027 28.677422 13.557383
      vertex 62.331393 28.361771 13.557383
    endloop
  endfacet
  facet normal -0.165247 0.980347 0.107769
    outer loop
      vertex 61.943098 29.818961 10.989565
      vertex 60.641748 29.599606 10.989565
      vertex 60.917117 29.397871 13.246936
    endloop
  endfacet
  facet normal -0.165247 0.980347 0.107769
    outer loop
      vertex 61.943098 29.818961 10.989565
      vertex 60.917117 29.397871 13.246936
      vertex 62.311571 29.632919 13.246936
    endloop
  endfacet
  facet normal 0.157854 -0.981970 -0.104008
    outer loop
      vertex 63.834137 28.864179 11.232763
      vertex 65.523898 29.135812 11.232763
      vertex 65.982554 28.963325 13.557383
    endloop
  endfacet
  facet normal 0.157854 -0.981970 -0.104008
    outer loop
      vertex 63.834137 28.864179 11.232763
      vertex 65.982554 28.963325 13.557383
      vertex 64.204027 28.677422 13.557383
    endloop
  endfacet
  facet normal -0.157810 0.981692 0.106666
    outer loop
      vertex 63.179049 30.017644 10.989565
      vertex 61.943098 29.818961 10.989565
      vertex 62.311571 29.632919 13.246936
    endloop
  endfacet
  facet normal -0.157810 0.981692 0.106666
    outer loop
      vertex 63.179049 30.017644 10.989565
      vertex 62.311571 29.632919 13.246936
      vertex 63.635948 29.845817 13.246936
    endloop
  endfacet
  facet normal 0.149540 -0.983431 -0.102476
    outer loop
      vertex 65.523898 29.135812 11.232763
      vertex 67.148679 29.382876 11.232763
      vertex 67.692686 29.223367 13.557383
    endloop
  endfacet
  facet normal 0.149540 -0.983431 -0.102476
    outer loop
      vertex 65.523898 29.135812 11.232763
      vertex 67.692686 29.223367 13.557383
      vertex 65.982554 28.963325 13.557383
    endloop
  endfacet
  facet normal -0.149499 0.983161 0.105095
    outer loop
      vertex 64.367471 30.198354 10.989565
      vertex 63.179049 30.017644 10.989565
      vertex 63.635948 29.845817 13.246936
    endloop
  endfacet
  facet normal -0.149499 0.983161 0.105095
    outer loop
      vertex 64.367471 30.198354 10.989565
      vertex 63.635948 29.845817 13.246936
      vertex 64.909396 30.039456 13.246936
    endloop
  endfacet
  facet normal 0.585294 0.806703 -0.081617
    outer loop
      vertex 67.148679 29.382876 11.232763
      vertex 65.430906 30.629185 11.232763
      vertex 65.884676 30.535147 13.557383
    endloop
  endfacet
  facet normal 0.585294 0.806703 -0.081617
    outer loop
      vertex 67.148679 29.382876 11.232763
      vertex 65.884676 30.535147 13.557383
      vertex 67.692686 29.223367 13.557383
    endloop
  endfacet
  facet normal -0.585192 -0.806562 0.083712
    outer loop
      vertex 63.111031 31.109950 10.989565
      vertex 64.367471 30.198354 10.989565
      vertex 64.909396 30.039456 13.246936
    endloop
  endfacet
  facet normal -0.585192 -0.806562 0.083712
    outer loop
      vertex 63.111031 31.109950 10.989565
      vertex 64.909396 30.039456 13.246936
      vertex 63.563064 31.016272 13.246936
    endloop
  endfacet
  facet normal 0.595095 0.799271 -0.083831
    outer loop
      vertex 65.430906 30.629185 11.232763
      vertex 63.635340 31.966068 11.232763
      vertex 63.994786 31.942258 13.557383
    endloop
  endfacet
  facet normal 0.595095 0.799271 -0.083831
    outer loop
      vertex 65.430906 30.629185 11.232763
      vertex 63.994786 31.942258 13.557383
      vertex 65.884676 30.535147 13.557383
    endloop
  endfacet
  facet normal -0.594985 -0.799124 0.085982
    outer loop
      vertex 61.797690 32.087793 10.989565
      vertex 63.111031 31.109950 10.989565
      vertex 63.563064 31.016272 13.246936
    endloop
  endfacet
  facet normal -0.594985 -0.799124 0.085982
    outer loop
      vertex 61.797690 32.087793 10.989565
      vertex 63.563064 31.016272 13.246936
      vertex 62.155760 32.064075 13.246936
    endloop
  endfacet
  facet normal 0.605562 0.791188 -0.085532
    outer loop
      vertex 63.635340 31.966068 11.232763
      vertex 61.709607 33.439990 11.232763
      vertex 61.967892 33.493608 13.557383
    endloop
  endfacet
  facet normal 0.605562 0.791188 -0.085532
    outer loop
      vertex 63.635340 31.966068 11.232763
      vertex 61.967892 33.493608 13.557383
      vertex 63.994786 31.942258 13.557383
    endloop
  endfacet
  facet normal -0.605446 -0.791037 0.087726
    outer loop
      vertex 60.389141 33.165872 10.989565
      vertex 61.797690 32.087793 10.989565
      vertex 62.155760 32.064075 13.246936
    endloop
  endfacet
  facet normal -0.605446 -0.791037 0.087726
    outer loop
      vertex 60.389141 33.165872 10.989565
      vertex 62.155760 32.064075 13.246936
      vertex 60.646437 33.219285 13.246936
    endloop
  endfacet
  facet normal 0.595345 0.799007 -0.084577
    outer loop
      vertex 61.709607 33.439990 11.232763
      vertex 59.524854 35.067863 11.232763
      vertex 59.668370 35.206995 13.557383
    endloop
  endfacet
  facet normal 0.595345 0.799007 -0.084577
    outer loop
      vertex 61.709607 33.439990 11.232763
      vertex 59.668370 35.206995 13.557383
      vertex 61.967892 33.493608 13.557383
    endloop
  endfacet
  facet normal -0.595233 -0.798857 0.086747
    outer loop
      vertex 58.791134 34.356556 10.989565
      vertex 60.389141 33.165872 10.989565
      vertex 60.646437 33.219285 13.246936
    endloop
  endfacet
  facet normal -0.595233 -0.798857 0.086747
    outer loop
      vertex 58.791134 34.356556 10.989565
      vertex 60.646437 33.219285 13.246936
      vertex 58.934101 34.495156 13.246936
    endloop
  endfacet
  facet normal 0.523937 0.847695 -0.083083
    outer loop
      vertex 59.524854 35.067863 11.232763
      vertex 57.088911 36.573452 11.232763
      vertex 57.104464 36.791676 13.557383
    endloop
  endfacet
  facet normal 0.523937 0.847695 -0.083083
    outer loop
      vertex 59.524854 35.067863 11.232763
      vertex 57.104464 36.791676 13.557383
      vertex 59.668370 35.206995 13.557383
    endloop
  endfacet
  facet normal -0.523843 -0.847542 0.085215
    outer loop
      vertex 57.009399 35.457798 10.989565
      vertex 58.791134 34.356556 10.989565
      vertex 58.934101 34.495156 13.246936
    endloop
  endfacet
  facet normal -0.523843 -0.847542 0.085215
    outer loop
      vertex 57.009399 35.457798 10.989565
      vertex 58.934101 34.495156 13.246936
      vertex 57.024892 35.675186 13.246936
    endloop
  endfacet
  facet normal 0.475451 0.875590 -0.085377
    outer loop
      vertex 57.088911 36.573452 11.232763
      vertex 54.818417 37.806344 11.232763
      vertex 54.714697 38.089333 13.557383
    endloop
  endfacet
  facet normal 0.475451 0.875590 -0.085377
    outer loop
      vertex 57.088911 36.573452 11.232763
      vertex 54.714697 38.089333 13.557383
      vertex 57.104464 36.791676 13.557383
    endloop
  endfacet
  facet normal -0.475360 -0.875423 0.087567
    outer loop
      vertex 55.348679 36.359579 10.989565
      vertex 57.009399 35.457798 10.989565
      vertex 57.024892 35.675186 13.246936
    endloop
  endfacet
  facet normal -0.475360 -0.875423 0.087567
    outer loop
      vertex 55.348679 36.359579 10.989565
      vertex 57.024892 35.675186 13.246936
      vertex 55.245356 36.641485 13.246936
    endloop
  endfacet
  facet normal 0.480119 0.873089 -0.084864
    outer loop
      vertex 54.818417 37.806344 11.232763
      vertex 52.774809 38.930141 11.232763
      vertex 52.563735 39.272164 13.557383
    endloop
  endfacet
  facet normal 0.480119 0.873089 -0.084864
    outer loop
      vertex 54.818417 37.806344 11.232763
      vertex 52.563735 39.272164 13.557383
      vertex 54.714697 38.089333 13.557383
    endloop
  endfacet
  facet normal -0.480028 -0.872924 0.087041
    outer loop
      vertex 53.853912 37.181564 10.989565
      vertex 55.348679 36.359579 10.989565
      vertex 55.245356 36.641485 13.246936
    endloop
  endfacet
  facet normal -0.480028 -0.872924 0.087041
    outer loop
      vertex 53.853912 37.181564 10.989565
      vertex 55.245356 36.641485 13.246936
      vertex 53.643646 37.522278 13.246936
    endloop
  endfacet
  facet normal 0.492216 0.866526 -0.082800
    outer loop
      vertex 52.774809 38.930141 11.232763
      vertex 50.877176 40.008060 11.232763
      vertex 50.566416 40.406709 13.557383
    endloop
  endfacet
  facet normal 0.492216 0.866526 -0.082800
    outer loop
      vertex 52.774809 38.930141 11.232763
      vertex 50.566416 40.406709 13.557383
      vertex 52.563735 39.272164 13.557383
    endloop
  endfacet
  facet normal -0.492128 -0.866371 0.084925
    outer loop
      vertex 52.465915 37.969992 10.989565
      vertex 53.853912 37.181564 10.989565
      vertex 53.643646 37.522278 13.246936
    endloop
  endfacet
  facet normal -0.492128 -0.866371 0.084925
    outer loop
      vertex 52.465915 37.969992 10.989565
      vertex 53.643646 37.522278 13.246936
      vertex 52.156346 38.367115 13.246936
    endloop
  endfacet
  facet normal -0.991270 -0.039863 -0.125679
    outer loop
      vertex 50.877176 40.008060 11.232763
      vertex 50.932422 38.634251 11.232763
      vertex 50.624564 38.960732 13.557383
    endloop
  endfacet
  facet normal -0.991270 -0.039863 -0.125679
    outer loop
      vertex 50.877176 40.008060 11.232763
      vertex 50.624564 38.960732 13.557383
      vertex 50.566416 40.406709 13.557383
    endloop
  endfacet
  facet normal 0.990860 0.039846 0.128874
    outer loop
      vertex 52.506324 36.965140 10.989565
      vertex 52.465915 37.969992 10.989565
      vertex 52.156346 38.367115 13.246936
    endloop
  endfacet
  facet normal 0.990860 0.039846 0.128874
    outer loop
      vertex 52.506324 36.965140 10.989565
      vertex 52.156346 38.367115 13.246936
      vertex 52.199645 37.290370 13.246936
    endloop
  endfacet
  facet normal -0.991337 -0.036547 -0.126153
    outer loop
      vertex 50.932422 38.634251 11.232763
      vertex 50.985104 37.205246 11.232763
      vertex 50.680014 37.456658 13.557383
    endloop
  endfacet
  facet normal -0.991337 -0.036547 -0.126153
    outer loop
      vertex 50.932422 38.634251 11.232763
      vertex 50.680014 37.456658 13.557383
      vertex 50.624564 38.960732 13.557383
    endloop
  endfacet
  facet normal 0.990924 0.036532 0.129360
    outer loop
      vertex 52.544858 35.919914 10.989565
      vertex 52.506324 36.965140 10.989565
      vertex 52.199645 37.290370 13.246936
    endloop
  endfacet
  facet normal 0.990924 0.036532 0.129360
    outer loop
      vertex 52.544858 35.919914 10.989565
      vertex 52.199645 37.290370 13.246936
      vertex 52.240936 36.170364 13.246936
    endloop
  endfacet
  facet normal -0.991298 -0.038235 -0.125966
    outer loop
      vertex 50.985104 37.205246 11.232763
      vertex 51.042806 35.709238 11.232763
      vertex 50.740747 35.882063 13.557383
    endloop
  endfacet
  facet normal -0.991298 -0.038235 -0.125966
    outer loop
      vertex 50.985104 37.205246 11.232763
      vertex 50.740747 35.882063 13.557383
      vertex 50.680014 37.456658 13.557383
    endloop
  endfacet
  facet normal 0.990886 0.038219 0.129168
    outer loop
      vertex 52.587063 34.825681 10.989565
      vertex 52.544858 35.919914 10.989565
      vertex 52.240936 36.170364 13.246936
    endloop
  endfacet
  facet normal 0.990886 0.038219 0.129168
    outer loop
      vertex 52.587063 34.825681 10.989565
      vertex 52.240936 36.170364 13.246936
      vertex 52.286161 34.997844 13.246936
    endloop
  endfacet
  facet normal -0.990877 -0.050346 -0.125011
    outer loop
      vertex 51.042806 35.709238 11.232763
      vertex 51.122605 34.138681 11.232763
      vertex 50.824738 34.229002 13.557383
    endloop
  endfacet
  facet normal -0.990877 -0.050346 -0.125011
    outer loop
      vertex 51.042806 35.709238 11.232763
      vertex 50.824738 34.229002 13.557383
      vertex 50.740747 35.882063 13.557383
    endloop
  endfacet
  facet normal 0.990472 0.050325 0.128189
    outer loop
      vertex 52.645431 33.676919 10.989565
      vertex 52.587063 34.825681 10.989565
      vertex 52.286161 34.997844 13.246936
    endloop
  endfacet
  facet normal 0.990472 0.050325 0.128189
    outer loop
      vertex 52.645431 33.676919 10.989565
      vertex 52.286161 34.997844 13.246936
      vertex 52.348705 33.766895 13.246936
    endloop
  endfacet
  facet normal -0.989227 -0.078264 -0.123714
    outer loop
      vertex 51.122605 34.138681 11.232763
      vertex 51.251852 32.505059 11.232763
      vertex 50.960774 32.509564 13.557383
    endloop
  endfacet
  facet normal -0.989227 -0.078264 -0.123714
    outer loop
      vertex 51.122605 34.138681 11.232763
      vertex 50.960774 32.509564 13.557383
      vertex 50.824738 34.229002 13.557383
    endloop
  endfacet
  facet normal 0.988831 0.078233 0.126861
    outer loop
      vertex 52.739967 32.482031 10.989565
      vertex 52.645431 33.676919 10.989565
      vertex 52.348705 33.766895 13.246936
    endloop
  endfacet
  facet normal 0.988831 0.078233 0.126861
    outer loop
      vertex 52.739967 32.482031 10.989565
      vertex 52.348705 33.766895 13.246936
      vertex 52.450004 32.486518 13.246936
    endloop
  endfacet
  facet normal -0.985188 -0.119347 -0.123129
    outer loop
      vertex 51.251852 32.505059 11.232763
      vertex 51.451948 30.853300 11.232763
      vertex 51.171382 30.771035 13.557383
    endloop
  endfacet
  facet normal -0.985188 -0.119347 -0.123129
    outer loop
      vertex 51.251852 32.505059 11.232763
      vertex 51.171382 30.771035 13.557383
      vertex 50.960774 32.509564 13.557383
    endloop
  endfacet
  facet normal 0.984797 0.119300 0.126262
    outer loop
      vertex 52.886324 31.273875 10.989565
      vertex 52.739967 32.482031 10.989565
      vertex 52.450004 32.486518 13.246936
    endloop
  endfacet
  facet normal 0.984797 0.119300 0.126262
    outer loop
      vertex 52.886324 31.273875 10.989565
      vertex 52.450004 32.486518 13.246936
      vertex 52.606832 31.191925 13.246936
    endloop
  endfacet
  facet normal -0.979472 -0.159049 -0.123844
    outer loop
      vertex 51.451948 30.853300 11.232763
      vertex 51.713425 29.243044 11.232763
      vertex 51.446595 29.076189 13.557383
    endloop
  endfacet
  facet normal -0.979472 -0.159049 -0.123844
    outer loop
      vertex 51.451948 30.853300 11.232763
      vertex 51.446595 29.076189 13.557383
      vertex 51.171382 30.771035 13.557383
    endloop
  endfacet
  facet normal 0.979079 0.158985 0.126994
    outer loop
      vertex 53.077578 30.096076 10.989565
      vertex 52.886324 31.273875 10.989565
      vertex 52.606832 31.191925 13.246936
    endloop
  endfacet
  facet normal 0.979079 0.158985 0.126994
    outer loop
      vertex 53.077578 30.096076 10.989565
      vertex 52.606832 31.191925 13.246936
      vertex 52.811769 29.929861 13.246936
    endloop
  endfacet
  facet normal -0.974873 -0.184298 -0.125129
    outer loop
      vertex 51.713425 29.243044 11.232763
      vertex 52.003618 27.708023 11.232763
      vertex 51.752032 27.460532 13.557383
    endloop
  endfacet
  facet normal -0.974873 -0.184298 -0.125129
    outer loop
      vertex 51.713425 29.243044 11.232763
      vertex 51.752032 27.460532 13.557383
      vertex 51.446595 29.076189 13.557383
    endloop
  endfacet
  facet normal 0.974473 0.184223 0.128310
    outer loop
      vertex 53.289835 28.973308 10.989565
      vertex 53.077578 30.096076 10.989565
      vertex 52.811769 29.929861 13.246936
    endloop
  endfacet
  facet normal 0.974473 0.184223 0.128310
    outer loop
      vertex 53.289835 28.973308 10.989565
      vertex 52.811769 29.929861 13.246936
      vertex 53.039213 28.726764 13.246936
    endloop
  endfacet
  facet normal 0.008034 -0.991492 -0.129917
    outer loop
      vertex 51.752032 27.460532 13.557383
      vertex 53.754352 27.476757 13.557383
      vertex 53.565749 27.169967 15.887053
    endloop
  endfacet
  facet normal 0.008034 -0.991492 -0.129917
    outer loop
      vertex 51.752032 27.460532 13.557383
      vertex 53.565749 27.169967 15.887053
      vertex 51.439143 27.152735 15.887053
    endloop
  endfacet
  facet normal -0.008031 0.991114 0.132771
    outer loop
      vertex 54.530237 28.738846 13.246936
      vertex 53.039213 28.726764 13.246936
      vertex 52.729052 28.421651 15.505804
    endloop
  endfacet
  facet normal -0.008031 0.991114 0.132771
    outer loop
      vertex 54.530237 28.738846 13.246936
      vertex 52.729052 28.421651 15.505804
      vertex 54.343278 28.434731 15.505804
    endloop
  endfacet
  facet normal 0.026689 -0.991365 -0.128390
    outer loop
      vertex 53.754352 27.476757 13.557383
      vertex 55.911443 27.534828 13.557383
      vertex 55.856733 27.231643 15.887053
    endloop
  endfacet
  facet normal 0.026689 -0.991365 -0.128390
    outer loop
      vertex 53.754352 27.476757 13.557383
      vertex 55.856733 27.231643 15.887053
      vertex 53.565749 27.169967 15.887053
    endloop
  endfacet
  facet normal -0.026679 0.990995 0.131211
    outer loop
      vertex 56.136512 28.782089 13.246936
      vertex 54.530237 28.738846 13.246936
      vertex 54.343278 28.434731 15.505804
    endloop
  endfacet
  facet normal -0.026679 0.990995 0.131211
    outer loop
      vertex 56.136512 28.782089 13.246936
      vertex 54.343278 28.434731 15.505804
      vertex 56.082279 28.481547 15.505804
    endloop
  endfacet
  facet normal 0.080412 -0.988666 -0.126778
    outer loop
      vertex 55.911443 27.534828 13.557383
      vertex 58.159911 27.717704 13.557383
      vertex 58.244766 27.425870 15.887053
    endloop
  endfacet
  facet normal 0.080412 -0.988666 -0.126778
    outer loop
      vertex 55.911443 27.534828 13.557383
      vertex 58.244766 27.425870 15.887053
      vertex 55.856733 27.231643 15.887053
    endloop
  endfacet
  facet normal -0.080383 0.988307 0.129564
    outer loop
      vertex 57.810830 28.918267 13.246936
      vertex 56.136512 28.782089 13.246936
      vertex 56.082279 28.481547 15.505804
    endloop
  endfacet
  facet normal -0.080383 0.988307 0.129564
    outer loop
      vertex 57.810830 28.918267 13.246936
      vertex 56.082279 28.481547 15.505804
      vertex 57.894945 28.628978 15.505804
    endloop
  endfacet
  facet normal 0.139141 -0.981955 -0.128076
    outer loop
      vertex 58.159911 27.717704 13.557383
      vertex 60.326132 28.024654 13.557383
      vertex 60.545446 27.751873 15.887053
    endloop
  endfacet
  facet normal 0.139141 -0.981955 -0.128076
    outer loop
      vertex 58.159911 27.717704 13.557383
      vertex 60.545446 27.751873 15.887053
      vertex 58.244766 27.425870 15.887053
    endloop
  endfacet
  facet normal -0.139090 0.981591 0.130890
    outer loop
      vertex 59.423902 29.146837 13.246936
      vertex 57.810830 28.918267 13.246936
      vertex 57.894945 28.628978 15.505804
    endloop
  endfacet
  facet normal -0.139090 0.981591 0.130890
    outer loop
      vertex 59.423902 29.146837 13.246936
      vertex 57.894945 28.628978 15.505804
      vertex 59.641305 28.876434 15.505804
    endloop
  endfacet
  facet normal 0.164384 -0.977797 -0.129965
    outer loop
      vertex 60.326132 28.024654 13.557383
      vertex 62.331393 28.361771 13.557383
      vertex 62.675176 28.109915 15.887053
    endloop
  endfacet
  facet normal 0.164384 -0.977797 -0.129965
    outer loop
      vertex 60.326132 28.024654 13.557383
      vertex 62.675176 28.109915 15.887053
      vertex 60.545446 27.751873 15.887053
    endloop
  endfacet
  facet normal -0.164321 0.977424 0.132820
    outer loop
      vertex 60.917117 29.397871 13.246936
      vertex 59.423902 29.146837 13.246936
      vertex 59.641305 28.876434 15.505804
    endloop
  endfacet
  facet normal -0.164321 0.977424 0.132820
    outer loop
      vertex 60.917117 29.397871 13.246936
      vertex 59.641305 28.876434 15.505804
      vertex 61.257903 29.148211 15.505804
    endloop
  endfacet
  facet normal 0.164804 -0.977719 -0.130019
    outer loop
      vertex 62.331393 28.361771 13.557383
      vertex 64.204027 28.677422 13.557383
      vertex 64.664047 28.445159 15.887053
    endloop
  endfacet
  facet normal 0.164804 -0.977719 -0.130019
    outer loop
      vertex 62.331393 28.361771 13.557383
      vertex 64.664047 28.445159 15.887053
      vertex 62.675176 28.109915 15.887053
    endloop
  endfacet
  facet normal -0.164741 0.977346 0.132874
    outer loop
      vertex 62.311571 29.632919 13.246936
      vertex 60.917117 29.397871 13.246936
      vertex 61.257903 29.148211 15.505804
    endloop
  endfacet
  facet normal -0.164741 0.977346 0.132874
    outer loop
      vertex 62.311571 29.632919 13.246936
      vertex 61.257903 29.148211 15.505804
      vertex 62.767580 29.402681 15.505804
    endloop
  endfacet
  facet normal 0.157395 -0.979114 -0.128695
    outer loop
      vertex 64.204027 28.677422 13.557383
      vertex 65.982554 28.963325 13.557383
      vertex 66.552969 28.748808 15.887053
    endloop
  endfacet
  facet normal 0.157395 -0.979114 -0.128695
    outer loop
      vertex 64.204027 28.677422 13.557383
      vertex 66.552969 28.748808 15.887053
      vertex 64.664047 28.445159 15.887053
    endloop
  endfacet
  facet normal -0.157336 0.978748 0.131523
    outer loop
      vertex 63.635948 29.845817 13.246936
      vertex 62.311571 29.632919 13.246936
      vertex 62.767580 29.402681 15.505804
    endloop
  endfacet
  facet normal -0.157336 0.978748 0.131523
    outer loop
      vertex 63.635948 29.845817 13.246936
      vertex 62.767580 29.402681 15.505804
      vertex 64.201390 29.633170 15.505804
    endloop
  endfacet
  facet normal 0.149118 -0.980654 -0.126810
    outer loop
      vertex 65.982554 28.963325 13.557383
      vertex 67.692686 29.223367 13.557383
      vertex 68.369251 29.024991 15.887053
    endloop
  endfacet
  facet normal 0.149118 -0.980654 -0.126810
    outer loop
      vertex 65.982554 28.963325 13.557383
      vertex 68.369251 29.024991 15.887053
      vertex 66.552969 28.748808 15.887053
    endloop
  endfacet
  facet normal -0.149064 0.980298 0.129598
    outer loop
      vertex 64.909396 30.039456 13.246936
      vertex 63.635948 29.845817 13.246936
      vertex 64.201390 29.633170 15.505804
    endloop
  endfacet
  facet normal -0.149064 0.980298 0.129598
    outer loop
      vertex 64.909396 30.039456 13.246936
      vertex 64.201390 29.633170 15.505804
      vertex 65.580062 29.842810 15.505804
    endloop
  endfacet
  facet normal 0.584244 0.805256 -0.101103
    outer loop
      vertex 67.692686 29.223367 13.557383
      vertex 65.884676 30.535147 13.557383
      vertex 66.449016 30.418195 15.887053
    endloop
  endfacet
  facet normal 0.584244 0.805256 -0.101103
    outer loop
      vertex 67.692686 29.223367 13.557383
      vertex 66.449016 30.418195 15.887053
      vertex 68.369251 29.024991 15.887053
    endloop
  endfacet
  facet normal -0.584109 -0.805070 0.103339
    outer loop
      vertex 63.563064 31.016272 13.246936
      vertex 64.909396 30.039456 13.246936
      vertex 65.580062 29.842810 15.505804
    endloop
  endfacet
  facet normal -0.584109 -0.805070 0.103339
    outer loop
      vertex 63.563064 31.016272 13.246936
      vertex 65.580062 29.842810 15.505804
      vertex 64.122483 30.900339 15.505804
    endloop
  endfacet
  facet normal 0.593969 0.797759 -0.103835
    outer loop
      vertex 65.884676 30.535147 13.557383
      vertex 63.994786 31.942258 13.557383
      vertex 64.441818 31.912647 15.887053
    endloop
  endfacet
  facet normal 0.593969 0.797759 -0.103835
    outer loop
      vertex 65.884676 30.535147 13.557383
      vertex 64.441818 31.912647 15.887053
      vertex 66.449016 30.418195 15.887053
    endloop
  endfacet
  facet normal -0.593824 -0.797565 0.106130
    outer loop
      vertex 62.155760 32.064075 13.246936
      vertex 63.563064 31.016272 13.246936
      vertex 64.122483 30.900339 15.505804
    endloop
  endfacet
  facet normal -0.593824 -0.797565 0.106130
    outer loop
      vertex 62.155760 32.064075 13.246936
      vertex 64.122483 30.900339 15.505804
      vertex 62.598895 32.034722 15.505804
    endloop
  endfacet
  facet normal 0.604369 0.789630 -0.105934
    outer loop
      vertex 63.994786 31.942258 13.557383
      vertex 61.967892 33.493608 13.557383
      vertex 62.289112 33.560291 15.887053
    endloop
  endfacet
  facet normal 0.604369 0.789630 -0.105934
    outer loop
      vertex 63.994786 31.942258 13.557383
      vertex 62.289112 33.560291 15.887053
      vertex 64.441818 31.912647 15.887053
    endloop
  endfacet
  facet normal -0.604216 -0.789430 0.108274
    outer loop
      vertex 60.646437 33.219285 13.246936
      vertex 62.155760 32.064075 13.246936
      vertex 62.598895 32.034722 15.505804
    endloop
  endfacet
  facet normal -0.604216 -0.789430 0.108274
    outer loop
      vertex 60.646437 33.219285 13.246936
      vertex 62.598895 32.034722 15.505804
      vertex 60.964857 33.285386 15.505804
    endloop
  endfacet
  facet normal 0.594198 0.797468 -0.104756
    outer loop
      vertex 61.967892 33.493608 13.557383
      vertex 59.668370 35.206995 13.557383
      vertex 59.846857 35.380030 15.887053
    endloop
  endfacet
  facet normal 0.594198 0.797468 -0.104756
    outer loop
      vertex 61.967892 33.493608 13.557383
      vertex 59.846857 35.380030 15.887053
      vertex 62.289112 33.560291 15.887053
    endloop
  endfacet
  facet normal -0.594051 -0.797270 0.107071
    outer loop
      vertex 58.934101 34.495156 13.246936
      vertex 60.646437 33.219285 13.246936
      vertex 60.964857 33.285386 15.505804
    endloop
  endfacet
  facet normal -0.594051 -0.797270 0.107071
    outer loop
      vertex 58.934101 34.495156 13.246936
      vertex 60.964857 33.285386 15.505804
      vertex 59.111032 34.666682 15.505804
    endloop
  endfacet
  facet normal 0.522963 0.846120 -0.102912
    outer loop
      vertex 59.668370 35.206995 13.557383
      vertex 57.104464 36.791676 13.557383
      vertex 57.123806 37.063073 15.887053
    endloop
  endfacet
  facet normal 0.522963 0.846120 -0.102912
    outer loop
      vertex 59.668370 35.206995 13.557383
      vertex 57.123806 37.063073 15.887053
      vertex 59.846857 35.380030 15.887053
    endloop
  endfacet
  facet normal -0.522838 -0.845917 0.105187
    outer loop
      vertex 57.024892 35.675186 13.246936
      vertex 58.934101 34.495156 13.246936
      vertex 59.111032 34.666682 15.505804
    endloop
  endfacet
  facet normal -0.522838 -0.845917 0.105187
    outer loop
      vertex 57.024892 35.675186 13.246936
      vertex 59.111032 34.666682 15.505804
      vertex 57.044066 35.944217 15.505804
    endloop
  endfacet
  facet normal 0.474518 0.873872 -0.105742
    outer loop
      vertex 57.104464 36.791676 13.557383
      vertex 54.714697 38.089333 13.557383
      vertex 54.585704 38.441278 15.887053
    endloop
  endfacet
  facet normal 0.474518 0.873872 -0.105742
    outer loop
      vertex 57.104464 36.791676 13.557383
      vertex 54.585704 38.441278 15.887053
      vertex 57.123806 37.063073 15.887053
    endloop
  endfacet
  facet normal -0.474398 -0.873651 0.108079
    outer loop
      vertex 55.245356 36.641485 13.246936
      vertex 57.024892 35.675186 13.246936
      vertex 57.044066 35.944217 15.505804
    endloop
  endfacet
  facet normal -0.474398 -0.873651 0.108079
    outer loop
      vertex 55.245356 36.641485 13.246936
      vertex 57.044066 35.944217 15.505804
      vertex 55.117488 36.990361 15.505804
    endloop
  endfacet
  facet normal 0.479188 0.871396 -0.105110
    outer loop
      vertex 54.714697 38.089333 13.557383
      vertex 52.563735 39.272164 13.557383
      vertex 52.301229 39.697529 15.887053
    endloop
  endfacet
  facet normal 0.479188 0.871396 -0.105110
    outer loop
      vertex 54.714697 38.089333 13.557383
      vertex 52.301229 39.697529 15.887053
      vertex 54.585704 38.441278 15.887053
    endloop
  endfacet
  facet normal -0.479068 -0.871179 0.107432
    outer loop
      vertex 53.643646 37.522278 13.246936
      vertex 55.245356 36.641485 13.246936
      vertex 55.117488 36.990361 15.505804
    endloop
  endfacet
  facet normal -0.479068 -0.871179 0.107432
    outer loop
      vertex 53.643646 37.522278 13.246936
      vertex 55.117488 36.990361 15.505804
      vertex 53.383429 37.943933 15.505804
    endloop
  endfacet
  facet normal 0.491307 0.864927 -0.102563
    outer loop
      vertex 52.563735 39.272164 13.557383
      vertex 50.566416 40.406709 13.557383
      vertex 50.179935 40.902495 15.887053
    endloop
  endfacet
  facet normal 0.491307 0.864927 -0.102563
    outer loop
      vertex 52.563735 39.272164 13.557383
      vertex 50.179935 40.902495 15.887053
      vertex 52.301229 39.697529 15.887053
    endloop
  endfacet
  facet normal -0.491191 -0.864721 0.104830
    outer loop
      vertex 52.156346 38.367115 13.246936
      vertex 53.643646 37.522278 13.246936
      vertex 53.383429 37.943933 15.505804
    endloop
  endfacet
  facet normal -0.491191 -0.864721 0.104830
    outer loop
      vertex 52.156346 38.367115 13.246936
      vertex 53.383429 37.943933 15.505804
      vertex 51.773234 38.858578 15.505804
    endloop
  endfacet
  facet normal -0.987069 -0.039694 -0.155303
    outer loop
      vertex 50.566416 40.406709 13.557383
      vertex 50.624564 38.960732 13.557383
      vertex 50.241692 39.366765 15.887053
    endloop
  endfacet
  facet normal -0.987069 -0.039694 -0.155303
    outer loop
      vertex 50.566416 40.406709 13.557383
      vertex 50.241692 39.366765 15.887053
      vertex 50.179935 40.902495 15.887053
    endloop
  endfacet
  facet normal 0.986531 0.039672 0.158688
    outer loop
      vertex 52.199645 37.290370 13.246936
      vertex 52.156346 38.367115 13.246936
      vertex 51.773234 38.858578 15.505804
    endloop
  endfacet
  facet normal 0.986531 0.039672 0.158688
    outer loop
      vertex 52.199645 37.290370 13.246936
      vertex 51.773234 38.858578 15.505804
      vertex 51.820111 37.692863 15.505804
    endloop
  endfacet
  facet normal -0.987105 -0.036391 -0.155884
    outer loop
      vertex 50.624564 38.960732 13.557383
      vertex 50.680014 37.456658 13.557383
      vertex 50.300584 37.769332 15.887053
    endloop
  endfacet
  facet normal -0.987105 -0.036391 -0.155884
    outer loop
      vertex 50.624564 38.960732 13.557383
      vertex 50.300584 37.769332 15.887053
      vertex 50.241692 39.366765 15.887053
    endloop
  endfacet
  facet normal 0.986563 0.036371 0.159281
    outer loop
      vertex 52.240936 36.170364 13.246936
      vertex 52.199645 37.290370 13.246936
      vertex 51.820111 37.692863 15.505804
    endloop
  endfacet
  facet normal 0.986563 0.036371 0.159281
    outer loop
      vertex 52.240936 36.170364 13.246936
      vertex 51.820111 37.692863 15.505804
      vertex 51.864814 36.480312 15.505804
    endloop
  endfacet
  facet normal -0.987078 -0.038072 -0.155654
    outer loop
      vertex 50.680014 37.456658 13.557383
      vertex 50.740747 35.882063 13.557383
      vertex 50.365087 36.097000 15.887053
    endloop
  endfacet
  facet normal -0.987078 -0.038072 -0.155654
    outer loop
      vertex 50.680014 37.456658 13.557383
      vertex 50.365087 36.097000 15.887053
      vertex 50.300584 37.769332 15.887053
    endloop
  endfacet
  facet normal 0.986538 0.038051 0.159046
    outer loop
      vertex 52.286161 34.997844 13.246936
      vertex 52.240936 36.170364 13.246936
      vertex 51.864814 36.480312 15.505804
    endloop
  endfacet
  facet normal 0.986538 0.038051 0.159046
    outer loop
      vertex 52.286161 34.997844 13.246936
      vertex 51.864814 36.480312 15.505804
      vertex 51.913776 35.210907 15.505804
    endloop
  endfacet
  facet normal -0.986722 -0.050135 -0.154484
    outer loop
      vertex 50.740747 35.882063 13.557383
      vertex 50.824738 34.229002 13.557383
      vertex 50.454291 34.341331 15.887053
    endloop
  endfacet
  facet normal -0.986722 -0.050135 -0.154484
    outer loop
      vertex 50.740747 35.882063 13.557383
      vertex 50.454291 34.341331 15.887053
      vertex 50.365087 36.097000 15.887053
    endloop
  endfacet
  facet normal 0.986191 0.050108 0.157852
    outer loop
      vertex 52.348705 33.766895 13.246936
      vertex 52.286161 34.997844 13.246936
      vertex 51.913776 35.210907 15.505804
    endloop
  endfacet
  facet normal 0.986191 0.050108 0.157852
    outer loop
      vertex 52.348705 33.766895 13.246936
      vertex 51.913776 35.210907 15.505804
      vertex 51.981487 33.878245 15.505804
    endloop
  endfacet
  facet normal -0.985164 -0.077943 -0.152895
    outer loop
      vertex 50.824738 34.229002 13.557383
      vertex 50.960774 32.509564 13.557383
      vertex 50.598771 32.515166 15.887053
    endloop
  endfacet
  facet normal -0.985164 -0.077943 -0.152895
    outer loop
      vertex 50.824738 34.229002 13.557383
      vertex 50.598771 32.515166 15.887053
      vertex 50.454291 34.341331 15.887053
    endloop
  endfacet
  facet normal 0.984644 0.077902 0.156230
    outer loop
      vertex 52.450004 32.486518 13.246936
      vertex 52.348705 33.766895 13.246936
      vertex 51.981487 33.878245 15.505804
    endloop
  endfacet
  facet normal 0.984644 0.077902 0.156230
    outer loop
      vertex 52.450004 32.486518 13.246936
      vertex 51.981487 33.878245 15.505804
      vertex 52.091157 32.492071 15.505804
    endloop
  endfacet
  facet normal -0.981180 -0.118861 -0.152178
    outer loop
      vertex 50.960774 32.509564 13.557383
      vertex 51.171382 30.771035 13.557383
      vertex 50.822451 30.668725 15.887053
    endloop
  endfacet
  facet normal -0.981180 -0.118861 -0.152178
    outer loop
      vertex 50.960774 32.509564 13.557383
      vertex 50.822451 30.668725 15.887053
      vertex 50.598771 32.515166 15.887053
    endloop
  endfacet
  facet normal 0.980667 0.118799 0.155498
    outer loop
      vertex 52.606832 31.191925 13.246936
      vertex 52.450004 32.486518 13.246936
      vertex 52.091157 32.492071 15.505804
    endloop
  endfacet
  facet normal 0.980667 0.118799 0.155498
    outer loop
      vertex 52.606832 31.191925 13.246936
      vertex 52.091157 32.492071 15.505804
      vertex 52.260944 31.090507 15.505804
    endloop
  endfacet
  facet normal -0.975441 -0.158394 -0.153055
    outer loop
      vertex 51.171382 30.771035 13.557383
      vertex 51.446595 29.076189 13.557383
      vertex 51.114747 28.868678 15.887053
    endloop
  endfacet
  facet normal -0.975441 -0.158394 -0.153055
    outer loop
      vertex 51.171382 30.771035 13.557383
      vertex 51.114747 28.868678 15.887053
      vertex 50.822451 30.668725 15.887053
    endloop
  endfacet
  facet normal 0.974925 0.158310 0.156393
    outer loop
      vertex 52.811769 29.929861 13.246936
      vertex 52.606832 31.191925 13.246936
      vertex 52.260944 31.090507 15.505804
    endloop
  endfacet
  facet normal 0.974925 0.158310 0.156393
    outer loop
      vertex 52.811769 29.929861 13.246936
      vertex 52.260944 31.090507 15.505804
      vertex 52.482815 29.724159 15.505804
    endloop
  endfacet
  facet normal -0.970778 -0.183524 -0.154629
    outer loop
      vertex 51.446595 29.076189 13.557383
      vertex 51.752032 27.460532 13.557383
      vertex 51.439143 27.152735 15.887053
    endloop
  endfacet
  facet normal -0.970778 -0.183524 -0.154629
    outer loop
      vertex 51.446595 29.076189 13.557383
      vertex 51.439143 27.152735 15.887053
      vertex 51.114747 28.868678 15.887053
    endloop
  endfacet
  facet normal 0.970253 0.183425 0.158000
    outer loop
      vertex 53.039213 28.726764 13.246936
      vertex 52.811769 29.929861 13.246936
      vertex 52.482815 29.724159 15.505804
    endloop
  endfacet
  facet normal 0.970253 0.183425 0.158000
    outer loop
      vertex 53.039213 28.726764 13.246936
      vertex 52.482815 29.724159 15.505804
      vertex 52.729052 28.421651 15.505804
    endloop
  endfacet
  facet normal 0.008008 -0.988285 -0.152408
    outer loop
      vertex 51.439143 27.152735 15.887053
      vertex 53.565749 27.169967 15.887053
      vertex 53.343507 26.808458 18.219562
    endloop
  endfacet
  facet normal 0.008008 -0.988285 -0.152408
    outer loop
      vertex 51.439143 27.152735 15.887053
      vertex 53.343507 26.808458 18.219562
      vertex 51.070447 26.790040 18.219562
    endloop
  endfacet
  facet normal -0.008003 0.987727 0.155987
    outer loop
      vertex 54.343278 28.434731 15.505804
      vertex 52.729052 28.421651 15.505804
      vertex 52.363269 28.061821 17.765512
    endloop
  endfacet
  facet normal -0.008003 0.987727 0.155987
    outer loop
      vertex 54.343278 28.434731 15.505804
      vertex 52.363269 28.061821 17.765512
      vertex 54.122792 28.076079 17.765512
    endloop
  endfacet
  facet normal 0.026604 -0.988232 -0.150628
    outer loop
      vertex 53.565749 27.169967 15.887053
      vertex 55.856733 27.231643 15.887053
      vertex 55.792266 26.874382 18.219562
    endloop
  endfacet
  facet normal 0.026604 -0.988232 -0.150628
    outer loop
      vertex 53.565749 27.169967 15.887053
      vertex 55.792266 26.874382 18.219562
      vertex 53.343507 26.808458 18.219562
    endloop
  endfacet
  facet normal -0.026590 0.987687 0.154168
    outer loop
      vertex 56.082279 28.481547 15.505804
      vertex 54.343278 28.434731 15.505804
      vertex 54.122792 28.076079 17.765512
    endloop
  endfacet
  facet normal -0.026590 0.987687 0.154168
    outer loop
      vertex 56.082279 28.481547 15.505804
      vertex 54.122792 28.076079 17.765512
      vertex 56.018320 28.127108 17.765512
    endloop
  endfacet
  facet normal 0.080164 -0.985620 -0.148748
    outer loop
      vertex 55.856733 27.231643 15.887053
      vertex 58.244766 27.425870 15.887053
      vertex 58.344756 27.081985 18.219562
    endloop
  endfacet
  facet normal 0.080164 -0.985620 -0.148748
    outer loop
      vertex 55.856733 27.231643 15.887053
      vertex 58.344756 27.081985 18.219562
      vertex 55.792266 26.874382 18.219562
    endloop
  endfacet
  facet normal -0.080121 0.985090 0.152245
    outer loop
      vertex 57.894945 28.628978 15.505804
      vertex 56.082279 28.481547 15.505804
      vertex 56.018320 28.127108 17.765512
    endloop
  endfacet
  facet normal -0.080121 0.985090 0.152245
    outer loop
      vertex 57.894945 28.628978 15.505804
      vertex 56.018320 28.127108 17.765512
      vertex 57.994145 28.287809 17.765512
    endloop
  endfacet
  facet normal 0.138704 -0.978868 -0.150262
    outer loop
      vertex 58.244766 27.425870 15.887053
      vertex 60.545446 27.751873 15.887053
      vertex 60.803878 27.430439 18.219562
    endloop
  endfacet
  facet normal 0.138704 -0.978868 -0.150262
    outer loop
      vertex 58.244766 27.425870 15.887053
      vertex 60.803878 27.430439 18.219562
      vertex 58.344756 27.081985 18.219562
    endloop
  endfacet
  facet normal -0.138628 0.978330 0.153793
    outer loop
      vertex 59.641305 28.876434 15.505804
      vertex 57.894945 28.628978 15.505804
      vertex 57.994145 28.287809 17.765512
    endloop
  endfacet
  facet normal -0.138628 0.978330 0.153793
    outer loop
      vertex 59.641305 28.876434 15.505804
      vertex 57.994145 28.287809 17.765512
      vertex 59.897695 28.557539 17.765512
    endloop
  endfacet
  facet normal 0.163852 -0.974632 -0.152464
    outer loop
      vertex 60.545446 27.751873 15.887053
      vertex 62.675176 28.109915 15.887053
      vertex 63.080276 27.813139 18.219562
    endloop
  endfacet
  facet normal 0.163852 -0.974632 -0.152464
    outer loop
      vertex 60.545446 27.751873 15.887053
      vertex 63.080276 27.813139 18.219562
      vertex 60.803878 27.430439 18.219562
    endloop
  endfacet
  facet normal -0.163759 0.974081 0.156045
    outer loop
      vertex 61.257903 29.148211 15.505804
      vertex 59.641305 28.876434 15.505804
      vertex 59.897695 28.557539 17.765512
    endloop
  endfacet
  facet normal -0.163759 0.974081 0.156045
    outer loop
      vertex 61.257903 29.148211 15.505804
      vertex 59.897695 28.557539 17.765512
      vertex 61.659803 28.853779 17.765512
    endloop
  endfacet
  facet normal 0.164270 -0.974552 -0.152527
    outer loop
      vertex 62.675176 28.109915 15.887053
      vertex 64.664047 28.445159 15.887053
      vertex 65.206115 28.171469 18.219562
    endloop
  endfacet
  facet normal 0.164270 -0.974552 -0.152527
    outer loop
      vertex 62.675176 28.109915 15.887053
      vertex 65.206115 28.171469 18.219562
      vertex 63.080276 27.813139 18.219562
    endloop
  endfacet
  facet normal -0.164177 0.974000 0.156108
    outer loop
      vertex 62.767580 29.402681 15.505804
      vertex 61.257903 29.148211 15.505804
      vertex 61.659803 28.853779 17.765512
    endloop
  endfacet
  facet normal -0.164177 0.974000 0.156108
    outer loop
      vertex 62.767580 29.402681 15.505804
      vertex 61.659803 28.853779 17.765512
      vertex 63.305366 29.131154 17.765512
    endloop
  endfacet
  facet normal 0.156896 -0.976006 -0.150984
    outer loop
      vertex 64.664047 28.445159 15.887053
      vertex 66.552969 28.748808 15.887053
      vertex 67.225122 28.496030 18.219562
    endloop
  endfacet
  facet normal 0.156896 -0.976006 -0.150984
    outer loop
      vertex 64.664047 28.445159 15.887053
      vertex 67.225122 28.496030 18.219562
      vertex 65.206115 28.171469 18.219562
    endloop
  endfacet
  facet normal -0.156809 0.975465 0.154531
    outer loop
      vertex 64.201390 29.633170 15.505804
      vertex 62.767580 29.402681 15.505804
      vertex 63.305366 29.131154 17.765512
    endloop
  endfacet
  facet normal -0.156809 0.975465 0.154531
    outer loop
      vertex 64.201390 29.633170 15.505804
      vertex 63.305366 29.131154 17.765512
      vertex 64.868233 29.382389 17.765512
    endloop
  endfacet
  facet normal 0.148658 -0.977632 -0.148786
    outer loop
      vertex 66.552969 28.748808 15.887053
      vertex 68.369251 29.024991 15.887053
      vertex 69.166487 28.791233 18.219562
    endloop
  endfacet
  facet normal 0.148658 -0.977632 -0.148786
    outer loop
      vertex 66.552969 28.748808 15.887053
      vertex 69.166487 28.791233 18.219562
      vertex 67.225122 28.496030 18.219562
    endloop
  endfacet
  facet normal -0.148578 0.977105 0.152284
    outer loop
      vertex 65.580062 29.842810 15.505804
      vertex 64.201390 29.633170 15.505804
      vertex 64.868233 29.382389 17.765512
    endloop
  endfacet
  facet normal -0.148578 0.977105 0.152284
    outer loop
      vertex 65.580062 29.842810 15.505804
      vertex 64.868233 29.382389 17.765512
      vertex 66.371000 29.610899 17.765512
    endloop
  endfacet
  facet normal 0.583097 0.803676 -0.118756
    outer loop
      vertex 68.369251 29.024991 15.887053
      vertex 66.449016 30.418195 15.887053
      vertex 67.114010 30.280383 18.219562
    endloop
  endfacet
  facet normal 0.583097 0.803676 -0.118756
    outer loop
      vertex 68.369251 29.024991 15.887053
      vertex 67.114010 30.280383 18.219562
      vertex 69.166487 28.791233 18.219562
    endloop
  endfacet
  facet normal -0.582897 -0.803400 0.121572
    outer loop
      vertex 64.122483 30.900339 15.505804
      vertex 65.580062 29.842810 15.505804
      vertex 66.371000 29.610899 17.765512
    endloop
  endfacet
  facet normal -0.582897 -0.803400 0.121572
    outer loop
      vertex 64.122483 30.900339 15.505804
      vertex 66.371000 29.610899 17.765512
      vertex 64.782224 30.763616 17.765512
    endloop
  endfacet
  facet normal 0.592739 0.796108 -0.121953
    outer loop
      vertex 66.449016 30.418195 15.887053
      vertex 64.441818 31.912647 15.887053
      vertex 64.968583 31.877755 18.219562
    endloop
  endfacet
  facet normal 0.592739 0.796108 -0.121953
    outer loop
      vertex 66.449016 30.418195 15.887053
      vertex 64.968583 31.877755 18.219562
      vertex 67.114010 30.280383 18.219562
    endloop
  endfacet
  facet normal -0.592525 -0.795820 0.124842
    outer loop
      vertex 62.598895 32.034722 15.505804
      vertex 64.122483 30.900339 15.505804
      vertex 64.782224 30.763616 17.765512
    endloop
  endfacet
  facet normal -0.592525 -0.795820 0.124842
    outer loop
      vertex 62.598895 32.034722 15.505804
      vertex 64.782224 30.763616 17.765512
      vertex 63.121498 32.000105 17.765512
    endloop
  endfacet
  facet normal 0.603067 0.787929 -0.124407
    outer loop
      vertex 64.441818 31.912647 15.887053
      vertex 62.289112 33.560291 15.887053
      vertex 62.667626 33.638867 18.219562
    endloop
  endfacet
  facet normal 0.603067 0.787929 -0.124407
    outer loop
      vertex 64.441818 31.912647 15.887053
      vertex 62.667626 33.638867 18.219562
      vertex 64.968583 31.877755 18.219562
    endloop
  endfacet
  facet normal -0.602840 -0.787633 0.127353
    outer loop
      vertex 60.964857 33.285386 15.505804
      vertex 62.598895 32.034722 15.505804
      vertex 63.121498 32.000105 17.765512
    endloop
  endfacet
  facet normal -0.602840 -0.787633 0.127353
    outer loop
      vertex 60.964857 33.285386 15.505804
      vertex 63.121498 32.000105 17.765512
      vertex 61.340379 33.363342 17.765512
    endloop
  endfacet
  facet normal 0.592946 0.795788 -0.123030
    outer loop
      vertex 62.289112 33.560291 15.887053
      vertex 59.846857 35.380030 15.887053
      vertex 60.057178 35.583927 18.219562
    endloop
  endfacet
  facet normal 0.592946 0.795788 -0.123030
    outer loop
      vertex 62.289112 33.560291 15.887053
      vertex 60.057178 35.583927 18.219562
      vertex 62.667626 33.638867 18.219562
    endloop
  endfacet
  facet normal -0.592728 -0.795495 0.125944
    outer loop
      vertex 59.111032 34.666682 15.505804
      vertex 60.964857 33.285386 15.505804
      vertex 61.340379 33.363342 17.765512
    endloop
  endfacet
  facet normal -0.592728 -0.795495 0.125944
    outer loop
      vertex 59.111032 34.666682 15.505804
      vertex 61.340379 33.363342 17.765512
      vertex 59.319692 34.868968 17.765512
    endloop
  endfacet
  facet normal 0.521900 0.844399 -0.120873
    outer loop
      vertex 59.846857 35.380030 15.887053
      vertex 57.123806 37.063073 15.887053
      vertex 57.146598 37.382877 18.219562
    endloop
  endfacet
  facet normal 0.521900 0.844399 -0.120873
    outer loop
      vertex 59.846857 35.380030 15.887053
      vertex 57.146598 37.382877 18.219562
      vertex 60.057178 35.583927 18.219562
    endloop
  endfacet
  facet normal -0.521714 -0.844099 0.123737
    outer loop
      vertex 57.044066 35.944217 15.505804
      vertex 59.111032 34.666682 15.505804
      vertex 59.319692 34.868968 17.765512
    endloop
  endfacet
  facet normal -0.521714 -0.844099 0.123737
    outer loop
      vertex 57.044066 35.944217 15.505804
      vertex 59.319692 34.868968 17.765512
      vertex 57.066678 36.261494 17.765512
    endloop
  endfacet
  facet normal 0.473499 0.871996 -0.124184
    outer loop
      vertex 57.123806 37.063073 15.887053
      vertex 54.585704 38.441278 15.887053
      vertex 54.433703 38.855995 18.219562
    endloop
  endfacet
  facet normal 0.473499 0.871996 -0.124184
    outer loop
      vertex 57.123806 37.063073 15.887053
      vertex 54.433703 38.855995 18.219562
      vertex 57.146598 37.382877 18.219562
    endloop
  endfacet
  facet normal -0.473321 -0.871669 0.127124
    outer loop
      vertex 55.117488 36.990361 15.505804
      vertex 57.044066 35.944217 15.505804
      vertex 57.066678 36.261494 17.765512
    endloop
  endfacet
  facet normal -0.473321 -0.871669 0.127124
    outer loop
      vertex 55.117488 36.990361 15.505804
      vertex 57.066678 36.261494 17.765512
      vertex 54.966688 37.401801 17.765512
    endloop
  endfacet
  facet normal 0.478171 0.869548 -0.123444
    outer loop
      vertex 54.585704 38.441278 15.887053
      vertex 52.301229 39.697529 15.887053
      vertex 51.991904 40.198760 18.219562
    endloop
  endfacet
  facet normal 0.478171 0.869548 -0.123444
    outer loop
      vertex 54.585704 38.441278 15.887053
      vertex 51.991904 40.198760 18.219562
      vertex 54.433703 38.855995 18.219562
    endloop
  endfacet
  facet normal -0.477994 -0.869226 0.126367
    outer loop
      vertex 53.383429 37.943933 15.505804
      vertex 55.117488 36.990361 15.505804
      vertex 54.966688 37.401801 17.765512
    endloop
  endfacet
  facet normal -0.477994 -0.869226 0.126367
    outer loop
      vertex 53.383429 37.943933 15.505804
      vertex 54.966688 37.401801 17.765512
      vertex 53.076547 38.441205 17.765512
    endloop
  endfacet
  facet normal 0.490315 0.863180 -0.120465
    outer loop
      vertex 52.301229 39.697529 15.887053
      vertex 50.179935 40.902495 15.887053
      vertex 49.724521 41.486710 18.219562
    endloop
  endfacet
  facet normal 0.490315 0.863180 -0.120465
    outer loop
      vertex 52.301229 39.697529 15.887053
      vertex 49.724521 41.486710 18.219562
      vertex 51.991904 40.198760 18.219562
    endloop
  endfacet
  facet normal -0.490142 -0.862875 0.123320
    outer loop
      vertex 51.773234 38.858578 15.505804
      vertex 53.383429 37.943933 15.505804
      vertex 53.076547 38.441205 17.765512
    endloop
  endfacet
  facet normal -0.490142 -0.862875 0.123320
    outer loop
      vertex 51.773234 38.858578 15.505804
      vertex 53.076547 38.441205 17.765512
      vertex 51.321418 39.438177 17.765512
    endloop
  endfacet
  facet normal -0.982516 -0.039511 -0.181937
    outer loop
      vertex 50.179935 40.902495 15.887053
      vertex 50.241692 39.366765 15.887053
      vertex 49.790531 39.845218 18.219562
    endloop
  endfacet
  facet normal -0.982516 -0.039511 -0.181937
    outer loop
      vertex 50.179935 40.902495 15.887053
      vertex 49.790531 39.845218 18.219562
      vertex 49.724521 41.486710 18.219562
    endloop
  endfacet
  facet normal 0.981725 0.039479 0.186164
    outer loop
      vertex 51.820111 37.692863 15.505804
      vertex 51.773234 38.858578 15.505804
      vertex 51.321418 39.438177 17.765512
    endloop
  endfacet
  facet normal 0.981725 0.039479 0.186164
    outer loop
      vertex 51.820111 37.692863 15.505804
      vertex 51.321418 39.438177 17.765512
      vertex 51.372515 38.167536 17.765512
    endloop
  endfacet
  facet normal -0.982518 -0.036222 -0.182611
    outer loop
      vertex 50.241692 39.366765 15.887053
      vertex 50.300584 37.769332 15.887053
      vertex 49.853479 38.137774 18.219562
    endloop
  endfacet
  facet normal -0.982518 -0.036222 -0.182611
    outer loop
      vertex 50.241692 39.366765 15.887053
      vertex 49.853479 38.137774 18.219562
      vertex 49.790531 39.845218 18.219562
    endloop
  endfacet
  facet normal 0.981721 0.036193 0.186854
    outer loop
      vertex 51.864814 36.480312 15.505804
      vertex 51.820111 37.692863 15.505804
      vertex 51.372515 38.167536 17.765512
    endloop
  endfacet
  facet normal 0.981721 0.036193 0.186854
    outer loop
      vertex 51.864814 36.480312 15.505804
      vertex 51.372515 38.167536 17.765512
      vertex 51.421241 36.845843 17.765512
    endloop
  endfacet
  facet normal -0.982504 -0.037896 -0.182344
    outer loop
      vertex 50.300584 37.769332 15.887053
      vertex 50.365087 36.097000 15.887053
      vertex 49.922424 36.350272 18.219562
    endloop
  endfacet
  facet normal -0.982504 -0.037896 -0.182344
    outer loop
      vertex 50.300584 37.769332 15.887053
      vertex 49.922424 36.350272 18.219562
      vertex 49.853479 38.137774 18.219562
    endloop
  endfacet
  facet normal 0.981710 0.037865 0.186581
    outer loop
      vertex 51.913776 35.210907 15.505804
      vertex 51.864814 36.480312 15.505804
      vertex 51.421241 36.845843 17.765512
    endloop
  endfacet
  facet normal 0.981710 0.037865 0.186581
    outer loop
      vertex 51.913776 35.210907 15.505804
      vertex 51.421241 36.845843 17.765512
      vertex 51.474610 35.462179 17.765512
    endloop
  endfacet
  facet normal -0.982219 -0.049906 -0.180986
    outer loop
      vertex 50.365087 36.097000 15.887053
      vertex 50.454291 34.341331 15.887053
      vertex 50.017771 34.473695 18.219562
    endloop
  endfacet
  facet normal -0.982219 -0.049906 -0.180986
    outer loop
      vertex 50.365087 36.097000 15.887053
      vertex 50.017771 34.473695 18.219562
      vertex 49.922424 36.350272 18.219562
    endloop
  endfacet
  facet normal 0.981436 0.049866 0.185193
    outer loop
      vertex 51.981487 33.878245 15.505804
      vertex 51.913776 35.210907 15.505804
      vertex 51.474610 35.462179 17.765512
    endloop
  endfacet
  facet normal 0.981436 0.049866 0.185193
    outer loop
      vertex 51.981487 33.878245 15.505804
      vertex 51.474610 35.462179 17.765512
      vertex 51.548416 34.009563 17.765512
    endloop
  endfacet
  facet normal -0.980759 -0.077594 -0.179142
    outer loop
      vertex 50.454291 34.341331 15.887053
      vertex 50.598771 32.515166 15.887053
      vertex 50.172201 32.521767 18.219562
    endloop
  endfacet
  facet normal -0.980759 -0.077594 -0.179142
    outer loop
      vertex 50.454291 34.341331 15.887053
      vertex 50.172201 32.521767 18.219562
      vertex 50.017771 34.473695 18.219562
    endloop
  endfacet
  facet normal 0.979993 0.077534 0.183309
    outer loop
      vertex 52.091157 32.492071 15.505804
      vertex 51.981487 33.878245 15.505804
      vertex 51.548416 34.009563 17.765512
    endloop
  endfacet
  facet normal 0.979993 0.077534 0.183309
    outer loop
      vertex 52.091157 32.492071 15.505804
      vertex 51.548416 34.009563 17.765512
      vertex 51.667957 32.498620 17.765512
    endloop
  endfacet
  facet normal -0.976833 -0.118335 -0.178309
    outer loop
      vertex 50.598771 32.515166 15.887053
      vertex 50.822451 30.668725 15.887053
      vertex 50.411286 30.548167 18.219562
    endloop
  endfacet
  facet normal -0.976833 -0.118335 -0.178309
    outer loop
      vertex 50.598771 32.515166 15.887053
      vertex 50.411286 30.548167 18.219562
      vertex 50.172201 32.521767 18.219562
    endloop
  endfacet
  facet normal 0.976078 0.118243 0.182458
    outer loop
      vertex 52.260944 31.090507 15.505804
      vertex 52.091157 32.492071 15.505804
      vertex 51.667957 32.498620 17.765512
    endloop
  endfacet
  facet normal 0.976078 0.118243 0.182458
    outer loop
      vertex 52.260944 31.090507 15.505804
      vertex 51.667957 32.498620 17.765512
      vertex 51.853027 30.970901 17.765512
    endloop
  endfacet
  facet normal -0.971070 -0.157685 -0.179326
    outer loop
      vertex 50.822451 30.668725 15.887053
      vertex 51.114747 28.868678 15.887053
      vertex 50.723711 28.624155 18.219562
    endloop
  endfacet
  facet normal -0.971070 -0.157685 -0.179326
    outer loop
      vertex 50.822451 30.668725 15.887053
      vertex 50.723711 28.624155 18.219562
      vertex 50.411286 30.548167 18.219562
    endloop
  endfacet
  facet normal 0.970311 0.157561 0.183498
    outer loop
      vertex 52.482815 29.724159 15.505804
      vertex 52.260944 31.090507 15.505804
      vertex 51.853027 30.970901 17.765512
    endloop
  endfacet
  facet normal 0.970311 0.157561 0.183498
    outer loop
      vertex 52.482815 29.724159 15.505804
      vertex 51.853027 30.970901 17.765512
      vertex 52.094868 29.481568 17.765512
    endloop
  endfacet
  facet normal -0.966338 -0.182685 -0.181154
    outer loop
      vertex 51.114747 28.868678 15.887053
      vertex 51.439143 27.152735 15.887053
      vertex 51.070447 26.790040 18.219562
    endloop
  endfacet
  facet normal -0.966338 -0.182685 -0.181154
    outer loop
      vertex 51.114747 28.868678 15.887053
      vertex 51.070447 26.790040 18.219562
      vertex 50.723711 28.624155 18.219562
    endloop
  endfacet
  facet normal 0.965567 0.182539 0.185365
    outer loop
      vertex 52.729052 28.421651 15.505804
      vertex 52.482815 29.724159 15.505804
      vertex 52.094868 29.481568 17.765512
    endloop
  endfacet
  facet normal 0.965567 0.182539 0.185365
    outer loop
      vertex 52.729052 28.421651 15.505804
      vertex 52.094868 29.481568 17.765512
      vertex 52.363269 28.061821 17.765512
    endloop
  endfacet
  facet normal 0.007982 -0.985104 -0.171773
    outer loop
      vertex 51.070447 26.790040 18.219562
      vertex 53.343507 26.808458 18.219562
      vertex 53.092151 26.399591 20.552703
    endloop
  endfacet
  facet normal 0.007982 -0.985104 -0.171773
    outer loop
      vertex 51.070447 26.790040 18.219562
      vertex 53.092151 26.399591 20.552703
      vertex 50.653452 26.379831 20.552703
    endloop
  endfacet
  facet normal -0.007976 0.984298 0.176333
    outer loop
      vertex 54.122792 28.076079 17.765512
      vertex 52.363269 28.061821 17.765512
      vertex 51.948301 27.653607 20.025408
    endloop
  endfacet
  facet normal -0.007976 0.984298 0.176333
    outer loop
      vertex 54.122792 28.076079 17.765512
      vertex 51.948301 27.653607 20.025408
      vertex 53.872658 27.669200 20.025408
    endloop
  endfacet
  facet normal 0.026521 -0.985125 -0.169779
    outer loop
      vertex 53.343507 26.808458 18.219562
      vertex 55.792266 26.874382 18.219562
      vertex 55.719352 26.470318 20.552703
    endloop
  endfacet
  facet normal 0.026521 -0.985125 -0.169779
    outer loop
      vertex 53.343507 26.808458 18.219562
      vertex 55.719352 26.470318 20.552703
      vertex 53.092151 26.399591 20.552703
    endloop
  endfacet
  facet normal -0.026499 0.984338 0.174290
    outer loop
      vertex 56.018320 28.127108 17.765512
      vertex 54.122792 28.076079 17.765512
      vertex 53.872658 27.669200 20.025408
    endloop
  endfacet
  facet normal -0.026499 0.984338 0.174290
    outer loop
      vertex 56.018320 28.127108 17.765512
      vertex 53.872658 27.669200 20.025408
      vertex 55.945762 27.725010 20.025408
    endloop
  endfacet
  facet normal 0.079918 -0.982598 -0.167673
    outer loop
      vertex 55.792266 26.874382 18.219562
      vertex 58.344756 27.081985 18.219562
      vertex 58.457845 26.693050 20.552703
    endloop
  endfacet
  facet normal 0.079918 -0.982598 -0.167673
    outer loop
      vertex 55.792266 26.874382 18.219562
      vertex 58.457845 26.693050 20.552703
      vertex 55.719352 26.470318 20.552703
    endloop
  endfacet
  facet normal -0.079856 0.981832 0.172131
    outer loop
      vertex 57.994145 28.287809 17.765512
      vertex 56.018320 28.127108 17.765512
      vertex 55.945762 27.725010 20.025408
    endloop
  endfacet
  facet normal -0.079856 0.981832 0.172131
    outer loop
      vertex 57.994145 28.287809 17.765512
      vertex 55.945762 27.725010 20.025408
      vertex 58.106684 27.900766 20.025408
    endloop
  endfacet
  facet normal 0.138270 -0.975805 -0.169369
    outer loop
      vertex 58.344756 27.081985 18.219562
      vertex 60.803878 27.430439 18.219562
      vertex 61.096164 27.066896 20.552703
    endloop
  endfacet
  facet normal 0.138270 -0.975805 -0.169369
    outer loop
      vertex 58.344756 27.081985 18.219562
      vertex 61.096164 27.066896 20.552703
      vertex 58.457845 26.693050 20.552703
    endloop
  endfacet
  facet normal -0.138160 0.975029 0.173870
    outer loop
      vertex 59.897695 28.557539 17.765512
      vertex 57.994145 28.287809 17.765512
      vertex 58.106684 27.900766 20.025408
    endloop
  endfacet
  facet normal -0.138160 0.975029 0.173870
    outer loop
      vertex 59.897695 28.557539 17.765512
      vertex 58.106684 27.900766 20.025408
      vertex 60.188560 28.195764 20.025408
    endloop
  endfacet
  facet normal 0.163324 -0.971493 -0.171836
    outer loop
      vertex 60.803878 27.430439 18.219562
      vertex 63.080276 27.813139 18.219562
      vertex 63.538446 27.477483 20.552703
    endloop
  endfacet
  facet normal 0.163324 -0.971493 -0.171836
    outer loop
      vertex 60.803878 27.430439 18.219562
      vertex 63.538446 27.477483 20.552703
      vertex 61.096164 27.066896 20.552703
    endloop
  endfacet
  facet normal -0.163190 0.970697 0.176398
    outer loop
      vertex 61.659803 28.853779 17.765512
      vertex 59.897695 28.557539 17.765512
      vertex 60.188560 28.195764 20.025408
    endloop
  endfacet
  facet normal -0.163190 0.970697 0.176398
    outer loop
      vertex 61.659803 28.853779 17.765512
      vertex 60.188560 28.195764 20.025408
      vertex 62.115744 28.519756 20.025408
    endloop
  endfacet
  facet normal 0.163740 -0.971410 -0.171906
    outer loop
      vertex 63.080276 27.813139 18.219562
      vertex 65.206115 28.171469 18.219562
      vertex 65.819197 27.861926 20.552703
    endloop
  endfacet
  facet normal 0.163740 -0.971410 -0.171906
    outer loop
      vertex 63.080276 27.813139 18.219562
      vertex 65.819197 27.861926 20.552703
      vertex 63.538446 27.477483 20.552703
    endloop
  endfacet
  facet normal -0.163606 0.970614 0.176469
    outer loop
      vertex 63.305366 29.131154 17.765512
      vertex 61.659803 28.853779 17.765512
      vertex 62.115744 28.519756 20.025408
    endloop
  endfacet
  facet normal -0.163606 0.970614 0.176469
    outer loop
      vertex 63.305366 29.131154 17.765512
      vertex 62.115744 28.519756 20.025408
      vertex 63.915466 28.823116 20.025408
    endloop
  endfacet
  facet normal 0.156400 -0.972923 -0.170177
    outer loop
      vertex 65.206115 28.171469 18.219562
      vertex 67.225122 28.496030 18.219562
      vertex 67.985330 28.210138 20.552703
    endloop
  endfacet
  facet normal 0.156400 -0.972923 -0.170177
    outer loop
      vertex 65.206115 28.171469 18.219562
      vertex 67.985330 28.210138 20.552703
      vertex 65.819197 27.861926 20.552703
    endloop
  endfacet
  facet normal -0.156274 0.972141 0.174698
    outer loop
      vertex 64.868233 29.382389 17.765512
      vertex 63.305366 29.131154 17.765512
      vertex 63.915466 28.823116 20.025408
    endloop
  endfacet
  facet normal -0.156274 0.972141 0.174698
    outer loop
      vertex 64.868233 29.382389 17.765512
      vertex 63.915466 28.823116 20.025408
      vertex 65.624744 29.097887 20.025408
    endloop
  endfacet
  facet normal 0.148202 -0.974632 -0.167716
    outer loop
      vertex 67.225122 28.496030 18.219562
      vertex 69.166487 28.791233 18.219562
      vertex 70.068164 28.526852 20.552703
    endloop
  endfacet
  facet normal 0.148202 -0.974632 -0.167716
    outer loop
      vertex 67.225122 28.496030 18.219562
      vertex 70.068164 28.526852 20.552703
      vertex 67.985330 28.210138 20.552703
    endloop
  endfacet
  facet normal -0.148086 0.973872 0.172175
    outer loop
      vertex 66.371000 29.610899 17.765512
      vertex 64.868233 29.382389 17.765512
      vertex 65.624744 29.097887 20.025408
    endloop
  endfacet
  facet normal -0.148086 0.973872 0.172175
    outer loop
      vertex 66.371000 29.610899 17.765512
      vertex 65.624744 29.097887 20.025408
      vertex 67.268291 29.347804 20.025408
    endloop
  endfacet
  facet normal 0.581956 0.802102 -0.134015
    outer loop
      vertex 69.166487 28.791233 18.219562
      vertex 67.114010 30.280383 18.219562
      vertex 67.866121 30.124518 20.552703
    endloop
  endfacet
  facet normal 0.581956 0.802102 -0.134015
    outer loop
      vertex 69.166487 28.791233 18.219562
      vertex 67.866121 30.124518 20.552703
      vertex 70.068164 28.526852 20.552703
    endloop
  endfacet
  facet normal -0.581666 -0.801702 0.137617
    outer loop
      vertex 64.782224 30.763616 17.765512
      vertex 66.371000 29.610899 17.765512
      vertex 67.268291 29.347804 20.025408
    endloop
  endfacet
  facet normal -0.581666 -0.801702 0.137617
    outer loop
      vertex 64.782224 30.763616 17.765512
      vertex 67.268291 29.347804 20.025408
      vertex 65.530677 30.608509 20.025408
    endloop
  endfacet
  facet normal 0.591516 0.794464 -0.137607
    outer loop
      vertex 67.114010 30.280383 18.219562
      vertex 64.968583 31.877755 18.219562
      vertex 65.564355 31.838291 20.552703
    endloop
  endfacet
  facet normal 0.591516 0.794464 -0.137607
    outer loop
      vertex 67.114010 30.280383 18.219562
      vertex 65.564355 31.838291 20.552703
      vertex 67.866121 30.124518 20.552703
    endloop
  endfacet
  facet normal -0.591205 -0.794047 0.141302
    outer loop
      vertex 63.121498 32.000105 17.765512
      vertex 64.782224 30.763616 17.765512
      vertex 65.530677 30.608509 20.025408
    endloop
  endfacet
  facet normal -0.591205 -0.794047 0.141302
    outer loop
      vertex 63.121498 32.000105 17.765512
      vertex 65.530677 30.608509 20.025408
      vertex 63.714372 31.960833 20.025408
    endloop
  endfacet
  facet normal 0.601772 0.786237 -0.140365
    outer loop
      vertex 64.968583 31.877755 18.219562
      vertex 62.667626 33.638867 18.219562
      vertex 63.095725 33.727737 20.552703
    endloop
  endfacet
  facet normal 0.601772 0.786237 -0.140365
    outer loop
      vertex 64.968583 31.877755 18.219562
      vertex 63.095725 33.727737 20.552703
      vertex 65.564355 31.838291 20.552703
    endloop
  endfacet
  facet normal -0.601443 -0.785807 0.144131
    outer loop
      vertex 61.340379 33.363342 17.765512
      vertex 63.121498 32.000105 17.765512
      vertex 63.714372 31.960833 20.025408
    endloop
  endfacet
  facet normal -0.601443 -0.785807 0.144131
    outer loop
      vertex 61.340379 33.363342 17.765512
      vertex 63.714372 31.960833 20.025408
      vertex 61.766397 33.451779 20.025408
    endloop
  endfacet
  facet normal 0.591701 0.794116 -0.138817
    outer loop
      vertex 62.667626 33.638867 18.219562
      vertex 60.057178 35.583927 18.219562
      vertex 60.295052 35.814535 20.552703
    endloop
  endfacet
  facet normal 0.591701 0.794116 -0.138817
    outer loop
      vertex 62.667626 33.638867 18.219562
      vertex 60.295052 35.814535 20.552703
      vertex 63.095725 33.727737 20.552703
    endloop
  endfacet
  facet normal -0.591384 -0.793692 0.142543
    outer loop
      vertex 59.319692 34.868968 17.765512
      vertex 61.340379 33.363342 17.765512
      vertex 61.766397 33.451779 20.025408
    endloop
  endfacet
  facet normal -0.591384 -0.793692 0.142543
    outer loop
      vertex 59.319692 34.868968 17.765512
      vertex 61.766397 33.451779 20.025408
      vertex 59.556409 35.098454 20.025408
    endloop
  endfacet
  facet normal 0.520842 0.842687 -0.136393
    outer loop
      vertex 60.057178 35.583927 18.219562
      vertex 57.146598 37.382877 18.219562
      vertex 57.172376 37.744576 20.552703
    endloop
  endfacet
  facet normal 0.520842 0.842687 -0.136393
    outer loop
      vertex 60.057178 35.583927 18.219562
      vertex 57.172376 37.744576 20.552703
      vertex 60.295052 35.814535 20.552703
    endloop
  endfacet
  facet normal -0.520573 -0.842252 0.140057
    outer loop
      vertex 57.066678 36.261494 17.765512
      vertex 59.319692 34.868968 17.765512
      vertex 59.556409 35.098454 20.025408
    endloop
  endfacet
  facet normal -0.520573 -0.842252 0.140057
    outer loop
      vertex 57.066678 36.261494 17.765512
      vertex 59.556409 35.098454 20.025408
      vertex 57.092331 36.621434 20.025408
    endloop
  endfacet
  facet normal 0.472486 0.870130 -0.140113
    outer loop
      vertex 57.146598 37.382877 18.219562
      vertex 54.433703 38.855995 18.219562
      vertex 54.261791 39.325041 20.552703
    endloop
  endfacet
  facet normal 0.472486 0.870130 -0.140113
    outer loop
      vertex 57.146598 37.382877 18.219562
      vertex 54.261791 39.325041 20.552703
      vertex 57.172376 37.744576 20.552703
    endloop
  endfacet
  facet normal -0.472228 -0.869656 0.143873
    outer loop
      vertex 54.966688 37.401801 17.765512
      vertex 57.066678 36.261494 17.765512
      vertex 57.092331 36.621434 20.025408
    endloop
  endfacet
  facet normal -0.472228 -0.869656 0.143873
    outer loop
      vertex 54.966688 37.401801 17.765512
      vertex 57.092331 36.621434 20.025408
      vertex 54.795612 37.868566 20.025408
    endloop
  endfacet
  facet normal 0.477160 0.867709 -0.139282
    outer loop
      vertex 54.433703 38.855995 18.219562
      vertex 51.991904 40.198760 18.219562
      vertex 51.642055 40.765654 20.552703
    endloop
  endfacet
  facet normal 0.477160 0.867709 -0.139282
    outer loop
      vertex 54.433703 38.855995 18.219562
      vertex 51.642055 40.765654 20.552703
      vertex 54.261791 39.325041 20.552703
    endloop
  endfacet
  facet normal -0.476903 -0.867242 0.143020
    outer loop
      vertex 53.076547 38.441205 17.765512
      vertex 54.966688 37.401801 17.765512
      vertex 54.795612 37.868566 20.025408
    endloop
  endfacet
  facet normal -0.476903 -0.867242 0.143020
    outer loop
      vertex 53.076547 38.441205 17.765512
      vertex 54.795612 37.868566 20.025408
      vertex 52.728400 39.005342 20.025408
    endloop
  endfacet
  facet normal 0.489327 0.861441 -0.135935
    outer loop
      vertex 51.991904 40.198760 18.219562
      vertex 49.724521 41.486710 18.219562
      vertex 49.209446 42.147458 20.552703
    endloop
  endfacet
  facet normal 0.489327 0.861441 -0.135935
    outer loop
      vertex 51.991904 40.198760 18.219562
      vertex 49.209446 42.147458 20.552703
      vertex 51.642055 40.765654 20.552703
    endloop
  endfacet
  facet normal -0.489077 -0.860999 0.139587
    outer loop
      vertex 51.321418 39.438177 17.765512
      vertex 53.076547 38.441205 17.765512
      vertex 52.728400 39.005342 20.025408
    endloop
  endfacet
  facet normal -0.489077 -0.860999 0.139587
    outer loop
      vertex 51.321418 39.438177 17.765512
      vertex 52.728400 39.005342 20.025408
      vertex 50.808848 40.095712 20.025408
    endloop
  endfacet
  facet normal -0.978019 -0.039330 -0.204774
    outer loop
      vertex 49.724521 41.486710 18.219562
      vertex 49.790531 39.845218 18.219562
      vertex 49.280267 40.386349 20.552703
    endloop
  endfacet
  facet normal -0.978019 -0.039330 -0.204774
    outer loop
      vertex 49.724521 41.486710 18.219562
      vertex 49.280267 40.386349 20.552703
      vertex 49.209446 42.147458 20.552703
    endloop
  endfacet
  facet normal 0.976882 0.039284 0.210138
    outer loop
      vertex 51.372515 38.167536 17.765512
      vertex 51.321418 39.438177 17.765512
      vertex 50.808848 40.095712 20.025408
    endloop
  endfacet
  facet normal 0.976882 0.039284 0.210138
    outer loop
      vertex 51.372515 38.167536 17.765512
      vertex 50.808848 40.095712 20.025408
      vertex 50.864732 38.706036 20.025408
    endloop
  endfacet
  facet normal -0.977987 -0.036055 -0.205526
    outer loop
      vertex 49.790531 39.845218 18.219562
      vertex 49.853479 38.137774 18.219562
      vertex 49.347801 38.554482 20.552703
    endloop
  endfacet
  facet normal -0.977987 -0.036055 -0.205526
    outer loop
      vertex 49.790531 39.845218 18.219562
      vertex 49.347801 38.554482 20.552703
      vertex 49.280267 40.386349 20.552703
    endloop
  endfacet
  facet normal 0.976842 0.036013 0.210908
    outer loop
      vertex 51.421241 36.845843 17.765512
      vertex 51.372515 38.167536 17.765512
      vertex 50.864732 38.706036 20.025408
    endloop
  endfacet
  facet normal 0.976842 0.036013 0.210908
    outer loop
      vertex 51.421241 36.845843 17.765512
      vertex 50.864732 38.706036 20.025408
      vertex 50.918023 37.260525 20.025408
    endloop
  endfacet
  facet normal -0.977987 -0.037722 -0.205228
    outer loop
      vertex 49.853479 38.137774 18.219562
      vertex 49.922424 36.350272 18.219562
      vertex 49.421771 36.636725 20.552703
    endloop
  endfacet
  facet normal -0.977987 -0.037722 -0.205228
    outer loop
      vertex 49.853479 38.137774 18.219562
      vertex 49.421771 36.636725 20.552703
      vertex 49.347801 38.554482 20.552703
    endloop
  endfacet
  facet normal 0.976845 0.037678 0.210603
    outer loop
      vertex 51.474610 35.462179 17.765512
      vertex 51.421241 36.845843 17.765512
      vertex 50.918023 37.260525 20.025408
    endloop
  endfacet
  facet normal 0.976845 0.037678 0.210603
    outer loop
      vertex 51.474610 35.462179 17.765512
      vertex 50.918023 37.260525 20.025408
      vertex 50.976392 35.747238 20.025408
    endloop
  endfacet
  facet normal -0.977769 -0.049680 -0.203714
    outer loop
      vertex 49.922424 36.350272 18.219562
      vertex 50.017771 34.473695 18.219562
      vertex 49.524066 34.623400 20.552703
    endloop
  endfacet
  facet normal -0.977769 -0.049680 -0.203714
    outer loop
      vertex 49.922424 36.350272 18.219562
      vertex 49.524066 34.623400 20.552703
      vertex 49.421771 36.636725 20.552703
    endloop
  endfacet
  facet normal 0.976645 0.049623 0.209053
    outer loop
      vertex 51.548416 34.009563 17.765512
      vertex 51.474610 35.462179 17.765512
      vertex 50.976392 35.747238 20.025408
    endloop
  endfacet
  facet normal 0.976645 0.049623 0.209053
    outer loop
      vertex 51.548416 34.009563 17.765512
      vertex 50.976392 35.747238 20.025408
      vertex 51.057112 34.158540 20.025408
    endloop
  endfacet
  facet normal -0.976405 -0.077250 -0.201656
    outer loop
      vertex 50.017771 34.473695 18.219562
      vertex 50.172201 32.521767 18.219562
      vertex 49.689750 32.529233 20.552703
    endloop
  endfacet
  facet normal -0.976405 -0.077250 -0.201656
    outer loop
      vertex 50.017771 34.473695 18.219562
      vertex 49.689750 32.529233 20.552703
      vertex 49.524066 34.623400 20.552703
    endloop
  endfacet
  facet normal 0.975305 0.077163 0.206946
    outer loop
      vertex 51.667957 32.498620 17.765512
      vertex 51.548416 34.009563 17.765512
      vertex 51.057112 34.158540 20.025408
    endloop
  endfacet
  facet normal 0.975305 0.077163 0.206946
    outer loop
      vertex 51.667957 32.498620 17.765512
      vertex 51.057112 34.158540 20.025408
      vertex 51.187852 32.506050 20.025408
    endloop
  endfacet
  facet normal -0.972537 -0.117814 -0.200726
    outer loop
      vertex 50.172201 32.521767 18.219562
      vertex 50.411286 30.548167 18.219562
      vertex 49.946256 30.411815 20.552703
    endloop
  endfacet
  facet normal -0.972537 -0.117814 -0.200726
    outer loop
      vertex 50.172201 32.521767 18.219562
      vertex 49.946256 30.411815 20.552703
      vertex 49.689750 32.529233 20.552703
    endloop
  endfacet
  facet normal 0.971451 0.117683 0.205994
    outer loop
      vertex 51.853027 30.970901 17.765512
      vertex 51.667957 32.498620 17.765512
      vertex 51.187852 32.506050 20.025408
    endloop
  endfacet
  facet normal 0.971451 0.117683 0.205994
    outer loop
      vertex 51.853027 30.970901 17.765512
      vertex 51.187852 32.506050 20.025408
      vertex 51.390259 30.835212 20.025408
    endloop
  endfacet
  facet normal -0.966751 -0.156983 -0.201862
    outer loop
      vertex 50.411286 30.548167 18.219562
      vertex 50.723711 28.624155 18.219562
      vertex 50.281448 28.347599 20.552703
    endloop
  endfacet
  facet normal -0.966751 -0.156983 -0.201862
    outer loop
      vertex 50.411286 30.548167 18.219562
      vertex 50.281448 28.347599 20.552703
      vertex 49.946256 30.411815 20.552703
    endloop
  endfacet
  facet normal 0.965659 0.156806 0.207157
    outer loop
      vertex 52.094868 29.481568 17.765512
      vertex 51.853027 30.970901 17.765512
      vertex 51.390259 30.835212 20.025408
    endloop
  endfacet
  facet normal 0.965659 0.156806 0.207157
    outer loop
      vertex 52.094868 29.481568 17.765512
      vertex 51.390259 30.835212 20.025408
      vertex 51.654756 29.206357 20.025408
    endloop
  endfacet
  facet normal -0.961953 -0.181856 -0.203901
    outer loop
      vertex 50.723711 28.624155 18.219562
      vertex 51.070447 26.790040 18.219562
      vertex 50.653452 26.379831 20.552703
    endloop
  endfacet
  facet normal -0.961953 -0.181856 -0.203901
    outer loop
      vertex 50.723711 28.624155 18.219562
      vertex 50.653452 26.379831 20.552703
      vertex 50.281448 28.347599 20.552703
    endloop
  endfacet
  facet normal 0.960844 0.181646 0.209244
    outer loop
      vertex 52.363269 28.061821 17.765512
      vertex 52.094868 29.481568 17.765512
      vertex 51.654756 29.206357 20.025408
    endloop
  endfacet
  facet normal 0.960844 0.181646 0.209244
    outer loop
      vertex 52.363269 28.061821 17.765512
      vertex 51.654756 29.206357 20.025408
      vertex 51.948301 27.653607 20.025408
    endloop
  endfacet
  facet normal 0.007960 -0.982311 -0.187090
    outer loop
      vertex 50.653452 26.379831 20.552703
      vertex 53.092151 26.399591 20.552703
      vertex 52.817788 25.953301 22.884266
    endloop
  endfacet
  facet normal 0.007960 -0.982311 -0.187090
    outer loop
      vertex 50.653452 26.379831 20.552703
      vertex 52.817788 25.953301 22.884266
      vertex 50.198289 25.932076 22.884266
    endloop
  endfacet
  facet normal -0.007951 0.981273 0.192459
    outer loop
      vertex 53.872658 27.669200 20.025408
      vertex 51.948301 27.653607 20.025408
      vertex 51.494081 27.206780 22.284836
    endloop
  endfacet
  facet normal -0.007951 0.981273 0.192459
    outer loop
      vertex 53.872658 27.669200 20.025408
      vertex 51.494081 27.206780 22.284836
      vertex 53.598864 27.223834 22.284836
    endloop
  endfacet
  facet normal 0.026447 -0.982396 -0.184931
    outer loop
      vertex 53.092151 26.399591 20.552703
      vertex 55.719352 26.470318 20.552703
      vertex 55.639765 26.029272 22.884266
    endloop
  endfacet
  facet normal 0.026447 -0.982396 -0.184931
    outer loop
      vertex 53.092151 26.399591 20.552703
      vertex 55.639765 26.029272 22.884266
      vertex 52.817788 25.953301 22.884266
    endloop
  endfacet
  facet normal -0.026420 0.981382 0.190243
    outer loop
      vertex 55.945762 27.725010 20.025408
      vertex 53.872658 27.669200 20.025408
      vertex 53.598864 27.223834 22.284836
    endloop
  endfacet
  facet normal -0.026420 0.981382 0.190243
    outer loop
      vertex 55.945762 27.725010 20.025408
      vertex 53.598864 27.223834 22.284836
      vertex 55.866340 27.284877 22.284836
    endloop
  endfacet
  facet normal 0.079702 -0.979942 -0.182649
    outer loop
      vertex 55.719352 26.470318 20.552703
      vertex 58.457845 26.693050 20.552703
      vertex 58.581284 26.268517 22.884266
    endloop
  endfacet
  facet normal 0.079702 -0.979942 -0.182649
    outer loop
      vertex 55.719352 26.470318 20.552703
      vertex 58.581284 26.268517 22.884266
      vertex 55.639765 26.029272 22.884266
    endloop
  endfacet
  facet normal -0.079622 0.978956 0.187900
    outer loop
      vertex 58.106684 27.900766 20.025408
      vertex 55.945762 27.725010 20.025408
      vertex 55.866340 27.284877 22.284836
    endloop
  endfacet
  facet normal -0.079622 0.978956 0.187900
    outer loop
      vertex 58.106684 27.900766 20.025408
      vertex 55.866340 27.284877 22.284836
      vertex 58.229867 27.477112 22.284836
    endloop
  endfacet
  facet normal 0.137889 -0.973114 -0.184486
    outer loop
      vertex 58.457845 26.693050 20.552703
      vertex 61.096164 27.066896 20.552703
      vertex 61.415204 26.670078 22.884266
    endloop
  endfacet
  facet normal 0.137889 -0.973114 -0.184486
    outer loop
      vertex 58.457845 26.693050 20.552703
      vertex 61.415204 26.670078 22.884266
      vertex 58.581284 26.268517 22.884266
    endloop
  endfacet
  facet normal -0.137747 0.972115 0.189786
    outer loop
      vertex 60.188560 28.195764 20.025408
      vertex 58.106684 27.900766 20.025408
      vertex 58.229867 27.477112 22.284836
    endloop
  endfacet
  facet normal -0.137747 0.972115 0.189786
    outer loop
      vertex 60.188560 28.195764 20.025408
      vertex 58.229867 27.477112 22.284836
      vertex 60.506938 27.799769 22.284836
    endloop
  endfacet
  facet normal 0.162860 -0.968736 -0.187158
    outer loop
      vertex 61.096164 27.066896 20.552703
      vertex 63.538446 27.477483 20.552703
      vertex 64.038551 27.111106 22.884266
    endloop
  endfacet
  facet normal 0.162860 -0.968736 -0.187158
    outer loop
      vertex 61.096164 27.066896 20.552703
      vertex 64.038551 27.111106 22.884266
      vertex 61.415204 26.670078 22.884266
    endloop
  endfacet
  facet normal -0.162688 0.967711 0.192529
    outer loop
      vertex 62.115744 28.519756 20.025408
      vertex 60.188560 28.195764 20.025408
      vertex 60.506938 27.799769 22.284836
    endloop
  endfacet
  facet normal -0.162688 0.967711 0.192529
    outer loop
      vertex 62.115744 28.519756 20.025408
      vertex 60.506938 27.799769 22.284836
      vertex 62.614813 28.154137 22.284836
    endloop
  endfacet
  facet normal 0.163275 -0.968651 -0.187234
    outer loop
      vertex 63.538446 27.477483 20.552703
      vertex 65.819197 27.861926 20.552703
      vertex 66.488392 27.524050 22.884266
    endloop
  endfacet
  facet normal 0.163275 -0.968651 -0.187234
    outer loop
      vertex 63.538446 27.477483 20.552703
      vertex 66.488392 27.524050 22.884266
      vertex 64.038551 27.111106 22.884266
    endloop
  endfacet
  facet normal -0.163103 0.967626 0.192607
    outer loop
      vertex 63.915466 28.823116 20.025408
      vertex 62.115744 28.519756 20.025408
      vertex 62.614813 28.154137 22.284836
    endloop
  endfacet
  facet normal -0.163103 0.967626 0.192607
    outer loop
      vertex 63.915466 28.823116 20.025408
      vertex 62.614813 28.154137 22.284836
      vertex 64.583275 28.485940 22.284836
    endloop
  endfacet
  facet normal 0.155965 -0.970214 -0.185362
    outer loop
      vertex 65.819197 27.861926 20.552703
      vertex 67.985330 28.210138 20.552703
      vertex 68.815118 27.898078 22.884266
    endloop
  endfacet
  facet normal 0.155965 -0.970214 -0.185362
    outer loop
      vertex 65.819197 27.861926 20.552703
      vertex 68.815118 27.898078 22.884266
      vertex 66.488392 27.524050 22.884266
    endloop
  endfacet
  facet normal -0.155803 0.969208 0.190685
    outer loop
      vertex 65.624744 29.097887 20.025408
      vertex 63.915466 28.823116 20.025408
      vertex 64.583275 28.485940 22.284836
    endloop
  endfacet
  facet normal -0.155803 0.969208 0.190685
    outer loop
      vertex 65.624744 29.097887 20.025408
      vertex 64.583275 28.485940 22.284836
      vertex 66.452813 28.786474 22.284836
    endloop
  endfacet
  facet normal 0.147801 -0.971997 -0.182695
    outer loop
      vertex 67.985330 28.210138 20.552703
      vertex 70.068164 28.526852 20.552703
      vertex 71.052369 28.238273 22.884266
    endloop
  endfacet
  facet normal 0.147801 -0.971997 -0.182695
    outer loop
      vertex 67.985330 28.210138 20.552703
      vertex 71.052369 28.238273 22.884266
      vertex 68.815118 27.898078 22.884266
    endloop
  endfacet
  facet normal -0.147652 0.971017 0.187948
    outer loop
      vertex 67.268291 29.347804 20.025408
      vertex 65.624744 29.097887 20.025408
      vertex 66.452813 28.786474 22.284836
    endloop
  endfacet
  facet normal -0.147652 0.971017 0.187948
    outer loop
      vertex 67.268291 29.347804 20.025408
      vertex 66.452813 28.786474 22.284836
      vertex 68.250457 29.059823 22.284836
    endloop
  endfacet
  facet normal 0.580949 0.800715 -0.146127
    outer loop
      vertex 70.068164 28.526852 20.552703
      vertex 67.866121 30.124518 20.552703
      vertex 68.687072 29.954386 22.884266
    endloop
  endfacet
  facet normal 0.580949 0.800715 -0.146127
    outer loop
      vertex 70.068164 28.526852 20.552703
      vertex 68.687072 29.954386 22.884266
      vertex 71.052369 28.238273 22.884266
    endloop
  endfacet
  facet normal -0.580575 -0.800199 0.150383
    outer loop
      vertex 65.530677 30.608509 20.025408
      vertex 67.268291 29.347804 20.025408
      vertex 68.250457 29.059823 22.284836
    endloop
  endfacet
  facet normal -0.580575 -0.800199 0.150383
    outer loop
      vertex 65.530677 30.608509 20.025408
      vertex 68.250457 29.059823 22.284836
      vertex 66.349927 30.438730 22.284836
    endloop
  endfacet
  facet normal 0.590438 0.793016 -0.150029
    outer loop
      vertex 67.866121 30.124518 20.552703
      vertex 65.564355 31.838291 20.552703
      vertex 66.214657 31.795215 22.884266
    endloop
  endfacet
  facet normal 0.590438 0.793016 -0.150029
    outer loop
      vertex 67.866121 30.124518 20.552703
      vertex 66.214657 31.795215 22.884266
      vertex 68.687072 29.954386 22.884266
    endloop
  endfacet
  facet normal -0.590036 -0.792477 0.154393
    outer loop
      vertex 63.714372 31.960833 20.025408
      vertex 65.530677 30.608509 20.025408
      vertex 66.349927 30.438730 22.284836
    endloop
  endfacet
  facet normal -0.590036 -0.792477 0.154393
    outer loop
      vertex 63.714372 31.960833 20.025408
      vertex 66.349927 30.438730 22.284836
      vertex 64.363327 31.917846 22.284836
    endloop
  endfacet
  facet normal 0.600631 0.784746 -0.153025
    outer loop
      vertex 65.564355 31.838291 20.552703
      vertex 63.095725 33.727737 20.552703
      vertex 63.563008 33.824741 22.884266
    endloop
  endfacet
  facet normal 0.600631 0.784746 -0.153025
    outer loop
      vertex 65.564355 31.838291 20.552703
      vertex 63.563008 33.824741 22.884266
      vertex 66.214657 31.795215 22.884266
    endloop
  endfacet
  facet normal -0.600206 -0.784191 0.157472
    outer loop
      vertex 61.766397 33.451779 20.025408
      vertex 63.714372 31.960833 20.025408
      vertex 64.363327 31.917846 22.284836
    endloop
  endfacet
  facet normal -0.600206 -0.784191 0.157472
    outer loop
      vertex 61.766397 33.451779 20.025408
      vertex 64.363327 31.917846 22.284836
      vertex 62.232711 33.548582 22.284836
    endloop
  endfacet
  facet normal 0.590603 0.792643 -0.151344
    outer loop
      vertex 63.095725 33.727737 20.552703
      vertex 60.295052 35.814535 20.552703
      vertex 60.554699 36.066250 22.884266
    endloop
  endfacet
  facet normal 0.590603 0.792643 -0.151344
    outer loop
      vertex 63.095725 33.727737 20.552703
      vertex 60.554699 36.066250 22.884266
      vertex 63.563008 33.824741 22.884266
    endloop
  endfacet
  facet normal -0.590194 -0.792095 0.155744
    outer loop
      vertex 59.556409 35.098454 20.025408
      vertex 61.766397 33.451779 20.025408
      vertex 62.232711 33.548582 22.284836
    endloop
  endfacet
  facet normal -0.590194 -0.792095 0.155744
    outer loop
      vertex 59.556409 35.098454 20.025408
      vertex 62.232711 33.548582 22.284836
      vertex 59.815517 35.349648 22.284836
    endloop
  endfacet
  facet normal 0.519909 0.841178 -0.148711
    outer loop
      vertex 60.295052 35.814535 20.552703
      vertex 57.172376 37.744576 20.552703
      vertex 57.200513 38.139380 22.884266
    endloop
  endfacet
  facet normal 0.519909 0.841178 -0.148711
    outer loop
      vertex 60.295052 35.814535 20.552703
      vertex 57.200513 38.139380 22.884266
      vertex 60.554699 36.066250 22.884266
    endloop
  endfacet
  facet normal -0.519562 -0.840616 0.153039
    outer loop
      vertex 57.092331 36.621434 20.025408
      vertex 59.556409 35.098454 20.025408
      vertex 59.815517 35.349648 22.284836
    endloop
  endfacet
  facet normal -0.519562 -0.840616 0.153039
    outer loop
      vertex 57.092331 36.621434 20.025408
      vertex 59.815517 35.349648 22.284836
      vertex 57.120410 37.015420 22.284836
    endloop
  endfacet
  facet normal 0.471593 0.868485 -0.152752
    outer loop
      vertex 57.172376 37.744576 20.552703
      vertex 54.261791 39.325041 20.552703
      vertex 54.074143 39.837018 22.884266
    endloop
  endfacet
  facet normal 0.471593 0.868485 -0.152752
    outer loop
      vertex 57.172376 37.744576 20.552703
      vertex 54.074143 39.837018 22.884266
      vertex 57.200513 38.139380 22.884266
    endloop
  endfacet
  facet normal -0.471260 -0.867873 0.157191
    outer loop
      vertex 54.795612 37.868566 20.025408
      vertex 57.092331 36.621434 20.025408
      vertex 57.120410 37.015420 22.284836
    endloop
  endfacet
  facet normal -0.471260 -0.867873 0.157191
    outer loop
      vertex 54.795612 37.868566 20.025408
      vertex 57.120410 37.015420 22.284836
      vertex 54.608353 38.379482 22.284836
    endloop
  endfacet
  facet normal 0.476269 0.866089 -0.151850
    outer loop
      vertex 54.261791 39.325041 20.552703
      vertex 51.642055 40.765654 20.552703
      vertex 51.260185 41.384436 22.884266
    endloop
  endfacet
  facet normal 0.476269 0.866089 -0.151850
    outer loop
      vertex 54.261791 39.325041 20.552703
      vertex 51.260185 41.384436 22.884266
      vertex 54.074143 39.837018 22.884266
    endloop
  endfacet
  facet normal -0.475937 -0.865486 0.156264
    outer loop
      vertex 52.728400 39.005342 20.025408
      vertex 54.795612 37.868566 20.025408
      vertex 54.608353 38.379482 22.284836
    endloop
  endfacet
  facet normal -0.475937 -0.865486 0.156264
    outer loop
      vertex 52.728400 39.005342 20.025408
      vertex 54.608353 38.379482 22.284836
      vertex 52.347321 39.622841 22.284836
    endloop
  endfacet
  facet normal 0.488457 0.859909 -0.148213
    outer loop
      vertex 51.642055 40.765654 20.552703
      vertex 49.209446 42.147458 20.552703
      vertex 48.647228 42.868683 22.884266
    endloop
  endfacet
  facet normal 0.488457 0.859909 -0.148213
    outer loop
      vertex 51.642055 40.765654 20.552703
      vertex 48.647228 42.868683 22.884266
      vertex 51.260185 41.384436 22.884266
    endloop
  endfacet
  facet normal -0.488133 -0.859338 0.152527
    outer loop
      vertex 50.808848 40.095712 20.025408
      vertex 52.728400 39.005342 20.025408
      vertex 52.347321 39.622841 22.284836
    endloop
  endfacet
  facet normal -0.488133 -0.859338 0.152527
    outer loop
      vertex 50.808848 40.095712 20.025408
      vertex 52.347321 39.622841 22.284836
      vertex 50.247795 40.815443 22.284836
    endloop
  endfacet
  facet normal -0.974084 -0.039172 -0.222768
    outer loop
      vertex 49.209446 42.147458 20.552703
      vertex 49.280267 40.386349 20.552703
      vertex 48.723299 40.977009 22.884266
    endloop
  endfacet
  facet normal -0.974084 -0.039172 -0.222768
    outer loop
      vertex 49.209446 42.147458 20.552703
      vertex 48.723299 40.977009 22.884266
      vertex 48.647228 42.868683 22.884266
    endloop
  endfacet
  facet normal 0.972626 0.039113 0.229060
    outer loop
      vertex 50.864732 38.706036 20.025408
      vertex 50.808848 40.095712 20.025408
      vertex 50.247795 40.815443 22.284836
    endloop
  endfacet
  facet normal 0.972626 0.039113 0.229060
    outer loop
      vertex 50.864732 38.706036 20.025408
      vertex 50.247795 40.815443 22.284836
      vertex 50.308918 39.295472 22.284836
    endloop
  endfacet
  facet normal -0.974024 -0.035909 -0.223580
    outer loop
      vertex 49.280267 40.386349 20.552703
      vertex 49.347801 38.554482 20.552703
      vertex 48.795840 39.009332 22.884266
    endloop
  endfacet
  facet normal -0.974024 -0.035909 -0.223580
    outer loop
      vertex 49.280267 40.386349 20.552703
      vertex 48.795840 39.009332 22.884266
      vertex 48.723299 40.977009 22.884266
    endloop
  endfacet
  facet normal 0.972555 0.035855 0.229893
    outer loop
      vertex 50.918023 37.260525 20.025408
      vertex 50.864732 38.706036 20.025408
      vertex 50.308918 39.295472 22.284836
    endloop
  endfacet
  facet normal 0.972555 0.035855 0.229893
    outer loop
      vertex 50.918023 37.260525 20.025408
      vertex 50.308918 39.295472 22.284836
      vertex 50.367206 37.714432 22.284836
    endloop
  endfacet
  facet normal -0.974035 -0.037569 -0.223258
    outer loop
      vertex 49.347801 38.554482 20.552703
      vertex 49.421771 36.636725 20.552703
      vertex 48.875293 36.949395 22.884266
    endloop
  endfacet
  facet normal -0.974035 -0.037569 -0.223258
    outer loop
      vertex 49.347801 38.554482 20.552703
      vertex 48.875293 36.949395 22.884266
      vertex 48.795840 39.009332 22.884266
    endloop
  endfacet
  facet normal 0.972571 0.037513 0.229563
    outer loop
      vertex 50.976392 35.747238 20.025408
      vertex 50.918023 37.260525 20.025408
      vertex 50.367206 37.714432 22.284836
    endloop
  endfacet
  facet normal 0.972571 0.037513 0.229563
    outer loop
      vertex 50.976392 35.747238 20.025408
      vertex 50.367206 37.714432 22.284836
      vertex 50.431047 36.059260 22.284836
    endloop
  endfacet
  facet normal -0.973876 -0.049482 -0.221624
    outer loop
      vertex 49.421771 36.636725 20.552703
      vertex 49.524066 34.623400 20.552703
      vertex 48.985173 34.786806 22.884266
    endloop
  endfacet
  facet normal -0.973876 -0.049482 -0.221624
    outer loop
      vertex 49.421771 36.636725 20.552703
      vertex 48.985173 34.786806 22.884266
      vertex 48.875293 36.949395 22.884266
    endloop
  endfacet
  facet normal 0.972433 0.049409 0.227887
    outer loop
      vertex 51.057112 34.158540 20.025408
      vertex 50.976392 35.747238 20.025408
      vertex 50.431047 36.059260 22.284836
    endloop
  endfacet
  facet normal 0.972433 0.049409 0.227887
    outer loop
      vertex 51.057112 34.158540 20.025408
      vertex 50.431047 36.059260 22.284836
      vertex 50.519336 34.321608 22.284836
    endloop
  endfacet
  facet normal -0.972595 -0.076948 -0.219403
    outer loop
      vertex 49.524066 34.623400 20.552703
      vertex 49.689750 32.529233 20.552703
      vertex 49.163140 32.537382 22.884266
    endloop
  endfacet
  facet normal -0.972595 -0.076948 -0.219403
    outer loop
      vertex 49.524066 34.623400 20.552703
      vertex 49.163140 32.537382 22.884266
      vertex 48.985173 34.786806 22.884266
    endloop
  endfacet
  facet normal 0.971183 0.076837 0.225610
    outer loop
      vertex 51.187852 32.506050 20.025408
      vertex 51.057112 34.158540 20.025408
      vertex 50.519336 34.321608 22.284836
    endloop
  endfacet
  facet normal 0.971183 0.076837 0.225610
    outer loop
      vertex 51.187852 32.506050 20.025408
      vertex 50.519336 34.321608 22.284836
      vertex 50.662333 32.514182 22.284836
    endloop
  endfacet
  facet normal -0.968777 -0.117359 -0.218399
    outer loop
      vertex 49.689750 32.529233 20.552703
      vertex 49.946256 30.411815 20.552703
      vertex 49.438664 30.262983 22.884266
    endloop
  endfacet
  facet normal -0.968777 -0.117359 -0.218399
    outer loop
      vertex 49.689750 32.529233 20.552703
      vertex 49.438664 30.262983 22.884266
      vertex 49.163140 32.537382 22.884266
    endloop
  endfacet
  facet normal 0.967383 0.117190 0.224581
    outer loop
      vertex 51.390259 30.835212 20.025408
      vertex 51.187852 32.506050 20.025408
      vertex 50.662333 32.514182 22.284836
    endloop
  endfacet
  facet normal 0.967383 0.117190 0.224581
    outer loop
      vertex 51.390259 30.835212 20.025408
      vertex 50.662333 32.514182 22.284836
      vertex 50.883718 30.686689 22.284836
    endloop
  endfacet
  facet normal -0.962971 -0.156369 -0.219625
    outer loop
      vertex 49.946256 30.411815 20.552703
      vertex 50.281448 28.347599 20.552703
      vertex 49.798706 28.045730 22.884266
    endloop
  endfacet
  facet normal -0.962971 -0.156369 -0.219625
    outer loop
      vertex 49.946256 30.411815 20.552703
      vertex 49.798706 28.045730 22.884266
      vertex 49.438664 30.262983 22.884266
    endloop
  endfacet
  facet normal 0.961570 0.156142 0.225838
    outer loop
      vertex 51.654756 29.206357 20.025408
      vertex 51.390259 30.835212 20.025408
      vertex 50.883718 30.686689 22.284836
    endloop
  endfacet
  facet normal 0.961570 0.156142 0.225838
    outer loop
      vertex 51.654756 29.206357 20.025408
      vertex 50.883718 30.686689 22.284836
      vertex 51.173014 28.905114 22.284836
    endloop
  endfacet
  facet normal -0.958115 -0.181130 -0.221826
    outer loop
      vertex 50.281448 28.347599 20.552703
      vertex 50.653452 26.379831 20.552703
      vertex 50.198289 25.932076 22.884266
    endloop
  endfacet
  facet normal -0.958115 -0.181130 -0.221826
    outer loop
      vertex 50.281448 28.347599 20.552703
      vertex 50.198289 25.932076 22.884266
      vertex 49.798706 28.045730 22.884266
    endloop
  endfacet
  facet normal 0.956693 0.180861 0.228094
    outer loop
      vertex 51.948301 27.653607 20.025408
      vertex 51.654756 29.206357 20.025408
      vertex 51.173014 28.905114 22.284836
    endloop
  endfacet
  facet normal 0.956693 0.180861 0.228094
    outer loop
      vertex 51.948301 27.653607 20.025408
      vertex 51.173014 28.905114 22.284836
      vertex 51.494081 27.206780 22.284836
    endloop
  endfacet
  facet normal 0.007943 -0.980311 -0.197299
    outer loop
      vertex 50.198289 25.932076 22.884266
      vertex 52.817788 25.953301 22.884266
      vertex 52.528335 25.482463 25.212042
    endloop
  endfacet
  facet normal 0.007943 -0.980311 -0.197299
    outer loop
      vertex 50.198289 25.932076 22.884266
      vertex 52.528335 25.482463 25.212042
      vertex 49.718090 25.459692 25.212042
    endloop
  endfacet
  facet normal -0.007933 0.979076 0.203340
    outer loop
      vertex 53.598864 27.223834 22.284836
      vertex 51.494081 27.206780 22.284836
      vertex 51.013345 26.733866 24.543142
    endloop
  endfacet
  facet normal -0.007933 0.979076 0.203340
    outer loop
      vertex 53.598864 27.223834 22.284836
      vertex 51.013345 26.733866 24.543142
      vertex 53.309086 26.752469 24.543142
    endloop
  endfacet
  facet normal 0.026394 -0.980442 -0.195031
    outer loop
      vertex 52.817788 25.953301 22.884266
      vertex 55.639765 26.029272 22.884266
      vertex 55.555801 25.563965 25.212042
    endloop
  endfacet
  facet normal 0.026394 -0.980442 -0.195031
    outer loop
      vertex 52.817788 25.953301 22.884266
      vertex 55.555801 25.563965 25.212042
      vertex 52.528335 25.482463 25.212042
    endloop
  endfacet
  facet normal -0.026362 0.979235 0.201008
    outer loop
      vertex 55.866340 27.284877 22.284836
      vertex 53.598864 27.223834 22.284836
      vertex 53.309086 26.752469 24.543142
    endloop
  endfacet
  facet normal -0.026362 0.979235 0.201008
    outer loop
      vertex 55.866340 27.284877 22.284836
      vertex 53.309086 26.752469 24.543142
      vertex 55.782281 26.819050 24.543142
    endloop
  endfacet
  facet normal 0.079548 -0.978041 -0.192634
    outer loop
      vertex 55.639765 26.029272 22.884266
      vertex 58.581284 26.268517 22.884266
      vertex 58.711513 25.820632 25.212042
    endloop
  endfacet
  facet normal 0.079548 -0.978041 -0.192634
    outer loop
      vertex 55.639765 26.029272 22.884266
      vertex 58.711513 25.820632 25.212042
      vertex 55.555801 25.563965 25.212042
    endloop
  endfacet
  facet normal -0.079452 0.976866 0.198544
    outer loop
      vertex 58.229867 27.477112 22.284836
      vertex 55.866340 27.284877 22.284836
      vertex 55.782281 26.819050 24.543142
    endloop
  endfacet
  facet normal -0.079452 0.976866 0.198544
    outer loop
      vertex 58.229867 27.477112 22.284836
      vertex 55.782281 26.819050 24.543142
      vertex 58.360242 27.028725 24.543142
    endloop
  endfacet
  facet normal 0.137616 -0.971188 -0.194564
    outer loop
      vertex 58.581284 26.268517 22.884266
      vertex 61.415204 26.670078 22.884266
      vertex 61.751792 26.251434 25.212042
    endloop
  endfacet
  facet normal 0.137616 -0.971188 -0.194564
    outer loop
      vertex 58.581284 26.268517 22.884266
      vertex 61.751792 26.251434 25.212042
      vertex 58.711513 25.820632 25.212042
    endloop
  endfacet
  facet normal -0.137447 0.969998 0.200528
    outer loop
      vertex 60.506938 27.799769 22.284836
      vertex 58.229867 27.477112 22.284836
      vertex 58.360242 27.028725 24.543142
    endloop
  endfacet
  facet normal -0.137447 0.969998 0.200528
    outer loop
      vertex 60.506938 27.799769 22.284836
      vertex 58.360242 27.028725 24.543142
      vertex 60.843903 27.380656 24.543142
    endloop
  endfacet
  facet normal 0.162529 -0.966762 -0.197371
    outer loop
      vertex 61.415204 26.670078 22.884266
      vertex 64.038551 27.111106 22.884266
      vertex 64.566164 26.724576 25.212042
    endloop
  endfacet
  facet normal 0.162529 -0.966762 -0.197371
    outer loop
      vertex 61.415204 26.670078 22.884266
      vertex 64.566164 26.724576 25.212042
      vertex 61.751792 26.251434 25.212042
    endloop
  endfacet
  facet normal -0.162324 0.965543 0.203413
    outer loop
      vertex 62.614813 28.154137 22.284836
      vertex 60.506938 27.799769 22.284836
      vertex 60.843903 27.380656 24.543142
    endloop
  endfacet
  facet normal -0.162324 0.965543 0.203413
    outer loop
      vertex 62.614813 28.154137 22.284836
      vertex 60.843903 27.380656 24.543142
      vertex 63.143018 27.767174 24.543142
    endloop
  endfacet
  facet normal 0.162943 -0.966676 -0.197450
    outer loop
      vertex 64.038551 27.111106 22.884266
      vertex 66.488392 27.524050 22.884266
      vertex 67.194396 27.167590 25.212042
    endloop
  endfacet
  facet normal 0.162943 -0.966676 -0.197450
    outer loop
      vertex 64.038551 27.111106 22.884266
      vertex 67.194396 27.167590 25.212042
      vertex 64.566164 26.724576 25.212042
    endloop
  endfacet
  facet normal -0.162737 0.965457 0.203495
    outer loop
      vertex 64.583275 28.485940 22.284836
      vertex 62.614813 28.154137 22.284836
      vertex 63.143018 27.767174 24.543142
    endloop
  endfacet
  facet normal -0.162737 0.965457 0.203495
    outer loop
      vertex 64.583275 28.485940 22.284836
      vertex 63.143018 27.767174 24.543142
      vertex 65.290070 28.129081 24.543142
    endloop
  endfacet
  facet normal 0.155653 -0.968276 -0.195484
    outer loop
      vertex 66.488392 27.524050 22.884266
      vertex 68.815118 27.898078 22.884266
      vertex 69.690549 27.568853 25.212042
    endloop
  endfacet
  facet normal 0.155653 -0.968276 -0.195484
    outer loop
      vertex 66.488392 27.524050 22.884266
      vertex 69.690549 27.568853 25.212042
      vertex 67.194396 27.167590 25.212042
    endloop
  endfacet
  facet normal -0.155460 0.967078 0.201474
    outer loop
      vertex 66.452813 28.786474 22.284836
      vertex 64.583275 28.485940 22.284836
      vertex 65.290070 28.129081 24.543142
    endloop
  endfacet
  facet normal -0.155460 0.967078 0.201474
    outer loop
      vertex 66.452813 28.786474 22.284836
      vertex 65.290070 28.129081 24.543142
      vertex 67.329224 28.456880 24.543142
    endloop
  endfacet
  facet normal 0.147514 -0.970110 -0.192683
    outer loop
      vertex 68.815118 27.898078 22.884266
      vertex 71.052369 28.238273 22.884266
      vertex 72.090711 27.933820 25.212042
    endloop
  endfacet
  facet normal 0.147514 -0.970110 -0.192683
    outer loop
      vertex 68.815118 27.898078 22.884266
      vertex 72.090711 27.933820 25.212042
      vertex 69.690549 27.568853 25.212042
    endloop
  endfacet
  facet normal -0.147337 0.968944 0.198594
    outer loop
      vertex 68.250457 29.059823 22.284836
      vertex 66.452813 28.786474 22.284836
      vertex 67.329224 28.456880 24.543142
    endloop
  endfacet
  facet normal -0.147337 0.968944 0.198594
    outer loop
      vertex 68.250457 29.059823 22.284836
      vertex 67.329224 28.456880 24.543142
      vertex 69.289962 28.755029 24.543142
    endloop
  endfacet
  facet normal 0.580227 0.799720 -0.154223
    outer loop
      vertex 71.052369 28.238273 22.884266
      vertex 68.687072 29.954386 22.884266
      vertex 69.553178 29.774897 25.212042
    endloop
  endfacet
  facet normal 0.580227 0.799720 -0.154223
    outer loop
      vertex 71.052369 28.238273 22.884266
      vertex 69.553178 29.774897 25.212042
      vertex 72.090711 27.933820 25.212042
    endloop
  endfacet
  facet normal -0.579780 -0.799104 0.159023
    outer loop
      vertex 66.349927 30.438730 22.284836
      vertex 68.250457 29.059823 22.284836
      vertex 69.289962 28.755029 24.543142
    endloop
  endfacet
  facet normal -0.579780 -0.799104 0.159023
    outer loop
      vertex 66.349927 30.438730 22.284836
      vertex 69.289962 28.755029 24.543142
      vertex 67.217004 30.259039 24.543142
    endloop
  endfacet
  facet normal 0.589664 0.791977 -0.158331
    outer loop
      vertex 68.687072 29.954386 22.884266
      vertex 66.214657 31.795215 22.884266
      vertex 66.900728 31.749770 25.212042
    endloop
  endfacet
  facet normal 0.589664 0.791977 -0.158331
    outer loop
      vertex 68.687072 29.954386 22.884266
      vertex 66.900728 31.749770 25.212042
      vertex 69.553178 29.774897 25.212042
    endloop
  endfacet
  facet normal -0.589185 -0.791334 0.163252
    outer loop
      vertex 64.363327 31.917846 22.284836
      vertex 66.349927 30.438730 22.284836
      vertex 67.217004 30.259039 24.543142
    endloop
  endfacet
  facet normal -0.589185 -0.791334 0.163252
    outer loop
      vertex 64.363327 31.917846 22.284836
      vertex 67.217004 30.259039 24.543142
      vertex 65.050167 31.872350 24.543142
    endloop
  endfacet
  facet normal 0.599812 0.783676 -0.161484
    outer loop
      vertex 66.214657 31.795215 22.884266
      vertex 63.563008 33.824741 22.884266
      vertex 64.055993 33.927080 25.212042
    endloop
  endfacet
  facet normal 0.599812 0.783676 -0.161484
    outer loop
      vertex 66.214657 31.795215 22.884266
      vertex 64.055993 33.927080 25.212042
      vertex 66.900728 31.749770 25.212042
    endloop
  endfacet
  facet normal -0.599305 -0.783014 0.166498
    outer loop
      vertex 62.232711 33.548582 22.284836
      vertex 64.363327 31.917846 22.284836
      vertex 65.050167 31.872350 24.543142
    endloop
  endfacet
  facet normal -0.599305 -0.783014 0.166498
    outer loop
      vertex 62.232711 33.548582 22.284836
      vertex 65.050167 31.872350 24.543142
      vertex 62.726249 33.651037 24.543142
    endloop
  endfacet
  facet normal 0.589816 0.791586 -0.159715
    outer loop
      vertex 63.563008 33.824741 22.884266
      vertex 60.554699 36.066250 22.884266
      vertex 60.828627 36.331810 25.212042
    endloop
  endfacet
  facet normal 0.589816 0.791586 -0.159715
    outer loop
      vertex 63.563008 33.824741 22.884266
      vertex 60.828627 36.331810 25.212042
      vertex 64.055993 33.927080 25.212042
    endloop
  endfacet
  facet normal -0.589328 -0.790932 0.164677
    outer loop
      vertex 59.815517 35.349648 22.284836
      vertex 62.232711 33.548582 22.284836
      vertex 62.726249 33.651037 24.543142
    endloop
  endfacet
  facet normal -0.589328 -0.790932 0.164677
    outer loop
      vertex 59.815517 35.349648 22.284836
      vertex 62.726249 33.651037 24.543142
      vertex 60.089752 35.615506 24.543142
    endloop
  endfacet
  facet normal 0.519240 0.840095 -0.156944
    outer loop
      vertex 60.554699 36.066250 22.884266
      vertex 57.200513 38.139380 22.884266
      vertex 57.230198 38.555900 25.212042
    endloop
  endfacet
  facet normal 0.519240 0.840095 -0.156944
    outer loop
      vertex 60.554699 36.066250 22.884266
      vertex 57.230198 38.555900 25.212042
      vertex 60.828627 36.331810 25.212042
    endloop
  endfacet
  facet normal -0.518825 -0.839424 0.161824
    outer loop
      vertex 57.120410 37.015420 22.284836
      vertex 59.815517 35.349648 22.284836
      vertex 60.089752 35.615506 24.543142
    endloop
  endfacet
  facet normal -0.518825 -0.839424 0.161824
    outer loop
      vertex 57.120410 37.015420 22.284836
      vertex 60.089752 35.615506 24.543142
      vertex 57.150128 37.432407 24.543142
    endloop
  endfacet
  facet normal 0.470952 0.867306 -0.161197
    outer loop
      vertex 57.200513 38.139380 22.884266
      vertex 54.074143 39.837018 22.884266
      vertex 53.876174 40.377156 25.212042
    endloop
  endfacet
  facet normal 0.470952 0.867306 -0.161197
    outer loop
      vertex 57.200513 38.139380 22.884266
      vertex 53.876174 40.377156 25.212042
      vertex 57.230198 38.555900 25.212042
    endloop
  endfacet
  facet normal -0.470556 -0.866576 0.166202
    outer loop
      vertex 54.608353 38.379482 22.284836
      vertex 57.120410 37.015420 22.284836
      vertex 57.150128 37.432407 24.543142
    endloop
  endfacet
  facet normal -0.470556 -0.866576 0.166202
    outer loop
      vertex 54.608353 38.379482 22.284836
      vertex 57.150128 37.432407 24.543142
      vertex 54.410162 38.920225 24.543142
    endloop
  endfacet
  facet normal 0.475630 0.864926 -0.160247
    outer loop
      vertex 54.074143 39.837018 22.884266
      vertex 51.260185 41.384436 22.884266
      vertex 50.857311 42.037252 25.212042
    endloop
  endfacet
  facet normal 0.475630 0.864926 -0.160247
    outer loop
      vertex 54.074143 39.837018 22.884266
      vertex 50.857311 42.037252 25.212042
      vertex 53.876174 40.377156 25.212042
    endloop
  endfacet
  facet normal -0.475234 -0.864207 0.165224
    outer loop
      vertex 52.347321 39.622841 22.284836
      vertex 54.608353 38.379482 22.284836
      vertex 54.410162 38.920225 24.543142
    endloop
  endfacet
  facet normal -0.475234 -0.864207 0.165224
    outer loop
      vertex 52.347321 39.622841 22.284836
      vertex 54.410162 38.920225 24.543142
      vertex 51.943996 40.276390 24.543142
    endloop
  endfacet
  facet normal 0.487832 0.858809 -0.156420
    outer loop
      vertex 51.260185 41.384436 22.884266
      vertex 48.647228 42.868683 22.884266
      vertex 48.054085 43.629579 25.212042
    endloop
  endfacet
  facet normal 0.487832 0.858809 -0.156420
    outer loop
      vertex 51.260185 41.384436 22.884266
      vertex 48.054085 43.629579 25.212042
      vertex 50.857311 42.037252 25.212042
    endloop
  endfacet
  facet normal -0.487446 -0.858128 0.161284
    outer loop
      vertex 50.247795 40.815443 22.284836
      vertex 52.347321 39.622841 22.284836
      vertex 51.943996 40.276390 24.543142
    endloop
  endfacet
  facet normal -0.487446 -0.858128 0.161284
    outer loop
      vertex 50.247795 40.815443 22.284836
      vertex 51.943996 40.276390 24.543142
      vertex 49.653987 41.577192 24.543142
    endloop
  endfacet
  facet normal -0.971277 -0.039059 -0.234725
    outer loop
      vertex 48.647228 42.868683 22.884266
      vertex 48.723299 40.977009 22.884266
      vertex 48.135695 41.600158 25.212042
    endloop
  endfacet
  facet normal -0.971277 -0.039059 -0.234725
    outer loop
      vertex 48.647228 42.868683 22.884266
      vertex 48.135695 41.600158 25.212042
      vertex 48.054085 43.629579 25.212042
    endloop
  endfacet
  facet normal 0.969546 0.038989 0.241785
    outer loop
      vertex 50.308918 39.295472 22.284836
      vertex 50.247795 40.815443 22.284836
      vertex 49.653987 41.577192 24.543142
    endloop
  endfacet
  facet normal 0.969546 0.038989 0.241785
    outer loop
      vertex 50.308918 39.295472 22.284836
      vertex 49.653987 41.577192 24.543142
      vertex 49.720656 39.919319 24.543142
    endloop
  endfacet
  facet normal -0.971196 -0.035805 -0.235575
    outer loop
      vertex 48.723299 40.977009 22.884266
      vertex 48.795840 39.009332 22.884266
      vertex 48.213519 39.489200 25.212042
    endloop
  endfacet
  facet normal -0.971196 -0.035805 -0.235575
    outer loop
      vertex 48.723299 40.977009 22.884266
      vertex 48.213519 39.489200 25.212042
      vertex 48.135695 41.600158 25.212042
    endloop
  endfacet
  facet normal 0.969453 0.035740 0.242658
    outer loop
      vertex 50.367206 37.714432 22.284836
      vertex 50.308918 39.295472 22.284836
      vertex 49.720656 39.919319 24.543142
    endloop
  endfacet
  facet normal 0.969453 0.035740 0.242658
    outer loop
      vertex 50.367206 37.714432 22.284836
      vertex 49.720656 39.919319 24.543142
      vertex 49.784232 38.194837 24.543142
    endloop
  endfacet
  facet normal -0.971215 -0.037460 -0.235239
    outer loop
      vertex 48.795840 39.009332 22.884266
      vertex 48.875293 36.949395 22.884266
      vertex 48.298758 37.279264 25.212042
    endloop
  endfacet
  facet normal -0.971215 -0.037460 -0.235239
    outer loop
      vertex 48.795840 39.009332 22.884266
      vertex 48.298758 37.279264 25.212042
      vertex 48.213519 39.489200 25.212042
    endloop
  endfacet
  facet normal 0.969477 0.037393 0.242313
    outer loop
      vertex 50.431047 36.059260 22.284836
      vertex 50.367206 37.714432 22.284836
      vertex 49.784232 38.194837 24.543142
    endloop
  endfacet
  facet normal 0.969477 0.037393 0.242313
    outer loop
      vertex 50.431047 36.059260 22.284836
      vertex 49.784232 38.194837 24.543142
      vertex 49.853865 36.389499 24.543142
    endloop
  endfacet
  facet normal -0.971098 -0.049341 -0.233526
    outer loop
      vertex 48.875293 36.949395 22.884266
      vertex 48.985173 34.786806 22.884266
      vertex 48.416639 34.959201 25.212042
    endloop
  endfacet
  facet normal -0.971098 -0.049341 -0.233526
    outer loop
      vertex 48.875293 36.949395 22.884266
      vertex 48.416639 34.959201 25.212042
      vertex 48.298758 37.279264 25.212042
    endloop
  endfacet
  facet normal 0.969385 0.049254 0.240555
    outer loop
      vertex 50.519336 34.321608 22.284836
      vertex 50.431047 36.059260 22.284836
      vertex 49.853865 36.389499 24.543142
    endloop
  endfacet
  facet normal 0.969385 0.049254 0.240555
    outer loop
      vertex 50.519336 34.321608 22.284836
      vertex 49.853865 36.389499 24.543142
      vertex 49.950164 34.494196 24.543142
    endloop
  endfacet
  facet normal -0.969876 -0.076733 -0.231199
    outer loop
      vertex 48.985173 34.786806 22.884266
      vertex 49.163140 32.537382 22.884266
      vertex 48.607564 32.545980 25.212042
    endloop
  endfacet
  facet normal -0.969876 -0.076733 -0.231199
    outer loop
      vertex 48.985173 34.786806 22.884266
      vertex 48.607564 32.545980 25.212042
      vertex 48.416639 34.959201 25.212042
    endloop
  endfacet
  facet normal 0.968199 0.076601 0.238166
    outer loop
      vertex 50.662333 32.514182 22.284836
      vertex 50.519336 34.321608 22.284836
      vertex 49.950164 34.494196 24.543142
    endloop
  endfacet
  facet normal 0.968199 0.076601 0.238166
    outer loop
      vertex 50.662333 32.514182 22.284836
      vertex 49.950164 34.494196 24.543142
      vertex 50.106135 32.522789 24.543142
    endloop
  endfacet
  facet normal -0.966093 -0.117034 -0.230147
    outer loop
      vertex 49.163140 32.537382 22.884266
      vertex 49.438664 30.262983 22.884266
      vertex 48.903151 30.105965 25.212042
    endloop
  endfacet
  facet normal -0.966093 -0.117034 -0.230147
    outer loop
      vertex 49.163140 32.537382 22.884266
      vertex 48.903151 30.105965 25.212042
      vertex 48.607564 32.545980 25.212042
    endloop
  endfacet
  facet normal 0.964438 0.116833 0.237086
    outer loop
      vertex 50.883718 30.686689 22.284836
      vertex 50.662333 32.514182 22.284836
      vertex 50.106135 32.522789 24.543142
    endloop
  endfacet
  facet normal 0.964438 0.116833 0.237086
    outer loop
      vertex 50.883718 30.686689 22.284836
      vertex 50.106135 32.522789 24.543142
      vertex 50.347605 30.529495 24.543142
    endloop
  endfacet
  facet normal -0.960273 -0.155931 -0.231432
    outer loop
      vertex 49.438664 30.262983 22.884266
      vertex 49.798706 28.045730 22.884266
      vertex 49.289411 27.727258 25.212042
    endloop
  endfacet
  facet normal -0.960273 -0.155931 -0.231432
    outer loop
      vertex 49.438664 30.262983 22.884266
      vertex 49.289411 27.727258 25.212042
      vertex 48.903151 30.105965 25.212042
    endloop
  endfacet
  facet normal 0.958610 0.155661 0.238405
    outer loop
      vertex 51.173014 28.905114 22.284836
      vertex 50.883718 30.686689 22.284836
      vertex 50.347605 30.529495 24.543142
    endloop
  endfacet
  facet normal 0.958610 0.155661 0.238405
    outer loop
      vertex 51.173014 28.905114 22.284836
      vertex 50.347605 30.529495 24.543142
      vertex 50.663148 28.586284 24.543142
    endloop
  endfacet
  facet normal -0.955377 -0.180612 -0.233738
    outer loop
      vertex 49.798706 28.045730 22.884266
      vertex 50.198289 25.932076 22.884266
      vertex 49.718090 25.459692 25.212042
    endloop
  endfacet
  facet normal -0.955377 -0.180612 -0.233738
    outer loop
      vertex 49.798706 28.045730 22.884266
      vertex 49.718090 25.459692 25.212042
      vertex 49.289411 27.727258 25.212042
    endloop
  endfacet
  facet normal 0.953689 0.180293 0.240772
    outer loop
      vertex 51.494081 27.206780 22.284836
      vertex 51.173014 28.905114 22.284836
      vertex 50.663148 28.586284 24.543142
    endloop
  endfacet
  facet normal 0.953689 0.180293 0.240772
    outer loop
      vertex 51.494081 27.206780 22.284836
      vertex 50.663148 28.586284 24.543142
      vertex 51.013345 26.733866 24.543142
    endloop
  endfacet
  facet normal 0.007937 -0.979505 -0.201262
    outer loop
      vertex 49.718090 25.459692 25.212042
      vertex 52.528335 25.482463 25.212042
      vertex 52.233586 25.003012 27.533822
    endloop
  endfacet
  facet normal 0.007937 -0.979505 -0.201262
    outer loop
      vertex 49.718090 25.459692 25.212042
      vertex 52.233586 25.003012 27.533822
      vertex 49.229108 24.978667 27.533822
    endloop
  endfacet
  facet normal -0.007928 0.978359 0.206761
    outer loop
      vertex 53.309086 26.752469 24.543142
      vertex 51.013345 26.733866 24.543142
      vertex 50.524546 26.253023 26.799671
    endloop
  endfacet
  facet normal -0.007928 0.978359 0.206761
    outer loop
      vertex 53.309086 26.752469 24.543142
      vertex 50.524546 26.253023 26.799671
      vertex 53.014449 26.273198 26.799671
    endloop
  endfacet
  facet normal 0.026373 -0.979654 -0.198952
    outer loop
      vertex 52.528335 25.482463 25.212042
      vertex 55.555801 25.563965 25.212042
      vertex 55.470300 25.090148 27.533822
    endloop
  endfacet
  facet normal 0.026373 -0.979654 -0.198952
    outer loop
      vertex 52.528335 25.482463 25.212042
      vertex 55.470300 25.090148 27.533822
      vertex 52.233586 25.003012 27.533822
    endloop
  endfacet
  facet normal -0.026343 0.978534 0.204394
    outer loop
      vertex 55.782281 26.819050 24.543142
      vertex 53.309086 26.752469 24.543142
      vertex 53.014449 26.273198 26.799671
    endloop
  endfacet
  facet normal -0.026343 0.978534 0.204394
    outer loop
      vertex 55.782281 26.819050 24.543142
      vertex 53.014449 26.273198 26.799671
      vertex 55.696813 26.345410 26.799671
    endloop
  endfacet
  facet normal 0.079485 -0.977275 -0.196510
    outer loop
      vertex 55.555801 25.563965 25.212042
      vertex 58.711513 25.820632 25.212042
      vertex 58.844125 25.364554 27.533822
    endloop
  endfacet
  facet normal 0.079485 -0.977275 -0.196510
    outer loop
      vertex 55.555801 25.563965 25.212042
      vertex 58.844125 25.364554 27.533822
      vertex 55.470300 25.090148 27.533822
    endloop
  endfacet
  facet normal -0.079397 0.976184 0.201891
    outer loop
      vertex 58.360242 27.028725 24.543142
      vertex 55.782281 26.819050 24.543142
      vertex 55.696813 26.345410 26.799671
    endloop
  endfacet
  facet normal -0.079397 0.976184 0.201891
    outer loop
      vertex 58.360242 27.028725 24.543142
      vertex 55.696813 26.345410 26.799671
      vertex 58.492804 26.572819 26.799671
    endloop
  endfacet
  facet normal 0.137506 -0.970412 -0.198476
    outer loop
      vertex 58.711513 25.820632 25.212042
      vertex 61.751792 26.251434 25.212042
      vertex 62.094536 25.825132 27.533822
    endloop
  endfacet
  facet normal 0.137506 -0.970412 -0.198476
    outer loop
      vertex 58.711513 25.820632 25.212042
      vertex 62.094536 25.825132 27.533822
      vertex 58.844125 25.364554 27.533822
    endloop
  endfacet
  facet normal -0.137349 0.969308 0.203906
    outer loop
      vertex 60.843903 27.380656 24.543142
      vertex 58.360242 27.028725 24.543142
      vertex 58.492804 26.572819 26.799671
    endloop
  endfacet
  facet normal -0.137349 0.969308 0.203906
    outer loop
      vertex 60.843903 27.380656 24.543142
      vertex 58.492804 26.572819 26.799671
      vertex 61.186519 26.954514 26.799671
    endloop
  endfacet
  facet normal 0.162395 -0.965967 -0.201334
    outer loop
      vertex 61.751792 26.251434 25.212042
      vertex 64.566164 26.724576 25.212042
      vertex 65.103429 26.330976 27.533822
    endloop
  endfacet
  facet normal 0.162395 -0.965967 -0.201334
    outer loop
      vertex 61.751792 26.251434 25.212042
      vertex 65.103429 26.330976 27.533822
      vertex 62.094536 25.825132 27.533822
    endloop
  endfacet
  facet normal -0.162205 0.964836 0.206836
    outer loop
      vertex 63.143018 27.767174 24.543142
      vertex 60.843903 27.380656 24.543142
      vertex 61.186519 26.954514 26.799671
    endloop
  endfacet
  facet normal -0.162205 0.964836 0.206836
    outer loop
      vertex 63.143018 27.767174 24.543142
      vertex 61.186519 26.954514 26.799671
      vertex 63.680080 27.373722 26.799671
    endloop
  endfacet
  facet normal 0.162808 -0.965881 -0.201415
    outer loop
      vertex 64.566164 26.724576 25.212042
      vertex 67.194396 27.167590 25.212042
      vertex 67.913315 26.804609 27.533822
    endloop
  endfacet
  facet normal 0.162808 -0.965881 -0.201415
    outer loop
      vertex 64.566164 26.724576 25.212042
      vertex 67.913315 26.804609 27.533822
      vertex 65.103429 26.330976 27.533822
    endloop
  endfacet
  facet normal -0.162618 0.964749 0.206919
    outer loop
      vertex 65.290070 28.129081 24.543142
      vertex 63.143018 27.767174 24.543142
      vertex 63.680080 27.373722 26.799671
    endloop
  endfacet
  facet normal -0.162618 0.964749 0.206919
    outer loop
      vertex 65.290070 28.129081 24.543142
      vertex 63.680080 27.373722 26.799671
      vertex 66.008718 27.766237 26.799671
    endloop
  endfacet
  facet normal 0.155527 -0.967495 -0.199413
    outer loop
      vertex 67.194396 27.167590 25.212042
      vertex 69.690549 27.568853 25.212042
      vertex 70.581993 27.233606 27.533822
    endloop
  endfacet
  facet normal 0.155527 -0.967495 -0.199413
    outer loop
      vertex 67.194396 27.167590 25.212042
      vertex 70.581993 27.233606 27.533822
      vertex 67.913315 26.804609 27.533822
    endloop
  endfacet
  facet normal -0.155349 0.966383 0.204867
    outer loop
      vertex 67.329224 28.456880 24.543142
      vertex 65.290070 28.129081 24.543142
      vertex 66.008718 27.766237 26.799671
    endloop
  endfacet
  facet normal -0.155349 0.966383 0.204867
    outer loop
      vertex 67.329224 28.456880 24.543142
      vertex 66.008718 27.766237 26.799671
      vertex 68.220333 28.121760 26.799671
    endloop
  endfacet
  facet normal 0.147399 -0.969349 -0.196560
    outer loop
      vertex 69.690549 27.568853 25.212042
      vertex 72.090711 27.933820 25.212042
      vertex 73.148045 27.623799 27.533822
    endloop
  endfacet
  facet normal 0.147399 -0.969349 -0.196560
    outer loop
      vertex 69.690549 27.568853 25.212042
      vertex 73.148045 27.623799 27.533822
      vertex 70.581993 27.233606 27.533822
    endloop
  endfacet
  facet normal -0.147234 0.968267 0.201942
    outer loop
      vertex 69.289962 28.755029 24.543142
      vertex 67.329224 28.456880 24.543142
      vertex 68.220333 28.121760 26.799671
    endloop
  endfacet
  facet normal -0.147234 0.968267 0.201942
    outer loop
      vertex 69.289962 28.755029 24.543142
      vertex 68.220333 28.121760 26.799671
      vertex 70.346898 28.445124 26.799671
    endloop
  endfacet
  facet normal 0.579936 0.799318 -0.157371
    outer loop
      vertex 72.090711 27.933820 25.212042
      vertex 69.553178 29.774897 25.212042
      vertex 70.435127 29.592124 27.533822
    endloop
  endfacet
  facet normal 0.579936 0.799318 -0.157371
    outer loop
      vertex 72.090711 27.933820 25.212042
      vertex 70.435127 29.592124 27.533822
      vertex 73.148045 27.623799 27.533822
    endloop
  endfacet
  facet normal -0.579520 -0.798746 0.161744
    outer loop
      vertex 67.217004 30.259039 24.543142
      vertex 69.289962 28.755029 24.543142
      vertex 70.346898 28.445124 26.799671
    endloop
  endfacet
  facet normal -0.579520 -0.798746 0.161744
    outer loop
      vertex 67.217004 30.259039 24.543142
      vertex 70.346898 28.445124 26.799671
      vertex 68.098621 30.076335 26.799671
    endloop
  endfacet
  facet normal 0.589352 0.791558 -0.161558
    outer loop
      vertex 69.553178 29.774897 25.212042
      vertex 66.900728 31.749770 25.212042
      vertex 67.599349 31.703493 27.533822
    endloop
  endfacet
  facet normal 0.589352 0.791558 -0.161558
    outer loop
      vertex 69.553178 29.774897 25.212042
      vertex 67.599349 31.703493 27.533822
      vertex 70.435127 29.592124 27.533822
    endloop
  endfacet
  facet normal -0.588907 -0.790960 0.166042
    outer loop
      vertex 65.050167 31.872350 24.543142
      vertex 67.217004 30.259039 24.543142
      vertex 68.098621 30.076335 26.799671
    endloop
  endfacet
  facet normal -0.588907 -0.790960 0.166042
    outer loop
      vertex 65.050167 31.872350 24.543142
      vertex 68.098621 30.076335 26.799671
      vertex 65.748525 31.826091 26.799671
    endloop
  endfacet
  facet normal 0.599482 0.783244 -0.164772
    outer loop
      vertex 66.900728 31.749770 25.212042
      vertex 64.055993 33.927080 25.212042
      vertex 64.557996 34.031292 27.533822
    endloop
  endfacet
  facet normal 0.599482 0.783244 -0.164772
    outer loop
      vertex 66.900728 31.749770 25.212042
      vertex 64.557996 34.031292 27.533822
      vertex 67.599349 31.703493 27.533822
    endloop
  endfacet
  facet normal -0.599011 -0.782630 0.169340
    outer loop
      vertex 62.726249 33.651037 24.543142
      vertex 65.050167 31.872350 24.543142
      vertex 65.748525 31.826091 26.799671
    endloop
  endfacet
  facet normal -0.599011 -0.782630 0.169340
    outer loop
      vertex 62.726249 33.651037 24.543142
      vertex 65.748525 31.826091 26.799671
      vertex 63.228063 33.755209 26.799671
    endloop
  endfacet
  facet normal 0.589498 0.791160 -0.162969
    outer loop
      vertex 64.055993 33.927080 25.212042
      vertex 60.828627 36.331810 25.212042
      vertex 61.107566 36.602228 27.533822
    endloop
  endfacet
  facet normal 0.589498 0.791160 -0.162969
    outer loop
      vertex 64.055993 33.927080 25.212042
      vertex 61.107566 36.602228 27.533822
      vertex 64.557996 34.031292 27.533822
    endloop
  endfacet
  facet normal -0.589045 -0.790552 0.167489
    outer loop
      vertex 60.089752 35.615506 24.543142
      vertex 62.726249 33.651037 24.543142
      vertex 63.228063 33.755209 26.799671
    endloop
  endfacet
  facet normal -0.589045 -0.790552 0.167489
    outer loop
      vertex 60.089752 35.615506 24.543142
      vertex 63.228063 33.755209 26.799671
      vertex 60.368586 35.885822 26.799671
    endloop
  endfacet
  facet normal 0.518969 0.839657 -0.160144
    outer loop
      vertex 60.828627 36.331810 25.212042
      vertex 57.230198 38.555900 25.212042
      vertex 57.260426 38.980040 27.533822
    endloop
  endfacet
  facet normal 0.518969 0.839657 -0.160144
    outer loop
      vertex 60.828627 36.331810 25.212042
      vertex 57.260426 38.980040 27.533822
      vertex 61.107566 36.602228 27.533822
    endloop
  endfacet
  facet normal -0.518585 -0.839035 0.164591
    outer loop
      vertex 57.150128 37.432407 24.543142
      vertex 60.089752 35.615506 24.543142
      vertex 60.368586 35.885822 26.799671
    endloop
  endfacet
  facet normal -0.518585 -0.839035 0.164591
    outer loop
      vertex 57.150128 37.432407 24.543142
      vertex 60.368586 35.885822 26.799671
      vertex 57.180345 37.856387 26.799671
    endloop
  endfacet
  facet normal 0.470694 0.866830 -0.164479
    outer loop
      vertex 57.230198 38.555900 25.212042
      vertex 53.876174 40.377156 25.212042
      vertex 53.674583 40.927174 27.533822
    endloop
  endfacet
  facet normal 0.470694 0.866830 -0.164479
    outer loop
      vertex 57.230198 38.555900 25.212042
      vertex 53.674583 40.927174 27.533822
      vertex 57.260426 38.980040 27.533822
    endloop
  endfacet
  facet normal -0.470326 -0.866152 0.169039
    outer loop
      vertex 54.410162 38.920225 24.543142
      vertex 57.150128 37.432407 24.543142
      vertex 57.180345 37.856387 26.799671
    endloop
  endfacet
  facet normal -0.470326 -0.866152 0.169039
    outer loop
      vertex 54.410162 38.920225 24.543142
      vertex 57.180345 37.856387 26.799671
      vertex 54.208647 39.470037 26.799671
    endloop
  endfacet
  facet normal 0.475372 0.864457 -0.163511
    outer loop
      vertex 53.876174 40.377156 25.212042
      vertex 50.857311 42.037252 25.212042
      vertex 50.447067 42.702011 27.533822
    endloop
  endfacet
  facet normal 0.475372 0.864457 -0.163511
    outer loop
      vertex 53.876174 40.377156 25.212042
      vertex 50.447067 42.702011 27.533822
      vertex 53.674583 40.927174 27.533822
    endloop
  endfacet
  facet normal -0.475004 -0.863789 0.168046
    outer loop
      vertex 51.943996 40.276390 24.543142
      vertex 54.410162 38.920225 24.543142
      vertex 54.208647 39.470037 26.799671
    endloop
  endfacet
  facet normal -0.475004 -0.863789 0.168046
    outer loop
      vertex 51.943996 40.276390 24.543142
      vertex 54.208647 39.470037 26.799671
      vertex 51.533906 40.940898 26.799671
    endloop
  endfacet
  facet normal 0.487580 0.858365 -0.159610
    outer loop
      vertex 50.857311 42.037252 25.212042
      vertex 48.054085 43.629579 25.212042
      vertex 47.450092 44.404394 27.533822
    endloop
  endfacet
  facet normal 0.487580 0.858365 -0.159610
    outer loop
      vertex 50.857311 42.037252 25.212042
      vertex 47.450092 44.404394 27.533822
      vertex 50.447067 42.702011 27.533822
    endloop
  endfacet
  facet normal -0.487221 -0.857733 0.164042
    outer loop
      vertex 49.653987 41.577192 24.543142
      vertex 51.943996 40.276390 24.543142
      vertex 51.533906 40.940898 26.799671
    endloop
  endfacet
  facet normal -0.487221 -0.857733 0.164042
    outer loop
      vertex 49.653987 41.577192 24.543142
      vertex 51.533906 40.940898 26.799671
      vertex 49.050222 42.351714 26.799671
    endloop
  endfacet
  facet normal -0.970148 -0.039013 -0.239357
    outer loop
      vertex 48.054085 43.629579 25.212042
      vertex 48.135695 41.600158 25.212042
      vertex 47.537343 42.234706 27.533822
    endloop
  endfacet
  facet normal -0.970148 -0.039013 -0.239357
    outer loop
      vertex 48.054085 43.629579 25.212042
      vertex 47.537343 42.234706 27.533822
      vertex 47.450092 44.404394 27.533822
    endloop
  endfacet
  facet normal 0.968543 0.038949 0.245778
    outer loop
      vertex 49.720656 39.919319 24.543142
      vertex 49.653987 41.577192 24.543142
      vertex 49.050222 42.351714 26.799671
    endloop
  endfacet
  facet normal 0.968543 0.038949 0.245778
    outer loop
      vertex 49.720656 39.919319 24.543142
      vertex 49.050222 42.351714 26.799671
      vertex 49.122529 40.553628 26.799671
    endloop
  endfacet
  facet normal -0.970059 -0.035763 -0.240222
    outer loop
      vertex 48.135695 41.600158 25.212042
      vertex 48.213519 39.489200 25.212042
      vertex 47.620546 39.977846 27.533822
    endloop
  endfacet
  facet normal -0.970059 -0.035763 -0.240222
    outer loop
      vertex 48.135695 41.600158 25.212042
      vertex 47.620546 39.977846 27.533822
      vertex 47.537343 42.234706 27.533822
    endloop
  endfacet
  facet normal 0.968443 0.035703 0.246664
    outer loop
      vertex 49.784232 38.194837 24.543142
      vertex 49.720656 39.919319 24.543142
      vertex 49.122529 40.553628 26.799671
    endloop
  endfacet
  facet normal 0.968443 0.035703 0.246664
    outer loop
      vertex 49.784232 38.194837 24.543142
      vertex 49.122529 40.553628 26.799671
      vertex 49.191482 38.683299 26.799671
    endloop
  endfacet
  facet normal -0.970081 -0.037417 -0.239880
    outer loop
      vertex 48.213519 39.489200 25.212042
      vertex 48.298758 37.279264 25.212042
      vertex 47.711676 37.615167 27.533822
    endloop
  endfacet
  facet normal -0.970081 -0.037417 -0.239880
    outer loop
      vertex 48.213519 39.489200 25.212042
      vertex 47.711676 37.615167 27.533822
      vertex 47.620546 39.977846 27.533822
    endloop
  endfacet
  facet normal 0.968470 0.037354 0.246314
    outer loop
      vertex 49.853865 36.389499 24.543142
      vertex 49.784232 38.194837 24.543142
      vertex 49.191482 38.683299 26.799671
    endloop
  endfacet
  facet normal 0.968470 0.037354 0.246314
    outer loop
      vertex 49.853865 36.389499 24.543142
      vertex 49.191482 38.683299 26.799671
      vertex 49.267004 36.725275 26.799671
    endloop
  endfacet
  facet normal -0.969980 -0.049284 -0.238138
    outer loop
      vertex 48.298758 37.279264 25.212042
      vertex 48.416639 34.959201 25.212042
      vertex 47.837704 35.134749 27.533822
    endloop
  endfacet
  facet normal -0.969980 -0.049284 -0.238138
    outer loop
      vertex 48.298758 37.279264 25.212042
      vertex 47.837704 35.134749 27.533822
      vertex 47.711676 37.615167 27.533822
    endloop
  endfacet
  facet normal 0.968392 0.049203 0.244530
    outer loop
      vertex 49.950164 34.494196 24.543142
      vertex 49.853865 36.389499 24.543142
      vertex 49.267004 36.725275 26.799671
    endloop
  endfacet
  facet normal 0.968392 0.049203 0.244530
    outer loop
      vertex 49.950164 34.494196 24.543142
      vertex 49.267004 36.725275 26.799671
      vertex 49.371448 34.669678 26.799671
    endloop
  endfacet
  facet normal -0.968782 -0.076647 -0.235770
    outer loop
      vertex 48.416639 34.959201 25.212042
      vertex 48.607564 32.545980 25.212042
      vertex 48.041826 32.554734 27.533822
    endloop
  endfacet
  facet normal -0.968782 -0.076647 -0.235770
    outer loop
      vertex 48.416639 34.959201 25.212042
      vertex 48.041826 32.554734 27.533822
      vertex 47.837704 35.134749 27.533822
    endloop
  endfacet
  facet normal 0.967227 0.076524 0.242107
    outer loop
      vertex 50.106135 32.522789 24.543142
      vertex 49.950164 34.494196 24.543142
      vertex 49.371448 34.669678 26.799671
    endloop
  endfacet
  facet normal 0.967227 0.076524 0.242107
    outer loop
      vertex 50.106135 32.522789 24.543142
      vertex 49.371448 34.669678 26.799671
      vertex 49.540610 32.531541 26.799671
    endloop
  endfacet
  facet normal -0.965013 -0.116903 -0.234700
    outer loop
      vertex 48.607564 32.545980 25.212042
      vertex 48.903151 30.105965 25.212042
      vertex 48.357843 29.946074 27.533822
    endloop
  endfacet
  facet normal -0.965013 -0.116903 -0.234700
    outer loop
      vertex 48.607564 32.545980 25.212042
      vertex 48.357843 29.946074 27.533822
      vertex 48.041826 32.554734 27.533822
    endloop
  endfacet
  facet normal 0.963478 0.116717 0.241012
    outer loop
      vertex 50.347605 30.529495 24.543142
      vertex 50.106135 32.522789 24.543142
      vertex 49.540610 32.531541 26.799671
    endloop
  endfacet
  facet normal 0.963478 0.116717 0.241012
    outer loop
      vertex 50.347605 30.529495 24.543142
      vertex 49.540610 32.531541 26.799671
      vertex 49.802502 30.369664 26.799671
    endloop
  endfacet
  facet normal -0.959188 -0.155755 -0.236007
    outer loop
      vertex 48.903151 30.105965 25.212042
      vertex 49.289411 27.727258 25.212042
      vertex 48.770799 27.402959 27.533822
    endloop
  endfacet
  facet normal -0.959188 -0.155755 -0.236007
    outer loop
      vertex 48.903151 30.105965 25.212042
      vertex 48.770799 27.402959 27.533822
      vertex 48.357843 29.946074 27.533822
    endloop
  endfacet
  facet normal 0.957645 0.155505 0.242350
    outer loop
      vertex 50.663148 28.586284 24.543142
      vertex 50.347605 30.529495 24.543142
      vertex 49.802502 30.369664 26.799671
    endloop
  endfacet
  facet normal 0.957645 0.155505 0.242350
    outer loop
      vertex 50.663148 28.586284 24.543142
      vertex 49.802502 30.369664 26.799671
      vertex 50.144732 28.262108 26.799671
    endloop
  endfacet
  facet normal -0.954276 -0.180404 -0.238353
    outer loop
      vertex 49.289411 27.727258 25.212042
      vertex 49.718090 25.459692 25.212042
      vertex 49.229108 24.978667 27.533822
    endloop
  endfacet
  facet normal -0.954276 -0.180404 -0.238353
    outer loop
      vertex 49.289411 27.727258 25.212042
      vertex 49.229108 24.978667 27.533822
      vertex 48.770799 27.402959 27.533822
    endloop
  endfacet
  facet normal 0.952711 0.180108 0.244751
    outer loop
      vertex 51.013345 26.733866 24.543142
      vertex 50.663148 28.586284 24.543142
      vertex 50.144732 28.262108 26.799671
    endloop
  endfacet
  facet normal 0.952711 0.180108 0.244751
    outer loop
      vertex 51.013345 26.733866 24.543142
      vertex 50.144732 28.262108 26.799671
      vertex 50.524546 26.253023 26.799671
    endloop
  endfacet
  facet normal 0.007942 -0.980196 -0.197868
    outer loop
      vertex 49.229108 24.978667 27.533822
      vertex 52.233586 25.003012 27.533822
      vertex 51.945147 24.533823 29.846502
    endloop
  endfacet
  facet normal 0.007951 -0.980194 -0.197879
    outer loop
      vertex 49.229108 24.978667 27.533822
      vertex 51.945147 24.533823 29.846502
      vertex 48.750591 24.507938 29.846357
    endloop
  endfacet
  facet normal -0.007934 0.979156 0.202955
    outer loop
      vertex 53.014449 26.273198 26.799671
      vertex 50.524546 26.253023 26.799671
      vertex 50.045874 25.782141 29.052729
    endloop
  endfacet
  facet normal -0.007945 0.979159 0.202941
    outer loop
      vertex 53.014449 26.273198 26.799671
      vertex 50.045874 25.782141 29.052729
      vertex 52.725916 25.803857 29.052874
    endloop
  endfacet
  facet normal 0.026392 -0.980332 -0.195582
    outer loop
      vertex 52.233586 25.003012 27.533822
      vertex 55.470300 25.090148 27.533822
      vertex 55.386630 24.626472 29.846658
    endloop
  endfacet
  facet normal 0.026400 -0.980330 -0.195593
    outer loop
      vertex 52.233586 25.003012 27.533822
      vertex 55.386630 24.626472 29.846658
      vertex 51.945147 24.533823 29.846502
    endloop
  endfacet
  facet normal -0.026364 0.979315 0.200615
    outer loop
      vertex 55.696813 26.345410 26.799671
      vertex 53.014449 26.273198 26.799671
      vertex 52.725916 25.803857 29.052874
    endloop
  endfacet
  facet normal -0.026375 0.979318 0.200601
    outer loop
      vertex 55.696813 26.345410 26.799671
      vertex 52.725916 25.803857 29.052874
      vertex 55.613115 25.881583 29.053030
    endloop
  endfacet
  facet normal 0.079539 -0.977937 -0.193164
    outer loop
      vertex 55.470300 25.090148 27.533822
      vertex 58.844125 25.364554 27.533822
      vertex 58.973898 24.918238 29.846832
    endloop
  endfacet
  facet normal 0.079548 -0.977934 -0.193178
    outer loop
      vertex 55.470300 25.090148 27.533822
      vertex 58.973898 24.918238 29.846832
      vertex 55.386630 24.626472 29.846658
    endloop
  endfacet
  facet normal -0.079459 0.976947 0.198142
    outer loop
      vertex 58.492804 26.572819 26.799671
      vertex 55.696813 26.345410 26.799671
      vertex 55.613115 25.881583 29.053030
    endloop
  endfacet
  facet normal -0.079470 0.976949 0.198127
    outer loop
      vertex 58.492804 26.572819 26.799671
      vertex 55.613115 25.881583 29.053030
      vertex 58.622619 26.126358 29.053204
    endloop
  endfacet
  facet normal 0.137601 -0.971086 -0.195085
    outer loop
      vertex 58.844125 25.364554 27.533822
      vertex 62.094536 25.825132 27.533822
      vertex 62.429945 25.407954 29.847011
    endloop
  endfacet
  facet normal 0.137611 -0.971082 -0.195100
    outer loop
      vertex 58.844125 25.364554 27.533822
      vertex 62.429945 25.407954 29.847011
      vertex 58.973898 24.918238 29.846832
    endloop
  endfacet
  facet normal -0.137459 0.970083 0.200108
    outer loop
      vertex 61.186519 26.954514 26.799671
      vertex 58.492804 26.572819 26.799671
      vertex 58.622619 26.126358 29.053204
    endloop
  endfacet
  facet normal -0.137472 0.970085 0.200094
    outer loop
      vertex 61.186519 26.954514 26.799671
      vertex 58.622619 26.126358 29.053204
      vertex 61.522037 26.537200 29.053383
    endloop
  endfacet
  facet normal 0.162511 -0.966660 -0.197884
    outer loop
      vertex 62.094536 25.825132 27.533822
      vertex 65.103429 26.330976 27.533822
      vertex 65.629194 25.945800 29.847177
    endloop
  endfacet
  facet normal 0.162521 -0.966656 -0.197899
    outer loop
      vertex 62.094536 25.825132 27.533822
      vertex 65.629194 25.945800 29.847177
      vertex 62.429945 25.407954 29.847011
    endloop
  endfacet
  facet normal -0.162339 0.965634 0.202972
    outer loop
      vertex 63.680080 27.373722 26.799671
      vertex 61.186519 26.954514 26.799671
      vertex 61.522037 26.537200 29.053383
    endloop
  endfacet
  facet normal -0.162351 0.965634 0.202960
    outer loop
      vertex 63.680080 27.373722 26.799671
      vertex 61.522037 26.537200 29.053383
      vertex 64.206016 26.988421 29.053549
    endloop
  endfacet
  facet normal 0.162926 -0.966577 -0.197952
    outer loop
      vertex 65.103429 26.330976 27.533822
      vertex 67.913315 26.804609 27.533822
      vertex 68.616846 26.449397 29.847324
    endloop
  endfacet
  facet normal 0.162935 -0.966572 -0.197966
    outer loop
      vertex 65.103429 26.330976 27.533822
      vertex 68.616846 26.449397 29.847324
      vertex 65.629194 25.945800 29.847177
    endloop
  endfacet
  facet normal -0.162753 0.965550 0.203039
    outer loop
      vertex 66.008718 27.766237 26.799671
      vertex 63.680080 27.373722 26.799671
      vertex 64.206016 26.988421 29.053549
    endloop
  endfacet
  facet normal -0.162765 0.965550 0.203029
    outer loop
      vertex 66.008718 27.766237 26.799671
      vertex 64.206016 26.988421 29.053549
      vertex 66.712478 27.410909 29.053697
    endloop
  endfacet
  facet normal 0.155638 -0.968180 -0.195971
    outer loop
      vertex 67.913315 26.804609 27.533822
      vertex 70.581993 27.233606 27.533822
      vertex 71.454357 26.905535 29.847457
    endloop
  endfacet
  facet normal 0.155646 -0.968176 -0.195984
    outer loop
      vertex 67.913315 26.804609 27.533822
      vertex 71.454357 26.905535 29.847457
      vertex 68.616846 26.449397 29.847324
    endloop
  endfacet
  facet normal -0.155476 0.967172 0.201009
    outer loop
      vertex 68.220333 28.121760 26.799671
      vertex 66.008718 27.766237 26.799671
      vertex 66.712478 27.410909 29.053697
    endloop
  endfacet
  facet normal -0.155487 0.967172 0.201002
    outer loop
      vertex 68.220333 28.121760 26.799671
      vertex 66.712478 27.410909 29.053697
      vertex 69.092980 27.793582 29.053829
    endloop
  endfacet
  facet normal 0.147500 -0.970018 -0.193153
    outer loop
      vertex 70.581993 27.233606 27.533822
      vertex 73.148045 27.623799 27.533822
      vertex 74.182749 27.320413 29.847576
    endloop
  endfacet
  facet normal 0.147508 -0.970015 -0.193166
    outer loop
      vertex 70.581993 27.233606 27.533822
      vertex 74.182749 27.320413 29.847576
      vertex 71.454357 26.905535 29.847457
    endloop
  endfacet
  facet normal -0.147351 0.969038 0.198124
    outer loop
      vertex 70.346898 28.445124 26.799671
      vertex 68.220333 28.121760 26.799671
      vertex 69.092980 27.793582 29.053829
    endloop
  endfacet
  facet normal -0.147362 0.969038 0.198118
    outer loop
      vertex 70.346898 28.445124 26.799671
      vertex 69.092980 27.793582 29.053829
      vertex 71.381939 28.141639 29.053948
    endloop
  endfacet
  facet normal 0.580193 0.799672 -0.154600
    outer loop
      vertex 73.148045 27.623799 27.533822
      vertex 70.435127 29.592124 27.533822
      vertex 71.298200 29.413263 29.847655
    endloop
  endfacet
  facet normal 0.580189 0.799674 -0.154604
    outer loop
      vertex 73.148045 27.623799 27.533822
      vertex 71.298200 29.413263 29.847655
      vertex 74.182749 27.320413 29.847576
    endloop
  endfacet
  facet normal -0.579817 -0.799154 0.158633
    outer loop
      vertex 68.098621 30.076335 26.799671
      vertex 70.346898 28.445124 26.799671
      vertex 71.381939 28.141639 29.053948
    endloop
  endfacet
  facet normal -0.579814 -0.799158 0.158626
    outer loop
      vertex 68.098621 30.076335 26.799671
      vertex 71.381939 28.141639 29.053948
      vertex 68.961974 29.897416 29.054028
    endloop
  endfacet
  facet normal 0.589627 0.791928 -0.158712
    outer loop
      vertex 70.435127 29.592124 27.533822
      vertex 67.599349 31.703493 27.533822
      vertex 68.283018 31.658208 29.847735
    endloop
  endfacet
  facet normal 0.589624 0.791929 -0.158716
    outer loop
      vertex 70.435127 29.592124 27.533822
      vertex 68.283018 31.658208 29.847735
      vertex 71.298200 29.413263 29.847655
    endloop
  endfacet
  facet normal -0.589225 -0.791388 0.162847
    outer loop
      vertex 65.748525 31.826091 26.799671
      vertex 68.098621 30.076335 26.799671
      vertex 68.961974 29.897416 29.054028
    endloop
  endfacet
  facet normal -0.589223 -0.791391 0.162840
    outer loop
      vertex 65.748525 31.826091 26.799671
      vertex 68.961974 29.897416 29.054028
      vertex 66.432416 31.780791 29.054107
    endloop
  endfacet
  facet normal 0.599774 0.783626 -0.161867
    outer loop
      vertex 67.599349 31.703493 27.533822
      vertex 64.557996 34.031292 27.533822
      vertex 65.049255 34.133273 29.847813
    endloop
  endfacet
  facet normal 0.599771 0.783628 -0.161872
    outer loop
      vertex 67.599349 31.703493 27.533822
      vertex 65.049255 34.133273 29.847813
      vertex 68.283018 31.658208 29.847735
    endloop
  endfacet
  facet normal -0.599348 -0.783070 0.166079
    outer loop
      vertex 63.228063 33.755209 26.799671
      vertex 65.748525 31.826091 26.799671
      vertex 66.432416 31.780791 29.054107
    endloop
  endfacet
  facet normal -0.599346 -0.783073 0.166073
    outer loop
      vertex 63.228063 33.755209 26.799671
      vertex 66.432416 31.780791 29.054107
      vertex 63.719482 33.857224 29.054185
    endloop
  endfacet
  facet normal 0.589779 0.791538 -0.160089
    outer loop
      vertex 64.557996 34.031292 27.533822
      vertex 61.107566 36.602228 27.533822
      vertex 61.380534 36.866858 29.847882
    endloop
  endfacet
  facet normal 0.589777 0.791539 -0.160094
    outer loop
      vertex 64.557996 34.031292 27.533822
      vertex 61.380534 36.866858 29.847882
      vertex 65.049255 34.133273 29.847813
    endloop
  endfacet
  facet normal -0.589370 -0.790988 0.164257
    outer loop
      vertex 60.368586 35.885822 26.799671
      vertex 63.228063 33.755209 26.799671
      vertex 63.719482 33.857224 29.054185
    endloop
  endfacet
  facet normal -0.589368 -0.790991 0.164252
    outer loop
      vertex 60.368586 35.885822 26.799671
      vertex 63.719482 33.857224 29.054185
      vertex 60.641644 36.150539 29.054254
    endloop
  endfacet
  facet normal 0.519209 0.840045 -0.157310
    outer loop
      vertex 61.107566 36.602228 27.533822
      vertex 57.260426 38.980040 27.533822
      vertex 57.290007 39.395101 29.847907
    endloop
  endfacet
  facet normal 0.519208 0.840045 -0.157312
    outer loop
      vertex 61.107566 36.602228 27.533822
      vertex 57.290007 39.395101 29.847907
      vertex 61.380534 36.866858 29.847882
    endloop
  endfacet
  facet normal -0.518861 -0.839483 0.161406
    outer loop
      vertex 57.180345 37.856387 26.799671
      vertex 60.368586 35.885822 26.799671
      vertex 60.641644 36.150539 29.054254
    endloop
  endfacet
  facet normal -0.518861 -0.839483 0.161405
    outer loop
      vertex 57.180345 37.856387 26.799671
      vertex 60.641644 36.150539 29.054254
      vertex 57.209935 38.271584 29.054279
    endloop
  endfacet
  facet normal 0.470923 0.867252 -0.161573
    outer loop
      vertex 57.260426 38.980040 27.533822
      vertex 53.674583 40.927174 27.533822
      vertex 53.477308 41.465420 29.847899
    endloop
  endfacet
  facet normal 0.470923 0.867252 -0.161573
    outer loop
      vertex 57.260426 38.980040 27.533822
      vertex 53.477308 41.465420 29.847899
      vertex 57.290007 39.395101 29.847907
    endloop
  endfacet
  facet normal -0.470591 -0.866640 0.165772
    outer loop
      vertex 54.208647 39.470037 26.799671
      vertex 57.180345 37.856387 26.799671
      vertex 57.209935 38.271584 29.054279
    endloop
  endfacet
  facet normal -0.470591 -0.866639 0.165773
    outer loop
      vertex 54.208647 39.470037 26.799671
      vertex 57.209935 38.271584 29.054279
      vertex 54.011307 40.008458 29.054271
    endloop
  endfacet
  facet normal 0.475600 0.864873 -0.160622
    outer loop
      vertex 53.674583 40.927174 27.533822
      vertex 50.447067 42.702011 27.533822
      vertex 50.045604 43.352541 29.847882
    endloop
  endfacet
  facet normal 0.475601 0.864873 -0.160621
    outer loop
      vertex 53.674583 40.927174 27.533822
      vertex 50.045604 43.352541 29.847882
      vertex 53.477308 41.465420 29.847899
    endloop
  endfacet
  facet normal -0.475269 -0.864269 0.164797
    outer loop
      vertex 51.533906 40.940898 26.799671
      vertex 54.208647 39.470037 26.799671
      vertex 54.011307 40.008458 29.054271
    endloop
  endfacet
  facet normal -0.475269 -0.864269 0.164798
    outer loop
      vertex 51.533906 40.940898 26.799671
      vertex 54.011307 40.008458 29.054271
      vertex 51.132313 41.591640 29.054255
    endloop
  endfacet
  facet normal 0.487803 0.858758 -0.156788
    outer loop
      vertex 50.447067 42.702011 27.533822
      vertex 47.450092 44.404394 27.533822
      vertex 46.859027 45.162624 29.847861
    endloop
  endfacet
  facet normal 0.487804 0.858758 -0.156786
    outer loop
      vertex 50.447067 42.702011 27.533822
      vertex 46.859027 45.162624 29.847861
      vertex 50.045604 43.352541 29.847882
    endloop
  endfacet
  facet normal -0.487479 -0.858187 0.160868
    outer loop
      vertex 49.050222 42.351714 26.799671
      vertex 51.533906 40.940898 26.799671
      vertex 51.132313 41.591640 29.054255
    endloop
  endfacet
  facet normal -0.487480 -0.858187 0.160869
    outer loop
      vertex 49.050222 42.351714 26.799671
      vertex 51.132313 41.591640 29.054255
      vertex 48.458964 43.110192 29.054233
    endloop
  endfacet
  facet normal -0.971145 -0.039053 -0.235272
    outer loop
      vertex 47.450092 44.404394 27.533822
      vertex 47.537343 42.234706 27.533822
      vertex 46.951798 42.855673 29.847735
    endloop
  endfacet
  facet normal -0.971147 -0.039041 -0.235264
    outer loop
      vertex 47.450092 44.404394 27.533822
      vertex 46.951798 42.855673 29.847735
      vertex 46.859027 45.162624 29.847861
    endloop
  endfacet
  facet normal 0.969696 0.038995 0.241184
    outer loop
      vertex 49.122529 40.553628 26.799671
      vertex 49.050222 42.351714 26.799671
      vertex 48.458964 43.110192 29.054233
    endloop
  endfacet
  facet normal 0.969692 0.038979 0.241201
    outer loop
      vertex 49.122529 40.553628 26.799671
      vertex 48.458964 43.110192 29.054233
      vertex 48.536793 41.174797 29.054107
    endloop
  endfacet
  facet normal -0.971060 -0.035800 -0.236138
    outer loop
      vertex 47.537343 42.234706 27.533822
      vertex 47.620546 39.977846 27.533822
      vertex 47.040264 40.456033 29.847589
    endloop
  endfacet
  facet normal -0.971063 -0.035785 -0.236128
    outer loop
      vertex 47.537343 42.234706 27.533822
      vertex 47.040264 40.456033 29.847589
      vertex 46.951798 42.855673 29.847735
    endloop
  endfacet
  facet normal 0.969601 0.035746 0.242068
    outer loop
      vertex 49.191482 38.683299 26.799671
      vertex 49.122529 40.553628 26.799671
      vertex 48.536793 41.174797 29.054107
    endloop
  endfacet
  facet normal 0.969597 0.035728 0.242086
    outer loop
      vertex 49.191482 38.683299 26.799671
      vertex 48.536793 41.174797 29.054107
      vertex 48.611011 39.161642 29.053962
    endloop
  endfacet
  facet normal -0.971075 -0.037455 -0.235817
    outer loop
      vertex 47.620546 39.977846 27.533822
      vertex 47.711676 37.615167 27.533822
      vertex 47.137159 37.943880 29.847423
    endloop
  endfacet
  facet normal -0.971079 -0.037439 -0.235804
    outer loop
      vertex 47.620546 39.977846 27.533822
      vertex 47.137159 37.943880 29.847423
      vertex 47.040264 40.456033 29.847589
    endloop
  endfacet
  facet normal 0.969621 0.037399 0.241738
    outer loop
      vertex 49.267004 36.725275 26.799671
      vertex 49.191482 38.683299 26.799671
      vertex 48.611011 39.161642 29.053962
    endloop
  endfacet
  facet normal 0.969617 0.037380 0.241757
    outer loop
      vertex 49.267004 36.725275 26.799671
      vertex 48.611011 39.161642 29.053962
      vertex 48.692301 37.054096 29.053795
    endloop
  endfacet
  facet normal -0.970956 -0.049334 -0.234119
    outer loop
      vertex 47.711676 37.615167 27.533822
      vertex 47.837704 35.134749 27.533822
      vertex 47.271161 35.306540 29.847234
    endloop
  endfacet
  facet normal -0.970960 -0.049317 -0.234103
    outer loop
      vertex 47.711676 37.615167 27.533822
      vertex 47.271161 35.306540 29.847234
      vertex 47.137159 37.943880 29.847423
    endloop
  endfacet
  facet normal 0.969522 0.049261 0.240000
    outer loop
      vertex 49.371448 34.669678 26.799671
      vertex 49.267004 36.725275 26.799671
      vertex 48.692301 37.054096 29.053795
    endloop
  endfacet
  facet normal 0.969518 0.049240 0.240021
    outer loop
      vertex 49.371448 34.669678 26.799671
      vertex 48.692301 37.054096 29.053795
      vertex 48.804720 34.841525 29.053606
    endloop
  endfacet
  facet normal -0.969732 -0.076722 -0.231806
    outer loop
      vertex 47.837704 35.134749 27.533822
      vertex 48.041826 32.554734 27.533822
      vertex 47.488197 32.563302 29.847025
    endloop
  endfacet
  facet normal -0.969737 -0.076705 -0.231788
    outer loop
      vertex 47.837704 35.134749 27.533822
      vertex 47.488197 32.563302 29.847025
      vertex 47.271161 35.306540 29.847234
    endloop
  endfacet
  facet normal 0.968329 0.076611 0.237635
    outer loop
      vertex 49.540610 32.531541 26.799671
      vertex 49.371448 34.669678 26.799671
      vertex 48.804720 34.841525 29.053606
    endloop
  endfacet
  facet normal 0.968325 0.076589 0.237656
    outer loop
      vertex 49.540610 32.531541 26.799671
      vertex 48.804720 34.841525 29.053606
      vertex 48.986800 32.540111 29.053397
    endloop
  endfacet
  facet normal -0.965946 -0.117016 -0.230773
    outer loop
      vertex 48.041826 32.554734 27.533822
      vertex 48.357843 29.946074 27.533822
      vertex 47.824206 29.789606 29.846804
    endloop
  endfacet
  facet normal -0.965953 -0.116998 -0.230753
    outer loop
      vertex 48.041826 32.554734 27.533822
      vertex 47.824206 29.789606 29.846804
      vertex 47.488197 32.563302 29.847025
    endloop
  endfacet
  facet normal 0.964561 0.116848 0.236578
    outer loop
      vertex 49.802502 30.369664 26.799671
      vertex 49.540610 32.531541 26.799671
      vertex 48.986800 32.540111 29.053397
    endloop
  endfacet
  facet normal 0.964558 0.116825 0.236599
    outer loop
      vertex 49.802502 30.369664 26.799671
      vertex 48.986800 32.540111 29.053397
      vertex 49.268692 30.213145 29.053176
    endloop
  endfacet
  facet normal -0.960120 -0.155906 -0.232082
    outer loop
      vertex 48.357843 29.946074 27.533822
      vertex 48.770799 27.402959 27.533822
      vertex 48.263288 27.085602 29.846579
    endloop
  endfacet
  facet normal -0.960128 -0.155888 -0.232060
    outer loop
      vertex 48.357843 29.946074 27.533822
      vertex 48.263288 27.085602 29.846579
      vertex 47.824206 29.789606 29.846804
    endloop
  endfacet
  facet normal 0.958728 0.155680 0.237917
    outer loop
      vertex 50.144732 28.262108 26.799671
      vertex 49.802502 30.369664 26.799671
      vertex 49.268692 30.213145 29.053176
    endloop
  endfacet
  facet normal 0.958727 0.155657 0.237937
    outer loop
      vertex 50.144732 28.262108 26.799671
      vertex 49.268692 30.213145 29.053176
      vertex 49.637055 27.944647 29.052952
    endloop
  endfacet
  facet normal -0.955217 -0.180582 -0.234415
    outer loop
      vertex 48.770799 27.402959 27.533822
      vertex 49.229108 24.978667 27.533822
      vertex 48.750591 24.507938 29.846357
    endloop
  endfacet
  facet normal -0.955226 -0.180564 -0.234392
    outer loop
      vertex 48.770799 27.402959 27.533822
      vertex 48.750591 24.507938 29.846357
      vertex 48.263288 27.085602 29.846579
    endloop
  endfacet
  facet normal 0.953804 0.180315 0.240302
    outer loop
      vertex 50.524546 26.253023 26.799671
      vertex 50.144732 28.262108 26.799671
      vertex 49.637055 27.944647 29.052952
    endloop
  endfacet
  facet normal 0.953804 0.180290 0.240320
    outer loop
      vertex 50.524546 26.253023 26.799671
      vertex 49.637055 27.944647 29.052952
      vertex 50.045874 25.782141 29.052729
    endloop
  endfacet
  facet normal 0.007962 -0.981547 -0.191053
    outer loop
      vertex 48.750591 24.507938 29.846357
      vertex 51.945147 24.533823 29.846502
      vertex 51.676202 24.096347 32.082861
    endloop
  endfacet
  facet normal 0.008575 -0.981391 -0.191826
    outer loop
      vertex 48.750591 24.507938 29.846357
      vertex 51.676202 24.096347 32.082861
      vertex 48.304417 24.069026 32.071912
    endloop
  endfacet
  facet normal -0.007956 0.980538 0.196169
    outer loop
      vertex 52.725916 25.803857 29.052874
      vertex 50.045874 25.782141 29.052729
      vertex 49.600188 25.343708 31.226135
    endloop
  endfacet
  facet normal -0.008695 0.980735 0.195148
    outer loop
      vertex 52.725916 25.803857 29.052874
      vertex 49.600188 25.343708 31.226135
      vertex 52.457266 25.366859 31.237084
    endloop
  endfacet
  facet normal 0.026440 -0.981831 -0.187907
    outer loop
      vertex 51.945147 24.533823 29.846502
      vertex 55.386630 24.626472 29.846658
      vertex 55.308615 24.194135 32.094672
    endloop
  endfacet
  facet normal 0.027041 -0.981647 -0.188778
    outer loop
      vertex 51.945147 24.533823 29.846502
      vertex 55.308615 24.194135 32.094672
      vertex 51.676202 24.096347 32.082861
    endloop
  endfacet
  facet normal -0.026416 0.980845 0.192990
    outer loop
      vertex 55.613115 25.881583 29.053030
      vertex 52.725916 25.803857 29.052874
      vertex 52.457266 25.366859 31.237084
    endloop
  endfacet
  facet normal -0.027147 0.981024 0.191976
    outer loop
      vertex 55.613115 25.881583 29.053030
      vertex 52.457266 25.366859 31.237084
      vertex 55.535185 25.449720 31.248895
    endloop
  endfacet
  facet normal 0.079682 -0.979585 -0.184563
    outer loop
      vertex 55.386630 24.626472 29.846658
      vertex 58.973898 24.918238 29.846832
      vertex 59.094900 24.502088 32.107826
    endloop
  endfacet
  facet normal 0.080299 -0.979346 -0.185561
    outer loop
      vertex 55.386630 24.626472 29.846658
      vertex 59.094900 24.502088 32.107826
      vertex 55.308615 24.194135 32.094672
    endloop
  endfacet
  facet normal -0.079606 0.978621 0.189641
    outer loop
      vertex 58.622619 26.126358 29.053204
      vertex 55.613115 25.881583 29.053030
      vertex 55.535185 25.449720 31.248895
    endloop
  endfacet
  facet normal -0.080380 0.978760 0.188596
    outer loop
      vertex 58.622619 26.126358 29.053204
      vertex 55.535185 25.449720 31.248895
      vertex 58.743488 25.710663 31.262050
    endloop
  endfacet
  facet normal 0.137875 -0.972950 -0.185362
    outer loop
      vertex 58.973898 24.918238 29.846832
      vertex 62.429945 25.407954 29.847011
      vertex 62.742684 25.018973 32.121356
    endloop
  endfacet
  facet normal 0.138515 -0.972654 -0.186436
    outer loop
      vertex 58.973898 24.918238 29.846832
      vertex 62.742684 25.018973 32.121356
      vertex 59.094900 24.502088 32.107826
    endloop
  endfacet
  facet normal -0.137740 0.971984 0.190460
    outer loop
      vertex 61.522037 26.537200 29.053383
      vertex 58.622619 26.126358 29.053204
      vertex 58.743488 25.710663 31.262050
    endloop
  endfacet
  facet normal -0.138569 0.972064 0.189447
    outer loop
      vertex 61.522037 26.537200 29.053383
      vertex 58.743488 25.710663 31.262050
      vertex 61.834433 26.148645 31.275579
    endloop
  endfacet
  facet normal 0.162873 -0.968751 -0.187066
    outer loop
      vertex 62.429945 25.407954 29.847011
      vertex 65.629194 25.945800 29.847177
      vertex 66.119423 25.586658 32.133873
    endloop
  endfacet
  facet normal 0.163508 -0.968441 -0.188116
    outer loop
      vertex 62.429945 25.407954 29.847011
      vertex 66.119423 25.586658 32.133873
      vertex 62.742684 25.018973 32.121356
    endloop
  endfacet
  facet normal -0.162714 0.967793 0.192095
    outer loop
      vertex 64.206016 26.988421 29.053549
      vertex 61.522037 26.537200 29.053383
      vertex 61.834433 26.148645 31.275579
    endloop
  endfacet
  facet normal -0.163544 0.967826 0.191221
    outer loop
      vertex 64.206016 26.988421 29.053549
      vertex 61.834433 26.148645 31.275579
      vertex 64.695708 26.629672 31.288097
    endloop
  endfacet
  facet normal 0.163315 -0.968829 -0.186276
    outer loop
      vertex 65.629194 25.945800 29.847177
      vertex 68.616846 26.449397 29.847324
      vertex 69.272826 26.118194 32.145042
    endloop
  endfacet
  facet normal 0.163920 -0.968538 -0.187257
    outer loop
      vertex 65.629194 25.945800 29.847177
      vertex 69.272826 26.118194 32.145042
      vertex 66.119423 25.586658 32.133873
    endloop
  endfacet
  facet normal -0.163161 0.967905 0.191150
    outer loop
      vertex 66.712478 27.410909 29.053697
      vertex 64.206016 26.988421 29.053549
      vertex 64.695708 26.629672 31.288097
    endloop
  endfacet
  facet normal -0.163947 0.967912 0.190443
    outer loop
      vertex 66.712478 27.410909 29.053697
      vertex 64.695708 26.629672 31.288097
      vertex 67.367740 27.080069 31.299265
    endloop
  endfacet
  facet normal 0.156024 -0.970530 -0.183653
    outer loop
      vertex 68.616846 26.449397 29.847324
      vertex 71.454357 26.905535 29.847457
      vertex 72.267758 26.599638 32.155024
    endloop
  endfacet
  facet normal 0.156588 -0.970266 -0.184563
    outer loop
      vertex 68.616846 26.449397 29.847324
      vertex 72.267758 26.599638 32.155024
      vertex 69.272826 26.118194 32.145042
    endloop
  endfacet
  facet normal -0.155885 0.969652 0.188347
    outer loop
      vertex 69.092980 27.793582 29.053829
      vertex 66.712478 27.410909 29.053697
      vertex 67.367740 27.080069 31.299265
    endloop
  endfacet
  facet normal -0.156612 0.969644 0.187786
    outer loop
      vertex 69.092980 27.793582 29.053829
      vertex 67.367740 27.080069 31.299265
      vertex 69.905492 27.488019 31.309248
    endloop
  endfacet
  facet normal 0.147874 -0.972426 -0.180338
    outer loop
      vertex 71.454357 26.905535 29.847457
      vertex 74.182749 27.320413 29.847576
      vertex 75.147518 27.037533 32.164030
    endloop
  endfacet
  facet normal 0.148397 -0.972188 -0.181185
    outer loop
      vertex 71.454357 26.905535 29.847457
      vertex 75.147518 27.037533 32.164030
      vertex 72.267758 26.599638 32.155024
    endloop
  endfacet
  facet normal -0.147750 0.971595 0.184858
    outer loop
      vertex 71.381939 28.141639 29.053948
      vertex 69.092980 27.793582 29.053829
      vertex 69.905492 27.488019 31.309248
    endloop
  endfacet
  facet normal -0.148418 0.971578 0.184415
    outer loop
      vertex 71.381939 28.141639 29.053948
      vertex 69.905492 27.488019 31.309248
      vertex 72.345653 27.859069 31.318253
    endloop
  endfacet
  facet normal 0.581142 0.800987 -0.143853
    outer loop
      vertex 74.182749 27.320413 29.847576
      vertex 71.298200 29.413263 29.847655
      vertex 72.102938 29.246492 32.170063
    endloop
  endfacet
  facet normal 0.580935 0.801089 -0.144124
    outer loop
      vertex 74.182749 27.320413 29.847576
      vertex 72.102938 29.246492 32.170063
      vertex 75.147518 27.037533 32.164030
    endloop
  endfacet
  facet normal -0.580843 -0.800576 0.147307
    outer loop
      vertex 68.961974 29.897416 29.054028
      vertex 71.381939 28.141639 29.053948
      vertex 72.345653 27.859069 31.318253
    endloop
  endfacet
  facet normal -0.580662 -0.800793 0.146841
    outer loop
      vertex 68.961974 29.897416 29.054028
      vertex 72.345653 27.859069 31.318253
      vertex 69.765832 29.730827 31.324287
    endloop
  endfacet
  facet normal 0.590677 0.793343 -0.147332
    outer loop
      vertex 71.298200 29.413263 29.847655
      vertex 68.283018 31.658208 29.847735
      vertex 68.920477 31.615982 32.176039
    endloop
  endfacet
  facet normal 0.590475 0.793439 -0.147629
    outer loop
      vertex 71.298200 29.413263 29.847655
      vertex 68.920477 31.615982 32.176039
      vertex 72.102938 29.246492 32.170063
    endloop
  endfacet
  facet normal -0.590360 -0.792918 0.150852
    outer loop
      vertex 66.432416 31.780791 29.054107
      vertex 68.961974 29.897416 29.054028
      vertex 69.765832 29.730827 31.324287
    endloop
  endfacet
  facet normal -0.590189 -0.793129 0.150410
    outer loop
      vertex 66.432416 31.780791 29.054107
      vertex 69.765832 29.730827 31.324287
      vertex 67.069178 31.738612 31.330262
    endloop
  endfacet
  facet normal 0.600919 0.785127 -0.149908
    outer loop
      vertex 68.283018 31.658208 29.847735
      vertex 65.049255 34.133273 29.847813
      vertex 65.507309 34.228362 32.181985
    endloop
  endfacet
  facet normal 0.600726 0.785213 -0.150231
    outer loop
      vertex 68.283018 31.658208 29.847735
      vertex 65.507309 34.228362 32.181985
      vertex 68.920477 31.615982 32.176039
    endloop
  endfacet
  facet normal -0.600586 -0.784693 0.153475
    outer loop
      vertex 63.719482 33.857224 29.054185
      vertex 66.432416 31.780791 29.054107
      vertex 67.069178 31.738612 31.330262
    endloop
  endfacet
  facet normal -0.600429 -0.784894 0.153058
    outer loop
      vertex 63.719482 33.857224 29.054185
      vertex 67.069178 31.738612 31.330262
      vertex 64.177035 33.952208 31.336208
    endloop
  endfacet
  facet normal 0.590909 0.793057 -0.147940
    outer loop
      vertex 65.049255 34.133273 29.847813
      vertex 61.380534 36.866858 29.847882
      vertex 61.635053 37.113602 32.187200
    endloop
  endfacet
  facet normal 0.590756 0.793116 -0.148239
    outer loop
      vertex 65.049255 34.133273 29.847813
      vertex 61.635053 37.113602 32.187200
      vertex 65.507309 34.228362 32.181985
    endloop
  endfacet
  facet normal -0.590595 -0.792637 0.151408
    outer loop
      vertex 60.641644 36.150539 29.054254
      vertex 63.719482 33.857224 29.054185
      vertex 64.177035 33.952208 31.336208
    endloop
  endfacet
  facet normal -0.590474 -0.792792 0.151071
    outer loop
      vertex 60.641644 36.150539 29.054254
      vertex 64.177035 33.952208 31.336208
      vertex 60.895884 36.397013 31.341424
    endloop
  endfacet
  facet normal 0.520179 0.841615 -0.145251
    outer loop
      vertex 61.380534 36.866858 29.847882
      vertex 57.290007 39.395101 29.847907
      vertex 57.317589 39.782109 32.189090
    endloop
  endfacet
  facet normal 0.520125 0.841630 -0.145362
    outer loop
      vertex 61.380534 36.866858 29.847882
      vertex 57.317589 39.782109 32.189090
      vertex 61.635053 37.113602 32.187200
    endloop
  endfacet
  facet normal -0.519929 -0.841212 0.148447
    outer loop
      vertex 57.209935 38.271584 29.054279
      vertex 60.641644 36.150539 29.054254
      vertex 60.895884 36.397013 31.341424
    endloop
  endfacet
  facet normal -0.519883 -0.841260 0.148334
    outer loop
      vertex 57.209935 38.271584 29.054279
      vertex 60.895884 36.397013 31.341424
      vertex 57.237487 38.658168 31.343314
    endloop
  endfacet
  facet normal 0.471849 0.868957 -0.149241
    outer loop
      vertex 57.290007 39.395101 29.847907
      vertex 53.477308 41.465420 29.847899
      vertex 53.293366 41.967286 32.188463
    endloop
  endfacet
  facet normal 0.471870 0.868952 -0.149201
    outer loop
      vertex 57.290007 39.395101 29.847907
      vertex 53.293366 41.967286 32.188463
      vertex 57.317589 39.782109 32.189090
    endloop
  endfacet
  facet normal -0.471622 -0.868538 0.152360
    outer loop
      vertex 54.011307 40.008458 29.054271
      vertex 57.209935 38.271584 29.054279
      vertex 57.237487 38.658168 31.343314
    endloop
  endfacet
  facet normal -0.471641 -0.868522 0.152396
    outer loop
      vertex 54.011307 40.008458 29.054271
      vertex 57.237487 38.658168 31.343314
      vertex 53.827567 40.509775 31.342686
    endloop
  endfacet
  facet normal 0.476520 0.866543 -0.148434
    outer loop
      vertex 53.477308 41.465420 29.847899
      vertex 50.045604 43.352541 29.847882
      vertex 49.671276 43.959102 32.187209
    endloop
  endfacet
  facet normal 0.476564 0.866532 -0.148350
    outer loop
      vertex 53.477308 41.465420 29.847899
      vertex 49.671276 43.959102 32.187209
      vertex 53.293366 41.967286 32.188463
    endloop
  endfacet
  facet normal -0.476296 -0.866135 0.151499
    outer loop
      vertex 51.132313 41.591640 29.054255
      vertex 54.011307 40.008458 29.054271
      vertex 53.827567 40.509775 31.342686
    endloop
  endfacet
  facet normal -0.476338 -0.866101 0.151565
    outer loop
      vertex 51.132313 41.591640 29.054255
      vertex 53.827567 40.509775 31.342686
      vertex 50.758394 42.197538 31.341433
    endloop
  endfacet
  facet normal 0.488695 0.860326 -0.144973
    outer loop
      vertex 50.045604 43.352541 29.847882
      vertex 46.859027 45.162624 29.847861
      vertex 46.307911 45.869606 32.185585
    endloop
  endfacet
  facet normal 0.488755 0.860310 -0.144860
    outer loop
      vertex 50.045604 43.352541 29.847882
      vertex 46.307911 45.869606 32.185585
      vertex 49.671276 43.959102 32.187209
    endloop
  endfacet
  facet normal -0.488477 -0.859942 0.147949
    outer loop
      vertex 48.458964 43.110192 29.054233
      vertex 51.132313 41.591640 29.054255
      vertex 50.758394 42.197538 31.341433
    endloop
  endfacet
  facet normal -0.488535 -0.859897 0.148025
    outer loop
      vertex 48.458964 43.110192 29.054233
      vertex 50.758394 42.197538 31.341433
      vertex 47.908451 43.816401 31.339809
    endloop
  endfacet
  facet normal -0.974966 -0.039195 -0.218874
    outer loop
      vertex 46.859027 45.162624 29.847861
      vertex 46.951798 42.855673 29.847735
      vertex 46.405829 43.434668 32.176045
    endloop
  endfacet
  facet normal -0.975131 -0.038358 -0.218285
    outer loop
      vertex 46.859027 45.162624 29.847861
      vertex 46.405829 43.434668 32.176045
      vertex 46.307911 45.869606 32.185585
    endloop
  endfacet
  facet normal 0.974138 0.039159 0.222535
    outer loop
      vertex 48.536793 41.174797 29.054107
      vertex 48.458964 43.110192 29.054233
      vertex 47.908451 43.816401 31.339809
    endloop
  endfacet
  facet normal 0.973920 0.038131 0.223664
    outer loop
      vertex 48.536793 41.174797 29.054107
      vertex 47.908451 43.816401 31.339809
      vertex 47.991422 41.753159 31.330268
    endloop
  endfacet
  facet normal -0.974691 -0.035920 -0.220651
    outer loop
      vertex 46.951798 42.855673 29.847735
      vertex 47.040264 40.456033 29.847589
      vertex 46.499204 40.901900 32.165061
    endloop
  endfacet
  facet normal -0.974894 -0.034987 -0.219904
    outer loop
      vertex 46.951798 42.855673 29.847735
      vertex 46.499204 40.901900 32.165061
      vertex 46.405829 43.434668 32.176045
    endloop
  endfacet
  facet normal 0.973877 0.035887 0.224223
    outer loop
      vertex 48.611011 39.161642 29.053962
      vertex 48.536793 41.174797 29.054107
      vertex 47.991422 41.753159 31.330268
    endloop
  endfacet
  facet normal 0.973632 0.034741 0.225462
    outer loop
      vertex 48.611011 39.161642 29.053962
      vertex 47.991422 41.753159 31.330268
      vertex 48.070543 39.607021 31.319284
    endloop
  endfacet
  facet normal -0.974445 -0.037570 -0.221461
    outer loop
      vertex 47.040264 40.456033 29.847589
      vertex 47.137159 37.943880 29.847423
      vertex 46.601474 38.250376 32.152478
    endloop
  endfacet
  facet normal -0.974695 -0.036548 -0.220531
    outer loop
      vertex 47.040264 40.456033 29.847589
      vertex 46.601474 38.250376 32.152478
      vertex 46.499204 40.901900 32.165061
    endloop
  endfacet
  facet normal 0.973654 0.037537 0.224918
    outer loop
      vertex 48.692301 37.054096 29.053795
      vertex 48.611011 39.161642 29.053962
      vertex 48.070543 39.607021 31.319284
    endloop
  endfacet
  facet normal 0.973390 0.036277 0.226265
    outer loop
      vertex 48.692301 37.054096 29.053795
      vertex 48.070543 39.607021 31.319284
      vertex 48.157202 37.360256 31.306701
    endloop
  endfacet
  facet normal -0.973990 -0.049472 -0.221123
    outer loop
      vertex 47.137159 37.943880 29.847423
      vertex 47.271161 35.306540 29.847234
      vertex 46.742910 35.466720 32.138209
    endloop
  endfacet
  facet normal -0.974302 -0.048376 -0.219991
    outer loop
      vertex 47.137159 37.943880 29.847423
      vertex 46.742910 35.466720 32.138209
      vertex 46.601474 38.250376 32.152478
    endloop
  endfacet
  facet normal 0.973233 0.049430 0.224440
    outer loop
      vertex 48.804720 34.841525 29.053606
      vertex 48.692301 37.054096 29.053795
      vertex 48.157202 37.360256 31.306701
    endloop
  endfacet
  facet normal 0.972967 0.048069 0.225885
    outer loop
      vertex 48.804720 34.841525 29.053606
      vertex 48.157202 37.360256 31.306701
      vertex 48.277047 35.001529 31.292433
    endloop
  endfacet
  facet normal -0.972388 -0.076915 -0.220332
    outer loop
      vertex 47.271161 35.306540 29.847234
      vertex 47.488197 32.563302 29.847025
      vertex 46.971987 32.571290 32.122422
    endloop
  endfacet
  facet normal -0.972778 -0.075769 -0.219004
    outer loop
      vertex 47.271161 35.306540 29.847234
      vertex 46.971987 32.571290 32.122422
      vertex 46.742910 35.466720 32.138209
    endloop
  endfacet
  facet normal 0.971665 0.076855 0.223521
    outer loop
      vertex 48.986800 32.540111 29.053397
      vertex 48.804720 34.841525 29.053606
      vertex 48.277047 35.001529 31.292433
    endloop
  endfacet
  facet normal 0.971428 0.075408 0.225036
    outer loop
      vertex 48.986800 32.540111 29.053397
      vertex 48.277047 35.001529 31.292433
      vertex 48.471155 32.548090 31.276646
    endloop
  endfacet
  facet normal -0.968232 -0.117275 -0.220849
    outer loop
      vertex 47.488197 32.563302 29.847025
      vertex 47.824206 29.789606 29.846804
      vertex 47.326637 29.643713 32.105687
    endloop
  endfacet
  facet normal -0.968712 -0.116097 -0.219360
    outer loop
      vertex 47.488197 32.563302 29.847025
      vertex 47.326637 29.643713 32.105687
      vertex 46.971987 32.571290 32.122422
    endloop
  endfacet
  facet normal 0.967523 0.117186 0.223980
    outer loop
      vertex 49.268692 30.213145 29.053176
      vertex 48.986800 32.540111 29.053397
      vertex 48.471155 32.548090 31.276646
    endloop
  endfacet
  facet normal 0.967349 0.115665 0.225515
    outer loop
      vertex 49.268692 30.213145 29.053176
      vertex 48.471155 32.548090 31.276646
      vertex 48.771667 30.067412 31.259910
    endloop
  endfacet
  facet normal -0.962068 -0.156204 -0.223662
    outer loop
      vertex 47.824206 29.789606 29.846804
      vertex 48.263288 27.085602 29.846579
      vertex 47.790079 26.789695 32.088716
    endloop
  endfacet
  facet normal -0.962637 -0.154995 -0.222052
    outer loop
      vertex 47.824206 29.789606 29.846804
      vertex 47.790079 26.789695 32.088716
      vertex 47.326637 29.643713 32.105687
    endloop
  endfacet
  facet normal 0.961346 0.156083 0.226832
    outer loop
      vertex 49.637055 27.944647 29.052952
      vertex 49.268692 30.213145 29.053176
      vertex 48.771667 30.067412 31.259910
    endloop
  endfacet
  facet normal 0.961249 0.154487 0.228329
    outer loop
      vertex 49.637055 27.944647 29.052952
      vertex 48.771667 30.067412 31.259910
      vertex 49.164364 27.649063 31.242940
    endloop
  endfacet
  facet normal -0.956835 -0.180868 -0.227494
    outer loop
      vertex 48.263288 27.085602 29.846579
      vertex 48.750591 24.507938 29.846357
      vertex 48.304417 24.069026 32.071912
    endloop
  endfacet
  facet normal -0.957476 -0.179615 -0.225783
    outer loop
      vertex 48.263288 27.085602 29.846579
      vertex 48.304417 24.069026 32.071912
      vertex 47.790079 26.789695 32.088716
    endloop
  endfacet
  facet normal 0.956082 0.180722 0.230755
    outer loop
      vertex 50.045874 25.782141 29.052729
      vertex 49.637055 27.944647 29.052952
      vertex 49.164364 27.649063 31.242940
    endloop
  endfacet
  facet normal 0.956054 0.179048 0.232170
    outer loop
      vertex 50.045874 25.782141 29.052729
      vertex 49.164364 27.649063 31.242940
      vertex 49.600188 25.343708 31.226135
    endloop
  endfacet
  facet normal 0.008544 -0.984714 -0.173967
    outer loop
      vertex 48.304417 24.069026 32.071912
      vertex 51.676202 24.096347 32.082861
      vertex 51.441152 23.714003 34.235515
    endloop
  endfacet
  facet normal 0.009631 -0.984433 -0.175497
    outer loop
      vertex 48.304417 24.069026 32.071912
      vertex 51.441152 23.714003 34.235515
      vertex 47.914472 23.685427 34.202267
    endloop
  endfacet
  facet normal -0.008657 0.983846 0.178809
    outer loop
      vertex 52.457266 25.366859 31.237084
      vertex 49.600188 25.343708 31.226135
      vertex 49.211114 24.960966 33.313224
    endloop
  endfacet
  facet normal -0.009928 0.984181 0.176888
    outer loop
      vertex 52.457266 25.366859 31.237084
      vertex 49.211114 24.960966 33.313224
      vertex 52.222740 24.985369 33.346473
    endloop
  endfacet
  facet normal 0.027072 -0.985047 -0.170145
    outer loop
      vertex 51.676202 24.096347 32.082861
      vertex 55.308615 24.194135 32.094672
      vertex 55.240431 23.816284 34.271383
    endloop
  endfacet
  facet normal 0.028132 -0.984725 -0.171830
    outer loop
      vertex 51.676202 24.096347 32.082861
      vertex 55.240431 23.816284 34.271383
      vertex 51.441152 23.714003 34.235515
    endloop
  endfacet
  facet normal -0.027167 0.984198 0.174975
    outer loop
      vertex 55.535185 25.449720 31.248895
      vertex 52.457266 25.366859 31.237084
      vertex 52.222740 24.985369 33.346473
    endloop
  endfacet
  facet normal -0.028417 0.984500 0.173068
    outer loop
      vertex 55.535185 25.449720 31.248895
      vertex 52.222740 24.985369 33.346473
      vertex 55.467154 25.072712 33.382341
    endloop
  endfacet
  facet normal 0.080513 -0.982819 -0.166086
    outer loop
      vertex 55.308615 24.194135 32.094672
      vertex 59.094900 24.502088 32.107826
      vertex 59.200652 24.138383 34.311330
    endloop
  endfacet
  facet normal 0.081597 -0.982408 -0.167978
    outer loop
      vertex 55.308615 24.194135 32.094672
      vertex 59.200652 24.138383 34.311330
      vertex 55.240431 23.816284 34.271383
    endloop
  endfacet
  facet normal -0.080569 0.981978 0.170959
    outer loop
      vertex 58.743488 25.710663 31.262050
      vertex 55.535185 25.449720 31.248895
      vertex 55.467154 25.072712 33.382341
    endloop
  endfacet
  facet normal -0.081883 0.982209 0.168998
    outer loop
      vertex 58.743488 25.710663 31.262050
      vertex 55.467154 25.072712 33.382341
      vertex 58.849005 25.347771 33.422287
    endloop
  endfacet
  facet normal 0.138958 -0.976322 -0.165792
    outer loop
      vertex 59.094900 24.502088 32.107826
      vertex 62.742684 25.018973 32.121356
      vertex 63.016010 24.679013 34.352414
    endloop
  endfacet
  facet normal 0.140079 -0.975820 -0.167789
    outer loop
      vertex 59.094900 24.502088 32.107826
      vertex 63.016010 24.679013 34.352414
      vertex 59.200652 24.138383 34.311330
    endloop
  endfacet
  facet normal -0.138971 0.975481 0.170656
    outer loop
      vertex 61.834433 26.148645 31.275579
      vertex 58.743488 25.710663 31.262050
      vertex 58.849005 25.347771 33.422287
    endloop
  endfacet
  facet normal -0.140370 0.975611 0.168758
    outer loop
      vertex 61.834433 26.148645 31.275579
      vertex 58.849005 25.347771 33.422287
      vertex 62.107149 25.809445 33.463372
    endloop
  endfacet
  facet normal 0.164078 -0.972311 -0.166399
    outer loop
      vertex 62.742684 25.018973 32.121356
      vertex 66.119423 25.586658 32.133873
      vertex 66.547870 25.272777 34.390428
    endloop
  endfacet
  facet normal 0.165186 -0.971794 -0.168315
    outer loop
      vertex 62.742684 25.018973 32.121356
      vertex 66.547870 25.272777 34.390428
      vertex 63.016010 24.679013 34.352414
    endloop
  endfacet
  facet normal -0.164074 0.971500 0.171076
    outer loop
      vertex 64.695708 26.629672 31.288097
      vertex 61.834433 26.148645 31.275579
      vertex 62.107149 25.809445 33.463372
    endloop
  endfacet
  facet normal -0.165469 0.971551 0.169434
    outer loop
      vertex 64.695708 26.629672 31.288097
      vertex 62.107149 25.809445 33.463372
      vertex 65.123199 26.316492 33.501385
    endloop
  endfacet
  facet normal 0.164508 -0.972497 -0.164882
    outer loop
      vertex 66.119423 25.586658 32.133873
      vertex 69.272826 26.118194 32.145042
      vertex 69.846136 25.828731 34.424343
    endloop
  endfacet
  facet normal 0.165557 -0.972020 -0.166639
    outer loop
      vertex 66.119423 25.586658 32.133873
      vertex 69.846136 25.828731 34.424343
      vertex 66.547870 25.272777 34.390428
    endloop
  endfacet
  facet normal -0.164504 0.971743 0.169275
    outer loop
      vertex 67.367740 27.080069 31.299265
      vertex 64.695708 26.629672 31.288097
      vertex 65.123199 26.316492 33.501385
    endloop
  endfacet
  facet normal -0.165820 0.971752 0.167937
    outer loop
      vertex 67.367740 27.080069 31.299265
      vertex 65.123199 26.316492 33.501385
      vertex 67.939770 26.791252 33.535300
    endloop
  endfacet
  facet normal 0.157149 -0.974224 -0.161839
    outer loop
      vertex 69.272826 26.118194 32.145042
      vertex 72.267758 26.599638 32.155024
      vertex 72.978650 26.332291 34.454657
    endloop
  endfacet
  facet normal 0.158123 -0.973799 -0.163441
    outer loop
      vertex 69.272826 26.118194 32.145042
      vertex 72.978650 26.332291 34.454657
      vertex 69.846136 25.828731 34.424343
    endloop
  endfacet
  facet normal -0.157151 0.973532 0.165949
    outer loop
      vertex 69.905492 27.488019 31.309248
      vertex 67.367740 27.080069 31.299265
      vertex 67.939770 26.791252 33.535300
    endloop
  endfacet
  facet normal -0.158364 0.973518 0.164873
    outer loop
      vertex 69.905492 27.488019 31.309248
      vertex 67.939770 26.791252 33.535300
      vertex 70.614796 27.221270 33.565615
    endloop
  endfacet
  facet normal 0.148920 -0.976100 -0.158280
    outer loop
      vertex 72.267758 26.599638 32.155024
      vertex 75.147518 27.037533 32.164030
      vertex 75.990702 26.790302 34.482005
    endloop
  endfacet
  facet normal 0.149818 -0.975723 -0.159748
    outer loop
      vertex 72.267758 26.599638 32.155024
      vertex 75.990702 26.790302 34.482005
      vertex 72.978650 26.332291 34.454657
    endloop
  endfacet
  facet normal -0.148927 0.975465 0.162136
    outer loop
      vertex 72.345653 27.859069 31.318253
      vertex 69.905492 27.488019 31.309248
      vertex 70.614796 27.221270 33.565615
    endloop
  endfacet
  facet normal -0.150039 0.975438 0.161272
    outer loop
      vertex 72.345653 27.859069 31.318253
      vertex 70.614796 27.221270 33.565615
      vertex 73.186953 27.612391 33.592963
    endloop
  endfacet
  facet normal 0.582443 0.803116 -0.125559
    outer loop
      vertex 75.147518 27.037533 32.164030
      vertex 72.102938 29.246492 32.170063
      vertex 72.806259 29.100737 34.500327
    endloop
  endfacet
  facet normal 0.582093 0.803291 -0.126064
    outer loop
      vertex 75.147518 27.037533 32.164030
      vertex 72.806259 29.100737 34.500327
      vertex 75.990702 26.790302 34.482005
    endloop
  endfacet
  facet normal -0.582206 -0.802860 0.128263
    outer loop
      vertex 69.765832 29.730827 31.324287
      vertex 72.345653 27.859069 31.318253
      vertex 73.186953 27.612391 33.592963
    endloop
  endfacet
  facet normal -0.581899 -0.803208 0.127476
    outer loop
      vertex 69.765832 29.730827 31.324287
      vertex 73.186953 27.612391 33.592963
      vertex 70.467582 29.585398 33.611285
    endloop
  endfacet
  facet normal 0.592107 0.795582 -0.128293
    outer loop
      vertex 72.102938 29.246492 32.170063
      vertex 68.920477 31.615982 32.176039
      vertex 69.477601 31.579079 34.518472
    endloop
  endfacet
  facet normal 0.591768 0.795746 -0.128835
    outer loop
      vertex 72.102938 29.246492 32.170063
      vertex 69.477601 31.579079 34.518472
      vertex 72.806259 29.100737 34.500327
    endloop
  endfacet
  facet normal -0.591861 -0.795318 0.131035
    outer loop
      vertex 67.069178 31.738612 31.330262
      vertex 69.765832 29.730827 31.324287
      vertex 70.467582 29.585398 33.611285
    endloop
  endfacet
  facet normal -0.591572 -0.795656 0.130284
    outer loop
      vertex 67.069178 31.738612 31.330262
      vertex 70.467582 29.585398 33.611285
      vertex 67.625057 31.701791 33.629430
    endloop
  endfacet
  facet normal 0.602470 0.787446 -0.130227
    outer loop
      vertex 68.920477 31.615982 32.176039
      vertex 65.507309 34.228362 32.181985
      vertex 65.907637 34.311466 34.536529
    endloop
  endfacet
  facet normal 0.602150 0.787595 -0.130807
    outer loop
      vertex 68.920477 31.615982 32.176039
      vertex 65.907637 34.311466 34.536529
      vertex 69.477601 31.579079 34.518472
    endloop
  endfacet
  facet normal -0.602218 -0.787176 0.132994
    outer loop
      vertex 64.177035 33.952208 31.336208
      vertex 67.069178 31.738612 31.330262
      vertex 67.625057 31.701791 33.629430
    endloop
  endfacet
  facet normal -0.601954 -0.787498 0.132282
    outer loop
      vertex 64.177035 33.952208 31.336208
      vertex 67.625057 31.701791 33.629430
      vertex 64.576469 34.035127 33.647487
    endloop
  endfacet
  facet normal 0.592441 0.795342 -0.128236
    outer loop
      vertex 65.507309 34.228362 32.181985
      vertex 61.635053 37.113602 32.187200
      vertex 61.857496 37.329251 34.552367
    endloop
  endfacet
  facet normal 0.592188 0.795446 -0.128762
    outer loop
      vertex 65.507309 34.228362 32.181985
      vertex 61.857496 37.329251 34.552367
      vertex 65.907637 34.311466 34.536529
    endloop
  endfacet
  facet normal -0.592213 -0.795083 0.130870
    outer loop
      vertex 60.895884 36.397013 31.341424
      vertex 64.177035 33.952208 31.336208
      vertex 64.576469 34.035127 33.647487
    endloop
  endfacet
  facet normal -0.592009 -0.795330 0.130291
    outer loop
      vertex 60.895884 36.397013 31.341424
      vertex 64.576469 34.035127 33.647487
      vertex 61.117830 36.612179 33.663325
    endloop
  endfacet
  facet normal 0.521539 0.843904 -0.125795
    outer loop
      vertex 61.635053 37.113602 32.187200
      vertex 57.317589 39.782109 32.189090
      vertex 57.341695 40.120344 34.558107
    endloop
  endfacet
  facet normal 0.521450 0.843930 -0.125989
    outer loop
      vertex 61.635053 37.113602 32.187200
      vertex 57.341695 40.120344 34.558107
      vertex 61.857496 37.329251 34.552367
    endloop
  endfacet
  facet normal -0.521381 -0.843666 0.128019
    outer loop
      vertex 57.237487 38.658168 31.343314
      vertex 60.895884 36.397013 31.341424
      vertex 61.117830 36.612179 33.663325
    endloop
  endfacet
  facet normal -0.521304 -0.843743 0.127823
    outer loop
      vertex 57.237487 38.658168 31.343314
      vertex 61.117830 36.612179 33.663325
      vertex 57.261539 38.995647 33.669064
    endloop
  endfacet
  facet normal 0.473203 0.871413 -0.129299
    outer loop
      vertex 57.317589 39.782109 32.189090
      vertex 53.293366 41.967286 32.188463
      vertex 53.132605 42.405905 34.556201
    endloop
  endfacet
  facet normal 0.473237 0.871405 -0.129230
    outer loop
      vertex 57.317589 39.782109 32.189090
      vertex 53.132605 42.405905 34.556201
      vertex 57.341695 40.120344 34.558107
    endloop
  endfacet
  facet normal -0.473080 -0.871180 0.131305
    outer loop
      vertex 53.827567 40.509775 31.342686
      vertex 57.237487 38.658168 31.343314
      vertex 57.261539 38.995647 33.669064
    endloop
  endfacet
  facet normal -0.473111 -0.871153 0.131369
    outer loop
      vertex 53.827567 40.509775 31.342686
      vertex 57.261539 38.995647 33.669064
      vertex 53.667165 40.947414 33.667159
    endloop
  endfacet
  facet normal 0.477886 0.868948 -0.128660
    outer loop
      vertex 53.293366 41.967286 32.188463
      vertex 49.671276 43.959102 32.187209
      vertex 49.344123 44.489222 34.552394
    endloop
  endfacet
  facet normal 0.477960 0.868929 -0.128516
    outer loop
      vertex 53.293366 41.967286 32.188463
      vertex 49.344123 44.489222 34.552394
      vertex 53.132605 42.405905 34.556201
    endloop
  endfacet
  facet normal -0.477771 -0.868724 0.130590
    outer loop
      vertex 50.758394 42.197538 31.341433
      vertex 53.827567 40.509775 31.342686
      vertex 53.667165 40.947414 33.667159
    endloop
  endfacet
  facet normal -0.477841 -0.868668 0.130707
    outer loop
      vertex 50.758394 42.197538 31.341433
      vertex 53.667165 40.947414 33.667159
      vertex 50.431971 42.726473 33.663352
    endloop
  endfacet
  facet normal 0.490039 0.862586 -0.125725
    outer loop
      vertex 49.671276 43.959102 32.187209
      vertex 46.307911 45.869606 32.185585
      vertex 45.826250 46.487491 34.547464
    endloop
  endfacet
  facet normal 0.490138 0.862558 -0.125533
    outer loop
      vertex 49.671276 43.959102 32.187209
      vertex 45.826250 46.487491 34.547464
      vertex 49.344123 44.489222 34.552394
    endloop
  endfacet
  facet normal -0.489931 -0.862376 0.127574
    outer loop
      vertex 47.908451 43.816401 31.339809
      vertex 50.758394 42.197538 31.341433
      vertex 50.431971 42.726473 33.663352
    endloop
  endfacet
  facet normal -0.490026 -0.862302 0.127712
    outer loop
      vertex 47.908451 43.816401 31.339809
      vertex 50.431971 42.726473 33.663352
      vertex 47.427866 44.432905 33.658421
    endloop
  endfacet
  facet normal -0.980745 -0.038689 -0.191423
    outer loop
      vertex 46.307911 45.869606 32.185585
      vertex 46.405829 43.434668 32.176045
      vertex 45.928666 43.940696 34.518491
    endloop
  endfacet
  facet normal -0.981017 -0.037285 -0.190306
    outer loop
      vertex 46.307911 45.869606 32.185585
      vertex 45.928666 43.940696 34.518491
      vertex 45.826250 46.487491 34.547464
    endloop
  endfacet
  facet normal 0.980447 0.038535 0.192974
    outer loop
      vertex 47.991422 41.753159 31.330268
      vertex 47.908451 43.816401 31.339809
      vertex 47.427866 44.432905 33.658421
    endloop
  endfacet
  facet normal 0.980137 0.036819 0.194874
    outer loop
      vertex 47.991422 41.753159 31.330268
      vertex 47.427866 44.432905 33.658421
      vertex 47.515325 42.258057 33.629448
    endloop
  endfacet
  facet normal -0.980388 -0.035303 -0.193891
    outer loop
      vertex 46.405829 43.434668 32.176045
      vertex 46.499204 40.901900 32.165061
      vertex 46.026330 41.291576 34.485136
    endloop
  endfacet
  facet normal -0.980719 -0.033732 -0.192488
    outer loop
      vertex 46.405829 43.434668 32.176045
      vertex 46.026330 41.291576 34.485136
      vertex 45.928666 43.940696 34.518491
    endloop
  endfacet
  facet normal 0.980126 0.035135 0.195242
    outer loop
      vertex 48.070543 39.607021 31.319284
      vertex 47.991422 41.753159 31.330268
      vertex 47.515325 42.258057 33.629448
    endloop
  endfacet
  facet normal 0.979768 0.033211 0.197363
    outer loop
      vertex 48.070543 39.607021 31.319284
      vertex 47.515325 42.258057 33.629448
      vertex 47.598725 39.995827 33.596093
    endloop
  endfacet
  facet normal -0.979979 -0.036870 -0.195657
    outer loop
      vertex 46.499204 40.901900 32.165061
      vertex 46.601474 38.250376 32.152478
      vertex 46.133299 38.518246 34.446925
    endloop
  endfacet
  facet normal -0.980388 -0.035142 -0.193918
    outer loop
      vertex 46.499204 40.901900 32.165061
      vertex 46.133299 38.518246 34.446925
      vertex 46.026330 41.291576 34.485136
    endloop
  endfacet
  facet normal 0.979763 0.036688 0.196769
    outer loop
      vertex 48.157202 37.360256 31.306701
      vertex 48.070543 39.607021 31.319284
      vertex 47.598725 39.995827 33.596093
    endloop
  endfacet
  facet normal 0.979366 0.034562 0.199119
    outer loop
      vertex 48.157202 37.360256 31.306701
      vertex 47.598725 39.995827 33.596093
      vertex 47.690072 37.627527 33.557883
    endloop
  endfacet
  facet normal -0.979279 -0.048749 -0.196561
    outer loop
      vertex 46.601474 38.250376 32.152478
      vertex 46.742910 35.466720 32.138209
      vertex 46.281232 35.606713 34.403595
    endloop
  endfacet
  facet normal -0.979791 -0.046889 -0.194449
    outer loop
      vertex 46.601474 38.250376 32.152478
      vertex 46.281232 35.606713 34.403595
      vertex 46.133299 38.518246 34.446925
    endloop
  endfacet
  facet normal 0.979119 0.048554 0.197407
    outer loop
      vertex 48.277047 35.001529 31.292433
      vertex 48.157202 37.360256 31.306701
      vertex 47.690072 37.627527 33.557883
    endloop
  endfacet
  facet normal 0.978708 0.046242 0.199980
    outer loop
      vertex 48.277047 35.001529 31.292433
      vertex 47.690072 37.627527 33.557883
      vertex 47.816400 35.141209 33.514553
    endloop
  endfacet
  facet normal -0.977391 -0.076253 -0.197213
    outer loop
      vertex 46.742910 35.466720 32.138209
      vertex 46.971987 32.571290 32.122422
      vertex 46.520832 32.578272 34.355655
    endloop
  endfacet
  facet normal -0.978039 -0.074297 -0.194730
    outer loop
      vertex 46.742910 35.466720 32.138209
      vertex 46.520832 32.578272 34.355655
      vertex 46.281232 35.606713 34.403595
    endloop
  endfacet
  facet normal 0.977286 0.076047 0.197812
    outer loop
      vertex 48.471155 32.548090 31.276646
      vertex 48.277047 35.001529 31.292433
      vertex 47.816400 35.141209 33.514553
    endloop
  endfacet
  facet normal 0.976913 0.073572 0.200570
    outer loop
      vertex 48.471155 32.548090 31.276646
      vertex 47.816400 35.141209 33.514553
      vertex 48.021008 32.555056 33.466612
    endloop
  endfacet
  facet normal -0.972988 -0.116731 -0.199168
    outer loop
      vertex 46.971987 32.571290 32.122422
      vertex 47.326637 29.643713 32.105687
      vertex 46.891775 29.516207 34.304833
    endloop
  endfacet
  facet normal -0.973798 -0.114708 -0.196367
    outer loop
      vertex 46.971987 32.571290 32.122422
      vertex 46.891775 29.516207 34.304833
      vertex 46.520832 32.578272 34.355655
    endloop
  endfacet
  facet normal 0.972923 0.116514 0.199613
    outer loop
      vertex 48.771667 30.067412 31.259910
      vertex 48.471155 32.548090 31.276646
      vertex 48.021008 32.555056 33.466612
    endloop
  endfacet
  facet normal 0.972642 0.113892 0.202474
    outer loop
      vertex 48.771667 30.067412 31.259910
      vertex 48.021008 32.555056 33.466612
      vertex 48.337776 29.940190 33.415790
    endloop
  endfacet
  facet normal -0.966648 -0.155758 -0.203301
    outer loop
      vertex 47.326637 29.643713 32.105687
      vertex 47.790079 26.789695 32.088716
      vertex 47.376506 26.531079 34.253297
    endloop
  endfacet
  facet normal -0.967619 -0.153667 -0.200248
    outer loop
      vertex 47.326637 29.643713 32.105687
      vertex 47.376506 26.531079 34.253297
      vertex 46.891775 29.516207 34.304833
    endloop
  endfacet
  facet normal 0.966598 0.155529 0.203715
    outer loop
      vertex 49.164364 27.649063 31.242940
      vertex 48.771667 30.067412 31.259910
      vertex 48.337776 29.940190 33.415790
    endloop
  endfacet
  facet normal 0.966433 0.152755 0.206577
    outer loop
      vertex 49.164364 27.649063 31.242940
      vertex 48.337776 29.940190 33.415790
      vertex 48.751715 27.391026 33.364255
    endloop
  endfacet
  facet normal -0.961247 -0.180435 -0.208439
    outer loop
      vertex 47.790079 26.789695 32.088716
      vertex 48.304417 24.069026 32.071912
      vertex 47.914472 23.685427 34.202267
    endloop
  endfacet
  facet normal -0.962357 -0.178253 -0.205168
    outer loop
      vertex 47.790079 26.789695 32.088716
      vertex 47.914472 23.685427 34.202267
      vertex 47.376506 26.531079 34.253297
    endloop
  endfacet
  facet normal 0.961194 0.180189 0.208895
    outer loop
      vertex 49.600188 25.343708 31.226135
      vertex 49.164364 27.649063 31.242940
      vertex 48.751715 27.391026 33.364255
    endloop
  endfacet
  facet normal 0.961131 0.177255 0.211679
    outer loop
      vertex 49.600188 25.343708 31.226135
      vertex 48.751715 27.391026 33.364255
      vertex 49.211114 24.960966 33.313224
    endloop
  endfacet
  facet normal 0.009349 -0.989997 -0.140778
    outer loop
      vertex 47.914472 23.685427 34.202267
      vertex 51.441152 23.714003 34.235515
      vertex 51.255083 23.411335 36.351620
    endloop
  endfacet
  facet normal 0.010322 -0.989775 -0.142262
    outer loop
      vertex 47.914472 23.685427 34.202267
      vertex 51.255083 23.411335 36.351620
      vertex 47.605787 23.381766 36.292558
    endloop
  endfacet
  facet normal -0.009618 0.989385 0.145001
    outer loop
      vertex 52.222740 24.985369 33.346473
      vertex 49.211114 24.960966 33.313224
      vertex 48.901531 24.656421 35.370686
    endloop
  endfacet
  facet normal -0.010718 0.989630 0.143236
    outer loop
      vertex 52.222740 24.985369 33.346473
      vertex 48.901531 24.656421 35.370686
      vertex 52.036130 24.681821 35.429748
    endloop
  endfacet
  facet normal 0.027952 -0.990117 -0.137432
    outer loop
      vertex 51.441152 23.714003 34.235515
      vertex 55.240431 23.816284 34.271383
      vertex 55.186457 23.517172 36.415333
    endloop
  endfacet
  facet normal 0.028902 -0.989865 -0.139040
    outer loop
      vertex 51.441152 23.714003 34.235515
      vertex 55.186457 23.517172 36.415333
      vertex 51.255083 23.411335 36.351620
    endloop
  endfacet
  facet normal -0.028205 0.989514 0.141653
    outer loop
      vertex 55.467154 25.072712 33.382341
      vertex 52.222740 24.985369 33.346473
      vertex 52.036130 24.681821 35.429748
    endloop
  endfacet
  facet normal -0.029284 0.989734 0.139887
    outer loop
      vertex 55.467154 25.072712 33.382341
      vertex 52.036130 24.681821 35.429748
      vertex 55.413022 24.772730 35.493461
    endloop
  endfacet
  facet normal 0.081678 -0.987626 -0.133882
    outer loop
      vertex 55.240431 23.816284 34.271383
      vertex 59.200652 24.138383 34.311330
      vertex 59.284367 23.850471 36.486292
    endloop
  endfacet
  facet normal 0.082650 -0.987302 -0.135662
    outer loop
      vertex 55.240431 23.816284 34.271383
      vertex 59.284367 23.850471 36.486292
      vertex 55.186457 23.517172 36.415333
    endloop
  endfacet
  facet normal -0.081910 0.987018 0.138151
    outer loop
      vertex 58.849005 25.347771 33.422287
      vertex 55.467154 25.072712 33.382341
      vertex 55.413022 24.772730 35.493461
    endloop
  endfacet
  facet normal -0.083039 0.987178 0.136322
    outer loop
      vertex 58.849005 25.347771 33.422287
      vertex 55.413022 24.772730 35.493461
      vertex 58.932963 25.059020 35.564420
    endloop
  endfacet
  facet normal 0.140451 -0.981059 -0.133406
    outer loop
      vertex 59.200652 24.138383 34.311330
      vertex 63.016010 24.679013 34.352414
      vertex 63.232377 24.409897 36.559273
    endloop
  endfacet
  facet normal 0.141458 -0.980660 -0.135261
    outer loop
      vertex 59.200652 24.138383 34.311330
      vertex 63.232377 24.409897 36.559273
      vertex 59.284367 23.850471 36.486292
    endloop
  endfacet
  facet normal -0.140663 0.980439 0.137672
    outer loop
      vertex 62.107149 25.809445 33.463372
      vertex 58.849005 25.347771 33.422287
      vertex 58.932963 25.059020 35.564420
    endloop
  endfacet
  facet normal -0.141862 0.980515 0.135888
    outer loop
      vertex 62.107149 25.809445 33.463372
      vertex 58.932963 25.059020 35.564420
      vertex 62.324146 25.539545 35.637401
    endloop
  endfacet
  facet normal 0.165701 -0.977073 -0.133688
    outer loop
      vertex 63.016010 24.679013 34.352414
      vertex 66.547870 25.272777 34.390428
      vertex 66.887035 25.024305 36.626797
    endloop
  endfacet
  facet normal 0.166695 -0.976662 -0.135443
    outer loop
      vertex 63.016010 24.679013 34.352414
      vertex 66.887035 25.024305 36.626797
      vertex 63.232377 24.409897 36.559273
    endloop
  endfacet
  facet normal -0.165897 0.976470 0.137785
    outer loop
      vertex 65.123199 26.316492 33.501385
      vertex 62.107149 25.809445 33.463372
      vertex 62.324146 25.539545 35.637401
    endloop
  endfacet
  facet normal -0.167093 0.976485 0.136223
    outer loop
      vertex 65.123199 26.316492 33.501385
      vertex 62.324146 25.539545 35.637401
      vertex 65.463350 26.067297 35.704926
    endloop
  endfacet
  facet normal 0.166077 -0.977201 -0.132271
    outer loop
      vertex 66.547870 25.272777 34.390428
      vertex 69.846136 25.828731 34.424343
      vertex 70.299975 25.599589 36.687042
    endloop
  endfacet
  facet normal 0.167016 -0.976825 -0.133860
    outer loop
      vertex 66.547870 25.272777 34.390428
      vertex 70.299975 25.599589 36.687042
      vertex 66.887035 25.024305 36.626797
    endloop
  endfacet
  facet normal -0.166261 0.976643 0.136112
    outer loop
      vertex 67.939770 26.791252 33.535300
      vertex 65.123199 26.316492 33.501385
      vertex 65.463350 26.067297 35.704926
    endloop
  endfacet
  facet normal -0.167391 0.976629 0.134819
    outer loop
      vertex 67.939770 26.791252 33.535300
      vertex 65.463350 26.067297 35.704926
      vertex 68.394929 26.561443 35.765170
    endloop
  endfacet
  facet normal 0.158599 -0.978795 -0.129645
    outer loop
      vertex 69.846136 25.828731 34.424343
      vertex 72.978650 26.332291 34.454657
      vertex 73.541401 26.120657 36.740891
    endloop
  endfacet
  facet normal 0.159468 -0.978463 -0.131074
    outer loop
      vertex 69.846136 25.828731 34.424343
      vertex 73.541401 26.120657 36.740891
      vertex 70.299975 25.599589 36.687042
    endloop
  endfacet
  facet normal -0.158772 0.978285 0.133230
    outer loop
      vertex 70.614796 27.221270 33.565615
      vertex 67.939770 26.791252 33.535300
      vertex 68.394929 26.561443 35.765170
    endloop
  endfacet
  facet normal -0.159814 0.978259 0.132170
    outer loop
      vertex 70.614796 27.221270 33.565615
      vertex 68.394929 26.561443 35.765170
      vertex 71.179184 27.009019 35.819020
    endloop
  endfacet
  facet normal 0.150245 -0.980506 -0.126624
    outer loop
      vertex 72.978650 26.332291 34.454657
      vertex 75.990702 26.790302 34.482005
      vertex 76.658176 26.594592 36.789471
    endloop
  endfacet
  facet normal 0.151045 -0.980216 -0.127917
    outer loop
      vertex 72.978650 26.332291 34.454657
      vertex 76.658176 26.594592 36.789471
      vertex 73.541401 26.120657 36.740891
    endloop
  endfacet
  facet normal -0.150407 0.980042 0.129982
    outer loop
      vertex 73.186953 27.612391 33.592963
      vertex 70.614796 27.221270 33.565615
      vertex 71.179184 27.009019 35.819020
    endloop
  endfacet
  facet normal -0.151363 0.980010 0.129111
    outer loop
      vertex 73.186953 27.612391 33.592963
      vertex 71.179184 27.009019 35.819020
      vertex 73.856370 27.416111 35.867599
    endloop
  endfacet
  facet normal 0.583933 0.805620 -0.099994
    outer loop
      vertex 75.990702 26.790302 34.482005
      vertex 72.806259 29.100737 34.500327
      vertex 73.363016 28.985357 36.822017
    endloop
  endfacet
  facet normal 0.583630 0.805778 -0.100482
    outer loop
      vertex 75.990702 26.790302 34.482005
      vertex 73.363016 28.985357 36.822017
      vertex 76.658176 26.594592 36.789471
    endloop
  endfacet
  facet normal -0.583722 -0.805486 0.102281
    outer loop
      vertex 70.467582 29.585398 33.611285
      vertex 73.186953 27.612391 33.592963
      vertex 73.856370 27.416111 35.867599
    endloop
  endfacet
  facet normal -0.583449 -0.805770 0.101598
    outer loop
      vertex 70.467582 29.585398 33.611285
      vertex 73.856370 27.416111 35.867599
      vertex 71.025959 29.469682 35.900145
    endloop
  endfacet
  facet normal 0.593717 0.798168 -0.102119
    outer loop
      vertex 72.806259 29.100737 34.500327
      vertex 69.477601 31.579079 34.518472
      vertex 69.918627 31.549865 36.854248
    endloop
  endfacet
  facet normal 0.593425 0.798319 -0.102633
    outer loop
      vertex 72.806259 29.100737 34.500327
      vertex 69.918627 31.549865 36.854248
      vertex 73.363016 28.985357 36.822017
    endloop
  endfacet
  facet normal -0.593502 -0.798027 0.104442
    outer loop
      vertex 67.625057 31.701791 33.629430
      vertex 70.467582 29.585398 33.611285
      vertex 71.025959 29.469682 35.900145
    endloop
  endfacet
  facet normal -0.593244 -0.798304 0.103784
    outer loop
      vertex 67.625057 31.701791 33.629430
      vertex 71.025959 29.469682 35.900145
      vertex 68.067366 31.672492 35.932377
    endloop
  endfacet
  facet normal 0.604188 0.790078 -0.103603
    outer loop
      vertex 69.477601 31.579079 34.518472
      vertex 65.907637 34.311466 34.536529
      vertex 66.224542 34.377253 36.886324
    endloop
  endfacet
  facet normal 0.603914 0.790217 -0.104144
    outer loop
      vertex 69.477601 31.579079 34.518472
      vertex 66.224542 34.377253 36.886324
      vertex 69.918627 31.549865 36.854248
    endloop
  endfacet
  facet normal -0.603972 -0.789932 0.105951
    outer loop
      vertex 64.576469 34.035127 33.647487
      vertex 67.625057 31.701791 33.629430
      vertex 68.067366 31.672492 35.932377
    endloop
  endfacet
  facet normal -0.603737 -0.790196 0.105319
    outer loop
      vertex 64.576469 34.035127 33.647487
      vertex 68.067366 31.672492 35.932377
      vertex 64.894296 34.101105 35.964453
    endloop
  endfacet
  facet normal 0.594116 0.797892 -0.101954
    outer loop
      vertex 65.907637 34.311466 34.536529
      vertex 61.857496 37.329251 34.552367
      vertex 62.033584 37.499960 36.914458
    endloop
  endfacet
  facet normal 0.593900 0.797991 -0.102437
    outer loop
      vertex 65.907637 34.311466 34.536529
      vertex 62.033584 37.499960 36.914458
      vertex 66.224542 34.377253 36.886324
    endloop
  endfacet
  facet normal -0.593927 -0.797744 0.104188
    outer loop
      vertex 61.117830 36.612179 33.663325
      vertex 64.576469 34.035127 33.647487
      vertex 64.894296 34.101105 35.964453
    endloop
  endfacet
  facet normal -0.593745 -0.797947 0.103668
    outer loop
      vertex 61.117830 36.612179 33.663325
      vertex 64.894296 34.101105 35.964453
      vertex 61.294431 36.783385 35.992587
    endloop
  endfacet
  facet normal 0.523029 0.846431 -0.099982
    outer loop
      vertex 61.857496 37.329251 34.552367
      vertex 57.341695 40.120344 34.558107
      vertex 57.360777 40.388095 36.924653
    endloop
  endfacet
  facet normal 0.522953 0.846456 -0.100159
    outer loop
      vertex 61.857496 37.329251 34.552367
      vertex 57.360777 40.388095 36.924653
      vertex 62.033584 37.499960 36.914458
    endloop
  endfacet
  facet normal -0.522911 -0.846280 0.101850
    outer loop
      vertex 57.261539 38.995647 33.669064
      vertex 61.117830 36.612179 33.663325
      vertex 61.294431 36.783385 35.992587
    endloop
  endfacet
  facet normal -0.522844 -0.846344 0.101672
    outer loop
      vertex 57.261539 38.995647 33.669064
      vertex 61.294431 36.783385 35.992587
      vertex 57.280676 39.264177 36.002781
    endloop
  endfacet
  facet normal 0.474701 0.874124 -0.102787
    outer loop
      vertex 57.341695 40.120344 34.558107
      vertex 53.132605 42.405905 34.556201
      vertex 53.005345 42.753120 36.921269
    endloop
  endfacet
  facet normal 0.474730 0.874116 -0.102725
    outer loop
      vertex 57.341695 40.120344 34.558107
      vertex 53.005345 42.753120 36.921269
      vertex 57.360777 40.388095 36.924653
    endloop
  endfacet
  facet normal -0.474625 -0.873968 0.104456
    outer loop
      vertex 53.667165 40.947414 33.667159
      vertex 57.261539 38.995647 33.669064
      vertex 57.280676 39.264177 36.002781
    endloop
  endfacet
  facet normal -0.474653 -0.873946 0.104514
    outer loop
      vertex 53.667165 40.947414 33.667159
      vertex 57.280676 39.264177 36.002781
      vertex 53.539535 41.295640 35.999397
    endloop
  endfacet
  facet normal 0.479408 0.871611 -0.102287
    outer loop
      vertex 53.132605 42.405905 34.556201
      vertex 49.344123 44.489222 34.552394
      vertex 49.085144 44.908870 36.914506
    endloop
  endfacet
  facet normal 0.479471 0.871591 -0.102159
    outer loop
      vertex 53.132605 42.405905 34.556201
      vertex 49.085144 44.908870 36.914506
      vertex 53.005345 42.753120 36.921269
    endloop
  endfacet
  facet normal -0.479344 -0.871457 0.103885
    outer loop
      vertex 50.431971 42.726473 33.663352
      vertex 53.667165 40.947414 33.667159
      vertex 53.539535 41.295640 35.999397
    endloop
  endfacet
  facet normal -0.479404 -0.871411 0.103995
    outer loop
      vertex 50.431971 42.726473 33.663352
      vertex 53.539535 41.295640 35.999397
      vertex 50.172239 43.147343 35.992634
    endloop
  endfacet
  facet normal 0.491544 0.865097 -0.099954
    outer loop
      vertex 49.344123 44.489222 34.552394
      vertex 45.826250 46.487491 34.547464
      vertex 45.444962 46.976616 36.905748
    endloop
  endfacet
  facet normal 0.491628 0.865069 -0.099785
    outer loop
      vertex 49.344123 44.489222 34.552394
      vertex 45.444962 46.976616 36.905748
      vertex 49.085144 44.908870 36.914506
    endloop
  endfacet
  facet normal -0.491488 -0.864952 0.101481
    outer loop
      vertex 47.427866 44.432905 33.658421
      vertex 50.431971 42.726473 33.663352
      vertex 50.172239 43.147343 35.992634
    endloop
  endfacet
  facet normal -0.491571 -0.864889 0.101612
    outer loop
      vertex 47.427866 44.432905 33.658421
      vertex 50.172239 43.147343 35.992634
      vertex 47.045468 44.923454 35.983876
    endloop
  endfacet
  facet normal -0.987469 -0.037967 -0.153175
    outer loop
      vertex 45.826250 46.487491 34.547464
      vertex 45.928666 43.940696 34.518491
      vertex 45.550938 44.341274 36.854281
    endloop
  endfacet
  facet normal -0.987687 -0.036749 -0.152068
    outer loop
      vertex 45.826250 46.487491 34.547464
      vertex 45.550938 44.341274 36.854281
      vertex 45.444962 46.976616 36.905748
    endloop
  endfacet
  facet normal 0.987290 0.037646 0.154409
    outer loop
      vertex 47.515325 42.258057 33.629448
      vertex 47.427866 44.432905 33.658421
      vertex 47.045468 44.923454 35.983876
    endloop
  endfacet
  facet normal 0.987085 0.036146 0.156066
    outer loop
      vertex 47.515325 42.258057 33.629448
      vertex 47.045468 44.923454 35.983876
      vertex 47.136498 42.659800 35.932410
    endloop
  endfacet
  facet normal -0.987253 -0.034440 -0.155391
    outer loop
      vertex 45.928666 43.940696 34.518491
      vertex 46.026330 41.291576 34.485136
      vertex 45.651998 41.600048 36.795032
    endloop
  endfacet
  facet normal -0.987514 -0.033077 -0.154021
    outer loop
      vertex 45.928666 43.940696 34.518491
      vertex 45.651998 41.600048 36.795032
      vertex 45.550938 44.341274 36.854281
    endloop
  endfacet
  facet normal 0.987101 0.034085 0.156428
    outer loop
      vertex 47.598725 39.995827 33.596093
      vertex 47.515325 42.258057 33.629448
      vertex 47.136498 42.659800 35.932410
    endloop
  endfacet
  facet normal 0.986859 0.032399 0.158302
    outer loop
      vertex 47.598725 39.995827 33.596093
      vertex 47.136498 42.659800 35.932410
      vertex 47.223304 40.305197 35.873160
    endloop
  endfacet
  facet normal -0.986935 -0.035903 -0.157071
    outer loop
      vertex 46.026330 41.291576 34.485136
      vertex 46.133299 38.518246 34.446925
      vertex 45.762686 38.730294 36.727156
    endloop
  endfacet
  facet normal -0.987253 -0.034404 -0.155396
    outer loop
      vertex 46.026330 41.291576 34.485136
      vertex 45.762686 38.730294 36.727156
      vertex 45.651998 41.600048 36.795032
    endloop
  endfacet
  facet normal 0.986821 0.035515 0.157873
    outer loop
      vertex 47.690072 37.627527 33.557883
      vertex 47.598725 39.995827 33.596093
      vertex 47.223304 40.305197 35.873160
    endloop
  endfacet
  facet normal 0.986547 0.033647 0.159978
    outer loop
      vertex 47.690072 37.627527 33.557883
      vertex 47.223304 40.305197 35.873160
      vertex 47.318381 37.840193 35.805285
    endloop
  endfacet
  facet normal -0.986269 -0.047759 -0.158088
    outer loop
      vertex 46.133299 38.518246 34.446925
      vertex 46.281232 35.606713 34.403595
      vertex 45.915762 35.717533 36.650188
    endloop
  endfacet
  facet normal -0.986667 -0.046145 -0.156075
    outer loop
      vertex 46.133299 38.518246 34.446925
      vertex 45.915762 35.717533 36.650188
      vertex 45.762686 38.730294 36.727156
    endloop
  endfacet
  facet normal 0.986203 0.047344 0.158625
    outer loop
      vertex 47.816400 35.141209 33.514553
      vertex 47.690072 37.627527 33.557883
      vertex 47.318381 37.840193 35.805285
    endloop
  endfacet
  facet normal 0.985920 0.045306 0.160964
    outer loop
      vertex 47.816400 35.141209 33.514553
      vertex 47.318381 37.840193 35.805285
      vertex 47.449867 35.252352 35.728316
    endloop
  endfacet
  facet normal -0.984408 -0.075367 -0.158938
    outer loop
      vertex 46.281232 35.606713 34.403595
      vertex 46.520832 32.578272 34.355655
      vertex 46.163693 32.583798 36.565028
    endloop
  endfacet
  facet normal -0.984913 -0.073668 -0.156589
    outer loop
      vertex 46.281232 35.606713 34.403595
      vertex 46.163693 32.583798 36.565028
      vertex 45.915762 35.717533 36.650188
    endloop
  endfacet
  facet normal 0.984395 0.074930 0.159225
    outer loop
      vertex 48.021008 32.555056 33.466612
      vertex 47.816400 35.141209 33.514553
      vertex 47.449867 35.252352 35.728316
    endloop
  endfacet
  facet normal 0.984144 0.072744 0.161768
    outer loop
      vertex 48.021008 32.555056 33.466612
      vertex 47.449867 35.252352 35.728316
      vertex 47.662830 32.560599 35.643157
    endloop
  endfacet
  facet normal -0.980125 -0.116063 -0.160889
    outer loop
      vertex 46.520832 32.578272 34.355655
      vertex 46.891775 29.516207 34.304833
      vertex 46.547532 29.415271 36.474751
    endloop
  endfacet
  facet normal -0.980761 -0.114302 -0.158251
    outer loop
      vertex 46.520832 32.578272 34.355655
      vertex 46.547532 29.415271 36.474751
      vertex 46.163693 32.583798 36.565028
    endloop
  endfacet
  facet normal 0.980159 0.115609 0.161004
    outer loop
      vertex 48.337776 29.940190 33.415790
      vertex 48.021008 32.555056 33.466612
      vertex 47.662830 32.560599 35.643157
    endloop
  endfacet
  facet normal 0.979987 0.113288 0.163682
    outer loop
      vertex 48.337776 29.940190 33.415790
      vertex 47.662830 32.560599 35.643157
      vertex 47.992532 29.838961 35.552880
    endloop
  endfacet
  facet normal -0.974045 -0.155325 -0.164650
    outer loop
      vertex 46.891775 29.516207 34.304833
      vertex 47.376506 26.531079 34.253297
      vertex 47.049117 26.326356 36.383206
    endloop
  endfacet
  facet normal -0.974814 -0.153498 -0.161788
    outer loop
      vertex 46.891775 29.516207 34.304833
      vertex 47.049117 26.326356 36.383206
      vertex 46.547532 29.415271 36.474751
    endloop
  endfacet
  facet normal 0.974113 0.154849 0.164701
    outer loop
      vertex 48.751715 27.391026 33.364255
      vertex 48.337776 29.940190 33.415790
      vertex 47.992532 29.838961 35.552880
    endloop
  endfacet
  facet normal 0.974036 0.152389 0.167426
    outer loop
      vertex 48.751715 27.391026 33.364255
      vertex 47.992532 29.838961 35.552880
      vertex 48.423374 27.185707 35.461335
    endloop
  endfacet
  facet normal -0.968967 -0.180146 -0.169263
    outer loop
      vertex 47.376506 26.531079 34.253297
      vertex 47.914472 23.685427 34.202267
      vertex 47.605787 23.381766 36.292558
    endloop
  endfacet
  facet normal -0.969850 -0.178232 -0.166207
    outer loop
      vertex 47.376506 26.531079 34.253297
      vertex 47.605787 23.381766 36.292558
      vertex 47.049117 26.326356 36.383206
    endloop
  endfacet
  facet normal 0.969052 0.179642 0.169314
    outer loop
      vertex 49.211114 24.960966 33.313224
      vertex 48.751715 27.391026 33.364255
      vertex 48.423374 27.185707 35.461335
    endloop
  endfacet
  facet normal 0.969056 0.177033 0.172017
    outer loop
      vertex 49.211114 24.960966 33.313224
      vertex 48.423374 27.185707 35.461335
      vertex 48.901531 24.656421 35.370686
    endloop
  endfacet
  facet normal 0.009562 -0.995681 -0.092346
    outer loop
      vertex 47.605787 23.381766 36.292558
      vertex 51.255083 23.411335 36.351620
      vertex 51.133104 23.212919 38.478325
    endloop
  endfacet
  facet normal 0.010076 -0.995599 -0.093168
    outer loop
      vertex 47.605787 23.381766 36.292558
      vertex 51.133104 23.212919 38.478325
      vertex 47.403426 23.182698 38.397922
    endloop
  endfacet
  facet normal -0.009837 0.995528 0.093955
    outer loop
      vertex 52.036130 24.681821 35.429748
      vertex 48.901531 24.656421 35.370686
      vertex 48.699515 24.457693 37.455213
    endloop
  endfacet
  facet normal -0.010394 0.995608 0.093046
    outer loop
      vertex 52.036130 24.681821 35.429748
      vertex 48.699515 24.457693 37.455213
      vertex 51.914359 24.483743 37.535617
    endloop
  endfacet
  facet normal 0.028264 -0.995510 -0.090339
    outer loop
      vertex 51.255083 23.411335 36.351620
      vertex 55.186457 23.517172 36.415333
      vertex 55.151073 23.321087 38.565062
    endloop
  endfacet
  facet normal 0.028767 -0.995415 -0.091220
    outer loop
      vertex 51.255083 23.411335 36.351620
      vertex 55.151073 23.321087 38.565062
      vertex 51.133104 23.212919 38.478325
    endloop
  endfacet
  facet normal -0.028531 0.995353 0.091973
    outer loop
      vertex 55.413022 24.772730 35.493461
      vertex 52.036130 24.681821 35.429748
      vertex 51.914359 24.483743 37.535617
    endloop
  endfacet
  facet normal -0.029078 0.995422 0.091046
    outer loop
      vertex 55.413022 24.772730 35.493461
      vertex 51.914359 24.483743 37.535617
      vertex 55.377699 24.576980 37.622353
    endloop
  endfacet
  facet normal 0.082267 -0.992699 -0.088206
    outer loop
      vertex 55.186457 23.517172 36.415333
      vertex 59.284367 23.850471 36.486292
      vertex 59.339247 23.661727 38.661662
    endloop
  endfacet
  facet normal 0.082786 -0.992570 -0.089174
    outer loop
      vertex 55.186457 23.517172 36.415333
      vertex 59.339247 23.661727 38.661662
      vertex 55.151073 23.321087 38.565062
    endloop
  endfacet
  facet normal -0.082538 0.992525 0.089893
    outer loop
      vertex 58.932963 25.059020 35.564420
      vertex 55.413022 24.772730 35.493461
      vertex 55.377699 24.576980 37.622353
    endloop
  endfacet
  facet normal -0.083108 0.992566 0.088917
    outer loop
      vertex 58.932963 25.059020 35.564420
      vertex 55.377699 24.576980 37.622353
      vertex 58.987750 24.870599 37.718953
    endloop
  endfacet
  facet normal 0.141348 -0.986031 -0.088115
    outer loop
      vertex 59.284367 23.850471 36.486292
      vertex 63.232377 24.409897 36.559273
      vertex 63.374219 24.233476 38.761014
    endloop
  endfacet
  facet normal 0.141889 -0.985863 -0.089117
    outer loop
      vertex 59.284367 23.850471 36.486292
      vertex 63.374219 24.233476 38.761014
      vertex 59.339247 23.661727 38.661662
    endloop
  endfacet
  facet normal -0.141624 0.985837 0.089816
    outer loop
      vertex 62.324146 25.539545 35.637401
      vertex 58.932963 25.059020 35.564420
      vertex 58.987750 24.870599 37.718953
    endloop
  endfacet
  facet normal -0.142230 0.985838 0.088847
    outer loop
      vertex 62.324146 25.539545 35.637401
      vertex 58.987750 24.870599 37.718953
      vertex 62.465746 25.363425 37.818305
    endloop
  endfacet
  facet normal 0.166729 -0.982022 -0.088508
    outer loop
      vertex 63.232377 24.409897 36.559273
      vertex 66.887035 25.024305 36.626797
      vertex 67.109377 24.861417 38.852939
    endloop
  endfacet
  facet normal 0.167266 -0.981846 -0.089449
    outer loop
      vertex 63.232377 24.409897 36.559273
      vertex 67.109377 24.861417 38.852939
      vertex 63.374219 24.233476 38.761014
    endloop
  endfacet
  facet normal -0.167000 0.981829 0.090131
    outer loop
      vertex 65.463350 26.067297 35.704926
      vertex 62.324146 25.539545 35.637401
      vertex 62.465746 25.363425 37.818305
    endloop
  endfacet
  facet normal -0.167606 0.981805 0.089264
    outer loop
      vertex 65.463350 26.067297 35.704926
      vertex 62.465746 25.363425 37.818305
      vertex 65.685313 25.904687 37.910230
    endloop
  endfacet
  facet normal 0.167080 -0.982032 -0.087738
    outer loop
      vertex 66.887035 25.024305 36.626797
      vertex 70.299975 25.599589 36.687042
      vertex 70.597493 25.449372 38.934953
    endloop
  endfacet
  facet normal 0.167586 -0.981870 -0.088582
    outer loop
      vertex 66.887035 25.024305 36.626797
      vertex 70.597493 25.449372 38.934953
      vertex 67.109377 24.861417 38.852939
    endloop
  endfacet
  facet normal -0.167335 0.981853 0.089240
    outer loop
      vertex 68.394929 26.561443 35.765170
      vertex 65.463350 26.067297 35.704926
      vertex 65.685313 25.904687 37.910230
    endloop
  endfacet
  facet normal -0.167910 0.981821 0.088504
    outer loop
      vertex 68.394929 26.561443 35.765170
      vertex 65.685313 25.904687 37.910230
      vertex 68.691940 26.411483 37.992245
    endloop
  endfacet
  facet normal 0.159520 -0.983430 -0.086130
    outer loop
      vertex 70.299975 25.599589 36.687042
      vertex 73.541401 26.120657 36.740891
      vertex 73.910317 25.981918 39.008261
    endloop
  endfacet
  facet normal 0.159989 -0.983288 -0.086883
    outer loop
      vertex 70.299975 25.599589 36.687042
      vertex 73.910317 25.981918 39.008261
      vertex 70.597493 25.449372 38.934953
    endloop
  endfacet
  facet normal -0.159756 0.983270 0.087514
    outer loop
      vertex 71.179184 27.009019 35.819020
      vertex 68.394929 26.561443 35.765170
      vertex 68.691940 26.411483 37.992245
    endloop
  endfacet
  facet normal -0.160289 0.983238 0.086895
    outer loop
      vertex 71.179184 27.009019 35.819020
      vertex 68.691940 26.411483 37.992245
      vertex 71.547471 26.870517 38.065552
    endloop
  endfacet
  facet normal 0.151080 -0.984926 -0.084236
    outer loop
      vertex 73.541401 26.120657 36.740891
      vertex 76.658176 26.594592 36.789471
      vertex 77.095745 26.466292 39.074395
    endloop
  endfacet
  facet normal 0.151511 -0.984802 -0.084911
    outer loop
      vertex 73.541401 26.120657 36.740891
      vertex 77.095745 26.466292 39.074395
      vertex 73.910317 25.981918 39.008261
    endloop
  endfacet
  facet normal -0.151297 0.984782 0.085516
    outer loop
      vertex 73.856370 27.416111 35.867599
      vertex 71.179184 27.009019 35.819020
      vertex 71.547471 26.870517 38.065552
    endloop
  endfacet
  facet normal -0.151788 0.984752 0.084993
    outer loop
      vertex 73.856370 27.416111 35.867599
      vertex 71.547471 26.870517 38.065552
      vertex 74.293192 27.288030 38.131686
    endloop
  endfacet
  facet normal 0.585525 0.807927 -0.066443
    outer loop
      vertex 76.658176 26.594592 36.789471
      vertex 73.363016 28.985357 36.822017
      vertex 73.728002 28.909718 39.118702
    endloop
  endfacet
  facet normal 0.585369 0.808016 -0.066729
    outer loop
      vertex 76.658176 26.594592 36.789471
      vertex 73.728002 28.909718 39.118702
      vertex 77.095745 26.466292 39.074395
    endloop
  endfacet
  facet normal -0.585417 -0.807939 0.067242
    outer loop
      vertex 71.025959 29.469682 35.900145
      vertex 73.856370 27.416111 35.867599
      vertex 74.293192 27.288030 38.131686
    endloop
  endfacet
  facet normal -0.585269 -0.808076 0.066891
    outer loop
      vertex 71.025959 29.469682 35.900145
      vertex 74.293192 27.288030 38.131686
      vertex 71.390323 29.394172 38.175993
    endloop
  endfacet
  facet normal 0.595408 0.800546 -0.067933
    outer loop
      vertex 73.363016 28.985357 36.822017
      vertex 69.918627 31.549865 36.854248
      vertex 70.207745 31.530714 39.162580
    endloop
  endfacet
  facet normal 0.595258 0.800633 -0.068230
    outer loop
      vertex 73.363016 28.985357 36.822017
      vertex 70.207745 31.530714 39.162580
      vertex 73.728002 28.909718 39.118702
    endloop
  endfacet
  facet normal -0.595302 -0.800556 0.068747
    outer loop
      vertex 68.067366 31.672492 35.932377
      vertex 71.025959 29.469682 35.900145
      vertex 71.390323 29.394172 38.175993
    endloop
  endfacet
  facet normal -0.595162 -0.800690 0.068403
    outer loop
      vertex 68.067366 31.672492 35.932377
      vertex 71.390323 29.394172 38.175993
      vertex 68.355991 31.653374 38.219871
    endloop
  endfacet
  facet normal 0.605963 0.792495 -0.068996
    outer loop
      vertex 69.918627 31.549865 36.854248
      vertex 66.224542 34.377253 36.886324
      vertex 66.432291 34.420380 39.206246
    endloop
  endfacet
  facet normal 0.605822 0.792576 -0.069304
    outer loop
      vertex 69.918627 31.549865 36.854248
      vertex 66.432291 34.420380 39.206246
      vertex 70.207745 31.530714 39.162580
    endloop
  endfacet
  facet normal -0.605861 -0.792501 0.069821
    outer loop
      vertex 64.894296 34.101105 35.964453
      vertex 68.067366 31.672492 35.932377
      vertex 68.355991 31.653374 38.219871
    endloop
  endfacet
  facet normal -0.605732 -0.792629 0.069485
    outer loop
      vertex 64.894296 34.101105 35.964453
      vertex 68.355991 31.653374 38.219871
      vertex 65.101691 34.144159 38.263538
    endloop
  endfacet
  facet normal 0.595811 0.800245 -0.067952
    outer loop
      vertex 66.224542 34.377253 36.886324
      vertex 62.033584 37.499960 36.914458
      vertex 62.149021 37.611870 39.244547
    endloop
  endfacet
  facet normal 0.595701 0.800304 -0.068223
    outer loop
      vertex 66.224542 34.377253 36.886324
      vertex 62.149021 37.611870 39.244547
      vertex 66.432291 34.420380 39.206246
    endloop
  endfacet
  facet normal -0.595727 -0.800241 0.068725
    outer loop
      vertex 61.294431 36.783385 35.992587
      vertex 64.894296 34.101105 35.964453
      vertex 65.101691 34.144159 38.263538
    endloop
  endfacet
  facet normal -0.595628 -0.800339 0.068443
    outer loop
      vertex 61.294431 36.783385 35.992587
      vertex 65.101691 34.144159 38.263538
      vertex 61.409670 36.895105 38.301838
    endloop
  endfacet
  facet normal 0.524481 0.848810 -0.066652
    outer loop
      vertex 62.033584 37.499960 36.914458
      vertex 57.360777 40.388095 36.924653
      vertex 57.373287 40.563621 39.258425
    endloop
  endfacet
  facet normal 0.524442 0.848826 -0.066749
    outer loop
      vertex 62.033584 37.499960 36.914458
      vertex 57.373287 40.563621 39.258425
      vertex 62.149021 37.611870 39.244547
    endloop
  endfacet
  facet normal -0.524442 -0.848788 0.067235
    outer loop
      vertex 57.280676 39.264177 36.002781
      vertex 61.294431 36.783385 35.992587
      vertex 61.409670 36.895105 38.301838
    endloop
  endfacet
  facet normal -0.524405 -0.848818 0.067137
    outer loop
      vertex 57.280676 39.264177 36.002781
      vertex 61.409670 36.895105 38.301838
      vertex 57.293165 39.439404 38.315717
    endloop
  endfacet
  facet normal 0.476112 0.876711 -0.068524
    outer loop
      vertex 57.360777 40.388095 36.924653
      vertex 53.005345 42.753120 36.921269
      vertex 52.921919 42.980741 39.253818
    endloop
  endfacet
  facet normal 0.476127 0.876705 -0.068490
    outer loop
      vertex 57.360777 40.388095 36.924653
      vertex 52.921919 42.980741 39.253818
      vertex 57.373287 40.563621 39.258425
    endloop
  endfacet
  facet normal -0.476104 -0.876679 0.068987
    outer loop
      vertex 53.539535 41.295640 35.999397
      vertex 57.280676 39.264177 36.002781
      vertex 57.293165 39.439404 38.315717
    endloop
  endfacet
  facet normal -0.476119 -0.876668 0.069020
    outer loop
      vertex 53.539535 41.295640 35.999397
      vertex 57.293165 39.439404 38.315717
      vertex 53.456251 41.522871 38.311109
    endloop
  endfacet
  facet normal 0.480826 0.874162 -0.068174
    outer loop
      vertex 53.005345 42.753120 36.921269
      vertex 49.085144 44.908870 36.914506
      vertex 48.915368 45.183975 39.244611
    endloop
  endfacet
  facet normal 0.480858 0.874149 -0.068105
    outer loop
      vertex 53.005345 42.753120 36.921269
      vertex 48.915368 45.183975 39.244611
      vertex 52.921919 42.980741 39.253818
    endloop
  endfacet
  facet normal -0.480827 -0.874128 0.068600
    outer loop
      vertex 50.172239 43.147343 35.992634
      vertex 53.539535 41.295640 35.999397
      vertex 53.456251 41.522871 38.311109
    endloop
  endfacet
  facet normal -0.480860 -0.874105 0.068663
    outer loop
      vertex 50.172239 43.147343 35.992634
      vertex 53.456251 41.522871 38.311109
      vertex 50.002753 43.421978 38.301903
    endloop
  endfacet
  facet normal 0.492937 0.867513 -0.066592
    outer loop
      vertex 49.085144 44.908870 36.914506
      vertex 45.444962 46.976616 36.905748
      vertex 45.195005 47.297266 39.232689
    endloop
  endfacet
  facet normal 0.492980 0.867496 -0.066502
    outer loop
      vertex 49.085144 44.908870 36.914506
      vertex 45.195005 47.297266 39.232689
      vertex 48.915368 45.183975 39.244611
    endloop
  endfacet
  facet normal -0.492944 -0.867478 0.066988
    outer loop
      vertex 47.045468 44.923454 35.983876
      vertex 50.172239 43.147343 35.992634
      vertex 50.002753 43.421978 38.301903
    endloop
  endfacet
  facet normal -0.492989 -0.867447 0.067064
    outer loop
      vertex 47.045468 44.923454 35.983876
      vertex 50.002753 43.421978 38.301903
      vertex 46.795937 45.243556 38.289980
    endloop
  endfacet
  facet normal -0.994027 -0.037975 -0.102312
    outer loop
      vertex 45.444962 46.976616 36.905748
      vertex 45.550938 44.341274 36.854281
      vertex 45.303316 44.603876 39.162625
    endloop
  endfacet
  facet normal -0.994120 -0.037333 -0.101643
    outer loop
      vertex 45.444962 46.976616 36.905748
      vertex 45.303316 44.603876 39.162625
      vertex 45.195005 47.297266 39.232689
    endloop
  endfacet
  facet normal 0.994037 0.037647 0.102334
    outer loop
      vertex 47.136498 42.659800 35.932410
      vertex 47.045468 44.923454 35.983876
      vertex 46.795937 45.243556 38.289980
    endloop
  endfacet
  facet normal 0.993978 0.036857 0.103191
    outer loop
      vertex 47.136498 42.659800 35.932410
      vertex 46.795937 45.243556 38.289980
      vertex 46.889298 42.921954 38.219916
    endloop
  endfacet
  facet normal -0.994022 -0.034406 -0.103620
    outer loop
      vertex 45.550938 44.341274 36.854281
      vertex 45.651998 41.600048 36.795032
      vertex 45.406601 41.802270 39.081966
    endloop
  endfacet
  facet normal -0.994130 -0.033690 -0.102811
    outer loop
      vertex 45.550938 44.341274 36.854281
      vertex 45.406601 41.802270 39.081966
      vertex 45.303316 44.603876 39.162625
    endloop
  endfacet
  facet normal 0.994045 0.034042 0.103521
    outer loop
      vertex 47.223304 40.305197 35.873160
      vertex 47.136498 42.659800 35.932410
      vertex 46.889298 42.921954 38.219916
    endloop
  endfacet
  facet normal 0.993972 0.033154 0.104501
    outer loop
      vertex 47.223304 40.305197 35.873160
      vertex 46.889298 42.921954 38.219916
      vertex 46.978326 40.507074 38.139257
    endloop
  endfacet
  facet normal -0.993875 -0.035862 -0.104528
    outer loop
      vertex 45.651998 41.600048 36.795032
      vertex 45.762686 38.730294 36.727156
      vertex 45.519727 38.869305 38.989563
    endloop
  endfacet
  facet normal -0.994005 -0.035077 -0.103559
    outer loop
      vertex 45.651998 41.600048 36.795032
      vertex 45.519727 38.869305 38.989563
      vertex 45.406601 41.802270 39.081966
    endloop
  endfacet
  facet normal 0.993915 0.035464 0.104289
    outer loop
      vertex 47.318381 37.840193 35.805285
      vertex 47.223304 40.305197 35.873160
      vertex 46.978326 40.507074 38.139257
    endloop
  endfacet
  facet normal 0.993832 0.034480 0.105401
    outer loop
      vertex 47.318381 37.840193 35.805285
      vertex 46.978326 40.507074 38.139257
      vertex 47.075837 37.978966 38.046854
    endloop
  endfacet
  facet normal -0.993329 -0.047789 -0.104948
    outer loop
      vertex 45.762686 38.730294 36.727156
      vertex 45.915762 35.717533 36.650188
      vertex 45.676176 35.790182 38.884782
    endloop
  endfacet
  facet normal -0.993489 -0.046946 -0.103806
    outer loop
      vertex 45.762686 38.730294 36.727156
      vertex 45.676176 35.790182 38.884782
      vertex 45.519727 38.869305 38.989563
    endloop
  endfacet
  facet normal 0.993391 0.047364 0.104555
    outer loop
      vertex 47.449867 35.252352 35.728316
      vertex 47.318381 37.840193 35.805285
      vertex 47.075837 37.978966 38.046854
    endloop
  endfacet
  facet normal 0.993309 0.046292 0.105802
    outer loop
      vertex 47.449867 35.252352 35.728316
      vertex 47.075837 37.978966 38.046854
      vertex 47.210689 35.324877 37.942073
    endloop
  endfacet
  facet normal -0.991572 -0.075591 -0.105217
    outer loop
      vertex 45.915762 35.717533 36.650188
      vertex 46.163693 32.583798 36.565028
      vertex 45.929567 32.587422 38.768850
    endloop
  endfacet
  facet normal -0.991777 -0.074705 -0.103907
    outer loop
      vertex 45.915762 35.717533 36.650188
      vertex 45.929567 32.587422 38.768850
      vertex 45.676176 35.790182 38.884782
    endloop
  endfacet
  facet normal 0.991663 0.075145 0.104679
    outer loop
      vertex 47.662830 32.560599 35.643157
      vertex 47.449867 35.252352 35.728316
      vertex 47.210689 35.324877 37.942073
    endloop
  endfacet
  facet normal 0.991604 0.073999 0.106046
    outer loop
      vertex 47.662830 32.560599 35.643157
      vertex 47.210689 35.324877 37.942073
      vertex 47.429103 32.564216 37.826141
    endloop
  endfacet
  facet normal -0.987486 -0.116600 -0.106191
    outer loop
      vertex 46.163693 32.583798 36.565028
      vertex 46.547532 29.415271 36.474751
      vertex 46.321861 29.349102 38.645951
    endloop
  endfacet
  facet normal -0.987748 -0.115682 -0.104744
    outer loop
      vertex 46.163693 32.583798 36.565028
      vertex 46.321861 29.349102 38.645951
      vertex 45.929567 32.587422 38.768850
    endloop
  endfacet
  facet normal 0.987609 0.116139 0.105548
    outer loop
      vertex 47.992532 29.838961 35.552880
      vertex 47.662830 32.560599 35.643157
      vertex 47.429103 32.564216 37.826141
    endloop
  endfacet
  facet normal 0.987595 0.114928 0.106997
    outer loop
      vertex 47.992532 29.838961 35.552880
      vertex 47.429103 32.564216 37.826141
      vertex 47.767246 29.772905 37.703242
    endloop
  endfacet
  facet normal -0.981763 -0.156210 -0.108354
    outer loop
      vertex 46.547532 29.415271 36.474751
      vertex 47.049117 26.326356 36.383206
      vertex 46.834495 26.192148 38.521326
    endloop
  endfacet
  facet normal -0.982083 -0.155256 -0.106808
    outer loop
      vertex 46.547532 29.415271 36.474751
      vertex 46.834495 26.192148 38.521326
      vertex 46.321861 29.349102 38.645951
    endloop
  endfacet
  facet normal 0.981916 0.155731 0.107656
    outer loop
      vertex 48.423374 27.185707 35.461335
      vertex 47.992532 29.838961 35.552880
      vertex 47.767246 29.772905 37.703242
    endloop
  endfacet
  facet normal 0.981953 0.154453 0.109142
    outer loop
      vertex 48.423374 27.185707 35.461335
      vertex 47.767246 29.772905 37.703242
      vertex 48.209117 27.051728 37.578617
    endloop
  endfacet
  facet normal -0.977135 -0.181307 -0.111062
    outer loop
      vertex 47.049117 26.326356 36.383206
      vertex 47.605787 23.381766 36.292558
      vertex 47.403426 23.182698 38.397922
    endloop
  endfacet
  facet normal -0.977503 -0.180308 -0.109439
    outer loop
      vertex 47.049117 26.326356 36.383206
      vertex 47.403426 23.182698 38.397922
      vertex 46.834495 26.192148 38.521326
    endloop
  endfacet
  facet normal 0.977310 0.180804 0.110339
    outer loop
      vertex 48.901531 24.656421 35.370686
      vertex 48.423374 27.185707 35.461335
      vertex 48.209117 27.051728 37.578617
    endloop
  endfacet
  facet normal 0.977390 0.179454 0.111829
    outer loop
      vertex 48.901531 24.656421 35.370686
      vertex 48.209117 27.051728 37.578617
      vertex 48.699515 24.457693 37.455213
    endloop
  endfacet
  facet normal 0.008794 -0.999441 -0.032258
    outer loop
      vertex 47.403426 23.182698 38.397922
      vertex 51.133104 23.212919 38.478325
      vertex 51.089524 23.142029 40.662786
    endloop
  endfacet
  facet normal 0.008868 -0.999436 -0.032378
    outer loop
      vertex 47.403426 23.182698 38.397922
      vertex 51.089524 23.142029 40.662786
      vertex 47.331127 23.111575 40.573494
    endloop
  endfacet
  facet normal -0.008905 0.999440 0.032257
    outer loop
      vertex 51.914359 24.483743 37.535617
      vertex 48.699515 24.457693 37.455213
      vertex 48.627725 24.387072 39.623494
    endloop
  endfacet
  facet normal -0.008983 0.999443 0.032135
    outer loop
      vertex 51.914359 24.483743 37.535617
      vertex 48.627725 24.387072 39.623494
      vertex 51.871085 24.413352 39.712786
    endloop
  endfacet
  facet normal 0.027582 -0.999115 -0.031743
    outer loop
      vertex 51.133104 23.212919 38.478325
      vertex 55.151073 23.321087 38.565062
      vertex 55.138431 23.251030 40.759111
    endloop
  endfacet
  facet normal 0.027655 -0.999109 -0.031871
    outer loop
      vertex 51.133104 23.212919 38.478325
      vertex 55.138431 23.251030 40.759111
      vertex 51.089524 23.142029 40.662786
    endloop
  endfacet
  facet normal -0.027692 0.999112 0.031752
    outer loop
      vertex 55.377699 24.576980 37.622353
      vertex 51.914359 24.483743 37.535617
      vertex 51.871085 24.413352 39.712786
    endloop
  endfacet
  facet normal -0.027769 0.999114 0.031624
    outer loop
      vertex 55.377699 24.576980 37.622353
      vertex 51.871085 24.413352 39.712786
      vertex 55.365146 24.507416 39.809111
    endloop
  endfacet
  facet normal 0.081741 -0.996165 -0.031196
    outer loop
      vertex 55.151073 23.321087 38.565062
      vertex 59.339247 23.661727 38.661662
      vertex 59.358854 23.594293 40.866389
    endloop
  endfacet
  facet normal 0.081818 -0.996155 -0.031336
    outer loop
      vertex 55.151073 23.321087 38.565062
      vertex 59.358854 23.594293 40.866389
      vertex 55.138431 23.251030 40.759111
    endloop
  endfacet
  facet normal -0.081856 0.996155 0.031219
    outer loop
      vertex 58.987750 24.870599 37.718953
      vertex 55.377699 24.576980 37.622353
      vertex 55.365146 24.507416 39.809111
    endloop
  endfacet
  facet normal -0.081936 0.996153 0.031080
    outer loop
      vertex 58.987750 24.870599 37.718953
      vertex 55.365146 24.507416 39.809111
      vertex 59.007219 24.803639 39.916389
    endloop
  endfacet
  facet normal 0.140985 -0.989514 -0.031374
    outer loop
      vertex 59.339247 23.661727 38.661662
      vertex 63.374219 24.233476 38.761014
      vertex 63.424896 24.170444 40.976724
    endloop
  endfacet
  facet normal 0.141066 -0.989498 -0.031519
    outer loop
      vertex 59.339247 23.661727 38.661662
      vertex 63.424896 24.170444 40.976724
      vertex 59.358854 23.594293 40.866389
    endloop
  endfacet
  facet normal -0.141107 0.989496 0.031402
    outer loop
      vertex 62.465746 25.363425 37.818305
      vertex 58.987750 24.870599 37.718953
      vertex 59.007219 24.803639 39.916389
    endloop
  endfacet
  facet normal -0.141192 0.989489 0.031260
    outer loop
      vertex 62.465746 25.363425 37.818305
      vertex 59.007219 24.803639 39.916389
      vertex 62.516066 25.300837 40.026724
    endloop
  endfacet
  facet normal 0.166465 -0.985537 -0.031708
    outer loop
      vertex 63.374219 24.233476 38.761014
      vertex 67.109377 24.861417 38.852939
      vertex 67.188815 24.803221 41.078810
    endloop
  endfacet
  facet normal 0.166546 -0.985519 -0.031845
    outer loop
      vertex 63.374219 24.233476 38.761014
      vertex 67.188815 24.803221 41.078810
      vertex 63.424896 24.170444 40.976724
    endloop
  endfacet
  facet normal -0.166587 0.985516 0.031726
    outer loop
      vertex 65.685313 25.904687 37.910230
      vertex 62.465746 25.363425 37.818305
      vertex 62.516066 25.300837 40.026724
    endloop
  endfacet
  facet normal -0.166673 0.985506 0.031595
    outer loop
      vertex 65.685313 25.904687 37.910230
      vertex 62.516066 25.300837 40.026724
      vertex 65.764192 25.846900 40.128810
    endloop
  endfacet
  facet normal 0.166854 -0.985475 -0.031601
    outer loop
      vertex 67.109377 24.861417 38.852939
      vertex 70.597493 25.449372 38.934953
      vertex 70.703790 25.395703 41.169891
    endloop
  endfacet
  facet normal 0.166930 -0.985458 -0.031723
    outer loop
      vertex 67.109377 24.861417 38.852939
      vertex 70.703790 25.395703 41.169891
      vertex 67.188815 24.803221 41.078810
    endloop
  endfacet
  facet normal -0.166970 0.985455 0.031604
    outer loop
      vertex 68.691940 26.411483 37.992245
      vertex 65.685313 25.904687 37.910230
      vertex 65.764192 25.846900 40.128810
    endloop
  endfacet
  facet normal -0.167052 0.985445 0.031490
    outer loop
      vertex 68.691940 26.411483 37.992245
      vertex 65.764192 25.846900 40.128810
      vertex 68.797488 26.358192 40.219891
    endloop
  endfacet
  facet normal 0.159310 -0.986736 -0.031167
    outer loop
      vertex 70.597493 25.449372 38.934953
      vertex 73.910317 25.981918 39.008261
      vertex 74.042123 25.932350 41.251303
    endloop
  endfacet
  facet normal 0.159381 -0.986722 -0.031275
    outer loop
      vertex 70.597493 25.449372 38.934953
      vertex 74.042123 25.932350 41.251303
      vertex 70.703790 25.395703 41.169891
    endloop
  endfacet
  facet normal -0.159418 0.986719 0.031158
    outer loop
      vertex 71.547471 26.870517 38.065552
      vertex 68.691940 26.411483 37.992245
      vertex 68.797488 26.358192 40.219891
    endloop
  endfacet
  facet normal -0.159494 0.986710 0.031059
    outer loop
      vertex 71.547471 26.870517 38.065552
      vertex 68.797488 26.358192 40.219891
      vertex 71.678349 26.821298 40.301303
    endloop
  endfacet
  facet normal 0.150882 -0.988078 -0.030609
    outer loop
      vertex 73.910317 25.981918 39.008261
      vertex 77.095745 26.466292 39.074395
      vertex 77.252078 26.420454 41.324747
    endloop
  endfacet
  facet normal 0.150947 -0.988065 -0.030705
    outer loop
      vertex 73.910317 25.981918 39.008261
      vertex 77.252078 26.420454 41.324747
      vertex 74.042123 25.932350 41.251303
    endloop
  endfacet
  facet normal -0.150981 0.988063 0.030590
    outer loop
      vertex 74.293192 27.288030 38.131686
      vertex 71.547471 26.870517 38.065552
      vertex 71.678349 26.821298 40.301303
    endloop
  endfacet
  facet normal -0.151052 0.988055 0.030503
    outer loop
      vertex 74.293192 27.288030 38.131686
      vertex 71.678349 26.821298 40.301303
      vertex 74.448425 27.242514 40.374747
    endloop
  endfacet
  facet normal 0.586872 0.809317 -0.024236
    outer loop
      vertex 77.095745 26.466292 39.074395
      vertex 73.728002 28.909718 39.118702
      vertex 73.858404 28.882694 41.373952
    endloop
  endfacet
  facet normal 0.586849 0.809332 -0.024283
    outer loop
      vertex 77.095745 26.466292 39.074395
      vertex 73.858404 28.882694 41.373952
      vertex 77.252078 26.420454 41.324747
    endloop
  endfacet
  facet normal -0.586839 -0.809342 0.024190
    outer loop
      vertex 71.390323 29.394172 38.175993
      vertex 74.293192 27.288030 38.131686
      vertex 74.448425 27.242514 40.374747
    endloop
  endfacet
  facet normal -0.586816 -0.809360 0.024140
    outer loop
      vertex 71.390323 29.394172 38.175993
      vertex 74.448425 27.242514 40.374747
      vertex 71.519807 29.367338 40.423952
    endloop
  endfacet
  facet normal 0.596813 0.801995 -0.024849
    outer loop
      vertex 73.728002 28.909718 39.118702
      vertex 70.207745 31.530714 39.162580
      vertex 70.311040 31.523872 41.422680
    endloop
  endfacet
  facet normal 0.596792 0.802010 -0.024897
    outer loop
      vertex 73.728002 28.909718 39.118702
      vertex 70.311040 31.523872 41.422680
      vertex 73.858404 28.882694 41.373952
    endloop
  endfacet
  facet normal -0.596783 -0.802020 0.024801
    outer loop
      vertex 68.355991 31.653374 38.219871
      vertex 71.390323 29.394172 38.175993
      vertex 71.519807 29.367338 40.423952
    endloop
  endfacet
  facet normal -0.596761 -0.802038 0.024751
    outer loop
      vertex 68.355991 31.653374 38.219871
      vertex 71.519807 29.367338 40.423952
      vertex 68.458560 31.646580 40.472680
    endloop
  endfacet
  facet normal 0.607410 0.793985 -0.025307
    outer loop
      vertex 70.207745 31.530714 39.162580
      vertex 66.432291 34.420380 39.206246
      vertex 66.506516 34.435789 41.471174
    endloop
  endfacet
  facet normal 0.607390 0.793999 -0.025356
    outer loop
      vertex 70.207745 31.530714 39.162580
      vertex 66.506516 34.435789 41.471174
      vertex 70.311040 31.523872 41.422680
    endloop
  endfacet
  facet normal -0.607381 -0.794009 0.025259
    outer loop
      vertex 65.101691 34.144159 38.263538
      vertex 68.355991 31.653374 38.219871
      vertex 68.458560 31.646580 40.472680
    endloop
  endfacet
  facet normal -0.607361 -0.794026 0.025209
    outer loop
      vertex 65.101691 34.144159 38.263538
      vertex 68.458560 31.646580 40.472680
      vertex 65.175393 34.159459 40.521174
    endloop
  endfacet
  facet normal 0.597155 0.801737 -0.024980
    outer loop
      vertex 66.432291 34.420380 39.206246
      vertex 62.149021 37.611870 39.244547
      vertex 62.190264 37.651853 41.513708
    endloop
  endfacet
  facet normal 0.597140 0.801747 -0.025023
    outer loop
      vertex 66.432291 34.420380 39.206246
      vertex 62.190264 37.651853 41.513708
      vertex 66.506516 34.435789 41.471174
    endloop
  endfacet
  facet normal -0.597133 -0.801755 0.024927
    outer loop
      vertex 61.409670 36.895105 38.301838
      vertex 65.101691 34.144159 38.263538
      vertex 65.175393 34.159459 40.521174
    endloop
  endfacet
  facet normal -0.597118 -0.801768 0.024884
    outer loop
      vertex 61.409670 36.895105 38.301838
      vertex 65.175393 34.159459 40.521174
      vertex 61.450623 36.934806 40.563708
    endloop
  endfacet
  facet normal 0.525545 0.850412 -0.024521
    outer loop
      vertex 62.149021 37.611870 39.244547
      vertex 57.373287 40.563621 39.258425
      vertex 57.377756 40.626333 41.529121
    endloop
  endfacet
  facet normal 0.525540 0.850415 -0.024536
    outer loop
      vertex 62.149021 37.611870 39.244547
      vertex 57.377756 40.626333 41.529121
      vertex 62.190264 37.651853 41.513708
    endloop
  endfacet
  facet normal -0.525538 -0.850419 0.024442
    outer loop
      vertex 57.293165 39.439404 38.315717
      vertex 61.409670 36.895105 38.301838
      vertex 61.450623 36.934806 40.563708
    endloop
  endfacet
  facet normal -0.525532 -0.850423 0.024427
    outer loop
      vertex 57.293165 39.439404 38.315717
      vertex 61.450623 36.934806 40.563708
      vertex 57.297603 39.501675 40.579121
    endloop
  endfacet
  facet normal 0.477061 0.878508 -0.025207
    outer loop
      vertex 57.373287 40.563621 39.258425
      vertex 52.921919 42.980741 39.253818
      vertex 52.892112 43.062064 41.524004
    endloop
  endfacet
  facet normal 0.477064 0.878507 -0.025201
    outer loop
      vertex 57.373287 40.563621 39.258425
      vertex 52.892112 43.062064 41.524004
      vertex 57.377756 40.626333 41.529121
    endloop
  endfacet
  facet normal -0.477066 -0.878509 0.025105
    outer loop
      vertex 53.456251 41.522871 38.311109
      vertex 57.293165 39.439404 38.315717
      vertex 57.297603 39.501675 40.579121
    endloop
  endfacet
  facet normal -0.477068 -0.878508 0.025110
    outer loop
      vertex 53.456251 41.522871 38.311109
      vertex 57.297603 39.501675 40.579121
      vertex 53.426654 41.603623 40.574004
    endloop
  endfacet
  facet normal 0.481750 0.875950 -0.025064
    outer loop
      vertex 52.921919 42.980741 39.253818
      vertex 48.915368 45.183975 39.244611
      vertex 48.854711 45.282263 41.513780
    endloop
  endfacet
  facet normal 0.481754 0.875948 -0.025053
    outer loop
      vertex 52.921919 42.980741 39.253818
      vertex 48.854711 45.282263 41.513780
      vertex 52.892112 43.062064 41.524004
    endloop
  endfacet
  facet normal -0.481758 -0.875949 0.024957
    outer loop
      vertex 50.002753 43.421978 38.301903
      vertex 53.456251 41.522871 38.311109
      vertex 53.426654 41.603623 40.574004
    endloop
  endfacet
  facet normal -0.481763 -0.875946 0.024967
    outer loop
      vertex 50.002753 43.421978 38.301903
      vertex 53.426654 41.603623 40.574004
      vertex 49.942523 43.519574 40.563780
    endloop
  endfacet
  facet normal 0.493823 0.869218 -0.024463
    outer loop
      vertex 48.915368 45.183975 39.244611
      vertex 45.195005 47.297266 39.232689
      vertex 45.105700 47.411828 41.500539
    endloop
  endfacet
  facet normal 0.493830 0.869215 -0.024449
    outer loop
      vertex 48.915368 45.183975 39.244611
      vertex 45.105700 47.411828 41.500539
      vertex 48.854711 45.282263 41.513780
    endloop
  endfacet
  facet normal -0.493834 -0.869215 0.024355
    outer loop
      vertex 46.795937 45.243556 38.289980
      vertex 50.002753 43.421978 38.301903
      vertex 49.942523 43.519574 40.563780
    endloop
  endfacet
  facet normal -0.493841 -0.869211 0.024368
    outer loop
      vertex 46.795937 45.243556 38.289980
      vertex 49.942523 43.519574 40.563780
      vertex 46.707262 45.357311 40.550539
    endloop
  endfacet
  facet normal -0.998530 -0.039180 -0.037460
    outer loop
      vertex 45.195005 47.297266 39.232689
      vertex 45.303316 44.603876 39.162625
      vertex 45.214845 44.697698 41.422730
    endloop
  endfacet
  facet normal -0.998538 -0.039084 -0.037346
    outer loop
      vertex 45.195005 47.297266 39.232689
      vertex 45.214845 44.697698 41.422730
      vertex 45.105700 47.411828 41.500539
    endloop
  endfacet
  facet normal 0.998545 0.039032 0.037206
    outer loop
      vertex 46.889298 42.921954 38.219916
      vertex 46.795937 45.243556 38.289980
      vertex 46.707262 45.357311 40.550539
    endloop
  endfacet
  facet normal 0.998545 0.038915 0.037328
    outer loop
      vertex 46.889298 42.921954 38.219916
      vertex 46.707262 45.357311 40.550539
      vertex 46.801450 43.015115 40.472730
    endloop
  endfacet
  facet normal -0.998648 -0.035730 -0.037747
    outer loop
      vertex 45.303316 44.603876 39.162625
      vertex 45.406601 41.802270 39.081966
      vertex 45.318926 41.874520 41.333154
    endloop
  endfacet
  facet normal -0.998657 -0.035624 -0.037613
    outer loop
      vertex 45.303316 44.603876 39.162625
      vertex 45.318926 41.874520 41.333154
      vertex 45.214845 44.697698 41.422730
    endloop
  endfacet
  facet normal 0.998665 0.035566 0.037472
    outer loop
      vertex 46.978326 40.507074 38.139257
      vertex 46.889298 42.921954 38.219916
      vertex 46.801450 43.015115 40.472730
    endloop
  endfacet
  facet normal 0.998664 0.035434 0.037613
    outer loop
      vertex 46.978326 40.507074 38.139257
      vertex 46.801450 43.015115 40.472730
      vertex 46.891268 40.578814 40.383154
    endloop
  endfacet
  facet normal -0.998586 -0.037324 -0.037853
    outer loop
      vertex 45.406601 41.802270 39.081966
      vertex 45.519727 38.869305 38.989563
      vertex 45.432924 38.918970 41.230538
    endloop
  endfacet
  facet normal -0.998596 -0.037208 -0.037697
    outer loop
      vertex 45.406601 41.802270 39.081966
      vertex 45.432924 38.918970 41.230538
      vertex 45.318926 41.874520 41.333154
    endloop
  endfacet
  facet normal 0.998604 0.037144 0.037556
    outer loop
      vertex 47.075837 37.978966 38.046854
      vertex 46.978326 40.507074 38.139257
      vertex 46.891268 40.578814 40.383154
    endloop
  endfacet
  facet normal 0.998603 0.036999 0.037717
    outer loop
      vertex 47.075837 37.978966 38.046854
      vertex 46.891268 40.578814 40.383154
      vertex 46.989644 38.028282 40.280538
    endloop
  endfacet
  facet normal -0.998064 -0.049427 -0.037746
    outer loop
      vertex 45.519727 38.869305 38.989563
      vertex 45.676176 35.790182 38.884782
      vertex 45.590576 35.816138 41.114173
    endloop
  endfacet
  facet normal -0.998077 -0.049303 -0.037568
    outer loop
      vertex 45.519727 38.869305 38.989563
      vertex 45.590576 35.816138 41.114173
      vertex 45.432924 38.918970 41.230538
    endloop
  endfacet
  facet normal 0.998086 0.049235 0.037427
    outer loop
      vertex 47.210689 35.324877 37.942073
      vertex 47.075837 37.978966 38.046854
      vertex 46.989644 38.028282 40.280538
    endloop
  endfacet
  facet normal 0.998087 0.049078 0.037608
    outer loop
      vertex 47.210689 35.324877 37.942073
      vertex 46.989644 38.028282 40.280538
      vertex 47.125693 35.350650 40.164173
    endloop
  endfacet
  facet normal -0.996288 -0.077464 -0.037552
    outer loop
      vertex 45.676176 35.790182 38.884782
      vertex 45.929567 32.587422 38.768850
      vertex 45.845919 32.588716 40.985426
    endloop
  endfacet
  facet normal -0.996305 -0.077334 -0.037354
    outer loop
      vertex 45.676176 35.790182 38.884782
      vertex 45.845919 32.588716 40.985426
      vertex 45.590576 35.816138 41.114173
    endloop
  endfacet
  facet normal 0.996316 0.077262 0.037213
    outer loop
      vertex 47.429103 32.564216 37.826141
      vertex 47.210689 35.324877 37.942073
      vertex 47.125693 35.350650 40.164173
    endloop
  endfacet
  facet normal 0.996321 0.077096 0.037412
    outer loop
      vertex 47.429103 32.564216 37.826141
      vertex 47.125693 35.350650 40.164173
      vertex 47.346044 32.565502 40.035426
    endloop
  endfacet
  facet normal -0.992210 -0.118771 -0.037588
    outer loop
      vertex 45.929567 32.587422 38.768850
      vertex 46.321861 29.349102 38.645951
      vertex 46.241234 29.325461 40.848942
    endloop
  endfacet
  facet normal -0.992234 -0.118637 -0.037375
    outer loop
      vertex 45.929567 32.587422 38.768850
      vertex 46.241234 29.325461 40.848942
      vertex 45.845919 32.588716 40.985426
    endloop
  endfacet
  facet normal 0.992248 0.118563 0.037235
    outer loop
      vertex 47.767246 29.772905 37.703242
      vertex 47.429103 32.564216 37.826141
      vertex 47.346044 32.565502 40.035426
    endloop
  endfacet
  facet normal 0.992261 0.118389 0.037446
    outer loop
      vertex 47.767246 29.772905 37.703242
      vertex 47.346044 32.565502 40.035426
      vertex 47.687187 29.749430 39.898942
    endloop
  endfacet
  facet normal -0.986593 -0.158704 -0.038033
    outer loop
      vertex 46.321861 29.349102 38.645951
      vertex 46.834495 26.192148 38.521326
      vertex 46.757814 26.144198 40.710540
    endloop
  endfacet
  facet normal -0.986624 -0.158565 -0.037811
    outer loop
      vertex 46.321861 29.349102 38.645951
      vertex 46.757814 26.144198 40.710540
      vertex 46.241234 29.325461 40.848942
    endloop
  endfacet
  facet normal 0.986642 0.158488 0.037669
    outer loop
      vertex 48.209117 27.051728 37.578617
      vertex 47.767246 29.772905 37.703242
      vertex 47.687187 29.749430 39.898942
    endloop
  endfacet
  facet normal 0.986663 0.158307 0.037885
    outer loop
      vertex 48.209117 27.051728 37.578617
      vertex 47.687187 29.749430 39.898942
      vertex 48.132977 27.004116 39.760540
    endloop
  endfacet
  facet normal -0.982149 -0.184089 -0.038657
    outer loop
      vertex 46.834495 26.192148 38.521326
      vertex 47.403426 23.182698 38.397922
      vertex 47.331127 23.111575 40.573494
    endloop
  endfacet
  facet normal -0.982185 -0.183944 -0.038431
    outer loop
      vertex 46.834495 26.192148 38.521326
      vertex 47.331127 23.111575 40.573494
      vertex 46.757814 26.144198 40.710540
    endloop
  endfacet
  facet normal 0.982206 0.183863 0.038287
    outer loop
      vertex 48.699515 24.457693 37.455213
      vertex 48.209117 27.051728 37.578617
      vertex 48.132977 27.004116 39.760540
    endloop
  endfacet
  facet normal 0.982233 0.183673 0.038503
    outer loop
      vertex 48.699515 24.457693 37.455213
      vertex 48.132977 27.004116 39.760540
      vertex 48.627725 24.387072 39.623494
    endloop
  endfacet
  facet normal 0.000000 0.000000 -1.000000
    outer loop
      vertex 52.345840 28.044676 4.311286
      vertex 56.015273 28.110220 4.311286
      vertex 54.112286 28.058989 4.311286
    endloop
  endfacet
  facet normal 0.000000 0.000000 -1.000000
    outer loop
      vertex 52.345840 28.044676 4.311286
      vertex 57.998872 28.271553 4.311286
      vertex 56.015273 28.110220 4.311286
    endloop
  endfacet
  facet normal 0.000000 0.000000 -1.000000
    outer loop
      vertex 52.345840 28.044676 4.311286
      vertex 59.909911 28.542344 4.311286
      vertex 57.998872 28.271553 4.311286
    endloop
  endfacet
  facet normal 0.000000 0.000000 -1.000000
    outer loop
      vertex 52.345840 28.044676 4.311286
      vertex 61.678953 28.839749 4.311286
      vertex 59.909911 28.542344 4.311286
    endloop
  endfacet
  facet normal 0.000000 0.000000 -1.000000
    outer loop
      vertex 52.345840 28.044676 4.311286
      vertex 63.330991 29.118216 4.311286
      vertex 61.678953 28.839749 4.311286
    endloop
  endfacet
  facet normal 0.000000 0.000000 -1.000000
    outer loop
      vertex 52.345840 28.044676 4.311286
      vertex 64.900008 29.370440 4.311286
      vertex 63.330991 29.118216 4.311286
    endloop
  endfacet
  facet normal 0.000000 0.000000 -1.000000
    outer loop
      vertex 52.345840 28.044676 4.311286
      vertex 66.408687 29.599849 4.311286
      vertex 64.900008 29.370440 4.311286
    endloop
  endfacet
  facet normal 0.000000 0.000000 -1.000000
    outer loop
      vertex 52.345840 28.044676 4.311286
      vertex 64.813660 30.757101 4.311286
      vertex 66.408687 29.599849 4.311286
    endloop
  endfacet
  facet normal 0.000000 0.000000 -1.000000
    outer loop
      vertex 52.345840 28.044676 4.311286
      vertex 63.146399 31.998455 4.311286
      vertex 64.813660 30.757101 4.311286
    endloop
  endfacet
  facet normal 0.000000 0.000000 -1.000000
    outer loop
      vertex 52.345840 28.044676 4.311286
      vertex 61.358273 33.367056 4.311286
      vertex 63.146399 31.998455 4.311286
    endloop
  endfacet
  facet normal 0.000000 0.000000 -1.000000
    outer loop
      vertex 52.345840 28.044676 4.311286
      vertex 59.329634 34.878607 4.311286
      vertex 61.358273 33.367056 4.311286
    endloop
  endfacet
  facet normal 0.000000 0.000000 -1.000000
    outer loop
      vertex 52.345840 28.044676 4.311286
      vertex 57.067755 36.276612 4.311286
      vertex 59.329634 34.878607 4.311286
    endloop
  endfacet
  facet normal 0.000000 0.000000 -1.000000
    outer loop
      vertex 52.345840 28.044676 4.311286
      vertex 54.959503 37.421406 4.311286
      vertex 57.067755 36.276612 4.311286
    endloop
  endfacet
  facet normal 0.000000 0.000000 -1.000000
    outer loop
      vertex 52.345840 28.044676 4.311286
      vertex 53.061924 38.464899 4.311286
      vertex 54.959503 37.421406 4.311286
    endloop
  endfacet
  facet normal 0.000000 0.000000 -1.000000
    outer loop
      vertex 52.345840 28.044676 4.311286
      vertex 51.299889 39.465794 4.311286
      vertex 53.061924 38.464899 4.311286
    endloop
  endfacet
  facet normal 0.000000 0.000000 -1.000000
    outer loop
      vertex 52.345840 28.044676 4.311286
      vertex 51.351187 38.190153 4.311286
      vertex 51.299889 39.465794 4.311286
    endloop
  endfacet
  facet normal 0.000000 0.000000 -1.000000
    outer loop
      vertex 52.345840 28.044676 4.311286
      vertex 51.400105 36.863260 4.311286
      vertex 51.351187 38.190153 4.311286
    endloop
  endfacet
  facet normal 0.000000 0.000000 -1.000000
    outer loop
      vertex 52.345840 28.044676 4.311286
      vertex 51.453684 35.474151 4.311286
      vertex 51.400105 36.863260 4.311286
    endloop
  endfacet
  facet normal 0.000000 0.000000 -1.000000
    outer loop
      vertex 52.345840 28.044676 4.311286
      vertex 51.527781 34.015820 4.311286
      vertex 51.453684 35.474151 4.311286
    endloop
  endfacet
  facet normal 0.000000 0.000000 -1.000000
    outer loop
      vertex 52.345840 28.044676 4.311286
      vertex 51.647792 32.498932 4.311286
      vertex 51.527781 34.015820 4.311286
    endloop
  endfacet
  facet normal 0.000000 0.000000 -1.000000
    outer loop
      vertex 52.345840 28.044676 4.311286
      vertex 51.833590 30.965202 4.311286
      vertex 51.647792 32.498932 4.311286
    endloop
  endfacet
  facet normal 0.000000 0.000000 -1.000000
    outer loop
      vertex 52.345840 28.044676 4.311286
      vertex 52.076383 29.470009 4.311286
      vertex 51.833590 30.965202 4.311286
    endloop
  endfacet
  facet normal -0.023783 0.607762 0.793763
    outer loop
      vertex 47.331127 23.111575 40.573494
      vertex 51.089524 23.142029 40.662786
      vertex 51.871085 24.413352 39.712786
    endloop
  endfacet
  facet normal -0.026687 0.614427 0.788522
    outer loop
      vertex 47.331127 23.111575 40.573494
      vertex 51.871085 24.413352 39.712786
      vertex 48.627725 24.387072 39.623494
    endloop
  endfacet
  facet normal -0.035227 0.606791 0.794081
    outer loop
      vertex 51.089524 23.142029 40.662786
      vertex 55.138431 23.251030 40.759111
      vertex 55.365146 24.507416 39.809111
    endloop
  endfacet
  facet normal -0.038259 0.613139 0.789048
    outer loop
      vertex 51.089524 23.142029 40.662786
      vertex 55.365146 24.507416 39.809111
      vertex 51.871085 24.413352 39.712786
    endloop
  endfacet
  facet normal -0.069290 0.603720 0.794180
    outer loop
      vertex 55.138431 23.251030 40.759111
      vertex 59.358854 23.594293 40.866389
      vertex 59.007219 24.803639 39.916389
    endloop
  endfacet
  facet normal -0.072847 0.609856 0.789157
    outer loop
      vertex 55.138431 23.251030 40.759111
      vertex 59.007219 24.803639 39.916389
      vertex 55.365146 24.507416 39.809111
    endloop
  endfacet
  facet normal -0.105189 0.588887 0.801341
    outer loop
      vertex 59.358854 23.594293 40.866389
      vertex 63.424896 24.170444 40.976724
      vertex 62.516066 25.300837 40.026724
    endloop
  endfacet
  facet normal -0.109255 0.594204 0.796859
    outer loop
      vertex 59.358854 23.594293 40.866389
      vertex 62.516066 25.300837 40.026724
      vertex 59.007219 24.803639 39.916389
    endloop
  endfacet
  facet normal -0.118617 0.574961 0.809537
    outer loop
      vertex 63.424896 24.170444 40.976724
      vertex 67.188815 24.803221 41.078810
      vertex 65.764192 25.846900 40.128810
    endloop
  endfacet
  facet normal -0.122655 0.578877 0.806137
    outer loop
      vertex 63.424896 24.170444 40.976724
      vertex 65.764192 25.846900 40.128810
      vertex 62.516066 25.300837 40.026724
    endloop
  endfacet
  facet normal -0.117202 0.570332 0.813010
    outer loop
      vertex 67.188815 24.803221 41.078810
      vertex 70.703790 25.395703 41.169891
      vertex 68.797488 26.358192 40.219891
    endloop
  endfacet
  facet normal -0.120906 0.572875 0.810677
    outer loop
      vertex 67.188815 24.803221 41.078810
      vertex 68.797488 26.358192 40.219891
      vertex 65.764192 25.846900 40.128810
    endloop
  endfacet
  facet normal -0.111715 0.571635 0.812867
    outer loop
      vertex 70.703790 25.395703 41.169891
      vertex 74.042123 25.932350 41.251303
      vertex 71.678349 26.821298 40.301303
    endloop
  endfacet
  facet normal -0.115046 0.573030 0.811419
    outer loop
      vertex 70.703790 25.395703 41.169891
      vertex 71.678349 26.821298 40.301303
      vertex 68.797488 26.358192 40.219891
    endloop
  endfacet
  facet normal -0.106056 0.575441 0.810938
    outer loop
      vertex 74.042123 25.932350 41.251303
      vertex 77.252078 26.420454 41.324747
      vertex 74.448425 27.242514 40.374747
    endloop
  endfacet
  facet normal -0.109051 0.575891 0.810221
    outer loop
      vertex 74.042123 25.932350 41.251303
      vertex 74.448425 27.242514 40.374747
      vertex 71.678349 26.821298 40.301303
    endloop
  endfacet
  facet normal -0.407327 -0.575584 0.709075
    outer loop
      vertex 77.252078 26.420454 41.324747
      vertex 73.858404 28.882694 41.373952
      vertex 71.519807 29.367338 40.423952
    endloop
  endfacet
  facet normal -0.408811 -0.579780 0.704790
    outer loop
      vertex 77.252078 26.420454 41.324747
      vertex 71.519807 29.367338 40.423952
      vertex 74.448425 27.242514 40.374747
    endloop
  endfacet
  facet normal -0.407104 -0.560093 0.721500
    outer loop
      vertex 73.858404 28.882694 41.373952
      vertex 70.311040 31.523872 41.422680
      vertex 68.458560 31.646580 40.472680
    endloop
  endfacet
  facet normal -0.408437 -0.563917 0.717759
    outer loop
      vertex 73.858404 28.882694 41.373952
      vertex 68.458560 31.646580 40.472680
      vertex 71.519807 29.367338 40.423952
    endloop
  endfacet
  facet normal -0.408605 -0.546037 0.731358
    outer loop
      vertex 70.311040 31.523872 41.422680
      vertex 66.506516 34.435789 41.471174
      vertex 65.175393 34.159459 40.521174
    endloop
  endfacet
  facet normal -0.409795 -0.549463 0.728120
    outer loop
      vertex 70.311040 31.523872 41.422680
      vertex 65.175393 34.159459 40.521174
      vertex 68.458560 31.646580 40.472680
    endloop
  endfacet
  facet normal -0.403542 -0.551248 0.730260
    outer loop
      vertex 66.506516 34.435789 41.471174
      vertex 62.190264 37.651853 41.513708
      vertex 61.450623 36.934806 40.563708
    endloop
  endfacet
  facet normal -0.404408 -0.553906 0.727766
    outer loop
      vertex 66.506516 34.435789 41.471174
      vertex 61.450623 36.934806 40.563708
      vertex 65.175393 34.159459 40.521174
    endloop
  endfacet
  facet normal -0.360372 -0.586815 0.725107
    outer loop
      vertex 62.190264 37.651853 41.513708
      vertex 57.377756 40.626333 41.529121
      vertex 57.297603 39.501675 40.579121
    endloop
  endfacet
  facet normal -0.360552 -0.587698 0.724302
    outer loop
      vertex 62.190264 37.651853 41.513708
      vertex 57.297603 39.501675 40.579121
      vertex 61.450623 36.934806 40.563708
    endloop
  endfacet
  facet normal -0.324968 -0.596920 0.733541
    outer loop
      vertex 57.377756 40.626333 41.529121
      vertex 52.892112 43.062064 41.524004
      vertex 53.426654 41.603623 40.574004
    endloop
  endfacet
  facet normal -0.324956 -0.596652 0.733764
    outer loop
      vertex 57.377756 40.626333 41.529121
      vertex 53.426654 41.603623 40.574004
      vertex 57.297603 39.501675 40.579121
    endloop
  endfacet
  facet normal -0.330502 -0.597649 0.730469
    outer loop
      vertex 52.892112 43.062064 41.524004
      vertex 48.854711 45.282263 41.513780
      vertex 49.942523 43.519574 40.563780
    endloop
  endfacet
  facet normal -0.330546 -0.597193 0.730821
    outer loop
      vertex 52.892112 43.062064 41.524004
      vertex 49.942523 43.519574 40.563780
      vertex 53.426654 41.603623 40.574004
    endloop
  endfacet
  facet normal -0.344311 -0.601664 0.720730
    outer loop
      vertex 48.854711 45.282263 41.513780
      vertex 45.105700 47.411828 41.500539
      vertex 46.707262 45.357311 40.550539
    endloop
  endfacet
  facet normal -0.344444 -0.601185 0.721065
    outer loop
      vertex 48.854711 45.282263 41.513780
      vertex 46.707262 45.357311 40.550539
      vertex 49.942523 43.519574 40.563780
    endloop
  endfacet
  facet normal 0.510489 -0.004122 0.859874
    outer loop
      vertex 45.105700 47.411828 41.500539
      vertex 45.214845 44.697698 41.422730
      vertex 46.801450 43.015115 40.472730
    endloop
  endfacet
  facet normal 0.502024 -0.008541 0.864811
    outer loop
      vertex 45.105700 47.411828 41.500539
      vertex 46.801450 43.015115 40.472730
      vertex 46.707262 45.357311 40.550539
    endloop
  endfacet
  facet normal 0.512050 -0.008375 0.858915
    outer loop
      vertex 45.214845 44.697698 41.422730
      vertex 45.318926 41.874520 41.333154
      vertex 46.891268 40.578814 40.383154
    endloop
  endfacet
  facet normal 0.503320 -0.013211 0.863999
    outer loop
      vertex 45.214845 44.697698 41.422730
      vertex 46.891268 40.578814 40.383154
      vertex 46.801450 43.015115 40.472730
    endloop
  endfacet
  facet normal 0.516808 -0.009788 0.856046
    outer loop
      vertex 45.318926 41.874520 41.333154
      vertex 45.432924 38.918970 41.230538
      vertex 46.989644 38.028282 40.280538
    endloop
  endfacet
  facet normal 0.507954 -0.015059 0.861252
    outer loop
      vertex 45.318926 41.874520 41.333154
      vertex 46.989644 38.028282 40.280538
      vertex 46.891268 40.578814 40.383154
    endloop
  endfacet
  facet normal 0.525074 -0.005237 0.851040
    outer loop
      vertex 45.432924 38.918970 41.230538
      vertex 45.590576 35.816138 41.114173
      vertex 47.125693 35.350650 40.164173
    endloop
  endfacet
  facet normal 0.516302 -0.010982 0.856336
    outer loop
      vertex 45.432924 38.918970 41.230538
      vertex 47.125693 35.350650 40.164173
      vertex 46.989644 38.028282 40.280538
    endloop
  endfacet
  facet normal 0.535096 0.008636 0.844747
    outer loop
      vertex 45.590576 35.816138 41.114173
      vertex 45.845919 32.588716 40.985426
      vertex 47.346044 32.565502 40.035426
    endloop
  endfacet
  facet normal 0.526751 0.002382 0.850016
    outer loop
      vertex 45.590576 35.816138 41.114173
      vertex 47.346044 32.565502 40.035426
      vertex 47.125693 35.350650 40.164173
    endloop
  endfacet
  facet normal 0.542555 0.030616 0.839462
    outer loop
      vertex 45.845919 32.588716 40.985426
      vertex 46.241234 29.325461 40.848942
      vertex 47.687187 29.749430 39.898942
    endloop
  endfacet
  facet normal 0.535131 0.023900 0.844431
    outer loop
      vertex 45.845919 32.588716 40.985426
      vertex 47.687187 29.749430 39.898942
      vertex 47.346044 32.565502 40.035426
    endloop
  endfacet
  facet normal 0.545330 0.052156 0.836597
    outer loop
      vertex 46.241234 29.325461 40.848942
      vertex 46.757814 26.144198 40.710540
      vertex 48.132977 27.004116 39.760540
    endloop
  endfacet
  facet normal 0.539253 0.045171 0.840932
    outer loop
      vertex 46.241234 29.325461 40.848942
      vertex 48.132977 27.004116 39.760540
      vertex 47.687187 29.749430 39.898942
    endloop
  endfacet
  facet normal 0.546905 0.065675 0.834615
    outer loop
      vertex 46.757814 26.144198 40.710540
      vertex 47.331127 23.111575 40.573494
      vertex 48.627725 24.387072 39.623494
    endloop
  endfacet
  facet normal 0.542328 0.058637 0.838118
    outer loop
      vertex 46.757814 26.144198 40.710540
      vertex 48.627725 24.387072 39.623494
      vertex 48.132977 27.004116 39.760540
    endloop
  endfacet
  facet normal 0.000000 0.000000 1.000000
    outer loop
      vertex 53.473752 29.154232 8.734345
      vertex 54.792168 29.164915 8.734345
      vertex 56.212493 29.203152 8.734345
    endloop
  endfacet
  facet normal 0.000000 0.000000 1.000000
    outer loop
      vertex 53.473752 29.154232 8.734345
      vertex 56.212493 29.203152 8.734345
      vertex 57.692983 29.323566 8.734345
    endloop
  endfacet
  facet normal 0.000000 0.000000 1.000000
    outer loop
      vertex 53.473752 29.154232 8.734345
      vertex 57.692983 29.323566 8.734345
      vertex 59.119319 29.525675 8.734345
    endloop
  endfacet
  facet normal 0.000000 0.000000 1.000000
    outer loop
      vertex 53.473752 29.154232 8.734345
      vertex 59.119319 29.525675 8.734345
      vertex 60.439671 29.747648 8.734345
    endloop
  endfacet
  facet normal 0.000000 0.000000 1.000000
    outer loop
      vertex 53.473752 29.154232 8.734345
      vertex 60.439671 29.747648 8.734345
      vertex 61.672697 29.955486 8.734345
    endloop
  endfacet
  facet normal 0.000000 0.000000 1.000000
    outer loop
      vertex 53.473752 29.154232 8.734345
      vertex 61.672697 29.955486 8.734345
      vertex 62.843757 30.143737 8.734345
    endloop
  endfacet
  facet normal 0.000000 0.000000 1.000000
    outer loop
      vertex 53.473752 29.154232 8.734345
      vertex 62.843757 30.143737 8.734345
      vertex 63.969784 30.314960 8.734345
    endloop
  endfacet
  facet normal 0.000000 0.000000 1.000000
    outer loop
      vertex 53.473752 29.154232 8.734345
      vertex 63.969784 30.314960 8.734345
      vertex 62.779310 31.178695 8.734345
    endloop
  endfacet
  facet normal 0.000000 0.000000 1.000000
    outer loop
      vertex 53.473752 29.154232 8.734345
      vertex 62.779310 31.178695 8.734345
      vertex 61.534923 32.105199 8.734345
    endloop
  endfacet
  facet normal 0.000000 0.000000 1.000000
    outer loop
      vertex 53.473752 29.154232 8.734345
      vertex 61.534923 32.105199 8.734345
      vertex 60.200326 33.126676 8.734345
    endloop
  endfacet
  facet normal 0.000000 0.000000 1.000000
    outer loop
      vertex 53.473752 29.154232 8.734345
      vertex 60.200326 33.126676 8.734345
      vertex 58.686219 34.254846 8.734345
    endloop
  endfacet
  facet normal 0.000000 0.000000 1.000000
    outer loop
      vertex 53.473752 29.154232 8.734345
      vertex 58.686219 34.254846 8.734345
      vertex 56.998030 35.298270 8.734345
    endloop
  endfacet
  facet normal 0.000000 0.000000 1.000000
    outer loop
      vertex 53.473752 29.154232 8.734345
      vertex 56.998030 35.298270 8.734345
      vertex 55.424502 36.152705 8.734345
    endloop
  endfacet
  facet normal 0.000000 0.000000 1.000000
    outer loop
      vertex 53.473752 29.154232 8.734345
      vertex 55.424502 36.152705 8.734345
      vertex 54.008213 36.931533 8.734345
    endloop
  endfacet
  facet normal 0.000000 -0.000000 1.000000
    outer loop
      vertex 53.473752 29.154232 8.734345
      vertex 54.008213 36.931533 8.734345
      vertex 52.693090 37.678567 8.734345
    endloop
  endfacet
  facet normal 0.000000 0.000000 1.000000
    outer loop
      vertex 53.473752 29.154232 8.734345
      vertex 52.693090 37.678567 8.734345
      vertex 52.731378 36.726472 8.734345
    endloop
  endfacet
  facet normal 0.000000 0.000000 1.000000
    outer loop
      vertex 53.473752 29.154232 8.734345
      vertex 52.731378 36.726472 8.734345
      vertex 52.767888 35.736124 8.734345
    endloop
  endfacet
  facet normal 0.000000 0.000000 1.000000
    outer loop
      vertex 53.473752 29.154232 8.734345
      vertex 52.767888 35.736124 8.734345
      vertex 52.807878 34.699341 8.734345
    endloop
  endfacet
  facet normal 0.000000 0.000000 1.000000
    outer loop
      vertex 53.473752 29.154232 8.734345
      vertex 52.807878 34.699341 8.734345
      vertex 52.863181 33.610892 8.734345
    endloop
  endfacet
  facet normal 0.000000 0.000000 1.000000
    outer loop
      vertex 53.473752 29.154232 8.734345
      vertex 52.863181 33.610892 8.734345
      vertex 52.952753 32.478738 8.734345
    endloop
  endfacet
  facet normal 0.000000 0.000000 1.000000
    outer loop
      vertex 53.473752 29.154232 8.734345
      vertex 52.952753 32.478738 8.734345
      vertex 53.091427 31.334014 8.734345
    endloop
  endfacet
  facet normal 0.000000 0.000000 1.000000
    outer loop
      vertex 53.473752 29.154232 8.734345
      vertex 53.091427 31.334014 8.734345
      vertex 53.272639 30.218052 8.734345
    endloop
  endfacet
  facet normal 0.999366 -0.030189 -0.018850
    outer loop
      vertex 72.513547 65.900753 4.311286
      vertex 72.559110 67.409074 4.311286
      vertex 72.603303 67.360153 6.732582
    endloop
  endfacet
  facet normal 0.999366 -0.030189 -0.018850
    outer loop
      vertex 72.513547 65.900753 4.311286
      vertex 72.603303 67.360153 6.732582
      vertex 72.557327 65.838150 6.732582
    endloop
  endfacet
  facet normal 0.999300 -0.032280 -0.018891
    outer loop
      vertex 72.559110 67.409074 4.311286
      vertex 72.610382 68.996304 4.311286
      vertex 72.655040 68.961779 6.732582
    endloop
  endfacet
  facet normal 0.999300 -0.032280 -0.018891
    outer loop
      vertex 72.559110 67.409074 4.311286
      vertex 72.655040 68.961779 6.732582
      vertex 72.603303 67.360153 6.732582
    endloop
  endfacet
  facet normal 0.999559 -0.023034 -0.018764
    outer loop
      vertex 72.610382 68.996304 4.311286
      vertex 72.649189 70.680369 4.311286
      vertex 72.694199 70.661119 6.732582
    endloop
  endfacet
  facet normal 0.999559 -0.023034 -0.018764
    outer loop
      vertex 72.610382 68.996304 4.311286
      vertex 72.694199 70.661119 6.732582
      vertex 72.655040 68.961779 6.732582
    endloop
  endfacet
  facet normal 0.999799 0.007709 -0.018524
    outer loop
      vertex 72.649189 70.680369 4.311286
      vertex 72.635503 72.455499 4.311286
      vertex 72.680388 72.452351 6.732582
    endloop
  endfacet
  facet normal 0.999799 0.007709 -0.018524
    outer loop
      vertex 72.649189 70.680369 4.311286
      vertex 72.680388 72.452351 6.732582
      vertex 72.694199 70.661119 6.732582
    endloop
  endfacet
  facet normal 0.998155 0.057853 -0.018429
    outer loop
      vertex 72.635503 72.455499 4.311286
      vertex 72.531101 74.256760 4.311286
      vertex 72.575040 74.269950 6.732582
    endloop
  endfacet
  facet normal 0.998155 0.057853 -0.018429
    outer loop
      vertex 72.635503 72.455499 4.311286
      vertex 72.575040 74.269950 6.732582
      vertex 72.680388 72.452351 6.732582
    endloop
  endfacet
  facet normal 0.994534 0.102743 -0.018607
    outer loop
      vertex 72.531101 74.256760 4.311286
      vertex 72.351663 75.993681 4.311286
      vertex 72.393975 76.022625 6.732582
    endloop
  endfacet
  facet normal 0.994534 0.102743 -0.018607
    outer loop
      vertex 72.531101 74.256760 4.311286
      vertex 72.393975 76.022625 6.732582
      vertex 72.575040 74.269950 6.732582
    endloop
  endfacet
  facet normal 0.992020 0.124666 -0.018825
    outer loop
      vertex 72.351663 75.993681 4.311286
      vertex 72.146141 77.629107 4.311286
      vertex 72.186589 77.672884 6.732582
    endloop
  endfacet
  facet normal 0.992020 0.124666 -0.018825
    outer loop
      vertex 72.351663 75.993681 4.311286
      vertex 72.186589 77.672884 6.732582
      vertex 72.393975 76.022625 6.732582
    endloop
  endfacet
  facet normal 0.991515 0.128611 -0.018888
    outer loop
      vertex 72.146141 77.629107 4.311286
      vertex 71.945834 79.173356 4.311286
      vertex 71.984465 79.231141 6.732582
    endloop
  endfacet
  facet normal 0.991515 0.128611 -0.018888
    outer loop
      vertex 72.146141 77.629107 4.311286
      vertex 71.984465 79.231141 6.732582
      vertex 72.186589 77.672884 6.732582
    endloop
  endfacet
  facet normal -0.318533 0.947750 -0.017536
    outer loop
      vertex 71.945834 79.173356 4.311286
      vertex 70.344484 78.635152 4.311286
      vertex 70.368589 78.688055 6.732582
    endloop
  endfacet
  facet normal -0.318533 0.947750 -0.017536
    outer loop
      vertex 71.945834 79.173356 4.311286
      vertex 70.368589 78.688055 6.732582
      vertex 71.984465 79.231141 6.732582
    endloop
  endfacet
  facet normal -0.319397 0.947459 -0.017521
    outer loop
      vertex 70.344484 78.635152 4.311286
      vertex 68.636934 78.059521 4.311286
      vertex 68.645552 78.107202 6.732582
    endloop
  endfacet
  facet normal -0.319397 0.947459 -0.017521
    outer loop
      vertex 70.344484 78.635152 4.311286
      vertex 68.645552 78.107202 6.732582
      vertex 70.368589 78.688055 6.732582
    endloop
  endfacet
  facet normal -0.341382 0.939765 -0.017291
    outer loop
      vertex 68.636934 78.059521 4.311286
      vertex 66.822195 77.400292 4.311286
      vertex 66.814352 77.441995 6.732582
    endloop
  endfacet
  facet normal -0.341382 0.939765 -0.017291
    outer loop
      vertex 68.636934 78.059521 4.311286
      vertex 66.814352 77.441995 6.732582
      vertex 68.645552 78.107202 6.732582
    endloop
  endfacet
  facet normal -0.391833 0.919877 -0.017112
    outer loop
      vertex 66.822195 77.400292 4.311286
      vertex 64.983267 76.616979 4.311286
      vertex 64.958744 76.651576 6.732582
    endloop
  endfacet
  facet normal -0.391833 0.919877 -0.017112
    outer loop
      vertex 66.822195 77.400292 4.311286
      vertex 64.958744 76.651576 6.732582
      vertex 66.814352 77.441995 6.732582
    endloop
  endfacet
  facet normal -0.441732 0.896980 -0.017291
    outer loop
      vertex 64.983267 76.616979 4.311286
      vertex 63.247968 75.762404 4.311286
      vertex 63.207706 75.789250 6.732582
    endloop
  endfacet
  facet normal -0.441732 0.896980 -0.017291
    outer loop
      vertex 64.983267 76.616979 4.311286
      vertex 63.207706 75.789250 6.732582
      vertex 64.958744 76.651576 6.732582
    endloop
  endfacet
  facet normal -0.463343 0.886005 -0.017528
    outer loop
      vertex 63.247968 75.762404 4.311286
      vertex 61.647743 74.925554 4.311286
      vertex 61.592966 74.944810 6.732582
    endloop
  endfacet
  facet normal -0.463343 0.886005 -0.017528
    outer loop
      vertex 63.247968 75.762404 4.311286
      vertex 61.592966 74.944810 6.732582
      vertex 63.207706 75.789250 6.732582
    endloop
  endfacet
  facet normal -0.464527 0.885385 -0.017550
    outer loop
      vertex 61.647743 74.925554 4.311286
      vertex 60.149129 74.139291 4.311286
      vertex 60.080759 74.151415 6.732582
    endloop
  endfacet
  facet normal -0.464527 0.885385 -0.017550
    outer loop
      vertex 61.647743 74.925554 4.311286
      vertex 60.080759 74.151415 6.732582
      vertex 61.592966 74.944810 6.732582
    endloop
  endfacet
  facet normal -0.458599 0.888473 -0.017398
    outer loop
      vertex 60.149129 74.139291 4.311286
      vertex 58.720386 73.401823 4.311286
      vertex 58.639056 73.407258 6.732582
    endloop
  endfacet
  facet normal -0.458599 0.888473 -0.017398
    outer loop
      vertex 60.149129 74.139291 4.311286
      vertex 58.639056 73.407258 6.732582
      vertex 60.080759 74.151415 6.732582
    endloop
  endfacet
  facet normal -0.535205 -0.844569 -0.016081
    outer loop
      vertex 58.720386 73.401823 4.311286
      vertex 60.201477 72.463254 4.311286
      vertex 60.133582 72.460175 6.732582
    endloop
  endfacet
  facet normal -0.535205 -0.844569 -0.016081
    outer loop
      vertex 58.720386 73.401823 4.311286
      vertex 60.133582 72.460175 6.732582
      vertex 58.639056 73.407258 6.732582
    endloop
  endfacet
  facet normal -0.542672 -0.839787 -0.016285
    outer loop
      vertex 60.201477 72.463254 4.311286
      vertex 61.759994 71.456135 4.311286
      vertex 61.706235 71.443922 6.732582
    endloop
  endfacet
  facet normal -0.542672 -0.839787 -0.016285
    outer loop
      vertex 60.201477 72.463254 4.311286
      vertex 61.706235 71.443922 6.732582
      vertex 60.133582 72.460175 6.732582
    endloop
  endfacet
  facet normal -0.542536 -0.839875 -0.016282
    outer loop
      vertex 61.759994 71.456135 4.311286
      vertex 63.441165 70.370146 4.311286
      vertex 63.402656 70.348082 6.732582
    endloop
  endfacet
  facet normal -0.542536 -0.839875 -0.016282
    outer loop
      vertex 61.759994 71.456135 4.311286
      vertex 63.402656 70.348082 6.732582
      vertex 61.706235 71.443922 6.732582
    endloop
  endfacet
  facet normal -0.515233 -0.856901 -0.016003
    outer loop
      vertex 63.441165 70.370146 4.311286
      vertex 65.298225 69.253541 4.311286
      vertex 65.276560 69.221350 6.732582
    endloop
  endfacet
  facet normal -0.515233 -0.856901 -0.016003
    outer loop
      vertex 63.441165 70.370146 4.311286
      vertex 65.276560 69.221350 6.732582
      vertex 63.402656 70.348082 6.732582
    endloop
  endfacet
  facet normal -0.455012 -0.890343 -0.015909
    outer loop
      vertex 65.298225 69.253541 4.311286
      vertex 67.261758 68.250074 4.311286
      vertex 67.257902 68.208780 6.732582
    endloop
  endfacet
  facet normal -0.455012 -0.890343 -0.015909
    outer loop
      vertex 65.298225 69.253541 4.311286
      vertex 67.257902 68.208780 6.732582
      vertex 65.276560 69.221350 6.732582
    endloop
  endfacet
  facet normal -0.411214 -0.911395 -0.016198
    outer loop
      vertex 67.261758 68.250074 4.311286
      vertex 69.143145 67.401208 4.311286
      vertex 69.156354 67.352214 6.732582
    endloop
  endfacet
  facet normal -0.411214 -0.911395 -0.016198
    outer loop
      vertex 67.261758 68.250074 4.311286
      vertex 69.156354 67.352214 6.732582
      vertex 67.257902 68.208780 6.732582
    endloop
  endfacet
  facet normal -0.403444 -0.914859 -0.016311
    outer loop
      vertex 69.143145 67.401208 4.311286
      vertex 70.884347 66.633355 4.311286
      vertex 70.913349 66.577397 6.732582
    endloop
  endfacet
  facet normal -0.403444 -0.914859 -0.016311
    outer loop
      vertex 69.143145 67.401208 4.311286
      vertex 70.913349 66.577397 6.732582
      vertex 69.156354 67.352214 6.732582
    endloop
  endfacet
  facet normal -0.410061 -0.911915 -0.016163
    outer loop
      vertex 70.884347 66.633355 4.311286
      vertex 72.513547 65.900753 4.311286
      vertex 72.557327 65.838150 6.732582
    endloop
  endfacet
  facet normal -0.410061 -0.911915 -0.016163
    outer loop
      vertex 70.884347 66.633355 4.311286
      vertex 72.557327 65.838150 6.732582
      vertex 70.913349 66.577397 6.732582
    endloop
  endfacet
  facet normal 0.998093 -0.030150 -0.053861
    outer loop
      vertex 72.557327 65.838150 6.732582
      vertex 72.603303 67.360153 6.732582
      vertex 72.730347 67.219515 9.165554
    endloop
  endfacet
  facet normal 0.998093 -0.030150 -0.053861
    outer loop
      vertex 72.557327 65.838150 6.732582
      vertex 72.730347 67.219515 9.165554
      vertex 72.683183 65.658183 9.165554
    endloop
  endfacet
  facet normal 0.998022 -0.032239 -0.053978
    outer loop
      vertex 72.603303 67.360153 6.732582
      vertex 72.655040 68.961779 6.732582
      vertex 72.783421 68.862528 9.165554
    endloop
  endfacet
  facet normal 0.998022 -0.032239 -0.053978
    outer loop
      vertex 72.603303 67.360153 6.732582
      vertex 72.783421 68.862528 9.165554
      vertex 72.730347 67.219515 9.165554
    endloop
  endfacet
  facet normal 0.998297 -0.023004 -0.053616
    outer loop
      vertex 72.655040 68.961779 6.732582
      vertex 72.694199 70.661119 6.732582
      vertex 72.823592 70.605781 9.165554
    endloop
  endfacet
  facet normal 0.998297 -0.023004 -0.053616
    outer loop
      vertex 72.655040 68.961779 6.732582
      vertex 72.823592 70.605781 9.165554
      vertex 72.783421 68.862528 9.165554
    endloop
  endfacet
  facet normal 0.998568 0.007699 -0.052932
    outer loop
      vertex 72.694199 70.661119 6.732582
      vertex 72.680388 72.452351 6.732582
      vertex 72.809424 72.443299 9.165554
    endloop
  endfacet
  facet normal 0.998568 0.007699 -0.052932
    outer loop
      vertex 72.694199 70.661119 6.732582
      vertex 72.809424 72.443299 9.165554
      vertex 72.823592 70.605781 9.165554
    endloop
  endfacet
  facet normal 0.996939 0.057783 -0.052659
    outer loop
      vertex 72.680388 72.452351 6.732582
      vertex 72.575040 74.269950 6.732582
      vertex 72.701354 74.307866 9.165554
    endloop
  endfacet
  facet normal 0.996939 0.057783 -0.052659
    outer loop
      vertex 72.680388 72.452351 6.732582
      vertex 72.701354 74.307866 9.165554
      vertex 72.809424 72.443299 9.165554
    endloop
  endfacet
  facet normal 0.993299 0.102616 -0.053169
    outer loop
      vertex 72.575040 74.269950 6.732582
      vertex 72.393975 76.022625 6.732582
      vertex 72.515609 76.105831 9.165554
    endloop
  endfacet
  facet normal 0.993299 0.102616 -0.053169
    outer loop
      vertex 72.575040 74.269950 6.732582
      vertex 72.515609 76.105831 9.165554
      vertex 72.701354 74.307866 9.165554
    endloop
  endfacet
  facet normal 0.990760 0.124508 -0.053790
    outer loop
      vertex 72.393975 76.022625 6.732582
      vertex 72.186589 77.672884 6.732582
      vertex 72.302864 77.798734 9.165554
    endloop
  endfacet
  facet normal 0.990760 0.124508 -0.053790
    outer loop
      vertex 72.393975 76.022625 6.732582
      vertex 72.302864 77.798734 9.165554
      vertex 72.515609 76.105831 9.165554
    endloop
  endfacet
  facet normal 0.990247 0.128446 -0.053970
    outer loop
      vertex 72.186589 77.672884 6.732582
      vertex 71.984465 79.231141 6.732582
      vertex 72.095517 79.397257 9.165554
    endloop
  endfacet
  facet normal 0.990247 0.128446 -0.053970
    outer loop
      vertex 72.186589 77.672884 6.732582
      vertex 72.095517 79.397257 9.165554
      vertex 72.302864 77.798734 9.165554
    endloop
  endfacet
  facet normal -0.318182 0.946704 -0.050115
    outer loop
      vertex 71.984465 79.231141 6.732582
      vertex 70.368589 78.688055 6.732582
      vertex 70.437887 78.840137 9.165554
    endloop
  endfacet
  facet normal -0.318182 0.946704 -0.050115
    outer loop
      vertex 71.984465 79.231141 6.732582
      vertex 70.437887 78.840137 9.165554
      vertex 72.095517 79.397257 9.165554
    endloop
  endfacet
  facet normal -0.319046 0.946416 -0.050072
    outer loop
      vertex 70.368589 78.688055 6.732582
      vertex 68.645552 78.107202 6.732582
      vertex 68.670325 78.244275 9.165554
    endloop
  endfacet
  facet normal -0.319046 0.946416 -0.050072
    outer loop
      vertex 70.368589 78.688055 6.732582
      vertex 68.670325 78.244275 9.165554
      vertex 70.437887 78.840137 9.165554
    endloop
  endfacet
  facet normal -0.341016 0.938758 -0.049417
    outer loop
      vertex 68.645552 78.107202 6.732582
      vertex 66.814352 77.441995 6.732582
      vertex 66.791806 77.561878 9.165554
    endloop
  endfacet
  facet normal -0.341016 0.938758 -0.049417
    outer loop
      vertex 68.645552 78.107202 6.732582
      vertex 66.791806 77.561878 9.165554
      vertex 68.670325 78.244275 9.165554
    endloop
  endfacet
  facet normal -0.391421 0.918911 -0.048906
    outer loop
      vertex 66.814352 77.441995 6.732582
      vertex 64.958744 76.651576 6.732582
      vertex 64.888248 76.751035 9.165554
    endloop
  endfacet
  facet normal -0.391421 0.918911 -0.048906
    outer loop
      vertex 66.814352 77.441995 6.732582
      vertex 64.888248 76.751035 9.165554
      vertex 66.791806 77.561878 9.165554
    endloop
  endfacet
  facet normal -0.441258 0.896019 -0.049414
    outer loop
      vertex 64.958744 76.651576 6.732582
      vertex 63.207706 75.789250 6.732582
      vertex 63.091962 75.866426 9.165554
    endloop
  endfacet
  facet normal -0.441258 0.896019 -0.049414
    outer loop
      vertex 64.958744 76.651576 6.732582
      vertex 63.091962 75.866426 9.165554
      vertex 64.888248 76.751035 9.165554
    endloop
  endfacet
  facet normal -0.462833 0.885029 -0.050092
    outer loop
      vertex 63.207706 75.789250 6.732582
      vertex 61.592966 74.944810 6.732582
      vertex 61.435496 75.000164 9.165554
    endloop
  endfacet
  facet normal -0.462833 0.885029 -0.050092
    outer loop
      vertex 63.207706 75.789250 6.732582
      vertex 61.435496 75.000164 9.165554
      vertex 63.091962 75.866426 9.165554
    endloop
  endfacet
  facet normal -0.464013 0.884407 -0.050154
    outer loop
      vertex 61.592966 74.944810 6.732582
      vertex 60.080759 74.151415 6.732582
      vertex 59.884213 74.186268 9.165554
    endloop
  endfacet
  facet normal -0.464013 0.884407 -0.050154
    outer loop
      vertex 61.592966 74.944810 6.732582
      vertex 59.884213 74.186268 9.165554
      vertex 61.435496 75.000164 9.165554
    endloop
  endfacet
  facet normal -0.458101 0.887509 -0.049721
    outer loop
      vertex 60.080759 74.151415 6.732582
      vertex 58.639056 73.407258 6.732582
      vertex 58.405256 73.422881 9.165554
    endloop
  endfacet
  facet normal -0.458101 0.887509 -0.049721
    outer loop
      vertex 60.080759 74.151415 6.732582
      vertex 58.405256 73.422881 9.165554
      vertex 59.884213 74.186268 9.165554
    endloop
  endfacet
  facet normal -0.534708 -0.843786 -0.045965
    outer loop
      vertex 58.639056 73.407258 6.732582
      vertex 60.133582 72.460175 6.732582
      vertex 59.938400 72.451325 9.165554
    endloop
  endfacet
  facet normal -0.534708 -0.843786 -0.045965
    outer loop
      vertex 58.639056 73.407258 6.732582
      vertex 59.938400 72.451325 9.165554
      vertex 58.405256 73.422881 9.165554
    endloop
  endfacet
  facet normal -0.542156 -0.838988 -0.046545
    outer loop
      vertex 60.133582 72.460175 6.732582
      vertex 61.706235 71.443922 6.732582
      vertex 61.551692 71.408812 9.165554
    endloop
  endfacet
  facet normal -0.542156 -0.838988 -0.046545
    outer loop
      vertex 60.133582 72.460175 6.732582
      vertex 61.551692 71.408812 9.165554
      vertex 59.938400 72.451325 9.165554
    endloop
  endfacet
  facet normal -0.542020 -0.839076 -0.046538
    outer loop
      vertex 61.706235 71.443922 6.732582
      vertex 63.402656 70.348082 6.732582
      vertex 63.291949 70.284655 9.165554
    endloop
  endfacet
  facet normal -0.542020 -0.839076 -0.046538
    outer loop
      vertex 61.706235 71.443922 6.732582
      vertex 63.291949 70.284655 9.165554
      vertex 61.551692 71.408812 9.165554
    endloop
  endfacet
  facet normal -0.514760 -0.856113 -0.045742
    outer loop
      vertex 63.402656 70.348082 6.732582
      vertex 65.276560 69.221350 6.732582
      vertex 65.214276 69.128807 9.165554
    endloop
  endfacet
  facet normal -0.514760 -0.856113 -0.045742
    outer loop
      vertex 63.402656 70.348082 6.732582
      vertex 65.214276 69.128807 9.165554
      vertex 63.291949 70.284655 9.165554
    endloop
  endfacet
  facet normal -0.454599 -0.889535 -0.045473
    outer loop
      vertex 65.276560 69.221350 6.732582
      vertex 67.257902 68.208780 6.732582
      vertex 67.246818 68.090072 9.165554
    endloop
  endfacet
  facet normal -0.454599 -0.889535 -0.045473
    outer loop
      vertex 65.276560 69.221350 6.732582
      vertex 67.246818 68.090072 9.165554
      vertex 65.214276 69.128807 9.165554
    endloop
  endfacet
  facet normal -0.410827 -0.910537 -0.046298
    outer loop
      vertex 67.257902 68.208780 6.732582
      vertex 69.156354 67.352214 6.732582
      vertex 69.194327 67.211372 9.165554
    endloop
  endfacet
  facet normal -0.410827 -0.910537 -0.046298
    outer loop
      vertex 67.257902 68.208780 6.732582
      vertex 69.194327 67.211372 9.165554
      vertex 67.246818 68.090072 9.165554
    endloop
  endfacet
  facet normal -0.403059 -0.913986 -0.046619
    outer loop
      vertex 69.156354 67.352214 6.732582
      vertex 70.913349 66.577397 6.732582
      vertex 70.996723 66.416533 9.165554
    endloop
  endfacet
  facet normal -0.403059 -0.913986 -0.046619
    outer loop
      vertex 69.156354 67.352214 6.732582
      vertex 70.996723 66.416533 9.165554
      vertex 69.194327 67.211372 9.165554
    endloop
  endfacet
  facet normal -0.409676 -0.911060 -0.046199
    outer loop
      vertex 70.913349 66.577397 6.732582
      vertex 72.557327 65.838150 6.732582
      vertex 72.683183 65.658183 9.165554
    endloop
  endfacet
  facet normal -0.409676 -0.911060 -0.046199
    outer loop
      vertex 70.913349 66.577397 6.732582
      vertex 72.683183 65.658183 9.165554
      vertex 70.996723 66.416533 9.165554
    endloop
  endfacet
  facet normal 0.995855 -0.030082 -0.085836
    outer loop
      vertex 72.683183 65.658183 9.165554
      vertex 72.730347 67.219515 9.165554
      vertex 72.934057 66.994009 11.607993
    endloop
  endfacet
  facet normal 0.995855 -0.030082 -0.085836
    outer loop
      vertex 72.683183 65.658183 9.165554
      vertex 72.934057 66.994009 11.607993
      vertex 72.884988 65.369613 11.607993
    endloop
  endfacet
  facet normal -0.995670 0.030077 0.087956
    outer loop
      vertex 71.606054 68.464107 8.984498
      vertex 71.569403 67.250827 8.984498
      vertex 71.770969 66.962599 11.364795
    endloop
  endfacet
  facet normal -0.995670 0.030077 0.087956
    outer loop
      vertex 71.606054 68.464107 8.984498
      vertex 71.770969 66.962599 11.364795
      vertex 71.809522 68.238868 11.364795
    endloop
  endfacet
  facet normal 0.995774 -0.032166 -0.086022
    outer loop
      vertex 72.730347 67.219515 9.165554
      vertex 72.783421 68.862528 9.165554
      vertex 72.989274 68.703384 11.607993
    endloop
  endfacet
  facet normal 0.995774 -0.032166 -0.086022
    outer loop
      vertex 72.730347 67.219515 9.165554
      vertex 72.989274 68.703384 11.607993
      vertex 72.934057 66.994009 11.607993
    endloop
  endfacet
  facet normal -0.995588 0.032160 0.088146
    outer loop
      vertex 71.647296 69.740860 8.984498
      vertex 71.606054 68.464107 8.984498
      vertex 71.809522 68.238868 11.364795
    endloop
  endfacet
  facet normal -0.995588 0.032160 0.088146
    outer loop
      vertex 71.647296 69.740860 8.984498
      vertex 71.809522 68.238868 11.364795
      vertex 71.852906 69.581904 11.364795
    endloop
  endfacet
  facet normal 0.996078 -0.022953 -0.085447
    outer loop
      vertex 72.783421 68.862528 9.165554
      vertex 72.823592 70.605781 9.165554
      vertex 73.031068 70.517048 11.607993
    endloop
  endfacet
  facet normal 0.996078 -0.022953 -0.085447
    outer loop
      vertex 72.783421 68.862528 9.165554
      vertex 73.031068 70.517048 11.607993
      vertex 72.989274 68.703384 11.607993
    endloop
  endfacet
  facet normal -0.995895 0.022949 0.087558
    outer loop
      vertex 71.678513 71.095507 8.984498
      vertex 71.647296 69.740860 8.984498
      vertex 71.852906 69.581904 11.364795
    endloop
  endfacet
  facet normal -0.995895 0.022949 0.087558
    outer loop
      vertex 71.678513 71.095507 8.984498
      vertex 71.852906 69.581904 11.364795
      vertex 71.885743 71.006879 11.364795
    endloop
  endfacet
  facet normal 0.996406 0.007683 -0.084362
    outer loop
      vertex 72.823592 70.605781 9.165554
      vertex 72.809424 72.443299 9.165554
      vertex 73.016328 72.428784 11.607993
    endloop
  endfacet
  facet normal 0.996406 0.007683 -0.084362
    outer loop
      vertex 72.823592 70.605781 9.165554
      vertex 73.016328 72.428784 11.607993
      vertex 73.031068 70.517048 11.607993
    endloop
  endfacet
  facet normal -0.996227 -0.007681 0.086446
    outer loop
      vertex 71.667503 72.523406 8.984498
      vertex 71.678513 71.095507 8.984498
      vertex 71.885743 71.006879 11.364795
    endloop
  endfacet
  facet normal -0.996227 -0.007681 0.086446
    outer loop
      vertex 71.667503 72.523406 8.984498
      vertex 71.885743 71.006879 11.364795
      vertex 71.874162 72.508908 11.364795
    endloop
  endfacet
  facet normal 0.994802 0.057659 -0.083929
    outer loop
      vertex 72.809424 72.443299 9.165554
      vertex 72.701354 74.307866 9.165554
      vertex 72.903892 74.368662 11.607993
    endloop
  endfacet
  facet normal 0.994802 0.057659 -0.083929
    outer loop
      vertex 72.809424 72.443299 9.165554
      vertex 72.903892 74.368662 11.607993
      vertex 73.016328 72.428784 11.607993
    endloop
  endfacet
  facet normal -0.994626 -0.057648 0.086003
    outer loop
      vertex 71.583524 73.972323 8.984498
      vertex 71.667503 72.523406 8.984498
      vertex 71.874162 72.508908 11.364795
    endloop
  endfacet
  facet normal -0.994626 -0.057648 0.086003
    outer loop
      vertex 71.583524 73.972323 8.984498
      vertex 71.874162 72.508908 11.364795
      vertex 71.785823 74.033048 11.364795
    endloop
  endfacet
  facet normal 0.991128 0.102392 -0.084738
    outer loop
      vertex 72.701354 74.307866 9.165554
      vertex 72.515609 76.105831 9.165554
      vertex 72.710646 76.239248 11.607993
    endloop
  endfacet
  facet normal 0.991128 0.102392 -0.084738
    outer loop
      vertex 72.701354 74.307866 9.165554
      vertex 72.710646 76.239248 11.607993
      vertex 72.903892 74.368662 11.607993
    endloop
  endfacet
  facet normal -0.990949 -0.102373 0.086831
    outer loop
      vertex 71.439185 75.369486 8.984498
      vertex 71.583524 73.972323 8.984498
      vertex 71.785823 74.033048 11.364795
    endloop
  endfacet
  facet normal -0.990949 -0.102373 0.086831
    outer loop
      vertex 71.439185 75.369486 8.984498
      vertex 71.785823 74.033048 11.364795
      vertex 71.633991 75.502746 11.364795
    endloop
  endfacet
  facet normal 0.988544 0.124229 -0.085724
    outer loop
      vertex 72.515609 76.105831 9.165554
      vertex 72.302864 77.798734 9.165554
      vertex 72.489307 78.000529 11.607993
    endloop
  endfacet
  facet normal 0.988544 0.124229 -0.085724
    outer loop
      vertex 72.515609 76.105831 9.165554
      vertex 72.489307 78.000529 11.607993
      vertex 72.710646 76.239248 11.607993
    endloop
  endfacet
  facet normal -0.988361 -0.124206 0.087842
    outer loop
      vertex 71.273865 76.685008 8.984498
      vertex 71.439185 75.369486 8.984498
      vertex 71.633991 75.502746 11.364795
    endloop
  endfacet
  facet normal -0.988361 -0.124206 0.087842
    outer loop
      vertex 71.273865 76.685008 8.984498
      vertex 71.633991 75.502746 11.364795
      vertex 71.460088 76.886564 11.364795
    endloop
  endfacet
  facet normal 0.988017 0.128157 -0.086009
    outer loop
      vertex 72.302864 77.798734 9.165554
      vertex 72.095517 79.397257 9.165554
      vertex 72.273586 79.663617 11.607993
    endloop
  endfacet
  facet normal 0.988017 0.128157 -0.086009
    outer loop
      vertex 72.302864 77.798734 9.165554
      vertex 72.273586 79.663617 11.607993
      vertex 72.489307 78.000529 11.607993
    endloop
  endfacet
  facet normal -0.987833 -0.128133 0.088133
    outer loop
      vertex 71.112740 77.927188 8.984498
      vertex 71.273865 76.685008 8.984498
      vertex 71.460088 76.886564 11.364795
    endloop
  endfacet
  facet normal -0.987833 -0.128133 0.088133
    outer loop
      vertex 71.112740 77.927188 8.984498
      vertex 71.460088 76.886564 11.364795
      vertex 71.290598 78.193233 11.364795
    endloop
  endfacet
  facet normal -0.317564 0.944866 -0.079890
    outer loop
      vertex 72.095517 79.397257 9.165554
      vertex 70.437887 78.840137 9.165554
      vertex 70.549003 79.083995 11.607993
    endloop
  endfacet
  facet normal -0.317564 0.944866 -0.079890
    outer loop
      vertex 72.095517 79.397257 9.165554
      vertex 70.549003 79.083995 11.607993
      vertex 72.273586 79.663617 11.607993
    endloop
  endfacet
  facet normal 0.317513 -0.944714 0.081866
    outer loop
      vertex 69.824629 77.494261 8.984498
      vertex 71.112740 77.927188 8.984498
      vertex 71.290598 78.193233 11.364795
    endloop
  endfacet
  facet normal 0.317513 -0.944714 0.081866
    outer loop
      vertex 69.824629 77.494261 8.984498
      vertex 71.290598 78.193233 11.364795
      vertex 69.935613 77.737831 11.364795
    endloop
  endfacet
  facet normal -0.318427 0.944581 -0.079822
    outer loop
      vertex 70.437887 78.840137 9.165554
      vertex 68.670325 78.244275 9.165554
      vertex 68.710047 78.464066 11.607993
    endloop
  endfacet
  facet normal -0.318427 0.944581 -0.079822
    outer loop
      vertex 70.437887 78.840137 9.165554
      vertex 68.710047 78.464066 11.607993
      vertex 70.549003 79.083995 11.607993
    endloop
  endfacet
  facet normal 0.318376 -0.944429 0.081796
    outer loop
      vertex 68.451091 77.031229 8.984498
      vertex 69.824629 77.494261 8.984498
      vertex 69.935613 77.737831 11.364795
    endloop
  endfacet
  facet normal 0.318376 -0.944429 0.081796
    outer loop
      vertex 68.451091 77.031229 8.984498
      vertex 69.935613 77.737831 11.364795
      vertex 68.490767 77.250760 11.364795
    endloop
  endfacet
  facet normal -0.340372 0.936985 -0.078782
    outer loop
      vertex 68.670325 78.244275 9.165554
      vertex 66.791806 77.561878 9.165554
      vertex 66.755654 77.754106 11.607993
    endloop
  endfacet
  facet normal -0.340372 0.936985 -0.078782
    outer loop
      vertex 68.670325 78.244275 9.165554
      vertex 66.755654 77.754106 11.607993
      vertex 68.710047 78.464066 11.607993
    endloop
  endfacet
  facet normal 0.340319 -0.936838 0.080730
    outer loop
      vertex 66.991332 76.500951 8.984498
      vertex 68.451091 77.031229 8.984498
      vertex 68.490767 77.250760 11.364795
    endloop
  endfacet
  facet normal 0.340319 -0.936838 0.080730
    outer loop
      vertex 66.991332 76.500951 8.984498
      vertex 68.490767 77.250760 11.364795
      vertex 66.955222 76.692952 11.364795
    endloop
  endfacet
  facet normal -0.390697 0.917211 -0.077971
    outer loop
      vertex 66.791806 77.561878 9.165554
      vertex 64.888248 76.751035 9.165554
      vertex 64.775210 76.910513 11.607993
    endloop
  endfacet
  facet normal -0.390697 0.917211 -0.077971
    outer loop
      vertex 66.791806 77.561878 9.165554
      vertex 64.775210 76.910513 11.607993
      vertex 66.755654 77.754106 11.607993
    endloop
  endfacet
  facet normal 0.390637 -0.917071 0.079899
    outer loop
      vertex 65.512115 75.870862 8.984498
      vertex 66.991332 76.500951 8.984498
      vertex 66.955222 76.692952 11.364795
    endloop
  endfacet
  facet normal 0.390637 -0.917071 0.079899
    outer loop
      vertex 65.512115 75.870862 8.984498
      vertex 66.955222 76.692952 11.364795
      vertex 65.399211 76.030151 11.364795
    endloop
  endfacet
  facet normal -0.440425 0.894327 -0.078778
    outer loop
      vertex 64.888248 76.751035 9.165554
      vertex 63.091962 75.866426 9.165554
      vertex 62.906371 75.990174 11.607993
    endloop
  endfacet
  facet normal -0.440425 0.894327 -0.078778
    outer loop
      vertex 64.888248 76.751035 9.165554
      vertex 62.906371 75.990174 11.607993
      vertex 64.775210 76.910513 11.607993
    endloop
  endfacet
  facet normal 0.440356 -0.894187 0.080726
    outer loop
      vertex 64.116256 75.183449 8.984498
      vertex 65.512115 75.870862 8.984498
      vertex 65.399211 76.030151 11.364795
    endloop
  endfacet
  facet normal 0.440356 -0.894187 0.080726
    outer loop
      vertex 64.116256 75.183449 8.984498
      vertex 65.399211 76.030151 11.364795
      vertex 63.930885 75.307051 11.364795
    endloop
  endfacet
  facet normal -0.461935 0.883312 -0.079854
    outer loop
      vertex 63.091962 75.866426 9.165554
      vertex 61.435496 75.000164 9.165554
      vertex 61.183000 75.088923 11.607993
    endloop
  endfacet
  facet normal -0.461935 0.883312 -0.079854
    outer loop
      vertex 63.091962 75.866426 9.165554
      vertex 61.183000 75.088923 11.607993
      vertex 62.906371 75.990174 11.607993
    endloop
  endfacet
  facet normal 0.461861 -0.883170 0.081829
    outer loop
      vertex 62.829050 74.510295 8.984498
      vertex 64.116256 75.183449 8.984498
      vertex 63.930885 75.307051 11.364795
    endloop
  endfacet
  facet normal 0.461861 -0.883170 0.081829
    outer loop
      vertex 62.829050 74.510295 8.984498
      vertex 63.930885 75.307051 11.364795
      vertex 62.576852 74.598949 11.364795
    endloop
  endfacet
  facet normal -0.463111 0.882687 -0.079953
    outer loop
      vertex 61.435496 75.000164 9.165554
      vertex 59.884213 74.186268 9.165554
      vertex 59.569059 74.242153 11.607993
    endloop
  endfacet
  facet normal -0.463111 0.882687 -0.079953
    outer loop
      vertex 61.435496 75.000164 9.165554
      vertex 59.569059 74.242153 11.607993
      vertex 61.183000 75.088923 11.607993
    endloop
  endfacet
  facet normal 0.463036 -0.882545 0.081930
    outer loop
      vertex 61.623579 73.877832 8.984498
      vertex 62.829050 74.510295 8.984498
      vertex 62.576852 74.598949 11.364795
    endloop
  endfacet
  facet normal 0.463036 -0.882545 0.081930
    outer loop
      vertex 61.623579 73.877832 8.984498
      vertex 62.576852 74.598949 11.364795
      vertex 61.308798 73.933651 11.364795
    endloop
  endfacet
  facet normal -0.457225 0.885812 -0.079265
    outer loop
      vertex 59.884213 74.186268 9.165554
      vertex 58.405256 73.422881 9.165554
      vertex 58.030366 73.447933 11.607993
    endloop
  endfacet
  facet normal -0.457225 0.885812 -0.079265
    outer loop
      vertex 59.884213 74.186268 9.165554
      vertex 58.030366 73.447933 11.607993
      vertex 59.569059 74.242153 11.607993
    endloop
  endfacet
  facet normal 0.457153 -0.885671 0.081225
    outer loop
      vertex 60.474311 73.284620 8.984498
      vertex 61.623579 73.877832 8.984498
      vertex 61.308798 73.933651 11.364795
    endloop
  endfacet
  facet normal 0.457153 -0.885671 0.081225
    outer loop
      vertex 60.474311 73.284620 8.984498
      vertex 61.308798 73.933651 11.364795
      vertex 60.099864 73.309642 11.364795
    endloop
  endfacet
  facet normal -0.533834 -0.842406 -0.073298
    outer loop
      vertex 58.405256 73.422881 9.165554
      vertex 59.938400 72.451325 9.165554
      vertex 59.625435 72.437135 11.607993
    endloop
  endfacet
  facet normal -0.533834 -0.842406 -0.073298
    outer loop
      vertex 58.405256 73.422881 9.165554
      vertex 59.625435 72.437135 11.607993
      vertex 58.030366 73.447933 11.607993
    endloop
  endfacet
  facet normal 0.533762 0.842292 0.075112
    outer loop
      vertex 61.665687 72.529643 8.984498
      vertex 60.474311 73.284620 8.984498
      vertex 60.099864 73.309642 11.364795
    endloop
  endfacet
  facet normal 0.533762 0.842292 0.075112
    outer loop
      vertex 61.665687 72.529643 8.984498
      vertex 60.099864 73.309642 11.364795
      vertex 61.353092 72.515469 11.364795
    endloop
  endfacet
  facet normal -0.541247 -0.837581 -0.074220
    outer loop
      vertex 59.938400 72.451325 9.165554
      vertex 61.551692 71.408812 9.165554
      vertex 61.303889 71.352514 11.607993
    endloop
  endfacet
  facet normal -0.541247 -0.837581 -0.074220
    outer loop
      vertex 59.938400 72.451325 9.165554
      vertex 61.303889 71.352514 11.607993
      vertex 59.625435 72.437135 11.607993
    endloop
  endfacet
  facet normal 0.541172 0.837465 0.076057
    outer loop
      vertex 62.919344 71.719526 8.984498
      vertex 61.665687 72.529643 8.984498
      vertex 61.353092 72.515469 11.364795
    endloop
  endfacet
  facet normal 0.541172 0.837465 0.076057
    outer loop
      vertex 62.919344 71.719526 8.984498
      vertex 61.353092 72.515469 11.364795
      vertex 62.671834 71.663295 11.364795
    endloop
  endfacet
  facet normal -0.541112 -0.837670 -0.074208
    outer loop
      vertex 61.551692 71.408812 9.165554
      vertex 63.291949 70.284655 9.165554
      vertex 63.114436 70.182951 11.607993
    endloop
  endfacet
  facet normal -0.541112 -0.837670 -0.074208
    outer loop
      vertex 61.551692 71.408812 9.165554
      vertex 63.114436 70.182951 11.607993
      vertex 61.303889 71.352514 11.607993
    endloop
  endfacet
  facet normal 0.541036 0.837554 0.076045
    outer loop
      vertex 64.271663 70.845966 8.984498
      vertex 62.919344 71.719526 8.984498
      vertex 62.671834 71.663295 11.364795
    endloop
  endfacet
  facet normal 0.541036 0.837554 0.076045
    outer loop
      vertex 64.271663 70.845966 8.984498
      vertex 62.671834 71.663295 11.364795
      vertex 64.094359 70.744383 11.364795
    endloop
  endfacet
  facet normal -0.513927 -0.854727 -0.072943
    outer loop
      vertex 63.291949 70.284655 9.165554
      vertex 65.214276 69.128807 9.165554
      vertex 65.114407 68.980418 11.607993
    endloop
  endfacet
  facet normal -0.513927 -0.854727 -0.072943
    outer loop
      vertex 63.291949 70.284655 9.165554
      vertex 65.114407 68.980418 11.607993
      vertex 63.114436 70.182951 11.607993
    endloop
  endfacet
  facet normal 0.513858 0.854613 0.074748
    outer loop
      vertex 65.765465 69.947780 8.984498
      vertex 64.271663 70.845966 8.984498
      vertex 64.094359 70.744383 11.364795
    endloop
  endfacet
  facet normal 0.513858 0.854613 0.074748
    outer loop
      vertex 65.765465 69.947780 8.984498
      vertex 64.094359 70.744383 11.364795
      vertex 65.665714 69.799566 11.364795
    endloop
  endfacet
  facet normal -0.453871 -0.888112 -0.072515
    outer loop
      vertex 65.214276 69.128807 9.165554
      vertex 67.246818 68.090072 9.165554
      vertex 67.229044 67.899728 11.607993
    endloop
  endfacet
  facet normal -0.453871 -0.888112 -0.072515
    outer loop
      vertex 65.214276 69.128807 9.165554
      vertex 67.229044 67.899728 11.607993
      vertex 65.114407 68.980418 11.607993
    endloop
  endfacet
  facet normal 0.453811 0.887994 0.074310
    outer loop
      vertex 67.344912 69.140600 8.984498
      vertex 65.765465 69.947780 8.984498
      vertex 65.665714 69.799566 11.364795
    endloop
  endfacet
  facet normal 0.453811 0.887994 0.074310
    outer loop
      vertex 67.344912 69.140600 8.984498
      vertex 65.665714 69.799566 11.364795
      vertex 67.327160 68.950481 11.364795
    endloop
  endfacet
  facet normal -0.410146 -0.909027 -0.073827
    outer loop
      vertex 67.246818 68.090072 9.165554
      vertex 69.194327 67.211372 9.165554
      vertex 69.255214 66.985537 11.607993
    endloop
  endfacet
  facet normal -0.410146 -0.909027 -0.073827
    outer loop
      vertex 67.246818 68.090072 9.165554
      vertex 69.255214 66.985537 11.607993
      vertex 67.229044 67.899728 11.607993
    endloop
  endfacet
  facet normal 0.410089 0.908902 0.075654
    outer loop
      vertex 68.858283 68.457780 8.984498
      vertex 67.344912 69.140600 8.984498
      vertex 67.327160 68.950481 11.364795
    endloop
  endfacet
  facet normal 0.410089 0.908902 0.075654
    outer loop
      vertex 68.858283 68.457780 8.984498
      vertex 67.327160 68.950481 11.364795
      vertex 68.919098 68.232211 11.364795
    endloop
  endfacet
  facet normal -0.402381 -0.912449 -0.074337
    outer loop
      vertex 69.194327 67.211372 9.165554
      vertex 70.996723 66.416533 9.165554
      vertex 71.130411 66.158594 11.607993
    endloop
  endfacet
  facet normal -0.402381 -0.912449 -0.074337
    outer loop
      vertex 69.194327 67.211372 9.165554
      vertex 71.130411 66.158594 11.607993
      vertex 69.255214 66.985537 11.607993
    endloop
  endfacet
  facet normal 0.402325 0.912322 0.076177
    outer loop
      vertex 70.258889 67.840126 8.984498
      vertex 68.858283 68.457780 8.984498
      vertex 68.919098 68.232211 11.364795
    endloop
  endfacet
  facet normal 0.402325 0.912322 0.076177
    outer loop
      vertex 70.258889 67.840126 8.984498
      vertex 68.919098 68.232211 11.364795
      vertex 70.392419 67.582492 11.364795
    endloop
  endfacet
  facet normal -0.409000 -0.909556 -0.073669
    outer loop
      vertex 70.996723 66.416533 9.165554
      vertex 72.683183 65.658183 9.165554
      vertex 72.884988 65.369613 11.607993
    endloop
  endfacet
  facet normal -0.409000 -0.909556 -0.073669
    outer loop
      vertex 70.996723 66.416533 9.165554
      vertex 72.884988 65.369613 11.607993
      vertex 71.130411 66.158594 11.607993
    endloop
  endfacet
  facet normal 0.408944 0.909432 0.075493
    outer loop
      vertex 71.569403 67.250827 8.984498
      vertex 70.258889 67.840126 8.984498
      vertex 70.392419 67.582492 11.364795
    endloop
  endfacet
  facet normal 0.408944 0.909432 0.075493
    outer loop
      vertex 71.569403 67.250827 8.984498
      vertex 70.392419 67.582492 11.364795
      vertex 71.770969 66.962599 11.364795
    endloop
  endfacet
  facet normal 0.992860 -0.029992 -0.115454
    outer loop
      vertex 72.884988 65.369613 11.607993
      vertex 72.934057 66.994009 11.607993
      vertex 73.209700 66.688872 14.057690
    endloop
  endfacet
  facet normal 0.992860 -0.029992 -0.115454
    outer loop
      vertex 72.884988 65.369613 11.607993
      vertex 73.209700 66.688872 14.057690
      vertex 73.158053 64.979144 14.057690
    endloop
  endfacet
  facet normal -0.992505 0.029981 0.118466
    outer loop
      vertex 71.809522 68.238868 11.364795
      vertex 71.770969 66.962599 11.364795
      vertex 72.043565 66.572802 13.747243
    endloop
  endfacet
  facet normal -0.992505 0.029981 0.118466
    outer loop
      vertex 71.809522 68.238868 11.364795
      vertex 72.043565 66.572802 13.747243
      vertex 72.084691 67.934256 13.747243
    endloop
  endfacet
  facet normal 0.992766 -0.032069 -0.115702
    outer loop
      vertex 72.934057 66.994009 11.607993
      vertex 72.989274 68.703384 11.607993
      vertex 73.267818 68.488043 14.057690
    endloop
  endfacet
  facet normal 0.992766 -0.032069 -0.115702
    outer loop
      vertex 72.934057 66.994009 11.607993
      vertex 73.267818 68.488043 14.057690
      vertex 73.209700 66.688872 14.057690
    endloop
  endfacet
  facet normal -0.992410 0.032058 0.118721
    outer loop
      vertex 71.852906 69.581904 11.364795
      vertex 71.809522 68.238868 11.364795
      vertex 72.084691 67.934256 13.747243
    endloop
  endfacet
  facet normal -0.992410 0.032058 0.118721
    outer loop
      vertex 71.852906 69.581904 11.364795
      vertex 72.084691 67.934256 13.747243
      vertex 72.130971 69.366934 13.747243
    endloop
  endfacet
  facet normal 0.993110 -0.022885 -0.114934
    outer loop
      vertex 72.989274 68.703384 11.607993
      vertex 73.031068 70.517048 11.607993
      vertex 73.311807 70.396982 14.057690
    endloop
  endfacet
  facet normal 0.993110 -0.022885 -0.114934
    outer loop
      vertex 72.989274 68.703384 11.607993
      vertex 73.311807 70.396982 14.057690
      vertex 73.267818 68.488043 14.057690
    endloop
  endfacet
  facet normal -0.992758 0.022877 0.117933
    outer loop
      vertex 71.885743 71.006879 11.364795
      vertex 71.852906 69.581904 11.364795
      vertex 72.130971 69.366934 13.747243
    endloop
  endfacet
  facet normal -0.992758 0.022877 0.117933
    outer loop
      vertex 71.885743 71.006879 11.364795
      vertex 72.130971 69.366934 13.747243
      vertex 72.165999 70.887019 13.747243
    endloop
  endfacet
  facet normal 0.993510 0.007660 -0.113483
    outer loop
      vertex 73.031068 70.517048 11.607993
      vertex 73.016328 72.428784 11.607993
      vertex 73.296293 72.409144 14.057690
    endloop
  endfacet
  facet normal 0.993510 0.007660 -0.113483
    outer loop
      vertex 73.031068 70.517048 11.607993
      vertex 73.296293 72.409144 14.057690
      vertex 73.311807 70.396982 14.057690
    endloop
  endfacet
  facet normal -0.993168 -0.007658 0.116445
    outer loop
      vertex 71.874162 72.508908 11.364795
      vertex 71.885743 71.006879 11.364795
      vertex 72.165999 70.887019 13.747243
    endloop
  endfacet
  facet normal -0.993168 -0.007658 0.116445
    outer loop
      vertex 71.874162 72.508908 11.364795
      vertex 72.165999 70.887019 13.747243
      vertex 72.153645 72.489302 13.747243
    endloop
  endfacet
  facet normal 0.991941 0.057493 -0.112904
    outer loop
      vertex 73.016328 72.428784 11.607993
      vertex 72.903892 74.368662 11.607993
      vertex 73.177951 74.450927 14.057690
    endloop
  endfacet
  facet normal 0.991941 0.057493 -0.112904
    outer loop
      vertex 73.016328 72.428784 11.607993
      vertex 73.177951 74.450927 14.057690
      vertex 73.296293 72.409144 14.057690
    endloop
  endfacet
  facet normal -0.991602 -0.057473 0.115851
    outer loop
      vertex 71.785823 74.033048 11.364795
      vertex 71.874162 72.508908 11.364795
      vertex 72.153645 72.489302 13.747243
    endloop
  endfacet
  facet normal -0.991602 -0.057473 0.115851
    outer loop
      vertex 71.785823 74.033048 11.364795
      vertex 72.153645 72.489302 13.747243
      vertex 72.059410 74.115171 13.747243
    endloop
  endfacet
  facet normal 0.988223 0.102091 -0.113985
    outer loop
      vertex 72.903892 74.368662 11.607993
      vertex 72.710646 76.239248 11.607993
      vertex 72.974553 76.419778 14.057690
    endloop
  endfacet
  facet normal 0.988223 0.102091 -0.113985
    outer loop
      vertex 72.903892 74.368662 11.607993
      vertex 72.974553 76.419778 14.057690
      vertex 73.177951 74.450927 14.057690
    endloop
  endfacet
  facet normal -0.987879 -0.102056 0.116960
    outer loop
      vertex 71.633991 75.502746 11.364795
      vertex 71.785823 74.033048 11.364795
      vertex 72.059410 74.115171 13.747243
    endloop
  endfacet
  facet normal -0.987879 -0.102056 0.116960
    outer loop
      vertex 71.633991 75.502746 11.364795
      vertex 72.059410 74.115171 13.747243
      vertex 71.897444 75.682965 13.747243
    endloop
  endfacet
  facet normal 0.985578 0.123857 -0.115304
    outer loop
      vertex 72.710646 76.239248 11.607993
      vertex 72.489307 78.000529 11.607993
      vertex 72.741587 78.273581 14.057690
    endloop
  endfacet
  facet normal 0.985578 0.123857 -0.115304
    outer loop
      vertex 72.710646 76.239248 11.607993
      vertex 72.741587 78.273581 14.057690
      vertex 72.974553 76.419778 14.057690
    endloop
  endfacet
  facet normal -0.985227 -0.123812 0.118313
    outer loop
      vertex 71.460088 76.886564 11.364795
      vertex 71.633991 75.502746 11.364795
      vertex 71.897444 75.682965 13.747243
    endloop
  endfacet
  facet normal -0.985227 -0.123812 0.118313
    outer loop
      vertex 71.460088 76.886564 11.364795
      vertex 71.897444 75.682965 13.747243
      vertex 71.711934 77.159147 13.747243
    endloop
  endfacet
  facet normal 0.985034 0.127770 -0.115685
    outer loop
      vertex 72.489307 78.000529 11.607993
      vertex 72.273586 79.663617 11.607993
      vertex 72.514533 80.024034 14.057690
    endloop
  endfacet
  facet normal 0.985034 0.127770 -0.115685
    outer loop
      vertex 72.489307 78.000529 11.607993
      vertex 72.514533 80.024034 14.057690
      vertex 72.741587 78.273581 14.057690
    endloop
  endfacet
  facet normal -0.984681 -0.127725 0.118703
    outer loop
      vertex 71.290598 78.193233 11.364795
      vertex 71.460088 76.886564 11.364795
      vertex 71.711934 77.159147 13.747243
    endloop
  endfacet
  facet normal -0.984681 -0.127725 0.118703
    outer loop
      vertex 71.290598 78.193233 11.364795
      vertex 71.711934 77.159147 13.747243
      vertex 71.531131 78.553030 13.747243
    endloop
  endfacet
  facet normal -0.316736 0.942402 -0.107500
    outer loop
      vertex 72.273586 79.663617 11.607993
      vertex 70.549003 79.083995 11.607993
      vertex 70.699355 79.413964 14.057690
    endloop
  endfacet
  facet normal -0.316736 0.942402 -0.107500
    outer loop
      vertex 72.273586 79.663617 11.607993
      vertex 70.699355 79.413964 14.057690
      vertex 72.514533 80.024034 14.057690
    endloop
  endfacet
  facet normal 0.316638 -0.942111 0.110310
    outer loop
      vertex 69.935613 77.737831 11.364795
      vertex 71.290598 78.193233 11.364795
      vertex 71.531131 78.553030 13.747243
    endloop
  endfacet
  facet normal 0.316638 -0.942111 0.110310
    outer loop
      vertex 69.935613 77.737831 11.364795
      vertex 71.531131 78.553030 13.747243
      vertex 70.085707 78.067232 13.747243
    endloop
  endfacet
  facet normal -0.317598 0.942122 -0.107409
    outer loop
      vertex 70.549003 79.083995 11.607993
      vertex 68.710047 78.464066 11.607993
      vertex 68.763797 78.761469 14.057690
    endloop
  endfacet
  facet normal -0.317598 0.942122 -0.107409
    outer loop
      vertex 70.549003 79.083995 11.607993
      vertex 68.763797 78.761469 14.057690
      vertex 70.699355 79.413964 14.057690
    endloop
  endfacet
  facet normal 0.317500 -0.941831 0.110217
    outer loop
      vertex 68.490767 77.250760 11.364795
      vertex 69.935613 77.737831 11.364795
      vertex 70.085707 78.067232 13.747243
    endloop
  endfacet
  facet normal 0.317500 -0.941831 0.110217
    outer loop
      vertex 68.490767 77.250760 11.364795
      vertex 70.085707 78.067232 13.747243
      vertex 68.544424 77.547651 13.747243
    endloop
  endfacet
  facet normal -0.339509 0.934609 -0.106016
    outer loop
      vertex 68.710047 78.464066 11.607993
      vertex 66.755654 77.754106 11.607993
      vertex 66.706736 78.014214 14.057690
    endloop
  endfacet
  facet normal -0.339509 0.934609 -0.106016
    outer loop
      vertex 68.710047 78.464066 11.607993
      vertex 66.706736 78.014214 14.057690
      vertex 68.763797 78.761469 14.057690
    endloop
  endfacet
  facet normal 0.339407 -0.934328 0.108788
    outer loop
      vertex 66.955222 76.692952 11.364795
      vertex 68.490767 77.250760 11.364795
      vertex 68.544424 77.547651 13.747243
    endloop
  endfacet
  facet normal 0.339407 -0.934328 0.108788
    outer loop
      vertex 66.955222 76.692952 11.364795
      vertex 68.544424 77.547651 13.747243
      vertex 66.906389 76.952612 13.747243
    endloop
  endfacet
  facet normal -0.389727 0.914933 -0.104930
    outer loop
      vertex 66.755654 77.754106 11.607993
      vertex 64.775210 76.910513 11.607993
      vertex 64.622257 77.126305 14.057690
    endloop
  endfacet
  facet normal -0.389727 0.914933 -0.104930
    outer loop
      vertex 66.755654 77.754106 11.607993
      vertex 64.622257 77.126305 14.057690
      vertex 66.706736 78.014214 14.057690
    endloop
  endfacet
  facet normal 0.389612 -0.914663 0.107674
    outer loop
      vertex 65.399211 76.030151 11.364795
      vertex 66.955222 76.692952 11.364795
      vertex 66.906389 76.952612 13.747243
    endloop
  endfacet
  facet normal 0.389612 -0.914663 0.107674
    outer loop
      vertex 65.399211 76.030151 11.364795
      vertex 66.906389 76.952612 13.747243
      vertex 65.246520 76.245572 13.747243
    endloop
  endfacet
  facet normal -0.439308 0.892059 -0.106010
    outer loop
      vertex 64.775210 76.910513 11.607993
      vertex 62.906371 75.990174 11.607993
      vertex 62.655244 76.157619 14.057690
    endloop
  endfacet
  facet normal -0.439308 0.892059 -0.106010
    outer loop
      vertex 64.775210 76.910513 11.607993
      vertex 62.655244 76.157619 14.057690
      vertex 64.622257 77.126305 14.057690
    endloop
  endfacet
  facet normal 0.439176 -0.891791 0.108782
    outer loop
      vertex 63.930885 75.307051 11.364795
      vertex 65.399211 76.030151 11.364795
      vertex 65.246520 76.245572 13.747243
    endloop
  endfacet
  facet normal 0.439176 -0.891791 0.108782
    outer loop
      vertex 63.930885 75.307051 11.364795
      vertex 65.246520 76.245572 13.747243
      vertex 63.680190 75.474208 13.747243
    endloop
  endfacet
  facet normal -0.460732 0.881011 -0.107451
    outer loop
      vertex 62.906371 75.990174 11.607993
      vertex 61.183000 75.088923 11.607993
      vertex 60.841342 75.209025 14.057690
    endloop
  endfacet
  facet normal -0.460732 0.881011 -0.107451
    outer loop
      vertex 62.906371 75.990174 11.607993
      vertex 60.841342 75.209025 14.057690
      vertex 62.655244 76.157619 14.057690
    endloop
  endfacet
  facet normal 0.460589 -0.880739 0.110260
    outer loop
      vertex 62.576852 74.598949 11.364795
      vertex 63.930885 75.307051 11.364795
      vertex 63.680190 75.474208 13.747243
    endloop
  endfacet
  facet normal 0.460589 -0.880739 0.110260
    outer loop
      vertex 62.576852 74.598949 11.364795
      vertex 63.680190 75.474208 13.747243
      vertex 62.235782 74.718844 13.747243
    endloop
  endfacet
  facet normal -0.461902 0.880382 -0.107584
    outer loop
      vertex 61.183000 75.088923 11.607993
      vertex 59.569059 74.242153 11.607993
      vertex 59.142618 74.317772 14.057690
    endloop
  endfacet
  facet normal -0.461902 0.880382 -0.107584
    outer loop
      vertex 61.183000 75.088923 11.607993
      vertex 59.142618 74.317772 14.057690
      vertex 60.841342 75.209025 14.057690
    endloop
  endfacet
  facet normal 0.461758 -0.880109 0.110396
    outer loop
      vertex 61.308798 73.933651 11.364795
      vertex 62.576852 74.598949 11.364795
      vertex 62.235782 74.718844 13.747243
    endloop
  endfacet
  facet normal 0.461758 -0.880109 0.110396
    outer loop
      vertex 61.308798 73.933651 11.364795
      vertex 62.235782 74.718844 13.747243
      vertex 60.883091 74.009140 13.747243
    endloop
  endfacet
  facet normal -0.456052 0.883538 -0.106663
    outer loop
      vertex 59.569059 74.242153 11.607993
      vertex 58.030366 73.447933 11.607993
      vertex 57.523095 73.481831 14.057690
    endloop
  endfacet
  facet normal -0.456052 0.883538 -0.106663
    outer loop
      vertex 59.569059 74.242153 11.607993
      vertex 57.523095 73.481831 14.057690
      vertex 59.142618 74.317772 14.057690
    endloop
  endfacet
  facet normal 0.455913 -0.883269 0.109451
    outer loop
      vertex 60.099864 73.309642 11.364795
      vertex 61.308798 73.933651 11.364795
      vertex 60.883091 74.009140 13.747243
    endloop
  endfacet
  facet normal 0.455913 -0.883269 0.109451
    outer loop
      vertex 60.099864 73.309642 11.364795
      vertex 60.883091 74.009140 13.747243
      vertex 59.593466 73.343481 13.747243
    endloop
  endfacet
  facet normal -0.532662 -0.840557 -0.098670
    outer loop
      vertex 58.030366 73.447933 11.607993
      vertex 59.625435 72.437135 11.607993
      vertex 59.201956 72.417934 14.057690
    endloop
  endfacet
  facet normal -0.532662 -0.840557 -0.098670
    outer loop
      vertex 58.030366 73.447933 11.607993
      vertex 59.201956 72.417934 14.057690
      vertex 57.523095 73.481831 14.057690
    endloop
  endfacet
  facet normal 0.532523 0.840337 0.101254
    outer loop
      vertex 61.353092 72.515469 11.364795
      vertex 60.099864 73.309642 11.364795
      vertex 59.593466 73.343481 13.747243
    endloop
  endfacet
  facet normal 0.532523 0.840337 0.101254
    outer loop
      vertex 61.353092 72.515469 11.364795
      vertex 59.593466 73.343481 13.747243
      vertex 60.930341 72.496301 13.747243
    endloop
  endfacet
  facet normal -0.540029 -0.835696 -0.099905
    outer loop
      vertex 59.625435 72.437135 11.607993
      vertex 61.303889 71.352514 11.607993
      vertex 60.968582 71.276336 14.057690
    endloop
  endfacet
  facet normal -0.540029 -0.835696 -0.099905
    outer loop
      vertex 59.625435 72.437135 11.607993
      vertex 60.968582 71.276336 14.057690
      vertex 59.201956 72.417934 14.057690
    endloop
  endfacet
  facet normal 0.539885 0.835472 0.102521
    outer loop
      vertex 62.671834 71.663295 11.364795
      vertex 61.353092 72.515469 11.364795
      vertex 60.930341 72.496301 13.747243
    endloop
  endfacet
  facet normal 0.539885 0.835472 0.102521
    outer loop
      vertex 62.671834 71.663295 11.364795
      vertex 60.930341 72.496301 13.747243
      vertex 62.337103 71.587248 13.747243
    endloop
  endfacet
  facet normal -0.539894 -0.835785 -0.099889
    outer loop
      vertex 61.303889 71.352514 11.607993
      vertex 63.114436 70.182951 11.607993
      vertex 62.874239 70.045334 14.057690
    endloop
  endfacet
  facet normal -0.539894 -0.835785 -0.099889
    outer loop
      vertex 61.303889 71.352514 11.607993
      vertex 62.874239 70.045334 14.057690
      vertex 60.968582 71.276336 14.057690
    endloop
  endfacet
  facet normal 0.539749 0.835562 0.102505
    outer loop
      vertex 64.094359 70.744383 11.364795
      vertex 62.671834 71.663295 11.364795
      vertex 62.337103 71.587248 13.747243
    endloop
  endfacet
  facet normal 0.539749 0.835562 0.102505
    outer loop
      vertex 64.094359 70.744383 11.364795
      vertex 62.337103 71.587248 13.747243
      vertex 63.854576 70.607003 13.747243
    endloop
  endfacet
  facet normal -0.512809 -0.852869 -0.098193
    outer loop
      vertex 63.114436 70.182951 11.607993
      vertex 65.114407 68.980418 11.607993
      vertex 64.979272 68.779630 14.057690
    endloop
  endfacet
  facet normal -0.512809 -0.852869 -0.098193
    outer loop
      vertex 63.114436 70.182951 11.607993
      vertex 64.979272 68.779630 14.057690
      vertex 62.874239 70.045334 14.057690
    endloop
  endfacet
  facet normal 0.512677 0.852648 0.100765
    outer loop
      vertex 65.665714 69.799566 11.364795
      vertex 64.094359 70.744383 11.364795
      vertex 63.854576 70.607003 13.747243
    endloop
  endfacet
  facet normal 0.512677 0.852648 0.100765
    outer loop
      vertex 65.665714 69.799566 11.364795
      vertex 63.854576 70.607003 13.747243
      vertex 65.530811 69.599124 13.747243
    endloop
  endfacet
  facet normal -0.452896 -0.886203 -0.097621
    outer loop
      vertex 65.114407 68.980418 11.607993
      vertex 67.229044 67.899728 11.607993
      vertex 67.204994 67.642170 14.057690
    endloop
  endfacet
  facet normal -0.452896 -0.886203 -0.097621
    outer loop
      vertex 65.114407 68.980418 11.607993
      vertex 67.204994 67.642170 14.057690
      vertex 64.979272 68.779630 14.057690
    endloop
  endfacet
  facet normal 0.452780 0.885977 0.100178
    outer loop
      vertex 67.327160 68.950481 11.364795
      vertex 65.665714 69.799566 11.364795
      vertex 65.530811 69.599124 13.747243
    endloop
  endfacet
  facet normal 0.452780 0.885977 0.100178
    outer loop
      vertex 67.327160 68.950481 11.364795
      vertex 65.530811 69.599124 13.747243
      vertex 67.303151 68.693366 13.747243
    endloop
  endfacet
  facet normal -0.409232 -0.907002 -0.099379
    outer loop
      vertex 67.229044 67.899728 11.607993
      vertex 69.255214 66.985537 11.607993
      vertex 69.337602 66.679955 14.057690
    endloop
  endfacet
  facet normal -0.409232 -0.907002 -0.099379
    outer loop
      vertex 67.229044 67.899728 11.607993
      vertex 69.337602 66.679955 14.057690
      vertex 67.204994 67.642170 14.057690
    endloop
  endfacet
  facet normal 0.409124 0.906762 0.101981
    outer loop
      vertex 68.919098 68.232211 11.364795
      vertex 67.327160 68.950481 11.364795
      vertex 67.303151 68.693366 13.747243
    endloop
  endfacet
  facet normal 0.409124 0.906762 0.101981
    outer loop
      vertex 68.919098 68.232211 11.364795
      vertex 67.303151 68.693366 13.747243
      vertex 69.001344 67.927155 13.747243
    endloop
  endfacet
  facet normal -0.401472 -0.910389 -0.100062
    outer loop
      vertex 69.255214 66.985537 11.607993
      vertex 71.130411 66.158594 11.607993
      vertex 71.311306 65.809571 14.057690
    endloop
  endfacet
  facet normal -0.401472 -0.910389 -0.100062
    outer loop
      vertex 69.255214 66.985537 11.607993
      vertex 71.311306 65.809571 14.057690
      vertex 69.337602 66.679955 14.057690
    endloop
  endfacet
  facet normal 0.401365 0.910144 0.102682
    outer loop
      vertex 70.392419 67.582492 11.364795
      vertex 68.919098 68.232211 11.364795
      vertex 69.001344 67.927155 13.747243
    endloop
  endfacet
  facet normal 0.401365 0.910144 0.102682
    outer loop
      vertex 70.392419 67.582492 11.364795
      vertex 69.001344 67.927155 13.747243
      vertex 70.573002 67.234070 13.747243
    endloop
  endfacet
  facet normal -0.408093 -0.907539 -0.099167
    outer loop
      vertex 71.130411 66.158594 11.607993
      vertex 72.884988 65.369613 11.607993
      vertex 73.158053 64.979144 14.057690
    endloop
  endfacet
  facet normal -0.408093 -0.907539 -0.099167
    outer loop
      vertex 71.130411 66.158594 11.607993
      vertex 73.158053 64.979144 14.057690
      vertex 71.311306 65.809571 14.057690
    endloop
  endfacet
  facet normal 0.407985 0.907299 0.101764
    outer loop
      vertex 71.770969 66.962599 11.364795
      vertex 70.392419 67.582492 11.364795
      vertex 70.573002 67.234070 13.747243
    endloop
  endfacet
  facet normal 0.407985 0.907299 0.101764
    outer loop
      vertex 71.770969 66.962599 11.364795
      vertex 70.573002 67.234070 13.747243
      vertex 72.043565 66.572802 13.747243
    endloop
  endfacet
  facet normal 0.989304 -0.029885 -0.142778
    outer loop
      vertex 73.158053 64.979144 14.057690
      vertex 73.209700 66.688872 14.057690
      vertex 73.552509 66.309383 16.512436
    endloop
  endfacet
  facet normal 0.989304 -0.029885 -0.142778
    outer loop
      vertex 73.158053 64.979144 14.057690
      vertex 73.552509 66.309383 16.512436
      vertex 73.497656 64.493531 16.512436
    endloop
  endfacet
  facet normal -0.988657 0.029865 0.147190
    outer loop
      vertex 72.084691 67.934256 13.747243
      vertex 72.043565 66.572802 13.747243
      vertex 72.383788 66.086302 16.131186
    endloop
  endfacet
  facet normal -0.988657 0.029865 0.147190
    outer loop
      vertex 72.084691 67.934256 13.747243
      vertex 72.383788 66.086302 16.131186
      vertex 72.428126 67.554074 16.131186
    endloop
  endfacet
  facet normal 0.989195 -0.031954 -0.143082
    outer loop
      vertex 73.209700 66.688872 14.057690
      vertex 73.267818 68.488043 14.057690
      vertex 73.614234 68.220231 16.512436
    endloop
  endfacet
  facet normal 0.989195 -0.031954 -0.143082
    outer loop
      vertex 73.209700 66.688872 14.057690
      vertex 73.614234 68.220231 16.512436
      vertex 73.552509 66.309383 16.512436
    endloop
  endfacet
  facet normal -0.988546 0.031933 0.147504
    outer loop
      vertex 72.130971 69.366934 13.747243
      vertex 72.084691 67.934256 13.747243
      vertex 72.428126 67.554074 16.131186
    endloop
  endfacet
  facet normal -0.988546 0.031933 0.147504
    outer loop
      vertex 72.130971 69.366934 13.747243
      vertex 72.428126 67.554074 16.131186
      vertex 72.478020 69.098633 16.131186
    endloop
  endfacet
  facet normal 0.989584 -0.022804 -0.142139
    outer loop
      vertex 73.267818 68.488043 14.057690
      vertex 73.311807 70.396982 14.057690
      vertex 73.660954 70.247659 16.512436
    endloop
  endfacet
  facet normal 0.989584 -0.022804 -0.142139
    outer loop
      vertex 73.267818 68.488043 14.057690
      vertex 73.660954 70.247659 16.512436
      vertex 73.614234 68.220231 16.512436
    endloop
  endfacet
  facet normal -0.988943 0.022789 0.146533
    outer loop
      vertex 72.165999 70.887019 13.747243
      vertex 72.130971 69.366934 13.747243
      vertex 72.478020 69.098633 16.131186
    endloop
  endfacet
  facet normal -0.988943 0.022789 0.146533
    outer loop
      vertex 72.165999 70.887019 13.747243
      vertex 72.478020 69.098633 16.131186
      vertex 72.515783 70.737424 16.131186
    endloop
  endfacet
  facet normal 0.990072 0.007634 -0.140357
    outer loop
      vertex 73.311807 70.396982 14.057690
      vertex 73.296293 72.409144 14.057690
      vertex 73.644476 72.384719 16.512436
    endloop
  endfacet
  facet normal 0.990072 0.007634 -0.140357
    outer loop
      vertex 73.311807 70.396982 14.057690
      vertex 73.644476 72.384719 16.512436
      vertex 73.660954 70.247659 16.512436
    endloop
  endfacet
  facet normal -0.989446 -0.007629 0.144698
    outer loop
      vertex 72.153645 72.489302 13.747243
      vertex 72.165999 70.887019 13.747243
      vertex 72.515783 70.737424 16.131186
    endloop
  endfacet
  facet normal -0.989446 -0.007629 0.144698
    outer loop
      vertex 72.153645 72.489302 13.747243
      vertex 72.515783 70.737424 16.131186
      vertex 72.502465 72.464832 16.131186
    endloop
  endfacet
  facet normal 0.988542 0.057296 -0.139646
    outer loop
      vertex 73.296293 72.409144 14.057690
      vertex 73.177951 74.450927 14.057690
      vertex 73.518789 74.553237 16.512436
    endloop
  endfacet
  facet normal 0.988542 0.057296 -0.139646
    outer loop
      vertex 73.296293 72.409144 14.057690
      vertex 73.518789 74.553237 16.512436
      vertex 73.644476 72.384719 16.512436
    endloop
  endfacet
  facet normal -0.987925 -0.057260 0.143966
    outer loop
      vertex 72.059410 74.115171 13.747243
      vertex 72.153645 72.489302 13.747243
      vertex 72.502465 72.464832 16.131186
    endloop
  endfacet
  facet normal -0.987925 -0.057260 0.143966
    outer loop
      vertex 72.059410 74.115171 13.747243
      vertex 72.502465 72.464832 16.131186
      vertex 72.400870 74.217669 16.131186
    endloop
  endfacet
  facet normal 0.984772 0.101735 -0.140974
    outer loop
      vertex 73.177951 74.450927 14.057690
      vertex 72.974553 76.419778 14.057690
      vertex 73.302765 76.644297 16.512436
    endloop
  endfacet
  facet normal 0.984772 0.101735 -0.140974
    outer loop
      vertex 73.177951 74.450927 14.057690
      vertex 73.302765 76.644297 16.512436
      vertex 73.518789 74.553237 16.512436
    endloop
  endfacet
  facet normal -0.984145 -0.101670 0.145334
    outer loop
      vertex 71.897444 75.682965 13.747243
      vertex 72.059410 74.115171 13.747243
      vertex 72.400870 74.217669 16.131186
    endloop
  endfacet
  facet normal -0.984145 -0.101670 0.145334
    outer loop
      vertex 71.897444 75.682965 13.747243
      vertex 72.400870 74.217669 16.131186
      vertex 72.226256 75.907894 16.131186
    endloop
  endfacet
  facet normal 0.982057 0.123414 -0.142594
    outer loop
      vertex 72.974553 76.419778 14.057690
      vertex 72.741587 78.273581 14.057690
      vertex 73.055340 78.613168 16.512436
    endloop
  endfacet
  facet normal 0.982057 0.123414 -0.142594
    outer loop
      vertex 72.974553 76.419778 14.057690
      vertex 73.055340 78.613168 16.512436
      vertex 73.302765 76.644297 16.512436
    endloop
  endfacet
  facet normal -0.981417 -0.123334 0.147001
    outer loop
      vertex 71.711934 77.159147 13.747243
      vertex 71.897444 75.682965 13.747243
      vertex 72.226256 75.907894 16.131186
    endloop
  endfacet
  facet normal -0.981417 -0.123334 0.147001
    outer loop
      vertex 71.711934 77.159147 13.747243
      vertex 72.226256 75.907894 16.131186
      vertex 72.026259 77.499353 16.131186
    endloop
  endfacet
  facet normal 0.981491 0.127311 -0.143061
    outer loop
      vertex 72.741587 78.273581 14.057690
      vertex 72.514533 80.024034 14.057690
      vertex 72.814192 80.472273 16.512436
    endloop
  endfacet
  facet normal 0.981491 0.127311 -0.143061
    outer loop
      vertex 72.741587 78.273581 14.057690
      vertex 72.814192 80.472273 16.512436
      vertex 73.055340 78.613168 16.512436
    endloop
  endfacet
  facet normal -0.980848 -0.127227 0.147482
    outer loop
      vertex 71.531131 78.553030 13.747243
      vertex 71.711934 77.159147 13.747243
      vertex 72.026259 77.499353 16.131186
    endloop
  endfacet
  facet normal -0.980848 -0.127227 0.147482
    outer loop
      vertex 71.531131 78.553030 13.747243
      vertex 72.026259 77.499353 16.131186
      vertex 71.831337 79.002088 16.131186
    endloop
  endfacet
  facet normal -0.315751 0.939474 -0.133004
    outer loop
      vertex 72.514533 80.024034 14.057690
      vertex 70.699355 79.413964 14.057690
      vertex 70.886344 79.824335 16.512436
    endloop
  endfacet
  facet normal -0.315751 0.939474 -0.133004
    outer loop
      vertex 72.514533 80.024034 14.057690
      vertex 70.886344 79.824335 16.512436
      vertex 72.814192 80.472273 16.512436
    endloop
  endfacet
  facet normal 0.315572 -0.938941 0.137127
    outer loop
      vertex 70.085707 78.067232 13.747243
      vertex 71.531131 78.553030 13.747243
      vertex 71.831337 79.002088 16.131186
    endloop
  endfacet
  facet normal 0.315572 -0.938941 0.137127
    outer loop
      vertex 70.085707 78.067232 13.747243
      vertex 71.831337 79.002088 16.131186
      vertex 70.273037 78.478352 16.131186
    endloop
  endfacet
  facet normal -0.316613 0.939200 -0.132893
    outer loop
      vertex 70.699355 79.413964 14.057690
      vertex 68.763797 78.761469 14.057690
      vertex 68.830644 79.131339 16.512436
    endloop
  endfacet
  facet normal -0.316613 0.939200 -0.132893
    outer loop
      vertex 70.699355 79.413964 14.057690
      vertex 68.830644 79.131339 16.512436
      vertex 70.886344 79.824335 16.512436
    endloop
  endfacet
  facet normal 0.316434 -0.938668 0.137012
    outer loop
      vertex 68.544424 77.547651 13.747243
      vertex 70.085707 78.067232 13.747243
      vertex 70.273037 78.478352 16.131186
    endloop
  endfacet
  facet normal 0.316434 -0.938668 0.137012
    outer loop
      vertex 68.544424 77.547651 13.747243
      vertex 70.273037 78.478352 16.131186
      vertex 68.611393 77.918196 16.131186
    endloop
  endfacet
  facet normal -0.338483 0.931784 -0.131180
    outer loop
      vertex 68.763797 78.761469 14.057690
      vertex 66.706736 78.014214 14.057690
      vertex 66.645898 78.337701 16.512436
    endloop
  endfacet
  facet normal -0.338483 0.931784 -0.131180
    outer loop
      vertex 68.763797 78.761469 14.057690
      vertex 66.645898 78.337701 16.512436
      vertex 68.830644 79.131339 16.512436
    endloop
  endfacet
  facet normal 0.338296 -0.931270 0.135248
    outer loop
      vertex 66.906389 76.952612 13.747243
      vertex 68.544424 77.547651 13.747243
      vertex 68.611393 77.918196 16.131186
    endloop
  endfacet
  facet normal 0.338296 -0.931270 0.135248
    outer loop
      vertex 66.906389 76.952612 13.747243
      vertex 68.611393 77.918196 16.131186
      vertex 66.845440 77.276690 16.131186
    endloop
  endfacet
  facet normal -0.388573 0.912224 -0.129843
    outer loop
      vertex 66.706736 78.014214 14.057690
      vertex 64.622257 77.126305 14.057690
      vertex 64.432033 77.394679 16.512436
    endloop
  endfacet
  facet normal -0.388573 0.912224 -0.129843
    outer loop
      vertex 66.706736 78.014214 14.057690
      vertex 64.432033 77.394679 16.512436
      vertex 66.645898 78.337701 16.512436
    endloop
  endfacet
  facet normal 0.388363 -0.911731 0.133872
    outer loop
      vertex 65.246520 76.245572 13.747243
      vertex 66.906389 76.952612 13.747243
      vertex 66.845440 77.276690 16.131186
    endloop
  endfacet
  facet normal 0.388363 -0.911731 0.133872
    outer loop
      vertex 65.246520 76.245572 13.747243
      vertex 66.845440 77.276690 16.131186
      vertex 65.055950 76.514436 16.131186
    endloop
  endfacet
  facet normal -0.437981 0.889363 -0.131173
    outer loop
      vertex 64.622257 77.126305 14.057690
      vertex 62.655244 76.157619 14.057690
      vertex 62.342926 76.365866 16.512436
    endloop
  endfacet
  facet normal -0.437981 0.889363 -0.131173
    outer loop
      vertex 64.622257 77.126305 14.057690
      vertex 62.342926 76.365866 16.512436
      vertex 64.432033 77.394679 16.512436
    endloop
  endfacet
  facet normal 0.437739 -0.888873 0.135241
    outer loop
      vertex 63.680190 75.474208 13.747243
      vertex 65.246520 76.245572 13.747243
      vertex 65.055950 76.514436 16.131186
    endloop
  endfacet
  facet normal 0.437739 -0.888873 0.135241
    outer loop
      vertex 63.680190 75.474208 13.747243
      vertex 65.055950 76.514436 16.131186
      vertex 63.367302 75.682835 16.131186
    endloop
  endfacet
  facet normal -0.459301 0.878276 -0.132945
    outer loop
      vertex 62.655244 76.157619 14.057690
      vertex 60.841342 75.209025 14.057690
      vertex 60.416433 75.358391 16.512436
    endloop
  endfacet
  facet normal -0.459301 0.878276 -0.132945
    outer loop
      vertex 62.655244 76.157619 14.057690
      vertex 60.416433 75.358391 16.512436
      vertex 62.342926 76.365866 16.512436
    endloop
  endfacet
  facet normal 0.459041 -0.877778 0.137066
    outer loop
      vertex 62.235782 74.718844 13.747243
      vertex 63.680190 75.474208 13.747243
      vertex 63.367302 75.682835 16.131186
    endloop
  endfacet
  facet normal 0.459041 -0.877778 0.137066
    outer loop
      vertex 62.235782 74.718844 13.747243
      vertex 63.367302 75.682835 16.131186
      vertex 61.810097 74.868483 16.131186
    endloop
  endfacet
  facet normal -0.460464 0.877642 -0.133108
    outer loop
      vertex 60.841342 75.209025 14.057690
      vertex 59.142618 74.317772 14.057690
      vertex 58.612268 74.411817 16.512436
    endloop
  endfacet
  facet normal -0.460464 0.877642 -0.133108
    outer loop
      vertex 60.841342 75.209025 14.057690
      vertex 58.612268 74.411817 16.512436
      vertex 60.416433 75.358391 16.512436
    endloop
  endfacet
  facet normal 0.460202 -0.877144 0.137233
    outer loop
      vertex 60.883091 74.009140 13.747243
      vertex 62.235782 74.718844 13.747243
      vertex 61.810097 74.868483 16.131186
    endloop
  endfacet
  facet normal 0.460202 -0.877144 0.137233
    outer loop
      vertex 60.883091 74.009140 13.747243
      vertex 61.810097 74.868483 16.131186
      vertex 60.351772 74.103357 16.131186
    endloop
  endfacet
  facet normal -0.454656 0.880835 -0.131975
    outer loop
      vertex 59.142618 74.317772 14.057690
      vertex 57.523095 73.481831 14.057690
      vertex 56.892219 73.523988 16.512436
    endloop
  endfacet
  facet normal -0.454656 0.880835 -0.131975
    outer loop
      vertex 59.142618 74.317772 14.057690
      vertex 56.892219 73.523988 16.512436
      vertex 58.612268 74.411817 16.512436
    endloop
  endfacet
  facet normal 0.454402 -0.880343 0.136067
    outer loop
      vertex 59.593466 73.343481 13.747243
      vertex 60.883091 74.009140 13.747243
      vertex 60.351772 74.103357 16.131186
    endloop
  endfacet
  facet normal 0.454402 -0.880343 0.136067
    outer loop
      vertex 59.593466 73.343481 13.747243
      vertex 60.351772 74.103357 16.131186
      vertex 58.961438 73.385715 16.131186
    endloop
  endfacet
  facet normal -0.531266 -0.838354 -0.122139
    outer loop
      vertex 57.523095 73.481831 14.057690
      vertex 59.201956 72.417934 14.057690
      vertex 58.675288 72.394054 16.512436
    endloop
  endfacet
  facet normal -0.531266 -0.838354 -0.122139
    outer loop
      vertex 57.523095 73.481831 14.057690
      vertex 58.675288 72.394054 16.512436
      vertex 56.892219 73.523988 16.512436
    endloop
  endfacet
  facet normal 0.531012 0.837953 0.125936
    outer loop
      vertex 60.930341 72.496301 13.747243
      vertex 59.593466 73.343481 13.747243
      vertex 58.961438 73.385715 16.131186
    endloop
  endfacet
  facet normal 0.531012 0.837953 0.125936
    outer loop
      vertex 60.930341 72.496301 13.747243
      vertex 58.961438 73.385715 16.131186
      vertex 60.402712 72.472378 16.131186
    endloop
  endfacet
  facet normal -0.538579 -0.833451 -0.123660
    outer loop
      vertex 59.201956 72.417934 14.057690
      vertex 60.968582 71.276336 14.057690
      vertex 60.551571 71.181595 16.512436
    endloop
  endfacet
  facet normal -0.538579 -0.833451 -0.123660
    outer loop
      vertex 59.201956 72.417934 14.057690
      vertex 60.551571 71.181595 16.512436
      vertex 58.675288 72.394054 16.512436
    endloop
  endfacet
  facet normal 0.538315 0.833043 0.127503
    outer loop
      vertex 62.337103 71.587248 13.747243
      vertex 60.930341 72.496301 13.747243
      vertex 60.402712 72.472378 16.131186
    endloop
  endfacet
  facet normal 0.538315 0.833043 0.127503
    outer loop
      vertex 62.337103 71.587248 13.747243
      vertex 60.402712 72.472378 16.131186
      vertex 61.919331 71.492335 16.131186
    endloop
  endfacet
  facet normal -0.538444 -0.833541 -0.123641
    outer loop
      vertex 60.968582 71.276336 14.057690
      vertex 62.874239 70.045334 14.057690
      vertex 62.575514 69.874185 16.512436
    endloop
  endfacet
  facet normal -0.538444 -0.833541 -0.123641
    outer loop
      vertex 60.968582 71.276336 14.057690
      vertex 62.575514 69.874185 16.512436
      vertex 60.551571 71.181595 16.512436
    endloop
  endfacet
  facet normal 0.538180 0.833133 0.127483
    outer loop
      vertex 63.854576 70.607003 13.747243
      vertex 62.337103 71.587248 13.747243
      vertex 61.919331 71.492335 16.131186
    endloop
  endfacet
  facet normal 0.538180 0.833133 0.127483
    outer loop
      vertex 63.854576 70.607003 13.747243
      vertex 61.919331 71.492335 16.131186
      vertex 63.555306 70.435541 16.131186
    endloop
  endfacet
  facet normal -0.511478 -0.850656 -0.121553
    outer loop
      vertex 62.874239 70.045334 14.057690
      vertex 64.979272 68.779630 14.057690
      vertex 64.811209 68.529916 16.512436
    endloop
  endfacet
  facet normal -0.511478 -0.850656 -0.121553
    outer loop
      vertex 62.874239 70.045334 14.057690
      vertex 64.811209 68.529916 16.512436
      vertex 62.575514 69.874185 16.512436
    endloop
  endfacet
  facet normal 0.511236 0.850253 0.125332
    outer loop
      vertex 65.530811 69.599124 13.747243
      vertex 63.854576 70.607003 13.747243
      vertex 63.555306 70.435541 16.131186
    endloop
  endfacet
  facet normal 0.511236 0.850253 0.125332
    outer loop
      vertex 65.530811 69.599124 13.747243
      vertex 63.555306 70.435541 16.131186
      vertex 65.362441 69.348955 16.131186
    endloop
  endfacet
  facet normal -0.451734 -0.883930 -0.120847
    outer loop
      vertex 64.979272 68.779630 14.057690
      vertex 67.204994 67.642170 14.057690
      vertex 67.175084 67.321853 16.512436
    endloop
  endfacet
  facet normal -0.451734 -0.883930 -0.120847
    outer loop
      vertex 64.979272 68.779630 14.057690
      vertex 67.175084 67.321853 16.512436
      vertex 64.811209 68.529916 16.512436
    endloop
  endfacet
  facet normal 0.451523 0.883516 0.124605
    outer loop
      vertex 67.303151 68.693366 13.747243
      vertex 65.530811 69.599124 13.747243
      vertex 65.362441 69.348955 16.131186
    endloop
  endfacet
  facet normal 0.451523 0.883516 0.124605
    outer loop
      vertex 67.303151 68.693366 13.747243
      vertex 65.362441 69.348955 16.131186
      vertex 67.273187 68.372464 16.131186
    endloop
  endfacet
  facet normal -0.408144 -0.904592 -0.123012
    outer loop
      vertex 67.204994 67.642170 14.057690
      vertex 69.337602 66.679955 14.057690
      vertex 69.440065 66.299912 16.512436
    endloop
  endfacet
  facet normal -0.408144 -0.904592 -0.123012
    outer loop
      vertex 67.204994 67.642170 14.057690
      vertex 69.440065 66.299912 16.512436
      vertex 67.175084 67.321853 16.512436
    endloop
  endfacet
  facet normal 0.407946 0.904153 0.126835
    outer loop
      vertex 69.001344 67.927155 13.747243
      vertex 67.303151 68.693366 13.747243
      vertex 67.273187 68.372464 16.131186
    endloop
  endfacet
  facet normal 0.407946 0.904153 0.126835
    outer loop
      vertex 69.001344 67.927155 13.747243
      vertex 67.273187 68.372464 16.131186
      vertex 69.103995 67.546419 16.131186
    endloop
  endfacet
  facet normal -0.400391 -0.907936 -0.123854
    outer loop
      vertex 69.337602 66.679955 14.057690
      vertex 71.311306 65.809571 14.057690
      vertex 71.536279 65.375503 16.512436
    endloop
  endfacet
  facet normal -0.400391 -0.907936 -0.123854
    outer loop
      vertex 69.337602 66.679955 14.057690
      vertex 71.536279 65.375503 16.512436
      vertex 69.440065 66.299912 16.512436
    endloop
  endfacet
  facet normal 0.400194 0.907489 0.127702
    outer loop
      vertex 70.573002 67.234070 13.747243
      vertex 69.001344 67.927155 13.747243
      vertex 69.103995 67.546419 16.131186
    endloop
  endfacet
  facet normal 0.400194 0.907489 0.127702
    outer loop
      vertex 70.573002 67.234070 13.747243
      vertex 69.103995 67.546419 16.131186
      vertex 70.798386 66.799209 16.131186
    endloop
  endfacet
  facet normal -0.407013 -0.905137 -0.122752
    outer loop
      vertex 71.311306 65.809571 14.057690
      vertex 73.158053 64.979144 14.057690
      vertex 73.497656 64.493531 16.512436
    endloop
  endfacet
  facet normal -0.407013 -0.905137 -0.122752
    outer loop
      vertex 71.311306 65.809571 14.057690
      vertex 73.497656 64.493531 16.512436
      vertex 71.536279 65.375503 16.512436
    endloop
  endfacet
  facet normal 0.406816 0.904700 0.126567
    outer loop
      vertex 72.043565 66.572802 13.747243
      vertex 70.573002 67.234070 13.747243
      vertex 70.798386 66.799209 16.131186
    endloop
  endfacet
  facet normal 0.406816 0.904700 0.126567
    outer loop
      vertex 72.043565 66.572802 13.747243
      vertex 70.798386 66.799209 16.131186
      vertex 72.383788 66.086302 16.131186
    endloop
  endfacet
  facet normal 0.985441 -0.029768 -0.167393
    outer loop
      vertex 73.497656 64.493531 16.512436
      vertex 73.552509 66.309383 16.512436
      vertex 73.956460 65.862208 18.970022
    endloop
  endfacet
  facet normal 0.985441 -0.029768 -0.167393
    outer loop
      vertex 73.497656 64.493531 16.512436
      vertex 73.956460 65.862208 18.970022
      vertex 73.897830 63.921304 18.970022
    endloop
  endfacet
  facet normal -0.984649 0.029744 0.171993
    outer loop
      vertex 72.428126 67.554074 16.131186
      vertex 72.383788 66.086302 16.131186
      vertex 72.783101 65.515306 18.515972
    endloop
  endfacet
  facet normal -0.984649 0.029744 0.171993
    outer loop
      vertex 72.428126 67.554074 16.131186
      vertex 72.783101 65.515306 18.515972
      vertex 72.831208 67.107862 18.515972
    endloop
  endfacet
  facet normal 0.985316 -0.031828 -0.167747
    outer loop
      vertex 73.552509 66.309383 16.512436
      vertex 73.614234 68.220231 16.512436
      vertex 74.022437 67.904652 18.970022
    endloop
  endfacet
  facet normal 0.985316 -0.031828 -0.167747
    outer loop
      vertex 73.552509 66.309383 16.512436
      vertex 74.022437 67.904652 18.970022
      vertex 73.956460 65.862208 18.970022
    endloop
  endfacet
  facet normal -0.984521 0.031803 0.172357
    outer loop
      vertex 72.478020 69.098633 16.131186
      vertex 72.428126 67.554074 16.131186
      vertex 72.831208 67.107862 18.515972
    endloop
  endfacet
  facet normal -0.984521 0.031803 0.172357
    outer loop
      vertex 72.478020 69.098633 16.131186
      vertex 72.831208 67.107862 18.515972
      vertex 72.885343 68.783733 18.515972
    endloop
  endfacet
  facet normal 0.985754 -0.022715 -0.166650
    outer loop
      vertex 73.614234 68.220231 16.512436
      vertex 73.660954 70.247659 16.512436
      vertex 74.072374 70.071703 18.970022
    endloop
  endfacet
  facet normal 0.985754 -0.022715 -0.166650
    outer loop
      vertex 73.614234 68.220231 16.512436
      vertex 74.072374 70.071703 18.970022
      vertex 74.022437 67.904652 18.970022
    endloop
  endfacet
  facet normal -0.984969 0.022697 0.171231
    outer loop
      vertex 72.515783 70.737424 16.131186
      vertex 72.478020 69.098633 16.131186
      vertex 72.885343 68.783733 18.515972
    endloop
  endfacet
  facet normal -0.984969 0.022697 0.171231
    outer loop
      vertex 72.515783 70.737424 16.131186
      vertex 72.885343 68.783733 18.515972
      vertex 72.926318 70.561847 18.515972
    endloop
  endfacet
  facet normal 0.986335 0.007605 -0.164576
    outer loop
      vertex 73.660954 70.247659 16.512436
      vertex 73.644476 72.384719 16.512436
      vertex 74.054761 72.355937 18.970022
    endloop
  endfacet
  facet normal 0.986335 0.007605 -0.164576
    outer loop
      vertex 73.660954 70.247659 16.512436
      vertex 74.054761 72.355937 18.970022
      vertex 74.072374 70.071703 18.970022
    endloop
  endfacet
  facet normal -0.985569 -0.007599 0.169104
    outer loop
      vertex 72.502465 72.464832 16.131186
      vertex 72.515783 70.737424 16.131186
      vertex 72.926318 70.561847 18.515972
    endloop
  endfacet
  facet normal -0.985569 -0.007599 0.169104
    outer loop
      vertex 72.502465 72.464832 16.131186
      vertex 72.926318 70.561847 18.515972
      vertex 72.911867 72.436112 18.515972
    endloop
  endfacet
  facet normal 0.984849 0.057082 -0.163749
    outer loop
      vertex 73.644476 72.384719 16.512436
      vertex 73.518789 74.553237 16.512436
      vertex 73.920418 74.673796 18.970022
    endloop
  endfacet
  facet normal 0.984849 0.057082 -0.163749
    outer loop
      vertex 73.644476 72.384719 16.512436
      vertex 73.920418 74.673796 18.970022
      vertex 74.054761 72.355937 18.970022
    endloop
  endfacet
  facet normal -0.984092 -0.057038 0.168255
    outer loop
      vertex 72.400870 74.217669 16.131186
      vertex 72.502465 72.464832 16.131186
      vertex 72.911867 72.436112 18.515972
    endloop
  endfacet
  facet normal -0.984092 -0.057038 0.168255
    outer loop
      vertex 72.400870 74.217669 16.131186
      vertex 72.911867 72.436112 18.515972
      vertex 72.801635 74.337967 18.515972
    endloop
  endfacet
  facet normal 0.981023 0.101348 -0.165295
    outer loop
      vertex 73.518789 74.553237 16.512436
      vertex 73.302765 76.644297 16.512436
      vertex 73.689518 76.908861 18.970022
    endloop
  endfacet
  facet normal 0.981023 0.101348 -0.165295
    outer loop
      vertex 73.518789 74.553237 16.512436
      vertex 73.689518 76.908861 18.970022
      vertex 73.920418 74.673796 18.970022
    endloop
  endfacet
  facet normal -0.980254 -0.101268 0.169841
    outer loop
      vertex 72.226256 75.907894 16.131186
      vertex 72.400870 74.217669 16.131186
      vertex 72.801635 74.337967 18.515972
    endloop
  endfacet
  facet normal -0.980254 -0.101268 0.169841
    outer loop
      vertex 72.226256 75.907894 16.131186
      vertex 72.801635 74.337967 18.515972
      vertex 72.612176 76.171889 18.515972
    endloop
  endfacet
  facet normal 0.978232 0.122933 -0.167179
    outer loop
      vertex 73.302765 76.644297 16.512436
      vertex 73.055340 78.613168 16.512436
      vertex 73.425052 79.013323 18.970022
    endloop
  endfacet
  facet normal 0.978232 0.122933 -0.167179
    outer loop
      vertex 73.302765 76.644297 16.512436
      vertex 73.425052 79.013323 18.970022
      vertex 73.689518 76.908861 18.970022
    endloop
  endfacet
  facet normal -0.977448 -0.122835 0.171774
    outer loop
      vertex 72.026259 77.499353 16.131186
      vertex 72.226256 75.907894 16.131186
      vertex 72.612176 76.171889 18.515972
    endloop
  endfacet
  facet normal -0.977448 -0.122835 0.171774
    outer loop
      vertex 72.026259 77.499353 16.131186
      vertex 72.612176 76.171889 18.515972
      vertex 72.395176 77.898647 18.515972
    endloop
  endfacet
  facet normal 0.977644 0.126812 -0.167722
    outer loop
      vertex 73.055340 78.613168 16.512436
      vertex 72.814192 80.472273 16.512436
      vertex 73.167298 81.000460 18.970022
    endloop
  endfacet
  facet normal 0.977644 0.126812 -0.167722
    outer loop
      vertex 73.055340 78.613168 16.512436
      vertex 73.167298 81.000460 18.970022
      vertex 73.425052 79.013323 18.970022
    endloop
  endfacet
  facet normal -0.976855 -0.126709 0.172331
    outer loop
      vertex 71.831337 79.002088 16.131186
      vertex 72.026259 77.499353 16.131186
      vertex 72.395176 77.898647 18.515972
    endloop
  endfacet
  facet normal -0.976855 -0.126709 0.172331
    outer loop
      vertex 71.831337 79.002088 16.131186
      vertex 72.395176 77.898647 18.515972
      vertex 72.183683 79.529137 18.515972
    endloop
  endfacet
  facet normal -0.314681 0.936288 -0.156015
    outer loop
      vertex 72.814192 80.472273 16.512436
      vertex 70.886344 79.824335 16.512436
      vertex 71.106684 80.307900 18.970022
    endloop
  endfacet
  facet normal -0.314681 0.936288 -0.156015
    outer loop
      vertex 72.814192 80.472273 16.512436
      vertex 71.106684 80.307900 18.970022
      vertex 73.167298 81.000460 18.970022
    endloop
  endfacet
  facet normal 0.314461 -0.935635 0.160319
    outer loop
      vertex 70.273037 78.478352 16.131186
      vertex 71.831337 79.002088 16.131186
      vertex 72.183683 79.529137 18.515972
    endloop
  endfacet
  facet normal 0.314461 -0.935635 0.160319
    outer loop
      vertex 70.273037 78.478352 16.131186
      vertex 72.183683 79.529137 18.515972
      vertex 70.492903 78.960876 18.515972
    endloop
  endfacet
  facet normal -0.315541 0.936020 -0.155885
    outer loop
      vertex 70.886344 79.824335 16.512436
      vertex 68.830644 79.131339 16.512436
      vertex 68.909413 79.567179 18.970022
    endloop
  endfacet
  facet normal -0.315541 0.936020 -0.155885
    outer loop
      vertex 70.886344 79.824335 16.512436
      vertex 68.909413 79.567179 18.970022
      vertex 71.106684 80.307900 18.970022
    endloop
  endfacet
  facet normal 0.315321 -0.935368 0.160186
    outer loop
      vertex 68.611393 77.918196 16.131186
      vertex 70.273037 78.478352 16.131186
      vertex 70.492903 78.960876 18.515972
    endloop
  endfacet
  facet normal 0.315321 -0.935368 0.160186
    outer loop
      vertex 68.611393 77.918196 16.131186
      vertex 70.492903 78.960876 18.515972
      vertex 68.689992 78.353098 18.515972
    endloop
  endfacet
  facet normal -0.337366 0.928710 -0.153889
    outer loop
      vertex 68.830644 79.131339 16.512436
      vertex 66.645898 78.337701 16.512436
      vertex 66.574210 78.718885 18.970022
    endloop
  endfacet
  facet normal -0.337366 0.928710 -0.153889
    outer loop
      vertex 68.830644 79.131339 16.512436
      vertex 66.574210 78.718885 18.970022
      vertex 68.909413 79.567179 18.970022
    endloop
  endfacet
  facet normal 0.337137 -0.928079 0.158138
    outer loop
      vertex 66.845440 77.276690 16.131186
      vertex 68.611393 77.918196 16.131186
      vertex 68.689992 78.353098 18.515972
    endloop
  endfacet
  facet normal 0.337137 -0.928079 0.158138
    outer loop
      vertex 66.845440 77.276690 16.131186
      vertex 68.689992 78.353098 18.515972
      vertex 66.773906 77.657054 18.515972
    endloop
  endfacet
  facet normal -0.387317 0.909275 -0.152331
    outer loop
      vertex 66.645898 78.337701 16.512436
      vertex 64.432033 77.394679 16.512436
      vertex 64.207882 77.710920 18.970022
    endloop
  endfacet
  facet normal -0.387317 0.909275 -0.152331
    outer loop
      vertex 66.645898 78.337701 16.512436
      vertex 64.207882 77.710920 18.970022
      vertex 66.574210 78.718885 18.970022
    endloop
  endfacet
  facet normal 0.387059 -0.908670 0.156539
    outer loop
      vertex 65.055950 76.514436 16.131186
      vertex 66.845440 77.276690 16.131186
      vertex 66.773906 77.657054 18.515972
    endloop
  endfacet
  facet normal 0.387059 -0.908670 0.156539
    outer loop
      vertex 65.055950 76.514436 16.131186
      vertex 66.773906 77.657054 18.515972
      vertex 64.832281 76.829996 18.515972
    endloop
  endfacet
  facet normal -0.436536 0.886429 -0.153881
    outer loop
      vertex 64.432033 77.394679 16.512436
      vertex 62.342926 76.365866 16.512436
      vertex 61.974903 76.611255 18.970022
    endloop
  endfacet
  facet normal -0.436536 0.886429 -0.153881
    outer loop
      vertex 64.432033 77.394679 16.512436
      vertex 61.974903 76.611255 18.970022
      vertex 64.207882 77.710920 18.970022
    endloop
  endfacet
  facet normal 0.436239 -0.885827 0.158130
    outer loop
      vertex 63.367302 75.682835 16.131186
      vertex 65.055950 76.514436 16.131186
      vertex 64.832281 76.829996 18.515972
    endloop
  endfacet
  facet normal 0.436239 -0.885827 0.158130
    outer loop
      vertex 63.367302 75.682835 16.131186
      vertex 64.832281 76.829996 18.515972
      vertex 63.000071 75.927696 18.515972
    endloop
  endfacet
  facet normal -0.457745 0.875300 -0.155946
    outer loop
      vertex 62.342926 76.365866 16.512436
      vertex 60.416433 75.358391 16.512436
      vertex 59.915738 75.534398 18.970022
    endloop
  endfacet
  facet normal -0.457745 0.875300 -0.155946
    outer loop
      vertex 62.342926 76.365866 16.512436
      vertex 59.915738 75.534398 18.970022
      vertex 61.974903 76.611255 18.970022
    endloop
  endfacet
  facet normal 0.457426 -0.874690 0.160248
    outer loop
      vertex 61.810097 74.868483 16.131186
      vertex 63.367302 75.682835 16.131186
      vertex 63.000071 75.927696 18.515972
    endloop
  endfacet
  facet normal 0.457426 -0.874690 0.160248
    outer loop
      vertex 61.810097 74.868483 16.131186
      vertex 63.000071 75.927696 18.515972
      vertex 61.310480 75.044111 18.515972
    endloop
  endfacet
  facet normal -0.458900 0.874661 -0.156135
    outer loop
      vertex 60.416433 75.358391 16.512436
      vertex 58.612268 74.411817 16.512436
      vertex 57.987324 74.522636 18.970022
    endloop
  endfacet
  facet normal -0.458900 0.874661 -0.156135
    outer loop
      vertex 60.416433 75.358391 16.512436
      vertex 57.987324 74.522636 18.970022
      vertex 59.915738 75.534398 18.970022
    endloop
  endfacet
  facet normal 0.458579 -0.874050 0.160443
    outer loop
      vertex 60.351772 74.103357 16.131186
      vertex 61.810097 74.868483 16.131186
      vertex 61.310480 75.044111 18.515972
    endloop
  endfacet
  facet normal 0.458579 -0.874050 0.160443
    outer loop
      vertex 60.351772 74.103357 16.131186
      vertex 61.310480 75.044111 18.515972
      vertex 59.728174 74.213937 18.515972
    endloop
  endfacet
  facet normal -0.453138 0.877894 -0.154816
    outer loop
      vertex 58.612268 74.411817 16.512436
      vertex 56.892219 73.523988 16.512436
      vertex 56.148820 73.573664 18.970022
    endloop
  endfacet
  facet normal -0.453138 0.877894 -0.154816
    outer loop
      vertex 58.612268 74.411817 16.512436
      vertex 56.148820 73.573664 18.970022
      vertex 57.987324 74.522636 18.970022
    endloop
  endfacet
  facet normal 0.452827 -0.877291 0.159089
    outer loop
      vertex 58.961438 73.385715 16.131186
      vertex 60.351772 74.103357 16.131186
      vertex 59.728174 74.213937 18.515972
    endloop
  endfacet
  facet normal 0.452827 -0.877291 0.159089
    outer loop
      vertex 58.961438 73.385715 16.131186
      vertex 59.728174 74.213937 18.515972
      vertex 58.219640 73.435285 18.515972
    endloop
  endfacet
  facet normal -0.529746 -0.835955 -0.143346
    outer loop
      vertex 56.892219 73.523988 16.512436
      vertex 58.675288 72.394054 16.512436
      vertex 58.054685 72.365915 18.970022
    endloop
  endfacet
  facet normal -0.529746 -0.835955 -0.143346
    outer loop
      vertex 56.892219 73.523988 16.512436
      vertex 58.054685 72.365915 18.970022
      vertex 56.148820 73.573664 18.970022
    endloop
  endfacet
  facet normal 0.529434 0.835462 0.147317
    outer loop
      vertex 60.402712 72.472378 16.131186
      vertex 58.961438 73.385715 16.131186
      vertex 58.219640 73.435285 18.515972
    endloop
  endfacet
  facet normal 0.529434 0.835462 0.147317
    outer loop
      vertex 60.402712 72.472378 16.131186
      vertex 58.219640 73.435285 18.515972
      vertex 59.783445 72.444299 18.515972
    endloop
  endfacet
  facet normal -0.536999 -0.831007 -0.145121
    outer loop
      vertex 58.675288 72.394054 16.512436
      vertex 60.551571 71.181595 16.512436
      vertex 60.060182 71.069958 18.970022
    endloop
  endfacet
  facet normal -0.536999 -0.831007 -0.145121
    outer loop
      vertex 58.675288 72.394054 16.512436
      vertex 60.060182 71.069958 18.970022
      vertex 58.054685 72.365915 18.970022
    endloop
  endfacet
  facet normal 0.536674 0.830505 0.149139
    outer loop
      vertex 61.919331 71.492335 16.131186
      vertex 60.402712 72.472378 16.131186
      vertex 59.783445 72.444299 18.515972
    endloop
  endfacet
  facet normal 0.536674 0.830505 0.149139
    outer loop
      vertex 61.919331 71.492335 16.131186
      vertex 59.783445 72.444299 18.515972
      vertex 61.429000 71.380937 18.515972
    endloop
  endfacet
  facet normal -0.536865 -0.831097 -0.145098
    outer loop
      vertex 60.551571 71.181595 16.512436
      vertex 62.575514 69.874185 16.512436
      vertex 62.223509 69.672509 18.970022
    endloop
  endfacet
  facet normal -0.536865 -0.831097 -0.145098
    outer loop
      vertex 60.551571 71.181595 16.512436
      vertex 62.223509 69.672509 18.970022
      vertex 60.060182 71.069958 18.970022
    endloop
  endfacet
  facet normal 0.536541 0.830595 0.149116
    outer loop
      vertex 63.555306 70.435541 16.131186
      vertex 61.919331 71.492335 16.131186
      vertex 61.429000 71.380937 18.515972
    endloop
  endfacet
  facet normal 0.536541 0.830595 0.149116
    outer loop
      vertex 63.555306 70.435541 16.131186
      vertex 61.429000 71.380937 18.515972
      vertex 63.204058 70.234299 18.515972
    endloop
  endfacet
  facet normal -0.510029 -0.848244 -0.142661
    outer loop
      vertex 62.575514 69.874185 16.512436
      vertex 64.811209 68.529916 16.512436
      vertex 64.613170 68.235664 18.970022
    endloop
  endfacet
  facet normal -0.510029 -0.848244 -0.142661
    outer loop
      vertex 62.575514 69.874185 16.512436
      vertex 64.613170 68.235664 18.970022
      vertex 62.223509 69.672509 18.970022
    endloop
  endfacet
  facet normal 0.509731 0.847749 0.146614
    outer loop
      vertex 65.362441 69.348955 16.131186
      vertex 63.555306 70.435541 16.131186
      vertex 63.204058 70.234299 18.515972
    endloop
  endfacet
  facet normal 0.509731 0.847749 0.146614
    outer loop
      vertex 65.362441 69.348955 16.131186
      vertex 63.204058 70.234299 18.515972
      vertex 65.164829 69.055336 18.515972
    endloop
  endfacet
  facet normal -0.450469 -0.881453 -0.141838
    outer loop
      vertex 64.811209 68.529916 16.512436
      vertex 67.175084 67.321853 16.512436
      vertex 67.139839 66.944405 18.970022
    endloop
  endfacet
  facet normal -0.450469 -0.881453 -0.141838
    outer loop
      vertex 64.811209 68.529916 16.512436
      vertex 67.139839 66.944405 18.970022
      vertex 64.613170 68.235664 18.970022
    endloop
  endfacet
  facet normal 0.450209 0.880945 0.145769
    outer loop
      vertex 67.273187 68.372464 16.131186
      vertex 65.362441 69.348955 16.131186
      vertex 65.164829 69.055336 18.515972
    endloop
  endfacet
  facet normal 0.450209 0.880945 0.145769
    outer loop
      vertex 67.273187 68.372464 16.131186
      vertex 65.164829 69.055336 18.515972
      vertex 67.238018 67.995829 18.515972
    endloop
  endfacet
  facet normal -0.406960 -0.901966 -0.144365
    outer loop
      vertex 67.175084 67.321853 16.512436
      vertex 69.440065 66.299912 16.512436
      vertex 69.560804 65.852086 18.970022
    endloop
  endfacet
  facet normal -0.406960 -0.901966 -0.144365
    outer loop
      vertex 67.175084 67.321853 16.512436
      vertex 69.560804 65.852086 18.970022
      vertex 67.139839 66.944405 18.970022
    endloop
  endfacet
  facet normal 0.406716 0.901427 0.148363
    outer loop
      vertex 69.103995 67.546419 16.131186
      vertex 67.273187 68.372464 16.131186
      vertex 67.238018 67.995829 18.515972
    endloop
  endfacet
  facet normal 0.406716 0.901427 0.148363
    outer loop
      vertex 69.103995 67.546419 16.131186
      vertex 67.238018 67.995829 18.515972
      vertex 69.224473 67.099556 18.515972
    endloop
  endfacet
  facet normal -0.399213 -0.905264 -0.145346
    outer loop
      vertex 69.440065 66.299912 16.512436
      vertex 71.536279 65.375503 16.512436
      vertex 71.801378 64.864015 18.970022
    endloop
  endfacet
  facet normal -0.399213 -0.905264 -0.145346
    outer loop
      vertex 69.440065 66.299912 16.512436
      vertex 71.801378 64.864015 18.970022
      vertex 69.560804 65.852086 18.970022
    endloop
  endfacet
  facet normal 0.398971 0.904716 0.149370
    outer loop
      vertex 70.798386 66.799209 16.131186
      vertex 69.103995 67.546419 16.131186
      vertex 69.224473 67.099556 18.515972
    endloop
  endfacet
  facet normal 0.398971 0.904716 0.149370
    outer loop
      vertex 70.798386 66.799209 16.131186
      vertex 69.224473 67.099556 18.515972
      vertex 71.062915 66.288822 18.515972
    endloop
  endfacet
  facet normal -0.405836 -0.902521 -0.144061
    outer loop
      vertex 71.536279 65.375503 16.512436
      vertex 73.497656 64.493531 16.512436
      vertex 73.897830 63.921304 18.970022
    endloop
  endfacet
  facet normal -0.405836 -0.902521 -0.144061
    outer loop
      vertex 71.536279 65.375503 16.512436
      vertex 73.897830 63.921304 18.970022
      vertex 71.801378 64.864015 18.970022
    endloop
  endfacet
  facet normal 0.405595 0.901983 0.148051
    outer loop
      vertex 72.383788 66.086302 16.131186
      vertex 70.798386 66.799209 16.131186
      vertex 71.062915 66.288822 18.515972
    endloop
  endfacet
  facet normal 0.405595 0.901983 0.148051
    outer loop
      vertex 72.383788 66.086302 16.131186
      vertex 71.062915 66.288822 18.515972
      vertex 72.783101 65.515306 18.515972
    endloop
  endfacet
  facet normal 0.981618 -0.029652 -0.188539
    outer loop
      vertex 73.897830 63.921304 18.970022
      vertex 73.956460 65.862208 18.970022
      vertex 74.413331 65.356453 21.428239
    endloop
  endfacet
  facet normal 0.981618 -0.029652 -0.188539
    outer loop
      vertex 73.897830 63.921304 18.970022
      vertex 74.413331 65.356453 21.428239
      vertex 74.350428 63.274113 21.428239
    endloop
  endfacet
  facet normal -0.980520 0.029619 0.194173
    outer loop
      vertex 72.831208 67.107862 18.515972
      vertex 72.783101 65.515306 18.515972
      vertex 73.235842 64.867910 20.900944
    endloop
  endfacet
  facet normal -0.980520 0.029619 0.194173
    outer loop
      vertex 72.831208 67.107862 18.515972
      vertex 73.235842 64.867910 20.900944
      vertex 73.288224 66.601946 20.900944
    endloop
  endfacet
  facet normal 0.981478 -0.031704 -0.188935
    outer loop
      vertex 73.956460 65.862208 18.970022
      vertex 74.022437 67.904652 18.970022
      vertex 74.484115 67.547731 21.428239
    endloop
  endfacet
  facet normal 0.981478 -0.031704 -0.188935
    outer loop
      vertex 73.956460 65.862208 18.970022
      vertex 74.484115 67.547731 21.428239
      vertex 74.413331 65.356453 21.428239
    endloop
  endfacet
  facet normal -0.980375 0.031669 0.194580
    outer loop
      vertex 72.885343 68.783733 18.515972
      vertex 72.831208 67.107862 18.515972
      vertex 73.288224 66.601946 20.900944
    endloop
  endfacet
  facet normal -0.980375 0.031669 0.194580
    outer loop
      vertex 72.885343 68.783733 18.515972
      vertex 73.288224 66.601946 20.900944
      vertex 73.347168 68.426698 20.900944
    endloop
  endfacet
  facet normal 0.981964 -0.022628 -0.187708
    outer loop
      vertex 74.022437 67.904652 18.970022
      vertex 74.072374 70.071703 18.970022
      vertex 74.537691 69.872697 21.428239
    endloop
  endfacet
  facet normal 0.981964 -0.022628 -0.187708
    outer loop
      vertex 74.022437 67.904652 18.970022
      vertex 74.537691 69.872697 21.428239
      vertex 74.484115 67.547731 21.428239
    endloop
  endfacet
  facet normal -0.980875 0.022603 0.193320
    outer loop
      vertex 72.926318 70.561847 18.515972
      vertex 72.885343 68.783733 18.515972
      vertex 73.347168 68.426698 20.900944
    endloop
  endfacet
  facet normal -0.980875 0.022603 0.193320
    outer loop
      vertex 72.926318 70.561847 18.515972
      vertex 73.347168 68.426698 20.900944
      vertex 73.391783 70.362778 20.900944
    endloop
  endfacet
  facet normal 0.982636 0.007576 -0.185390
    outer loop
      vertex 74.072374 70.071703 18.970022
      vertex 74.054761 72.355937 18.970022
      vertex 74.518795 72.323385 21.428239
    endloop
  endfacet
  facet normal 0.982636 0.007576 -0.185390
    outer loop
      vertex 74.072374 70.071703 18.970022
      vertex 74.518795 72.323385 21.428239
      vertex 74.537691 69.872697 21.428239
    endloop
  endfacet
  facet normal -0.981573 -0.007568 0.190938
    outer loop
      vertex 72.911867 72.436112 18.515972
      vertex 72.926318 70.561847 18.515972
      vertex 73.391783 70.362778 20.900944
    endloop
  endfacet
  facet normal -0.981573 -0.007568 0.190938
    outer loop
      vertex 72.911867 72.436112 18.515972
      vertex 73.391783 70.362778 20.900944
      vertex 73.376048 72.403550 20.900944
    endloop
  endfacet
  facet normal 0.981192 0.056870 -0.184465
    outer loop
      vertex 74.054761 72.355937 18.970022
      vertex 73.920418 74.673796 18.970022
      vertex 74.374662 74.810147 21.428239
    endloop
  endfacet
  facet normal 0.981192 0.056870 -0.184465
    outer loop
      vertex 74.054761 72.355937 18.970022
      vertex 74.374662 74.810147 21.428239
      vertex 74.518795 72.323385 21.428239
    endloop
  endfacet
  facet normal -0.980142 -0.056809 0.189987
    outer loop
      vertex 72.801635 74.337967 18.515972
      vertex 72.911867 72.436112 18.515972
      vertex 73.376048 72.403550 20.900944
    endloop
  endfacet
  facet normal -0.980142 -0.056809 0.189987
    outer loop
      vertex 72.801635 74.337967 18.515972
      vertex 73.376048 72.403550 20.900944
      vertex 73.256023 74.474362 20.900944
    endloop
  endfacet
  facet normal 0.977312 0.100964 -0.186194
    outer loop
      vertex 73.920418 74.673796 18.970022
      vertex 73.689518 76.908861 18.970022
      vertex 74.126936 77.208084 21.428239
    endloop
  endfacet
  facet normal 0.977312 0.100964 -0.186194
    outer loop
      vertex 73.920418 74.673796 18.970022
      vertex 74.126936 77.208084 21.428239
      vertex 74.374662 74.810147 21.428239
    endloop
  endfacet
  facet normal -0.976245 -0.100854 0.191763
    outer loop
      vertex 72.612176 76.171889 18.515972
      vertex 72.801635 74.337967 18.515972
      vertex 73.256023 74.474362 20.900944
    endloop
  endfacet
  facet normal -0.976245 -0.100854 0.191763
    outer loop
      vertex 72.612176 76.171889 18.515972
      vertex 73.256023 74.474362 20.900944
      vertex 73.049733 76.471206 20.900944
    endloop
  endfacet
  facet normal 0.974447 0.122458 -0.188300
    outer loop
      vertex 73.689518 76.908861 18.970022
      vertex 73.425052 79.013323 18.970022
      vertex 73.843199 79.465899 21.428239
    endloop
  endfacet
  facet normal 0.974447 0.122458 -0.188300
    outer loop
      vertex 73.689518 76.908861 18.970022
      vertex 73.843199 79.465899 21.428239
      vertex 74.126936 77.208084 21.428239
    endloop
  endfacet
  facet normal -0.973360 -0.122321 0.193928
    outer loop
      vertex 72.395176 77.898647 18.515972
      vertex 72.612176 76.171889 18.515972
      vertex 73.049733 76.471206 20.900944
    endloop
  endfacet
  facet normal -0.973360 -0.122321 0.193928
    outer loop
      vertex 72.395176 77.898647 18.515972
      vertex 73.049733 76.471206 20.900944
      vertex 72.813455 78.351367 20.900944
    endloop
  endfacet
  facet normal 0.973837 0.126318 -0.188907
    outer loop
      vertex 73.425052 79.013323 18.970022
      vertex 73.167298 81.000460 18.970022
      vertex 73.566661 81.597840 21.428239
    endloop
  endfacet
  facet normal 0.973837 0.126318 -0.188907
    outer loop
      vertex 73.425052 79.013323 18.970022
      vertex 73.566661 81.597840 21.428239
      vertex 73.843199 79.465899 21.428239
    endloop
  endfacet
  facet normal -0.972743 -0.126176 0.194552
    outer loop
      vertex 72.183683 79.529137 18.515972
      vertex 72.395176 77.898647 18.515972
      vertex 72.813455 78.351367 20.900944
    endloop
  endfacet
  facet normal -0.972743 -0.126176 0.194552
    outer loop
      vertex 72.183683 79.529137 18.515972
      vertex 72.813455 78.351367 20.900944
      vertex 72.583173 80.126708 20.900944
    endloop
  endfacet
  facet normal -0.313620 0.933131 -0.175813
    outer loop
      vertex 73.167298 81.000460 18.970022
      vertex 71.106684 80.307900 18.970022
      vertex 71.355889 80.854813 21.428239
    endloop
  endfacet
  facet normal -0.313620 0.933131 -0.175813
    outer loop
      vertex 73.167298 81.000460 18.970022
      vertex 71.355889 80.854813 21.428239
      vertex 73.566661 81.597840 21.428239
    endloop
  endfacet
  facet normal 0.313314 -0.932223 0.181093
    outer loop
      vertex 70.492903 78.960876 18.515972
      vertex 72.183683 79.529137 18.515972
      vertex 72.583173 80.126708 20.900944
    endloop
  endfacet
  facet normal 0.313314 -0.932223 0.181093
    outer loop
      vertex 70.492903 78.960876 18.515972
      vertex 72.583173 80.126708 20.900944
      vertex 70.742187 79.507963 20.900944
    endloop
  endfacet
  facet normal -0.314479 0.932869 -0.175667
    outer loop
      vertex 71.106684 80.307900 18.970022
      vertex 68.909413 79.567179 18.970022
      vertex 68.998501 80.060115 21.428239
    endloop
  endfacet
  facet normal -0.314479 0.932869 -0.175667
    outer loop
      vertex 71.106684 80.307900 18.970022
      vertex 68.998501 80.060115 21.428239
      vertex 71.355889 80.854813 21.428239
    endloop
  endfacet
  facet normal 0.314173 -0.931963 0.180944
    outer loop
      vertex 68.689992 78.353098 18.515972
      vertex 70.492903 78.960876 18.515972
      vertex 70.742187 79.507963 20.900944
    endloop
  endfacet
  facet normal 0.314173 -0.931963 0.180944
    outer loop
      vertex 68.689992 78.353098 18.515972
      vertex 70.742187 79.507963 20.900944
      vertex 68.779109 78.846191 20.900944
    endloop
  endfacet
  facet normal -0.336259 0.925662 -0.173433
    outer loop
      vertex 68.909413 79.567179 18.970022
      vertex 66.574210 78.718885 18.970022
      vertex 66.493130 79.150006 21.428239
    endloop
  endfacet
  facet normal -0.336259 0.925662 -0.173433
    outer loop
      vertex 68.909413 79.567179 18.970022
      vertex 66.493130 79.150006 21.428239
      vertex 68.998501 80.060115 21.428239
    endloop
  endfacet
  facet normal 0.335941 -0.924786 0.178647
    outer loop
      vertex 66.773906 77.657054 18.515972
      vertex 68.689992 78.353098 18.515972
      vertex 68.779109 78.846191 20.900944
    endloop
  endfacet
  facet normal 0.335941 -0.924786 0.178647
    outer loop
      vertex 66.773906 77.657054 18.515972
      vertex 68.779109 78.846191 20.900944
      vertex 66.692801 78.088312 20.900944
    endloop
  endfacet
  facet normal -0.386071 0.906351 -0.171689
    outer loop
      vertex 66.574210 78.718885 18.970022
      vertex 64.207882 77.710920 18.970022
      vertex 63.954366 78.068589 21.428239
    endloop
  endfacet
  facet normal -0.386071 0.906351 -0.171689
    outer loop
      vertex 66.574210 78.718885 18.970022
      vertex 63.954366 78.068589 21.428239
      vertex 66.493130 79.150006 21.428239
    endloop
  endfacet
  facet normal 0.385713 -0.905510 0.176854
    outer loop
      vertex 64.832281 76.829996 18.515972
      vertex 66.773906 77.657054 18.515972
      vertex 66.692801 78.088312 20.900944
    endloop
  endfacet
  facet normal 0.385713 -0.905510 0.176854
    outer loop
      vertex 64.832281 76.829996 18.515972
      vertex 66.692801 78.088312 20.900944
      vertex 64.578684 77.187779 20.900944
    endloop
  endfacet
  facet normal -0.435103 0.883521 -0.173424
    outer loop
      vertex 64.207882 77.710920 18.970022
      vertex 61.974903 76.611255 18.970022
      vertex 61.558668 76.888791 21.428239
    endloop
  endfacet
  facet normal -0.435103 0.883521 -0.173424
    outer loop
      vertex 64.207882 77.710920 18.970022
      vertex 61.558668 76.888791 21.428239
      vertex 63.954366 78.068589 21.428239
    endloop
  endfacet
  facet normal 0.434692 -0.882684 0.178638
    outer loop
      vertex 63.000071 75.927696 18.515972
      vertex 64.832281 76.829996 18.515972
      vertex 64.578684 77.187779 20.900944
    endloop
  endfacet
  facet normal 0.434692 -0.882684 0.178638
    outer loop
      vertex 63.000071 75.927696 18.515972
      vertex 64.578684 77.187779 20.900944
      vertex 62.583704 76.205320 20.900944
    endloop
  endfacet
  facet normal -0.456203 0.872351 -0.175736
    outer loop
      vertex 61.974903 76.611255 18.970022
      vertex 59.915738 75.534398 18.970022
      vertex 59.349450 75.733462 21.428239
    endloop
  endfacet
  facet normal -0.456203 0.872351 -0.175736
    outer loop
      vertex 61.974903 76.611255 18.970022
      vertex 59.349450 75.733462 21.428239
      vertex 61.558668 76.888791 21.428239
    endloop
  endfacet
  facet normal 0.455759 -0.871503 0.181014
    outer loop
      vertex 61.310480 75.044111 18.515972
      vertex 63.000071 75.927696 18.515972
      vertex 62.583704 76.205320 20.900944
    endloop
  endfacet
  facet normal 0.455759 -0.871503 0.181014
    outer loop
      vertex 61.310480 75.044111 18.515972
      vertex 62.583704 76.205320 20.900944
      vertex 60.744012 75.243239 20.900944
    endloop
  endfacet
  facet normal -0.457350 0.871707 -0.175948
    outer loop
      vertex 59.915738 75.534398 18.970022
      vertex 57.987324 74.522636 18.970022
      vertex 57.280512 74.647973 21.428239
    endloop
  endfacet
  facet normal -0.457350 0.871707 -0.175948
    outer loop
      vertex 59.915738 75.534398 18.970022
      vertex 57.280512 74.647973 21.428239
      vertex 59.349450 75.733462 21.428239
    endloop
  endfacet
  facet normal 0.456905 -0.870858 0.181232
    outer loop
      vertex 59.728174 74.213937 18.515972
      vertex 61.310480 75.044111 18.515972
      vertex 60.744012 75.243239 20.900944
    endloop
  endfacet
  facet normal 0.456905 -0.870858 0.181232
    outer loop
      vertex 59.728174 74.213937 18.515972
      vertex 60.744012 75.243239 20.900944
      vertex 59.021136 74.339314 20.900944
    endloop
  endfacet
  facet normal -0.451633 0.874978 -0.174471
    outer loop
      vertex 57.987324 74.522636 18.970022
      vertex 56.148820 73.573664 18.970022
      vertex 55.308034 73.629849 21.428239
    endloop
  endfacet
  facet normal -0.451633 0.874978 -0.174471
    outer loop
      vertex 57.987324 74.522636 18.970022
      vertex 55.308034 73.629849 21.428239
      vertex 57.280512 74.647973 21.428239
    endloop
  endfacet
  facet normal 0.451201 -0.874140 0.179714
    outer loop
      vertex 58.219640 73.435285 18.515972
      vertex 59.728174 74.213937 18.515972
      vertex 59.021136 74.339314 20.900944
    endloop
  endfacet
  facet normal 0.451201 -0.874140 0.179714
    outer loop
      vertex 58.219640 73.435285 18.515972
      vertex 59.021136 74.339314 20.900944
      vertex 57.378587 73.491487 20.900944
    endloop
  endfacet
  facet normal -0.528237 -0.833573 -0.161621
    outer loop
      vertex 56.148820 73.573664 18.970022
      vertex 58.054685 72.365915 18.970022
      vertex 57.352781 72.334090 21.428239
    endloop
  endfacet
  facet normal -0.528237 -0.833573 -0.161621
    outer loop
      vertex 56.148820 73.573664 18.970022
      vertex 57.352781 72.334090 21.428239
      vertex 55.308034 73.629849 21.428239
    endloop
  endfacet
  facet normal 0.527802 0.832888 0.166501
    outer loop
      vertex 59.783445 72.444299 18.515972
      vertex 58.219640 73.435285 18.515972
      vertex 57.378587 73.491487 20.900944
    endloop
  endfacet
  facet normal 0.527802 0.832888 0.166501
    outer loop
      vertex 59.783445 72.444299 18.515972
      vertex 57.378587 73.491487 20.900944
      vertex 59.081318 72.412464 20.900944
    endloop
  endfacet
  facet normal -0.535431 -0.828580 -0.163611
    outer loop
      vertex 58.054685 72.365915 18.970022
      vertex 60.060182 71.069958 18.970022
      vertex 59.504420 70.943695 21.428239
    endloop
  endfacet
  facet normal -0.535431 -0.828580 -0.163611
    outer loop
      vertex 58.054685 72.365915 18.970022
      vertex 59.504420 70.943695 21.428239
      vertex 57.352781 72.334090 21.428239
    endloop
  endfacet
  facet normal 0.534980 0.827882 0.168547
    outer loop
      vertex 61.429000 71.380937 18.515972
      vertex 59.783445 72.444299 18.515972
      vertex 59.081318 72.412464 20.900944
    endloop
  endfacet
  facet normal 0.534980 0.827882 0.168547
    outer loop
      vertex 61.429000 71.380937 18.515972
      vertex 59.081318 72.412464 20.900944
      vertex 60.873061 71.254634 20.900944
    endloop
  endfacet
  facet normal -0.535298 -0.828671 -0.163585
    outer loop
      vertex 60.060182 71.069958 18.970022
      vertex 62.223509 69.672509 18.970022
      vertex 61.825391 69.444413 21.428239
    endloop
  endfacet
  facet normal -0.535298 -0.828671 -0.163585
    outer loop
      vertex 60.060182 71.069958 18.970022
      vertex 61.825391 69.444413 21.428239
      vertex 59.504420 70.943695 21.428239
    endloop
  endfacet
  facet normal 0.534847 0.827973 0.168521
    outer loop
      vertex 63.204058 70.234299 18.515972
      vertex 61.429000 71.380937 18.515972
      vertex 60.873061 71.254634 20.900944
    endloop
  endfacet
  facet normal 0.534847 0.827973 0.168521
    outer loop
      vertex 63.204058 70.234299 18.515972
      vertex 60.873061 71.254634 20.900944
      vertex 62.805813 70.006131 20.900944
    endloop
  endfacet
  facet normal -0.508589 -0.845851 -0.160854
    outer loop
      vertex 62.223509 69.672509 18.970022
      vertex 64.613170 68.235664 18.970022
      vertex 64.389188 67.902865 21.428239
    endloop
  endfacet
  facet normal -0.508589 -0.845851 -0.160854
    outer loop
      vertex 62.223509 69.672509 18.970022
      vertex 64.389188 67.902865 21.428239
      vertex 61.825391 69.444413 21.428239
    endloop
  endfacet
  facet normal 0.508175 0.845162 0.165711
    outer loop
      vertex 65.164829 69.055336 18.515972
      vertex 63.204058 70.234299 18.515972
      vertex 62.805813 70.006131 20.900944
    endloop
  endfacet
  facet normal 0.508175 0.845162 0.165711
    outer loop
      vertex 65.164829 69.055336 18.515972
      vertex 62.805813 70.006131 20.900944
      vertex 64.940775 68.722431 20.900944
    endloop
  endfacet
  facet normal -0.449212 -0.878994 -0.159931
    outer loop
      vertex 64.613170 68.235664 18.970022
      vertex 67.139839 66.944405 18.970022
      vertex 67.099977 66.517510 21.428239
    endloop
  endfacet
  facet normal -0.449212 -0.878994 -0.159931
    outer loop
      vertex 64.613170 68.235664 18.970022
      vertex 67.099977 66.517510 21.428239
      vertex 64.389188 67.902865 21.428239
    endloop
  endfacet
  facet normal 0.448850 0.878286 0.164762
    outer loop
      vertex 67.238018 67.995829 18.515972
      vertex 65.164829 69.055336 18.515972
      vertex 64.940775 68.722431 20.900944
    endloop
  endfacet
  facet normal 0.448850 0.878286 0.164762
    outer loop
      vertex 67.238018 67.995829 18.515972
      vertex 64.940775 68.722431 20.900944
      vertex 67.198143 67.568798 20.900944
    endloop
  endfacet
  facet normal -0.405784 -0.899360 -0.162763
    outer loop
      vertex 67.139839 66.944405 18.970022
      vertex 69.560804 65.852086 18.970022
      vertex 69.697359 65.345593 21.428239
    endloop
  endfacet
  facet normal -0.405784 -0.899360 -0.162763
    outer loop
      vertex 67.139839 66.944405 18.970022
      vertex 69.697359 65.345593 21.428239
      vertex 67.099977 66.517510 21.428239
    endloop
  endfacet
  facet normal 0.405445 0.898610 0.167675
    outer loop
      vertex 69.224473 67.099556 18.515972
      vertex 67.238018 67.995829 18.515972
      vertex 67.198143 67.568798 20.900944
    endloop
  endfacet
  facet normal 0.405445 0.898610 0.167675
    outer loop
      vertex 69.224473 67.099556 18.515972
      vertex 67.198143 67.568798 20.900944
      vertex 69.361072 66.592902 20.900944
    endloop
  endfacet
  facet normal -0.398043 -0.902613 -0.163864
    outer loop
      vertex 69.560804 65.852086 18.970022
      vertex 71.801378 64.864015 18.970022
      vertex 72.101206 64.285520 21.428239
    endloop
  endfacet
  facet normal -0.398043 -0.902613 -0.163864
    outer loop
      vertex 69.560804 65.852086 18.970022
      vertex 72.101206 64.285520 21.428239
      vertex 69.697359 65.345593 21.428239
    endloop
  endfacet
  facet normal 0.397707 0.901850 0.168807
    outer loop
      vertex 71.062915 66.288822 18.515972
      vertex 69.224473 67.099556 18.515972
      vertex 69.361072 66.592902 20.900944
    endloop
  endfacet
  facet normal 0.397707 0.901850 0.168807
    outer loop
      vertex 71.062915 66.288822 18.515972
      vertex 69.361072 66.592902 20.900944
      vertex 71.362838 65.710144 20.900944
    endloop
  endfacet
  facet normal -0.404668 -0.899924 -0.162423
    outer loop
      vertex 71.801378 64.864015 18.970022
      vertex 73.897830 63.921304 18.970022
      vertex 74.350428 63.274113 21.428239
    endloop
  endfacet
  facet normal -0.404668 -0.899924 -0.162423
    outer loop
      vertex 71.801378 64.864015 18.970022
      vertex 74.350428 63.274113 21.428239
      vertex 72.101206 64.285520 21.428239
    endloop
  endfacet
  facet normal 0.404332 0.899176 0.167325
    outer loop
      vertex 72.783101 65.515306 18.515972
      vertex 71.062915 66.288822 18.515972
      vertex 71.362838 65.710144 20.900944
    endloop
  endfacet
  facet normal 0.404332 0.899176 0.167325
    outer loop
      vertex 72.783101 65.515306 18.515972
      vertex 71.362838 65.710144 20.900944
      vertex 73.235842 64.867910 20.900944
    endloop
  endfacet
  facet normal 0.978269 -0.029551 -0.205225
    outer loop
      vertex 74.350428 63.274113 21.428239
      vertex 74.413331 65.356453 21.428239
      vertex 74.912018 64.804407 23.884878
    endloop
  endfacet
  facet normal 0.978269 -0.029551 -0.205225
    outer loop
      vertex 74.350428 63.274113 21.428239
      vertex 74.912018 64.804407 23.884878
      vertex 74.844451 62.567686 23.884878
    endloop
  endfacet
  facet normal -0.976964 0.029512 0.211355
    outer loop
      vertex 73.288224 66.601946 20.900944
      vertex 73.235842 64.867910 20.900944
      vertex 73.730342 64.160802 23.285448
    endloop
  endfacet
  facet normal -0.976964 0.029512 0.211355
    outer loop
      vertex 73.288224 66.601946 20.900944
      vertex 73.730342 64.160802 23.285448
      vertex 73.787391 66.049368 23.285448
    endloop
  endfacet
  facet normal 0.978115 -0.031596 -0.205653
    outer loop
      vertex 74.413331 65.356453 21.428239
      vertex 74.484115 67.547731 21.428239
      vertex 74.988050 67.158141 23.884878
    endloop
  endfacet
  facet normal 0.978115 -0.031596 -0.205653
    outer loop
      vertex 74.413331 65.356453 21.428239
      vertex 74.988050 67.158141 23.884878
      vertex 74.912018 64.804407 23.884878
    endloop
  endfacet
  facet normal -0.976805 0.031553 0.211794
    outer loop
      vertex 73.347168 68.426698 20.900944
      vertex 73.288224 66.601946 20.900944
      vertex 73.787391 66.049368 23.285448
    endloop
  endfacet
  facet normal -0.976805 0.031553 0.211794
    outer loop
      vertex 73.347168 68.426698 20.900944
      vertex 73.787391 66.049368 23.285448
      vertex 73.851588 68.036734 23.285448
    endloop
  endfacet
  facet normal 0.978643 -0.022552 -0.204327
    outer loop
      vertex 74.484115 67.547731 21.428239
      vertex 74.537691 69.872697 21.428239
      vertex 75.045597 69.655476 23.884878
    endloop
  endfacet
  facet normal 0.978643 -0.022552 -0.204327
    outer loop
      vertex 74.484115 67.547731 21.428239
      vertex 75.045597 69.655476 23.884878
      vertex 74.988050 67.158141 23.884878
    endloop
  endfacet
  facet normal -0.977349 0.022522 0.210433
    outer loop
      vertex 73.391783 70.362778 20.900944
      vertex 73.347168 68.426698 20.900944
      vertex 73.851588 68.036734 23.285448
    endloop
  endfacet
  facet normal -0.977349 0.022522 0.210433
    outer loop
      vertex 73.391783 70.362778 20.900944
      vertex 73.851588 68.036734 23.285448
      vertex 73.900179 70.145347 23.285448
    endloop
  endfacet
  facet normal 0.979393 0.007551 -0.201821
    outer loop
      vertex 74.537691 69.872697 21.428239
      vertex 74.518795 72.323385 21.428239
      vertex 75.025301 72.287853 23.884878
    endloop
  endfacet
  facet normal 0.979393 0.007551 -0.201821
    outer loop
      vertex 74.537691 69.872697 21.428239
      vertex 75.025301 72.287853 23.884878
      vertex 75.045597 69.655476 23.884878
    endloop
  endfacet
  facet normal -0.978130 -0.007542 0.207858
    outer loop
      vertex 73.376048 72.403550 20.900944
      vertex 73.391783 70.362778 20.900944
      vertex 73.900179 70.145347 23.285448
    endloop
  endfacet
  facet normal -0.978130 -0.007542 0.207858
    outer loop
      vertex 73.376048 72.403550 20.900944
      vertex 73.900179 70.145347 23.285448
      vertex 73.883042 72.367983 23.285448
    endloop
  endfacet
  facet normal 0.977987 0.056684 -0.200820
    outer loop
      vertex 74.518795 72.323385 21.428239
      vertex 74.374662 74.810147 21.428239
      vertex 74.870483 74.958979 23.884878
    endloop
  endfacet
  facet normal 0.977987 0.056684 -0.200820
    outer loop
      vertex 74.518795 72.323385 21.428239
      vertex 74.870483 74.958979 23.884878
      vertex 75.025301 72.287853 23.884878
    endloop
  endfacet
  facet normal -0.976738 -0.056612 0.206830
    outer loop
      vertex 73.256023 74.474362 20.900944
      vertex 73.376048 72.403550 20.900944
      vertex 73.883042 72.367983 23.285448
    endloop
  endfacet
  facet normal -0.976738 -0.056612 0.206830
    outer loop
      vertex 73.256023 74.474362 20.900944
      vertex 73.883042 72.367983 23.285448
      vertex 73.752321 74.623337 23.285448
    endloop
  endfacet
  facet normal 0.974059 0.100628 -0.202689
    outer loop
      vertex 74.374662 74.810147 21.428239
      vertex 74.126936 77.208084 21.428239
      vertex 74.604390 77.534694 23.884878
    endloop
  endfacet
  facet normal 0.974059 0.100628 -0.202689
    outer loop
      vertex 74.374662 74.810147 21.428239
      vertex 74.604390 77.534694 23.884878
      vertex 74.870483 74.958979 23.884878
    endloop
  endfacet
  facet normal -0.972792 -0.100497 0.208750
    outer loop
      vertex 73.049733 76.471206 20.900944
      vertex 73.256023 74.474362 20.900944
      vertex 73.752321 74.623337 23.285448
    endloop
  endfacet
  facet normal -0.972792 -0.100497 0.208750
    outer loop
      vertex 73.049733 76.471206 20.900944
      vertex 73.752321 74.623337 23.285448
      vertex 73.527647 76.798131 23.285448
    endloop
  endfacet
  facet normal 0.971131 0.122041 -0.204967
    outer loop
      vertex 74.126936 77.208084 21.428239
      vertex 73.843199 79.465899 21.428239
      vertex 74.299617 79.959899 23.884878
    endloop
  endfacet
  facet normal 0.971131 0.122041 -0.204967
    outer loop
      vertex 74.126936 77.208084 21.428239
      vertex 74.299617 79.959899 23.884878
      vertex 74.604390 77.534694 23.884878
    endloop
  endfacet
  facet normal -0.969838 -0.121879 0.211090
    outer loop
      vertex 72.813455 78.351367 20.900944
      vertex 73.049733 76.471206 20.900944
      vertex 73.527647 76.798131 23.285448
    endloop
  endfacet
  facet normal -0.969838 -0.121879 0.211090
    outer loop
      vertex 72.813455 78.351367 20.900944
      vertex 73.527647 76.798131 23.285448
      vertex 73.270314 78.845843 23.285448
    endloop
  endfacet
  facet normal 0.970501 0.125885 -0.205623
    outer loop
      vertex 73.843199 79.465899 21.428239
      vertex 73.566661 81.597840 21.428239
      vertex 74.002578 82.249898 23.884878
    endloop
  endfacet
  facet normal 0.970501 0.125885 -0.205623
    outer loop
      vertex 73.843199 79.465899 21.428239
      vertex 74.002578 82.249898 23.884878
      vertex 74.299617 79.959899 23.884878
    endloop
  endfacet
  facet normal -0.969201 -0.125717 0.211764
    outer loop
      vertex 72.583173 80.126708 20.900944
      vertex 72.813455 78.351367 20.900944
      vertex 73.270314 78.845843 23.285448
    endloop
  endfacet
  facet normal -0.969201 -0.125717 0.211764
    outer loop
      vertex 72.583173 80.126708 20.900944
      vertex 73.270314 78.845843 23.285448
      vertex 73.019510 80.779394 23.285448
    endloop
  endfacet
  facet normal -0.312688 0.930360 -0.191458
    outer loop
      vertex 73.566661 81.597840 21.428239
      vertex 71.355889 80.854813 21.428239
      vertex 71.627903 81.451784 23.884878
    endloop
  endfacet
  facet normal -0.312688 0.930360 -0.191458
    outer loop
      vertex 73.566661 81.597840 21.428239
      vertex 71.627903 81.451784 23.884878
      vertex 74.002578 82.249898 23.884878
    endloop
  endfacet
  facet normal 0.312325 -0.929280 0.197210
    outer loop
      vertex 70.742187 79.507963 20.900944
      vertex 72.583173 80.126708 20.900944
      vertex 73.019510 80.779394 23.285448
    endloop
  endfacet
  facet normal 0.312325 -0.929280 0.197210
    outer loop
      vertex 70.742187 79.507963 20.900944
      vertex 73.019510 80.779394 23.285448
      vertex 71.014463 80.105510 23.285448
    endloop
  endfacet
  facet normal -0.313547 0.930104 -0.191300
    outer loop
      vertex 71.355889 80.854813 21.428239
      vertex 68.998501 80.060115 21.428239
      vertex 69.095743 80.598169 23.884878
    endloop
  endfacet
  facet normal -0.313547 0.930104 -0.191300
    outer loop
      vertex 71.355889 80.854813 21.428239
      vertex 69.095743 80.598169 23.884878
      vertex 71.627903 81.451784 23.884878
    endloop
  endfacet
  facet normal 0.313183 -0.929025 0.197049
    outer loop
      vertex 68.779109 78.846191 20.900944
      vertex 70.742187 79.507963 20.900944
      vertex 71.014463 80.105510 23.285448
    endloop
  endfacet
  facet normal 0.313183 -0.929025 0.197049
    outer loop
      vertex 68.779109 78.846191 20.900944
      vertex 71.014463 80.105510 23.285448
      vertex 68.876445 79.384763 23.285448
    endloop
  endfacet
  facet normal -0.335288 0.922988 -0.188881
    outer loop
      vertex 68.998501 80.060115 21.428239
      vertex 66.493130 79.150006 21.428239
      vertex 66.404629 79.620586 23.884878
    endloop
  endfacet
  facet normal -0.335288 0.922988 -0.188881
    outer loop
      vertex 68.998501 80.060115 21.428239
      vertex 66.404629 79.620586 23.884878
      vertex 69.095743 80.598169 23.884878
    endloop
  endfacet
  facet normal 0.334909 -0.921944 0.194562
    outer loop
      vertex 66.692801 78.088312 20.900944
      vertex 68.779109 78.846191 20.900944
      vertex 68.876445 79.384763 23.285448
    endloop
  endfacet
  facet normal 0.334909 -0.921944 0.194562
    outer loop
      vertex 66.692801 78.088312 20.900944
      vertex 68.876445 79.384763 23.285448
      vertex 66.604214 78.559345 23.285448
    endloop
  endfacet
  facet normal -0.384978 0.903784 -0.186993
    outer loop
      vertex 66.493130 79.150006 21.428239
      vertex 63.954366 78.068589 21.428239
      vertex 63.677646 78.458995 23.884878
    endloop
  endfacet
  facet normal -0.384978 0.903784 -0.186993
    outer loop
      vertex 66.493130 79.150006 21.428239
      vertex 63.677646 78.458995 23.884878
      vertex 66.404629 79.620586 23.884878
    endloop
  endfacet
  facet normal 0.384551 -0.902783 0.192622
    outer loop
      vertex 64.578684 77.187779 20.900944
      vertex 66.692801 78.088312 20.900944
      vertex 66.604214 78.559345 23.285448
    endloop
  endfacet
  facet normal 0.384551 -0.902783 0.192622
    outer loop
      vertex 64.578684 77.187779 20.900944
      vertex 66.604214 78.559345 23.285448
      vertex 64.301698 77.578561 23.285448
    endloop
  endfacet
  facet normal -0.433846 0.880968 -0.188872
    outer loop
      vertex 63.954366 78.068589 21.428239
      vertex 61.558668 76.888791 21.428239
      vertex 61.104336 77.191729 23.884878
    endloop
  endfacet
  facet normal -0.433846 0.880968 -0.188872
    outer loop
      vertex 63.954366 78.068589 21.428239
      vertex 61.104336 77.191729 23.884878
      vertex 63.677646 78.458995 23.884878
    endloop
  endfacet
  facet normal 0.433356 -0.879973 0.194553
    outer loop
      vertex 62.583704 76.205320 20.900944
      vertex 64.578684 77.187779 20.900944
      vertex 64.301698 77.578561 23.285448
    endloop
  endfacet
  facet normal 0.433356 -0.879973 0.194553
    outer loop
      vertex 62.583704 76.205320 20.900944
      vertex 64.301698 77.578561 23.285448
      vertex 62.128935 76.508550 23.285448
    endloop
  endfacet
  facet normal -0.454849 0.869763 -0.191374
    outer loop
      vertex 61.558668 76.888791 21.428239
      vertex 59.349450 75.733462 21.428239
      vertex 58.731331 75.950747 23.884878
    endloop
  endfacet
  facet normal -0.454849 0.869763 -0.191374
    outer loop
      vertex 61.558668 76.888791 21.428239
      vertex 58.731331 75.950747 23.884878
      vertex 61.104336 77.191729 23.884878
    endloop
  endfacet
  facet normal 0.454322 -0.868754 0.197124
    outer loop
      vertex 60.744012 75.243239 20.900944
      vertex 62.583704 76.205320 20.900944
      vertex 62.128935 76.508550 23.285448
    endloop
  endfacet
  facet normal 0.454322 -0.868754 0.197124
    outer loop
      vertex 60.744012 75.243239 20.900944
      vertex 62.128935 76.508550 23.285448
      vertex 60.125298 75.460732 23.285448
    endloop
  endfacet
  facet normal -0.455990 0.869115 -0.191604
    outer loop
      vertex 59.349450 75.733462 21.428239
      vertex 57.280512 74.647973 21.428239
      vertex 56.509006 74.784781 23.884878
    endloop
  endfacet
  facet normal -0.455990 0.869115 -0.191604
    outer loop
      vertex 59.349450 75.733462 21.428239
      vertex 56.509006 74.784781 23.884878
      vertex 58.731331 75.950747 23.884878
    endloop
  endfacet
  facet normal 0.455460 -0.868104 0.197361
    outer loop
      vertex 59.021136 74.339314 20.900944
      vertex 60.744012 75.243239 20.900944
      vertex 60.125298 75.460732 23.285448
    endloop
  endfacet
  facet normal 0.455460 -0.868104 0.197361
    outer loop
      vertex 59.021136 74.339314 20.900944
      vertex 60.125298 75.460732 23.285448
      vertex 58.248887 74.476254 23.285448
    endloop
  endfacet
  facet normal -0.450313 0.872420 -0.190005
    outer loop
      vertex 57.280512 74.647973 21.428239
      vertex 55.308034 73.629849 21.428239
      vertex 54.390293 73.691176 23.884878
    endloop
  endfacet
  facet normal -0.450313 0.872420 -0.190005
    outer loop
      vertex 57.280512 74.647973 21.428239
      vertex 54.390293 73.691176 23.884878
      vertex 56.509006 74.784781 23.884878
    endloop
  endfacet
  facet normal 0.449798 -0.871422 0.195717
    outer loop
      vertex 57.378587 73.491487 20.900944
      vertex 59.021136 74.339314 20.900944
      vertex 58.248887 74.476254 23.285448
    endloop
  endfacet
  facet normal 0.449798 -0.871422 0.195717
    outer loop
      vertex 57.378587 73.491487 20.900944
      vertex 58.248887 74.476254 23.285448
      vertex 56.459961 73.552873 23.285448
    endloop
  endfacet
  facet normal -0.526910 -0.831480 -0.176084
    outer loop
      vertex 55.308034 73.629849 21.428239
      vertex 57.352781 72.334090 21.428239
      vertex 56.586633 72.299351 23.884878
    endloop
  endfacet
  facet normal -0.526910 -0.831480 -0.176084
    outer loop
      vertex 55.308034 73.629849 21.428239
      vertex 56.586633 72.299351 23.884878
      vertex 54.390293 73.691176 23.884878
    endloop
  endfacet
  facet normal 0.526393 0.830664 0.181408
    outer loop
      vertex 59.081318 72.412464 20.900944
      vertex 57.378587 73.491487 20.900944
      vertex 56.459961 73.552873 23.285448
    endloop
  endfacet
  facet normal 0.526393 0.830664 0.181408
    outer loop
      vertex 59.081318 72.412464 20.900944
      vertex 56.459961 73.552873 23.285448
      vertex 58.314431 72.377692 23.285448
    endloop
  endfacet
  facet normal -0.534053 -0.826449 -0.178241
    outer loop
      vertex 57.352781 72.334090 21.428239
      vertex 59.504420 70.943695 21.428239
      vertex 58.897790 70.805876 23.884878
    endloop
  endfacet
  facet normal -0.534053 -0.826449 -0.178241
    outer loop
      vertex 57.352781 72.334090 21.428239
      vertex 58.897790 70.805876 23.884878
      vertex 56.586633 72.299351 23.884878
    endloop
  endfacet
  facet normal 0.533516 0.825617 0.183625
    outer loop
      vertex 60.873061 71.254634 20.900944
      vertex 59.081318 72.412464 20.900944
      vertex 58.314431 72.377692 23.285448
    endloop
  endfacet
  facet normal 0.533516 0.825617 0.183625
    outer loop
      vertex 60.873061 71.254634 20.900944
      vertex 58.314431 72.377692 23.285448
      vertex 60.265847 71.116682 23.285448
    endloop
  endfacet
  facet normal -0.533921 -0.826540 -0.178213
    outer loop
      vertex 59.504420 70.943695 21.428239
      vertex 61.825391 69.444413 21.428239
      vertex 61.390833 69.195440 23.884878
    endloop
  endfacet
  facet normal -0.533921 -0.826540 -0.178213
    outer loop
      vertex 59.504420 70.943695 21.428239
      vertex 61.390833 69.195440 23.884878
      vertex 58.897790 70.805876 23.884878
    endloop
  endfacet
  facet normal 0.533384 0.825708 0.183597
    outer loop
      vertex 62.805813 70.006131 20.900944
      vertex 60.873061 71.254634 20.900944
      vertex 60.265847 71.116682 23.285448
    endloop
  endfacet
  facet normal 0.533384 0.825708 0.183597
    outer loop
      vertex 62.805813 70.006131 20.900944
      vertex 60.265847 71.116682 23.285448
      vertex 62.370837 69.756918 23.285448
    endloop
  endfacet
  facet normal -0.507324 -0.843747 -0.175252
    outer loop
      vertex 61.825391 69.444413 21.428239
      vertex 64.389188 67.902865 21.428239
      vertex 64.144705 67.539604 23.884878
    endloop
  endfacet
  facet normal -0.507324 -0.843747 -0.175252
    outer loop
      vertex 61.825391 69.444413 21.428239
      vertex 64.144705 67.539604 23.884878
      vertex 61.390833 69.195440 23.884878
    endloop
  endfacet
  facet normal 0.506831 0.842926 0.180552
    outer loop
      vertex 64.940775 68.722431 20.900944
      vertex 62.805813 70.006131 20.900944
      vertex 62.370837 69.756918 23.285448
    endloop
  endfacet
  facet normal 0.506831 0.842926 0.180552
    outer loop
      vertex 64.940775 68.722431 20.900944
      vertex 62.370837 69.756918 23.285448
      vertex 64.696057 68.358820 23.285448
    endloop
  endfacet
  facet normal -0.448107 -0.876833 -0.174252
    outer loop
      vertex 64.389188 67.902865 21.428239
      vertex 67.099977 66.517510 21.428239
      vertex 67.056467 66.051542 23.884878
    endloop
  endfacet
  facet normal -0.448107 -0.876833 -0.174252
    outer loop
      vertex 64.389188 67.902865 21.428239
      vertex 67.056467 66.051542 23.884878
      vertex 64.144705 67.539604 23.884878
    endloop
  endfacet
  facet normal 0.447676 0.875989 0.179523
    outer loop
      vertex 67.198143 67.568798 20.900944
      vertex 64.940775 68.722431 20.900944
      vertex 64.696057 68.358820 23.285448
    endloop
  endfacet
  facet normal 0.447676 0.875989 0.179523
    outer loop
      vertex 67.198143 67.568798 20.900944
      vertex 64.696057 68.358820 23.285448
      vertex 67.154591 67.102381 23.285448
    endloop
  endfacet
  facet normal -0.404750 -0.897070 -0.177322
    outer loop
      vertex 67.099977 66.517510 21.428239
      vertex 69.697359 65.345593 21.428239
      vertex 69.846414 64.792741 23.884878
    endloop
  endfacet
  facet normal -0.404750 -0.897070 -0.177322
    outer loop
      vertex 67.099977 66.517510 21.428239
      vertex 69.846414 64.792741 23.884878
      vertex 67.056467 66.051542 23.884878
    endloop
  endfacet
  facet normal 0.404347 0.896176 0.182680
    outer loop
      vertex 69.361072 66.592902 20.900944
      vertex 67.198143 67.568798 20.900944
      vertex 67.154591 67.102381 23.285448
    endloop
  endfacet
  facet normal 0.404347 0.896176 0.182680
    outer loop
      vertex 69.361072 66.592902 20.900944
      vertex 67.154591 67.102381 23.285448
      vertex 69.510270 66.039518 23.285448
    endloop
  endfacet
  facet normal -0.397016 -0.900284 -0.178515
    outer loop
      vertex 69.697359 65.345593 21.428239
      vertex 72.101206 64.285520 21.428239
      vertex 72.428477 63.654077 23.884878
    endloop
  endfacet
  facet normal -0.397016 -0.900284 -0.178515
    outer loop
      vertex 69.697359 65.345593 21.428239
      vertex 72.428477 63.654077 23.884878
      vertex 69.846414 64.792741 23.884878
    endloop
  endfacet
  facet normal 0.396615 0.899375 0.183906
    outer loop
      vertex 71.362838 65.710144 20.900944
      vertex 69.361072 66.592902 20.900944
      vertex 69.510270 66.039518 23.285448
    endloop
  endfacet
  facet normal 0.396615 0.899375 0.183906
    outer loop
      vertex 71.362838 65.710144 20.900944
      vertex 69.510270 66.039518 23.285448
      vertex 71.690424 65.078092 23.285448
    endloop
  endfacet
  facet normal -0.403642 -0.897642 -0.176953
    outer loop
      vertex 72.101206 64.285520 21.428239
      vertex 74.350428 63.274113 21.428239
      vertex 74.844451 62.567686 23.884878
    endloop
  endfacet
  facet normal -0.403642 -0.897642 -0.176953
    outer loop
      vertex 72.101206 64.285520 21.428239
      vertex 74.844451 62.567686 23.884878
      vertex 72.428477 63.654077 23.884878
    endloop
  endfacet
  facet normal 0.403242 0.896751 0.182301
    outer loop
      vertex 73.235842 64.867910 20.900944
      vertex 71.362838 65.710144 20.900944
      vertex 71.690424 65.078092 23.285448
    endloop
  endfacet
  facet normal 0.403242 0.896751 0.182301
    outer loop
      vertex 73.235842 64.867910 20.900944
      vertex 71.690424 65.078092 23.285448
      vertex 73.730342 64.160802 23.285448
    endloop
  endfacet
  facet normal 0.975878 -0.029479 -0.216317
    outer loop
      vertex 74.844451 62.567686 23.884878
      vertex 74.912018 64.804407 23.884878
      vertex 75.438135 64.221995 26.337731
    endloop
  endfacet
  facet normal 0.975878 -0.029479 -0.216317
    outer loop
      vertex 74.844451 62.567686 23.884878
      vertex 75.438135 64.221995 26.337731
      vertex 75.365648 61.822403 26.337731
    endloop
  endfacet
  facet normal -0.974498 0.029437 0.222456
    outer loop
      vertex 73.787391 66.049368 23.285448
      vertex 73.730342 64.160802 23.285448
      vertex 74.251887 63.415021 25.668831
    endloop
  endfacet
  facet normal -0.974498 0.029437 0.222456
    outer loop
      vertex 73.787391 66.049368 23.285448
      vertex 74.251887 63.415021 25.668831
      vertex 74.313859 65.466568 25.668831
    endloop
  endfacet
  facet normal 0.975715 -0.031518 -0.216767
    outer loop
      vertex 74.912018 64.804407 23.884878
      vertex 74.988050 67.158141 23.884878
      vertex 75.519703 66.747123 26.337731
    endloop
  endfacet
  facet normal 0.975715 -0.031518 -0.216767
    outer loop
      vertex 74.912018 64.804407 23.884878
      vertex 75.519703 66.747123 26.337731
      vertex 75.438135 64.221995 26.337731
    endloop
  endfacet
  facet normal -0.974329 0.031473 0.222917
    outer loop
      vertex 73.851588 68.036734 23.285448
      vertex 73.787391 66.049368 23.285448
      vertex 74.313859 65.466568 25.668831
    endloop
  endfacet
  facet normal -0.974329 0.031473 0.222917
    outer loop
      vertex 73.851588 68.036734 23.285448
      vertex 74.313859 65.466568 25.668831
      vertex 74.383597 67.625441 25.668831
    endloop
  endfacet
  facet normal 0.976272 -0.022497 -0.215376
    outer loop
      vertex 74.988050 67.158141 23.884878
      vertex 75.045597 69.655476 23.884878
      vertex 75.581441 69.426307 26.337731
    endloop
  endfacet
  facet normal 0.976272 -0.022497 -0.215376
    outer loop
      vertex 74.988050 67.158141 23.884878
      vertex 75.581441 69.426307 26.337731
      vertex 75.519703 66.747123 26.337731
    endloop
  endfacet
  facet normal -0.974904 0.022465 0.221491
    outer loop
      vertex 73.900179 70.145347 23.285448
      vertex 73.851588 68.036734 23.285448
      vertex 74.383597 67.625441 25.668831
    endloop
  endfacet
  facet normal -0.974904 0.022465 0.221491
    outer loop
      vertex 73.900179 70.145347 23.285448
      vertex 74.383597 67.625441 25.668831
      vertex 74.436381 69.916025 25.668831
    endloop
  endfacet
  facet normal 0.977078 0.007534 -0.212746
    outer loop
      vertex 75.045597 69.655476 23.884878
      vertex 75.025301 72.287853 23.884878
      vertex 75.559667 72.250367 26.337731
    endloop
  endfacet
  facet normal 0.977078 0.007534 -0.212746
    outer loop
      vertex 75.045597 69.655476 23.884878
      vertex 75.559667 72.250367 26.337731
      vertex 75.581441 69.426307 26.337731
    endloop
  endfacet
  facet normal -0.975742 -0.007523 0.218794
    outer loop
      vertex 73.883042 72.367983 23.285448
      vertex 73.900179 70.145347 23.285448
      vertex 74.436381 69.916025 25.668831
    endloop
  endfacet
  facet normal -0.975742 -0.007523 0.218794
    outer loop
      vertex 73.883042 72.367983 23.285448
      vertex 74.436381 69.916025 25.668831
      vertex 74.417764 72.330472 25.668831
    endloop
  endfacet
  facet normal 0.975698 0.056551 -0.211696
    outer loop
      vertex 75.025301 72.287853 23.884878
      vertex 74.870483 74.958979 23.884878
      vertex 75.393575 75.115997 26.337731
    endloop
  endfacet
  facet normal 0.975698 0.056551 -0.211696
    outer loop
      vertex 75.025301 72.287853 23.884878
      vertex 75.393575 75.115997 26.337731
      vertex 75.559667 72.250367 26.337731
    endloop
  endfacet
  facet normal -0.974377 -0.056475 0.217717
    outer loop
      vertex 73.752321 74.623337 23.285448
      vertex 73.883042 72.367983 23.285448
      vertex 74.417764 72.330472 25.668831
    endloop
  endfacet
  facet normal -0.974377 -0.056475 0.217717
    outer loop
      vertex 73.752321 74.623337 23.285448
      vertex 74.417764 72.330472 25.668831
      vertex 74.275763 74.780461 25.668831
    endloop
  endfacet
  facet normal 0.971737 0.100388 -0.213658
    outer loop
      vertex 74.870483 74.958979 23.884878
      vertex 74.604390 77.534694 23.884878
      vertex 75.108107 77.879269 26.337731
    endloop
  endfacet
  facet normal 0.971737 0.100388 -0.213658
    outer loop
      vertex 74.870483 74.958979 23.884878
      vertex 75.108107 77.879269 26.337731
      vertex 75.393575 75.115997 26.337731
    endloop
  endfacet
  facet normal -0.970396 -0.100250 0.219729
    outer loop
      vertex 73.527647 76.798131 23.285448
      vertex 73.752321 74.623337 23.285448
      vertex 74.275763 74.780461 25.668831
    endloop
  endfacet
  facet normal -0.970396 -0.100250 0.219729
    outer loop
      vertex 73.527647 76.798131 23.285448
      vertex 74.275763 74.780461 25.668831
      vertex 74.031700 77.142936 25.668831
    endloop
  endfacet
  facet normal 0.968763 0.121743 -0.216047
    outer loop
      vertex 74.604390 77.534694 23.884878
      vertex 74.299617 79.959899 23.884878
      vertex 74.781141 80.481072 26.337731
    endloop
  endfacet
  facet normal 0.968763 0.121743 -0.216047
    outer loop
      vertex 74.604390 77.534694 23.884878
      vertex 74.781141 80.481072 26.337731
      vertex 75.108107 77.879269 26.337731
    endloop
  endfacet
  facet normal -0.967397 -0.121572 0.222179
    outer loop
      vertex 73.270314 78.845843 23.285448
      vertex 73.527647 76.798131 23.285448
      vertex 74.031700 77.142936 25.668831
    endloop
  endfacet
  facet normal -0.967397 -0.121572 0.222179
    outer loop
      vertex 73.270314 78.845843 23.285448
      vertex 74.031700 77.142936 25.668831
      vertex 73.752159 79.367363 25.668831
    endloop
  endfacet
  facet normal 0.968120 0.125576 -0.216735
    outer loop
      vertex 74.299617 79.959899 23.884878
      vertex 74.002578 82.249898 23.884878
      vertex 74.462472 82.937822 26.337731
    endloop
  endfacet
  facet normal 0.968120 0.125576 -0.216735
    outer loop
      vertex 74.299617 79.959899 23.884878
      vertex 74.462472 82.937822 26.337731
      vertex 74.781141 80.481072 26.337731
    endloop
  endfacet
  facet normal -0.966746 -0.125398 0.222885
    outer loop
      vertex 73.019510 80.779394 23.285448
      vertex 73.270314 78.845843 23.285448
      vertex 73.752159 79.367363 25.668831
    endloop
  endfacet
  facet normal -0.966746 -0.125398 0.222885
    outer loop
      vertex 73.019510 80.779394 23.285448
      vertex 73.752159 79.367363 25.668831
      vertex 73.479711 81.467777 25.668831
    endloop
  endfacet
  facet normal -0.312023 0.928380 -0.201870
    outer loop
      vertex 74.002578 82.249898 23.884878
      vertex 71.627903 81.451784 23.884878
      vertex 71.914880 82.081592 26.337731
    endloop
  endfacet
  facet normal -0.312023 0.928380 -0.201870
    outer loop
      vertex 74.002578 82.249898 23.884878
      vertex 71.914880 82.081592 26.337731
      vertex 74.462472 82.937822 26.337731
    endloop
  endfacet
  facet normal 0.311639 -0.927237 0.207637
    outer loop
      vertex 71.014463 80.105510 23.285448
      vertex 73.019510 80.779394 23.285448
      vertex 73.479711 81.467777 25.668831
    endloop
  endfacet
  facet normal 0.311639 -0.927237 0.207637
    outer loop
      vertex 71.014463 80.105510 23.285448
      vertex 73.479711 81.467777 25.668831
      vertex 71.301631 80.735738 25.668831
    endloop
  endfacet
  facet normal -0.312881 0.928128 -0.201705
    outer loop
      vertex 71.627903 81.451784 23.884878
      vertex 69.095743 80.598169 23.884878
      vertex 69.198334 81.165819 26.337731
    endloop
  endfacet
  facet normal -0.312881 0.928128 -0.201705
    outer loop
      vertex 71.627903 81.451784 23.884878
      vertex 69.198334 81.165819 26.337731
      vertex 71.914880 82.081592 26.337731
    endloop
  endfacet
  facet normal 0.312496 -0.926986 0.207467
    outer loop
      vertex 68.876445 79.384763 23.285448
      vertex 71.014463 80.105510 23.285448
      vertex 71.301631 80.735738 25.668831
    endloop
  endfacet
  facet normal 0.312496 -0.926986 0.207467
    outer loop
      vertex 68.876445 79.384763 23.285448
      vertex 71.301631 80.735738 25.668831
      vertex 68.979104 79.952792 25.668831
    endloop
  endfacet
  facet normal -0.334593 0.921076 -0.199165
    outer loop
      vertex 69.095743 80.598169 23.884878
      vertex 66.404629 79.620586 23.884878
      vertex 66.311260 80.117050 26.337731
    endloop
  endfacet
  facet normal -0.334593 0.921076 -0.199165
    outer loop
      vertex 69.095743 80.598169 23.884878
      vertex 66.311260 80.117050 26.337731
      vertex 69.198334 81.165819 26.337731
    endloop
  endfacet
  facet normal 0.334192 -0.919972 0.204861
    outer loop
      vertex 66.604214 78.559345 23.285448
      vertex 68.876445 79.384763 23.285448
      vertex 68.979104 79.952792 25.668831
    endloop
  endfacet
  facet normal 0.334192 -0.919972 0.204861
    outer loop
      vertex 66.604214 78.559345 23.285448
      vertex 68.979104 79.952792 25.668831
      vertex 66.510783 79.056141 25.668831
    endloop
  endfacet
  facet normal -0.384196 0.901949 -0.197182
    outer loop
      vertex 66.404629 79.620586 23.884878
      vertex 63.677646 78.458995 23.884878
      vertex 63.385705 78.870875 26.337731
    endloop
  endfacet
  facet normal -0.384196 0.901949 -0.197182
    outer loop
      vertex 66.404629 79.620586 23.884878
      vertex 63.385705 78.870875 26.337731
      vertex 66.311260 80.117050 26.337731
    endloop
  endfacet
  facet normal 0.383745 -0.900889 0.202826
    outer loop
      vertex 64.301698 77.578561 23.285448
      vertex 66.604214 78.559345 23.285448
      vertex 66.510783 79.056141 25.668831
    endloop
  endfacet
  facet normal 0.383745 -0.900889 0.202826
    outer loop
      vertex 64.301698 77.578561 23.285448
      vertex 66.510783 79.056141 25.668831
      vertex 64.009562 77.990716 25.668831
    endloop
  endfacet
  facet normal -0.432948 0.879144 -0.199155
    outer loop
      vertex 63.677646 78.458995 23.884878
      vertex 61.104336 77.191729 23.884878
      vertex 60.625014 77.511330 26.337731
    endloop
  endfacet
  facet normal -0.432948 0.879144 -0.199155
    outer loop
      vertex 63.677646 78.458995 23.884878
      vertex 60.625014 77.511330 26.337731
      vertex 63.385705 78.870875 26.337731
    endloop
  endfacet
  facet normal 0.432429 -0.878090 0.204851
    outer loop
      vertex 62.128935 76.508550 23.285448
      vertex 64.301698 77.578561 23.285448
      vertex 64.009562 77.990716 25.668831
    endloop
  endfacet
  facet normal 0.432429 -0.878090 0.204851
    outer loop
      vertex 62.128935 76.508550 23.285448
      vertex 64.009562 77.990716 25.668831
      vertex 61.649292 76.828365 25.668831
    endloop
  endfacet
  facet normal -0.453882 0.867914 -0.201782
    outer loop
      vertex 61.104336 77.191729 23.884878
      vertex 58.731331 75.950747 23.884878
      vertex 58.079212 76.179983 26.337731
    endloop
  endfacet
  facet normal -0.453882 0.867914 -0.201782
    outer loop
      vertex 61.104336 77.191729 23.884878
      vertex 58.079212 76.179983 26.337731
      vertex 60.625014 77.511330 26.337731
    endloop
  endfacet
  facet normal 0.453324 -0.866846 0.207547
    outer loop
      vertex 60.125298 75.460732 23.285448
      vertex 62.128935 76.508550 23.285448
      vertex 61.649292 76.828365 25.668831
    endloop
  endfacet
  facet normal 0.453324 -0.866846 0.207547
    outer loop
      vertex 60.125298 75.460732 23.285448
      vertex 61.649292 76.828365 25.668831
      vertex 59.472743 75.690122 25.668831
    endloop
  endfacet
  facet normal -0.455018 0.867263 -0.202024
    outer loop
      vertex 58.731331 75.950747 23.884878
      vertex 56.509006 74.784781 23.884878
      vertex 55.695063 74.929115 26.337731
    endloop
  endfacet
  facet normal -0.455018 0.867263 -0.202024
    outer loop
      vertex 58.731331 75.950747 23.884878
      vertex 55.695063 74.929115 26.337731
      vertex 58.079212 76.179983 26.337731
    endloop
  endfacet
  facet normal 0.454457 -0.866193 0.207794
    outer loop
      vertex 58.248887 74.476254 23.285448
      vertex 60.125298 75.460732 23.285448
      vertex 59.472743 75.690122 25.668831
    endloop
  endfacet
  facet normal 0.454457 -0.866193 0.207794
    outer loop
      vertex 58.248887 74.476254 23.285448
      vertex 59.472743 75.690122 25.668831
      vertex 57.434401 74.620684 25.668831
    endloop
  endfacet
  facet normal -0.449369 0.870591 -0.200345
    outer loop
      vertex 56.509006 74.784781 23.884878
      vertex 54.390293 73.691176 23.884878
      vertex 53.422071 73.755876 26.337731
    endloop
  endfacet
  facet normal -0.449369 0.870591 -0.200345
    outer loop
      vertex 56.509006 74.784781 23.884878
      vertex 53.422071 73.755876 26.337731
      vertex 55.695063 74.929115 26.337731
    endloop
  endfacet
  facet normal 0.448824 -0.869535 0.206072
    outer loop
      vertex 56.459961 73.552873 23.285448
      vertex 58.248887 74.476254 23.285448
      vertex 57.434401 74.620684 25.668831
    endloop
  endfacet
  facet normal 0.448824 -0.869535 0.206072
    outer loop
      vertex 56.459961 73.552873 23.285448
      vertex 57.434401 74.620684 25.668831
      vertex 55.491093 73.617616 25.668831
    endloop
  endfacet
  facet normal -0.525962 -0.829983 -0.185721
    outer loop
      vertex 54.390293 73.691176 23.884878
      vertex 56.586633 72.299351 23.884878
      vertex 55.778343 72.262702 26.337731
    endloop
  endfacet
  facet normal -0.525962 -0.829983 -0.185721
    outer loop
      vertex 54.390293 73.691176 23.884878
      vertex 55.778343 72.262702 26.337731
      vertex 53.422071 73.755876 26.337731
    endloop
  endfacet
  facet normal 0.525413 0.829118 0.191063
    outer loop
      vertex 58.314431 72.377692 23.285448
      vertex 56.459961 73.552873 23.285448
      vertex 55.491093 73.617616 25.668831
    endloop
  endfacet
  facet normal 0.525413 0.829118 0.191063
    outer loop
      vertex 58.314431 72.377692 23.285448
      vertex 55.491093 73.617616 25.668831
      vertex 57.505602 72.341019 25.668831
    endloop
  endfacet
  facet normal -0.533068 -0.824924 -0.187988
    outer loop
      vertex 56.586633 72.299351 23.884878
      vertex 58.897790 70.805876 23.884878
      vertex 58.257792 70.660476 26.337731
    endloop
  endfacet
  facet normal -0.533068 -0.824924 -0.187988
    outer loop
      vertex 56.586633 72.299351 23.884878
      vertex 58.257792 70.660476 26.337731
      vertex 55.778343 72.262702 26.337731
    endloop
  endfacet
  facet normal 0.532498 0.824042 0.193389
    outer loop
      vertex 60.265847 71.116682 23.285448
      vertex 58.314431 72.377692 23.285448
      vertex 57.505602 72.341019 25.668831
    endloop
  endfacet
  facet normal 0.532498 0.824042 0.193389
    outer loop
      vertex 60.265847 71.116682 23.285448
      vertex 57.505602 72.341019 25.668831
      vertex 59.625422 70.971185 25.668831
    endloop
  endfacet
  facet normal -0.532937 -0.825015 -0.187959
    outer loop
      vertex 58.897790 70.805876 23.884878
      vertex 61.390833 69.195440 23.884878
      vertex 60.932372 68.932772 26.337731
    endloop
  endfacet
  facet normal -0.532937 -0.825015 -0.187959
    outer loop
      vertex 58.897790 70.805876 23.884878
      vertex 60.932372 68.932772 26.337731
      vertex 58.257792 70.660476 26.337731
    endloop
  endfacet
  facet normal 0.532367 0.824134 0.193360
    outer loop
      vertex 62.370837 69.756918 23.285448
      vertex 60.265847 71.116682 23.285448
      vertex 59.625422 70.971185 25.668831
    endloop
  endfacet
  facet normal 0.532367 0.824134 0.193360
    outer loop
      vertex 62.370837 69.756918 23.285448
      vertex 59.625422 70.971185 25.668831
      vertex 61.912070 69.494075 25.668831
    endloop
  endfacet
  facet normal -0.506419 -0.842242 -0.184847
    outer loop
      vertex 61.390833 69.195440 23.884878
      vertex 64.144705 67.539604 23.884878
      vertex 63.886774 67.156363 26.337731
    endloop
  endfacet
  facet normal -0.506419 -0.842242 -0.184847
    outer loop
      vertex 61.390833 69.195440 23.884878
      vertex 63.886774 67.156363 26.337731
      vertex 60.932372 68.932772 26.337731
    endloop
  endfacet
  facet normal 0.505896 0.841372 0.190165
    outer loop
      vertex 64.696057 68.358820 23.285448
      vertex 62.370837 69.756918 23.285448
      vertex 61.912070 69.494075 25.668831
    endloop
  endfacet
  facet normal 0.505896 0.841372 0.190165
    outer loop
      vertex 64.696057 68.358820 23.285448
      vertex 61.912070 69.494075 25.668831
      vertex 64.437954 67.975323 25.668831
    endloop
  endfacet
  facet normal -0.447317 -0.875287 -0.183795
    outer loop
      vertex 64.144705 67.539604 23.884878
      vertex 67.056467 66.051542 23.884878
      vertex 67.010563 65.559944 26.337731
    endloop
  endfacet
  facet normal -0.447317 -0.875287 -0.183795
    outer loop
      vertex 64.144705 67.539604 23.884878
      vertex 67.010563 65.559944 26.337731
      vertex 63.886774 67.156363 26.337731
    endloop
  endfacet
  facet normal 0.446860 0.874393 0.189086
    outer loop
      vertex 67.154591 67.102381 23.285448
      vertex 64.696057 68.358820 23.285448
      vertex 64.437954 67.975323 25.668831
    endloop
  endfacet
  facet normal 0.446860 0.874393 0.189086
    outer loop
      vertex 67.154591 67.102381 23.285448
      vertex 64.437954 67.975323 25.668831
      vertex 67.108656 66.610455 25.668831
    endloop
  endfacet
  facet normal -0.404011 -0.895431 -0.187022
    outer loop
      vertex 67.056467 66.051542 23.884878
      vertex 69.846414 64.792741 23.884878
      vertex 70.003667 64.209480 26.337731
    endloop
  endfacet
  facet normal -0.404011 -0.895431 -0.187022
    outer loop
      vertex 67.056467 66.051542 23.884878
      vertex 70.003667 64.209480 26.337731
      vertex 67.010563 65.559944 26.337731
    endloop
  endfacet
  facet normal 0.403584 0.894485 0.192398
    outer loop
      vertex 69.510270 66.039518 23.285448
      vertex 67.154591 67.102381 23.285448
      vertex 67.108656 66.610455 25.668831
    endloop
  endfacet
  facet normal 0.403584 0.894485 0.192398
    outer loop
      vertex 69.510270 66.039518 23.285448
      vertex 67.108656 66.610455 25.668831
      vertex 69.667628 65.455868 25.668831
    endloop
  endfacet
  facet normal -0.396281 -0.898618 -0.188275
    outer loop
      vertex 69.846414 64.792741 23.884878
      vertex 72.428477 63.654077 23.884878
      vertex 72.773749 62.987902 26.337731
    endloop
  endfacet
  facet normal -0.396281 -0.898618 -0.188275
    outer loop
      vertex 69.846414 64.792741 23.884878
      vertex 72.773749 62.987902 26.337731
      vertex 70.003667 64.209480 26.337731
    endloop
  endfacet
  facet normal 0.395857 0.897655 0.193685
    outer loop
      vertex 71.690424 65.078092 23.285448
      vertex 69.510270 66.039518 23.285448
      vertex 69.667628 65.455868 25.668831
    endloop
  endfacet
  facet normal 0.395857 0.897655 0.193685
    outer loop
      vertex 71.690424 65.078092 23.285448
      vertex 69.667628 65.455868 25.668831
      vertex 72.035927 64.411472 25.668831
    endloop
  endfacet
  facet normal -0.402908 -0.896009 -0.186634
    outer loop
      vertex 72.428477 63.654077 23.884878
      vertex 74.844451 62.567686 23.884878
      vertex 75.365648 61.822403 26.337731
    endloop
  endfacet
  facet normal -0.402908 -0.896009 -0.186634
    outer loop
      vertex 72.428477 63.654077 23.884878
      vertex 75.365648 61.822403 26.337731
      vertex 72.773749 62.987902 26.337731
    endloop
  endfacet
  facet normal 0.402484 0.895066 0.192000
    outer loop
      vertex 73.730342 64.160802 23.285448
      vertex 71.690424 65.078092 23.285448
      vertex 72.035927 64.411472 25.668831
    endloop
  endfacet
  facet normal 0.402484 0.895066 0.192000
    outer loop
      vertex 73.730342 64.160802 23.285448
      vertex 72.035927 64.411472 25.668831
      vertex 74.251887 63.415021 25.668831
    endloop
  endfacet
  facet normal 0.974920 -0.029450 -0.220597
    outer loop
      vertex 75.365648 61.822403 26.337731
      vertex 75.438135 64.221995 26.337731
      vertex 75.973875 63.628930 28.784588
    endloop
  endfacet
  facet normal 0.974920 -0.029450 -0.220597
    outer loop
      vertex 75.365648 61.822403 26.337731
      vertex 75.973875 63.628930 28.784588
      vertex 75.896379 61.063486 28.784588
    endloop
  endfacet
  facet normal -0.973735 0.029414 0.225778
    outer loop
      vertex 74.313859 65.466568 25.668831
      vertex 74.251887 63.415021 25.668831
      vertex 74.781240 62.658075 28.050437
    endloop
  endfacet
  facet normal -0.973735 0.029414 0.225778
    outer loop
      vertex 74.313859 65.466568 25.668831
      vertex 74.781240 62.658075 28.050437
      vertex 74.848209 64.875042 28.050437
    endloop
  endfacet
  facet normal 0.974753 -0.031487 -0.221055
    outer loop
      vertex 75.438135 64.221995 26.337731
      vertex 75.519703 66.747123 26.337731
      vertex 76.061082 66.328586 28.784588
    endloop
  endfacet
  facet normal 0.974753 -0.031487 -0.221055
    outer loop
      vertex 75.438135 64.221995 26.337731
      vertex 76.061082 66.328586 28.784588
      vertex 75.973875 63.628930 28.784588
    endloop
  endfacet
  facet normal -0.973563 0.031449 0.226245
    outer loop
      vertex 74.383597 67.625441 25.668831
      vertex 74.313859 65.466568 25.668831
      vertex 74.848209 64.875042 28.050437
    endloop
  endfacet
  facet normal -0.973563 0.031449 0.226245
    outer loop
      vertex 74.383597 67.625441 25.668831
      vertex 74.848209 64.875042 28.050437
      vertex 74.923570 67.207990 28.050437
    endloop
  endfacet
  facet normal 0.975322 -0.022475 -0.219639
    outer loop
      vertex 75.519703 66.747123 26.337731
      vertex 75.581441 69.426307 26.337731
      vertex 76.127087 69.192946 28.784588
    endloop
  endfacet
  facet normal 0.975322 -0.022475 -0.219639
    outer loop
      vertex 75.519703 66.747123 26.337731
      vertex 76.127087 69.192946 28.784588
      vertex 76.061082 66.328586 28.784588
    endloop
  endfacet
  facet normal -0.974146 0.022448 0.224799
    outer loop
      vertex 74.436381 69.916025 25.668831
      vertex 74.383597 67.625441 25.668831
      vertex 74.923570 67.207990 28.050437
    endloop
  endfacet
  facet normal -0.974146 0.022448 0.224799
    outer loop
      vertex 74.436381 69.916025 25.668831
      vertex 74.923570 67.207990 28.050437
      vertex 74.980610 69.683270 28.050437
    endloop
  endfacet
  facet normal 0.976151 0.007526 -0.216963
    outer loop
      vertex 75.581441 69.426307 26.337731
      vertex 75.559667 72.250367 26.337731
      vertex 76.103808 72.212195 28.784588
    endloop
  endfacet
  facet normal 0.976151 0.007526 -0.216963
    outer loop
      vertex 75.581441 69.426307 26.337731
      vertex 76.103808 72.212195 28.784588
      vertex 76.127087 69.192946 28.784588
    endloop
  endfacet
  facet normal -0.975003 -0.007518 0.222066
    outer loop
      vertex 74.417764 72.330472 25.668831
      vertex 74.436381 69.916025 25.668831
      vertex 74.980610 69.683270 28.050437
    endloop
  endfacet
  facet normal -0.975003 -0.007518 0.222066
    outer loop
      vertex 74.417764 72.330472 25.668831
      vertex 74.980610 69.683270 28.050437
      vertex 74.960492 72.292399 28.050437
    endloop
  endfacet
  facet normal 0.974781 0.056498 -0.215894
    outer loop
      vertex 75.559667 72.250367 26.337731
      vertex 75.393575 75.115997 26.337731
      vertex 75.926236 75.275888 28.784588
    endloop
  endfacet
  facet normal 0.974781 0.056498 -0.215894
    outer loop
      vertex 75.559667 72.250367 26.337731
      vertex 75.926236 75.275888 28.784588
      vertex 76.103808 72.212195 28.784588
    endloop
  endfacet
  facet normal -0.973645 -0.056432 0.220975
    outer loop
      vertex 74.275763 74.780461 25.668831
      vertex 74.417764 72.330472 25.668831
      vertex 74.960492 72.292399 28.050437
    endloop
  endfacet
  facet normal -0.973645 -0.056432 0.220975
    outer loop
      vertex 74.275763 74.780461 25.668831
      vertex 74.960492 72.292399 28.050437
      vertex 74.807041 74.939936 28.050437
    endloop
  endfacet
  facet normal 0.970806 0.100292 -0.217890
    outer loop
      vertex 75.393575 75.115997 26.337731
      vertex 75.108107 77.879269 26.337731
      vertex 75.621037 78.230147 28.784588
    endloop
  endfacet
  facet normal 0.970806 0.100292 -0.217890
    outer loop
      vertex 75.393575 75.115997 26.337731
      vertex 75.621037 78.230147 28.784588
      vertex 75.926236 75.275888 28.784588
    endloop
  endfacet
  facet normal -0.969655 -0.100173 0.223014
    outer loop
      vertex 74.031700 77.142936 25.668831
      vertex 74.275763 74.780461 25.668831
      vertex 74.807041 74.939936 28.050437
    endloop
  endfacet
  facet normal -0.969655 -0.100173 0.223014
    outer loop
      vertex 74.031700 77.142936 25.668831
      vertex 74.807041 74.939936 28.050437
      vertex 74.543299 77.492903 28.050437
    endloop
  endfacet
  facet normal 0.967815 0.121624 -0.220322
    outer loop
      vertex 75.108107 77.879269 26.337731
      vertex 74.781141 80.481072 26.337731
      vertex 75.271473 81.011777 28.784588
    endloop
  endfacet
  facet normal 0.967815 0.121624 -0.220322
    outer loop
      vertex 75.108107 77.879269 26.337731
      vertex 75.271473 81.011777 28.784588
      vertex 75.621037 78.230147 28.784588
    endloop
  endfacet
  facet normal -0.966641 -0.121477 0.225497
    outer loop
      vertex 73.752159 79.367363 25.668831
      vertex 74.031700 77.142936 25.668831
      vertex 74.543299 77.492903 28.050437
    endloop
  endfacet
  facet normal -0.966641 -0.121477 0.225497
    outer loop
      vertex 73.752159 79.367363 25.668831
      vertex 74.543299 77.492903 28.050437
      vertex 74.241217 79.896691 28.050437
    endloop
  endfacet
  facet normal 0.967166 0.125453 -0.221023
    outer loop
      vertex 74.781141 80.481072 26.337731
      vertex 74.462472 82.937822 26.337731
      vertex 74.930778 83.638330 28.784588
    endloop
  endfacet
  facet normal 0.967166 0.125453 -0.221023
    outer loop
      vertex 74.781141 80.481072 26.337731
      vertex 74.930778 83.638330 28.784588
      vertex 75.271473 81.011777 28.784588
    endloop
  endfacet
  facet normal -0.965986 -0.125300 0.226212
    outer loop
      vertex 73.479711 81.467777 25.668831
      vertex 73.752159 79.367363 25.668831
      vertex 74.241217 79.896691 28.050437
    endloop
  endfacet
  facet normal -0.965986 -0.125300 0.226212
    outer loop
      vertex 73.479711 81.467777 25.668831
      vertex 74.241217 79.896691 28.050437
      vertex 73.946801 82.166466 28.050437
    endloop
  endfacet
  facet normal -0.311756 0.927587 -0.205890
    outer loop
      vertex 74.462472 82.937822 26.337731
      vertex 71.914880 82.081592 26.337731
      vertex 72.207105 82.722920 28.784588
    endloop
  endfacet
  facet normal -0.311756 0.927587 -0.205890
    outer loop
      vertex 74.462472 82.937822 26.337731
      vertex 72.207105 82.722920 28.784588
      vertex 74.930778 83.638330 28.784588
    endloop
  endfacet
  facet normal 0.311426 -0.926604 0.210758
    outer loop
      vertex 71.301631 80.735738 25.668831
      vertex 73.479711 81.467777 25.668831
      vertex 73.946801 82.166466 28.050437
    endloop
  endfacet
  facet normal 0.311426 -0.926604 0.210758
    outer loop
      vertex 71.301631 80.735738 25.668831
      vertex 73.946801 82.166466 28.050437
      vertex 71.593098 81.375400 28.050437
    endloop
  endfacet
  facet normal -0.312614 0.927336 -0.205722
    outer loop
      vertex 71.914880 82.081592 26.337731
      vertex 69.198334 81.165819 26.337731
      vertex 69.302802 81.743852 28.784588
    endloop
  endfacet
  facet normal -0.312614 0.927336 -0.205722
    outer loop
      vertex 71.914880 82.081592 26.337731
      vertex 69.302802 81.743852 28.784588
      vertex 72.207105 82.722920 28.784588
    endloop
  endfacet
  facet normal 0.312283 -0.926355 0.210587
    outer loop
      vertex 68.979104 79.952792 25.668831
      vertex 71.301631 80.735738 25.668831
      vertex 71.593098 81.375400 28.050437
    endloop
  endfacet
  facet normal 0.312283 -0.926355 0.210587
    outer loop
      vertex 68.979104 79.952792 25.668831
      vertex 71.593098 81.375400 28.050437
      vertex 69.083301 80.529324 28.050437
    endloop
  endfacet
  facet normal -0.334315 0.920309 -0.203136
    outer loop
      vertex 69.198334 81.165819 26.337731
      vertex 66.311260 80.117050 26.337731
      vertex 66.216184 80.622596 28.784588
    endloop
  endfacet
  facet normal -0.334315 0.920309 -0.203136
    outer loop
      vertex 69.198334 81.165819 26.337731
      vertex 66.216184 80.622596 28.784588
      vertex 69.302802 81.743852 28.784588
    endloop
  endfacet
  facet normal 0.333970 -0.919360 0.207945
    outer loop
      vertex 66.510783 79.056141 25.668831
      vertex 68.979104 79.952792 25.668831
      vertex 69.083301 80.529324 28.050437
    endloop
  endfacet
  facet normal 0.333970 -0.919360 0.207945
    outer loop
      vertex 66.510783 79.056141 25.668831
      vertex 69.083301 80.529324 28.050437
      vertex 66.415953 79.560374 28.050437
    endloop
  endfacet
  facet normal -0.383883 0.901214 -0.201116
    outer loop
      vertex 66.311260 80.117050 26.337731
      vertex 63.385705 78.870875 26.337731
      vertex 63.088425 79.290290 28.784588
    endloop
  endfacet
  facet normal -0.383883 0.901214 -0.201116
    outer loop
      vertex 66.311260 80.117050 26.337731
      vertex 63.088425 79.290290 28.784588
      vertex 66.216184 80.622596 28.784588
    endloop
  endfacet
  facet normal 0.383495 -0.900303 0.205882
    outer loop
      vertex 64.009562 77.990716 25.668831
      vertex 66.510783 79.056141 25.668831
      vertex 66.415953 79.560374 28.050437
    endloop
  endfacet
  facet normal 0.383495 -0.900303 0.205882
    outer loop
      vertex 64.009562 77.990716 25.668831
      vertex 66.415953 79.560374 28.050437
      vertex 63.713053 78.409042 28.050437
    endloop
  endfacet
  facet normal -0.432588 0.878412 -0.203125
    outer loop
      vertex 63.385705 78.870875 26.337731
      vertex 60.625014 77.511330 26.337731
      vertex 60.136924 77.836777 28.784588
    endloop
  endfacet
  facet normal -0.432588 0.878412 -0.203125
    outer loop
      vertex 63.385705 78.870875 26.337731
      vertex 60.136924 77.836777 28.784588
      vertex 63.088425 79.290290 28.784588
    endloop
  endfacet
  facet normal 0.432141 -0.877506 0.207934
    outer loop
      vertex 61.649292 76.828365 25.668831
      vertex 64.009562 77.990716 25.668831
      vertex 63.713053 78.409042 28.050437
    endloop
  endfacet
  facet normal 0.432141 -0.877506 0.207934
    outer loop
      vertex 61.649292 76.828365 25.668831
      vertex 63.713053 78.409042 28.050437
      vertex 61.162469 77.152967 28.050437
    endloop
  endfacet
  facet normal -0.453495 0.867173 -0.205801
    outer loop
      vertex 60.625014 77.511330 26.337731
      vertex 58.079212 76.179983 26.337731
      vertex 57.415165 76.413412 28.784588
    endloop
  endfacet
  facet normal -0.453495 0.867173 -0.205801
    outer loop
      vertex 60.625014 77.511330 26.337731
      vertex 57.415165 76.413412 28.784588
      vertex 60.136924 77.836777 28.784588
    endloop
  endfacet
  facet normal 0.453015 -0.866255 0.210667
    outer loop
      vertex 59.472743 75.690122 25.668831
      vertex 61.649292 76.828365 25.668831
      vertex 61.162469 77.152967 28.050437
    endloop
  endfacet
  facet normal 0.453015 -0.866255 0.210667
    outer loop
      vertex 59.472743 75.690122 25.668831
      vertex 61.162469 77.152967 28.050437
      vertex 58.810420 75.922945 28.050437
    endloop
  endfacet
  facet normal -0.454629 0.866520 -0.206047
    outer loop
      vertex 58.079212 76.179983 26.337731
      vertex 55.695063 74.929115 26.337731
      vertex 54.866232 75.076088 28.784588
    endloop
  endfacet
  facet normal -0.454629 0.866520 -0.206047
    outer loop
      vertex 58.079212 76.179983 26.337731
      vertex 54.866232 75.076088 28.784588
      vertex 57.415165 76.413412 28.784588
    endloop
  endfacet
  facet normal 0.454146 -0.865601 0.210918
    outer loop
      vertex 57.434401 74.620684 25.668831
      vertex 59.472743 75.690122 25.668831
      vertex 58.810420 75.922945 28.050437
    endloop
  endfacet
  facet normal 0.454146 -0.865601 0.210918
    outer loop
      vertex 57.434401 74.620684 25.668831
      vertex 58.810420 75.922945 28.050437
      vertex 56.607722 74.767276 28.050437
    endloop
  endfacet
  facet normal -0.448991 0.869858 -0.204337
    outer loop
      vertex 55.695063 74.929115 26.337731
      vertex 53.422071 73.755876 26.337731
      vertex 52.436139 73.821759 28.784588
    endloop
  endfacet
  facet normal -0.448991 0.869858 -0.204337
    outer loop
      vertex 55.695063 74.929115 26.337731
      vertex 52.436139 73.821759 28.784588
      vertex 54.866232 75.076088 28.784588
    endloop
  endfacet
  facet normal 0.448522 -0.868951 0.209172
    outer loop
      vertex 55.491093 73.617616 25.668831
      vertex 57.434401 74.620684 25.668831
      vertex 56.607722 74.767276 28.050437
    endloop
  endfacet
  facet normal 0.448522 -0.868951 0.209172
    outer loop
      vertex 55.491093 73.617616 25.668831
      vertex 56.607722 74.767276 28.050437
      vertex 54.507720 73.683329 28.050437
    endloop
  endfacet
  facet normal -0.525581 -0.829382 -0.189445
    outer loop
      vertex 53.422071 73.755876 26.337731
      vertex 55.778343 72.262702 26.337731
      vertex 54.955268 72.225383 28.784588
    endloop
  endfacet
  facet normal -0.525581 -0.829382 -0.189445
    outer loop
      vertex 53.422071 73.755876 26.337731
      vertex 54.955268 72.225383 28.784588
      vertex 52.436139 73.821759 28.784588
    endloop
  endfacet
  facet normal 0.525109 0.828638 0.193956
    outer loop
      vertex 57.505602 72.341019 25.668831
      vertex 55.491093 73.617616 25.668831
      vertex 54.507720 73.683329 28.050437
    endloop
  endfacet
  facet normal 0.525109 0.828638 0.193956
    outer loop
      vertex 57.505602 72.341019 25.668831
      vertex 54.507720 73.683329 28.050437
      vertex 56.684663 72.303796 28.050437
    endloop
  endfacet
  facet normal -0.532673 -0.824312 -0.191753
    outer loop
      vertex 55.778343 72.262702 26.337731
      vertex 58.257792 70.660476 26.337731
      vertex 57.606088 70.512416 28.784588
    endloop
  endfacet
  facet normal -0.532673 -0.824312 -0.191753
    outer loop
      vertex 55.778343 72.262702 26.337731
      vertex 57.606088 70.512416 28.784588
      vertex 54.955268 72.225383 28.784588
    endloop
  endfacet
  facet normal 0.532183 0.823554 0.196315
    outer loop
      vertex 59.625422 70.971185 25.668831
      vertex 57.505602 72.341019 25.668831
      vertex 56.684663 72.303796 28.050437
    endloop
  endfacet
  facet normal 0.532183 0.823554 0.196315
    outer loop
      vertex 59.625422 70.971185 25.668831
      vertex 56.684663 72.303796 28.050437
      vertex 58.975410 70.823510 28.050437
    endloop
  endfacet
  facet normal -0.532542 -0.824404 -0.191724
    outer loop
      vertex 58.257792 70.660476 26.337731
      vertex 60.932372 68.932772 26.337731
      vertex 60.465526 68.665299 28.784588
    endloop
  endfacet
  facet normal -0.532542 -0.824404 -0.191724
    outer loop
      vertex 58.257792 70.660476 26.337731
      vertex 60.465526 68.665299 28.784588
      vertex 57.606088 70.512416 28.784588
    endloop
  endfacet
  facet normal 0.532052 0.823646 0.196285
    outer loop
      vertex 61.912070 69.494075 25.668831
      vertex 59.625422 70.971185 25.668831
      vertex 58.975410 70.823510 28.050437
    endloop
  endfacet
  facet normal 0.532052 0.823646 0.196285
    outer loop
      vertex 61.912070 69.494075 25.668831
      vertex 58.975410 70.823510 28.050437
      vertex 61.446436 69.227297 28.050437
    endloop
  endfacet
  facet normal -0.506056 -0.841638 -0.188554
    outer loop
      vertex 60.932372 68.932772 26.337731
      vertex 63.886774 67.156363 26.337731
      vertex 63.624125 66.766111 28.784588
    endloop
  endfacet
  facet normal -0.506056 -0.841638 -0.188554
    outer loop
      vertex 60.932372 68.932772 26.337731
      vertex 63.624125 66.766111 28.784588
      vertex 60.465526 68.665299 28.784588
    endloop
  endfacet
  facet normal 0.505606 0.840890 0.193046
    outer loop
      vertex 64.437954 67.975323 25.668831
      vertex 61.912070 69.494075 25.668831
      vertex 61.446436 69.227297 28.050437
    endloop
  endfacet
  facet normal 0.505606 0.840890 0.193046
    outer loop
      vertex 64.437954 67.975323 25.668831
      vertex 61.446436 69.227297 28.050437
      vertex 64.175987 67.586084 28.050437
    endloop
  endfacet
  facet normal -0.447000 -0.874666 -0.187483
    outer loop
      vertex 63.886774 67.156363 26.337731
      vertex 67.010563 65.559944 26.337731
      vertex 66.963820 65.059353 28.784588
    endloop
  endfacet
  facet normal -0.447000 -0.874666 -0.187483
    outer loop
      vertex 63.886774 67.156363 26.337731
      vertex 66.963820 65.059353 28.784588
      vertex 63.624125 66.766111 28.784588
    endloop
  endfacet
  facet normal 0.446607 0.873898 0.191951
    outer loop
      vertex 67.108656 66.610455 25.668831
      vertex 64.437954 67.975323 25.668831
      vertex 64.175987 67.586084 28.050437
    endloop
  endfacet
  facet normal 0.446607 0.873898 0.191951
    outer loop
      vertex 67.108656 66.610455 25.668831
      vertex 64.175987 67.586084 28.050437
      vertex 67.062034 66.111164 28.050437
    endloop
  endfacet
  facet normal -0.403715 -0.894774 -0.190770
    outer loop
      vertex 67.010563 65.559944 26.337731
      vertex 70.003667 64.209480 26.337731
      vertex 70.163796 63.615550 28.784588
    endloop
  endfacet
  facet normal -0.403715 -0.894774 -0.190770
    outer loop
      vertex 67.010563 65.559944 26.337731
      vertex 70.163796 63.615550 28.784588
      vertex 66.963820 65.059353 28.784588
    endloop
  endfacet
  facet normal 0.403347 0.893960 0.195310
    outer loop
      vertex 69.667628 65.455868 25.668831
      vertex 67.108656 66.610455 25.668831
      vertex 67.062034 66.111164 28.050437
    endloop
  endfacet
  facet normal 0.403347 0.893960 0.195310
    outer loop
      vertex 69.667628 65.455868 25.668831
      vertex 67.062034 66.111164 28.050437
      vertex 69.827342 64.863480 28.050437
    endloop
  endfacet
  facet normal -0.395987 -0.897949 -0.192046
    outer loop
      vertex 70.003667 64.209480 26.337731
      vertex 72.773749 62.987902 26.337731
      vertex 73.125337 62.309541 28.784588
    endloop
  endfacet
  facet normal -0.395987 -0.897949 -0.192046
    outer loop
      vertex 70.003667 64.209480 26.337731
      vertex 73.125337 62.309541 28.784588
      vertex 70.163796 63.615550 28.784588
    endloop
  endfacet
  facet normal 0.395622 0.897121 0.196614
    outer loop
      vertex 72.035927 64.411472 25.668831
      vertex 69.667628 65.455868 25.668831
      vertex 69.827342 64.863480 28.050437
    endloop
  endfacet
  facet normal 0.395622 0.897121 0.196614
    outer loop
      vertex 72.035927 64.411472 25.668831
      vertex 69.827342 64.863480 28.050437
      vertex 72.386602 63.734872 28.050437
    endloop
  endfacet
  facet normal -0.402614 -0.895354 -0.190375
    outer loop
      vertex 72.773749 62.987902 26.337731
      vertex 75.365648 61.822403 26.337731
      vertex 75.896379 61.063486 28.784588
    endloop
  endfacet
  facet normal -0.402614 -0.895354 -0.190375
    outer loop
      vertex 72.773749 62.987902 26.337731
      vertex 75.896379 61.063486 28.784588
      vertex 73.125337 62.309541 28.784588
    endloop
  endfacet
  facet normal 0.402249 0.894543 0.194906
    outer loop
      vertex 74.251887 63.415021 25.668831
      vertex 72.035927 64.411472 25.668831
      vertex 72.386602 63.734872 28.050437
    endloop
  endfacet
  facet normal 0.402249 0.894543 0.194906
    outer loop
      vertex 74.251887 63.415021 25.668831
      vertex 72.386602 63.734872 28.050437
      vertex 74.781240 62.658075 28.050437
    endloop
  endfacet
  facet normal 0.975776 -0.029476 -0.216778
    outer loop
      vertex 75.896379 61.063486 28.784588
      vertex 75.973875 63.628930 28.784588
      vertex 76.498150 63.048559 31.223396
    endloop
  endfacet
  facet normal 0.975775 -0.029473 -0.216781
    outer loop
      vertex 75.896379 61.063486 28.784588
      vertex 76.498150 63.048559 31.223396
      vertex 76.415751 60.320813 31.223358
    endloop
  endfacet
  facet normal -0.974515 0.029438 0.222383
    outer loop
      vertex 74.848209 64.875042 28.050437
      vertex 74.781240 62.658075 28.050437
      vertex 75.301709 61.913832 30.429730
    endloop
  endfacet
  facet normal -0.974516 0.029434 0.222379
    outer loop
      vertex 74.848209 64.875042 28.050437
      vertex 75.301709 61.913832 30.429730
      vertex 75.373592 64.293444 30.429769
    endloop
  endfacet
  facet normal 0.975612 -0.031515 -0.217227
    outer loop
      vertex 75.973875 63.628930 28.784588
      vertex 76.061082 66.328586 28.784588
      vertex 76.590873 65.919007 31.223415
    endloop
  endfacet
  facet normal 0.975612 -0.031513 -0.217228
    outer loop
      vertex 75.973875 63.628930 28.784588
      vertex 76.590873 65.919007 31.223415
      vertex 76.498150 63.048559 31.223396
    endloop
  endfacet
  facet normal -0.974347 0.031474 0.222840
    outer loop
      vertex 74.923570 67.207990 28.050437
      vertex 74.848209 64.875042 28.050437
      vertex 75.373592 64.293444 30.429769
    endloop
  endfacet
  facet normal -0.974347 0.031472 0.222838
    outer loop
      vertex 74.923570 67.207990 28.050437
      vertex 75.373592 64.293444 30.429769
      vertex 75.454481 66.797546 30.429788
    endloop
  endfacet
  facet normal 0.976171 -0.022495 -0.215834
    outer loop
      vertex 76.061082 66.328586 28.784588
      vertex 76.127087 69.192946 28.784588
      vertex 76.661054 68.964580 31.223411
    endloop
  endfacet
  facet normal 0.976171 -0.022495 -0.215833
    outer loop
      vertex 76.061082 66.328586 28.784588
      vertex 76.661054 68.964580 31.223411
      vertex 76.590873 65.919007 31.223415
    endloop
  endfacet
  facet normal -0.974921 0.022466 0.221412
    outer loop
      vertex 74.980610 69.683270 28.050437
      vertex 74.923570 67.207990 28.050437
      vertex 75.454481 66.797546 30.429788
    endloop
  endfacet
  facet normal -0.974921 0.022466 0.221413
    outer loop
      vertex 74.980610 69.683270 28.050437
      vertex 75.454481 66.797546 30.429788
      vertex 75.515705 69.454421 30.429783
    endloop
  endfacet
  facet normal 0.976979 0.007533 -0.213202
    outer loop
      vertex 76.127087 69.192946 28.784588
      vertex 76.103808 72.212195 28.784588
      vertex 76.636302 72.174840 31.223378
    endloop
  endfacet
  facet normal 0.976980 0.007531 -0.213199
    outer loop
      vertex 76.127087 69.192946 28.784588
      vertex 76.636302 72.174840 31.223378
      vertex 76.661054 68.964580 31.223411
    endloop
  endfacet
  facet normal -0.975759 -0.007523 0.218717
    outer loop
      vertex 74.960492 72.292399 28.050437
      vertex 74.980610 69.683270 28.050437
      vertex 75.515705 69.454421 30.429783
    endloop
  endfacet
  facet normal -0.975759 -0.007521 0.218720
    outer loop
      vertex 74.960492 72.292399 28.050437
      vertex 75.515705 69.454421 30.429783
      vertex 75.494112 72.254965 30.429750
    endloop
  endfacet
  facet normal 0.975599 0.056546 -0.212155
    outer loop
      vertex 76.103808 72.212195 28.784588
      vertex 75.926236 75.275888 28.784588
      vertex 76.447497 75.432356 31.223316
    endloop
  endfacet
  facet normal 0.975600 0.056542 -0.212150
    outer loop
      vertex 76.103808 72.212195 28.784588
      vertex 76.447497 75.432356 31.223316
      vertex 76.636302 72.174840 31.223378
    endloop
  endfacet
  facet normal -0.974393 -0.056476 0.217643
    outer loop
      vertex 74.807041 74.939936 28.050437
      vertex 74.960492 72.292399 28.050437
      vertex 75.494112 72.254965 30.429750
    endloop
  endfacet
  facet normal -0.974392 -0.056471 0.217648
    outer loop
      vertex 74.807041 74.939936 28.050437
      vertex 75.494112 72.254965 30.429750
      vertex 75.329403 75.096735 30.429689
    endloop
  endfacet
  facet normal 0.971635 0.100378 -0.214127
    outer loop
      vertex 75.926236 75.275888 28.784588
      vertex 75.621037 78.230147 28.784588
      vertex 76.122989 78.573515 31.223231
    endloop
  endfacet
  facet normal 0.971637 0.100372 -0.214120
    outer loop
      vertex 75.926236 75.275888 28.784588
      vertex 76.122989 78.573515 31.223231
      vertex 76.447497 75.432356 31.223316
    endloop
  endfacet
  facet normal -0.970412 -0.100251 0.219660
    outer loop
      vertex 74.543299 77.492903 28.050437
      vertex 74.807041 74.939936 28.050437
      vertex 75.329403 75.096735 30.429689
    endloop
  endfacet
  facet normal -0.970411 -0.100245 0.219667
    outer loop
      vertex 74.543299 77.492903 28.050437
      vertex 75.329403 75.096735 30.429689
      vertex 75.046312 77.836997 30.429603
    endloop
  endfacet
  facet normal 0.968657 0.121730 -0.216530
    outer loop
      vertex 75.621037 78.230147 28.784588
      vertex 75.271473 81.011777 28.784588
      vertex 75.751310 81.531124 31.223129
    endloop
  endfacet
  facet normal 0.968660 0.121723 -0.216521
    outer loop
      vertex 75.621037 78.230147 28.784588
      vertex 75.751310 81.531124 31.223129
      vertex 76.122989 78.573515 31.223231
    endloop
  endfacet
  facet normal -0.967411 -0.121573 0.222117
    outer loop
      vertex 74.241217 79.896691 28.050437
      vertex 74.543299 77.492903 28.050437
      vertex 75.046312 77.836997 30.429603
    endloop
  endfacet
  facet normal -0.967410 -0.121565 0.222124
    outer loop
      vertex 74.241217 79.896691 28.050437
      vertex 75.046312 77.836997 30.429603
      vertex 74.722069 80.417135 30.429501
    endloop
  endfacet
  facet normal 0.968011 0.125562 -0.217229
    outer loop
      vertex 75.271473 81.011777 28.784588
      vertex 74.930778 83.638330 28.784588
      vertex 75.389062 84.323844 31.223015
    endloop
  endfacet
  facet normal 0.968015 0.125554 -0.217218
    outer loop
      vertex 75.271473 81.011777 28.784588
      vertex 75.389062 84.323844 31.223015
      vertex 75.751310 81.531124 31.223129
    endloop
  endfacet
  facet normal -0.966758 -0.125400 0.222832
    outer loop
      vertex 73.946801 82.166466 28.050437
      vertex 74.241217 79.896691 28.050437
      vertex 74.722069 80.417135 30.429501
    endloop
  endfacet
  facet normal -0.966758 -0.125389 0.222839
    outer loop
      vertex 73.946801 82.166466 28.050437
      vertex 74.722069 80.417135 30.429501
      vertex 74.406053 82.853429 30.429387
    endloop
  endfacet
  facet normal -0.311993 0.928290 -0.202332
    outer loop
      vertex 74.930778 83.638330 28.784588
      vertex 72.207105 82.722920 28.784588
      vertex 72.493076 83.350521 31.223032
    endloop
  endfacet
  facet normal -0.311994 0.928289 -0.202333
    outer loop
      vertex 74.930778 83.638330 28.784588
      vertex 72.493076 83.350521 31.223032
      vertex 75.389062 84.323844 31.223015
    endloop
  endfacet
  facet normal 0.311641 -0.927245 0.207596
    outer loop
      vertex 71.593098 81.375400 28.050437
      vertex 73.946801 82.166466 28.050437
      vertex 74.406053 82.853429 30.429387
    endloop
  endfacet
  facet normal 0.311643 -0.927245 0.207595
    outer loop
      vertex 71.593098 81.375400 28.050437
      vertex 74.406053 82.853429 30.429387
      vertex 71.879674 82.004328 30.429404
    endloop
  endfacet
  facet normal -0.312850 0.928038 -0.202166
    outer loop
      vertex 72.207105 82.722920 28.784588
      vertex 69.302802 81.743852 28.784588
      vertex 69.405034 82.309513 31.223039
    endloop
  endfacet
  facet normal -0.312851 0.928037 -0.202166
    outer loop
      vertex 72.207105 82.722920 28.784588
      vertex 69.405034 82.309513 31.223039
      vertex 72.493076 83.350521 31.223032
    endloop
  endfacet
  facet normal 0.312499 -0.926995 0.207425
    outer loop
      vertex 69.083301 80.529324 28.050437
      vertex 71.593098 81.375400 28.050437
      vertex 71.879674 82.004328 30.429404
    endloop
  endfacet
  facet normal 0.312499 -0.926995 0.207425
    outer loop
      vertex 69.083301 80.529324 28.050437
      vertex 71.879674 82.004328 30.429404
      vertex 69.185749 81.096181 30.429411
    endloop
  endfacet
  facet normal -0.334562 0.920989 -0.199621
    outer loop
      vertex 69.302802 81.743852 28.784588
      vertex 66.216184 80.622596 28.784588
      vertex 66.123142 81.117321 31.223036
    endloop
  endfacet
  facet normal -0.334561 0.920989 -0.199620
    outer loop
      vertex 69.302802 81.743852 28.784588
      vertex 66.123142 81.117321 31.223036
      vertex 69.405034 82.309513 31.223039
    endloop
  endfacet
  facet normal 0.334195 -0.919980 0.204819
    outer loop
      vertex 66.415953 79.560374 28.050437
      vertex 69.083301 80.529324 28.050437
      vertex 69.185749 81.096181 30.429411
    endloop
  endfacet
  facet normal 0.334195 -0.919980 0.204819
    outer loop
      vertex 66.415953 79.560374 28.050437
      vertex 69.185749 81.096181 30.429411
      vertex 66.322715 80.056145 30.429408
    endloop
  endfacet
  facet normal -0.384160 0.901866 -0.197634
    outer loop
      vertex 66.216184 80.622596 28.784588
      vertex 63.088425 79.290290 28.784588
      vertex 62.797506 79.700727 31.223024
    endloop
  endfacet
  facet normal -0.384160 0.901866 -0.197633
    outer loop
      vertex 66.216184 80.622596 28.784588
      vertex 62.797506 79.700727 31.223024
      vertex 66.123142 81.117321 31.223036
    endloop
  endfacet
  facet normal 0.383748 -0.900897 0.202785
    outer loop
      vertex 63.713053 78.409042 28.050437
      vertex 66.415953 79.560374 28.050437
      vertex 66.322715 80.056145 30.429408
    endloop
  endfacet
  facet normal 0.383747 -0.900897 0.202786
    outer loop
      vertex 63.713053 78.409042 28.050437
      vertex 66.322715 80.056145 30.429408
      vertex 63.421520 78.820347 30.429396
    endloop
  endfacet
  facet normal -0.432907 0.879060 -0.199613
    outer loop
      vertex 63.088425 79.290290 28.784588
      vertex 60.136924 77.836777 28.784588
      vertex 59.659280 78.155259 31.223002
    endloop
  endfacet
  facet normal -0.432906 0.879061 -0.199611
    outer loop
      vertex 63.088425 79.290290 28.784588
      vertex 59.659280 78.155259 31.223002
      vertex 62.797506 79.700727 31.223024
    endloop
  endfacet
  facet normal 0.432433 -0.878097 0.204810
    outer loop
      vertex 61.162469 77.152967 28.050437
      vertex 63.713053 78.409042 28.050437
      vertex 63.421520 78.820347 30.429396
    endloop
  endfacet
  facet normal 0.432431 -0.878098 0.204812
    outer loop
      vertex 61.162469 77.152967 28.050437
      vertex 63.421520 78.820347 30.429396
      vertex 60.683816 77.472122 30.429374
    endloop
  endfacet
  facet normal -0.453838 0.867829 -0.202249
    outer loop
      vertex 60.136924 77.836777 28.784588
      vertex 57.415165 76.413412 28.784588
      vertex 56.765331 76.641846 31.222969
    endloop
  endfacet
  facet normal -0.453836 0.867830 -0.202246
    outer loop
      vertex 60.136924 77.836777 28.784588
      vertex 56.765331 76.641846 31.222969
      vertex 59.659280 78.155259 31.223002
    endloop
  endfacet
  facet normal 0.453328 -0.866853 0.207507
    outer loop
      vertex 58.810420 75.922945 28.050437
      vertex 61.162469 77.152967 28.050437
      vertex 60.683816 77.472122 30.429374
    endloop
  endfacet
  facet normal 0.453325 -0.866854 0.207510
    outer loop
      vertex 58.810420 75.922945 28.050437
      vertex 60.683816 77.472122 30.429374
      vertex 58.159212 76.151861 30.429341
    endloop
  endfacet
  facet normal -0.454973 0.867177 -0.202494
    outer loop
      vertex 57.415165 76.413412 28.784588
      vertex 54.866232 75.076088 28.784588
      vertex 54.055141 75.219916 31.222923
    endloop
  endfacet
  facet normal -0.454971 0.867179 -0.202490
    outer loop
      vertex 57.415165 76.413412 28.784588
      vertex 54.055141 75.219916 31.222923
      vertex 56.765331 76.641846 31.222969
    endloop
  endfacet
  facet normal 0.454461 -0.866200 0.207758
    outer loop
      vertex 56.607722 74.767276 28.050437
      vertex 58.810420 75.922945 28.050437
      vertex 58.159212 76.151861 30.429341
    endloop
  endfacet
  facet normal 0.454457 -0.866201 0.207761
    outer loop
      vertex 56.607722 74.767276 28.050437
      vertex 58.159212 76.151861 30.429341
      vertex 55.794916 74.911408 30.429296
    endloop
  endfacet
  facet normal -0.449325 0.870506 -0.200816
    outer loop
      vertex 54.866232 75.076088 28.784588
      vertex 52.436139 73.821759 28.784588
      vertex 51.471309 73.886233 31.222868
    endloop
  endfacet
  facet normal -0.449322 0.870508 -0.200811
    outer loop
      vertex 54.866232 75.076088 28.784588
      vertex 51.471309 73.886233 31.222868
      vertex 54.055141 75.219916 31.222923
    endloop
  endfacet
  facet normal 0.448827 -0.869541 0.206039
    outer loop
      vertex 54.507720 73.683329 28.050437
      vertex 56.607722 74.767276 28.050437
      vertex 55.794916 74.911408 30.429296
    endloop
  endfacet
  facet normal 0.448823 -0.869543 0.206042
    outer loop
      vertex 54.507720 73.683329 28.050437
      vertex 55.794916 74.911408 30.429296
      vertex 53.540850 73.747938 30.429240
    endloop
  endfacet
  facet normal -0.525918 -0.829914 -0.186155
    outer loop
      vertex 52.436139 73.821759 28.784588
      vertex 54.955268 72.225383 28.784588
      vertex 54.149809 72.188862 31.222949
    endloop
  endfacet
  facet normal -0.525913 -0.829916 -0.186160
    outer loop
      vertex 52.436139 73.821759 28.784588
      vertex 54.149809 72.188862 31.222949
      vertex 51.471309 73.886233 31.222868
    endloop
  endfacet
  facet normal 0.525416 0.829122 0.191037
    outer loop
      vertex 56.684663 72.303796 28.050437
      vertex 54.507720 73.683329 28.050437
      vertex 53.540850 73.747938 30.429240
    endloop
  endfacet
  facet normal 0.525412 0.829126 0.191029
    outer loop
      vertex 56.684663 72.303796 28.050437
      vertex 53.540850 73.747938 30.429240
      vertex 55.877502 72.267198 30.429321
    endloop
  endfacet
  facet normal -0.533023 -0.824854 -0.188421
    outer loop
      vertex 54.955268 72.225383 28.784588
      vertex 57.606088 70.512416 28.784588
      vertex 56.968333 70.367525 31.223025
    endloop
  endfacet
  facet normal -0.533019 -0.824856 -0.188425
    outer loop
      vertex 54.955268 72.225383 28.784588
      vertex 56.968333 70.367525 31.223025
      vertex 54.149809 72.188862 31.222949
    endloop
  endfacet
  facet normal 0.532502 0.824048 0.193357
    outer loop
      vertex 58.975410 70.823510 28.050437
      vertex 56.684663 72.303796 28.050437
      vertex 55.877502 72.267198 30.429321
    endloop
  endfacet
  facet normal 0.532498 0.824052 0.193350
    outer loop
      vertex 58.975410 70.823510 28.050437
      vertex 55.877502 72.267198 30.429321
      vertex 58.336306 70.678313 30.429398
    endloop
  endfacet
  facet normal -0.532892 -0.824946 -0.188386
    outer loop
      vertex 57.606088 70.512416 28.784588
      vertex 60.465526 68.665299 28.784588
      vertex 60.008671 68.403552 31.223098
    endloop
  endfacet
  facet normal -0.532889 -0.824948 -0.188391
    outer loop
      vertex 57.606088 70.512416 28.784588
      vertex 60.008671 68.403552 31.223098
      vertex 56.968333 70.367525 31.223025
    endloop
  endfacet
  facet normal 0.532372 0.824140 0.193321
    outer loop
      vertex 61.446436 69.227297 28.050437
      vertex 58.975410 70.823510 28.050437
      vertex 58.336306 70.678313 30.429398
    endloop
  endfacet
  facet normal 0.532369 0.824144 0.193315
    outer loop
      vertex 61.446436 69.227297 28.050437
      vertex 58.336306 70.678313 30.429398
      vertex 60.988615 68.964995 30.429470
    endloop
  endfacet
  facet normal -0.506379 -0.842175 -0.185263
    outer loop
      vertex 60.465526 68.665299 28.784588
      vertex 63.624125 66.766111 28.784588
      vertex 63.367098 66.384212 31.223167
    endloop
  endfacet
  facet normal -0.506376 -0.842175 -0.185268
    outer loop
      vertex 60.465526 68.665299 28.784588
      vertex 63.367098 66.384212 31.223167
      vertex 60.008671 68.403552 31.223098
    endloop
  endfacet
  facet normal 0.505900 0.841379 0.190122
    outer loop
      vertex 64.175987 67.586084 28.050437
      vertex 61.446436 69.227297 28.050437
      vertex 60.988615 68.964995 30.429470
    endloop
  endfacet
  facet normal 0.505898 0.841382 0.190116
    outer loop
      vertex 64.175987 67.586084 28.050437
      vertex 60.988615 68.964995 30.429470
      vertex 63.918416 67.203378 30.429539
    endloop
  endfacet
  facet normal -0.447282 -0.875218 -0.184204
    outer loop
      vertex 63.624125 66.766111 28.784588
      vertex 66.963820 65.059353 28.784588
      vertex 66.918077 64.569477 31.223231
    endloop
  endfacet
  facet normal -0.447279 -0.875219 -0.184209
    outer loop
      vertex 63.624125 66.766111 28.784588
      vertex 66.918077 64.569477 31.223231
      vertex 63.367098 66.384212 31.223167
    endloop
  endfacet
  facet normal 0.446864 0.874401 0.189037
    outer loop
      vertex 67.062034 66.111164 28.050437
      vertex 64.175987 67.586084 28.050437
      vertex 63.918416 67.203378 30.429539
    endloop
  endfacet
  facet normal 0.446862 0.874403 0.189032
    outer loop
      vertex 67.062034 66.111164 28.050437
      vertex 63.918416 67.203378 30.429539
      vertex 67.016195 65.620252 30.429603
    endloop
  endfacet
  facet normal -0.403979 -0.895360 -0.187434
    outer loop
      vertex 66.963820 65.059353 28.784588
      vertex 70.163796 63.615550 28.784588
      vertex 70.320498 63.034333 31.223284
    endloop
  endfacet
  facet normal -0.403976 -0.895360 -0.187438
    outer loop
      vertex 66.963820 65.059353 28.784588
      vertex 70.320498 63.034333 31.223284
      vertex 66.918077 64.569477 31.223231
    endloop
  endfacet
  facet normal 0.403588 0.894494 0.192344
    outer loop
      vertex 69.827342 64.863480 28.050437
      vertex 67.062034 66.111164 28.050437
      vertex 67.016195 65.620252 30.429603
    endloop
  endfacet
  facet normal 0.403586 0.894496 0.192340
    outer loop
      vertex 69.827342 64.863480 28.050437
      vertex 67.016195 65.620252 30.429603
      vertex 69.984375 64.281033 30.429656
    endloop
  endfacet
  facet normal -0.396250 -0.898545 -0.188687
    outer loop
      vertex 70.163796 63.615550 28.784588
      vertex 73.125337 62.309541 28.784588
      vertex 73.469399 61.645699 31.223326
    endloop
  endfacet
  facet normal -0.396247 -0.898546 -0.188690
    outer loop
      vertex 70.163796 63.615550 28.784588
      vertex 73.469399 61.645699 31.223326
      vertex 70.320498 63.034333 31.223284
    endloop
  endfacet
  facet normal 0.395861 0.897665 0.193626
    outer loop
      vertex 72.386602 63.734872 28.050437
      vertex 69.827342 64.863480 28.050437
      vertex 69.984375 64.281033 30.429656
    endloop
  endfacet
  facet normal 0.395859 0.897667 0.193623
    outer loop
      vertex 72.386602 63.734872 28.050437
      vertex 69.984375 64.281033 30.429656
      vertex 72.731392 63.069627 30.429698
    endloop
  endfacet
  facet normal -0.402877 -0.895939 -0.187040
    outer loop
      vertex 73.125337 62.309541 28.784588
      vertex 75.896379 61.063486 28.784588
      vertex 76.415751 60.320813 31.223358
    endloop
  endfacet
  facet normal -0.402875 -0.895939 -0.187043
    outer loop
      vertex 73.125337 62.309541 28.784588
      vertex 76.415751 60.320813 31.223358
      vertex 73.469399 61.645699 31.223326
    endloop
  endfacet
  facet normal 0.402489 0.895077 0.191938
    outer loop
      vertex 74.781240 62.658075 28.050437
      vertex 72.386602 63.734872 28.050437
      vertex 72.731392 63.069627 30.429698
    endloop
  endfacet
  facet normal 0.402487 0.895078 0.191937
    outer loop
      vertex 74.781240 62.658075 28.050437
      vertex 72.731392 63.069627 30.429698
      vertex 75.301709 61.913832 30.429730
    endloop
  endfacet
  facet normal 0.978803 -0.029565 -0.202660
    outer loop
      vertex 76.415751 60.320813 31.223358
      vertex 76.498150 63.048559 31.223396
      vertex 76.986988 62.507415 33.663324
    endloop
  endfacet
  facet normal 0.978772 -0.029360 -0.202836
    outer loop
      vertex 76.415751 60.320813 31.223358
      vertex 76.986988 62.507415 33.663324
      vertex 76.900018 59.628337 33.660395
    endloop
  endfacet
  facet normal -0.977947 0.029538 0.206753
    outer loop
      vertex 75.373592 64.293444 30.429769
      vertex 75.301709 61.913832 30.429730
      vertex 75.785037 61.222699 32.814619
    endloop
  endfacet
  facet normal -0.978015 0.029305 0.206464
    outer loop
      vertex 75.373592 64.293444 30.429769
      vertex 75.785037 61.222699 32.814619
      vertex 75.861482 63.753350 32.817548
    endloop
  endfacet
  facet normal 0.978674 -0.031613 -0.202970
    outer loop
      vertex 76.498150 63.048559 31.223396
      vertex 76.590873 65.919007 31.223415
      vertex 77.084856 65.537112 33.664763
    endloop
  endfacet
  facet normal 0.978658 -0.031517 -0.203064
    outer loop
      vertex 76.498150 63.048559 31.223396
      vertex 77.084856 65.537112 33.664763
      vertex 76.986988 62.507415 33.663324
    endloop
  endfacet
  facet normal -0.977843 0.031585 0.206945
    outer loop
      vertex 75.454481 66.797546 30.429788
      vertex 75.373592 64.293444 30.429769
      vertex 75.861482 63.753350 32.817548
    endloop
  endfacet
  facet normal -0.977874 0.031476 0.206811
    outer loop
      vertex 75.454481 66.797546 30.429788
      vertex 75.861482 63.753350 32.817548
      vertex 75.947506 66.416391 32.818986
    endloop
  endfacet
  facet normal 0.979190 -0.022564 -0.201687
    outer loop
      vertex 76.590873 65.919007 31.223415
      vertex 76.661054 68.964580 31.223411
      vertex 77.158931 68.751648 33.664419
    endloop
  endfacet
  facet normal 0.979194 -0.022586 -0.201663
    outer loop
      vertex 76.590873 65.919007 31.223415
      vertex 77.158931 68.751648 33.664419
      vertex 77.084856 65.537112 33.664763
    endloop
  endfacet
  facet normal -0.978398 0.022546 0.205495
    outer loop
      vertex 75.515705 69.454421 30.429783
      vertex 75.454481 66.797546 30.429788
      vertex 75.947506 66.416391 32.818986
    endloop
  endfacet
  facet normal -0.978392 0.022571 0.205525
    outer loop
      vertex 75.515705 69.454421 30.429783
      vertex 75.947506 66.416391 32.818986
      vertex 76.012616 69.241903 32.818642
    endloop
  endfacet
  facet normal 0.979889 0.007553 -0.199402
    outer loop
      vertex 76.661054 68.964580 31.223411
      vertex 76.636302 72.174840 31.223378
      vertex 77.132805 72.140009 33.661949
    endloop
  endfacet
  facet normal 0.979926 0.007410 -0.199223
    outer loop
      vertex 76.661054 68.964580 31.223411
      vertex 77.132805 72.140009 33.661949
      vertex 77.158931 68.751648 33.664419
    endloop
  endfacet
  facet normal -0.979149 -0.007547 0.203003
    outer loop
      vertex 75.494112 72.254965 30.429750
      vertex 75.515705 69.454421 30.429783
      vertex 76.012616 69.241903 32.818642
    endloop
  endfacet
  facet normal -0.979109 -0.007381 0.203204
    outer loop
      vertex 75.494112 72.254965 30.429750
      vertex 76.012616 69.241903 32.818642
      vertex 75.989652 72.220203 32.816173
    endloop
  endfacet
  facet normal 0.978404 0.056704 -0.198773
    outer loop
      vertex 76.636302 72.174840 31.223378
      vertex 76.447497 75.432356 31.223316
      vertex 76.933525 75.578248 33.657267
    endloop
  endfacet
  facet normal 0.978491 0.056443 -0.198419
    outer loop
      vertex 76.636302 72.174840 31.223378
      vertex 76.933525 75.578248 33.657267
      vertex 77.132805 72.140009 33.661949
    endloop
  endfacet
  facet normal -0.977705 -0.056663 0.202195
    outer loop
      vertex 75.329403 75.096735 30.429689
      vertex 75.494112 72.254965 30.429750
      vertex 75.989652 72.220203 32.816173
    endloop
  endfacet
  facet normal -0.977648 -0.056351 0.202556
    outer loop
      vertex 75.329403 75.096735 30.429689
      vertex 75.989652 72.220203 32.816173
      vertex 75.814489 75.242344 32.811490
    endloop
  endfacet
  facet normal 0.974379 0.100656 -0.201132
    outer loop
      vertex 76.447497 75.432356 31.223316
      vertex 76.122989 78.573515 31.223231
      vertex 76.591014 78.893675 33.650796
    endloop
  endfacet
  facet normal 0.974525 0.100285 -0.200611
    outer loop
      vertex 76.447497 75.432356 31.223316
      vertex 76.591014 78.893675 33.650796
      vertex 76.933525 75.578248 33.657267
    endloop
  endfacet
  facet normal -0.973694 -0.100584 0.204455
    outer loop
      vertex 75.046312 77.836997 30.429603
      vertex 75.329403 75.096735 30.429689
      vertex 75.814489 75.242344 32.811490
    endloop
  endfacet
  facet normal -0.973641 -0.100130 0.204932
    outer loop
      vertex 75.046312 77.836997 30.429603
      vertex 75.814489 75.242344 32.811490
      vertex 75.513429 78.156536 32.805020
    endloop
  endfacet
  facet normal 0.971331 0.122059 -0.204005
    outer loop
      vertex 76.122989 78.573515 31.223231
      vertex 75.751310 81.531124 31.223129
      vertex 76.198715 82.015368 33.643090
    endloop
  endfacet
  facet normal 0.971529 0.121589 -0.203343
    outer loop
      vertex 76.122989 78.573515 31.223231
      vertex 76.198715 82.015368 33.643090
      vertex 76.591014 78.893675 33.650796
    endloop
  endfacet
  facet normal -0.970648 -0.121972 0.207282
    outer loop
      vertex 74.722069 80.417135 30.429501
      vertex 75.046312 77.836997 30.429603
      vertex 75.513429 78.156536 32.805020
    endloop
  endfacet
  facet normal -0.970605 -0.121391 0.207821
    outer loop
      vertex 74.722069 80.417135 30.429501
      vertex 75.513429 78.156536 32.805020
      vertex 75.168606 80.900440 32.797313
    endloop
  endfacet
  facet normal 0.970559 0.125884 -0.205348
    outer loop
      vertex 75.751310 81.531124 31.223129
      vertex 75.389062 84.323844 31.223015
      vertex 75.816369 84.963025 33.634482
    endloop
  endfacet
  facet normal 0.970798 0.125326 -0.204560
    outer loop
      vertex 75.751310 81.531124 31.223129
      vertex 75.816369 84.963025 33.634482
      vertex 76.198715 82.015368 33.643090
    endloop
  endfacet
  facet normal -0.969881 -0.125795 0.208583
    outer loop
      vertex 74.406053 82.853429 30.429387
      vertex 74.722069 80.417135 30.429501
      vertex 75.168606 80.900440 32.797313
    endloop
  endfacet
  facet normal -0.969850 -0.125106 0.209141
    outer loop
      vertex 74.406053 82.853429 30.429387
      vertex 75.168606 80.900440 32.797313
      vertex 74.832532 83.491370 32.788706
    endloop
  endfacet
  facet normal -0.312711 0.930425 -0.191103
    outer loop
      vertex 75.389062 84.323844 31.223015
      vertex 72.493076 83.350521 31.223032
      vertex 72.759719 83.935703 33.635790
    endloop
  endfacet
  facet normal -0.312779 0.930386 -0.191183
    outer loop
      vertex 75.389062 84.323844 31.223015
      vertex 72.759719 83.935703 33.635790
      vertex 75.816369 84.963025 33.634482
    endloop
  endfacet
  facet normal 0.312473 -0.929717 0.194904
    outer loop
      vertex 71.879674 82.004328 30.429404
      vertex 74.406053 82.853429 30.429387
      vertex 74.832532 83.491370 32.788706
    endloop
  endfacet
  facet normal 0.312565 -0.929711 0.194786
    outer loop
      vertex 71.879674 82.004328 30.429404
      vertex 74.832532 83.491370 32.788706
      vertex 72.145799 82.588375 32.790014
    endloop
  endfacet
  facet normal -0.313572 0.930176 -0.190907
    outer loop
      vertex 72.493076 83.350521 31.223032
      vertex 69.405034 82.309513 31.223039
      vertex 69.500356 82.836941 33.636318
    endloop
  endfacet
  facet normal -0.313597 0.930160 -0.190941
    outer loop
      vertex 72.493076 83.350521 31.223032
      vertex 69.500356 82.836941 33.636318
      vertex 72.759719 83.935703 33.635790
    endloop
  endfacet
  facet normal 0.313337 -0.929481 0.194642
    outer loop
      vertex 69.185749 81.096181 30.429411
      vertex 71.879674 82.004328 30.429404
      vertex 72.145799 82.588375 32.790014
    endloop
  endfacet
  facet normal 0.313372 -0.929478 0.194597
    outer loop
      vertex 69.185749 81.096181 30.429411
      vertex 72.145799 82.588375 32.790014
      vertex 69.280886 81.622586 32.790541
    endloop
  endfacet
  facet normal -0.335312 0.923055 -0.188509
    outer loop
      vertex 69.405034 82.309513 31.223039
      vertex 66.123142 81.117321 31.223036
      vertex 66.036389 81.578608 33.636090
    endloop
  endfacet
  facet normal -0.335302 0.923062 -0.188493
    outer loop
      vertex 69.405034 82.309513 31.223039
      vertex 66.036389 81.578608 33.636090
      vertex 69.500356 82.836941 33.636318
    endloop
  endfacet
  facet normal 0.335071 -0.922393 0.192143
    outer loop
      vertex 66.322715 80.056145 30.429408
      vertex 69.185749 81.096181 30.429411
      vertex 69.280886 81.622586 32.790541
    endloop
  endfacet
  facet normal 0.335058 -0.922394 0.192161
    outer loop
      vertex 66.322715 80.056145 30.429408
      vertex 69.280886 81.622586 32.790541
      vertex 66.236130 80.516537 32.790314
    endloop
  endfacet
  facet normal -0.385000 0.903837 -0.186691
    outer loop
      vertex 66.123142 81.117321 31.223036
      vertex 62.797506 79.700727 31.223024
      vertex 62.526251 80.083423 33.635183
    endloop
  endfacet
  facet normal -0.384964 0.903866 -0.186626
    outer loop
      vertex 66.123142 81.117321 31.223036
      vertex 62.526251 80.083423 33.635183
      vertex 66.036389 81.578608 33.636090
    endloop
  endfacet
  facet normal 0.384732 -0.903210 0.190242
    outer loop
      vertex 63.421520 78.820347 30.429396
      vertex 66.322715 80.056145 30.429408
      vertex 66.236130 80.516537 32.790314
    endloop
  endfacet
  facet normal 0.384681 -0.903218 0.190309
    outer loop
      vertex 63.421520 78.820347 30.429396
      vertex 66.236130 80.516537 32.790314
      vertex 63.150791 79.202301 32.789406
    endloop
  endfacet
  facet normal -0.433861 0.881000 -0.188691
    outer loop
      vertex 62.797506 79.700727 31.223024
      vertex 59.659280 78.155259 31.223002
      vertex 59.213920 78.452215 33.633521
    endloop
  endfacet
  facet normal -0.433796 0.881059 -0.188564
    outer loop
      vertex 62.797506 79.700727 31.223024
      vertex 59.213920 78.452215 33.633521
      vertex 62.526251 80.083423 33.635183
    endloop
  endfacet
  facet normal 0.433558 -0.880386 0.192221
    outer loop
      vertex 60.683816 77.472122 30.429374
      vertex 63.421520 78.820347 30.429396
      vertex 63.150791 79.202301 32.789406
    endloop
  endfacet
  facet normal 0.433461 -0.880408 0.192339
    outer loop
      vertex 60.683816 77.472122 30.429374
      vertex 63.150791 79.202301 32.789406
      vertex 60.239320 77.768502 32.787744
    endloop
  endfacet
  facet normal -0.454847 0.869763 -0.191383
    outer loop
      vertex 59.659280 78.155259 31.223002
      vertex 56.765331 76.641846 31.222969
      vertex 56.159418 76.854839 33.630979
    endloop
  endfacet
  facet normal -0.454742 0.869863 -0.191177
    outer loop
      vertex 59.659280 78.155259 31.223002
      vertex 56.159418 76.854839 33.630979
      vertex 59.213920 78.452215 33.633521
    endloop
  endfacet
  facet normal 0.454526 -0.869150 0.194895
    outer loop
      vertex 58.159212 76.151861 30.429341
      vertex 60.683816 77.472122 30.429374
      vertex 60.239320 77.768502 32.787744
    endloop
  endfacet
  facet normal 0.454368 -0.869195 0.195065
    outer loop
      vertex 58.159212 76.151861 30.429341
      vertex 60.239320 77.768502 32.787744
      vertex 57.554475 76.364441 32.785202
    endloop
  endfacet
  facet normal -0.455964 0.869070 -0.191870
    outer loop
      vertex 56.765331 76.641846 31.222969
      vertex 54.055141 75.219916 31.222923
      vertex 53.298871 75.354023 33.627573
    endloop
  endfacet
  facet normal -0.455814 0.869213 -0.191577
    outer loop
      vertex 56.765331 76.641846 31.222969
      vertex 53.298871 75.354023 33.627573
      vertex 56.159418 76.854839 33.630979
    endloop
  endfacet
  facet normal 0.455646 -0.868466 0.195328
    outer loop
      vertex 55.794916 74.911408 30.429296
      vertex 58.159212 76.151861 30.429341
      vertex 57.554475 76.364441 32.785202
    endloop
  endfacet
  facet normal 0.455422 -0.868537 0.195538
    outer loop
      vertex 55.794916 74.911408 30.429296
      vertex 57.554475 76.364441 32.785202
      vertex 55.040113 75.045255 32.781796
    endloop
  endfacet
  facet normal -0.450258 0.872322 -0.190584
    outer loop
      vertex 54.055141 75.219916 31.222923
      vertex 51.471309 73.886233 31.222868
      vertex 50.571691 73.946348 33.623389
    endloop
  endfacet
  facet normal -0.450064 0.872504 -0.190206
    outer loop
      vertex 54.055141 75.219916 31.222923
      vertex 50.571691 73.946348 33.623389
      vertex 53.298871 75.354023 33.627573
    endloop
  endfacet
  facet normal 0.449954 -0.871733 0.193966
    outer loop
      vertex 53.540850 73.747938 30.429240
      vertex 55.794916 74.911408 30.429296
      vertex 55.040113 75.045255 32.781796
    endloop
  endfacet
  facet normal 0.449668 -0.871828 0.194200
    outer loop
      vertex 53.540850 73.747938 30.429240
      vertex 55.040113 75.045255 32.781796
      vertex 52.642978 73.807937 32.777612
    endloop
  endfacet
  facet normal -0.526896 -0.831466 -0.176196
    outer loop
      vertex 51.471309 73.886233 31.222868
      vertex 54.149809 72.188862 31.222949
      vertex 53.398791 72.154810 33.629488
    endloop
  endfacet
  facet normal -0.526597 -0.831586 -0.176522
    outer loop
      vertex 51.471309 73.886233 31.222868
      vertex 53.398791 72.154810 33.629488
      vertex 50.571691 73.946348 33.623389
    endloop
  endfacet
  facet normal 0.526519 0.830872 0.180080
    outer loop
      vertex 55.877502 72.267198 30.429321
      vertex 53.540850 73.747938 30.429240
      vertex 52.642978 73.807937 32.777612
    endloop
  endfacet
  facet normal 0.526262 0.831152 0.179542
    outer loop
      vertex 55.877502 72.267198 30.429321
      vertex 52.642978 73.807937 32.777612
      vertex 55.127941 72.233212 32.783712
    endloop
  endfacet
  facet normal -0.534079 -0.826496 -0.177945
    outer loop
      vertex 54.149809 72.188862 31.222949
      vertex 56.968333 70.367525 31.223025
      vertex 56.373683 70.232427 33.635276
    endloop
  endfacet
  facet normal -0.533804 -0.826600 -0.178283
    outer loop
      vertex 54.149809 72.188862 31.222949
      vertex 56.373683 70.232427 33.635276
      vertex 53.398791 72.154810 33.629488
    endloop
  endfacet
  facet normal 0.533693 0.825899 0.181832
    outer loop
      vertex 58.336306 70.678313 30.429398
      vertex 55.877502 72.267198 30.429321
      vertex 55.127941 72.233212 32.783712
    endloop
  endfacet
  facet normal 0.533462 0.826154 0.181349
    outer loop
      vertex 58.336306 70.678313 30.429398
      vertex 55.127941 72.233212 32.783712
      vertex 57.742809 70.543477 32.789500
    endloop
  endfacet
  facet normal -0.533985 -0.826645 -0.177532
    outer loop
      vertex 56.968333 70.367525 31.223025
      vertex 60.008671 68.403552 31.223098
      vertex 59.582695 68.159496 33.640761
    endloop
  endfacet
  facet normal -0.533740 -0.826730 -0.177874
    outer loop
      vertex 56.968333 70.367525 31.223025
      vertex 59.582695 68.159496 33.640761
      vertex 56.373683 70.232427 33.635276
    endloop
  endfacet
  facet normal 0.533604 0.826056 0.181379
    outer loop
      vertex 60.988615 68.964995 30.429470
      vertex 58.336306 70.678313 30.429398
      vertex 57.742809 70.543477 32.789500
    endloop
  endfacet
  facet normal 0.533402 0.826280 0.180951
    outer loop
      vertex 60.988615 68.964995 30.429470
      vertex 57.742809 70.543477 32.789500
      vertex 60.563465 68.721413 32.794985
    endloop
  endfacet
  facet normal -0.507416 -0.843905 -0.174222
    outer loop
      vertex 60.008671 68.403552 31.223098
      vertex 63.367098 66.384212 31.223167
      vertex 63.127443 66.028125 33.645977
    endloop
  endfacet
  facet normal -0.507199 -0.843965 -0.174561
    outer loop
      vertex 60.008671 68.403552 31.223098
      vertex 63.127443 66.028125 33.645977
      vertex 59.582695 68.159496 33.640761
    endloop
  endfacet
  facet normal 0.507070 0.843330 0.177974
    outer loop
      vertex 63.918416 67.203378 30.429539
      vertex 60.988615 68.964995 30.429470
      vertex 60.563465 68.721413 32.794985
    endloop
  endfacet
  facet normal 0.506889 0.843518 0.177598
    outer loop
      vertex 63.918416 67.203378 30.429539
      vertex 60.563465 68.721413 32.794985
      vertex 63.679226 66.847982 32.800201
    endloop
  endfacet
  facet normal -0.448213 -0.877047 -0.172899
    outer loop
      vertex 63.367098 66.384212 31.223167
      vertex 66.918077 64.569477 31.223231
      vertex 66.875426 64.112711 33.650784
    endloop
  endfacet
  facet normal -0.448014 -0.877085 -0.173223
    outer loop
      vertex 63.367098 66.384212 31.223167
      vertex 66.875426 64.112711 33.650784
      vertex 63.127443 66.028125 33.645977
    endloop
  endfacet
  facet normal 0.447915 0.876464 0.176587
    outer loop
      vertex 67.016195 65.620252 30.429603
      vertex 63.918416 67.203378 30.429539
      vertex 63.679226 66.847982 32.800201
    endloop
  endfacet
  facet normal 0.447741 0.876619 0.176261
    outer loop
      vertex 67.016195 65.620252 30.429603
      vertex 63.679226 66.847982 32.800201
      vertex 66.973626 65.164372 32.805007
    endloop
  endfacet
  facet normal -0.404870 -0.897341 -0.175668
    outer loop
      vertex 66.918077 64.569477 31.223231
      vertex 70.320498 63.034333 31.223284
      vertex 70.466609 62.492399 33.654816
    endloop
  endfacet
  facet normal -0.404687 -0.897367 -0.175958
    outer loop
      vertex 66.918077 64.569477 31.223231
      vertex 70.466609 62.492399 33.654816
      vertex 66.875426 64.112711 33.650784
    endloop
  endfacet
  facet normal 0.404597 0.896736 0.179349
    outer loop
      vertex 69.984375 64.281033 30.429656
      vertex 67.016195 65.620252 30.429603
      vertex 66.973626 65.164372 32.805007
    endloop
  endfacet
  facet normal 0.404429 0.896864 0.179089
    outer loop
      vertex 69.984375 64.281033 30.429656
      vertex 66.973626 65.164372 32.805007
      vertex 70.130202 63.740151 32.809040
    endloop
  endfacet
  facet normal -0.397151 -0.900596 -0.176631
    outer loop
      vertex 70.320498 63.034333 31.223284
      vertex 73.469399 61.645699 31.223326
      vertex 73.790207 61.026726 33.657982
    endloop
  endfacet
  facet normal -0.396995 -0.900617 -0.176872
    outer loop
      vertex 70.320498 63.034333 31.223284
      vertex 73.790207 61.026726 33.657982
      vertex 70.466609 62.492399 33.654816
    endloop
  endfacet
  facet normal 0.396885 0.899993 0.180262
    outer loop
      vertex 72.731392 63.069627 30.429698
      vertex 69.984375 64.281033 30.429656
      vertex 70.130202 63.740151 32.809040
    endloop
  endfacet
  facet normal 0.396738 0.900096 0.180073
    outer loop
      vertex 72.731392 63.069627 30.429698
      vertex 70.130202 63.740151 32.809040
      vertex 73.051577 62.451854 32.812206
    endloop
  endfacet
  facet normal -0.403790 -0.897974 -0.174919
    outer loop
      vertex 73.469399 61.645699 31.223326
      vertex 76.415751 60.320813 31.223358
      vertex 76.900018 59.628337 33.660395
    endloop
  endfacet
  facet normal -0.403664 -0.897993 -0.175111
    outer loop
      vertex 73.469399 61.645699 31.223326
      vertex 76.900018 59.628337 33.660395
      vertex 73.790207 61.026726 33.657982
    endloop
  endfacet
  facet normal 0.403529 0.897394 0.178460
    outer loop
      vertex 75.301709 61.913832 30.429730
      vertex 72.731392 63.069627 30.429698
      vertex 73.051577 62.451854 32.812206
    endloop
  endfacet
  facet normal 0.403410 0.897474 0.178329
    outer loop
      vertex 75.301709 61.913832 30.429730
      vertex 73.051577 62.451854 32.812206
      vertex 75.785037 61.222699 32.814619
    endloop
  endfacet
  facet normal 0.983594 -0.029531 -0.177965
    outer loop
      vertex 76.900018 59.628337 33.660395
      vertex 76.986988 62.507415 33.663324
      vertex 77.414221 62.034468 36.103067
    endloop
  endfacet
  facet normal 0.983544 -0.029184 -0.178297
    outer loop
      vertex 76.900018 59.628337 33.660395
      vertex 77.414221 62.034468 36.103067
      vertex 77.323256 59.023130 36.094172
    endloop
  endfacet
  facet normal -0.982884 0.029480 0.181854
    outer loop
      vertex 75.861482 63.753350 32.817548
      vertex 75.785037 61.222699 32.814619
      vertex 76.209142 60.616253 35.205130
    endloop
  endfacet
  facet normal -0.982988 0.029088 0.181354
    outer loop
      vertex 75.861482 63.753350 32.817548
      vertex 76.209142 60.616253 35.205130
      vertex 76.289590 63.279434 35.214025
    endloop
  endfacet
  facet normal 0.983492 -0.031685 -0.178156
    outer loop
      vertex 76.986988 62.507415 33.663324
      vertex 77.084856 65.537112 33.664763
      vertex 77.516584 65.203344 36.107436
    endloop
  endfacet
  facet normal 0.983466 -0.031523 -0.178329
    outer loop
      vertex 76.986988 62.507415 33.663324
      vertex 77.516584 65.203344 36.107436
      vertex 77.414221 62.034468 36.103067
    endloop
  endfacet
  facet normal -0.982820 0.031650 0.181830
    outer loop
      vertex 75.947506 66.416391 32.818986
      vertex 75.861482 63.753350 32.817548
      vertex 76.289590 63.279434 35.214025
    endloop
  endfacet
  facet normal -0.982869 0.031466 0.181597
    outer loop
      vertex 75.947506 66.416391 32.818986
      vertex 76.289590 63.279434 35.214025
      vertex 76.380119 66.081940 35.218394
    endloop
  endfacet
  facet normal 0.983939 -0.022693 -0.177056
    outer loop
      vertex 77.084856 65.537112 33.664763
      vertex 77.158931 68.751648 33.664419
      vertex 77.594062 68.565552 36.106392
    endloop
  endfacet
  facet normal 0.983946 -0.022729 -0.177013
    outer loop
      vertex 77.084856 65.537112 33.664763
      vertex 77.594062 68.565552 36.106392
      vertex 77.516584 65.203344 36.107436
    endloop
  endfacet
  facet normal -0.983322 0.022681 0.180454
    outer loop
      vertex 76.012616 69.241903 32.818642
      vertex 75.947506 66.416391 32.818986
      vertex 76.380119 66.081940 35.218394
    endloop
  endfacet
  facet normal -0.983311 0.022723 0.180507
    outer loop
      vertex 76.012616 69.241903 32.818642
      vertex 76.380119 66.081940 35.218394
      vertex 76.448639 69.055425 35.217349
    endloop
  endfacet
  facet normal 0.984503 0.007463 -0.175211
    outer loop
      vertex 77.158931 68.751648 33.664419
      vertex 77.132805 72.140009 33.661949
      vertex 77.566737 72.109569 36.098891
    endloop
  endfacet
  facet normal 0.984562 0.007221 -0.174887
    outer loop
      vertex 77.158931 68.751648 33.664419
      vertex 77.566737 72.109569 36.098891
      vertex 77.594062 68.565552 36.106392
    endloop
  endfacet
  facet normal -0.983952 -0.007439 0.178279
    outer loop
      vertex 75.989652 72.220203 32.816173
      vertex 76.012616 69.241903 32.818642
      vertex 76.448639 69.055425 35.217349
    endloop
  endfacet
  facet normal -0.983889 -0.007159 0.178636
    outer loop
      vertex 75.989652 72.220203 32.816173
      vertex 76.448639 69.055425 35.217349
      vertex 76.424473 72.189700 35.209849
    endloop
  endfacet
  facet normal 0.982935 0.056733 -0.174986
    outer loop
      vertex 77.132805 72.140009 33.661949
      vertex 76.933525 75.578248 33.657267
      vertex 77.358302 75.705755 36.084672
    endloop
  endfacet
  facet normal 0.983074 0.056290 -0.174347
    outer loop
      vertex 77.132805 72.140009 33.661949
      vertex 77.358302 75.705755 36.084672
      vertex 77.566737 72.109569 36.098891
    endloop
  endfacet
  facet normal -0.982444 -0.056667 0.177743
    outer loop
      vertex 75.814489 75.242344 32.811490
      vertex 75.989652 72.220203 32.816173
      vertex 76.424473 72.189700 35.209849
    endloop
  endfacet
  facet normal -0.982357 -0.056140 0.178391
    outer loop
      vertex 75.814489 75.242344 32.811490
      vertex 76.424473 72.189700 35.209849
      vertex 76.240136 75.370112 35.195630
    endloop
  endfacet
  facet normal 0.978939 0.100786 -0.177543
    outer loop
      vertex 76.933525 75.578248 33.657267
      vertex 76.591014 78.893675 33.650796
      vertex 77.000057 79.173487 36.065023
    endloop
  endfacet
  facet normal 0.979172 0.100156 -0.176608
    outer loop
      vertex 76.933525 75.578248 33.657267
      vertex 77.000057 79.173487 36.065023
      vertex 77.358302 75.705755 36.084672
    endloop
  endfacet
  facet normal -0.978484 -0.100686 0.180087
    outer loop
      vertex 75.513429 78.156536 32.805020
      vertex 75.814489 75.242344 32.811490
      vertex 76.240136 75.370112 35.195630
    endloop
  endfacet
  facet normal -0.978402 -0.099918 0.180957
    outer loop
      vertex 75.513429 78.156536 32.805020
      vertex 76.240136 75.370112 35.195630
      vertex 75.923310 78.436921 35.175981
    endloop
  endfacet
  facet normal 0.975925 0.122197 -0.180662
    outer loop
      vertex 76.591014 78.893675 33.650796
      vertex 76.198715 82.015368 33.643090
      vertex 76.589736 82.438585 36.041620
    endloop
  endfacet
  facet normal 0.976244 0.121397 -0.179475
    outer loop
      vertex 76.591014 78.893675 33.650796
      vertex 76.589736 82.438585 36.041620
      vertex 77.000057 79.173487 36.065023
    endloop
  endfacet
  facet normal -0.975490 -0.122075 0.183074
    outer loop
      vertex 75.168606 80.900440 32.797313
      vertex 75.513429 78.156536 32.805020
      vertex 75.923310 78.436921 35.175981
    endloop
  endfacet
  facet normal -0.975425 -0.121089 0.184075
    outer loop
      vertex 75.168606 80.900440 32.797313
      vertex 75.923310 78.436921 35.175981
      vertex 75.560428 81.324525 35.152578
    endloop
  endfacet
  facet normal 0.975106 0.125950 -0.182494
    outer loop
      vertex 76.198715 82.015368 33.643090
      vertex 75.816369 84.963025 33.634482
      vertex 76.189826 85.521653 36.015483
    endloop
  endfacet
  facet normal 0.975492 0.124997 -0.181085
    outer loop
      vertex 76.198715 82.015368 33.643090
      vertex 76.189826 85.521653 36.015483
      vertex 76.589736 82.438585 36.041620
    endloop
  endfacet
  facet normal -0.974689 -0.125815 0.184803
    outer loop
      vertex 74.832532 83.491370 32.788706
      vertex 75.168606 80.900440 32.797313
      vertex 75.560428 81.324525 35.152578
    endloop
  endfacet
  facet normal -0.974638 -0.124640 0.185864
    outer loop
      vertex 74.832532 83.491370 32.788706
      vertex 75.560428 81.324525 35.152578
      vertex 75.206754 84.051142 35.126440
    endloop
  endfacet
  facet normal -0.314025 0.934121 -0.169723
    outer loop
      vertex 75.816369 84.963025 33.634482
      vertex 72.759719 83.935703 33.635790
      vertex 72.992758 84.447137 36.019454
    endloop
  endfacet
  facet normal -0.314141 0.934055 -0.169874
    outer loop
      vertex 75.816369 84.963025 33.634482
      vertex 72.992758 84.447137 36.019454
      vertex 76.189826 85.521653 36.015483
    endloop
  endfacet
  facet normal 0.313837 -0.933528 0.173295
    outer loop
      vertex 72.145799 82.588375 32.790014
      vertex 74.832532 83.491370 32.788706
      vertex 75.206754 84.051142 35.126440
    endloop
  endfacet
  facet normal 0.313992 -0.933515 0.173085
    outer loop
      vertex 72.145799 82.588375 32.790014
      vertex 75.206754 84.051142 35.126440
      vertex 72.379315 83.100857 35.130411
    endloop
  endfacet
  facet normal -0.314848 0.933882 -0.169516
    outer loop
      vertex 72.759719 83.935703 33.635790
      vertex 69.500356 82.836941 33.636318
      vertex 69.583665 83.297900 36.021056
    endloop
  endfacet
  facet normal -0.314891 0.933855 -0.169581
    outer loop
      vertex 72.759719 83.935703 33.635790
      vertex 69.583665 83.297900 36.021056
      vertex 72.992758 84.447137 36.019454
    endloop
  endfacet
  facet normal 0.314660 -0.933311 0.172974
    outer loop
      vertex 69.280886 81.622586 32.790541
      vertex 72.145799 82.588375 32.790014
      vertex 72.379315 83.100857 35.130411
    endloop
  endfacet
  facet normal 0.314718 -0.933306 0.172893
    outer loop
      vertex 69.280886 81.622586 32.790541
      vertex 72.379315 83.100857 35.130411
      vertex 69.364365 82.084489 35.132014
    endloop
  endfacet
  facet normal -0.336606 0.926648 -0.167390
    outer loop
      vertex 69.500356 82.836941 33.636318
      vertex 66.036389 81.578608 33.636090
      vertex 65.960569 81.981762 36.020366
    endloop
  endfacet
  facet normal -0.336590 0.926660 -0.167361
    outer loop
      vertex 69.500356 82.836941 33.636318
      vertex 65.960569 81.981762 36.020366
      vertex 69.583665 83.297900 36.021056
    endloop
  endfacet
  facet normal 0.336411 -0.926115 0.170701
    outer loop
      vertex 66.236130 80.516537 32.790314
      vertex 69.280886 81.622586 32.790541
      vertex 69.364365 82.084489 35.132014
    endloop
  endfacet
  facet normal 0.336388 -0.926117 0.170734
    outer loop
      vertex 66.236130 80.516537 32.790314
      vertex 69.364365 82.084489 35.132014
      vertex 66.160154 80.920517 35.131323
    endloop
  endfacet
  facet normal -0.386428 0.907290 -0.165826
    outer loop
      vertex 66.036389 81.578608 33.636090
      vertex 62.526251 80.083423 33.635183
      vertex 62.289181 80.417890 36.017609
    endloop
  endfacet
  facet normal -0.386367 0.907338 -0.165707
    outer loop
      vertex 66.036389 81.578608 33.636090
      vertex 62.289181 80.417890 36.017609
      vertex 65.960569 81.981762 36.020366
    endloop
  endfacet
  facet normal 0.386210 -0.906794 0.169016
    outer loop
      vertex 63.150791 79.202301 32.789406
      vertex 66.236130 80.516537 32.790314
      vertex 66.160154 80.920517 35.131323
    endloop
  endfacet
  facet normal 0.386122 -0.906808 0.169139
    outer loop
      vertex 63.150791 79.202301 32.789406
      vertex 66.160154 80.920517 35.131323
      vertex 62.913235 79.537453 35.128566
    endloop
  endfacet
  facet normal -0.435471 0.884438 -0.167731
    outer loop
      vertex 62.526251 80.083423 33.635183
      vertex 59.213920 78.452215 33.633521
      vertex 58.824687 78.711747 36.012562
    endloop
  endfacet
  facet normal -0.435360 0.884537 -0.167501
    outer loop
      vertex 62.526251 80.083423 33.635183
      vertex 58.824687 78.711747 36.012562
      vertex 62.289181 80.417890 36.017609
    endloop
  endfacet
  facet normal 0.435223 -0.883963 0.170853
    outer loop
      vertex 60.239320 77.768502 32.787744
      vertex 63.150791 79.202301 32.789406
      vertex 62.913235 79.537453 35.128566
    endloop
  endfacet
  facet normal 0.435058 -0.884002 0.171071
    outer loop
      vertex 60.239320 77.768502 32.787744
      vertex 62.913235 79.537453 35.128566
      vertex 59.849290 78.028565 35.123519
    endloop
  endfacet
  facet normal -0.456532 0.873252 -0.170319
    outer loop
      vertex 59.213920 78.452215 33.633521
      vertex 56.159418 76.854839 33.630979
      vertex 55.629866 77.040990 36.004842
    endloop
  endfacet
  facet normal -0.456351 0.873420 -0.169945
    outer loop
      vertex 59.213920 78.452215 33.633521
      vertex 55.629866 77.040990 36.004842
      vertex 58.824687 78.711747 36.012562
    endloop
  endfacet
  facet normal 0.456269 -0.872791 0.173364
    outer loop
      vertex 57.554475 76.364441 32.785202
      vertex 60.239320 77.768502 32.787744
      vertex 59.849290 78.028565 35.123519
    endloop
  endfacet
  facet normal 0.455999 -0.872868 0.173684
    outer loop
      vertex 57.554475 76.364441 32.785202
      vertex 59.849290 78.028565 35.123519
      vertex 57.023839 76.550974 35.115800
    endloop
  endfacet
  facet normal -0.457596 0.872564 -0.170991
    outer loop
      vertex 56.159418 76.854839 33.630979
      vertex 53.298871 75.354023 33.627573
      vertex 52.637909 75.471229 35.994500
    endloop
  endfacet
  facet normal -0.457336 0.872803 -0.170463
    outer loop
      vertex 56.159418 76.854839 33.630979
      vertex 52.637909 75.471229 35.994500
      vertex 55.629866 77.040990 36.004842
    endloop
  endfacet
  facet normal 0.457332 -0.872122 0.173928
    outer loop
      vertex 55.040113 75.045255 32.781796
      vertex 57.554475 76.364441 32.785202
      vertex 57.023839 76.550974 35.115800
    endloop
  endfacet
  facet normal 0.456949 -0.872242 0.174331
    outer loop
      vertex 55.040113 75.045255 32.781796
      vertex 57.023839 76.550974 35.115800
      vertex 54.377798 75.162701 35.105458
    endloop
  endfacet
  facet normal -0.451776 0.875761 -0.170123
    outer loop
      vertex 53.298871 75.354023 33.627573
      vertex 50.571691 73.946348 33.623389
      vertex 49.785448 73.998888 35.981794
    endloop
  endfacet
  facet normal -0.451440 0.876065 -0.169445
    outer loop
      vertex 53.298871 75.354023 33.627573
      vertex 49.785448 73.998888 35.981794
      vertex 52.637909 75.471229 35.994500
    endloop
  endfacet
  facet normal 0.451519 -0.875341 0.172940
    outer loop
      vertex 52.642978 73.807937 32.777612
      vertex 55.040113 75.045255 32.781796
      vertex 54.377798 75.162701 35.105458
    endloop
  endfacet
  facet normal 0.451031 -0.875503 0.173397
    outer loop
      vertex 52.642978 73.807937 32.777612
      vertex 54.377798 75.162701 35.105458
      vertex 51.855124 73.860585 35.092751
    endloop
  endfacet
  facet normal -0.528414 -0.834387 -0.156767
    outer loop
      vertex 50.571691 73.946348 33.623389
      vertex 53.398791 72.154810 33.629488
      vertex 52.742420 72.125049 36.000317
    endloop
  endfacet
  facet normal -0.527898 -0.834595 -0.157398
    outer loop
      vertex 50.571691 73.946348 33.623389
      vertex 52.742420 72.125049 36.000317
      vertex 49.785448 73.998888 35.981794
    endloop
  endfacet
  facet normal 0.528033 0.833875 0.160730
    outer loop
      vertex 55.127941 72.233212 32.783712
      vertex 52.642978 73.807937 32.777612
      vertex 51.855124 73.860585 35.092751
    endloop
  endfacet
  facet normal 0.527590 0.834339 0.159775
    outer loop
      vertex 55.127941 72.233212 32.783712
      vertex 51.855124 73.860585 35.092751
      vertex 54.470226 72.203391 35.111274
    endloop
  endfacet
  facet normal -0.535714 -0.829494 -0.157959
    outer loop
      vertex 53.398791 72.154810 33.629488
      vertex 56.373683 70.232427 33.635276
      vertex 55.853973 70.114356 36.017893
    endloop
  endfacet
  facet normal -0.535243 -0.829676 -0.158598
    outer loop
      vertex 53.398791 72.154810 33.629488
      vertex 55.853973 70.114356 36.017893
      vertex 52.742420 72.125049 36.000317
    endloop
  endfacet
  facet normal 0.535332 0.828982 0.161894
    outer loop
      vertex 57.742809 70.543477 32.789500
      vertex 55.127941 72.233212 32.783712
      vertex 54.470226 72.203391 35.111274
    endloop
  endfacet
  facet normal 0.534935 0.829405 0.161032
    outer loop
      vertex 57.742809 70.543477 32.789500
      vertex 54.470226 72.203391 35.111274
      vertex 57.222036 70.425163 35.128850
    endloop
  endfacet
  facet normal -0.535668 -0.829660 -0.157237
    outer loop
      vertex 56.373683 70.232427 33.635276
      vertex 59.582695 68.159496 33.640761
      vertex 59.210403 67.946196 36.034550
    endloop
  endfacet
  facet normal -0.535250 -0.829809 -0.157873
    outer loop
      vertex 56.373683 70.232427 33.635276
      vertex 59.210403 67.946196 36.034550
      vertex 55.853973 70.114356 36.017893
    endloop
  endfacet
  facet normal 0.535299 0.829157 0.161100
    outer loop
      vertex 60.563465 68.721413 32.794985
      vertex 57.742809 70.543477 32.789500
      vertex 57.222036 70.425163 35.128850
    endloop
  endfacet
  facet normal 0.534953 0.829529 0.160333
    outer loop
      vertex 60.563465 68.721413 32.794985
      vertex 57.222036 70.425163 35.128850
      vertex 60.190411 68.507677 35.145507
    endloop
  endfacet
  facet normal -0.508989 -0.846893 -0.153955
    outer loop
      vertex 59.582695 68.159496 33.640761
      vertex 63.127443 66.028125 33.645977
      vertex 62.917991 65.716915 36.050389
    endloop
  endfacet
  facet normal -0.508621 -0.847001 -0.154575
    outer loop
      vertex 59.582695 68.159496 33.640761
      vertex 62.917991 65.716915 36.050389
      vertex 59.210403 67.946196 36.034550
    endloop
  endfacet
  facet normal 0.508658 0.846404 0.157694
    outer loop
      vertex 63.679226 66.847982 32.800201
      vertex 60.563465 68.721413 32.794985
      vertex 60.190411 68.507677 35.145507
    endloop
  endfacet
  facet normal 0.508350 0.846715 0.157017
    outer loop
      vertex 63.679226 66.847982 32.800201
      vertex 60.190411 68.507677 35.145507
      vertex 63.469345 66.536134 35.161346
    endloop
  endfacet
  facet normal -0.449593 -0.880123 -0.152475
    outer loop
      vertex 63.127443 66.028125 33.645977
      vertex 66.875426 64.112711 33.650784
      vertex 66.838150 63.713509 36.064986
    endloop
  endfacet
  facet normal -0.449255 -0.880194 -0.153062
    outer loop
      vertex 63.127443 66.028125 33.645977
      vertex 66.838150 63.713509 36.064986
      vertex 62.917991 65.716915 36.050389
    endloop
  endfacet
  facet normal 0.449309 0.879630 0.156116
    outer loop
      vertex 66.973626 65.164372 32.805007
      vertex 63.679226 66.847982 32.800201
      vertex 63.469345 66.536134 35.161346
    endloop
  endfacet
  facet normal 0.449013 0.879886 0.155526
    outer loop
      vertex 66.973626 65.164372 32.805007
      vertex 63.469345 66.536134 35.161346
      vertex 66.936274 64.764353 35.175943
    endloop
  endfacet
  facet normal -0.406174 -0.900610 -0.154678
    outer loop
      vertex 66.875426 64.112711 33.650784
      vertex 70.466609 62.492399 33.654816
      vertex 70.594306 62.018763 36.077231
    endloop
  endfacet
  facet normal -0.405864 -0.900660 -0.155196
    outer loop
      vertex 66.875426 64.112711 33.650784
      vertex 70.594306 62.018763 36.077231
      vertex 66.838150 63.713509 36.064986
    endloop
  endfacet
  facet normal 0.405917 0.900103 0.158259
    outer loop
      vertex 70.130202 63.740151 32.809040
      vertex 66.973626 65.164372 32.805007
      vertex 66.936274 64.764353 35.175943
    endloop
  endfacet
  facet normal 0.405633 0.900315 0.157784
    outer loop
      vertex 70.130202 63.740151 32.809040
      vertex 66.936274 64.764353 35.175943
      vertex 70.258161 63.265544 35.188189
    endloop
  endfacet
  facet normal -0.398476 -0.903930 -0.155329
    outer loop
      vertex 70.466609 62.492399 33.654816
      vertex 73.790207 61.026726 33.657982
      vertex 74.070585 60.485758 36.086846
    endloop
  endfacet
  facet normal -0.398212 -0.903973 -0.155755
    outer loop
      vertex 70.466609 62.492399 33.654816
      vertex 74.070585 60.485758 36.086846
      vertex 70.594306 62.018763 36.077231
    endloop
  endfacet
  facet normal 0.398233 0.903433 0.158804
    outer loop
      vertex 73.051577 62.451854 32.812206
      vertex 70.130202 63.740151 32.809040
      vertex 70.258161 63.265544 35.188189
    endloop
  endfacet
  facet normal 0.397985 0.903604 0.158454
    outer loop
      vertex 73.051577 62.451854 32.812206
      vertex 70.258161 63.265544 35.188189
      vertex 73.332529 61.909779 35.197803
    endloop
  endfacet
  facet normal -0.405145 -0.901248 -0.153658
    outer loop
      vertex 73.790207 61.026726 33.657982
      vertex 76.900018 59.628337 33.660395
      vertex 77.323256 59.023130 36.094172
    endloop
  endfacet
  facet normal -0.404934 -0.901285 -0.153994
    outer loop
      vertex 73.790207 61.026726 33.657982
      vertex 77.323256 59.023130 36.094172
      vertex 74.070585 60.485758 36.086846
    endloop
  endfacet
  facet normal 0.404913 0.900776 0.156995
    outer loop
      vertex 75.785037 61.222699 32.814619
      vertex 73.051577 62.451854 32.812206
      vertex 73.332529 61.909779 35.197803
    endloop
  endfacet
  facet normal 0.404712 0.900909 0.156750
    outer loop
      vertex 75.785037 61.222699 32.814619
      vertex 73.332529 61.909779 35.197803
      vertex 76.209142 60.616253 35.205130
    endloop
  endfacet
  facet normal 0.989383 -0.029467 -0.142316
    outer loop
      vertex 77.323256 59.023130 36.094172
      vertex 77.414221 62.034468 36.103067
      vertex 77.752424 61.660078 38.531779
    endloop
  endfacet
  facet normal 0.989345 -0.029163 -0.142638
    outer loop
      vertex 77.323256 59.023130 36.094172
      vertex 77.752424 61.660078 38.531779
      vertex 77.658295 58.544042 38.515979
    endloop
  endfacet
  facet normal -0.989103 0.029397 0.144263
    outer loop
      vertex 76.289590 63.279434 35.214025
      vertex 76.209142 60.616253 35.205130
      vertex 76.543374 60.138319 37.594107
    endloop
  endfacet
  facet normal -0.989176 0.029060 0.143826
    outer loop
      vertex 76.289590 63.279434 35.214025
      vertex 76.543374 60.138319 37.594107
      vertex 76.626978 62.905946 37.609908
    endloop
  endfacet
  facet normal 0.989290 -0.031760 -0.142466
    outer loop
      vertex 77.414221 62.034468 36.103067
      vertex 77.516584 65.203344 36.107436
      vertex 77.858346 64.939130 38.539540
    endloop
  endfacet
  facet normal 0.989271 -0.031619 -0.142632
    outer loop
      vertex 77.414221 62.034468 36.103067
      vertex 77.858346 64.939130 38.539540
      vertex 77.752424 61.660078 38.531779
    endloop
  endfacet
  facet normal -0.989037 0.031724 0.144221
    outer loop
      vertex 76.380119 66.081940 35.218394
      vertex 76.289590 63.279434 35.214025
      vertex 76.626978 62.905946 37.609908
    endloop
  endfacet
  facet normal -0.989072 0.031566 0.144015
    outer loop
      vertex 76.380119 66.081940 35.218394
      vertex 76.626978 62.905946 37.609908
      vertex 76.721057 65.818363 37.617668
    endloop
  endfacet
  facet normal 0.989661 -0.022849 -0.141595
    outer loop
      vertex 77.516584 65.203344 36.107436
      vertex 77.594062 68.565552 36.106392
      vertex 77.938517 68.418236 38.537684
    endloop
  endfacet
  facet normal 0.989666 -0.022881 -0.141554
    outer loop
      vertex 77.516584 65.203344 36.107436
      vertex 77.938517 68.418236 38.537684
      vertex 77.858346 64.939130 38.539540
    endloop
  endfacet
  facet normal -0.989443 0.022851 0.143111
    outer loop
      vertex 76.448639 69.055425 35.217349
      vertex 76.380119 66.081940 35.218394
      vertex 76.721057 65.818363 37.617668
    endloop
  endfacet
  facet normal -0.989435 0.022886 0.143158
    outer loop
      vertex 76.448639 69.055425 35.217349
      vertex 76.721057 65.818363 37.617668
      vertex 76.792264 68.908464 37.615813
    endloop
  endfacet
  facet normal 0.990103 0.007337 -0.140150
    outer loop
      vertex 77.594062 68.565552 36.106392
      vertex 77.566737 72.109569 36.098891
      vertex 77.910242 72.085471 38.524361
    endloop
  endfacet
  facet normal 0.990147 0.007126 -0.139848
    outer loop
      vertex 77.594062 68.565552 36.106392
      vertex 77.910242 72.085471 38.524361
      vertex 77.938517 68.418236 38.537684
    endloop
  endfacet
  facet normal -0.989929 -0.007294 0.141379
    outer loop
      vertex 76.424473 72.189700 35.209849
      vertex 76.448639 69.055425 35.217349
      vertex 76.792264 68.908464 37.615813
    endloop
  endfacet
  facet normal -0.989884 -0.007053 0.141702
    outer loop
      vertex 76.424473 72.189700 35.209849
      vertex 76.792264 68.908464 37.615813
      vertex 76.767150 72.165660 37.602490
    endloop
  endfacet
  facet normal 0.988518 0.056741 -0.140043
    outer loop
      vertex 77.566737 72.109569 36.098891
      vertex 77.358302 75.705755 36.084672
      vertex 77.694560 75.806691 38.499104
    endloop
  endfacet
  facet normal 0.988624 0.056354 -0.139453
    outer loop
      vertex 77.566737 72.109569 36.098891
      vertex 77.694560 75.806691 38.499104
      vertex 77.910242 72.085471 38.524361
    endloop
  endfacet
  facet normal -0.988389 -0.056657 0.140989
    outer loop
      vertex 76.240136 75.370112 35.195630
      vertex 76.424473 72.189700 35.209849
      vertex 76.767150 72.165660 37.602490
    endloop
  endfacet
  facet normal -0.988330 -0.056202 0.141582
    outer loop
      vertex 76.240136 75.370112 35.195630
      vertex 76.767150 72.165660 37.602490
      vertex 76.575584 75.470804 37.577232
    endloop
  endfacet
  facet normal 0.984678 0.100919 -0.142214
    outer loop
      vertex 77.358302 75.705755 36.084672
      vertex 77.000057 79.173487 36.065023
      vertex 77.323860 79.394989 38.464200
    endloop
  endfacet
  facet normal 0.984857 0.100369 -0.141357
    outer loop
      vertex 77.358302 75.705755 36.084672
      vertex 77.323860 79.394989 38.464200
      vertex 77.694560 75.806691 38.499104
    endloop
  endfacet
  facet normal -0.984585 -0.100800 0.142940
    outer loop
      vertex 75.923310 78.436921 35.175981
      vertex 76.240136 75.370112 35.195630
      vertex 76.575584 75.470804 37.577232
    endloop
  endfacet
  facet normal -0.984535 -0.100136 0.143746
    outer loop
      vertex 75.923310 78.436921 35.175981
      vertex 76.575584 75.470804 37.577232
      vertex 76.246332 78.657890 37.542328
    endloop
  endfacet
  facet normal 0.981858 0.122351 -0.144860
    outer loop
      vertex 77.000057 79.173487 36.065023
      vertex 76.589736 82.438585 36.041620
      vertex 76.899272 82.773609 38.422628
    endloop
  endfacet
  facet normal 0.982104 0.121651 -0.143780
    outer loop
      vertex 77.000057 79.173487 36.065023
      vertex 76.899272 82.773609 38.422628
      vertex 77.323860 79.394989 38.464200
    endloop
  endfacet
  facet normal -0.981792 -0.122202 0.145433
    outer loop
      vertex 75.560428 81.324525 35.152578
      vertex 75.923310 78.436921 35.175981
      vertex 76.246332 78.657890 37.542328
    endloop
  endfacet
  facet normal -0.981758 -0.121349 0.146375
    outer loop
      vertex 75.560428 81.324525 35.152578
      vertex 76.246332 78.657890 37.542328
      vertex 75.869219 81.658741 37.500756
    endloop
  endfacet
  facet normal 0.981153 0.126025 -0.146477
    outer loop
      vertex 76.589736 82.438585 36.041620
      vertex 76.189826 85.521653 36.015483
      vertex 76.485458 85.963869 38.376199
    endloop
  endfacet
  facet normal 0.981449 0.125192 -0.145206
    outer loop
      vertex 76.589736 82.438585 36.041620
      vertex 76.485458 85.963869 38.376199
      vertex 76.899272 82.773609 38.422628
    endloop
  endfacet
  facet normal -0.981108 -0.125853 0.146931
    outer loop
      vertex 75.206754 84.051142 35.126440
      vertex 75.560428 81.324525 35.152578
      vertex 75.869219 81.658741 37.500756
    endloop
  endfacet
  facet normal -0.981085 -0.124834 0.147951
    outer loop
      vertex 75.206754 84.051142 35.126440
      vertex 75.869219 81.658741 37.500756
      vertex 75.501674 84.492293 37.454327
    endloop
  endfacet
  facet normal -0.315766 0.939013 -0.136186
    outer loop
      vertex 76.189826 85.521653 36.015483
      vertex 72.992758 84.447137 36.019454
      vertex 73.177234 84.851995 38.383253
    endloop
  endfacet
  facet normal -0.315869 0.938957 -0.136332
    outer loop
      vertex 76.189826 85.521653 36.015483
      vertex 73.177234 84.851995 38.383253
      vertex 76.485458 85.963869 38.376199
    endloop
  endfacet
  facet normal 0.315712 -0.938780 0.137908
    outer loop
      vertex 72.379315 83.100857 35.130411
      vertex 75.206754 84.051142 35.126440
      vertex 75.501674 84.492293 37.454327
    endloop
  endfacet
  facet normal 0.315843 -0.938763 0.137721
    outer loop
      vertex 72.379315 83.100857 35.130411
      vertex 75.501674 84.492293 37.454327
      vertex 72.563347 83.504739 37.461381
    endloop
  endfacet
  facet normal -0.316535 0.938778 -0.136017
    outer loop
      vertex 72.992758 84.447137 36.019454
      vertex 69.583665 83.297900 36.021056
      vertex 69.649613 83.662800 38.386099
    endloop
  endfacet
  facet normal -0.316573 0.938757 -0.136079
    outer loop
      vertex 72.992758 84.447137 36.019454
      vertex 69.649613 83.662800 38.386099
      vertex 73.177234 84.851995 38.383253
    endloop
  endfacet
  facet normal 0.316472 -0.938564 0.137637
    outer loop
      vertex 69.364365 82.084489 35.132014
      vertex 72.379315 83.100857 35.130411
      vertex 72.563347 83.504739 37.461381
    endloop
  endfacet
  facet normal 0.316522 -0.938557 0.137565
    outer loop
      vertex 69.364365 82.084489 35.132014
      vertex 72.563347 83.504739 37.461381
      vertex 69.430155 82.448511 37.464227
    endloop
  endfacet
  facet normal -0.338318 0.931399 -0.134300
    outer loop
      vertex 69.583665 83.297900 36.021056
      vertex 65.960569 81.981762 36.020366
      vertex 65.900549 82.300902 38.384872
    endloop
  endfacet
  facet normal -0.338303 0.931409 -0.134273
    outer loop
      vertex 69.583665 83.297900 36.021056
      vertex 65.900549 82.300902 38.384872
      vertex 69.649613 83.662800 38.386099
    endloop
  endfacet
  facet normal 0.338244 -0.931208 0.135805
    outer loop
      vertex 66.160154 80.920517 35.131323
      vertex 69.364365 82.084489 35.132014
      vertex 69.430155 82.448511 37.464227
    endloop
  endfacet
  facet normal 0.338225 -0.931211 0.135835
    outer loop
      vertex 66.160154 80.920517 35.131323
      vertex 69.430155 82.448511 37.464227
      vertex 66.100279 81.238888 37.463001
    endloop
  endfacet
  facet normal -0.388321 0.911869 -0.133048
    outer loop
      vertex 65.960569 81.981762 36.020366
      vertex 62.289181 80.417890 36.017609
      vertex 62.101514 80.682658 38.379976
    endloop
  endfacet
  facet normal -0.388267 0.911908 -0.132937
    outer loop
      vertex 65.960569 81.981762 36.020366
      vertex 62.101514 80.682658 38.379976
      vertex 65.900549 82.300902 38.384872
    endloop
  endfacet
  facet normal 0.388235 -0.911699 0.134455
    outer loop
      vertex 62.913235 79.537453 35.128566
      vertex 66.160154 80.920517 35.131323
      vertex 66.100279 81.238888 37.463001
    endloop
  endfacet
  facet normal 0.388160 -0.911714 0.134568
    outer loop
      vertex 62.913235 79.537453 35.128566
      vertex 66.100279 81.238888 37.463001
      vertex 62.726020 79.801583 37.458104
    endloop
  endfacet
  facet normal -0.437619 0.889026 -0.134618
    outer loop
      vertex 62.289181 80.417890 36.017609
      vertex 58.824687 78.711747 36.012562
      vertex 58.516565 78.917195 38.371010
    endloop
  endfacet
  facet normal -0.437519 0.889108 -0.134406
    outer loop
      vertex 62.289181 80.417890 36.017609
      vertex 58.516565 78.917195 38.371010
      vertex 62.101514 80.682658 38.379976
    endloop
  endfacet
  facet normal 0.437516 -0.888875 0.135945
    outer loop
      vertex 59.849290 78.028565 35.123519
      vertex 62.913235 79.537453 35.128566
      vertex 62.726020 79.801583 37.458104
    endloop
  endfacet
  facet normal 0.437376 -0.888913 0.136147
    outer loop
      vertex 59.849290 78.028565 35.123519
      vertex 62.726020 79.801583 37.458104
      vertex 59.541910 78.233519 37.449139
    endloop
  endfacet
  facet normal -0.458802 0.877952 -0.136752
    outer loop
      vertex 58.824687 78.711747 36.012562
      vertex 55.629866 77.040990 36.004842
      vertex 55.210666 77.188349 38.357297
    endloop
  endfacet
  facet normal -0.458638 0.878090 -0.136411
    outer loop
      vertex 58.824687 78.711747 36.012562
      vertex 55.210666 77.188349 38.357297
      vertex 58.516565 78.917195 38.371010
    endloop
  endfacet
  facet normal 0.458686 -0.877820 0.137986
    outer loop
      vertex 57.023839 76.550974 35.115800
      vertex 59.849290 78.028565 35.123519
      vertex 59.541910 78.233519 37.449139
    endloop
  endfacet
  facet normal 0.458455 -0.877893 0.138287
    outer loop
      vertex 57.023839 76.550974 35.115800
      vertex 59.541910 78.233519 37.449139
      vertex 56.605649 76.697978 37.435426
    endloop
  endfacet
  facet normal -0.459823 0.877325 -0.137343
    outer loop
      vertex 55.629866 77.040990 36.004842
      vertex 52.637909 75.471229 35.994500
      vertex 52.114685 75.564011 38.338927
    endloop
  endfacet
  facet normal -0.459589 0.877522 -0.136866
    outer loop
      vertex 55.629866 77.040990 36.004842
      vertex 52.114685 75.564011 38.338927
      vertex 55.210666 77.188349 38.357297
    endloop
  endfacet
  facet normal 0.459698 -0.877214 0.138468
    outer loop
      vertex 54.377798 75.162701 35.105458
      vertex 57.023839 76.550974 35.115800
      vertex 56.605649 76.697978 37.435426
    endloop
  endfacet
  facet normal 0.459370 -0.877325 0.138855
    outer loop
      vertex 54.377798 75.162701 35.105458
      vertex 56.605649 76.697978 37.435426
      vertex 53.855834 75.255259 37.417055
    endloop
  endfacet
  facet normal -0.453882 0.880515 -0.136693
    outer loop
      vertex 52.637909 75.471229 35.994500
      vertex 49.785448 73.998888 35.981794
      vertex 49.163048 74.040479 38.316356
    endloop
  endfacet
  facet normal -0.453579 0.880765 -0.136086
    outer loop
      vertex 52.637909 75.471229 35.994500
      vertex 49.163048 74.040479 38.316356
      vertex 52.114685 75.564011 38.338927
    endloop
  endfacet
  facet normal 0.453750 -0.880424 0.137711
    outer loop
      vertex 51.855124 73.860585 35.092751
      vertex 54.377798 75.162701 35.105458
      vertex 53.855834 75.255259 37.417055
    endloop
  endfacet
  facet normal 0.453330 -0.880570 0.138160
    outer loop
      vertex 51.855124 73.860585 35.092751
      vertex 53.855834 75.255259 37.417055
      vertex 51.234224 73.902075 37.394484
    endloop
  endfacet
  facet normal -0.530463 -0.838330 -0.125748
    outer loop
      vertex 49.785448 73.998888 35.981794
      vertex 52.742420 72.125049 36.000317
      vertex 52.222830 72.101491 38.349259
    endloop
  endfacet
  facet normal -0.530013 -0.838521 -0.126364
    outer loop
      vertex 49.785448 73.998888 35.981794
      vertex 52.222830 72.101491 38.349259
      vertex 49.163048 74.040479 38.316356
    endloop
  endfacet
  facet normal 0.530230 0.838148 0.127923
    outer loop
      vertex 54.470226 72.203391 35.111274
      vertex 51.855124 73.860585 35.092751
      vertex 51.234224 73.902075 37.394484
    endloop
  endfacet
  facet normal 0.529836 0.838525 0.127084
    outer loop
      vertex 54.470226 72.203391 35.111274
      vertex 51.234224 73.902075 37.394484
      vertex 53.951887 72.179888 37.427387
    endloop
  endfacet
  facet normal -0.537870 -0.833462 -0.126635
    outer loop
      vertex 52.742420 72.125049 36.000317
      vertex 55.853973 70.114356 36.017893
      vertex 55.442566 70.020888 38.380480
    endloop
  endfacet
  facet normal -0.537462 -0.833632 -0.127249
    outer loop
      vertex 52.742420 72.125049 36.000317
      vertex 55.442566 70.020888 38.380480
      vertex 52.222830 72.101491 38.349259
    endloop
  endfacet
  facet normal 0.537645 0.833279 0.128779
    outer loop
      vertex 57.222036 70.425163 35.128850
      vertex 54.470226 72.203391 35.111274
      vertex 53.951887 72.179888 37.427387
    endloop
  endfacet
  facet normal 0.537293 0.833624 0.128014
    outer loop
      vertex 57.222036 70.425163 35.128850
      vertex 53.951887 72.179888 37.427387
      vertex 56.811619 70.331922 37.458608
    endloop
  endfacet
  facet normal -0.537844 -0.833579 -0.125976
    outer loop
      vertex 55.853973 70.114356 36.017893
      vertex 59.210403 67.946196 36.034550
      vertex 58.915692 67.777346 38.410068
    endloop
  endfacet
  facet normal -0.537482 -0.833721 -0.126577
    outer loop
      vertex 55.853973 70.114356 36.017893
      vertex 58.915692 67.777346 38.410068
      vertex 55.442566 70.020888 38.380480
    endloop
  endfacet
  facet normal 0.537632 0.833397 0.128065
    outer loop
      vertex 60.190411 68.507677 35.145507
      vertex 57.222036 70.425163 35.128850
      vertex 56.811619 70.331922 37.458608
    endloop
  endfacet
  facet normal 0.537325 0.833700 0.127377
    outer loop
      vertex 60.190411 68.507677 35.145507
      vertex 56.811619 70.331922 37.458608
      vertex 59.896410 68.339233 37.488197
    endloop
  endfacet
  facet normal -0.510984 -0.850708 -0.123252
    outer loop
      vertex 59.210403 67.946196 36.034550
      vertex 62.917991 65.716915 36.050389
      vertex 62.752186 65.470557 38.438204
    endloop
  endfacet
  facet normal -0.510666 -0.850815 -0.123829
    outer loop
      vertex 59.210403 67.946196 36.034550
      vertex 62.752186 65.470557 38.438204
      vertex 58.915692 67.777346 38.410068
    endloop
  endfacet
  facet normal 0.510796 0.850528 0.125258
    outer loop
      vertex 63.469345 66.536134 35.161346
      vertex 60.190411 68.507677 35.145507
      vertex 59.896410 68.339233 37.488197
    endloop
  endfacet
  facet normal 0.510525 0.850781 0.124644
    outer loop
      vertex 63.469345 66.536134 35.161346
      vertex 59.896410 68.339233 37.488197
      vertex 63.303939 66.290369 37.516333
    endloop
  endfacet
  facet normal -0.451310 -0.883990 -0.121989
    outer loop
      vertex 62.917991 65.716915 36.050389
      vertex 66.838150 63.713509 36.064986
      vertex 66.808641 63.397497 38.464134
    endloop
  endfacet
  facet normal -0.451019 -0.884063 -0.122529
    outer loop
      vertex 62.917991 65.716915 36.050389
      vertex 66.808641 63.397497 38.464134
      vertex 62.752186 65.470557 38.438204
    endloop
  endfacet
  facet normal 0.451148 0.883804 0.123920
    outer loop
      vertex 66.936274 64.764353 35.175943
      vertex 63.469345 66.536134 35.161346
      vertex 63.303939 66.290369 37.516333
    endloop
  endfacet
  facet normal 0.450888 0.884012 0.123381
    outer loop
      vertex 66.936274 64.764353 35.175943
      vertex 63.303939 66.290369 37.516333
      vertex 66.906837 64.449101 37.542262
    endloop
  endfacet
  facet normal -0.407774 -0.904664 -0.123708
    outer loop
      vertex 66.838150 63.713509 36.064986
      vertex 70.594306 62.018763 36.077231
      vertex 70.695392 61.643827 38.485886
    endloop
  endfacet
  facet normal -0.407507 -0.904719 -0.124181
    outer loop
      vertex 66.838150 63.713509 36.064986
      vertex 70.695392 61.643827 38.485886
      vertex 66.808641 63.397497 38.464134
    endloop
  endfacet
  facet normal 0.407628 0.904473 0.125569
    outer loop
      vertex 70.258161 63.265544 35.188189
      vertex 66.936274 64.764353 35.175943
      vertex 66.906837 64.449101 37.542262
    endloop
  endfacet
  facet normal 0.407380 0.904646 0.125129
    outer loop
      vertex 70.258161 63.265544 35.188189
      vertex 66.906837 64.449101 37.542262
      vertex 70.359004 62.891512 37.564014
    endloop
  endfacet
  facet normal -0.400086 -0.908025 -0.124187
    outer loop
      vertex 70.594306 62.018763 36.077231
      vertex 74.070585 60.485758 36.086846
      vertex 74.292535 60.057523 38.502964
    endloop
  endfacet
  facet normal -0.399859 -0.908072 -0.124571
    outer loop
      vertex 70.594306 62.018763 36.077231
      vertex 74.292535 60.057523 38.502964
      vertex 70.695392 61.643827 38.485886
    endloop
  endfacet
  facet normal 0.399955 0.907840 0.125948
    outer loop
      vertex 73.332529 61.909779 35.197803
      vertex 70.258161 63.265544 35.188189
      vertex 70.359004 62.891512 37.564014
    endloop
  endfacet
  facet normal 0.399739 0.907981 0.125618
    outer loop
      vertex 73.332529 61.909779 35.197803
      vertex 70.359004 62.891512 37.564014
      vertex 73.553945 61.482575 37.581093
    endloop
  endfacet
  facet normal -0.406780 -0.905235 -0.122801
    outer loop
      vertex 74.070585 60.485758 36.086846
      vertex 77.323256 59.023130 36.094172
      vertex 77.658295 58.544042 38.515979
    endloop
  endfacet
  facet normal -0.406599 -0.905275 -0.123101
    outer loop
      vertex 74.070585 60.485758 36.086846
      vertex 77.658295 58.544042 38.515979
      vertex 74.292535 60.057523 38.502964
    endloop
  endfacet
  facet normal 0.406662 0.905062 0.124452
    outer loop
      vertex 76.209142 60.616253 35.205130
      vertex 73.332529 61.909779 35.197803
      vertex 73.553945 61.482575 37.581093
    endloop
  endfacet
  facet normal 0.406488 0.905173 0.124217
    outer loop
      vertex 76.209142 60.616253 35.205130
      vertex 73.553945 61.482575 37.581093
      vertex 76.543374 60.138319 37.594107
    endloop
  endfacet
  facet normal 0.995068 -0.029579 -0.094679
    outer loop
      vertex 77.658295 58.544042 38.515979
      vertex 77.752424 61.660078 38.531779
      vertex 77.974135 61.414644 40.938613
    endloop
  endfacet
  facet normal 0.995055 -0.029418 -0.094869
    outer loop
      vertex 77.658295 58.544042 38.515979
      vertex 77.974135 61.414644 40.938613
      vertex 77.877934 58.229971 40.917103
    endloop
  endfacet
  facet normal -0.994975 0.029510 0.095671
    outer loop
      vertex 76.626978 62.905946 37.609908
      vertex 76.543374 60.138319 37.594107
      vertex 76.762937 59.824356 39.974394
    endloop
  endfacet
  facet normal -0.995003 0.029333 0.095442
    outer loop
      vertex 76.626978 62.905946 37.609908
      vertex 76.762937 59.824356 39.974394
      vertex 76.848613 62.660596 39.995905
    endloop
  endfacet
  facet normal 0.994984 -0.031916 -0.094806
    outer loop
      vertex 77.752424 61.660078 38.531779
      vertex 77.858346 64.939130 38.539540
      vertex 78.082391 64.765923 40.949178
    endloop
  endfacet
  facet normal 0.994977 -0.031841 -0.094902
    outer loop
      vertex 77.752424 61.660078 38.531779
      vertex 78.082391 64.765923 40.949178
      vertex 77.974135 61.414644 40.938613
    endloop
  endfacet
  facet normal -0.994900 0.031883 0.095695
    outer loop
      vertex 76.721057 65.818363 37.617668
      vertex 76.626978 62.905946 37.609908
      vertex 76.848613 62.660596 39.995905
    endloop
  endfacet
  facet normal -0.994913 0.031800 0.095585
    outer loop
      vertex 76.721057 65.818363 37.617668
      vertex 76.848613 62.660596 39.995905
      vertex 76.945024 65.645215 40.006470
    endloop
  endfacet
  facet normal 0.995286 -0.022985 -0.094217
    outer loop
      vertex 77.858346 64.939130 38.539540
      vertex 77.938517 68.418236 38.537684
      vertex 78.164328 68.321661 40.946652
    endloop
  endfacet
  facet normal 0.995288 -0.023002 -0.094194
    outer loop
      vertex 77.858346 64.939130 38.539540
      vertex 78.164328 68.321661 40.946652
      vertex 78.082391 64.765923 40.949178
    endloop
  endfacet
  facet normal -0.995214 0.022990 0.094975
    outer loop
      vertex 76.792264 68.908464 37.615813
      vertex 76.721057 65.818363 37.617668
      vertex 76.945024 65.645215 40.006470
    endloop
  endfacet
  facet normal -0.995211 0.023009 0.095000
    outer loop
      vertex 76.792264 68.908464 37.615813
      vertex 76.945024 65.645215 40.006470
      vertex 77.017997 68.811923 40.003944
    endloop
  endfacet
  facet normal 0.995620 0.007338 -0.093208
    outer loop
      vertex 77.938517 68.418236 38.537684
      vertex 77.910242 72.085471 38.524361
      vertex 78.135430 72.069674 40.928515
    endloop
  endfacet
  facet normal 0.995636 0.007226 -0.093039
    outer loop
      vertex 77.938517 68.418236 38.537684
      vertex 78.135430 72.069674 40.928515
      vertex 78.164328 68.321661 40.946652
    endloop
  endfacet
  facet normal -0.995564 -0.007292 0.093809
    outer loop
      vertex 76.767150 72.165660 37.602490
      vertex 76.792264 68.908464 37.615813
      vertex 77.017997 68.811923 40.003944
    endloop
  endfacet
  facet normal -0.995548 -0.007165 0.093985
    outer loop
      vertex 76.767150 72.165660 37.602490
      vertex 77.017997 68.811923 40.003944
      vertex 76.992260 72.149869 39.985806
    endloop
  endfacet
  facet normal 0.994028 0.056982 -0.093064
    outer loop
      vertex 77.910242 72.085471 38.524361
      vertex 77.694560 75.806691 38.499104
      vertex 77.914997 75.872860 40.894130
    endloop
  endfacet
  facet normal 0.994070 0.056778 -0.092738
    outer loop
      vertex 77.910242 72.085471 38.524361
      vertex 77.914997 75.872860 40.894130
      vertex 78.135430 72.069674 40.928515
    endloop
  endfacet
  facet normal -0.993991 -0.056897 0.093508
    outer loop
      vertex 76.575584 75.470804 37.577232
      vertex 76.767150 72.165660 37.602490
      vertex 76.992260 72.149869 39.985806
    endloop
  endfacet
  facet normal -0.993974 -0.056658 0.093835
    outer loop
      vertex 76.575584 75.470804 37.577232
      vertex 76.992260 72.149869 39.985806
      vertex 76.795945 75.536951 39.951422
    endloop
  endfacet
  facet normal 0.990356 0.101393 -0.094420
    outer loop
      vertex 77.694560 75.806691 38.499104
      vertex 77.323860 79.394989 38.464200
      vertex 77.536131 79.540197 40.846614
    endloop
  endfacet
  facet normal 0.990430 0.101102 -0.093952
    outer loop
      vertex 77.694560 75.806691 38.499104
      vertex 77.536131 79.540197 40.846614
      vertex 77.914997 75.872860 40.894130
    endloop
  endfacet
  facet normal -0.990337 -0.101272 0.094740
    outer loop
      vertex 76.246332 78.657890 37.542328
      vertex 76.575584 75.470804 37.577232
      vertex 76.795945 75.536951 39.951422
    endloop
  endfacet
  facet normal -0.990330 -0.100924 0.095189
    outer loop
      vertex 76.246332 78.657890 37.542328
      vertex 76.795945 75.536951 39.951422
      vertex 76.458531 78.803048 39.903905
    endloop
  endfacet
  facet normal 0.987752 0.122948 -0.096071
    outer loop
      vertex 77.323860 79.394989 38.464200
      vertex 76.899272 82.773609 38.422628
      vertex 77.102192 82.993237 40.790020
    endloop
  endfacet
  facet normal 0.987855 0.122578 -0.095488
    outer loop
      vertex 77.323860 79.394989 38.464200
      vertex 77.102192 82.993237 40.790020
      vertex 77.536131 79.540197 40.846614
    endloop
  endfacet
  facet normal -0.987749 -0.122795 0.096302
    outer loop
      vertex 75.869219 81.658741 37.500756
      vertex 76.246332 78.657890 37.542328
      vertex 76.458531 78.803048 39.903905
    endloop
  endfacet
  facet normal -0.987752 -0.122348 0.096834
    outer loop
      vertex 75.869219 81.658741 37.500756
      vertex 76.458531 78.803048 39.903905
      vertex 76.072068 81.878293 39.847311
    endloop
  endfacet
  facet normal 0.987194 0.126639 -0.097011
    outer loop
      vertex 76.899272 82.773609 38.422628
      vertex 76.485458 85.963869 38.376199
      vertex 76.679263 86.253768 40.726813
    endloop
  endfacet
  facet normal 0.987316 0.126199 -0.096335
    outer loop
      vertex 76.899272 82.773609 38.422628
      vertex 76.679263 86.253768 40.726813
      vertex 77.102192 82.993237 40.790020
    endloop
  endfacet
  facet normal -0.987201 -0.126459 0.097171
    outer loop
      vertex 75.501674 84.492293 37.454327
      vertex 75.869219 81.658741 37.500756
      vertex 76.072068 81.878293 39.847311
    endloop
  endfacet
  facet normal -0.987211 -0.125925 0.097757
    outer loop
      vertex 75.501674 84.492293 37.454327
      vertex 76.072068 81.878293 39.847311
      vertex 75.695412 84.782092 39.784105
    endloop
  endfacet
  facet normal -0.317457 0.943977 -0.090154
    outer loop
      vertex 76.485458 85.963869 38.376199
      vertex 73.177234 84.851995 38.383253
      vertex 73.298169 85.117403 40.736416
    endloop
  endfacet
  facet normal -0.317512 0.943951 -0.090238
    outer loop
      vertex 76.485458 85.963869 38.376199
      vertex 73.298169 85.117403 40.736416
      vertex 76.679263 86.253768 40.726813
    endloop
  endfacet
  facet normal 0.317456 -0.943895 0.091012
    outer loop
      vertex 72.563347 83.504739 37.461381
      vertex 75.501674 84.492293 37.454327
      vertex 75.695412 84.782092 39.784105
    endloop
  endfacet
  facet normal 0.317523 -0.943882 0.090914
    outer loop
      vertex 72.563347 83.504739 37.461381
      vertex 75.695412 84.782092 39.784105
      vertex 72.684241 83.770056 39.793708
    endloop
  endfacet
  facet normal -0.318214 0.943732 -0.090051
    outer loop
      vertex 73.177234 84.851995 38.383253
      vertex 69.649613 83.662800 38.386099
      vertex 69.692846 83.902014 40.740291
    endloop
  endfacet
  facet normal -0.318234 0.943722 -0.090085
    outer loop
      vertex 73.177234 84.851995 38.383253
      vertex 69.692846 83.902014 40.740291
      vertex 73.298169 85.117403 40.736416
    endloop
  endfacet
  facet normal 0.318199 -0.943660 0.090854
    outer loop
      vertex 69.430155 82.448511 37.464227
      vertex 72.563347 83.504739 37.461381
      vertex 72.684241 83.770056 39.793708
    endloop
  endfacet
  facet normal 0.318225 -0.943655 0.090815
    outer loop
      vertex 69.430155 82.448511 37.464227
      vertex 72.684241 83.770056 39.793708
      vertex 69.473373 82.687642 39.797582
    endloop
  endfacet
  facet normal -0.340056 0.936194 -0.088899
    outer loop
      vertex 69.649613 83.662800 38.386099
      vertex 65.900549 82.300902 38.384872
      vertex 65.861202 82.510118 40.738621
    endloop
  endfacet
  facet normal -0.340048 0.936198 -0.088884
    outer loop
      vertex 69.649613 83.662800 38.386099
      vertex 65.861202 82.510118 40.738621
      vertex 69.692846 83.902014 40.740291
    endloop
  endfacet
  facet normal 0.340030 -0.936133 0.089641
    outer loop
      vertex 66.100279 81.238888 37.463001
      vertex 69.430155 82.448511 37.464227
      vertex 69.473373 82.687642 39.797582
    endloop
  endfacet
  facet normal 0.340020 -0.936135 0.089656
    outer loop
      vertex 66.100279 81.238888 37.463001
      vertex 69.473373 82.687642 39.797582
      vertex 66.060946 81.448032 39.795912
    endloop
  endfacet
  facet normal -0.390272 0.916480 -0.088048
    outer loop
      vertex 65.900549 82.300902 38.384872
      vertex 62.101514 80.682658 38.379976
      vertex 61.978487 80.856229 40.731955
    endloop
  endfacet
  facet normal -0.390242 0.916498 -0.087987
    outer loop
      vertex 65.900549 82.300902 38.384872
      vertex 61.978487 80.856229 40.731955
      vertex 65.861202 82.510118 40.738621
    endloop
  endfacet
  facet normal 0.390235 -0.916429 0.088736
    outer loop
      vertex 62.726020 79.801583 37.458104
      vertex 66.100279 81.238888 37.463001
      vertex 66.060946 81.448032 39.795912
    endloop
  endfacet
  facet normal 0.390197 -0.916439 0.088798
    outer loop
      vertex 62.726020 79.801583 37.458104
      vertex 66.060946 81.448032 39.795912
      vertex 62.603035 79.975094 39.789247
    endloop
  endfacet
  facet normal -0.439863 0.893637 -0.089072
    outer loop
      vertex 62.101514 80.682658 38.379976
      vertex 58.516565 78.917195 38.371010
      vertex 58.314574 79.051879 40.719750
    endloop
  endfacet
  facet normal -0.439808 0.893675 -0.088957
    outer loop
      vertex 62.101514 80.682658 38.379976
      vertex 58.314574 79.051879 40.719750
      vertex 61.978487 80.856229 40.731955
    endloop
  endfacet
  facet normal 0.439813 -0.893597 0.089715
    outer loop
      vertex 59.541910 78.233519 37.449139
      vertex 62.726020 79.801583 37.458104
      vertex 62.603035 79.975094 39.789247
    endloop
  endfacet
  facet normal 0.439741 -0.893621 0.089827
    outer loop
      vertex 59.541910 78.233519 37.449139
      vertex 62.603035 79.975094 39.789247
      vertex 59.339988 78.368156 39.777042
    endloop
  endfacet
  facet normal -0.461220 0.882663 -0.090459
    outer loop
      vertex 58.516565 78.917195 38.371010
      vertex 55.210666 77.188349 38.357297
      vertex 54.935856 77.284952 40.701082
    endloop
  endfacet
  facet normal -0.461131 0.882728 -0.090275
    outer loop
      vertex 58.516565 78.917195 38.371010
      vertex 54.935856 77.284952 40.701082
      vertex 58.314574 79.051879 40.719750
    endloop
  endfacet
  facet normal 0.461156 -0.882635 0.091049
    outer loop
      vertex 56.605649 76.697978 37.435426
      vertex 59.541910 78.233519 37.449139
      vertex 59.339988 78.368156 39.777042
    endloop
  endfacet
  facet normal 0.461038 -0.882679 0.091218
    outer loop
      vertex 56.605649 76.697978 37.435426
      vertex 59.339988 78.368156 39.777042
      vertex 56.330934 76.794547 39.758373
    endloop
  endfacet
  facet normal -0.462256 0.882085 -0.090798
    outer loop
      vertex 55.210666 77.188349 38.357297
      vertex 52.114685 75.564011 38.338927
      vertex 51.771680 75.624834 40.676073
    endloop
  endfacet
  facet normal -0.462128 0.882178 -0.090545
    outer loop
      vertex 55.210666 77.188349 38.357297
      vertex 51.771680 75.624834 40.676073
      vertex 54.935856 77.284952 40.701082
    endloop
  endfacet
  facet normal 0.462178 -0.882072 0.091327
    outer loop
      vertex 53.855834 75.255259 37.417055
      vertex 56.605649 76.697978 37.435426
      vertex 56.330934 76.794547 39.758373
    endloop
  endfacet
  facet normal 0.462010 -0.882137 0.091548
    outer loop
      vertex 53.855834 75.255259 37.417055
      vertex 56.330934 76.794547 39.758373
      vertex 53.512947 75.316062 39.733365
    endloop
  endfacet
  facet normal -0.456249 0.885259 -0.090295
    outer loop
      vertex 52.114685 75.564011 38.338927
      vertex 49.163048 74.040479 38.316356
      vertex 48.755029 74.067744 40.645346
    endloop
  endfacet
  facet normal -0.456084 0.885376 -0.089978
    outer loop
      vertex 52.114685 75.564011 38.338927
      vertex 48.755029 74.067744 40.645346
      vertex 51.771680 75.624834 40.676073
    endloop
  endfacet
  facet normal 0.456158 -0.885258 0.090764
    outer loop
      vertex 51.234224 73.902075 37.394484
      vertex 53.855834 75.255259 37.417055
      vertex 53.512947 75.316062 39.733365
    endloop
  endfacet
  facet normal 0.455942 -0.885343 0.091025
    outer loop
      vertex 51.234224 73.902075 37.394484
      vertex 53.512947 75.316062 39.733365
      vertex 50.826345 73.929331 39.702638
    endloop
  endfacet
  facet normal -0.532786 -0.842162 -0.083082
    outer loop
      vertex 49.163048 74.040479 38.316356
      vertex 52.222830 72.101491 38.349259
      vertex 51.882207 72.086046 40.690139
    endloop
  endfacet
  facet normal -0.532555 -0.842273 -0.083439
    outer loop
      vertex 49.163048 74.040479 38.316356
      vertex 51.882207 72.086046 40.690139
      vertex 48.755029 74.067744 40.645346
    endloop
  endfacet
  facet normal 0.532647 0.842141 0.084181
    outer loop
      vertex 53.951887 72.179888 37.427387
      vertex 51.234224 73.902075 37.394484
      vertex 50.826345 73.929331 39.702638
    endloop
  endfacet
  facet normal 0.532432 0.842319 0.083749
    outer loop
      vertex 53.951887 72.179888 37.427387
      vertex 50.826345 73.929331 39.702638
      vertex 53.611382 72.164449 39.747430
    endloop
  endfacet
  facet normal -0.540264 -0.837317 -0.083759
    outer loop
      vertex 52.222830 72.101491 38.349259
      vertex 55.442566 70.020888 38.380480
      vertex 55.172864 69.959615 40.732641
    endloop
  endfacet
  facet normal -0.540055 -0.837417 -0.084109
    outer loop
      vertex 52.222830 72.101491 38.349259
      vertex 55.172864 69.959615 40.732641
      vertex 51.882207 72.086046 40.690139
    endloop
  endfacet
  facet normal 0.540134 0.837291 0.084845
    outer loop
      vertex 56.811619 70.331922 37.458608
      vertex 53.951887 72.179888 37.427387
      vertex 53.611382 72.164449 39.747430
    endloop
  endfacet
  facet normal 0.539941 0.837456 0.084445
    outer loop
      vertex 56.811619 70.331922 37.458608
      vertex 53.611382 72.164449 39.747430
      vertex 56.542010 70.270669 39.789933
    endloop
  endfacet
  facet normal -0.540216 -0.837384 -0.083399
    outer loop
      vertex 55.442566 70.020888 38.380480
      vertex 58.915692 67.777346 38.410068
      vertex 58.722491 67.666655 40.772922
    endloop
  endfacet
  facet normal -0.540031 -0.837469 -0.083737
    outer loop
      vertex 55.442566 70.020888 38.380480
      vertex 58.722491 67.666655 40.772922
      vertex 55.172864 69.959615 40.732641
    endloop
  endfacet
  facet normal 0.540097 0.837354 0.084460
    outer loop
      vertex 59.896410 68.339233 37.488197
      vertex 56.811619 70.331922 37.458608
      vertex 56.542010 70.270669 39.789933
    endloop
  endfacet
  facet normal 0.539929 0.837499 0.084094
    outer loop
      vertex 59.896410 68.339233 37.488197
      vertex 56.542010 70.270669 39.789933
      vertex 59.703276 68.228580 39.830213
    endloop
  endfacet
  facet normal -0.513139 -0.854413 -0.081653
    outer loop
      vertex 58.915692 67.777346 38.410068
      vertex 62.752186 65.470557 38.438204
      vertex 62.643491 65.309054 40.811225
    endloop
  endfacet
  facet normal -0.512977 -0.854479 -0.081973
    outer loop
      vertex 58.915692 67.777346 38.410068
      vertex 62.643491 65.309054 40.811225
      vertex 58.722491 67.666655 40.772922
    endloop
  endfacet
  facet normal 0.513034 0.854378 0.082674
    outer loop
      vertex 63.303939 66.290369 37.516333
      vertex 59.896410 68.339233 37.488197
      vertex 59.703276 68.228580 39.830213
    endloop
  endfacet
  facet normal 0.512886 0.854499 0.082343
    outer loop
      vertex 63.303939 66.290369 37.516333
      vertex 59.703276 68.228580 39.830213
      vertex 63.195282 66.128923 39.868516
    endloop
  endfacet
  facet normal -0.453169 -0.887748 -0.080875
    outer loop
      vertex 62.752186 65.470557 38.438204
      vertex 66.808641 63.397497 38.464134
      vertex 66.789297 63.190332 40.846524
    endloop
  endfacet
  facet normal -0.453020 -0.887797 -0.081172
    outer loop
      vertex 62.752186 65.470557 38.438204
      vertex 66.789297 63.190332 40.846524
      vertex 62.643491 65.309054 40.811225
    endloop
  endfacet
  facet normal 0.453075 0.887706 0.081859
    outer loop
      vertex 66.906837 64.449101 37.542262
      vertex 63.303939 66.290369 37.516333
      vertex 63.195282 66.128923 39.868516
    endloop
  endfacet
  facet normal 0.452935 0.887805 0.081564
    outer loop
      vertex 66.906837 64.449101 37.542262
      vertex 63.195282 66.128923 39.868516
      vertex 66.887499 64.242008 39.903815
    endloop
  endfacet
  facet normal -0.409498 -0.908611 -0.082081
    outer loop
      vertex 66.808641 63.397497 38.464134
      vertex 70.695392 61.643827 38.485886
      vertex 70.761660 61.398034 40.876136
    endloop
  endfacet
  facet normal -0.409361 -0.908649 -0.082337
    outer loop
      vertex 66.808641 63.397497 38.464134
      vertex 70.761660 61.398034 40.876136
      vertex 66.789297 63.190332 40.846524
    endloop
  endfacet
  facet normal 0.409413 0.908563 0.083028
    outer loop
      vertex 70.359004 62.891512 37.564014
      vertex 66.906837 64.449101 37.542262
      vertex 66.887499 64.242008 39.903815
    endloop
  endfacet
  facet normal 0.409280 0.908645 0.082784
    outer loop
      vertex 70.359004 62.891512 37.564014
      vertex 66.887499 64.242008 39.903815
      vertex 70.425249 62.645804 39.933428
    endloop
  endfacet
  facet normal -0.401796 -0.912010 -0.082444
    outer loop
      vertex 70.695392 61.643827 38.485886
      vertex 74.292535 60.057523 38.502964
      vertex 74.438036 59.776789 40.899386
    endloop
  endfacet
  facet normal -0.401679 -0.912043 -0.082650
    outer loop
      vertex 70.695392 61.643827 38.485886
      vertex 74.438036 59.776789 40.899386
      vertex 70.761660 61.398034 40.876136
    endloop
  endfacet
  facet normal 0.401721 0.911962 0.083339
    outer loop
      vertex 73.553945 61.482575 37.581093
      vertex 70.359004 62.891512 37.564014
      vertex 70.425249 62.645804 39.933428
    endloop
  endfacet
  facet normal 0.401606 0.912030 0.083152
    outer loop
      vertex 73.553945 61.482575 37.581093
      vertex 70.425249 62.645804 39.933428
      vertex 73.699396 61.201938 39.956677
    endloop
  endfacet
  facet normal -0.408486 -0.909114 -0.081548
    outer loop
      vertex 74.292535 60.057523 38.502964
      vertex 77.658295 58.544042 38.515979
      vertex 77.877934 58.229971 40.917103
    endloop
  endfacet
  facet normal -0.408393 -0.909142 -0.081707
    outer loop
      vertex 74.292535 60.057523 38.502964
      vertex 77.877934 58.229971 40.917103
      vertex 74.438036 59.776789 40.899386
    endloop
  endfacet
  facet normal 0.408422 0.909068 0.082385
    outer loop
      vertex 76.543374 60.138319 37.594107
      vertex 73.553945 61.482575 37.581093
      vertex 73.699396 61.201938 39.956677
    endloop
  endfacet
  facet normal 0.408329 0.909122 0.082249
    outer loop
      vertex 76.543374 60.138319 37.594107
      vertex 73.699396 61.201938 39.956677
      vertex 76.762937 59.824356 39.974394
    endloop
  endfacet
  facet normal 0.998958 -0.029944 -0.034436
    outer loop
      vertex 77.877934 58.229971 40.917103
      vertex 77.974135 61.414644 40.938613
      vertex 78.053348 61.326955 43.312723
    endloop
  endfacet
  facet normal 0.998958 -0.029920 -0.034467
    outer loop
      vertex 77.877934 58.229971 40.917103
      vertex 78.053348 61.326955 43.312723
      vertex 77.956405 58.117760 43.288835
    endloop
  endfacet
  facet normal -0.998960 0.029915 0.034414
    outer loop
      vertex 76.848613 62.660596 39.995905
      vertex 76.762937 59.824356 39.974394
      vertex 76.841047 59.712663 42.338835
    endloop
  endfacet
  facet normal -0.998962 0.029889 0.034381
    outer loop
      vertex 76.848613 62.660596 39.995905
      vertex 76.841047 59.712663 42.338835
      vertex 76.927460 62.573312 42.362723
    endloop
  endfacet
  facet normal 0.998887 -0.032158 -0.034500
    outer loop
      vertex 77.974135 61.414644 40.938613
      vertex 78.082391 64.765923 40.949178
      vertex 78.162437 64.704039 43.324456
    endloop
  endfacet
  facet normal 0.998887 -0.032147 -0.034515
    outer loop
      vertex 77.974135 61.414644 40.938613
      vertex 78.162437 64.704039 43.324456
      vertex 78.053348 61.326955 43.312723
    endloop
  endfacet
  facet normal -0.998889 0.032145 0.034462
    outer loop
      vertex 76.945024 65.645215 40.006470
      vertex 76.848613 62.660596 39.995905
      vertex 76.927460 62.573312 42.362723
    endloop
  endfacet
  facet normal -0.998890 0.032133 0.034446
    outer loop
      vertex 76.945024 65.645215 40.006470
      vertex 76.927460 62.573312 42.362723
      vertex 77.024701 65.583617 42.374456
    endloop
  endfacet
  facet normal 0.999147 -0.023048 -0.034275
    outer loop
      vertex 78.082391 64.765923 40.949178
      vertex 78.164328 68.321661 40.946652
      vertex 78.245005 68.287157 43.321651
    endloop
  endfacet
  facet normal 0.999147 -0.023051 -0.034272
    outer loop
      vertex 78.082391 64.765923 40.949178
      vertex 78.245005 68.287157 43.321651
      vertex 78.162437 64.704039 43.324456
    endloop
  endfacet
  facet normal -0.999148 0.023051 0.034219
    outer loop
      vertex 77.017997 68.811923 40.003944
      vertex 76.945024 65.645215 40.006470
      vertex 77.024701 65.583617 42.374456
    endloop
  endfacet
  facet normal -0.999148 0.023054 0.034222
    outer loop
      vertex 77.017997 68.811923 40.003944
      vertex 77.024701 65.583617 42.374456
      vertex 77.098302 68.777578 42.371651
    endloop
  endfacet
  facet normal 0.999398 0.007542 -0.033866
    outer loop
      vertex 78.164328 68.321661 40.946652
      vertex 78.135430 72.069674 40.928515
      vertex 78.215884 72.064030 43.301508
    endloop
  endfacet
  facet normal 0.999399 0.007525 -0.033840
    outer loop
      vertex 78.164328 68.321661 40.946652
      vertex 78.215884 72.064030 43.301508
      vertex 78.245005 68.287157 43.321651
    endloop
  endfacet
  facet normal -0.999401 -0.007522 0.033787
    outer loop
      vertex 76.992260 72.149869 39.985806
      vertex 77.017997 68.811923 40.003944
      vertex 77.098302 68.777578 42.371651
    endloop
  endfacet
  facet normal -0.999400 -0.007503 0.033814
    outer loop
      vertex 76.992260 72.149869 39.985806
      vertex 77.098302 68.777578 42.371651
      vertex 77.072344 72.144251 42.351508
    endloop
  endfacet
  facet normal 0.997774 0.057526 -0.033742
    outer loop
      vertex 78.135430 72.069674 40.928515
      vertex 77.914997 75.872860 40.894130
      vertex 77.993754 75.896501 43.263323
    endloop
  endfacet
  facet normal 0.997777 0.057495 -0.033692
    outer loop
      vertex 78.135430 72.069674 40.928515
      vertex 77.993754 75.896501 43.263323
      vertex 78.215884 72.064030 43.301508
    endloop
  endfacet
  facet normal -0.997779 -0.057490 0.033640
    outer loop
      vertex 76.795945 75.536951 39.951422
      vertex 76.992260 72.149869 39.985806
      vertex 77.072344 72.144251 42.351508
    endloop
  endfacet
  facet normal -0.997780 -0.057455 0.033690
    outer loop
      vertex 76.795945 75.536951 39.951422
      vertex 77.072344 72.144251 42.351508
      vertex 76.874339 75.560483 42.313323
    endloop
  endfacet
  facet normal 0.994171 0.102264 -0.034139
    outer loop
      vertex 77.914997 75.872860 40.894130
      vertex 77.536131 79.540197 40.846614
      vertex 77.611971 79.592076 43.210553
    endloop
  endfacet
  facet normal 0.994178 0.102220 -0.034069
    outer loop
      vertex 77.914997 75.872860 40.894130
      vertex 77.611971 79.592076 43.210553
      vertex 77.993754 75.896501 43.263323
    endloop
  endfacet
  facet normal -0.994181 -0.102212 0.034016
    outer loop
      vertex 76.458531 78.803048 39.903905
      vertex 76.795945 75.536951 39.951422
      vertex 76.874339 75.560483 42.313323
    endloop
  endfacet
  facet normal -0.994184 -0.102161 0.034085
    outer loop
      vertex 76.458531 78.803048 39.903905
      vertex 76.874339 75.560483 42.313323
      vertex 76.534021 78.854688 42.260553
    endloop
  endfacet
  facet normal 0.991671 0.124055 -0.034623
    outer loop
      vertex 77.536131 79.540197 40.846614
      vertex 77.102192 82.993237 40.790020
      vertex 77.174690 83.071705 43.147704
    endloop
  endfacet
  facet normal 0.991681 0.124000 -0.034536
    outer loop
      vertex 77.536131 79.540197 40.846614
      vertex 77.174690 83.071705 43.147704
      vertex 77.611971 79.592076 43.210553
    endloop
  endfacet
  facet normal -0.991684 -0.123989 0.034483
    outer loop
      vertex 76.072068 81.878293 39.847311
      vertex 76.458531 78.803048 39.903905
      vertex 76.534021 78.854688 42.260553
    endloop
  endfacet
  facet normal -0.991689 -0.123924 0.034566
    outer loop
      vertex 76.072068 81.878293 39.847311
      vertex 76.534021 78.854688 42.260553
      vertex 76.144232 81.956400 42.197704
    endloop
  endfacet
  facet normal 0.991176 0.127892 -0.034831
    outer loop
      vertex 77.102192 82.993237 40.790020
      vertex 76.679263 86.253768 40.726813
      vertex 76.748505 86.357342 43.077510
    endloop
  endfacet
  facet normal 0.991188 0.127827 -0.034733
    outer loop
      vertex 77.102192 82.993237 40.790020
      vertex 76.748505 86.357342 43.077510
      vertex 77.174690 83.071705 43.147704
    endloop
  endfacet
  facet normal -0.991192 -0.127814 0.034680
    outer loop
      vertex 75.695412 84.782092 39.784105
      vertex 76.072068 81.878293 39.847311
      vertex 76.144232 81.956400 42.197704
    endloop
  endfacet
  facet normal -0.991198 -0.127737 0.034772
    outer loop
      vertex 75.695412 84.782092 39.784105
      vertex 76.144232 81.956400 42.197704
      vertex 75.764334 84.885189 42.127510
    endloop
  endfacet
  facet normal -0.318498 0.947372 -0.032347
    outer loop
      vertex 76.679263 86.253768 40.726813
      vertex 73.298169 85.117403 40.736416
      vertex 73.341377 85.212227 43.088175
    endloop
  endfacet
  facet normal -0.318506 0.947368 -0.032360
    outer loop
      vertex 76.679263 86.253768 40.726813
      vertex 73.341377 85.212227 43.088175
      vertex 76.748505 86.357342 43.077510
    endloop
  endfacet
  facet normal 0.318508 -0.947369 0.032311
    outer loop
      vertex 72.684241 83.770056 39.793708
      vertex 75.695412 84.782092 39.784105
      vertex 75.764334 84.885189 42.127510
    endloop
  endfacet
  facet normal 0.318518 -0.947367 0.032297
    outer loop
      vertex 72.684241 83.770056 39.793708
      vertex 75.764334 84.885189 42.127510
      vertex 72.727249 83.864443 42.138175
    endloop
  endfacet
  facet normal -0.319311 0.947099 -0.032316
    outer loop
      vertex 73.298169 85.117403 40.736416
      vertex 69.692846 83.902014 40.740291
      vertex 69.708292 83.987480 43.092478
    endloop
  endfacet
  facet normal -0.319314 0.947098 -0.032321
    outer loop
      vertex 73.298169 85.117403 40.736416
      vertex 69.708292 83.987480 43.092478
      vertex 73.341377 85.212227 43.088175
    endloop
  endfacet
  facet normal 0.319315 -0.947099 0.032272
    outer loop
      vertex 69.473373 82.687642 39.797582
      vertex 72.684241 83.770056 39.793708
      vertex 72.727249 83.864443 42.138175
    endloop
  endfacet
  facet normal 0.319319 -0.947098 0.032267
    outer loop
      vertex 69.473373 82.687642 39.797582
      vertex 72.727249 83.864443 42.138175
      vertex 69.488748 82.772714 42.142478
    endloop
  endfacet
  facet normal -0.341247 0.939432 -0.031895
    outer loop
      vertex 69.692846 83.902014 40.740291
      vertex 65.861202 82.510118 40.738621
      vertex 65.847144 82.584866 43.090623
    endloop
  endfacet
  facet normal -0.341246 0.939433 -0.031893
    outer loop
      vertex 69.692846 83.902014 40.740291
      vertex 65.847144 82.584866 43.090623
      vertex 69.708292 83.987480 43.092478
    endloop
  endfacet
  facet normal 0.341247 -0.939434 0.031845
    outer loop
      vertex 66.060946 81.448032 39.795912
      vertex 69.473373 82.687642 39.797582
      vertex 69.488748 82.772714 42.142478
    endloop
  endfacet
  facet normal 0.341245 -0.939435 0.031847
    outer loop
      vertex 66.060946 81.448032 39.795912
      vertex 69.488748 82.772714 42.142478
      vertex 66.046953 81.522435 42.140623
    endloop
  endfacet
  facet normal -0.391649 0.919573 -0.031575
    outer loop
      vertex 65.861202 82.510118 40.738621
      vertex 61.978487 80.856229 40.731955
      vertex 61.934532 80.918242 43.083221
    endloop
  endfacet
  facet normal -0.391644 0.919575 -0.031566
    outer loop
      vertex 65.861202 82.510118 40.738621
      vertex 61.934532 80.918242 43.083221
      vertex 65.847144 82.584866 43.090623
    endloop
  endfacet
  facet normal 0.391644 -0.919577 0.031518
    outer loop
      vertex 62.603035 79.975094 39.789247
      vertex 66.060946 81.448032 39.795912
      vertex 66.046953 81.522435 42.140623
    endloop
  endfacet
  facet normal 0.391639 -0.919579 0.031527
    outer loop
      vertex 62.603035 79.975094 39.789247
      vertex 66.046953 81.522435 42.140623
      vertex 62.559283 80.036821 42.133221
    endloop
  endfacet
  facet normal -0.441487 0.896700 -0.031920
    outer loop
      vertex 61.978487 80.856229 40.731955
      vertex 58.314574 79.051879 40.719750
      vertex 58.242406 79.099998 43.069666
    endloop
  endfacet
  facet normal -0.441479 0.896704 -0.031903
    outer loop
      vertex 61.978487 80.856229 40.731955
      vertex 58.242406 79.099998 43.069666
      vertex 61.934532 80.918242 43.083221
    endloop
  endfacet
  facet normal 0.441478 -0.896707 0.031855
    outer loop
      vertex 59.339988 78.368156 39.777042
      vertex 62.603035 79.975094 39.789247
      vertex 62.559283 80.036821 42.133221
    endloop
  endfacet
  facet normal 0.441468 -0.896711 0.031871
    outer loop
      vertex 59.339988 78.368156 39.777042
      vertex 62.559283 80.036821 42.133221
      vertex 59.268154 78.416053 42.119666
    endloop
  endfacet
  facet normal -0.463031 0.885750 -0.032384
    outer loop
      vertex 58.314574 79.051879 40.719750
      vertex 54.935856 77.284952 40.701082
      vertex 54.837673 77.319466 43.048935
    endloop
  endfacet
  facet normal -0.463017 0.885758 -0.032357
    outer loop
      vertex 58.314574 79.051879 40.719750
      vertex 54.837673 77.319466 43.048935
      vertex 58.242406 79.099998 43.069666
    endloop
  endfacet
  facet normal 0.463015 -0.885761 0.032308
    outer loop
      vertex 56.330934 76.794547 39.758373
      vertex 59.339988 78.368156 39.777042
      vertex 59.268154 78.416053 42.119666
    endloop
  endfacet
  facet normal 0.462999 -0.885769 0.032334
    outer loop
      vertex 56.330934 76.794547 39.758373
      vertex 59.268154 78.416053 42.119666
      vertex 56.233203 76.828902 42.098935
    endloop
  endfacet
  facet normal -0.464152 0.885161 -0.032458
    outer loop
      vertex 54.935856 77.284952 40.701082
      vertex 51.771680 75.624834 40.676073
      vertex 51.649132 75.646565 43.021161
    endloop
  endfacet
  facet normal -0.464132 0.885172 -0.032422
    outer loop
      vertex 54.935856 77.284952 40.701082
      vertex 51.649132 75.646565 43.021161
      vertex 54.837673 77.319466 43.048935
    endloop
  endfacet
  facet normal 0.464129 -0.885176 0.032372
    outer loop
      vertex 53.512947 75.316062 39.733365
      vertex 56.330934 76.794547 39.758373
      vertex 56.233203 76.828902 42.098935
    endloop
  endfacet
  facet normal 0.464106 -0.885187 0.032407
    outer loop
      vertex 53.512947 75.316062 39.733365
      vertex 56.233203 76.828902 42.098935
      vertex 53.390965 75.337692 42.071161
    endloop
  endfacet
  facet normal -0.458171 0.888280 -0.032218
    outer loop
      vertex 51.771680 75.624834 40.676073
      vertex 48.755029 74.067744 40.645346
      vertex 48.609252 74.077485 42.987038
    endloop
  endfacet
  facet normal -0.458146 0.888295 -0.032173
    outer loop
      vertex 51.771680 75.624834 40.676073
      vertex 48.609252 74.077485 42.987038
      vertex 51.649132 75.646565 43.021161
    endloop
  endfacet
  facet normal 0.458141 -0.888299 0.032124
    outer loop
      vertex 50.826345 73.929331 39.702638
      vertex 53.512947 75.316062 39.733365
      vertex 53.390965 75.337692 42.071161
    endloop
  endfacet
  facet normal 0.458111 -0.888313 0.032166
    outer loop
      vertex 50.826345 73.929331 39.702638
      vertex 53.390965 75.337692 42.071161
      vertex 50.681241 73.939028 42.037038
    endloop
  endfacet
  facet normal -0.534734 -0.844498 -0.029717
    outer loop
      vertex 48.755029 74.067744 40.645346
      vertex 51.882207 72.086046 40.690139
      vertex 51.760510 72.080528 43.036781
    endloop
  endfacet
  facet normal -0.534701 -0.844516 -0.029773
    outer loop
      vertex 48.755029 74.067744 40.645346
      vertex 51.760510 72.080528 43.036781
      vertex 48.609252 74.077485 42.987038
    endloop
  endfacet
  facet normal 0.534696 0.844521 0.029728
    outer loop
      vertex 53.611382 72.164449 39.747430
      vertex 50.826345 73.929331 39.702638
      vertex 50.681241 73.939028 42.037038
    endloop
  endfacet
  facet normal 0.534664 0.844544 0.029669
    outer loop
      vertex 53.611382 72.164449 39.747430
      vertex 50.681241 73.939028 42.037038
      vertex 53.490246 72.158957 42.086781
    endloop
  endfacet
  facet normal -0.542226 -0.839696 -0.030038
    outer loop
      vertex 51.882207 72.086046 40.690139
      vertex 55.172864 69.959615 40.732641
      vertex 55.076505 69.937724 43.083982
    endloop
  endfacet
  facet normal -0.542196 -0.839713 -0.030093
    outer loop
      vertex 51.882207 72.086046 40.690139
      vertex 55.076505 69.937724 43.083982
      vertex 51.760510 72.080528 43.036781
    endloop
  endfacet
  facet normal 0.542192 0.839717 0.030047
    outer loop
      vertex 56.542010 70.270669 39.789933
      vertex 53.611382 72.164449 39.747430
      vertex 53.490246 72.158957 42.086781
    endloop
  endfacet
  facet normal 0.542162 0.839738 0.029991
    outer loop
      vertex 56.542010 70.270669 39.789933
      vertex 53.490246 72.158957 42.086781
      vertex 56.446096 70.248879 42.133982
    endloop
  endfacet
  facet normal -0.542124 -0.839764 -0.029982
    outer loop
      vertex 55.172864 69.959615 40.732641
      vertex 58.722491 67.666655 40.772922
      vertex 58.653465 67.627108 43.128716
    endloop
  endfacet
  facet normal -0.542098 -0.839779 -0.030034
    outer loop
      vertex 55.172864 69.959615 40.732641
      vertex 58.653465 67.627108 43.128716
      vertex 55.076505 69.937724 43.083982
    endloop
  endfacet
  facet normal 0.542094 0.839783 0.029988
    outer loop
      vertex 59.703276 68.228580 39.830213
      vertex 56.542010 70.270669 39.789933
      vertex 56.446096 70.248879 42.133982
    endloop
  endfacet
  facet normal 0.542068 0.839801 0.029935
    outer loop
      vertex 59.703276 68.228580 39.830213
      vertex 56.446096 70.248879 42.133982
      vertex 59.634568 68.189215 42.178716
    endloop
  endfacet
  facet normal -0.514865 -0.856766 -0.029420
    outer loop
      vertex 58.722491 67.666655 40.772922
      vertex 62.643491 65.309054 40.811225
      vertex 62.604657 65.251353 43.171253
    endloop
  endfacet
  facet normal -0.514842 -0.856778 -0.029468
    outer loop
      vertex 58.722491 67.666655 40.772922
      vertex 62.604657 65.251353 43.171253
      vertex 58.653465 67.627108 43.128716
    endloop
  endfacet
  facet normal 0.514839 0.856782 0.029423
    outer loop
      vertex 63.195282 66.128923 39.868516
      vertex 59.703276 68.228580 39.830213
      vertex 59.634568 68.189215 42.178716
    endloop
  endfacet
  facet normal 0.514816 0.856797 0.029375
    outer loop
      vertex 63.195282 66.128923 39.868516
      vertex 59.634568 68.189215 42.178716
      vertex 63.156627 66.071488 42.221253
    endloop
  endfacet
  facet normal -0.454678 -0.890177 -0.029201
    outer loop
      vertex 62.643491 65.309054 40.811225
      vertex 66.789297 63.190332 40.846524
      vertex 66.782386 63.116316 43.210454
    endloop
  endfacet
  facet normal -0.454657 -0.890186 -0.029246
    outer loop
      vertex 62.643491 65.309054 40.811225
      vertex 66.782386 63.116316 43.210454
      vertex 62.604657 65.251353 43.171253
    endloop
  endfacet
  facet normal 0.454654 0.890189 0.029201
    outer loop
      vertex 66.887499 64.242008 39.903815
      vertex 63.195282 66.128923 39.868516
      vertex 63.156627 66.071488 42.221253
    endloop
  endfacet
  facet normal 0.454633 0.890202 0.029157
    outer loop
      vertex 66.887499 64.242008 39.903815
      vertex 63.156627 66.071488 42.221253
      vertex 66.880619 64.168333 42.260454
    endloop
  endfacet
  facet normal -0.410903 -0.911196 -0.029693
    outer loop
      vertex 66.789297 63.190332 40.846524
      vertex 70.761660 61.398034 40.876136
      vertex 70.785337 61.310218 43.243340
    endloop
  endfacet
  facet normal -0.410883 -0.911203 -0.029731
    outer loop
      vertex 66.789297 63.190332 40.846524
      vertex 70.785337 61.310218 43.243340
      vertex 66.782386 63.116316 43.210454
    endloop
  endfacet
  facet normal 0.410880 0.911206 0.029686
    outer loop
      vertex 70.425249 62.645804 39.933428
      vertex 66.887499 64.242008 39.903815
      vertex 66.880619 64.168333 42.260454
    endloop
  endfacet
  facet normal 0.410860 0.911216 0.029649
    outer loop
      vertex 70.425249 62.645804 39.933428
      vertex 66.880619 64.168333 42.260454
      vertex 70.448816 62.558392 42.293340
    endloop
  endfacet
  facet normal -0.403159 -0.914642 -0.029868
    outer loop
      vertex 70.761660 61.398034 40.876136
      vertex 74.438036 59.776789 40.899386
      vertex 74.490021 59.676489 43.269160
    endloop
  endfacet
  facet normal -0.403143 -0.914649 -0.029899
    outer loop
      vertex 70.761660 61.398034 40.876136
      vertex 74.490021 59.676489 43.269160
      vertex 70.785337 61.310218 43.243340
    endloop
  endfacet
  facet normal 0.403140 0.914651 0.029853
    outer loop
      vertex 73.699396 61.201938 39.956677
      vertex 70.425249 62.645804 39.933428
      vertex 70.448816 62.558392 42.293340
    endloop
  endfacet
  facet normal 0.403123 0.914660 0.029824
    outer loop
      vertex 73.699396 61.201938 39.956677
      vertex 70.448816 62.558392 42.293340
      vertex 73.751141 61.102100 42.319160
    endloop
  endfacet
  facet normal -0.409808 -0.911692 -0.029575
    outer loop
      vertex 74.438036 59.776789 40.899386
      vertex 77.877934 58.229971 40.917103
      vertex 77.956405 58.117760 43.288835
    endloop
  endfacet
  facet normal -0.409795 -0.911697 -0.029598
    outer loop
      vertex 74.438036 59.776789 40.899386
      vertex 77.956405 58.117760 43.288835
      vertex 74.490021 59.676489 43.269160
    endloop
  endfacet
  facet normal 0.409793 0.911700 0.029552
    outer loop
      vertex 76.762937 59.824356 39.974394
      vertex 73.699396 61.201938 39.956677
      vertex 73.751141 61.102100 42.319160
    endloop
  endfacet
  facet normal 0.409779 0.911707 0.029531
    outer loop
      vertex 76.762937 59.824356 39.974394
      vertex 73.751141 61.102100 42.319160
      vertex 76.841047 59.712663 42.338835
    endloop
  endfacet
  facet normal 0.000000 0.000000 1.000000
    outer loop
      vertex 72.513547 65.900753 4.311286
      vertex 72.610382 68.996304 4.311286
      vertex 72.559110 67.409074 4.311286
    endloop
  endfacet
  facet normal 0.000000 0.000000 -1.000000
    outer loop
      vertex 72.513547 65.900753 4.311286
      vertex 72.649189 70.680369 4.311286
      vertex 72.610382 68.996304 4.311286
    endloop
  endfacet
  facet normal 0.000000 0.000000 -1.000000
    outer loop
      vertex 72.513547 65.900753 4.311286
      vertex 72.635503 72.455499 4.311286
      vertex 72.649189 70.680369 4.311286
    endloop
  endfacet
  facet normal 0.000000 0.000000 -1.000000
    outer loop
      vertex 72.513547 65.900753 4.311286
      vertex 72.531101 74.256760 4.311286
      vertex 72.635503 72.455499 4.311286
    endloop
  endfacet
  facet normal 0.000000 0.000000 -1.000000
    outer loop
      vertex 72.513547 65.900753 4.311286
      vertex 72.351663 75.993681 4.311286
      vertex 72.531101 74.256760 4.311286
    endloop
  endfacet
  facet normal 0.000000 0.000000 -1.000000
    outer loop
      vertex 72.513547 65.900753 4.311286
      vertex 72.146141 77.629107 4.311286
      vertex 72.351663 75.993681 4.311286
    endloop
  endfacet
  facet normal 0.000000 0.000000 -1.000000
    outer loop
      vertex 72.513547 65.900753 4.311286
      vertex 71.945834 79.173356 4.311286
      vertex 72.146141 77.629107 4.311286
    endloop
  endfacet
  facet normal 0.000000 0.000000 -1.000000
    outer loop
      vertex 72.513547 65.900753 4.311286
      vertex 70.344484 78.635152 4.311286
      vertex 71.945834 79.173356 4.311286
    endloop
  endfacet
  facet normal 0.000000 0.000000 -1.000000
    outer loop
      vertex 72.513547 65.900753 4.311286
      vertex 68.636934 78.059521 4.311286
      vertex 70.344484 78.635152 4.311286
    endloop
  endfacet
  facet normal 0.000000 0.000000 -1.000000
    outer loop
      vertex 72.513547 65.900753 4.311286
      vertex 66.822195 77.400292 4.311286
      vertex 68.636934 78.059521 4.311286
    endloop
  endfacet
  facet normal 0.000000 0.000000 -1.000000
    outer loop
      vertex 72.513547 65.900753 4.311286
      vertex 64.983267 76.616979 4.311286
      vertex 66.822195 77.400292 4.311286
    endloop
  endfacet
  facet normal 0.000000 0.000000 -1.000000
    outer loop
      vertex 72.513547 65.900753 4.311286
      vertex 63.247968 75.762404 4.311286
      vertex 64.983267 76.616979 4.311286
    endloop
  endfacet
  facet normal 0.000000 0.000000 -1.000000
    outer loop
      vertex 72.513547 65.900753 4.311286
      vertex 61.647743 74.925554 4.311286
      vertex 63.247968 75.762404 4.311286
    endloop
  endfacet
  facet normal 0.000000 0.000000 -1.000000
    outer loop
      vertex 72.513547 65.900753 4.311286
      vertex 60.149129 74.139291 4.311286
      vertex 61.647743 74.925554 4.311286
    endloop
  endfacet
  facet normal 0.000000 0.000000 -1.000000
    outer loop
      vertex 72.513547 65.900753 4.311286
      vertex 58.720386 73.401823 4.311286
      vertex 60.149129 74.139291 4.311286
    endloop
  endfacet
  facet normal 0.000000 0.000000 -1.000000
    outer loop
      vertex 72.513547 65.900753 4.311286
      vertex 60.201477 72.463254 4.311286
      vertex 58.720386 73.401823 4.311286
    endloop
  endfacet
  facet normal 0.000000 0.000000 -1.000000
    outer loop
      vertex 72.513547 65.900753 4.311286
      vertex 61.759994 71.456135 4.311286
      vertex 60.201477 72.463254 4.311286
    endloop
  endfacet
  facet normal 0.000000 0.000000 -1.000000
    outer loop
      vertex 72.513547 65.900753 4.311286
      vertex 63.441165 70.370146 4.311286
      vertex 61.759994 71.456135 4.311286
    endloop
  endfacet
  facet normal 0.000000 0.000000 -1.000000
    outer loop
      vertex 72.513547 65.900753 4.311286
      vertex 65.298225 69.253541 4.311286
      vertex 63.441165 70.370146 4.311286
    endloop
  endfacet
  facet normal 0.000000 0.000000 -1.000000
    outer loop
      vertex 72.513547 65.900753 4.311286
      vertex 67.261758 68.250074 4.311286
      vertex 65.298225 69.253541 4.311286
    endloop
  endfacet
  facet normal 0.000000 0.000000 -1.000000
    outer loop
      vertex 72.513547 65.900753 4.311286
      vertex 69.143145 67.401208 4.311286
      vertex 67.261758 68.250074 4.311286
    endloop
  endfacet
  facet normal 0.000000 0.000000 1.000000
    outer loop
      vertex 72.513547 65.900753 4.311286
      vertex 70.884347 66.633355 4.311286
      vertex 69.143145 67.401208 4.311286
    endloop
  endfacet
  facet normal -0.636072 0.013471 0.771512
    outer loop
      vertex 77.956405 58.117760 43.288835
      vertex 78.053348 61.326955 43.312723
      vertex 76.927460 62.573312 42.362723
    endloop
  endfacet
  facet normal -0.637669 0.012831 0.770204
    outer loop
      vertex 77.956405 58.117760 43.288835
      vertex 76.927460 62.573312 42.362723
      vertex 76.841047 59.712663 42.338835
    endloop
  endfacet
  facet normal -0.632714 0.017749 0.774182
    outer loop
      vertex 78.053348 61.326955 43.312723
      vertex 78.162437 64.704039 43.324456
      vertex 77.024701 65.583617 42.374456
    endloop
  endfacet
  facet normal -0.633434 0.017446 0.773600
    outer loop
      vertex 78.053348 61.326955 43.312723
      vertex 77.024701 65.583617 42.374456
      vertex 76.927460 62.573312 42.362723
    endloop
  endfacet
  facet normal -0.634027 0.015216 0.773161
    outer loop
      vertex 78.162437 64.704039 43.324456
      vertex 78.245005 68.287157 43.321651
      vertex 77.098302 68.777578 42.371651
    endloop
  endfacet
  facet normal -0.633871 0.015286 0.773287
    outer loop
      vertex 78.162437 64.704039 43.324456
      vertex 77.098302 68.777578 42.371651
      vertex 77.024701 65.583617 42.374456
    endloop
  endfacet
  facet normal -0.639047 -0.000825 0.769168
    outer loop
      vertex 78.245005 68.287157 43.321651
      vertex 78.215884 72.064030 43.301508
      vertex 77.072344 72.144251 42.351508
    endloop
  endfacet
  facet normal -0.638047 -0.000313 0.769997
    outer loop
      vertex 78.245005 68.287157 43.321651
      vertex 77.072344 72.144251 42.351508
      vertex 77.098302 68.777578 42.371651
    endloop
  endfacet
  facet normal -0.641600 -0.029550 0.766470
    outer loop
      vertex 78.215884 72.064030 43.301508
      vertex 77.993754 75.896501 43.263323
      vertex 76.874339 75.560483 42.313323
    endloop
  endfacet
  facet normal -0.639935 -0.028507 0.767900
    outer loop
      vertex 78.215884 72.064030 43.301508
      vertex 76.874339 75.560483 42.313323
      vertex 77.072344 72.144251 42.351508
    endloop
  endfacet
  facet normal -0.638726 -0.055027 0.767464
    outer loop
      vertex 77.993754 75.896501 43.263323
      vertex 77.611971 79.592076 43.210553
      vertex 76.534021 78.854688 42.260553
    endloop
  endfacet
  facet normal -0.636752 -0.053460 0.769213
    outer loop
      vertex 77.993754 75.896501 43.263323
      vertex 76.534021 78.854688 42.260553
      vertex 76.874339 75.560483 42.313323
    endloop
  endfacet
  facet normal -0.636701 -0.066137 0.768270
    outer loop
      vertex 77.611971 79.592076 43.210553
      vertex 77.174690 83.071705 43.147704
      vertex 76.144232 81.956400 42.197704
    endloop
  endfacet
  facet normal -0.634752 -0.064165 0.770048
    outer loop
      vertex 77.611971 79.592076 43.210553
      vertex 76.144232 81.956400 42.197704
      vertex 76.534021 78.854688 42.260553
    endloop
  endfacet
  facet normal -0.639601 -0.066603 0.765817
    outer loop
      vertex 77.174690 83.071705 43.147704
      vertex 76.748505 86.357342 43.077510
      vertex 75.764334 84.885189 42.127510
    endloop
  endfacet
  facet normal -0.637878 -0.064347 0.767445
    outer loop
      vertex 77.174690 83.071705 43.147704
      vertex 75.764334 84.885189 42.127510
      vertex 76.144232 81.956400 42.197704
    endloop
  endfacet
  facet normal 0.212689 -0.625837 0.750394
    outer loop
      vertex 76.748505 86.357342 43.077510
      vertex 73.341377 85.212227 43.088175
      vertex 72.727249 83.864443 42.138175
    endloop
  endfacet
  facet normal 0.213151 -0.626366 0.749821
    outer loop
      vertex 76.748505 86.357342 43.077510
      vertex 72.727249 83.864443 42.138175
      vertex 75.764334 84.885189 42.127510
    endloop
  endfacet
  facet normal 0.211759 -0.625523 0.750919
    outer loop
      vertex 73.341377 85.212227 43.088175
      vertex 69.708292 83.987480 43.092478
      vertex 69.488748 82.772714 42.142478
    endloop
  endfacet
  facet normal 0.211932 -0.625715 0.750710
    outer loop
      vertex 73.341377 85.212227 43.088175
      vertex 69.488748 82.772714 42.142478
      vertex 72.727249 83.864443 42.138175
    endloop
  endfacet
  facet normal 0.226739 -0.625160 0.746836
    outer loop
      vertex 69.708292 83.987480 43.092478
      vertex 65.847144 82.584866 43.090623
      vertex 66.046953 81.522435 42.140623
    endloop
  endfacet
  facet normal 0.226669 -0.625088 0.746918
    outer loop
      vertex 69.708292 83.987480 43.092478
      vertex 66.046953 81.522435 42.140623
      vertex 69.488748 82.772714 42.142478
    endloop
  endfacet
  facet normal 0.261004 -0.616042 0.743216
    outer loop
      vertex 65.847144 82.584866 43.090623
      vertex 61.934532 80.918242 43.083221
      vertex 62.559283 80.036821 42.133221
    endloop
  endfacet
  facet normal 0.260728 -0.615798 0.743514
    outer loop
      vertex 65.847144 82.584866 43.090623
      vertex 62.559283 80.036821 42.133221
      vertex 66.046953 81.522435 42.140623
    endloop
  endfacet
  facet normal 0.291967 -0.598430 0.746081
    outer loop
      vertex 61.934532 80.918242 43.083221
      vertex 58.242406 79.099998 43.069666
      vertex 59.268154 78.416053 42.119666
    endloop
  endfacet
  facet normal 0.291455 -0.598072 0.746568
    outer loop
      vertex 61.934532 80.918242 43.083221
      vertex 59.268154 78.416053 42.119666
      vertex 62.559283 80.036821 42.133221
    endloop
  endfacet
  facet normal 0.303246 -0.588592 0.749401
    outer loop
      vertex 58.242406 79.099998 43.069666
      vertex 54.837673 77.319466 43.048935
      vertex 56.233203 76.828902 42.098935
    endloop
  endfacet
  facet normal 0.302469 -0.588178 0.750040
    outer loop
      vertex 58.242406 79.099998 43.069666
      vertex 56.233203 76.828902 42.098935
      vertex 59.268154 78.416053 42.119666
    endloop
  endfacet
  facet normal 0.303249 -0.590409 0.747969
    outer loop
      vertex 54.837673 77.319466 43.048935
      vertex 51.649132 75.646565 43.021161
      vertex 53.390965 75.337692 42.071161
    endloop
  endfacet
  facet normal 0.302248 -0.590027 0.748675
    outer loop
      vertex 54.837673 77.319466 43.048935
      vertex 53.390965 75.337692 42.071161
      vertex 56.233203 76.828902 42.098935
    endloop
  endfacet
  facet normal 0.300536 -0.598400 0.742695
    outer loop
      vertex 51.649132 75.646565 43.021161
      vertex 48.609252 74.077485 42.987038
      vertex 50.681241 73.939028 42.037038
    endloop
  endfacet
  facet normal 0.299375 -0.598135 0.743377
    outer loop
      vertex 51.649132 75.646565 43.021161
      vertex 50.681241 73.939028 42.037038
      vertex 53.390965 75.337692 42.071161
    endloop
  endfacet
  facet normal 0.365916 0.595247 0.715392
    outer loop
      vertex 48.609252 74.077485 42.987038
      vertex 51.760510 72.080528 43.036781
      vertex 53.490246 72.158957 42.086781
    endloop
  endfacet
  facet normal 0.366611 0.598430 0.712375
    outer loop
      vertex 48.609252 74.077485 42.987038
      vertex 53.490246 72.158957 42.086781
      vertex 50.681241 73.939028 42.037038
    endloop
  endfacet
  facet normal 0.368040 0.585455 0.722349
    outer loop
      vertex 51.760510 72.080528 43.036781
      vertex 55.076505 69.937724 43.083982
      vertex 56.446096 70.248879 42.133982
    endloop
  endfacet
  facet normal 0.368637 0.588253 0.719768
    outer loop
      vertex 51.760510 72.080528 43.036781
      vertex 56.446096 70.248879 42.133982
      vertex 53.490246 72.158957 42.086781
    endloop
  endfacet
  facet normal 0.367555 0.583024 0.724560
    outer loop
      vertex 55.076505 69.937724 43.083982
      vertex 58.653465 67.627108 43.128716
      vertex 59.634568 68.189215 42.178716
    endloop
  endfacet
  facet normal 0.368046 0.585445 0.722355
    outer loop
      vertex 55.076505 69.937724 43.083982
      vertex 59.634568 68.189215 42.178716
      vertex 56.446096 70.248879 42.133982
    endloop
  endfacet
  facet normal 0.351678 0.597785 0.720400
    outer loop
      vertex 58.653465 67.627108 43.128716
      vertex 62.604657 65.251353 43.171253
      vertex 63.156627 66.071488 42.221253
    endloop
  endfacet
  facet normal 0.352017 0.599882 0.718488
    outer loop
      vertex 58.653465 67.627108 43.128716
      vertex 63.156627 66.071488 42.221253
      vertex 59.634568 68.189215 42.178716
    endloop
  endfacet
  facet normal 0.310572 0.620926 0.719719
    outer loop
      vertex 62.604657 65.251353 43.171253
      vertex 66.782386 63.116316 43.210454
      vertex 66.880619 64.168333 42.260454
    endloop
  endfacet
  facet normal 0.310686 0.622726 0.718114
    outer loop
      vertex 62.604657 65.251353 43.171253
      vertex 66.880619 64.168333 42.260454
      vertex 63.156627 66.071488 42.221253
    endloop
  endfacet
  facet normal 0.277427 0.628114 0.726985
    outer loop
      vertex 66.782386 63.116316 43.210454
      vertex 70.785337 61.310218 43.243340
      vertex 70.448816 62.558392 42.293340
    endloop
  endfacet
  facet normal 0.277345 0.629519 0.725800
    outer loop
      vertex 66.782386 63.116316 43.210454
      vertex 70.448816 62.558392 42.293340
      vertex 66.880619 64.168333 42.260454
    endloop
  endfacet
  facet normal 0.271494 0.627185 0.730021
    outer loop
      vertex 70.785337 61.310218 43.243340
      vertex 74.490021 59.676489 43.269160
      vertex 73.751141 61.102100 42.319160
    endloop
  endfacet
  facet normal 0.271318 0.628177 0.729232
    outer loop
      vertex 70.785337 61.310218 43.243340
      vertex 73.751141 61.102100 42.319160
      vertex 70.448816 62.558392 42.293340
    endloop
  endfacet
  facet normal 0.278090 0.627611 0.727166
    outer loop
      vertex 74.490021 59.676489 43.269160
      vertex 77.956405 58.117760 43.288835
      vertex 76.841047 59.712663 42.338835
    endloop
  endfacet
  facet normal 0.277886 0.628268 0.726676
    outer loop
      vertex 74.490021 59.676489 43.269160
      vertex 76.841047 59.712663 42.338835
      vertex 73.751141 61.102100 42.319160
    endloop
  endfacet
  facet normal 0.000000 0.000000 -1.000000
    outer loop
      vertex 71.569403 67.250827 8.984498
      vertex 71.606054 68.464107 8.984498
      vertex 71.647296 69.740860 8.984498
    endloop
  endfacet
  facet normal 0.000000 0.000000 1.000000
    outer loop
      vertex 71.569403 67.250827 8.984498
      vertex 71.647296 69.740860 8.984498
      vertex 71.678513 71.095507 8.984498
    endloop
  endfacet
  facet normal 0.000000 0.000000 1.000000
    outer loop
      vertex 71.569403 67.250827 8.984498
      vertex 71.678513 71.095507 8.984498
      vertex 71.667503 72.523406 8.984498
    endloop
  endfacet
  facet normal 0.000000 0.000000 1.000000
    outer loop
      vertex 71.569403 67.250827 8.984498
      vertex 71.667503 72.523406 8.984498
      vertex 71.583524 73.972323 8.984498
    endloop
  endfacet
  facet normal 0.000000 -0.000000 1.000000
    outer loop
      vertex 71.569403 67.250827 8.984498
      vertex 71.583524 73.972323 8.984498
      vertex 71.439185 75.369486 8.984498
    endloop
  endfacet
  facet normal 0.000000 0.000000 1.000000
    outer loop
      vertex 71.569403 67.250827 8.984498
      vertex 71.439185 75.369486 8.984498
      vertex 71.273865 76.685008 8.984498
    endloop
  endfacet
  facet normal 0.000000 0.000000 1.000000
    outer loop
      vertex 71.569403 67.250827 8.984498
      vertex 71.273865 76.685008 8.984498
      vertex 71.112740 77.927188 8.984498
    endloop
  endfacet
  facet normal 0.000000 0.000000 1.000000
    outer loop
      vertex 71.569403 67.250827 8.984498
      vertex 71.112740 77.927188 8.984498
      vertex 69.824629 77.494261 8.984498
    endloop
  endfacet
  facet normal 0.000000 0.000000 1.000000
    outer loop
      vertex 71.569403 67.250827 8.984498
      vertex 69.824629 77.494261 8.984498
      vertex 68.451091 77.031229 8.984498
    endloop
  endfacet
  facet normal 0.000000 0.000000 1.000000
    outer loop
      vertex 71.569403 67.250827 8.984498
      vertex 68.451091 77.031229 8.984498
      vertex 66.991332 76.500951 8.984498
    endloop
  endfacet
  facet normal 0.000000 0.000000 1.000000
    outer loop
      vertex 71.569403 67.250827 8.984498
      vertex 66.991332 76.500951 8.984498
      vertex 65.512115 75.870862 8.984498
    endloop
  endfacet
  facet normal 0.000000 0.000000 1.000000
    outer loop
      vertex 71.569403 67.250827 8.984498
      vertex 65.512115 75.870862 8.984498
      vertex 64.116256 75.183449 8.984498
    endloop
  endfacet
  facet normal 0.000000 0.000000 1.000000
    outer loop
      vertex 71.569403 67.250827 8.984498
      vertex 64.116256 75.183449 8.984498
      vertex 62.829050 74.510295 8.984498
    endloop
  endfacet
  facet normal 0.000000 0.000000 1.000000
    outer loop
      vertex 71.569403 67.250827 8.984498
      vertex 62.829050 74.510295 8.984498
      vertex 61.623579 73.877832 8.984498
    endloop
  endfacet
  facet normal 0.000000 0.000000 1.000000
    outer loop
      vertex 71.569403 67.250827 8.984498
      vertex 61.623579 73.877832 8.984498
      vertex 60.474311 73.284620 8.984498
    endloop
  endfacet
  facet normal 0.000000 0.000000 1.000000
    outer loop
      vertex 71.569403 67.250827 8.984498
      vertex 60.474311 73.284620 8.984498
      vertex 61.665687 72.529643 8.984498
    endloop
  endfacet
  facet normal 0.000000 0.000000 1.000000
    outer loop
      vertex 71.569403 67.250827 8.984498
      vertex 61.665687 72.529643 8.984498
      vertex 62.919344 71.719526 8.984498
    endloop
  endfacet
  facet normal 0.000000 0.000000 1.000000
    outer loop
      vertex 71.569403 67.250827 8.984498
      vertex 62.919344 71.719526 8.984498
      vertex 64.271663 70.845966 8.984498
    endloop
  endfacet
  facet normal 0.000000 0.000000 1.000000
    outer loop
      vertex 71.569403 67.250827 8.984498
      vertex 64.271663 70.845966 8.984498
      vertex 65.765465 69.947780 8.984498
    endloop
  endfacet
  facet normal 0.000000 0.000000 1.000000
    outer loop
      vertex 71.569403 67.250827 8.984498
      vertex 65.765465 69.947780 8.984498
      vertex 67.344912 69.140600 8.984498
    endloop
  endfacet
  facet normal 0.000000 0.000000 1.000000
    outer loop
      vertex 71.569403 67.250827 8.984498
      vertex 67.344912 69.140600 8.984498
      vertex 68.858283 68.457780 8.984498
    endloop
  endfacet
  facet normal 0.000000 0.000000 -1.000000
    outer loop
      vertex 71.569403 67.250827 8.984498
      vertex 68.858283 68.457780 8.984498
      vertex 70.258889 67.840126 8.984498
    endloop
  endfacet
  facet normal -0.956852 -0.290362 -0.011148
    outer loop
      vertex 88.466525 16.911892 4.311286
      vertex 88.993176 15.176381 4.311286
      vertex 88.959065 15.203201 6.540509
    endloop
  endfacet
  facet normal -0.956852 -0.290362 -0.011148
    outer loop
      vertex 88.466525 16.911892 4.311286
      vertex 88.959065 15.203201 6.540509
      vertex 88.427638 16.954454 6.540509
    endloop
  endfacet
  facet normal -0.961159 -0.275759 -0.011390
    outer loop
      vertex 88.993176 15.176381 4.311286
      vertex 89.527717 13.313239 4.311286
      vertex 89.498454 13.323160 6.540509
    endloop
  endfacet
  facet normal -0.961159 -0.275759 -0.011390
    outer loop
      vertex 88.993176 15.176381 4.311286
      vertex 89.498454 13.323160 6.540509
      vertex 88.959065 15.203201 6.540509
    endloop
  endfacet
  facet normal -0.964576 -0.263554 -0.011489
    outer loop
      vertex 89.527717 13.313239 4.311286
      vertex 90.098444 11.224442 4.311286
      vertex 90.074359 11.215417 6.540509
    endloop
  endfacet
  facet normal -0.964576 -0.263554 -0.011489
    outer loop
      vertex 89.527717 13.313239 4.311286
      vertex 90.074359 11.215417 6.540509
      vertex 89.498454 13.323160 6.540509
    endloop
  endfacet
  facet normal -0.947152 -0.320577 -0.011531
    outer loop
      vertex 90.098444 11.224442 4.311286
      vertex 90.885050 8.900395 4.311286
      vertex 90.868099 8.870290 6.540509
    endloop
  endfacet
  facet normal -0.947152 -0.320577 -0.011531
    outer loop
      vertex 90.098444 11.224442 4.311286
      vertex 90.868099 8.870290 6.540509
      vertex 90.074359 11.215417 6.540509
    endloop
  endfacet
  facet normal -0.913831 -0.405905 -0.012430
    outer loop
      vertex 90.885050 8.900395 4.311286
      vertex 91.806847 6.825117 4.311286
      vertex 91.798257 6.776188 6.540509
    endloop
  endfacet
  facet normal -0.913831 -0.405905 -0.012430
    outer loop
      vertex 90.885050 8.900395 4.311286
      vertex 91.798257 6.776188 6.540509
      vertex 90.868099 8.870290 6.540509
    endloop
  endfacet
  facet normal -0.914345 -0.404747 -0.012407
    outer loop
      vertex 91.806847 6.825117 4.311286
      vertex 91.961251 6.476309 4.311286
      vertex 91.954062 6.424217 6.540509
    endloop
  endfacet
  facet normal -0.914345 -0.404747 -0.012407
    outer loop
      vertex 91.806847 6.825117 4.311286
      vertex 91.954062 6.424217 6.540509
      vertex 91.798257 6.776188 6.540509
    endloop
  endfacet
  facet normal 0.000000 -0.999727 -0.023362
    outer loop
      vertex 91.961251 6.476309 4.311286
      vertex 95.304939 6.476309 4.311286
      vertex 95.328078 6.424217 6.540509
    endloop
  endfacet
  facet normal 0.000000 -0.999727 -0.023362
    outer loop
      vertex 91.961251 6.476309 4.311286
      vertex 95.328078 6.424217 6.540509
      vertex 91.954062 6.424217 6.540509
    endloop
  endfacet
  facet normal 0.961290 -0.275049 -0.016405
    outer loop
      vertex 95.304939 6.476309 4.311286
      vertex 95.457974 7.011163 4.311286
      vertex 95.482501 6.963922 6.540509
    endloop
  endfacet
  facet normal 0.961290 -0.275049 -0.016405
    outer loop
      vertex 95.304939 6.476309 4.311286
      vertex 95.482501 6.963922 6.540509
      vertex 95.328078 6.424217 6.540509
    endloop
  endfacet
  facet normal 0.963776 -0.266219 -0.016246
    outer loop
      vertex 95.457974 7.011163 4.311286
      vertex 95.890924 8.578540 4.311286
      vertex 95.919378 8.545515 6.540509
    endloop
  endfacet
  facet normal 0.963776 -0.266219 -0.016246
    outer loop
      vertex 95.457974 7.011163 4.311286
      vertex 95.919378 8.545515 6.540509
      vertex 95.482501 6.963922 6.540509
    endloop
  endfacet
  facet normal 0.975988 -0.217260 -0.015676
    outer loop
      vertex 95.890924 8.578540 4.311286
      vertex 96.268028 10.272586 4.311286
      vertex 96.299903 10.254927 6.540509
    endloop
  endfacet
  facet normal 0.975988 -0.217260 -0.015676
    outer loop
      vertex 95.890924 8.578540 4.311286
      vertex 96.299903 10.254927 6.540509
      vertex 95.919378 8.545515 6.540509
    endloop
  endfacet
  facet normal 0.988643 -0.149501 -0.015320
    outer loop
      vertex 96.268028 10.272586 4.311286
      vertex 96.521986 11.951994 4.311286
      vertex 96.556164 11.949568 6.540509
    endloop
  endfacet
  facet normal 0.988643 -0.149501 -0.015320
    outer loop
      vertex 96.268028 10.272586 4.311286
      vertex 96.556164 11.949568 6.540509
      vertex 96.299903 10.254927 6.540509
    endloop
  endfacet
  facet normal 0.992707 -0.119567 -0.015350
    outer loop
      vertex 96.521986 11.951994 4.311286
      vertex 96.709225 13.506549 4.311286
      vertex 96.745102 13.518223 6.540509
    endloop
  endfacet
  facet normal 0.992707 -0.119567 -0.015350
    outer loop
      vertex 96.521986 11.951994 4.311286
      vertex 96.745102 13.518223 6.540509
      vertex 96.556164 11.949568 6.540509
    endloop
  endfacet
  facet normal 0.461865 0.886868 -0.012078
    outer loop
      vertex 96.709225 13.506549 4.311286
      vertex 95.664106 14.050828 4.311286
      vertex 95.690503 14.067439 6.540509
    endloop
  endfacet
  facet normal 0.461865 0.886868 -0.012078
    outer loop
      vertex 96.709225 13.506549 4.311286
      vertex 95.690503 14.067439 6.540509
      vertex 96.745102 13.518223 6.540509
    endloop
  endfacet
  facet normal 0.429839 0.902828 -0.011817
    outer loop
      vertex 95.664106 14.050828 4.311286
      vertex 94.574251 14.569711 4.311286
      vertex 94.590762 14.591029 6.540509
    endloop
  endfacet
  facet normal 0.429839 0.902828 -0.011817
    outer loop
      vertex 95.664106 14.050828 4.311286
      vertex 94.590762 14.591029 6.540509
      vertex 95.690503 14.067439 6.540509
    endloop
  endfacet
  facet normal 0.393174 0.919389 -0.011704
    outer loop
      vertex 94.574251 14.569711 4.311286
      vertex 93.470703 15.041640 4.311286
      vertex 93.477205 15.067238 6.540509
    endloop
  endfacet
  facet normal 0.393174 0.919389 -0.011704
    outer loop
      vertex 94.574251 14.569711 4.311286
      vertex 93.477205 15.067238 6.540509
      vertex 94.590762 14.591029 6.540509
    endloop
  endfacet
  facet normal 0.364176 0.931256 -0.011756
    outer loop
      vertex 93.470703 15.041640 4.311286
      vertex 92.388547 15.464827 4.311286
      vertex 92.385233 15.494264 6.540509
    endloop
  endfacet
  facet normal 0.364176 0.931256 -0.011756
    outer loop
      vertex 93.470703 15.041640 4.311286
      vertex 92.385233 15.494264 6.540509
      vertex 93.477205 15.067238 6.540509
    endloop
  endfacet
  facet normal 0.348414 0.937266 -0.011859
    outer loop
      vertex 92.388547 15.464827 4.311286
      vertex 91.347056 15.851985 4.311286
      vertex 91.334295 15.884934 6.540509
    endloop
  endfacet
  facet normal 0.348414 0.937266 -0.011859
    outer loop
      vertex 92.388547 15.464827 4.311286
      vertex 91.334295 15.884934 6.540509
      vertex 92.385233 15.494264 6.540509
    endloop
  endfacet
  facet normal 0.343377 0.939122 -0.011915
    outer loop
      vertex 91.347056 15.851985 4.311286
      vertex 90.349378 16.216773 4.311286
      vertex 90.327569 16.253030 6.540509
    endloop
  endfacet
  facet normal 0.343377 0.939122 -0.011915
    outer loop
      vertex 91.347056 15.851985 4.311286
      vertex 90.327569 16.253030 6.540509
      vertex 91.334295 15.884934 6.540509
    endloop
  endfacet
  facet normal 0.344439 0.938733 -0.011898
    outer loop
      vertex 90.349378 16.216773 4.311286
      vertex 89.391193 16.568349 4.311286
      vertex 89.360693 16.607795 6.540509
    endloop
  endfacet
  facet normal 0.344439 0.938733 -0.011898
    outer loop
      vertex 90.349378 16.216773 4.311286
      vertex 89.360693 16.607795 6.540509
      vertex 90.327569 16.253030 6.540509
    endloop
  endfacet
  facet normal 0.348247 0.937328 -0.011821
    outer loop
      vertex 89.391193 16.568349 4.311286
      vertex 88.466525 16.911892 4.311286
      vertex 88.427638 16.954454 6.540509
    endloop
  endfacet
  facet normal 0.348247 0.937328 -0.011821
    outer loop
      vertex 89.391193 16.568349 4.311286
      vertex 88.427638 16.954454 6.540509
      vertex 89.360693 16.607795 6.540509
    endloop
  endfacet
  facet normal -0.956425 -0.290233 -0.031866
    outer loop
      vertex 88.427638 16.954454 6.540509
      vertex 88.959065 15.203201 6.540509
      vertex 88.861005 15.280303 8.781407
    endloop
  endfacet
  facet normal -0.956425 -0.290233 -0.031866
    outer loop
      vertex 88.427638 16.954454 6.540509
      vertex 88.861005 15.280303 8.781407
      vertex 88.315845 17.076810 8.781407
    endloop
  endfacet
  facet normal -0.960712 -0.275631 -0.032556
    outer loop
      vertex 88.959065 15.203201 6.540509
      vertex 89.498454 13.323160 6.540509
      vertex 89.414333 13.351681 8.781407
    endloop
  endfacet
  facet normal -0.960712 -0.275631 -0.032556
    outer loop
      vertex 88.959065 15.203201 6.540509
      vertex 89.414333 13.351681 8.781407
      vertex 88.861005 15.280303 8.781407
    endloop
  endfacet
  facet normal -0.964120 -0.263429 -0.032840
    outer loop
      vertex 89.498454 13.323160 6.540509
      vertex 90.074359 11.215417 6.540509
      vertex 90.005119 11.189472 8.781407
    endloop
  endfacet
  facet normal -0.964120 -0.263429 -0.032840
    outer loop
      vertex 89.498454 13.323160 6.540509
      vertex 90.005119 11.189472 8.781407
      vertex 89.414333 13.351681 8.781407
    endloop
  endfacet
  facet normal -0.946701 -0.320424 -0.032961
    outer loop
      vertex 90.074359 11.215417 6.540509
      vertex 90.868099 8.870290 6.540509
      vertex 90.819370 8.783746 8.781407
    endloop
  endfacet
  facet normal -0.946701 -0.320424 -0.032961
    outer loop
      vertex 90.074359 11.215417 6.540509
      vertex 90.819370 8.783746 8.781407
      vertex 90.005119 11.189472 8.781407
    endloop
  endfacet
  facet normal -0.913324 -0.405680 -0.035528
    outer loop
      vertex 90.868099 8.870290 6.540509
      vertex 91.798257 6.776188 6.540509
      vertex 91.773563 6.635531 8.781407
    endloop
  endfacet
  facet normal -0.913324 -0.405680 -0.035528
    outer loop
      vertex 90.868099 8.870290 6.540509
      vertex 91.773563 6.635531 8.781407
      vertex 90.819370 8.783746 8.781407
    endloop
  endfacet
  facet normal -0.913840 -0.404523 -0.035461
    outer loop
      vertex 91.798257 6.776188 6.540509
      vertex 91.954062 6.424217 6.540509
      vertex 91.933394 6.274465 8.781407
    endloop
  endfacet
  facet normal -0.913840 -0.404523 -0.035461
    outer loop
      vertex 91.798257 6.776188 6.540509
      vertex 91.933394 6.274465 8.781407
      vertex 91.773563 6.635531 8.781407
    endloop
  endfacet
  facet normal 0.000000 -0.997775 -0.066678
    outer loop
      vertex 91.954062 6.424217 6.540509
      vertex 95.328078 6.424217 6.540509
      vertex 95.394597 6.274465 8.781407
    endloop
  endfacet
  facet normal 0.000000 -0.997775 -0.066678
    outer loop
      vertex 91.954062 6.424217 6.540509
      vertex 95.394597 6.274465 8.781407
      vertex 91.933394 6.274465 8.781407
    endloop
  endfacet
  facet normal 0.960363 -0.274784 -0.046871
    outer loop
      vertex 95.328078 6.424217 6.540509
      vertex 95.482501 6.963922 6.540509
      vertex 95.553011 6.828116 8.781407
    endloop
  endfacet
  facet normal 0.960363 -0.274784 -0.046871
    outer loop
      vertex 95.328078 6.424217 6.540509
      vertex 95.553011 6.828116 8.781407
      vertex 95.394597 6.274465 8.781407
    endloop
  endfacet
  facet normal 0.962864 -0.265968 -0.046415
    outer loop
      vertex 95.482501 6.963922 6.540509
      vertex 95.919378 8.545515 6.540509
      vertex 96.001177 8.450579 8.781407
    endloop
  endfacet
  facet normal 0.962864 -0.265968 -0.046415
    outer loop
      vertex 95.482501 6.963922 6.540509
      vertex 96.001177 8.450579 8.781407
      vertex 95.553011 6.828116 8.781407
    endloop
  endfacet
  facet normal 0.975128 -0.217069 -0.044791
    outer loop
      vertex 95.919378 8.545515 6.540509
      vertex 96.299903 10.254927 6.540509
      vertex 96.391534 10.204163 8.781407
    endloop
  endfacet
  facet normal 0.975128 -0.217069 -0.044791
    outer loop
      vertex 95.919378 8.545515 6.540509
      vertex 96.391534 10.204163 8.781407
      vertex 96.001177 8.450579 8.781407
    endloop
  endfacet
  facet normal 0.987811 -0.149376 -0.043776
    outer loop
      vertex 96.299903 10.254927 6.540509
      vertex 96.556164 11.949568 6.540509
      vertex 96.654418 11.942595 8.781407
    endloop
  endfacet
  facet normal 0.987811 -0.149376 -0.043776
    outer loop
      vertex 96.299903 10.254927 6.540509
      vertex 96.654418 11.942595 8.781407
      vertex 96.391534 10.204163 8.781407
    endloop
  endfacet
  facet normal 0.991869 -0.119466 -0.043861
    outer loop
      vertex 96.556164 11.949568 6.540509
      vertex 96.745102 13.518223 6.540509
      vertex 96.848238 13.551784 8.781407
    endloop
  endfacet
  facet normal 0.991869 -0.119466 -0.043861
    outer loop
      vertex 96.556164 11.949568 6.540509
      vertex 96.848238 13.551784 8.781407
      vertex 96.654418 11.942595 8.781407
    endloop
  endfacet
  facet normal 0.461623 0.886404 -0.034521
    outer loop
      vertex 96.745102 13.518223 6.540509
      vertex 95.690503 14.067439 6.540509
      vertex 95.766387 14.115192 8.781407
    endloop
  endfacet
  facet normal 0.461623 0.886404 -0.034521
    outer loop
      vertex 96.745102 13.518223 6.540509
      vertex 95.766387 14.115192 8.781407
      vertex 96.848238 13.551784 8.781407
    endloop
  endfacet
  facet normal 0.429624 0.902376 -0.033778
    outer loop
      vertex 95.690503 14.067439 6.540509
      vertex 94.590762 14.591029 6.540509
      vertex 94.638229 14.652312 8.781407
    endloop
  endfacet
  facet normal 0.429624 0.902376 -0.033778
    outer loop
      vertex 95.690503 14.067439 6.540509
      vertex 94.638229 14.652312 8.781407
      vertex 95.766387 14.115192 8.781407
    endloop
  endfacet
  facet normal 0.392981 0.918938 -0.033455
    outer loop
      vertex 94.590762 14.591029 6.540509
      vertex 93.477205 15.067238 6.540509
      vertex 93.495897 15.140827 8.781407
    endloop
  endfacet
  facet normal 0.392981 0.918938 -0.033455
    outer loop
      vertex 94.590762 14.591029 6.540509
      vertex 93.495897 15.140827 8.781407
      vertex 94.638229 14.652312 8.781407
    endloop
  endfacet
  facet normal 0.363995 0.930794 -0.033602
    outer loop
      vertex 93.477205 15.067238 6.540509
      vertex 92.385233 15.494264 6.540509
      vertex 92.375707 15.578887 8.781407
    endloop
  endfacet
  facet normal 0.363995 0.930794 -0.033602
    outer loop
      vertex 93.477205 15.067238 6.540509
      vertex 92.375707 15.578887 8.781407
      vertex 93.495897 15.140827 8.781407
    endloop
  endfacet
  facet normal 0.348238 0.936793 -0.033896
    outer loop
      vertex 92.385233 15.494264 6.540509
      vertex 91.334295 15.884934 6.540509
      vertex 91.297613 15.979652 8.781407
    endloop
  endfacet
  facet normal 0.348238 0.936793 -0.033896
    outer loop
      vertex 92.385233 15.494264 6.540509
      vertex 91.297613 15.979652 8.781407
      vertex 92.375707 15.578887 8.781407
    endloop
  endfacet
  facet normal 0.343203 0.938644 -0.034056
    outer loop
      vertex 91.334295 15.884934 6.540509
      vertex 90.327569 16.253030 6.540509
      vertex 90.264872 16.357260 8.781407
    endloop
  endfacet
  facet normal 0.343203 0.938644 -0.034056
    outer loop
      vertex 91.334295 15.884934 6.540509
      vertex 90.264872 16.357260 8.781407
      vertex 91.297613 15.979652 8.781407
    endloop
  endfacet
  facet normal 0.344264 0.938257 -0.034009
    outer loop
      vertex 90.327569 16.253030 6.540509
      vertex 89.360693 16.607795 6.540509
      vertex 89.273011 16.721193 8.781407
    endloop
  endfacet
  facet normal 0.344264 0.938257 -0.034009
    outer loop
      vertex 90.327569 16.253030 6.540509
      vertex 89.273011 16.721193 8.781407
      vertex 90.264872 16.357260 8.781407
    endloop
  endfacet
  facet normal 0.348072 0.936859 -0.033789
    outer loop
      vertex 89.360693 16.607795 6.540509
      vertex 88.427638 16.954454 6.540509
      vertex 88.315845 17.076810 8.781407
    endloop
  endfacet
  facet normal 0.348072 0.936859 -0.033789
    outer loop
      vertex 89.360693 16.607795 6.540509
      vertex 88.315845 17.076810 8.781407
      vertex 89.273011 16.721193 8.781407
    endloop
  endfacet
  facet normal -0.955674 -0.290004 -0.050842
    outer loop
      vertex 88.315845 17.076810 8.781407
      vertex 88.861005 15.280303 8.781407
      vertex 88.703770 15.403933 11.031772
    endloop
  endfacet
  facet normal -0.955674 -0.290004 -0.050842
    outer loop
      vertex 88.315845 17.076810 8.781407
      vertex 88.703770 15.403933 11.031772
      vertex 88.136591 17.273001 11.031772
    endloop
  endfacet
  facet normal 0.955628 0.289991 0.051778
    outer loop
      vertex 90.203415 14.224802 8.600351
      vertex 89.846247 15.401804 8.600351
      vertex 89.668724 15.596101 10.788575
    endloop
  endfacet
  facet normal 0.955628 0.289991 0.051778
    outer loop
      vertex 90.203415 14.224802 8.600351
      vertex 89.668724 15.596101 10.788575
      vertex 90.047698 14.347238 10.788575
    endloop
  endfacet
  facet normal -0.959924 -0.275405 -0.051941
    outer loop
      vertex 88.861005 15.280303 8.781407
      vertex 89.414333 13.351681 8.781407
      vertex 89.279447 13.397412 11.031772
    endloop
  endfacet
  facet normal -0.959924 -0.275405 -0.051941
    outer loop
      vertex 88.861005 15.280303 8.781407
      vertex 89.279447 13.397412 11.031772
      vertex 88.703770 15.403933 11.031772
    endloop
  endfacet
  facet normal 0.959876 0.275391 0.052897
    outer loop
      vertex 90.565934 12.961244 8.600351
      vertex 90.203415 14.224802 8.600351
      vertex 90.047698 14.347238 10.788575
    endloop
  endfacet
  facet normal 0.959876 0.275391 0.052897
    outer loop
      vertex 90.565934 12.961244 8.600351
      vertex 90.047698 14.347238 10.788575
      vertex 90.432350 13.006534 10.788575
    endloop
  endfacet
  facet normal -0.963315 -0.263209 -0.052392
    outer loop
      vertex 89.414333 13.351681 8.781407
      vertex 90.005119 11.189472 8.781407
      vertex 89.894095 11.147871 11.031772
    endloop
  endfacet
  facet normal -0.963315 -0.263209 -0.052392
    outer loop
      vertex 89.414333 13.351681 8.781407
      vertex 89.894095 11.147871 11.031772
      vertex 89.279447 13.397412 11.031772
    endloop
  endfacet
  facet normal 0.963266 0.263196 0.053357
    outer loop
      vertex 90.952994 11.544649 8.600351
      vertex 90.565934 12.961244 8.600351
      vertex 90.432350 13.006534 10.788575
    endloop
  endfacet
  facet normal 0.963266 0.263196 0.053357
    outer loop
      vertex 90.952994 11.544649 8.600351
      vertex 90.432350 13.006534 10.788575
      vertex 90.843042 11.503449 10.788575
    endloop
  endfacet
  facet normal -0.945905 -0.320155 -0.052586
    outer loop
      vertex 90.005119 11.189472 8.781407
      vertex 90.819370 8.783746 8.781407
      vertex 90.741235 8.644975 11.031772
    endloop
  endfacet
  facet normal -0.945905 -0.320155 -0.052586
    outer loop
      vertex 90.005119 11.189472 8.781407
      vertex 90.741235 8.644975 11.031772
      vertex 89.894095 11.147871 11.031772
    endloop
  endfacet
  facet normal 0.945856 0.320138 0.053554
    outer loop
      vertex 91.486459 9.968511 8.600351
      vertex 90.952994 11.544649 8.600351
      vertex 90.843042 11.503449 10.788575
    endloop
  endfacet
  facet normal 0.945856 0.320138 0.053554
    outer loop
      vertex 91.486459 9.968511 8.600351
      vertex 90.843042 11.503449 10.788575
      vertex 91.409078 9.831080 10.788575
    endloop
  endfacet
  facet normal -0.912433 -0.405284 -0.056673
    outer loop
      vertex 90.819370 8.783746 8.781407
      vertex 91.773563 6.635531 8.781407
      vertex 91.733968 6.409993 11.031772
    endloop
  endfacet
  facet normal -0.912433 -0.405284 -0.056673
    outer loop
      vertex 90.819370 8.783746 8.781407
      vertex 91.733968 6.409993 11.031772
      vertex 90.741235 8.644975 11.031772
    endloop
  endfacet
  facet normal 0.912378 0.405260 0.057716
    outer loop
      vertex 92.111610 8.561084 8.600351
      vertex 91.486459 9.968511 8.600351
      vertex 91.409078 9.831080 10.788575
    endloop
  endfacet
  facet normal 0.912378 0.405260 0.057716
    outer loop
      vertex 92.111610 8.561084 8.600351
      vertex 91.409078 9.831080 10.788575
      vertex 92.072397 8.337723 10.788575
    endloop
  endfacet
  facet normal -0.912951 -0.404130 -0.056566
    outer loop
      vertex 91.773563 6.635531 8.781407
      vertex 91.933394 6.274465 8.781407
      vertex 91.900255 6.034343 11.031772
    endloop
  endfacet
  facet normal -0.912951 -0.404130 -0.056566
    outer loop
      vertex 91.773563 6.635531 8.781407
      vertex 91.900255 6.034343 11.031772
      vertex 91.733968 6.409993 11.031772
    endloop
  endfacet
  facet normal 0.912896 0.404106 0.057608
    outer loop
      vertex 92.216325 8.324527 8.600351
      vertex 92.111610 8.561084 8.600351
      vertex 92.072397 8.337723 10.788575
    endloop
  endfacet
  facet normal 0.912896 0.404106 0.057608
    outer loop
      vertex 92.216325 8.324527 8.600351
      vertex 92.072397 8.337723 10.788575
      vertex 92.183505 8.086724 10.788575
    endloop
  endfacet
  facet normal 0.000000 -0.994355 -0.106101
    outer loop
      vertex 91.933394 6.274465 8.781407
      vertex 95.394597 6.274465 8.781407
      vertex 95.501258 6.034343 11.031772
    endloop
  endfacet
  facet normal 0.000000 -0.994355 -0.106101
    outer loop
      vertex 91.933394 6.274465 8.781407
      vertex 95.501258 6.034343 11.031772
      vertex 91.900255 6.034343 11.031772
    endloop
  endfacet
  facet normal 0.000000 0.994147 0.108038
    outer loop
      vertex 94.483971 8.324527 8.600351
      vertex 92.216325 8.324527 8.600351
      vertex 92.183505 8.086724 10.788575
    endloop
  endfacet
  facet normal 0.000000 0.994147 0.108038
    outer loop
      vertex 94.483971 8.324527 8.600351
      vertex 92.183505 8.086724 10.788575
      vertex 94.589602 8.086724 10.788575
    endloop
  endfacet
  facet normal 0.958733 -0.274318 -0.074712
    outer loop
      vertex 95.394597 6.274465 8.781407
      vertex 95.553011 6.828116 8.781407
      vertex 95.666070 6.610356 11.031772
    endloop
  endfacet
  facet normal 0.958733 -0.274318 -0.074712
    outer loop
      vertex 95.394597 6.274465 8.781407
      vertex 95.666070 6.610356 11.031772
      vertex 95.501258 6.034343 11.031772
    endloop
  endfacet
  facet normal -0.958633 0.274289 0.076084
    outer loop
      vertex 94.587757 8.687258 8.600351
      vertex 94.483971 8.324527 8.600351
      vertex 94.589602 8.086724 10.788575
    endloop
  endfacet
  facet normal -0.958633 0.274289 0.076084
    outer loop
      vertex 94.587757 8.687258 8.600351
      vertex 94.589602 8.086724 10.788575
      vertex 94.699725 8.471601 10.788575
    endloop
  endfacet
  facet normal 0.961261 -0.265525 -0.073988
    outer loop
      vertex 95.553011 6.828116 8.781407
      vertex 96.001177 8.450579 8.781407
      vertex 96.132338 8.298351 11.031772
    endloop
  endfacet
  facet normal 0.961261 -0.265525 -0.073988
    outer loop
      vertex 95.553011 6.828116 8.781407
      vertex 96.132338 8.298351 11.031772
      vertex 95.666070 6.610356 11.031772
    endloop
  endfacet
  facet normal -0.961163 0.265498 0.075347
    outer loop
      vertex 94.881378 9.750232 8.600351
      vertex 94.587757 8.687258 8.600351
      vertex 94.699725 8.471601 10.788575
    endloop
  endfacet
  facet normal -0.961163 0.265498 0.075347
    outer loop
      vertex 94.881378 9.750232 8.600351
      vertex 94.699725 8.471601 10.788575
      vertex 95.011272 9.599475 10.788575
    endloop
  endfacet
  facet normal 0.973616 -0.216732 -0.071407
    outer loop
      vertex 96.001177 8.450579 8.781407
      vertex 96.391534 10.204163 8.781407
      vertex 96.538462 10.122764 11.031772
    endloop
  endfacet
  facet normal 0.973616 -0.216732 -0.071407
    outer loop
      vertex 96.001177 8.450579 8.781407
      vertex 96.538462 10.122764 11.031772
      vertex 96.132338 8.298351 11.031772
    endloop
  endfacet
  facet normal -0.973523 0.216712 0.072719
    outer loop
      vertex 95.137125 10.899112 8.600351
      vertex 94.881378 9.750232 8.600351
      vertex 95.011272 9.599475 10.788575
    endloop
  endfacet
  facet normal -0.973523 0.216712 0.072719
    outer loop
      vertex 95.137125 10.899112 8.600351
      vertex 95.011272 9.599475 10.788575
      vertex 95.282634 10.818500 10.788575
    endloop
  endfacet
  facet normal 0.986348 -0.149154 -0.069794
    outer loop
      vertex 96.391534 10.204163 8.781407
      vertex 96.654418 11.942595 8.781407
      vertex 96.811964 11.931412 11.031772
    endloop
  endfacet
  facet normal 0.986348 -0.149154 -0.069794
    outer loop
      vertex 96.391534 10.204163 8.781407
      vertex 96.811964 11.931412 11.031772
      vertex 96.538462 10.122764 11.031772
    endloop
  endfacet
  facet normal -0.986258 0.149141 0.071077
    outer loop
      vertex 95.309356 12.038066 8.600351
      vertex 95.137125 10.899112 8.600351
      vertex 95.282634 10.818500 10.788575
    endloop
  endfacet
  facet normal -0.986258 0.149141 0.071077
    outer loop
      vertex 95.309356 12.038066 8.600351
      vertex 95.282634 10.818500 10.788575
      vertex 95.465381 12.026991 10.788575
    endloop
  endfacet
  facet normal 0.990394 -0.119288 -0.069929
    outer loop
      vertex 96.654418 11.942595 8.781407
      vertex 96.848238 13.551784 8.781407
      vertex 97.013612 13.605598 11.031772
    endloop
  endfacet
  facet normal 0.990394 -0.119288 -0.069929
    outer loop
      vertex 96.654418 11.942595 8.781407
      vertex 97.013612 13.605598 11.031772
      vertex 96.811964 11.931412 11.031772
    endloop
  endfacet
  facet normal -0.990304 0.119278 0.071214
    outer loop
      vertex 95.436339 13.092344 8.600351
      vertex 95.309356 12.038066 8.600351
      vertex 95.465381 12.026991 10.788575
    endloop
  endfacet
  facet normal -0.990304 0.119278 0.071214
    outer loop
      vertex 95.436339 13.092344 8.600351
      vertex 95.465381 12.026991 10.788575
      vertex 95.600117 13.145638 10.788575
    endloop
  endfacet
  facet normal 0.461198 0.885587 -0.055070
    outer loop
      vertex 96.848238 13.551784 8.781407
      vertex 95.766387 14.115192 8.781407
      vertex 95.888065 14.191763 11.031772
    endloop
  endfacet
  facet normal 0.461198 0.885587 -0.055070
    outer loop
      vertex 96.848238 13.551784 8.781407
      vertex 95.888065 14.191763 11.031772
      vertex 97.013612 13.605598 11.031772
    endloop
  endfacet
  facet normal -0.461172 -0.885537 0.056084
    outer loop
      vertex 94.727553 13.461467 8.600351
      vertex 95.436339 13.092344 8.600351
      vertex 95.600117 13.145638 10.788575
    endloop
  endfacet
  facet normal -0.461172 -0.885537 0.056084
    outer loop
      vertex 94.727553 13.461467 8.600351
      vertex 95.600117 13.145638 10.788575
      vertex 94.848056 13.537298 10.788575
    endloop
  endfacet
  facet normal 0.429244 0.901579 -0.053886
    outer loop
      vertex 95.766387 14.115192 8.781407
      vertex 94.638229 14.652312 8.781407
      vertex 94.714340 14.750577 11.031772
    endloop
  endfacet
  facet normal 0.429244 0.901579 -0.053886
    outer loop
      vertex 95.766387 14.115192 8.781407
      vertex 94.714340 14.750577 11.031772
      vertex 95.888065 14.191763 11.031772
    endloop
  endfacet
  facet normal -0.429221 -0.901531 0.054878
    outer loop
      vertex 93.988427 13.813367 8.600351
      vertex 94.727553 13.461467 8.600351
      vertex 94.848056 13.537298 10.788575
    endloop
  endfacet
  facet normal -0.429221 -0.901531 0.054878
    outer loop
      vertex 93.988427 13.813367 8.600351
      vertex 94.848056 13.537298 10.788575
      vertex 94.063803 13.910683 10.788575
    endloop
  endfacet
  facet normal 0.392641 0.918142 -0.053371
    outer loop
      vertex 94.638229 14.652312 8.781407
      vertex 93.495897 15.140827 8.781407
      vertex 93.525868 15.258823 11.031772
    endloop
  endfacet
  facet normal 0.392641 0.918142 -0.053371
    outer loop
      vertex 94.638229 14.652312 8.781407
      vertex 93.525868 15.258823 11.031772
      vertex 94.714340 14.750577 11.031772
    endloop
  endfacet
  facet normal -0.392620 -0.918093 0.054354
    outer loop
      vertex 93.240016 14.133423 8.600351
      vertex 93.988427 13.813367 8.600351
      vertex 94.063803 13.910683 10.788575
    endloop
  endfacet
  facet normal -0.392620 -0.918093 0.054354
    outer loop
      vertex 93.240016 14.133423 8.600351
      vertex 94.063803 13.910683 10.788575
      vertex 93.269698 14.250280 10.788575
    endloop
  endfacet
  facet normal 0.363677 0.929981 -0.053606
    outer loop
      vertex 93.495897 15.140827 8.781407
      vertex 92.375707 15.578887 8.781407
      vertex 92.360433 15.714577 11.031772
    endloop
  endfacet
  facet normal 0.363677 0.929981 -0.053606
    outer loop
      vertex 93.495897 15.140827 8.781407
      vertex 92.360433 15.714577 11.031772
      vertex 93.525868 15.258823 11.031772
    endloop
  endfacet
  facet normal -0.363658 -0.929931 0.054594
    outer loop
      vertex 92.506111 14.420423 8.600351
      vertex 93.240016 14.133423 8.600351
      vertex 93.269698 14.250280 10.788575
    endloop
  endfacet
  facet normal -0.363658 -0.929931 0.054594
    outer loop
      vertex 92.506111 14.420423 8.600351
      vertex 93.269698 14.250280 10.788575
      vertex 92.490984 14.554803 10.788575
    endloop
  endfacet
  facet normal 0.347929 0.935960 -0.054074
    outer loop
      vertex 92.375707 15.578887 8.781407
      vertex 91.297613 15.979652 8.781407
      vertex 91.238794 16.131529 11.031772
    endloop
  endfacet
  facet normal 0.347929 0.935960 -0.054074
    outer loop
      vertex 92.375707 15.578887 8.781407
      vertex 91.238794 16.131529 11.031772
      vertex 92.360433 15.714577 11.031772
    endloop
  endfacet
  facet normal -0.347910 -0.935909 0.055070
    outer loop
      vertex 91.799786 14.682989 8.600351
      vertex 92.506111 14.420423 8.600351
      vertex 92.490984 14.554803 10.788575
    endloop
  endfacet
  facet normal -0.347910 -0.935909 0.055070
    outer loop
      vertex 91.799786 14.682989 8.600351
      vertex 92.490984 14.554803 10.788575
      vertex 91.741534 14.833399 10.788575
    endloop
  endfacet
  facet normal 0.342895 0.937801 -0.054330
    outer loop
      vertex 91.297613 15.979652 8.781407
      vertex 90.264872 16.357260 8.781407
      vertex 90.164340 16.524389 11.031772
    endloop
  endfacet
  facet normal 0.342895 0.937801 -0.054330
    outer loop
      vertex 91.297613 15.979652 8.781407
      vertex 90.164340 16.524389 11.031772
      vertex 91.238794 16.131529 11.031772
    endloop
  endfacet
  facet normal -0.342876 -0.937750 0.055330
    outer loop
      vertex 91.123174 14.930383 8.600351
      vertex 91.799786 14.682989 8.600351
      vertex 91.741534 14.833399 10.788575
    endloop
  endfacet
  facet normal -0.342876 -0.937750 0.055330
    outer loop
      vertex 91.123174 14.930383 8.600351
      vertex 91.741534 14.833399 10.788575
      vertex 91.023612 15.095898 10.788575
    endloop
  endfacet
  facet normal 0.343956 0.937417 -0.054254
    outer loop
      vertex 90.264872 16.357260 8.781407
      vertex 89.273011 16.721193 8.781407
      vertex 89.132417 16.903021 11.031772
    endloop
  endfacet
  facet normal 0.343956 0.937417 -0.054254
    outer loop
      vertex 90.264872 16.357260 8.781407
      vertex 89.132417 16.903021 11.031772
      vertex 90.164340 16.524389 11.031772
    endloop
  endfacet
  facet normal -0.343937 -0.937366 0.055253
    outer loop
      vertex 90.473345 15.168817 8.600351
      vertex 91.123174 14.930383 8.600351
      vertex 91.023612 15.095898 10.788575
    endloop
  endfacet
  facet normal -0.343937 -0.937366 0.055253
    outer loop
      vertex 90.473345 15.168817 8.600351
      vertex 91.023612 15.095898 10.788575
      vertex 90.334109 15.348890 10.788575
    endloop
  endfacet
  facet normal 0.347765 0.936031 -0.053904
    outer loop
      vertex 89.273011 16.721193 8.781407
      vertex 88.315845 17.076810 8.781407
      vertex 88.136591 17.273001 11.031772
    endloop
  endfacet
  facet normal 0.347765 0.936031 -0.053904
    outer loop
      vertex 89.273011 16.721193 8.781407
      vertex 88.136591 17.273001 11.031772
      vertex 89.132417 16.903021 11.031772
    endloop
  endfacet
  facet normal -0.347746 -0.935980 0.054896
    outer loop
      vertex 89.846247 15.401804 8.600351
      vertex 90.473345 15.168817 8.600351
      vertex 90.334109 15.348890 10.788575
    endloop
  endfacet
  facet normal -0.347746 -0.935980 0.054896
    outer loop
      vertex 89.846247 15.401804 8.600351
      vertex 90.334109 15.348890 10.788575
      vertex 89.668724 15.596101 10.788575
    endloop
  endfacet
  facet normal -0.954664 -0.289698 -0.068501
    outer loop
      vertex 88.136591 17.273001 11.031772
      vertex 88.703770 15.403933 11.031772
      vertex 88.491012 15.571218 13.289396
    endloop
  endfacet
  facet normal -0.954664 -0.289698 -0.068501
    outer loop
      vertex 88.136591 17.273001 11.031772
      vertex 88.491012 15.571218 13.289396
      vertex 87.894038 17.538472 13.289396
    endloop
  endfacet
  facet normal 0.954557 0.289666 0.070108
    outer loop
      vertex 90.047698 14.347238 10.788575
      vertex 89.668724 15.596101 10.788575
      vertex 89.427850 15.859734 12.978949
    endloop
  endfacet
  facet normal 0.954557 0.289666 0.070108
    outer loop
      vertex 90.047698 14.347238 10.788575
      vertex 89.427850 15.859734 12.978949
      vertex 89.836413 14.513366 12.978949
    endloop
  endfacet
  facet normal -0.958865 -0.275101 -0.069979
    outer loop
      vertex 88.703770 15.403933 11.031772
      vertex 89.279447 13.397412 11.031772
      vertex 89.096930 13.459292 13.289396
    endloop
  endfacet
  facet normal -0.958865 -0.275101 -0.069979
    outer loop
      vertex 88.703770 15.403933 11.031772
      vertex 89.096930 13.459292 13.289396
      vertex 88.491012 15.571218 13.289396
    endloop
  endfacet
  facet normal 0.958753 0.275069 0.071619
    outer loop
      vertex 90.432350 13.006534 10.788575
      vertex 90.047698 14.347238 10.788575
      vertex 89.836413 14.513366 12.978949
    endloop
  endfacet
  facet normal 0.958753 0.275069 0.071619
    outer loop
      vertex 90.432350 13.006534 10.788575
      vertex 89.836413 14.513366 12.978949
      vertex 90.251097 13.067986 12.978949
    endloop
  endfacet
  facet normal -0.962234 -0.262914 -0.070585
    outer loop
      vertex 89.279447 13.397412 11.031772
      vertex 89.894095 11.147871 11.031772
      vertex 89.743867 11.091579 13.289396
    endloop
  endfacet
  facet normal -0.962234 -0.262914 -0.070585
    outer loop
      vertex 89.279447 13.397412 11.031772
      vertex 89.743867 11.091579 13.289396
      vertex 89.096930 13.459292 13.289396
    endloop
  endfacet
  facet normal 0.962120 0.262883 0.072240
    outer loop
      vertex 90.843042 11.503449 10.788575
      vertex 90.432350 13.006534 10.788575
      vertex 90.251097 13.067986 12.978949
    endloop
  endfacet
  facet normal 0.962120 0.262883 0.072240
    outer loop
      vertex 90.843042 11.503449 10.788575
      vertex 90.251097 13.067986 12.978949
      vertex 90.693854 11.447547 12.978949
    endloop
  endfacet
  facet normal -0.944835 -0.319793 -0.070846
    outer loop
      vertex 89.894095 11.147871 11.031772
      vertex 90.741235 8.644975 11.031772
      vertex 90.635508 8.457203 13.289396
    endloop
  endfacet
  facet normal -0.944835 -0.319793 -0.070846
    outer loop
      vertex 89.894095 11.147871 11.031772
      vertex 90.635508 8.457203 13.289396
      vertex 89.743867 11.091579 13.289396
    endloop
  endfacet
  facet normal 0.944722 0.319754 0.072506
    outer loop
      vertex 91.409078 9.831080 10.788575
      vertex 90.843042 11.503449 10.788575
      vertex 90.693854 11.447547 12.978949
    endloop
  endfacet
  facet normal 0.944722 0.319754 0.072506
    outer loop
      vertex 91.409078 9.831080 10.788575
      vertex 90.693854 11.447547 12.978949
      vertex 91.304084 9.644607 12.978949
    endloop
  endfacet
  facet normal -0.911235 -0.404752 -0.076338
    outer loop
      vertex 90.741235 8.644975 11.031772
      vertex 91.733968 6.409993 11.031772
      vertex 91.680391 6.104813 13.289396
    endloop
  endfacet
  facet normal -0.911235 -0.404752 -0.076338
    outer loop
      vertex 90.741235 8.644975 11.031772
      vertex 91.680391 6.104813 13.289396
      vertex 90.635508 8.457203 13.289396
    endloop
  endfacet
  facet normal 0.911108 0.404696 0.078126
    outer loop
      vertex 92.072397 8.337723 10.788575
      vertex 91.409078 9.831080 10.788575
      vertex 91.304084 9.644607 12.978949
    endloop
  endfacet
  facet normal 0.911108 0.404696 0.078126
    outer loop
      vertex 92.072397 8.337723 10.788575
      vertex 91.304084 9.644607 12.978949
      vertex 92.019191 8.034656 12.978949
    endloop
  endfacet
  facet normal -0.911757 -0.403601 -0.076195
    outer loop
      vertex 91.733968 6.409993 11.031772
      vertex 91.900255 6.034343 11.031772
      vertex 91.855413 5.709430 13.289396
    endloop
  endfacet
  facet normal -0.911757 -0.403601 -0.076195
    outer loop
      vertex 91.733968 6.409993 11.031772
      vertex 91.855413 5.709430 13.289396
      vertex 91.680391 6.104813 13.289396
    endloop
  endfacet
  facet normal 0.911631 0.403545 0.077980
    outer loop
      vertex 92.183505 8.086724 10.788575
      vertex 92.072397 8.337723 10.788575
      vertex 92.019191 8.034656 12.978949
    endloop
  endfacet
  facet normal 0.911631 0.403545 0.077980
    outer loop
      vertex 92.183505 8.086724 10.788575
      vertex 92.019191 8.034656 12.978949
      vertex 92.138974 7.764060 12.978949
    endloop
  endfacet
  facet normal 0.000000 -0.989802 -0.142451
    outer loop
      vertex 91.900255 6.034343 11.031772
      vertex 95.501258 6.034343 11.031772
      vertex 95.645583 5.709430 13.289396
    endloop
  endfacet
  facet normal 0.000000 -0.989802 -0.142451
    outer loop
      vertex 91.900255 6.034343 11.031772
      vertex 95.645583 5.709430 13.289396
      vertex 91.855413 5.709430 13.289396
    endloop
  endfacet
  facet normal 0.000000 0.989323 0.145737
    outer loop
      vertex 94.589602 8.086724 10.788575
      vertex 92.183505 8.086724 10.788575
      vertex 92.138974 7.764060 12.978949
    endloop
  endfacet
  facet normal 0.000000 0.989323 0.145737
    outer loop
      vertex 94.589602 8.086724 10.788575
      vertex 92.138974 7.764060 12.978949
      vertex 94.732927 7.764060 12.978949
    endloop
  endfacet
  facet normal 0.956548 -0.273693 -0.100539
    outer loop
      vertex 95.501258 6.034343 11.031772
      vertex 95.666070 6.610356 11.031772
      vertex 95.819053 6.315702 13.289396
    endloop
  endfacet
  facet normal 0.956548 -0.273693 -0.100539
    outer loop
      vertex 95.501258 6.034343 11.031772
      vertex 95.819053 6.315702 13.289396
      vertex 95.645583 5.709430 13.289396
    endloop
  endfacet
  facet normal -0.956318 0.273627 0.102884
    outer loop
      vertex 94.699725 8.471601 10.788575
      vertex 94.589602 8.086724 10.788575
      vertex 94.732927 7.764060 12.978949
    endloop
  endfacet
  facet normal -0.956318 0.273627 0.102884
    outer loop
      vertex 94.699725 8.471601 10.788575
      vertex 94.732927 7.764060 12.978949
      vertex 94.851648 8.178986 12.978949
    endloop
  endfacet
  facet normal 0.959113 -0.264932 -0.099570
    outer loop
      vertex 95.666070 6.610356 11.031772
      vertex 96.132338 8.298351 11.031772
      vertex 96.309814 8.092370 13.289396
    endloop
  endfacet
  facet normal 0.959113 -0.264932 -0.099570
    outer loop
      vertex 95.666070 6.610356 11.031772
      vertex 96.309814 8.092370 13.289396
      vertex 95.819053 6.315702 13.289396
    endloop
  endfacet
  facet normal -0.958886 0.264869 0.101892
    outer loop
      vertex 95.011272 9.599475 10.788575
      vertex 94.699725 8.471601 10.788575
      vertex 94.851648 8.178986 12.978949
    endloop
  endfacet
  facet normal -0.958886 0.264869 0.101892
    outer loop
      vertex 95.011272 9.599475 10.788575
      vertex 94.851648 8.178986 12.978949
      vertex 95.187520 9.394920 12.978949
    endloop
  endfacet
  facet normal 0.971589 -0.216281 -0.096112
    outer loop
      vertex 96.132338 8.298351 11.031772
      vertex 96.538462 10.122764 11.031772
      vertex 96.737273 10.012621 13.289396
    endloop
  endfacet
  facet normal 0.971589 -0.216281 -0.096112
    outer loop
      vertex 96.132338 8.298351 11.031772
      vertex 96.737273 10.012621 13.289396
      vertex 96.309814 8.092370 13.289396
    endloop
  endfacet
  facet normal -0.971375 0.216233 0.098355
    outer loop
      vertex 95.282634 10.818500 10.788575
      vertex 95.011272 9.599475 10.788575
      vertex 95.187520 9.394920 12.978949
    endloop
  endfacet
  facet normal -0.971375 0.216233 0.098355
    outer loop
      vertex 95.282634 10.818500 10.788575
      vertex 95.187520 9.394920 12.978949
      vertex 95.480068 10.709120 12.978949
    endloop
  endfacet
  facet normal 0.984386 -0.148858 -0.093949
    outer loop
      vertex 96.538462 10.122764 11.031772
      vertex 96.811964 11.931412 11.031772
      vertex 97.025142 11.916281 13.289396
    endloop
  endfacet
  facet normal 0.984386 -0.148858 -0.093949
    outer loop
      vertex 96.538462 10.122764 11.031772
      vertex 97.025142 11.916281 13.289396
      vertex 96.737273 10.012621 13.289396
    endloop
  endfacet
  facet normal -0.984178 0.148826 0.096143
    outer loop
      vertex 95.465381 12.026991 10.788575
      vertex 95.282634 10.818500 10.788575
      vertex 95.480068 10.709120 12.978949
    endloop
  endfacet
  facet normal -0.984178 0.148826 0.096143
    outer loop
      vertex 95.465381 12.026991 10.788575
      vertex 95.480068 10.709120 12.978949
      vertex 95.677083 12.011965 12.978949
    endloop
  endfacet
  facet normal 0.988416 -0.119050 -0.094130
    outer loop
      vertex 96.811964 11.931412 11.031772
      vertex 97.013612 13.605598 11.031772
      vertex 97.237383 13.678415 13.289396
    endloop
  endfacet
  facet normal 0.988416 -0.119050 -0.094130
    outer loop
      vertex 96.811964 11.931412 11.031772
      vertex 97.237383 13.678415 13.289396
      vertex 97.025142 11.916281 13.289396
    endloop
  endfacet
  facet normal -0.988207 0.119025 0.096328
    outer loop
      vertex 95.600117 13.145638 10.788575
      vertex 95.465381 12.026991 10.788575
      vertex 95.677083 12.011965 12.978949
    endloop
  endfacet
  facet normal -0.988207 0.119025 0.096328
    outer loop
      vertex 95.600117 13.145638 10.788575
      vertex 95.677083 12.011965 12.978949
      vertex 95.822339 13.217951 12.978949
    endloop
  endfacet
  facet normal 0.460626 0.884489 -0.074184
    outer loop
      vertex 97.013612 13.605598 11.031772
      vertex 95.888065 14.191763 11.031772
      vertex 96.052709 14.295371 13.289396
    endloop
  endfacet
  facet normal 0.460626 0.884489 -0.074184
    outer loop
      vertex 97.013612 13.605598 11.031772
      vertex 96.052709 14.295371 13.289396
      vertex 97.237383 13.678415 13.289396
    endloop
  endfacet
  facet normal -0.460565 -0.884373 0.075923
    outer loop
      vertex 94.848056 13.537298 10.788575
      vertex 95.600117 13.145638 10.788575
      vertex 95.822339 13.217951 12.978949
    endloop
  endfacet
  facet normal -0.460565 -0.884373 0.075923
    outer loop
      vertex 94.848056 13.537298 10.788575
      vertex 95.822339 13.217951 12.978949
      vertex 95.011560 13.640189 12.978949
    endloop
  endfacet
  facet normal 0.428735 0.900509 -0.072594
    outer loop
      vertex 95.888065 14.191763 11.031772
      vertex 94.714340 14.750577 11.031772
      vertex 94.817326 14.883540 13.289396
    endloop
  endfacet
  facet normal 0.428735 0.900509 -0.072594
    outer loop
      vertex 95.888065 14.191763 11.031772
      vertex 94.817326 14.883540 13.289396
      vertex 96.052709 14.295371 13.289396
    endloop
  endfacet
  facet normal -0.428681 -0.900396 0.074295
    outer loop
      vertex 94.063803 13.910683 10.788575
      vertex 94.848056 13.537298 10.788575
      vertex 95.011560 13.640189 12.978949
    endloop
  endfacet
  facet normal -0.428681 -0.900396 0.074295
    outer loop
      vertex 94.063803 13.910683 10.788575
      vertex 95.011560 13.640189 12.978949
      vertex 94.166077 14.042726 12.978949
    endloop
  endfacet
  facet normal 0.392184 0.917073 -0.071902
    outer loop
      vertex 94.714340 14.750577 11.031772
      vertex 93.525868 15.258823 11.031772
      vertex 93.566422 15.418486 13.289396
    endloop
  endfacet
  facet normal 0.392184 0.917073 -0.071902
    outer loop
      vertex 94.714340 14.750577 11.031772
      vertex 93.566422 15.418486 13.289396
      vertex 94.817326 14.883540 13.289396
    endloop
  endfacet
  facet normal -0.392135 -0.916960 0.073587
    outer loop
      vertex 93.269698 14.250280 10.788575
      vertex 94.063803 13.910683 10.788575
      vertex 94.166077 14.042726 12.978949
    endloop
  endfacet
  facet normal -0.392135 -0.916960 0.073587
    outer loop
      vertex 93.269698 14.250280 10.788575
      vertex 94.166077 14.042726 12.978949
      vertex 93.309971 14.408838 12.978949
    endloop
  endfacet
  facet normal 0.363250 0.928889 -0.072218
    outer loop
      vertex 93.525868 15.258823 11.031772
      vertex 92.360433 15.714577 11.031772
      vertex 92.339766 15.898181 13.289396
    endloop
  endfacet
  facet normal 0.363250 0.928889 -0.072218
    outer loop
      vertex 93.525868 15.258823 11.031772
      vertex 92.339766 15.898181 13.289396
      vertex 93.566422 15.418486 13.289396
    endloop
  endfacet
  facet normal -0.363205 -0.928773 0.073910
    outer loop
      vertex 92.490984 14.554803 10.788575
      vertex 93.269698 14.250280 10.788575
      vertex 93.309971 14.408838 12.978949
    endloop
  endfacet
  facet normal -0.363205 -0.928773 0.073910
    outer loop
      vertex 92.490984 14.554803 10.788575
      vertex 93.309971 14.408838 12.978949
      vertex 92.470460 14.737136 12.978949
    endloop
  endfacet
  facet normal 0.347513 0.934841 -0.072846
    outer loop
      vertex 92.360433 15.714577 11.031772
      vertex 91.238794 16.131529 11.031772
      vertex 91.159205 16.337036 13.289396
    endloop
  endfacet
  facet normal 0.347513 0.934841 -0.072846
    outer loop
      vertex 92.360433 15.714577 11.031772
      vertex 91.159205 16.337036 13.289396
      vertex 92.339766 15.898181 13.289396
    endloop
  endfacet
  facet normal -0.347469 -0.934723 0.074553
    outer loop
      vertex 91.741534 14.833399 10.788575
      vertex 92.490984 14.554803 10.788575
      vertex 92.470460 14.737136 12.978949
    endloop
  endfacet
  facet normal -0.347469 -0.934723 0.074553
    outer loop
      vertex 91.741534 14.833399 10.788575
      vertex 92.470460 14.737136 12.978949
      vertex 91.662496 15.037484 12.978949
    endloop
  endfacet
  facet normal 0.342481 0.936670 -0.073190
    outer loop
      vertex 91.238794 16.131529 11.031772
      vertex 90.164340 16.524389 11.031772
      vertex 90.028308 16.750534 13.289396
    endloop
  endfacet
  facet normal 0.342481 0.936670 -0.073190
    outer loop
      vertex 91.238794 16.131529 11.031772
      vertex 90.028308 16.750534 13.289396
      vertex 91.159205 16.337036 13.289396
    endloop
  endfacet
  facet normal -0.342437 -0.936550 0.074905
    outer loop
      vertex 91.023612 15.095898 10.788575
      vertex 91.741534 14.833399 10.788575
      vertex 91.662496 15.037484 12.978949
    endloop
  endfacet
  facet normal -0.342437 -0.936550 0.074905
    outer loop
      vertex 91.023612 15.095898 10.788575
      vertex 91.662496 15.037484 12.978949
      vertex 90.888522 15.320477 12.978949
    endloop
  endfacet
  facet normal 0.343542 0.936289 -0.073088
    outer loop
      vertex 90.164340 16.524389 11.031772
      vertex 89.132417 16.903021 11.031772
      vertex 88.942177 17.149056 13.289396
    endloop
  endfacet
  facet normal 0.343542 0.936289 -0.073088
    outer loop
      vertex 90.164340 16.524389 11.031772
      vertex 88.942177 17.149056 13.289396
      vertex 90.028308 16.750534 13.289396
    endloop
  endfacet
  facet normal -0.343499 -0.936170 0.074801
    outer loop
      vertex 90.334109 15.348890 10.788575
      vertex 91.023612 15.095898 10.788575
      vertex 90.888522 15.320477 12.978949
    endloop
  endfacet
  facet normal -0.343499 -0.936170 0.074801
    outer loop
      vertex 90.334109 15.348890 10.788575
      vertex 90.888522 15.320477 12.978949
      vertex 90.145185 15.593222 12.978949
    endloop
  endfacet
  facet normal 0.347352 0.934919 -0.072617
    outer loop
      vertex 89.132417 16.903021 11.031772
      vertex 88.136591 17.273001 11.031772
      vertex 87.894038 17.538472 13.289396
    endloop
  endfacet
  facet normal 0.347352 0.934919 -0.072617
    outer loop
      vertex 89.132417 16.903021 11.031772
      vertex 87.894038 17.538472 13.289396
      vertex 88.942177 17.149056 13.289396
    endloop
  endfacet
  facet normal -0.347308 -0.934802 0.074319
    outer loop
      vertex 89.668724 15.596101 10.788575
      vertex 90.334109 15.348890 10.788575
      vertex 90.145185 15.593222 12.978949
    endloop
  endfacet
  facet normal -0.347308 -0.934802 0.074319
    outer loop
      vertex 89.668724 15.596101 10.788575
      vertex 90.145185 15.593222 12.978949
      vertex 89.427850 15.859734 12.978949
    endloop
  endfacet
  facet normal -0.953457 -0.289332 -0.084895
    outer loop
      vertex 87.894038 17.538472 13.289396
      vertex 88.491012 15.571218 13.289396
      vertex 88.226412 15.779266 15.552069
    endloop
  endfacet
  facet normal -0.953457 -0.289332 -0.084895
    outer loop
      vertex 87.894038 17.538472 13.289396
      vertex 88.226412 15.779266 15.552069
      vertex 87.592383 17.868630 15.552069
    endloop
  endfacet
  facet normal 0.953235 0.289264 0.087576
    outer loop
      vertex 89.836413 14.513366 12.978949
      vertex 89.427850 15.859734 12.978949
      vertex 89.126337 16.189737 15.170819
    endloop
  endfacet
  facet normal 0.953235 0.289264 0.087576
    outer loop
      vertex 89.836413 14.513366 12.978949
      vertex 89.126337 16.189737 15.170819
      vertex 89.571937 14.721316 15.170819
    endloop
  endfacet
  facet normal -0.957600 -0.274738 -0.086721
    outer loop
      vertex 88.491012 15.571218 13.289396
      vertex 89.096930 13.459292 13.289396
      vertex 88.869940 13.536251 15.552069
    endloop
  endfacet
  facet normal -0.957600 -0.274738 -0.086721
    outer loop
      vertex 88.491012 15.571218 13.289396
      vertex 88.869940 13.536251 15.552069
      vertex 88.226412 15.779266 15.552069
    endloop
  endfacet
  facet normal 0.957368 0.274672 0.089459
    outer loop
      vertex 90.251097 13.067986 12.978949
      vertex 89.836413 14.513366 12.978949
      vertex 89.571937 14.721316 15.170819
    endloop
  endfacet
  facet normal 0.957368 0.274672 0.089459
    outer loop
      vertex 90.251097 13.067986 12.978949
      vertex 89.571937 14.721316 15.170819
      vertex 90.024213 13.144908 15.170819
    endloop
  endfacet
  facet normal -0.960943 -0.262561 -0.087471
    outer loop
      vertex 89.096930 13.459292 13.289396
      vertex 89.743867 11.091579 13.289396
      vertex 89.557033 11.021571 15.552069
    endloop
  endfacet
  facet normal -0.960943 -0.262561 -0.087471
    outer loop
      vertex 89.096930 13.459292 13.289396
      vertex 89.557033 11.021571 15.552069
      vertex 88.869940 13.536251 15.552069
    endloop
  endfacet
  facet normal 0.960705 0.262496 0.090232
    outer loop
      vertex 90.693854 11.447547 12.978949
      vertex 90.251097 13.067986 12.978949
      vertex 90.024213 13.144908 15.170819
    endloop
  endfacet
  facet normal 0.960705 0.262496 0.090232
    outer loop
      vertex 90.693854 11.447547 12.978949
      vertex 90.024213 13.144908 15.170819
      vertex 90.507107 11.377572 15.170819
    endloop
  endfacet
  facet normal -0.943558 -0.319360 -0.087793
    outer loop
      vertex 89.743867 11.091579 13.289396
      vertex 90.635508 8.457203 13.289396
      vertex 90.504019 8.223676 15.552069
    endloop
  endfacet
  facet normal -0.943558 -0.319360 -0.087793
    outer loop
      vertex 89.743867 11.091579 13.289396
      vertex 90.504019 8.223676 15.552069
      vertex 89.557033 11.021571 15.552069
    endloop
  endfacet
  facet normal 0.943323 0.319281 0.090564
    outer loop
      vertex 91.304084 9.644607 12.978949
      vertex 90.693854 11.447547 12.978949
      vertex 90.507107 11.377572 15.170819
    endloop
  endfacet
  facet normal 0.943323 0.319281 0.090564
    outer loop
      vertex 91.304084 9.644607 12.978949
      vertex 90.507107 11.377572 15.170819
      vertex 91.172656 9.411190 15.170819
    endloop
  endfacet
  facet normal -0.909805 -0.404117 -0.094579
    outer loop
      vertex 90.635508 8.457203 13.289396
      vertex 91.680391 6.104813 13.289396
      vertex 91.613760 5.725271 15.552069
    endloop
  endfacet
  facet normal -0.909805 -0.404117 -0.094579
    outer loop
      vertex 90.635508 8.457203 13.289396
      vertex 91.613760 5.725271 15.552069
      vertex 90.504019 8.223676 15.552069
    endloop
  endfacet
  facet normal 0.909542 0.404000 0.097560
    outer loop
      vertex 92.019191 8.034656 12.978949
      vertex 91.304084 9.644607 12.978949
      vertex 91.172656 9.411190 15.170819
    endloop
  endfacet
  facet normal 0.909542 0.404000 0.097560
    outer loop
      vertex 92.019191 8.034656 12.978949
      vertex 91.172656 9.411190 15.170819
      vertex 91.952591 7.655292 15.170819
    endloop
  endfacet
  facet normal -0.910331 -0.402970 -0.094402
    outer loop
      vertex 91.680391 6.104813 13.289396
      vertex 91.855413 5.709430 13.289396
      vertex 91.799645 5.305345 15.552069
    endloop
  endfacet
  facet normal -0.910331 -0.402970 -0.094402
    outer loop
      vertex 91.680391 6.104813 13.289396
      vertex 91.799645 5.305345 15.552069
      vertex 91.613760 5.725271 15.552069
    endloop
  endfacet
  facet normal 0.910069 0.402854 0.097378
    outer loop
      vertex 92.138974 7.764060 12.978949
      vertex 92.019191 8.034656 12.978949
      vertex 91.952591 7.655292 15.170819
    endloop
  endfacet
  facet normal 0.910069 0.402854 0.097378
    outer loop
      vertex 92.138974 7.764060 12.978949
      vertex 91.952591 7.655292 15.170819
      vertex 92.083232 7.360165 15.170819
    endloop
  endfacet
  facet normal 0.000000 -0.984425 -0.175806
    outer loop
      vertex 91.855413 5.709430 13.289396
      vertex 95.645583 5.709430 13.289396
      vertex 95.825075 5.305345 15.552069
    endloop
  endfacet
  facet normal 0.000000 -0.984425 -0.175806
    outer loop
      vertex 91.855413 5.709430 13.289396
      vertex 95.825075 5.305345 15.552069
      vertex 91.799645 5.305345 15.552069
    endloop
  endfacet
  facet normal 0.000000 0.983443 0.181219
    outer loop
      vertex 94.732927 7.764060 12.978949
      vertex 92.138974 7.764060 12.978949
      vertex 92.083232 7.360165 15.170819
    endloop
  endfacet
  facet normal 0.000000 0.983443 0.181219
    outer loop
      vertex 94.732927 7.764060 12.978949
      vertex 92.083232 7.360165 15.170819
      vertex 94.912335 7.360165 15.170819
    endloop
  endfacet
  facet normal 0.953949 -0.272949 -0.124420
    outer loop
      vertex 95.645583 5.709430 13.289396
      vertex 95.819053 6.315702 13.289396
      vertex 96.009312 5.949249 15.552069
    endloop
  endfacet
  facet normal 0.953949 -0.272949 -0.124420
    outer loop
      vertex 95.645583 5.709430 13.289396
      vertex 96.009312 5.949249 15.552069
      vertex 95.825075 5.305345 15.552069
    endloop
  endfacet
  facet normal -0.953472 0.272812 0.128314
    outer loop
      vertex 94.851648 8.178986 12.978949
      vertex 94.732927 7.764060 12.978949
      vertex 94.912335 7.360165 15.170819
    endloop
  endfacet
  facet normal -0.953472 0.272812 0.128314
    outer loop
      vertex 94.851648 8.178986 12.978949
      vertex 94.912335 7.360165 15.170819
      vertex 95.041819 7.812706 15.170819
    endloop
  endfacet
  facet normal 0.956556 -0.264225 -0.123226
    outer loop
      vertex 95.819053 6.315702 13.289396
      vertex 96.309814 8.092370 13.289396
      vertex 96.530536 7.836197 15.552069
    endloop
  endfacet
  facet normal 0.956556 -0.264225 -0.123226
    outer loop
      vertex 95.819053 6.315702 13.289396
      vertex 96.530536 7.836197 15.552069
      vertex 96.009312 5.949249 15.552069
    endloop
  endfacet
  facet normal -0.956087 0.264096 0.127084
    outer loop
      vertex 95.187520 9.394920 12.978949
      vertex 94.851648 8.178986 12.978949
      vertex 95.041819 7.812706 15.170819
    endloop
  endfacet
  facet normal -0.956087 0.264096 0.127084
    outer loop
      vertex 95.187520 9.394920 12.978949
      vertex 95.041819 7.812706 15.170819
      vertex 95.408138 9.138867 15.170819
    endloop
  endfacet
  facet normal 0.969176 -0.215744 -0.118968
    outer loop
      vertex 96.309814 8.092370 13.289396
      vertex 96.737273 10.012621 13.289396
      vertex 96.984527 9.875641 15.552069
    endloop
  endfacet
  facet normal 0.969176 -0.215744 -0.118968
    outer loop
      vertex 96.309814 8.092370 13.289396
      vertex 96.984527 9.875641 15.552069
      vertex 96.530536 7.836197 15.552069
    endloop
  endfacet
  facet normal -0.968732 0.215645 0.122697
    outer loop
      vertex 95.480068 10.709120 12.978949
      vertex 95.187520 9.394920 12.978949
      vertex 95.408138 9.138867 15.170819
    endloop
  endfacet
  facet normal -0.968732 0.215645 0.122697
    outer loop
      vertex 95.480068 10.709120 12.978949
      vertex 95.408138 9.138867 15.170819
      vertex 95.727207 10.572204 15.170819
    endloop
  endfacet
  facet normal 0.982049 -0.148504 -0.116304
    outer loop
      vertex 96.737273 10.012621 13.289396
      vertex 97.025142 11.916281 13.289396
      vertex 97.290265 11.897463 15.552069
    endloop
  endfacet
  facet normal 0.982049 -0.148504 -0.116304
    outer loop
      vertex 96.737273 10.012621 13.289396
      vertex 97.290265 11.897463 15.552069
      vertex 96.984527 9.875641 15.552069
    endloop
  endfacet
  facet normal -0.981620 0.148439 0.119952
    outer loop
      vertex 95.677083 12.011965 12.978949
      vertex 95.480068 10.709120 12.978949
      vertex 95.727207 10.572204 15.170819
    endloop
  endfacet
  facet normal -0.981620 0.148439 0.119952
    outer loop
      vertex 95.677083 12.011965 12.978949
      vertex 95.727207 10.572204 15.170819
      vertex 95.942081 11.993155 15.170819
    endloop
  endfacet
  facet normal 0.986061 -0.118767 -0.116527
    outer loop
      vertex 97.025142 11.916281 13.289396
      vertex 97.237383 13.678415 13.289396
      vertex 97.515680 13.768974 15.552069
    endloop
  endfacet
  facet normal 0.986061 -0.118767 -0.116527
    outer loop
      vertex 97.025142 11.916281 13.289396
      vertex 97.515680 13.768974 15.552069
      vertex 97.290265 11.897463 15.552069
    endloop
  endfacet
  facet normal -0.985628 0.118714 0.120182
    outer loop
      vertex 95.822339 13.217951 12.978949
      vertex 95.677083 12.011965 12.978949
      vertex 95.942081 11.993155 15.170819
    endloop
  endfacet
  facet normal -0.985628 0.118714 0.120182
    outer loop
      vertex 95.822339 13.217951 12.978949
      vertex 95.942081 11.993155 15.170819
      vertex 96.100505 13.308468 15.170819
    endloop
  endfacet
  facet normal 0.459943 0.883178 -0.091918
    outer loop
      vertex 97.237383 13.678415 13.289396
      vertex 96.052709 14.295371 13.289396
      vertex 96.257472 14.424226 15.552069
    endloop
  endfacet
  facet normal 0.459943 0.883178 -0.091918
    outer loop
      vertex 97.237383 13.678415 13.289396
      vertex 96.257472 14.424226 15.552069
      vertex 97.515680 13.768974 15.552069
    endloop
  endfacet
  facet normal -0.459818 -0.882937 0.094817
    outer loop
      vertex 95.011560 13.640189 12.978949
      vertex 95.822339 13.217951 12.978949
      vertex 96.100505 13.308468 15.170819
    endloop
  endfacet
  facet normal -0.459818 -0.882937 0.094817
    outer loop
      vertex 95.011560 13.640189 12.978949
      vertex 96.100505 13.308468 15.170819
      vertex 95.216227 13.768984 15.170819
    endloop
  endfacet
  facet normal 0.428126 0.899231 -0.089953
    outer loop
      vertex 96.052709 14.295371 13.289396
      vertex 94.817326 14.883540 13.289396
      vertex 94.945407 15.048903 15.552069
    endloop
  endfacet
  facet normal 0.428126 0.899231 -0.089953
    outer loop
      vertex 96.052709 14.295371 13.289396
      vertex 94.945407 15.048903 15.552069
      vertex 96.257472 14.424226 15.552069
    endloop
  endfacet
  facet normal -0.428014 -0.898996 0.092791
    outer loop
      vertex 94.166077 14.042726 12.978949
      vertex 95.011560 13.640189 12.978949
      vertex 95.216227 13.768984 15.170819
    endloop
  endfacet
  facet normal -0.428014 -0.898996 0.092791
    outer loop
      vertex 94.166077 14.042726 12.978949
      vertex 95.216227 13.768984 15.170819
      vertex 94.294098 14.208012 15.170819
    endloop
  endfacet
  facet normal 0.391637 0.915796 -0.089098
    outer loop
      vertex 94.817326 14.883540 13.289396
      vertex 93.566422 15.418486 13.289396
      vertex 93.616859 15.617054 15.552069
    endloop
  endfacet
  facet normal 0.391637 0.915796 -0.089098
    outer loop
      vertex 94.817326 14.883540 13.289396
      vertex 93.616859 15.617054 15.552069
      vertex 94.945407 15.048903 15.552069
    endloop
  endfacet
  facet normal -0.391537 -0.915561 0.091910
    outer loop
      vertex 93.309971 14.408838 12.978949
      vertex 94.166077 14.042726 12.978949
      vertex 94.294098 14.208012 15.170819
    endloop
  endfacet
  facet normal -0.391537 -0.915561 0.091910
    outer loop
      vertex 93.309971 14.408838 12.978949
      vertex 94.294098 14.208012 15.170819
      vertex 93.360384 14.607312 15.170819
    endloop
  endfacet
  facet normal 0.362740 0.927584 -0.089489
    outer loop
      vertex 93.566422 15.418486 13.289396
      vertex 92.339766 15.898181 13.289396
      vertex 92.314062 16.126524 15.552069
    endloop
  endfacet
  facet normal 0.362740 0.927584 -0.089489
    outer loop
      vertex 93.566422 15.418486 13.289396
      vertex 92.314062 16.126524 15.552069
      vertex 93.616859 15.617054 15.552069
    endloop
  endfacet
  facet normal -0.362646 -0.927344 0.092312
    outer loop
      vertex 92.470460 14.737136 12.978949
      vertex 93.309971 14.408838 12.978949
      vertex 93.360384 14.607312 15.170819
    endloop
  endfacet
  facet normal -0.362646 -0.927344 0.092312
    outer loop
      vertex 92.470460 14.737136 12.978949
      vertex 93.360384 14.607312 15.170819
      vertex 92.444768 14.965372 15.170819
    endloop
  endfacet
  facet normal 0.347016 0.933505 -0.090265
    outer loop
      vertex 92.339766 15.898181 13.289396
      vertex 91.159205 16.337036 13.289396
      vertex 91.060222 16.592619 15.552069
    endloop
  endfacet
  facet normal 0.347016 0.933505 -0.090265
    outer loop
      vertex 92.339766 15.898181 13.289396
      vertex 91.060222 16.592619 15.552069
      vertex 92.314062 16.126524 15.552069
    endloop
  endfacet
  facet normal -0.346925 -0.933259 0.093112
    outer loop
      vertex 91.662496 15.037484 12.978949
      vertex 92.470460 14.737136 12.978949
      vertex 92.444768 14.965372 15.170819
    endloop
  endfacet
  facet normal -0.346925 -0.933259 0.093112
    outer loop
      vertex 91.662496 15.037484 12.978949
      vertex 92.444768 14.965372 15.170819
      vertex 91.563560 15.292947 15.170819
    endloop
  endfacet
  facet normal 0.341987 0.935318 -0.090690
    outer loop
      vertex 91.159205 16.337036 13.289396
      vertex 90.028308 16.750534 13.289396
      vertex 89.859129 17.031783 15.552069
    endloop
  endfacet
  facet normal 0.341987 0.935318 -0.090690
    outer loop
      vertex 91.159205 16.337036 13.289396
      vertex 89.859129 17.031783 15.552069
      vertex 91.060222 16.592619 15.552069
    endloop
  endfacet
  facet normal -0.341896 -0.935070 0.093550
    outer loop
      vertex 90.888522 15.320477 12.978949
      vertex 91.662496 15.037484 12.978949
      vertex 91.563560 15.292947 15.170819
    endloop
  endfacet
  facet normal -0.341896 -0.935070 0.093550
    outer loop
      vertex 90.888522 15.320477 12.978949
      vertex 91.563560 15.292947 15.170819
      vertex 90.719423 15.601595 15.170819
    endloop
  endfacet
  facet normal 0.343048 0.934942 -0.090563
    outer loop
      vertex 90.028308 16.750534 13.289396
      vertex 88.942177 17.149056 13.289396
      vertex 88.705581 17.455042 15.552069
    endloop
  endfacet
  facet normal 0.343048 0.934942 -0.090563
    outer loop
      vertex 90.028308 16.750534 13.289396
      vertex 88.705581 17.455042 15.552069
      vertex 89.859129 17.031783 15.552069
    endloop
  endfacet
  facet normal -0.342957 -0.934694 0.093420
    outer loop
      vertex 90.145185 15.593222 12.978949
      vertex 90.888522 15.320477 12.978949
      vertex 90.719423 15.601595 15.170819
    endloop
  endfacet
  facet normal -0.342957 -0.934694 0.093420
    outer loop
      vertex 90.145185 15.593222 12.978949
      vertex 90.719423 15.601595 15.170819
      vertex 89.908700 15.899064 15.170819
    endloop
  endfacet
  facet normal 0.346858 0.933591 -0.089982
    outer loop
      vertex 88.942177 17.149056 13.289396
      vertex 87.894038 17.538472 13.289396
      vertex 87.592383 17.868630 15.552069
    endloop
  endfacet
  facet normal 0.346858 0.933591 -0.089982
    outer loop
      vertex 88.942177 17.149056 13.289396
      vertex 87.592383 17.868630 15.552069
      vertex 88.705581 17.455042 15.552069
    endloop
  endfacet
  facet normal -0.346767 -0.933347 0.092821
    outer loop
      vertex 89.427850 15.859734 12.978949
      vertex 90.145185 15.593222 12.978949
      vertex 89.908700 15.899064 15.170819
    endloop
  endfacet
  facet normal -0.346767 -0.933347 0.092821
    outer loop
      vertex 89.427850 15.859734 12.978949
      vertex 89.908700 15.899064 15.170819
      vertex 89.126337 16.189737 15.170819
    endloop
  endfacet
  facet normal -0.952137 -0.288931 -0.099773
    outer loop
      vertex 87.592383 17.868630 15.552069
      vertex 88.226412 15.779266 15.552069
      vertex 87.914619 16.024421 17.817581
    endloop
  endfacet
  facet normal -0.952137 -0.288931 -0.099773
    outer loop
      vertex 87.592383 17.868630 15.552069
      vertex 87.914619 16.024421 17.817581
      vertex 87.236926 18.257674 17.817581
    endloop
  endfacet
  facet normal 0.951806 0.288831 0.103163
    outer loop
      vertex 89.571937 14.721316 15.170819
      vertex 89.126337 16.189737 15.170819
      vertex 88.770490 16.579207 17.363531
    endloop
  endfacet
  facet normal 0.951806 0.288831 0.103163
    outer loop
      vertex 89.571937 14.721316 15.170819
      vertex 88.770490 16.579207 17.363531
      vertex 89.259802 14.966740 17.363531
    endloop
  endfacet
  facet normal -0.956217 -0.274341 -0.101913
    outer loop
      vertex 88.226412 15.779266 15.552069
      vertex 88.869940 13.536251 15.552069
      vertex 88.602464 13.626935 17.817581
    endloop
  endfacet
  facet normal -0.956217 -0.274341 -0.101913
    outer loop
      vertex 88.226412 15.779266 15.552069
      vertex 88.602464 13.626935 17.817581
      vertex 87.914619 16.024421 17.817581
    endloop
  endfacet
  facet normal 0.955870 0.274242 0.105374
    outer loop
      vertex 90.024213 13.144908 15.170819
      vertex 89.571937 14.721316 15.170819
      vertex 89.259802 14.966740 17.363531
    endloop
  endfacet
  facet normal 0.955870 0.274242 0.105374
    outer loop
      vertex 90.024213 13.144908 15.170819
      vertex 89.259802 14.966740 17.363531
      vertex 89.756445 13.235692 17.363531
    endloop
  endfacet
  facet normal -0.959530 -0.262175 -0.102792
    outer loop
      vertex 88.869940 13.536251 15.552069
      vertex 89.557033 11.021571 15.552069
      vertex 89.336876 10.939076 17.817581
    endloop
  endfacet
  facet normal -0.959530 -0.262175 -0.102792
    outer loop
      vertex 88.869940 13.536251 15.552069
      vertex 89.336876 10.939076 17.817581
      vertex 88.602464 13.626935 17.817581
    endloop
  endfacet
  facet normal 0.959176 0.262078 0.106282
    outer loop
      vertex 90.507107 11.377572 15.170819
      vertex 90.024213 13.144908 15.170819
      vertex 89.756445 13.235692 17.363531
    endloop
  endfacet
  facet normal 0.959176 0.262078 0.106282
    outer loop
      vertex 90.507107 11.377572 15.170819
      vertex 89.756445 13.235692 17.363531
      vertex 90.286709 11.294986 17.363531
    endloop
  endfacet
  facet normal -0.942161 -0.318887 -0.103169
    outer loop
      vertex 89.557033 11.021571 15.552069
      vertex 90.504019 8.223676 15.552069
      vertex 90.349078 7.948497 17.817581
    endloop
  endfacet
  facet normal -0.942161 -0.318887 -0.103169
    outer loop
      vertex 89.557033 11.021571 15.552069
      vertex 90.349078 7.948497 17.817581
      vertex 89.336876 10.939076 17.817581
    endloop
  endfacet
  facet normal 0.941811 0.318769 0.106671
    outer loop
      vertex 91.172656 9.411190 15.170819
      vertex 90.507107 11.377572 15.170819
      vertex 90.286709 11.294986 17.363531
    endloop
  endfacet
  facet normal 0.941811 0.318769 0.106671
    outer loop
      vertex 91.172656 9.411190 15.170819
      vertex 90.286709 11.294986 17.363531
      vertex 91.017546 9.135710 17.363531
    endloop
  endfacet
  facet normal -0.908242 -0.403423 -0.111117
    outer loop
      vertex 90.504019 8.223676 15.552069
      vertex 91.613760 5.725271 15.552069
      vertex 91.535244 5.278034 17.817581
    endloop
  endfacet
  facet normal -0.908242 -0.403423 -0.111117
    outer loop
      vertex 90.504019 8.223676 15.552069
      vertex 91.535244 5.278034 17.817581
      vertex 90.349078 7.948497 17.817581
    endloop
  endfacet
  facet normal 0.907850 0.403249 0.114883
    outer loop
      vertex 91.952591 7.655292 15.170819
      vertex 91.172656 9.411190 15.170819
      vertex 91.017546 9.135710 17.363531
    endloop
  endfacet
  facet normal 0.907850 0.403249 0.114883
    outer loop
      vertex 91.952591 7.655292 15.170819
      vertex 91.017546 9.135710 17.363531
      vertex 91.873989 7.207565 17.363531
    endloop
  endfacet
  facet normal -0.908773 -0.402281 -0.110910
    outer loop
      vertex 91.613760 5.725271 15.552069
      vertex 91.799645 5.305345 15.552069
      vertex 91.733931 4.829189 17.817581
    endloop
  endfacet
  facet normal -0.908773 -0.402281 -0.110910
    outer loop
      vertex 91.613760 5.725271 15.552069
      vertex 91.733931 4.829189 17.817581
      vertex 91.535244 5.278034 17.817581
    endloop
  endfacet
  facet normal 0.908383 0.402108 0.114669
    outer loop
      vertex 92.083232 7.360165 15.170819
      vertex 91.952591 7.655292 15.170819
      vertex 91.873989 7.207565 17.363531
    endloop
  endfacet
  facet normal 0.908383 0.402108 0.114669
    outer loop
      vertex 92.083232 7.360165 15.170819
      vertex 91.873989 7.207565 17.363531
      vertex 92.017446 6.883487 17.363531
    endloop
  endfacet
  facet normal 0.000000 -0.978619 -0.205682
    outer loop
      vertex 91.799645 5.305345 15.552069
      vertex 95.825075 5.305345 15.552069
      vertex 96.036581 4.829189 17.817581
    endloop
  endfacet
  facet normal 0.000000 -0.978619 -0.205682
    outer loop
      vertex 91.799645 5.305345 15.552069
      vertex 96.036581 4.829189 17.817581
      vertex 91.733931 4.829189 17.817581
    endloop
  endfacet
  facet normal 0.000000 0.977176 0.212430
    outer loop
      vertex 94.912335 7.360165 15.170819
      vertex 92.083232 7.360165 15.170819
      vertex 92.017446 6.883487 17.363531
    endloop
  endfacet
  facet normal 0.000000 0.977176 0.212430
    outer loop
      vertex 94.912335 7.360165 15.170819
      vertex 92.017446 6.883487 17.363531
      vertex 95.124073 6.883487 17.363531
    endloop
  endfacet
  facet normal 0.951119 -0.272139 -0.145993
    outer loop
      vertex 95.825075 5.305345 15.552069
      vertex 96.009312 5.949249 15.552069
      vertex 96.233506 5.517437 17.817581
    endloop
  endfacet
  facet normal 0.951119 -0.272139 -0.145993
    outer loop
      vertex 95.825075 5.305345 15.552069
      vertex 96.233506 5.517437 17.817581
      vertex 96.036581 4.829189 17.817581
    endloop
  endfacet
  facet normal -0.950411 0.271937 0.150893
    outer loop
      vertex 95.041819 7.812706 15.170819
      vertex 94.912335 7.360165 15.170819
      vertex 95.124073 6.883487 17.363531
    endloop
  endfacet
  facet normal -0.950411 0.271937 0.150893
    outer loop
      vertex 95.041819 7.812706 15.170819
      vertex 95.124073 6.883487 17.363531
      vertex 95.266258 7.380421 17.363531
    endloop
  endfacet
  facet normal 0.953772 -0.263456 -0.144600
    outer loop
      vertex 96.009312 5.949249 15.552069
      vertex 96.530536 7.836197 15.552069
      vertex 96.790625 7.534334 17.817581
    endloop
  endfacet
  facet normal 0.953772 -0.263456 -0.144600
    outer loop
      vertex 96.009312 5.949249 15.552069
      vertex 96.790625 7.534334 17.817581
      vertex 96.233506 5.517437 17.817581
    endloop
  endfacet
  facet normal -0.953077 0.263264 0.149456
    outer loop
      vertex 95.408138 9.138867 15.170819
      vertex 95.041819 7.812706 15.170819
      vertex 95.266258 7.380421 17.363531
    endloop
  endfacet
  facet normal -0.953077 0.263264 0.149456
    outer loop
      vertex 95.408138 9.138867 15.170819
      vertex 95.266258 7.380421 17.363531
      vertex 95.668512 8.836673 17.363531
    endloop
  endfacet
  facet normal 0.966545 -0.215158 -0.139631
    outer loop
      vertex 96.530536 7.836197 15.552069
      vertex 96.984527 9.875641 15.552069
      vertex 97.275882 9.714229 17.817581
    endloop
  endfacet
  facet normal 0.966545 -0.215158 -0.139631
    outer loop
      vertex 96.530536 7.836197 15.552069
      vertex 97.275882 9.714229 17.817581
      vertex 96.790625 7.534334 17.817581
    endloop
  endfacet
  facet normal -0.965888 0.215012 0.144327
    outer loop
      vertex 95.727207 10.572204 15.170819
      vertex 95.408138 9.138867 15.170819
      vertex 95.668512 8.836673 17.363531
    endloop
  endfacet
  facet normal -0.965888 0.215012 0.144327
    outer loop
      vertex 95.727207 10.572204 15.170819
      vertex 95.668512 8.836673 17.363531
      vertex 96.018881 10.410615 17.363531
    endloop
  endfacet
  facet normal 0.979501 -0.148119 -0.136521
    outer loop
      vertex 96.984527 9.875641 15.552069
      vertex 97.290265 11.897463 15.552069
      vertex 97.602674 11.875288 17.817581
    endloop
  endfacet
  facet normal 0.979501 -0.148119 -0.136521
    outer loop
      vertex 96.984527 9.875641 15.552069
      vertex 97.602674 11.875288 17.817581
      vertex 97.275882 9.714229 17.817581
    endloop
  endfacet
  facet normal -0.978864 0.148023 0.141116
    outer loop
      vertex 95.942081 11.993155 15.170819
      vertex 95.727207 10.572204 15.170819
      vertex 96.018881 10.410615 17.363531
    endloop
  endfacet
  facet normal -0.978864 0.148023 0.141116
    outer loop
      vertex 95.942081 11.993155 15.170819
      vertex 96.018881 10.410615 17.363531
      vertex 96.254833 11.970957 17.363531
    endloop
  endfacet
  facet normal 0.983493 -0.118457 -0.136781
    outer loop
      vertex 97.290265 11.897463 15.552069
      vertex 97.515680 13.768974 15.552069
      vertex 97.843613 13.875686 17.817581
    endloop
  endfacet
  facet normal 0.983493 -0.118457 -0.136781
    outer loop
      vertex 97.290265 11.897463 15.552069
      vertex 97.843613 13.875686 17.817581
      vertex 97.602674 11.875288 17.817581
    endloop
  endfacet
  facet normal -0.982851 0.118380 0.141385
    outer loop
      vertex 96.100505 13.308468 15.170819
      vertex 95.942081 11.993155 15.170819
      vertex 96.254833 11.970957 17.363531
    endloop
  endfacet
  facet normal -0.982851 0.118380 0.141385
    outer loop
      vertex 96.100505 13.308468 15.170819
      vertex 96.254833 11.970957 17.363531
      vertex 96.428798 13.415296 17.363531
    endloop
  endfacet
  facet normal 0.459197 0.881745 -0.108001
    outer loop
      vertex 97.515680 13.768974 15.552069
      vertex 96.257472 14.424226 15.552069
      vertex 96.498756 14.576063 17.817581
    endloop
  endfacet
  facet normal 0.459197 0.881745 -0.108001
    outer loop
      vertex 97.515680 13.768974 15.552069
      vertex 96.498756 14.576063 17.817581
      vertex 97.843613 13.875686 17.817581
    endloop
  endfacet
  facet normal -0.459010 -0.881386 0.111664
    outer loop
      vertex 95.216227 13.768984 15.170819
      vertex 96.100505 13.308468 15.170819
      vertex 96.428798 13.415296 17.363531
    endloop
  endfacet
  facet normal -0.459010 -0.881386 0.111664
    outer loop
      vertex 95.216227 13.768984 15.170819
      vertex 96.428798 13.415296 17.363531
      vertex 95.457776 13.920987 17.363531
    endloop
  endfacet
  facet normal 0.427461 0.897833 -0.105700
    outer loop
      vertex 96.257472 14.424226 15.552069
      vertex 94.945407 15.048903 15.552069
      vertex 95.096333 15.243760 17.817581
    endloop
  endfacet
  facet normal 0.427461 0.897833 -0.105700
    outer loop
      vertex 96.257472 14.424226 15.552069
      vertex 95.096333 15.243760 17.817581
      vertex 96.498756 14.576063 17.817581
    endloop
  endfacet
  facet normal -0.427294 -0.897483 0.109286
    outer loop
      vertex 94.294098 14.208012 15.170819
      vertex 95.216227 13.768984 15.170819
      vertex 95.457776 13.920987 17.363531
    endloop
  endfacet
  facet normal -0.427294 -0.897483 0.109286
    outer loop
      vertex 94.294098 14.208012 15.170819
      vertex 95.457776 13.920987 17.363531
      vertex 94.445189 14.403082 17.363531
    endloop
  endfacet
  facet normal 0.391040 0.914399 -0.104698
    outer loop
      vertex 94.945407 15.048903 15.552069
      vertex 93.616859 15.617054 15.552069
      vertex 93.676291 15.851037 17.817581
    endloop
  endfacet
  facet normal 0.391040 0.914399 -0.104698
    outer loop
      vertex 94.945407 15.048903 15.552069
      vertex 93.676291 15.851037 17.817581
      vertex 95.096333 15.243760 17.817581
    endloop
  endfacet
  facet normal -0.390891 -0.914049 0.108251
    outer loop
      vertex 93.360384 14.607312 15.170819
      vertex 94.294098 14.208012 15.170819
      vertex 94.445189 14.403082 17.363531
    endloop
  endfacet
  facet normal -0.390891 -0.914049 0.108251
    outer loop
      vertex 93.360384 14.607312 15.170819
      vertex 94.445189 14.403082 17.363531
      vertex 93.419881 14.841552 17.363531
    endloop
  endfacet
  facet normal 0.362182 0.926157 -0.105155
    outer loop
      vertex 93.616859 15.617054 15.552069
      vertex 92.314062 16.126524 15.552069
      vertex 92.283774 16.395594 17.817581
    endloop
  endfacet
  facet normal 0.362182 0.926157 -0.105155
    outer loop
      vertex 93.616859 15.617054 15.552069
      vertex 92.283774 16.395594 17.817581
      vertex 93.676291 15.851037 17.817581
    endloop
  endfacet
  facet normal -0.362042 -0.925799 0.108724
    outer loop
      vertex 92.444768 14.965372 15.170819
      vertex 93.360384 14.607312 15.170819
      vertex 93.419881 14.841552 17.363531
    endloop
  endfacet
  facet normal -0.362042 -0.925799 0.108724
    outer loop
      vertex 92.444768 14.965372 15.170819
      vertex 93.419881 14.841552 17.363531
      vertex 92.414447 15.234736 17.363531
    endloop
  endfacet
  facet normal 0.346473 0.932044 -0.106065
    outer loop
      vertex 92.314062 16.126524 15.552069
      vertex 91.060222 16.592619 15.552069
      vertex 90.943586 16.893788 17.817581
    endloop
  endfacet
  facet normal 0.346473 0.932044 -0.106065
    outer loop
      vertex 92.314062 16.126524 15.552069
      vertex 90.943586 16.893788 17.817581
      vertex 92.283774 16.395594 17.817581
    endloop
  endfacet
  facet normal -0.346337 -0.931678 0.109663
    outer loop
      vertex 91.563560 15.292947 15.170819
      vertex 92.444768 14.965372 15.170819
      vertex 92.414447 15.234736 17.363531
    endloop
  endfacet
  facet normal -0.346337 -0.931678 0.109663
    outer loop
      vertex 91.563560 15.292947 15.170819
      vertex 92.414447 15.234736 17.363531
      vertex 91.446796 15.594446 17.363531
    endloop
  endfacet
  facet normal 0.341446 0.933841 -0.106562
    outer loop
      vertex 91.060222 16.592619 15.552069
      vertex 89.859129 17.031783 15.552069
      vertex 89.659777 17.363196 17.817581
    endloop
  endfacet
  facet normal 0.341446 0.933841 -0.106562
    outer loop
      vertex 91.060222 16.592619 15.552069
      vertex 89.659777 17.363196 17.817581
      vertex 90.943586 16.893788 17.817581
    endloop
  endfacet
  facet normal -0.341311 -0.933471 0.110177
    outer loop
      vertex 90.719423 15.601595 15.170819
      vertex 91.563560 15.292947 15.170819
      vertex 91.446796 15.594446 17.363531
    endloop
  endfacet
  facet normal -0.341311 -0.933471 0.110177
    outer loop
      vertex 90.719423 15.601595 15.170819
      vertex 91.446796 15.594446 17.363531
      vertex 90.519852 15.933370 17.363531
    endloop
  endfacet
  facet normal 0.342508 0.933469 -0.106415
    outer loop
      vertex 89.859129 17.031783 15.552069
      vertex 88.705581 17.455042 15.552069
      vertex 88.426786 17.815603 17.817581
    endloop
  endfacet
  facet normal 0.342508 0.933469 -0.106415
    outer loop
      vertex 89.859129 17.031783 15.552069
      vertex 88.426786 17.815603 17.817581
      vertex 89.659777 17.363196 17.817581
    endloop
  endfacet
  facet normal -0.342372 -0.933100 0.110025
    outer loop
      vertex 89.908700 15.899064 15.170819
      vertex 90.719423 15.601595 15.170819
      vertex 90.519852 15.933370 17.363531
    endloop
  endfacet
  facet normal -0.342372 -0.933100 0.110025
    outer loop
      vertex 89.908700 15.899064 15.170819
      vertex 90.519852 15.933370 17.363531
      vertex 89.629600 16.260021 17.363531
    endloop
  endfacet
  facet normal 0.346319 0.932139 -0.105734
    outer loop
      vertex 88.705581 17.455042 15.552069
      vertex 87.592383 17.868630 15.552069
      vertex 87.236926 18.257674 17.817581
    endloop
  endfacet
  facet normal 0.346319 0.932139 -0.105734
    outer loop
      vertex 88.705581 17.455042 15.552069
      vertex 87.236926 18.257674 17.817581
      vertex 88.426786 17.815603 17.817581
    endloop
  endfacet
  facet normal -0.346184 -0.931776 0.109321
    outer loop
      vertex 89.126337 16.189737 15.170819
      vertex 89.908700 15.899064 15.170819
      vertex 89.629600 16.260021 17.363531
    endloop
  endfacet
  facet normal -0.346184 -0.931776 0.109321
    outer loop
      vertex 89.126337 16.189737 15.170819
      vertex 89.629600 16.260021 17.363531
      vertex 88.770490 16.579207 17.363531
    endloop
  endfacet
  facet normal -0.950820 -0.288531 -0.112656
    outer loop
      vertex 87.236926 18.257674 17.817581
      vertex 87.914619 16.024421 17.817581
      vertex 87.561979 16.301692 20.083725
    endloop
  endfacet
  facet normal -0.950820 -0.288531 -0.112656
    outer loop
      vertex 87.236926 18.257674 17.817581
      vertex 87.561979 16.301692 20.083725
      vertex 86.834902 18.697683 20.083725
    endloop
  endfacet
  facet normal 0.950422 0.288411 0.116264
    outer loop
      vertex 89.259802 14.966740 17.363531
      vertex 88.770490 16.579207 17.363531
      vertex 88.368833 17.018815 19.556430
    endloop
  endfacet
  facet normal 0.950422 0.288411 0.116264
    outer loop
      vertex 89.259802 14.966740 17.363531
      vertex 88.368833 17.018815 19.556430
      vertex 88.907484 15.243758 19.556430
    endloop
  endfacet
  facet normal -0.954837 -0.273946 -0.115066
    outer loop
      vertex 87.914619 16.024421 17.817581
      vertex 88.602464 13.626935 17.817581
      vertex 88.299949 13.729499 20.083725
    endloop
  endfacet
  facet normal -0.954837 -0.273946 -0.115066
    outer loop
      vertex 87.914619 16.024421 17.817581
      vertex 88.299949 13.729499 20.083725
      vertex 87.561979 16.301692 20.083725
    endloop
  endfacet
  facet normal 0.954420 0.273826 0.118749
    outer loop
      vertex 89.756445 13.235692 17.363531
      vertex 89.259802 14.966740 17.363531
      vertex 88.907484 15.243758 19.556430
    endloop
  endfacet
  facet normal 0.954420 0.273826 0.118749
    outer loop
      vertex 89.756445 13.235692 17.363531
      vertex 88.907484 15.243758 19.556430
      vertex 89.454205 13.338163 19.556430
    endloop
  endfacet
  facet normal -0.958122 -0.261790 -0.116055
    outer loop
      vertex 88.602464 13.626935 17.817581
      vertex 89.336876 10.939076 17.817581
      vertex 89.087877 10.845774 20.083725
    endloop
  endfacet
  facet normal -0.958122 -0.261790 -0.116055
    outer loop
      vertex 88.602464 13.626935 17.817581
      vertex 89.087877 10.845774 20.083725
      vertex 88.299949 13.729499 20.083725
    endloop
  endfacet
  facet normal 0.957696 0.261674 0.119768
    outer loop
      vertex 90.286709 11.294986 17.363531
      vertex 89.756445 13.235692 17.363531
      vertex 89.454205 13.338163 19.556430
    endloop
  endfacet
  facet normal 0.957696 0.261674 0.119768
    outer loop
      vertex 90.286709 11.294986 17.363531
      vertex 89.454205 13.338163 19.556430
      vertex 90.037937 11.201770 19.556430
    endloop
  endfacet
  facet normal -0.940768 -0.318416 -0.116479
    outer loop
      vertex 89.336876 10.939076 17.817581
      vertex 90.349078 7.948497 17.817581
      vertex 90.173839 7.637270 20.083725
    endloop
  endfacet
  facet normal -0.940768 -0.318416 -0.116479
    outer loop
      vertex 89.336876 10.939076 17.817581
      vertex 90.173839 7.637270 20.083725
      vertex 89.087877 10.845774 20.083725
    endloop
  endfacet
  facet normal 0.940347 0.318273 0.120206
    outer loop
      vertex 91.017546 9.135710 17.363531
      vertex 90.286709 11.294986 17.363531
      vertex 90.037937 11.201770 19.556430
    endloop
  endfacet
  facet normal 0.940347 0.318273 0.120206
    outer loop
      vertex 91.017546 9.135710 17.363531
      vertex 90.037937 11.201770 19.556430
      vertex 90.842467 8.824766 19.556430
    endloop
  endfacet
  facet normal -0.906685 -0.402731 -0.125423
    outer loop
      vertex 90.349078 7.948497 17.817581
      vertex 91.535244 5.278034 17.817581
      vertex 91.446442 4.772207 20.083725
    endloop
  endfacet
  facet normal -0.906685 -0.402731 -0.125423
    outer loop
      vertex 90.349078 7.948497 17.817581
      vertex 91.446442 4.772207 20.083725
      vertex 90.173839 7.637270 20.083725
    endloop
  endfacet
  facet normal 0.906214 0.402522 0.129427
    outer loop
      vertex 91.873989 7.207565 17.363531
      vertex 91.017546 9.135710 17.363531
      vertex 90.842467 8.824766 19.556430
    endloop
  endfacet
  facet normal 0.906214 0.402522 0.129427
    outer loop
      vertex 91.873989 7.207565 17.363531
      vertex 90.842467 8.824766 19.556430
      vertex 91.785268 6.702200 19.556430
    endloop
  endfacet
  facet normal -0.907221 -0.401594 -0.125190
    outer loop
      vertex 91.535244 5.278034 17.817581
      vertex 91.733931 4.829189 17.817581
      vertex 91.659607 4.290655 20.083725
    endloop
  endfacet
  facet normal -0.907221 -0.401594 -0.125190
    outer loop
      vertex 91.535244 5.278034 17.817581
      vertex 91.659607 4.290655 20.083725
      vertex 91.446442 4.772207 20.083725
    endloop
  endfacet
  facet normal 0.906752 0.401386 0.129187
    outer loop
      vertex 92.017446 6.883487 17.363531
      vertex 91.873989 7.207565 17.363531
      vertex 91.785268 6.702200 19.556430
    endloop
  endfacet
  facet normal 0.906752 0.401386 0.129187
    outer loop
      vertex 92.017446 6.883487 17.363531
      vertex 91.785268 6.702200 19.556430
      vertex 91.943190 6.345444 19.556430
    endloop
  endfacet
  facet normal 0.000000 -0.972905 -0.231204
    outer loop
      vertex 91.733931 4.829189 17.817581
      vertex 96.036581 4.829189 17.817581
      vertex 96.275795 4.290655 20.083725
    endloop
  endfacet
  facet normal 0.000000 -0.972905 -0.231204
    outer loop
      vertex 91.733931 4.829189 17.817581
      vertex 96.275795 4.290655 20.083725
      vertex 91.659607 4.290655 20.083725
    endloop
  endfacet
  facet normal 0.000000 0.971194 0.238289
    outer loop
      vertex 95.124073 6.883487 17.363531
      vertex 92.017446 6.883487 17.363531
      vertex 91.943190 6.345444 19.556430
    endloop
  endfacet
  facet normal 0.000000 0.971194 0.238289
    outer loop
      vertex 95.124073 6.883487 17.363531
      vertex 91.943190 6.345444 19.556430
      vertex 95.363069 6.345444 19.556430
    endloop
  endfacet
  facet normal 0.948309 -0.271335 -0.164584
    outer loop
      vertex 96.036581 4.829189 17.817581
      vertex 96.233506 5.517437 17.817581
      vertex 96.487070 5.029056 20.083725
    endloop
  endfacet
  facet normal 0.948309 -0.271335 -0.164584
    outer loop
      vertex 96.036581 4.829189 17.817581
      vertex 96.487070 5.029056 20.083725
      vertex 96.275795 4.290655 20.083725
    endloop
  endfacet
  facet normal -0.947462 0.271093 0.169775
    outer loop
      vertex 95.266258 7.380421 17.363531
      vertex 95.124073 6.883487 17.363531
      vertex 95.363069 6.345444 19.556430
    endloop
  endfacet
  facet normal -0.947462 0.271093 0.169775
    outer loop
      vertex 95.266258 7.380421 17.363531
      vertex 95.363069 6.345444 19.556430
      vertex 95.519591 6.892485 19.556430
    endloop
  endfacet
  facet normal 0.951008 -0.262693 -0.163024
    outer loop
      vertex 96.233506 5.517437 17.817581
      vertex 96.790625 7.534334 17.817581
      vertex 97.084787 7.192926 20.083725
    endloop
  endfacet
  facet normal 0.951008 -0.262693 -0.163024
    outer loop
      vertex 96.233506 5.517437 17.817581
      vertex 97.084787 7.192926 20.083725
      vertex 96.487070 5.029056 20.083725
    endloop
  endfacet
  facet normal -0.950175 0.262463 0.168168
    outer loop
      vertex 95.668512 8.836673 17.363531
      vertex 95.266258 7.380421 17.363531
      vertex 95.519591 6.892485 19.556430
    endloop
  endfacet
  facet normal -0.950175 0.262463 0.168168
    outer loop
      vertex 95.668512 8.836673 17.363531
      vertex 95.519591 6.892485 19.556430
      vertex 95.962406 8.495577 19.556430
    endloop
  endfacet
  facet normal 0.963932 -0.214577 -0.157453
    outer loop
      vertex 96.790625 7.534334 17.817581
      vertex 97.275882 9.714229 17.817581
      vertex 97.605404 9.531672 20.083725
    endloop
  endfacet
  facet normal 0.963932 -0.214577 -0.157453
    outer loop
      vertex 96.790625 7.534334 17.817581
      vertex 97.605404 9.531672 20.083725
      vertex 97.084787 7.192926 20.083725
    endloop
  endfacet
  facet normal -0.963145 0.214401 0.162430
    outer loop
      vertex 96.018881 10.410615 17.363531
      vertex 95.668512 8.836673 17.363531
      vertex 95.962406 8.495577 19.556430
    endloop
  endfacet
  facet normal -0.963145 0.214401 0.162430
    outer loop
      vertex 96.018881 10.410615 17.363531
      vertex 95.962406 8.495577 19.556430
      vertex 96.348103 10.228224 19.556430
    endloop
  endfacet
  facet normal 0.976969 -0.147736 -0.153964
    outer loop
      vertex 97.275882 9.714229 17.817581
      vertex 97.602674 11.875288 17.817581
      vertex 97.956011 11.850209 20.083725
    endloop
  endfacet
  facet normal 0.976969 -0.147736 -0.153964
    outer loop
      vertex 97.275882 9.714229 17.817581
      vertex 97.956011 11.850209 20.083725
      vertex 97.605404 9.531672 20.083725
    endloop
  endfacet
  facet normal -0.976206 0.147621 0.158837
    outer loop
      vertex 96.254833 11.970957 17.363531
      vertex 96.018881 10.410615 17.363531
      vertex 96.348103 10.228224 19.556430
    endloop
  endfacet
  facet normal -0.976206 0.147621 0.158837
    outer loop
      vertex 96.254833 11.970957 17.363531
      vertex 96.348103 10.228224 19.556430
      vertex 96.607847 11.945900 19.556430
    endloop
  endfacet
  facet normal 0.980941 -0.118150 -0.154256
    outer loop
      vertex 97.602674 11.875288 17.817581
      vertex 97.843613 13.875686 17.817581
      vertex 98.214507 13.996377 20.083725
    endloop
  endfacet
  facet normal 0.980941 -0.118150 -0.154256
    outer loop
      vertex 97.602674 11.875288 17.817581
      vertex 98.214507 13.996377 20.083725
      vertex 97.956011 11.850209 20.083725
    endloop
  endfacet
  facet normal -0.980172 0.118057 0.159138
    outer loop
      vertex 96.428798 13.415296 17.363531
      vertex 96.254833 11.970957 17.363531
      vertex 96.607847 11.945900 19.556430
    endloop
  endfacet
  facet normal -0.980172 0.118057 0.159138
    outer loop
      vertex 96.428798 13.415296 17.363531
      vertex 96.607847 11.945900 19.556430
      vertex 96.799353 13.535877 19.556430
    endloop
  endfacet
  facet normal 0.458453 0.880316 -0.121918
    outer loop
      vertex 97.843613 13.875686 17.817581
      vertex 96.498756 14.576063 17.817581
      vertex 96.771649 14.747791 20.083725
    endloop
  endfacet
  facet normal 0.458453 0.880316 -0.121918
    outer loop
      vertex 97.843613 13.875686 17.817581
      vertex 96.771649 14.747791 20.083725
      vertex 98.214507 13.996377 20.083725
    endloop
  endfacet
  facet normal -0.458228 -0.879885 0.125814
    outer loop
      vertex 95.457776 13.920987 17.363531
      vertex 96.428798 13.415296 17.363531
      vertex 96.799353 13.535877 19.556430
    endloop
  endfacet
  facet normal -0.458228 -0.879885 0.125814
    outer loop
      vertex 95.457776 13.920987 17.363531
      vertex 96.799353 13.535877 19.556430
      vertex 95.730420 14.092558 19.556430
    endloop
  endfacet
  facet normal 0.426798 0.896440 -0.119328
    outer loop
      vertex 96.498756 14.576063 17.817581
      vertex 95.096333 15.243760 17.817581
      vertex 95.267030 15.464144 20.083725
    endloop
  endfacet
  facet normal 0.426798 0.896440 -0.119328
    outer loop
      vertex 96.498756 14.576063 17.817581
      vertex 95.267030 15.464144 20.083725
      vertex 96.771649 14.747791 20.083725
    endloop
  endfacet
  facet normal -0.426597 -0.896019 0.123143
    outer loop
      vertex 94.445189 14.403082 17.363531
      vertex 95.457776 13.920987 17.363531
      vertex 95.730420 14.092558 19.556430
    endloop
  endfacet
  facet normal -0.426597 -0.896019 0.123143
    outer loop
      vertex 94.445189 14.403082 17.363531
      vertex 95.730420 14.092558 19.556430
      vertex 94.615731 14.623265 19.556430
    endloop
  endfacet
  facet normal 0.390445 0.913007 -0.118201
    outer loop
      vertex 95.096333 15.243760 17.817581
      vertex 93.676291 15.851037 17.817581
      vertex 93.743509 16.115674 20.083725
    endloop
  endfacet
  facet normal 0.390445 0.913007 -0.118201
    outer loop
      vertex 95.096333 15.243760 17.817581
      vertex 93.743509 16.115674 20.083725
      vertex 95.267030 15.464144 20.083725
    endloop
  endfacet
  facet normal -0.390265 -0.912586 0.121981
    outer loop
      vertex 93.419881 14.841552 17.363531
      vertex 94.445189 14.403082 17.363531
      vertex 94.615731 14.623265 19.556430
    endloop
  endfacet
  facet normal -0.390265 -0.912586 0.121981
    outer loop
      vertex 93.419881 14.841552 17.363531
      vertex 94.615731 14.623265 19.556430
      vertex 93.487037 15.105947 19.556430
    endloop
  endfacet
  facet normal 0.361626 0.924734 -0.118715
    outer loop
      vertex 93.676291 15.851037 17.817581
      vertex 92.283774 16.395594 17.817581
      vertex 92.249518 16.699912 20.083725
    endloop
  endfacet
  facet normal 0.361626 0.924734 -0.118715
    outer loop
      vertex 93.676291 15.851037 17.817581
      vertex 92.249518 16.699912 20.083725
      vertex 93.743509 16.115674 20.083725
    endloop
  endfacet
  facet normal -0.361458 -0.924305 0.122512
    outer loop
      vertex 92.414447 15.234736 17.363531
      vertex 93.419881 14.841552 17.363531
      vertex 93.487037 15.105947 19.556430
    endloop
  endfacet
  facet normal -0.361458 -0.924305 0.122512
    outer loop
      vertex 92.414447 15.234736 17.363531
      vertex 93.487037 15.105947 19.556430
      vertex 92.380222 15.538777 19.556430
    endloop
  endfacet
  facet normal 0.345932 0.930588 -0.119739
    outer loop
      vertex 92.283774 16.395594 17.817581
      vertex 90.943586 16.893788 17.817581
      vertex 90.811669 17.234410 20.083725
    endloop
  endfacet
  facet normal 0.345932 0.930588 -0.119739
    outer loop
      vertex 92.283774 16.395594 17.817581
      vertex 90.811669 17.234410 20.083725
      vertex 92.249518 16.699912 20.083725
    endloop
  endfacet
  facet normal -0.345768 -0.930148 0.123567
    outer loop
      vertex 91.446796 15.594446 17.363531
      vertex 92.414447 15.234736 17.363531
      vertex 92.380222 15.538777 19.556430
    endloop
  endfacet
  facet normal -0.345768 -0.930148 0.123567
    outer loop
      vertex 91.446796 15.594446 17.363531
      vertex 92.380222 15.538777 19.556430
      vertex 91.315000 15.934757 19.556430
    endloop
  endfacet
  facet normal 0.340908 0.932368 -0.120299
    outer loop
      vertex 90.943586 16.893788 17.817581
      vertex 89.659777 17.363196 17.817581
      vertex 89.434308 17.738024 20.083725
    endloop
  endfacet
  facet normal 0.340908 0.932368 -0.120299
    outer loop
      vertex 90.943586 16.893788 17.817581
      vertex 89.434308 17.738024 20.083725
      vertex 90.811669 17.234410 20.083725
    endloop
  endfacet
  facet normal -0.340745 -0.931923 0.124144
    outer loop
      vertex 90.519852 15.933370 17.363531
      vertex 91.446796 15.594446 17.363531
      vertex 91.315000 15.934757 19.556430
    endloop
  endfacet
  facet normal -0.340745 -0.931923 0.124144
    outer loop
      vertex 90.519852 15.933370 17.363531
      vertex 91.315000 15.934757 19.556430
      vertex 90.294589 16.307857 19.556430
    endloop
  endfacet
  facet normal 0.341969 0.932001 -0.120132
    outer loop
      vertex 89.659777 17.363196 17.817581
      vertex 88.426786 17.815603 17.817581
      vertex 88.111469 18.223399 20.083725
    endloop
  endfacet
  facet normal 0.341969 0.932001 -0.120132
    outer loop
      vertex 89.659777 17.363196 17.817581
      vertex 88.111469 18.223399 20.083725
      vertex 89.434308 17.738024 20.083725
    endloop
  endfacet
  facet normal -0.341806 -0.931557 0.123973
    outer loop
      vertex 89.629600 16.260021 17.363531
      vertex 90.519852 15.933370 17.363531
      vertex 90.294589 16.307857 19.556430
    endloop
  endfacet
  facet normal -0.341806 -0.931557 0.123973
    outer loop
      vertex 89.629600 16.260021 17.363531
      vertex 90.294589 16.307857 19.556430
      vertex 89.314570 16.667444 19.556430
    endloop
  endfacet
  facet normal 0.345781 0.930692 -0.119366
    outer loop
      vertex 88.426786 17.815603 17.817581
      vertex 87.236926 18.257674 17.817581
      vertex 86.834902 18.697683 20.083725
    endloop
  endfacet
  facet normal 0.345781 0.930692 -0.119366
    outer loop
      vertex 88.426786 17.815603 17.817581
      vertex 86.834902 18.697683 20.083725
      vertex 88.111469 18.223399 20.083725
    endloop
  endfacet
  facet normal -0.345619 -0.930255 0.123183
    outer loop
      vertex 88.770490 16.579207 17.363531
      vertex 89.629600 16.260021 17.363531
      vertex 89.314570 16.667444 19.556430
    endloop
  endfacet
  facet normal -0.345619 -0.930255 0.123183
    outer loop
      vertex 88.770490 16.579207 17.363531
      vertex 89.314570 16.667444 19.556430
      vertex 88.368833 17.018815 19.556430
    endloop
  endfacet
  facet normal -0.949657 -0.288179 -0.122903
    outer loop
      vertex 86.834902 18.697683 20.083725
      vertex 87.561979 16.301692 20.083725
      vertex 87.177063 16.604341 22.348291
    endloop
  endfacet
  facet normal -0.949657 -0.288179 -0.122903
    outer loop
      vertex 86.834902 18.697683 20.083725
      vertex 87.177063 16.604341 22.348291
      vertex 86.396082 19.177967 22.348291
    endloop
  endfacet
  facet normal 0.949193 0.288038 0.126756
    outer loop
      vertex 88.907484 15.243758 19.556430
      vertex 88.368833 17.018815 19.556430
      vertex 87.930456 17.498613 21.748861
    endloop
  endfacet
  facet normal 0.949193 0.288038 0.126756
    outer loop
      vertex 88.907484 15.243758 19.556430
      vertex 87.930456 17.498613 21.748861
      vertex 88.522957 15.546101 21.748861
    endloop
  endfacet
  facet normal -0.953619 -0.273596 -0.125525
    outer loop
      vertex 87.561979 16.301692 20.083725
      vertex 88.299949 13.729499 20.083725
      vertex 87.969744 13.841451 22.348291
    endloop
  endfacet
  facet normal -0.953619 -0.273596 -0.125525
    outer loop
      vertex 87.561979 16.301692 20.083725
      vertex 87.969744 13.841451 22.348291
      vertex 87.177063 16.604341 22.348291
    endloop
  endfacet
  facet normal 0.953133 0.273457 0.129458
    outer loop
      vertex 89.454205 13.338163 19.556430
      vertex 88.907484 15.243758 19.556430
      vertex 88.522957 15.546101 21.748861
    endloop
  endfacet
  facet normal 0.953133 0.273457 0.129458
    outer loop
      vertex 89.454205 13.338163 19.556430
      vertex 88.522957 15.546101 21.748861
      vertex 89.124334 13.450001 21.748861
    endloop
  endfacet
  facet normal -0.956878 -0.261450 -0.126601
    outer loop
      vertex 88.299949 13.729499 20.083725
      vertex 89.087877 10.845774 20.083725
      vertex 88.816088 10.743932 22.348291
    endloop
  endfacet
  facet normal -0.956878 -0.261450 -0.126601
    outer loop
      vertex 88.299949 13.729499 20.083725
      vertex 88.816088 10.743932 22.348291
      vertex 87.969744 13.841451 22.348291
    endloop
  endfacet
  facet normal 0.956382 0.261315 0.130566
    outer loop
      vertex 90.037937 11.201770 19.556430
      vertex 89.454205 13.338163 19.556430
      vertex 89.124334 13.450001 21.748861
    endloop
  endfacet
  facet normal 0.956382 0.261315 0.130566
    outer loop
      vertex 90.037937 11.201770 19.556430
      vertex 89.124334 13.450001 21.748861
      vertex 89.766423 11.100031 21.748861
    endloop
  endfacet
  facet normal -0.939538 -0.318000 -0.127063
    outer loop
      vertex 89.087877 10.845774 20.083725
      vertex 90.173839 7.637270 20.083725
      vertex 89.982561 7.297556 22.348291
    endloop
  endfacet
  facet normal -0.939538 -0.318000 -0.127063
    outer loop
      vertex 89.087877 10.845774 20.083725
      vertex 89.982561 7.297556 22.348291
      vertex 88.816088 10.743932 22.348291
    endloop
  endfacet
  facet normal 0.939047 0.317834 0.131042
    outer loop
      vertex 90.842467 8.824766 19.556430
      vertex 90.037937 11.201770 19.556430
      vertex 89.766423 11.100031 21.748861
    endloop
  endfacet
  facet normal 0.939047 0.317834 0.131042
    outer loop
      vertex 90.842467 8.824766 19.556430
      vertex 89.766423 11.100031 21.748861
      vertex 90.651382 8.485396 21.748861
    endloop
  endfacet
  facet normal -0.905311 -0.402121 -0.136791
    outer loop
      vertex 90.173839 7.637270 20.083725
      vertex 91.446442 4.772207 20.083725
      vertex 91.349512 4.220083 22.348291
    endloop
  endfacet
  facet normal -0.905311 -0.402121 -0.136791
    outer loop
      vertex 90.173839 7.637270 20.083725
      vertex 91.349512 4.220083 22.348291
      vertex 89.982561 7.297556 22.348291
    endloop
  endfacet
  facet normal 0.904763 0.401877 0.141063
    outer loop
      vertex 91.785268 6.702200 19.556430
      vertex 90.842467 8.824766 19.556430
      vertex 90.651382 8.485396 21.748861
    endloop
  endfacet
  facet normal 0.904763 0.401877 0.141063
    outer loop
      vertex 91.785268 6.702200 19.556430
      vertex 90.651382 8.485396 21.748861
      vertex 91.688436 6.150634 21.748861
    endloop
  endfacet
  facet normal -0.905851 -0.400987 -0.136538
    outer loop
      vertex 91.446442 4.772207 20.083725
      vertex 91.659607 4.290655 20.083725
      vertex 91.578481 3.702830 22.348291
    endloop
  endfacet
  facet normal -0.905851 -0.400987 -0.136538
    outer loop
      vertex 91.446442 4.772207 20.083725
      vertex 91.578481 3.702830 22.348291
      vertex 91.349512 4.220083 22.348291
    endloop
  endfacet
  facet normal 0.905305 0.400746 0.140803
    outer loop
      vertex 91.943190 6.345444 19.556430
      vertex 91.785268 6.702200 19.556430
      vertex 91.688436 6.150634 21.748861
    endloop
  endfacet
  facet normal 0.905305 0.400746 0.140803
    outer loop
      vertex 91.943190 6.345444 19.556430
      vertex 91.688436 6.150634 21.748861
      vertex 91.862146 5.758213 21.748861
    endloop
  endfacet
  facet normal 0.000000 -0.967923 -0.251249
    outer loop
      vertex 91.659607 4.290655 20.083725
      vertex 96.275795 4.290655 20.083725
      vertex 96.536904 3.702830 22.348291
    endloop
  endfacet
  facet normal 0.000000 -0.967923 -0.251249
    outer loop
      vertex 91.659607 4.290655 20.083725
      vertex 96.536904 3.702830 22.348291
      vertex 91.578481 3.702830 22.348291
    endloop
  endfacet
  facet normal 0.000000 0.965951 0.258725
    outer loop
      vertex 95.363069 6.345444 19.556430
      vertex 91.943190 6.345444 19.556430
      vertex 91.862146 5.758213 21.748861
    endloop
  endfacet
  facet normal 0.000000 0.965951 0.258725
    outer loop
      vertex 95.363069 6.345444 19.556430
      vertex 91.862146 5.758213 21.748861
      vertex 95.623914 5.758213 21.748861
    endloop
  endfacet
  facet normal 0.945838 -0.270628 -0.179305
    outer loop
      vertex 96.275795 4.290655 20.083725
      vertex 96.487070 5.029056 20.083725
      vertex 96.763843 4.495975 22.348291
    endloop
  endfacet
  facet normal 0.945838 -0.270628 -0.179305
    outer loop
      vertex 96.275795 4.290655 20.083725
      vertex 96.763843 4.495975 22.348291
      vertex 96.536904 3.702830 22.348291
    endloop
  endfacet
  facet normal -0.944856 0.270347 0.184825
    outer loop
      vertex 95.519591 6.892485 19.556430
      vertex 95.363069 6.345444 19.556430
      vertex 95.623914 5.758213 21.748861
    endloop
  endfacet
  facet normal -0.944856 0.270347 0.184825
    outer loop
      vertex 95.519591 6.892485 19.556430
      vertex 95.623914 5.758213 21.748861
      vertex 95.796083 6.359942 21.748861
    endloop
  endfacet
  facet normal 0.948577 -0.262021 -0.177614
    outer loop
      vertex 96.487070 5.029056 20.083725
      vertex 97.084787 7.192926 20.083725
      vertex 97.405873 6.820270 22.348291
    endloop
  endfacet
  facet normal 0.948577 -0.262021 -0.177614
    outer loop
      vertex 96.487070 5.029056 20.083725
      vertex 97.405873 6.820270 22.348291
      vertex 96.763843 4.495975 22.348291
    endloop
  endfacet
  facet normal -0.947610 0.261754 0.183086
    outer loop
      vertex 95.962406 8.495577 19.556430
      vertex 95.519591 6.892485 19.556430
      vertex 95.796083 6.359942 21.748861
    endloop
  endfacet
  facet normal -0.947610 0.261754 0.183086
    outer loop
      vertex 95.962406 8.495577 19.556430
      vertex 95.796083 6.359942 21.748861
      vertex 96.283167 8.123297 21.748861
    endloop
  endfacet
  facet normal 0.961633 -0.214065 -0.171574
    outer loop
      vertex 97.084787 7.192926 20.083725
      vertex 97.605404 9.531672 20.083725
      vertex 97.965088 9.332405 22.348291
    endloop
  endfacet
  facet normal 0.961633 -0.214065 -0.171574
    outer loop
      vertex 97.084787 7.192926 20.083725
      vertex 97.965088 9.332405 22.348291
      vertex 97.405873 6.820270 22.348291
    endloop
  endfacet
  facet normal -0.960718 0.213861 0.176871
    outer loop
      vertex 96.348103 10.228224 19.556430
      vertex 95.962406 8.495577 19.556430
      vertex 96.283167 8.123297 21.748861
    endloop
  endfacet
  facet normal -0.960718 0.213861 0.176871
    outer loop
      vertex 96.348103 10.228224 19.556430
      vertex 96.283167 8.123297 21.748861
      vertex 96.707422 10.029159 21.748861
    endloop
  endfacet
  facet normal 0.974741 -0.147399 -0.167789
    outer loop
      vertex 97.605404 9.531672 20.083725
      vertex 97.956011 11.850209 20.083725
      vertex 98.341687 11.822834 22.348291
    endloop
  endfacet
  facet normal 0.974741 -0.147399 -0.167789
    outer loop
      vertex 97.605404 9.531672 20.083725
      vertex 98.341687 11.822834 22.348291
      vertex 97.965088 9.332405 22.348291
    endloop
  endfacet
  facet normal -0.973854 0.147265 0.172977
    outer loop
      vertex 96.607847 11.945900 19.556430
      vertex 96.348103 10.228224 19.556430
      vertex 96.707422 10.029159 21.748861
    endloop
  endfacet
  facet normal -0.973854 0.147265 0.172977
    outer loop
      vertex 96.607847 11.945900 19.556430
      vertex 96.707422 10.029159 21.748861
      vertex 96.993134 11.918553 21.748861
    endloop
  endfacet
  facet normal 0.978695 -0.117879 -0.168106
    outer loop
      vertex 97.956011 11.850209 20.083725
      vertex 98.214507 13.996377 20.083725
      vertex 98.619348 14.128114 22.348291
    endloop
  endfacet
  facet normal 0.978695 -0.117879 -0.168106
    outer loop
      vertex 97.956011 11.850209 20.083725
      vertex 98.619348 14.128114 22.348291
      vertex 98.341687 11.822834 22.348291
    endloop
  endfacet
  facet normal -0.977802 0.117772 0.173303
    outer loop
      vertex 96.799353 13.535877 19.556430
      vertex 96.607847 11.945900 19.556430
      vertex 96.993134 11.918553 21.748861
    endloop
  endfacet
  facet normal -0.977802 0.117772 0.173303
    outer loop
      vertex 96.799353 13.535877 19.556430
      vertex 96.993134 11.918553 21.748861
      vertex 97.203785 13.667482 21.748861
    endloop
  endfacet
  facet normal 0.457796 0.879056 -0.132979
    outer loop
      vertex 98.214507 13.996377 20.083725
      vertex 96.771649 14.747791 20.083725
      vertex 97.069520 14.935237 22.348291
    endloop
  endfacet
  facet normal 0.457796 0.879056 -0.132979
    outer loop
      vertex 98.214507 13.996377 20.083725
      vertex 97.069520 14.935237 22.348291
      vertex 98.619348 14.128114 22.348291
    endloop
  endfacet
  facet normal -0.457535 -0.878553 0.137137
    outer loop
      vertex 95.730420 14.092558 19.556430
      vertex 96.799353 13.535877 19.556430
      vertex 97.203785 13.667482 21.748861
    endloop
  endfacet
  facet normal -0.457535 -0.878553 0.137137
    outer loop
      vertex 95.730420 14.092558 19.556430
      vertex 97.203785 13.667482 21.748861
      vertex 96.027989 14.279815 21.748861
    endloop
  endfacet
  facet normal 0.426212 0.895210 -0.130162
    outer loop
      vertex 96.771649 14.747791 20.083725
      vertex 95.267030 15.464144 20.083725
      vertex 95.453352 15.704699 22.348291
    endloop
  endfacet
  facet normal 0.426212 0.895210 -0.130162
    outer loop
      vertex 96.771649 14.747791 20.083725
      vertex 95.453352 15.704699 22.348291
      vertex 97.069520 14.935237 22.348291
    endloop
  endfacet
  facet normal -0.425978 -0.894720 0.134235
    outer loop
      vertex 94.615731 14.623265 19.556430
      vertex 95.730420 14.092558 19.556430
      vertex 96.027989 14.279815 21.748861
    endloop
  endfacet
  facet normal -0.425978 -0.894720 0.134235
    outer loop
      vertex 94.615731 14.623265 19.556430
      vertex 96.027989 14.279815 21.748861
      vertex 94.801863 14.863577 21.748861
    endloop
  endfacet
  facet normal 0.389919 0.911778 -0.128935
    outer loop
      vertex 95.267030 15.464144 20.083725
      vertex 93.743509 16.115674 20.083725
      vertex 93.816879 16.404532 22.348291
    endloop
  endfacet
  facet normal 0.389919 0.911778 -0.128935
    outer loop
      vertex 95.267030 15.464144 20.083725
      vertex 93.816879 16.404532 22.348291
      vertex 95.453352 15.704699 22.348291
    endloop
  endfacet
  facet normal -0.389710 -0.911288 0.132972
    outer loop
      vertex 93.487037 15.105947 19.556430
      vertex 94.615731 14.623265 19.556430
      vertex 94.801863 14.863577 21.748861
    endloop
  endfacet
  facet normal -0.389710 -0.911288 0.132972
    outer loop
      vertex 93.487037 15.105947 19.556430
      vertex 94.801863 14.863577 21.748861
      vertex 93.560333 15.394514 21.748861
    endloop
  endfacet
  facet normal 0.361135 0.923479 -0.129495
    outer loop
      vertex 93.743509 16.115674 20.083725
      vertex 92.249518 16.699912 20.083725
      vertex 92.212126 17.032085 22.348291
    endloop
  endfacet
  facet normal 0.361135 0.923479 -0.129495
    outer loop
      vertex 93.743509 16.115674 20.083725
      vertex 92.212126 17.032085 22.348291
      vertex 93.816879 16.404532 22.348291
    endloop
  endfacet
  facet normal -0.360939 -0.922978 0.133548
    outer loop
      vertex 92.380222 15.538777 19.556430
      vertex 93.487037 15.105947 19.556430
      vertex 93.560333 15.394514 21.748861
    endloop
  endfacet
  facet normal -0.360939 -0.922978 0.133548
    outer loop
      vertex 92.380222 15.538777 19.556430
      vertex 93.560333 15.394514 21.748861
      vertex 92.342869 15.870614 21.748861
    endloop
  endfacet
  facet normal 0.345454 0.929302 -0.130609
    outer loop
      vertex 92.249518 16.699912 20.083725
      vertex 90.811669 17.234410 20.083725
      vertex 90.667679 17.606210 22.348291
    endloop
  endfacet
  facet normal 0.345454 0.929302 -0.130609
    outer loop
      vertex 92.249518 16.699912 20.083725
      vertex 90.667679 17.606210 22.348291
      vertex 92.212126 17.032085 22.348291
    endloop
  endfacet
  facet normal -0.345263 -0.928790 0.134695
    outer loop
      vertex 91.315000 15.934757 19.556430
      vertex 92.380222 15.538777 19.556430
      vertex 92.342869 15.870614 21.748861
    endloop
  endfacet
  facet normal -0.345263 -0.928790 0.134695
    outer loop
      vertex 91.315000 15.934757 19.556430
      vertex 92.342869 15.870614 21.748861
      vertex 91.171155 16.306181 21.748861
    endloop
  endfacet
  facet normal 0.340433 0.931068 -0.131218
    outer loop
      vertex 90.811669 17.234410 20.083725
      vertex 89.434308 17.738024 20.083725
      vertex 89.188202 18.147160 22.348291
    endloop
  endfacet
  facet normal 0.340433 0.931068 -0.131218
    outer loop
      vertex 90.811669 17.234410 20.083725
      vertex 89.188202 18.147160 22.348291
      vertex 90.667679 17.606210 22.348291
    endloop
  endfacet
  facet normal -0.340243 -0.930550 0.135323
    outer loop
      vertex 90.294589 16.307857 19.556430
      vertex 91.315000 15.934757 19.556430
      vertex 91.171155 16.306181 21.748861
    endloop
  endfacet
  facet normal -0.340243 -0.930550 0.135323
    outer loop
      vertex 90.294589 16.307857 19.556430
      vertex 91.171155 16.306181 21.748861
      vertex 90.048732 16.716579 21.748861
    endloop
  endfacet
  facet normal 0.341493 0.930705 -0.131037
    outer loop
      vertex 89.434308 17.738024 20.083725
      vertex 88.111469 18.223399 20.083725
      vertex 87.767291 18.668520 22.348291
    endloop
  endfacet
  facet normal 0.341493 0.930705 -0.131037
    outer loop
      vertex 89.434308 17.738024 20.083725
      vertex 87.767291 18.668520 22.348291
      vertex 89.188202 18.147160 22.348291
    endloop
  endfacet
  facet normal -0.341304 -0.930188 0.135136
    outer loop
      vertex 89.314570 16.667444 19.556430
      vertex 90.294589 16.307857 19.556430
      vertex 90.048732 16.716579 21.748861
    endloop
  endfacet
  facet normal -0.341304 -0.930188 0.135136
    outer loop
      vertex 89.314570 16.667444 19.556430
      vertex 90.048732 16.716579 21.748861
      vertex 88.970740 17.112115 21.748861
    endloop
  endfacet
  facet normal 0.345306 0.929414 -0.130204
    outer loop
      vertex 88.111469 18.223399 20.083725
      vertex 86.834902 18.697683 20.083725
      vertex 86.396082 19.177967 22.348291
    endloop
  endfacet
  facet normal 0.345306 0.929414 -0.130204
    outer loop
      vertex 88.111469 18.223399 20.083725
      vertex 86.396082 19.177967 22.348291
      vertex 87.767291 18.668520 22.348291
    endloop
  endfacet
  facet normal -0.345117 -0.928905 0.134278
    outer loop
      vertex 88.368833 17.018815 19.556430
      vertex 89.314570 16.667444 19.556430
      vertex 88.970740 17.112115 21.748861
    endloop
  endfacet
  facet normal -0.345117 -0.928905 0.134278
    outer loop
      vertex 88.368833 17.018815 19.556430
      vertex 88.970740 17.112115 21.748861
      vertex 87.930456 17.498613 21.748861
    endloop
  endfacet
  facet normal -0.948820 -0.287925 -0.129766
    outer loop
      vertex 86.396082 19.177967 22.348291
      vertex 87.177063 16.604341 22.348291
      vertex 86.770974 16.923638 24.609070
    endloop
  endfacet
  facet normal -0.948820 -0.287925 -0.129766
    outer loop
      vertex 86.396082 19.177967 22.348291
      vertex 86.770974 16.923638 24.609070
      vertex 85.933125 19.684668 24.609070
    endloop
  endfacet
  facet normal 0.948297 0.287766 0.133875
    outer loop
      vertex 88.522957 15.546101 21.748861
      vertex 87.930456 17.498613 21.748861
      vertex 87.467259 18.005577 23.940170
    endloop
  endfacet
  facet normal 0.948297 0.287766 0.133875
    outer loop
      vertex 88.522957 15.546101 21.748861
      vertex 87.467259 18.005577 23.940170
      vertex 88.116658 15.865563 23.940170
    endloop
  endfacet
  facet normal -0.952743 -0.273345 -0.132529
    outer loop
      vertex 87.177063 16.604341 22.348291
      vertex 87.969744 13.841451 22.348291
      vertex 87.621377 13.959561 24.609070
    endloop
  endfacet
  facet normal -0.952743 -0.273345 -0.132529
    outer loop
      vertex 87.177063 16.604341 22.348291
      vertex 87.621377 13.959561 24.609070
      vertex 86.770974 16.923638 24.609070
    endloop
  endfacet
  facet normal 0.952195 0.273188 0.136723
    outer loop
      vertex 89.124334 13.450001 21.748861
      vertex 88.522957 15.546101 21.748861
      vertex 88.116658 15.865563 23.940170
    endloop
  endfacet
  facet normal 0.952195 0.273188 0.136723
    outer loop
      vertex 89.124334 13.450001 21.748861
      vertex 88.116658 15.865563 23.940170
      vertex 88.775786 13.568172 23.940170
    endloop
  endfacet
  facet normal -0.955984 -0.261206 -0.133663
    outer loop
      vertex 87.969744 13.841451 22.348291
      vertex 88.816088 10.743932 22.348291
      vertex 88.529349 10.636488 24.609070
    endloop
  endfacet
  facet normal -0.955984 -0.261206 -0.133663
    outer loop
      vertex 87.969744 13.841451 22.348291
      vertex 88.529349 10.636488 24.609070
      vertex 87.621377 13.959561 24.609070
    endloop
  endfacet
  facet normal 0.955425 0.261053 0.137891
    outer loop
      vertex 89.766423 11.100031 21.748861
      vertex 89.124334 13.450001 21.748861
      vertex 88.775786 13.568172 23.940170
    endloop
  endfacet
  facet normal 0.955425 0.261053 0.137891
    outer loop
      vertex 89.766423 11.100031 21.748861
      vertex 88.775786 13.568172 23.940170
      vertex 89.479535 10.992531 23.940170
    endloop
  endfacet
  facet normal -0.938653 -0.317700 -0.134150
    outer loop
      vertex 88.816088 10.743932 22.348291
      vertex 89.982561 7.297556 22.348291
      vertex 89.780762 6.939156 24.609070
    endloop
  endfacet
  facet normal -0.938653 -0.317700 -0.134150
    outer loop
      vertex 88.816088 10.743932 22.348291
      vertex 89.780762 6.939156 24.609070
      vertex 88.529349 10.636488 24.609070
    endloop
  endfacet
  facet normal 0.938101 0.317513 0.138393
    outer loop
      vertex 90.651382 8.485396 21.748861
      vertex 89.766423 11.100031 21.748861
      vertex 89.479535 10.992531 23.940170
    endloop
  endfacet
  facet normal 0.938101 0.317513 0.138393
    outer loop
      vertex 90.651382 8.485396 21.748861
      vertex 89.479535 10.992531 23.940170
      vertex 90.449478 8.126810 23.940170
    endloop
  endfacet
  facet normal -0.904323 -0.401682 -0.144399
    outer loop
      vertex 89.982561 7.297556 22.348291
      vertex 91.349512 4.220083 22.348291
      vertex 91.247250 3.637590 24.609070
    endloop
  endfacet
  facet normal -0.904323 -0.401682 -0.144399
    outer loop
      vertex 89.982561 7.297556 22.348291
      vertex 91.247250 3.637590 24.609070
      vertex 89.780762 6.939156 24.609070
    endloop
  endfacet
  facet normal 0.903706 0.401408 0.148952
    outer loop
      vertex 91.688436 6.150634 21.748861
      vertex 90.651382 8.485396 21.748861
      vertex 90.449478 8.126810 23.940170
    endloop
  endfacet
  facet normal 0.903706 0.401408 0.148952
    outer loop
      vertex 91.688436 6.150634 21.748861
      vertex 90.449478 8.126810 23.940170
      vertex 91.586121 5.567839 23.940170
    endloop
  endfacet
  facet normal -0.904867 -0.400552 -0.144132
    outer loop
      vertex 91.349512 4.220083 22.348291
      vertex 91.578481 3.702830 22.348291
      vertex 91.492893 3.082672 24.609070
    endloop
  endfacet
  facet normal -0.904867 -0.400552 -0.144132
    outer loop
      vertex 91.349512 4.220083 22.348291
      vertex 91.492893 3.082672 24.609070
      vertex 91.247250 3.637590 24.609070
    endloop
  endfacet
  facet normal 0.904252 0.400279 0.148678
    outer loop
      vertex 91.862146 5.758213 21.748861
      vertex 91.688436 6.150634 21.748861
      vertex 91.586121 5.567839 23.940170
    endloop
  endfacet
  facet normal 0.904252 0.400279 0.148678
    outer loop
      vertex 91.862146 5.758213 21.748861
      vertex 91.586121 5.567839 23.940170
      vertex 91.776513 5.137733 23.940170
    endloop
  endfacet
  facet normal 0.000000 -0.964375 -0.264539
    outer loop
      vertex 91.578481 3.702830 22.348291
      vertex 96.536904 3.702830 22.348291
      vertex 96.812375 3.082672 24.609070
    endloop
  endfacet
  facet normal 0.000000 -0.964375 -0.264539
    outer loop
      vertex 91.578481 3.702830 22.348291
      vertex 96.812375 3.082672 24.609070
      vertex 91.492893 3.082672 24.609070
    endloop
  endfacet
  facet normal 0.000000 0.962172 0.272444
    outer loop
      vertex 95.623914 5.758213 21.748861
      vertex 91.862146 5.758213 21.748861
      vertex 91.776513 5.137733 23.940170
    endloop
  endfacet
  facet normal 0.000000 0.962172 0.272444
    outer loop
      vertex 95.623914 5.758213 21.748861
      vertex 91.776513 5.137733 23.940170
      vertex 95.899528 5.137733 23.940170
    endloop
  endfacet
  facet normal 0.944068 -0.270122 -0.189130
    outer loop
      vertex 96.536904 3.702830 22.348291
      vertex 96.763843 4.495975 22.348291
      vertex 97.055839 3.933571 24.609070
    endloop
  endfacet
  facet normal 0.944068 -0.270122 -0.189130
    outer loop
      vertex 96.536904 3.702830 22.348291
      vertex 97.055839 3.933571 24.609070
      vertex 96.812375 3.082672 24.609070
    endloop
  endfacet
  facet normal -0.942964 0.269806 0.194999
    outer loop
      vertex 95.796083 6.359942 21.748861
      vertex 95.623914 5.758213 21.748861
      vertex 95.899528 5.137733 23.940170
    endloop
  endfacet
  facet normal -0.942964 0.269806 0.194999
    outer loop
      vertex 95.796083 6.359942 21.748861
      vertex 95.899528 5.137733 23.940170
      vertex 96.088231 5.797247 23.940170
    endloop
  endfacet
  facet normal 0.946835 -0.261540 -0.187353
    outer loop
      vertex 96.763843 4.495975 22.348291
      vertex 97.405873 6.820270 22.348291
      vertex 97.744620 6.427115 24.609070
    endloop
  endfacet
  facet normal 0.946835 -0.261540 -0.187353
    outer loop
      vertex 96.763843 4.495975 22.348291
      vertex 97.744620 6.427115 24.609070
      vertex 97.055839 3.933571 24.609070
    endloop
  endfacet
  facet normal -0.945748 0.261240 0.193171
    outer loop
      vertex 96.283167 8.123297 21.748861
      vertex 95.796083 6.359942 21.748861
      vertex 96.088231 5.797247 23.940170
    endloop
  endfacet
  facet normal -0.945748 0.261240 0.193171
    outer loop
      vertex 96.283167 8.123297 21.748861
      vertex 96.088231 5.797247 23.940170
      vertex 96.622090 7.729938 23.940170
    endloop
  endfacet
  facet normal 0.959985 -0.213698 -0.181003
    outer loop
      vertex 97.405873 6.820270 22.348291
      vertex 97.965088 9.332405 22.348291
      vertex 98.344555 9.122178 24.609070
    endloop
  endfacet
  facet normal 0.959985 -0.213698 -0.181003
    outer loop
      vertex 97.405873 6.820270 22.348291
      vertex 98.344555 9.122178 24.609070
      vertex 97.744620 6.427115 24.609070
    endloop
  endfacet
  facet normal -0.958956 0.213469 0.186638
    outer loop
      vertex 96.707422 10.029159 21.748861
      vertex 96.283167 8.123297 21.748861
      vertex 96.622090 7.729938 23.940170
    endloop
  endfacet
  facet normal -0.958956 0.213469 0.186638
    outer loop
      vertex 96.707422 10.029159 21.748861
      vertex 96.622090 7.729938 23.940170
      vertex 97.087087 9.818822 23.940170
    endloop
  endfacet
  facet normal 0.973143 -0.147157 -0.177024
    outer loop
      vertex 97.965088 9.332405 22.348291
      vertex 98.341687 11.822834 22.348291
      vertex 98.748578 11.793953 24.609070
    endloop
  endfacet
  facet normal 0.973143 -0.147157 -0.177024
    outer loop
      vertex 97.965088 9.332405 22.348291
      vertex 98.748578 11.793953 24.609070
      vertex 98.344555 9.122178 24.609070
    endloop
  endfacet
  facet normal -0.972145 0.147007 0.182544
    outer loop
      vertex 96.993134 11.918553 21.748861
      vertex 96.707422 10.029159 21.748861
      vertex 97.087087 9.818822 23.940170
    endloop
  endfacet
  facet normal -0.972145 0.147007 0.182544
    outer loop
      vertex 96.993134 11.918553 21.748861
      vertex 97.087087 9.818822 23.940170
      vertex 97.400236 11.889657 23.940170
    endloop
  endfacet
  facet normal 0.977085 -0.117685 -0.177357
    outer loop
      vertex 98.341687 11.822834 22.348291
      vertex 98.619348 14.128114 22.348291
      vertex 99.046457 14.267098 24.609070
    endloop
  endfacet
  facet normal 0.977085 -0.117685 -0.177357
    outer loop
      vertex 98.341687 11.822834 22.348291
      vertex 99.046457 14.267098 24.609070
      vertex 98.748578 11.793953 24.609070
    endloop
  endfacet
  facet normal -0.976079 0.117564 0.182886
    outer loop
      vertex 97.203785 13.667482 21.748861
      vertex 96.993134 11.918553 21.748861
      vertex 97.400236 11.889657 23.940170
    endloop
  endfacet
  facet normal -0.976079 0.117564 0.182886
    outer loop
      vertex 97.203785 13.667482 21.748861
      vertex 97.400236 11.889657 23.940170
      vertex 97.631116 13.806538 23.940170
    endloop
  endfacet
  facet normal 0.457324 0.878150 -0.140384
    outer loop
      vertex 98.619348 14.128114 22.348291
      vertex 97.069520 14.935237 22.348291
      vertex 97.383774 15.132993 24.609070
    endloop
  endfacet
  facet normal 0.457324 0.878150 -0.140384
    outer loop
      vertex 98.619348 14.128114 22.348291
      vertex 97.383774 15.132993 24.609070
      vertex 99.046457 14.267098 24.609070
    endloop
  endfacet
  facet normal -0.457030 -0.877583 0.144816
    outer loop
      vertex 96.027989 14.279815 21.748861
      vertex 97.203785 13.667482 21.748861
      vertex 97.631116 13.806538 23.940170
    endloop
  endfacet
  facet normal -0.457030 -0.877583 0.144816
    outer loop
      vertex 96.027989 14.279815 21.748861
      vertex 97.631116 13.806538 23.940170
      vertex 96.342407 14.477674 23.940170
    endloop
  endfacet
  facet normal 0.425791 0.894326 -0.137415
    outer loop
      vertex 97.069520 14.935237 22.348291
      vertex 95.453352 15.704699 22.348291
      vertex 95.649921 15.958486 24.609070
    endloop
  endfacet
  facet normal 0.425791 0.894326 -0.137415
    outer loop
      vertex 97.069520 14.935237 22.348291
      vertex 95.649921 15.958486 24.609070
      vertex 97.383774 15.132993 24.609070
    endloop
  endfacet
  facet normal -0.425528 -0.893773 0.141758
    outer loop
      vertex 94.801863 14.863577 21.748861
      vertex 96.027989 14.279815 21.748861
      vertex 96.342407 14.477674 23.940170
    endloop
  endfacet
  facet normal -0.425528 -0.893773 0.141758
    outer loop
      vertex 94.801863 14.863577 21.748861
      vertex 96.342407 14.477674 23.940170
      vertex 94.998535 15.117495 23.940170
    endloop
  endfacet
  facet normal 0.389541 0.910894 -0.136123
    outer loop
      vertex 95.453352 15.704699 22.348291
      vertex 93.816879 16.404532 22.348291
      vertex 93.894284 16.709279 24.609070
    endloop
  endfacet
  facet normal 0.389541 0.910894 -0.136123
    outer loop
      vertex 95.453352 15.704699 22.348291
      vertex 93.894284 16.709279 24.609070
      vertex 95.649921 15.958486 24.609070
    endloop
  endfacet
  facet normal -0.389305 -0.910342 0.140426
    outer loop
      vertex 93.560333 15.394514 21.748861
      vertex 94.801863 14.863577 21.748861
      vertex 94.998535 15.117495 23.940170
    endloop
  endfacet
  facet normal -0.389305 -0.910342 0.140426
    outer loop
      vertex 93.560333 15.394514 21.748861
      vertex 94.998535 15.117495 23.940170
      vertex 93.637779 15.699418 23.940170
    endloop
  endfacet
  facet normal 0.360782 0.922576 -0.136713
    outer loop
      vertex 93.816879 16.404532 22.348291
      vertex 92.212126 17.032085 22.348291
      vertex 92.172678 17.382528 24.609070
    endloop
  endfacet
  facet normal 0.360782 0.922576 -0.136713
    outer loop
      vertex 93.816879 16.404532 22.348291
      vertex 92.172678 17.382528 24.609070
      vertex 93.894284 16.709279 24.609070
    endloop
  endfacet
  facet normal -0.360561 -0.922011 0.141034
    outer loop
      vertex 92.342869 15.870614 21.748861
      vertex 93.560333 15.394514 21.748861
      vertex 93.637779 15.699418 23.940170
    endloop
  endfacet
  facet normal -0.360561 -0.922011 0.141034
    outer loop
      vertex 92.342869 15.870614 21.748861
      vertex 93.637779 15.699418 23.940170
      vertex 92.303400 16.221239 23.940170
    endloop
  endfacet
  facet normal 0.345110 0.928378 -0.137886
    outer loop
      vertex 92.212126 17.032085 22.348291
      vertex 90.667679 17.606210 22.348291
      vertex 90.515768 17.998459 24.609070
    endloop
  endfacet
  facet normal 0.345110 0.928378 -0.137886
    outer loop
      vertex 92.212126 17.032085 22.348291
      vertex 90.515768 17.998459 24.609070
      vertex 92.172678 17.382528 24.609070
    endloop
  endfacet
  facet normal -0.344896 -0.927801 0.142243
    outer loop
      vertex 91.171155 16.306181 21.748861
      vertex 92.342869 15.870614 21.748861
      vertex 92.303400 16.221239 23.940170
    endloop
  endfacet
  facet normal -0.344896 -0.927801 0.142243
    outer loop
      vertex 91.171155 16.306181 21.748861
      vertex 92.303400 16.221239 23.940170
      vertex 91.019165 16.698634 23.940170
    endloop
  endfacet
  facet normal 0.340091 0.930133 -0.138528
    outer loop
      vertex 90.667679 17.606210 22.348291
      vertex 89.188202 18.147160 22.348291
      vertex 88.928560 18.578800 24.609070
    endloop
  endfacet
  facet normal 0.340091 0.930133 -0.138528
    outer loop
      vertex 90.667679 17.606210 22.348291
      vertex 88.928560 18.578800 24.609070
      vertex 90.515768 17.998459 24.609070
    endloop
  endfacet
  facet normal -0.339877 -0.929549 0.142904
    outer loop
      vertex 90.048732 16.716579 21.748861
      vertex 91.171155 16.306181 21.748861
      vertex 91.019165 16.698634 23.940170
    endloop
  endfacet
  facet normal -0.339877 -0.929549 0.142904
    outer loop
      vertex 90.048732 16.716579 21.748861
      vertex 91.019165 16.698634 23.940170
      vertex 89.788955 17.148444 23.940170
    endloop
  endfacet
  facet normal 0.341152 0.929773 -0.138337
    outer loop
      vertex 89.188202 18.147160 22.348291
      vertex 87.767291 18.668520 22.348291
      vertex 87.404181 19.138124 24.609070
    endloop
  endfacet
  facet normal 0.341152 0.929773 -0.138337
    outer loop
      vertex 89.188202 18.147160 22.348291
      vertex 87.404181 19.138124 24.609070
      vertex 88.928560 18.578800 24.609070
    endloop
  endfacet
  facet normal -0.340938 -0.929191 0.142708
    outer loop
      vertex 88.970740 17.112115 21.748861
      vertex 90.048732 16.716579 21.748861
      vertex 89.788955 17.148444 23.940170
    endloop
  endfacet
  facet normal -0.340938 -0.929191 0.142708
    outer loop
      vertex 88.970740 17.112115 21.748861
      vertex 89.788955 17.148444 23.940170
      vertex 88.607442 17.581963 23.940170
    endloop
  endfacet
  facet normal 0.344965 0.928496 -0.137459
    outer loop
      vertex 87.767291 18.668520 22.348291
      vertex 86.396082 19.177967 22.348291
      vertex 85.933125 19.684668 24.609070
    endloop
  endfacet
  facet normal 0.344965 0.928496 -0.137459
    outer loop
      vertex 87.767291 18.668520 22.348291
      vertex 85.933125 19.684668 24.609070
      vertex 87.404181 19.138124 24.609070
    endloop
  endfacet
  facet normal -0.344752 -0.927921 0.141803
    outer loop
      vertex 87.930456 17.498613 21.748861
      vertex 88.970740 17.112115 21.748861
      vertex 88.607442 17.581963 23.940170
    endloop
  endfacet
  facet normal -0.344752 -0.927921 0.141803
    outer loop
      vertex 87.930456 17.498613 21.748861
      vertex 88.607442 17.581963 23.940170
      vertex 87.467259 18.005577 23.940170
    endloop
  endfacet
  facet normal -0.948482 -0.287822 -0.132443
    outer loop
      vertex 85.933125 19.684668 24.609070
      vertex 86.770974 16.923638 24.609070
      vertex 86.357458 17.248775 26.863854
    endloop
  endfacet
  facet normal -0.948482 -0.287822 -0.132443
    outer loop
      vertex 85.933125 19.684668 24.609070
      vertex 86.357458 17.248775 26.863854
      vertex 85.461699 20.200637 26.863854
    endloop
  endfacet
  facet normal 0.947959 0.287663 0.136470
    outer loop
      vertex 88.116658 15.865563 23.940170
      vertex 87.467259 18.005577 23.940170
      vertex 86.995297 18.522133 26.129703
    endloop
  endfacet
  facet normal 0.947959 0.287663 0.136470
    outer loop
      vertex 88.116658 15.865563 23.940170
      vertex 86.995297 18.522133 26.129703
      vertex 87.702671 16.191070 26.129703
    endloop
  endfacet
  facet normal -0.952388 -0.273243 -0.135262
    outer loop
      vertex 86.770974 16.923638 24.609070
      vertex 87.621377 13.959561 24.609070
      vertex 87.266637 14.079831 26.863854
    endloop
  endfacet
  facet normal -0.952388 -0.273243 -0.135262
    outer loop
      vertex 86.770974 16.923638 24.609070
      vertex 87.266637 14.079831 26.863854
      vertex 86.357458 17.248775 26.863854
    endloop
  endfacet
  facet normal 0.951840 0.273086 0.139371
    outer loop
      vertex 88.775786 13.568172 23.940170
      vertex 88.116658 15.865563 23.940170
      vertex 87.702671 16.191070 26.129703
    endloop
  endfacet
  facet normal 0.951840 0.273086 0.139371
    outer loop
      vertex 88.775786 13.568172 23.940170
      vertex 87.702671 16.191070 26.129703
      vertex 88.420643 13.688579 26.129703
    endloop
  endfacet
  facet normal -0.955622 -0.261107 -0.136418
    outer loop
      vertex 87.621377 13.959561 24.609070
      vertex 88.529349 10.636488 24.609070
      vertex 88.237365 10.527080 26.863854
    endloop
  endfacet
  facet normal -0.955622 -0.261107 -0.136418
    outer loop
      vertex 87.621377 13.959561 24.609070
      vertex 88.237365 10.527080 26.863854
      vertex 87.266637 14.079831 26.863854
    endloop
  endfacet
  facet normal 0.955063 0.260954 0.140561
    outer loop
      vertex 89.479535 10.992531 23.940170
      vertex 88.775786 13.568172 23.940170
      vertex 88.420643 13.688579 26.129703
    endloop
  endfacet
  facet normal 0.955063 0.260954 0.140561
    outer loop
      vertex 89.479535 10.992531 23.940170
      vertex 88.420643 13.688579 26.129703
      vertex 89.187220 10.882998 26.129703
    endloop
  endfacet
  facet normal -0.938295 -0.317579 -0.136915
    outer loop
      vertex 88.529349 10.636488 24.609070
      vertex 89.780762 6.939156 24.609070
      vertex 89.575272 6.574201 26.863854
    endloop
  endfacet
  facet normal -0.938295 -0.317579 -0.136915
    outer loop
      vertex 88.529349 10.636488 24.609070
      vertex 89.575272 6.574201 26.863854
      vertex 88.237365 10.527080 26.863854
    endloop
  endfacet
  facet normal 0.937743 0.317392 0.141072
    outer loop
      vertex 90.449478 8.126810 23.940170
      vertex 89.479535 10.992531 23.940170
      vertex 89.187220 10.882998 26.129703
    endloop
  endfacet
  facet normal 0.937743 0.317392 0.141072
    outer loop
      vertex 90.449478 8.126810 23.940170
      vertex 89.187220 10.882998 26.129703
      vertex 90.243754 7.761440 26.129703
    endloop
  endfacet
  facet normal -0.903923 -0.401504 -0.147366
    outer loop
      vertex 89.780762 6.939156 24.609070
      vertex 91.247250 3.637590 24.609070
      vertex 91.143118 3.044442 26.863854
    endloop
  endfacet
  facet normal -0.903923 -0.401504 -0.147366
    outer loop
      vertex 89.780762 6.939156 24.609070
      vertex 91.143118 3.044442 26.863854
      vertex 89.575272 6.574201 26.863854
    endloop
  endfacet
  facet normal 0.903307 0.401230 0.151827
    outer loop
      vertex 91.586121 5.567839 23.940170
      vertex 90.449478 8.126810 23.940170
      vertex 90.243754 7.761440 26.129703
    endloop
  endfacet
  facet normal 0.903307 0.401230 0.151827
    outer loop
      vertex 91.586121 5.567839 23.940170
      vertex 90.243754 7.761440 26.129703
      vertex 91.481871 4.974016 26.129703
    endloop
  endfacet
  facet normal -0.904468 -0.400375 -0.147094
    outer loop
      vertex 91.247250 3.637590 24.609070
      vertex 91.492893 3.082672 24.609070
      vertex 91.405738 2.451169 26.863854
    endloop
  endfacet
  facet normal -0.904468 -0.400375 -0.147094
    outer loop
      vertex 91.247250 3.637590 24.609070
      vertex 91.405738 2.451169 26.863854
      vertex 91.143118 3.044442 26.863854
    endloop
  endfacet
  facet normal 0.903854 0.400103 0.151547
    outer loop
      vertex 91.776513 5.137733 23.940170
      vertex 91.586121 5.567839 23.940170
      vertex 91.481871 4.974016 26.129703
    endloop
  endfacet
  facet normal 0.903854 0.400103 0.151547
    outer loop
      vertex 91.776513 5.137733 23.940170
      vertex 91.481871 4.974016 26.129703
      vertex 91.689260 4.505513 26.129703
    endloop
  endfacet
  facet normal 0.000000 -0.962946 -0.269694
    outer loop
      vertex 91.492893 3.082672 24.609070
      vertex 96.812375 3.082672 24.609070
      vertex 97.092885 2.451169 26.863854
    endloop
  endfacet
  facet normal 0.000000 -0.962946 -0.269694
    outer loop
      vertex 91.492893 3.082672 24.609070
      vertex 97.092885 2.451169 26.863854
      vertex 91.405738 2.451169 26.863854
    endloop
  endfacet
  facet normal 0.000000 0.960751 0.277413
    outer loop
      vertex 95.899528 5.137733 23.940170
      vertex 91.776513 5.137733 23.940170
      vertex 91.689260 4.505513 26.129703
    endloop
  endfacet
  facet normal 0.000000 0.960751 0.277413
    outer loop
      vertex 95.899528 5.137733 23.940170
      vertex 91.689260 4.505513 26.129703
      vertex 96.180356 4.505513 26.129703
    endloop
  endfacet
  facet normal 0.943352 -0.269917 -0.192955
    outer loop
      vertex 96.812375 3.082672 24.609070
      vertex 97.055839 3.933571 24.609070
      vertex 97.353176 3.360880 26.863854
    endloop
  endfacet
  facet normal 0.943352 -0.269917 -0.192955
    outer loop
      vertex 96.812375 3.082672 24.609070
      vertex 97.353176 3.360880 26.863854
      vertex 97.092885 2.451169 26.863854
    endloop
  endfacet
  facet normal -0.942249 0.269601 0.198699
    outer loop
      vertex 96.088231 5.797247 23.940170
      vertex 95.899528 5.137733 23.940170
      vertex 96.180356 4.505513 26.129703
    endloop
  endfacet
  facet normal -0.942249 0.269601 0.198699
    outer loop
      vertex 96.088231 5.797247 23.940170
      vertex 96.180356 4.505513 26.129703
      vertex 96.385906 5.223905 26.129703
    endloop
  endfacet
  facet normal 0.946130 -0.261345 -0.191145
    outer loop
      vertex 97.055839 3.933571 24.609070
      vertex 97.744620 6.427115 24.609070
      vertex 98.089563 6.026769 26.863854
    endloop
  endfacet
  facet normal 0.946130 -0.261345 -0.191145
    outer loop
      vertex 97.055839 3.933571 24.609070
      vertex 98.089563 6.026769 26.863854
      vertex 97.353176 3.360880 26.863854
    endloop
  endfacet
  facet normal -0.945045 0.261046 0.196839
    outer loop
      vertex 96.622090 7.729938 23.940170
      vertex 96.088231 5.797247 23.940170
      vertex 96.385906 5.223905 26.129703
    endloop
  endfacet
  facet normal -0.945045 0.261046 0.196839
    outer loop
      vertex 96.622090 7.729938 23.940170
      vertex 96.385906 5.223905 26.129703
      vertex 96.967425 7.329138 26.129703
    endloop
  endfacet
  facet normal 0.959318 -0.213550 -0.184676
    outer loop
      vertex 97.744620 6.427115 24.609070
      vertex 98.344555 9.122178 24.609070
      vertex 98.730964 8.908105 26.863854
    endloop
  endfacet
  facet normal 0.959318 -0.213550 -0.184676
    outer loop
      vertex 97.744620 6.427115 24.609070
      vertex 98.730964 8.908105 26.863854
      vertex 98.089563 6.026769 26.863854
    endloop
  endfacet
  facet normal -0.958291 0.213321 0.190192
    outer loop
      vertex 97.087087 9.818822 23.940170
      vertex 96.622090 7.729938 23.940170
      vertex 96.967425 7.329138 26.129703
    endloop
  endfacet
  facet normal -0.958291 0.213321 0.190192
    outer loop
      vertex 97.087087 9.818822 23.940170
      vertex 96.967425 7.329138 26.129703
      vertex 97.473935 9.604506 26.129703
    endloop
  endfacet
  facet normal 0.972496 -0.147060 -0.180622
    outer loop
      vertex 98.344555 9.122178 24.609070
      vertex 98.748578 11.793953 24.609070
      vertex 99.162911 11.764544 26.863854
    endloop
  endfacet
  facet normal 0.972496 -0.147060 -0.180622
    outer loop
      vertex 98.344555 9.122178 24.609070
      vertex 99.162911 11.764544 26.863854
      vertex 98.730964 8.908105 26.863854
    endloop
  endfacet
  facet normal -0.971500 0.146909 0.186025
    outer loop
      vertex 97.400236 11.889657 23.940170
      vertex 97.087087 9.818822 23.940170
      vertex 97.473935 9.604506 26.129703
    endloop
  endfacet
  facet normal -0.971500 0.146909 0.186025
    outer loop
      vertex 97.400236 11.889657 23.940170
      vertex 97.473935 9.604506 26.129703
      vertex 97.815040 11.860215 26.129703
    endloop
  endfacet
  facet normal 0.976433 -0.117607 -0.180961
    outer loop
      vertex 98.748578 11.793953 24.609070
      vertex 99.046457 14.267098 24.609070
      vertex 99.481379 14.408624 26.863854
    endloop
  endfacet
  facet normal 0.976433 -0.117607 -0.180961
    outer loop
      vertex 98.748578 11.793953 24.609070
      vertex 99.481379 14.408624 26.863854
      vertex 99.162911 11.764544 26.863854
    endloop
  endfacet
  facet normal -0.975429 0.117486 0.186374
    outer loop
      vertex 97.631116 13.806538 23.940170
      vertex 97.400236 11.889657 23.940170
      vertex 97.815040 11.860215 26.129703
    endloop
  endfacet
  facet normal -0.975429 0.117486 0.186374
    outer loop
      vertex 97.631116 13.806538 23.940170
      vertex 97.815040 11.860215 26.129703
      vertex 98.066532 13.948225 26.129703
    endloop
  endfacet
  facet normal 0.457133 0.877783 -0.143272
    outer loop
      vertex 99.046457 14.267098 24.609070
      vertex 97.383774 15.132993 24.609070
      vertex 97.703778 15.334367 26.863854
    endloop
  endfacet
  facet normal 0.457133 0.877783 -0.143272
    outer loop
      vertex 99.046457 14.267098 24.609070
      vertex 97.703778 15.334367 26.863854
      vertex 99.481379 14.408624 26.863854
    endloop
  endfacet
  facet normal -0.456838 -0.877217 0.147614
    outer loop
      vertex 96.342407 14.477674 23.940170
      vertex 97.631116 13.806538 23.940170
      vertex 98.066532 13.948225 26.129703
    endloop
  endfacet
  facet normal -0.456838 -0.877217 0.147614
    outer loop
      vertex 96.342407 14.477674 23.940170
      vertex 98.066532 13.948225 26.129703
      vertex 96.662773 14.679277 26.129703
    endloop
  endfacet
  facet normal 0.425621 0.893968 -0.140245
    outer loop
      vertex 97.383774 15.132993 24.609070
      vertex 95.649921 15.958486 24.609070
      vertex 95.850086 16.216915 26.863854
    endloop
  endfacet
  facet normal 0.425621 0.893968 -0.140245
    outer loop
      vertex 97.383774 15.132993 24.609070
      vertex 95.850086 16.216915 26.863854
      vertex 97.703778 15.334367 26.863854
    endloop
  endfacet
  facet normal -0.425357 -0.893415 0.144499
    outer loop
      vertex 94.998535 15.117495 23.940170
      vertex 96.342407 14.477674 23.940170
      vertex 96.662773 14.679277 26.129703
    endloop
  endfacet
  facet normal -0.425357 -0.893415 0.144499
    outer loop
      vertex 94.998535 15.117495 23.940170
      vertex 96.662773 14.679277 26.129703
      vertex 95.198928 15.376218 26.129703
    endloop
  endfacet
  facet normal 0.389388 0.910536 -0.138927
    outer loop
      vertex 95.649921 15.958486 24.609070
      vertex 93.894284 16.709279 24.609070
      vertex 93.973106 17.019600 26.863854
    endloop
  endfacet
  facet normal 0.389388 0.910536 -0.138927
    outer loop
      vertex 95.649921 15.958486 24.609070
      vertex 93.973106 17.019600 26.863854
      vertex 95.850086 16.216915 26.863854
    endloop
  endfacet
  facet normal -0.389152 -0.909984 0.143143
    outer loop
      vertex 93.637779 15.699418 23.940170
      vertex 94.998535 15.117495 23.940170
      vertex 95.198928 15.376218 26.129703
    endloop
  endfacet
  facet normal -0.389152 -0.909984 0.143143
    outer loop
      vertex 93.637779 15.699418 23.940170
      vertex 95.198928 15.376218 26.129703
      vertex 93.716691 16.010092 26.129703
    endloop
  endfacet
  facet normal 0.360639 0.922210 -0.139529
    outer loop
      vertex 93.894284 16.709279 24.609070
      vertex 92.172678 17.382528 24.609070
      vertex 92.132509 17.739382 26.863854
    endloop
  endfacet
  facet normal 0.360639 0.922210 -0.139529
    outer loop
      vertex 93.894284 16.709279 24.609070
      vertex 92.132509 17.739382 26.863854
      vertex 93.973106 17.019600 26.863854
    endloop
  endfacet
  facet normal -0.360418 -0.921646 0.143762
    outer loop
      vertex 92.303400 16.221239 23.940170
      vertex 93.637779 15.699418 23.940170
      vertex 93.716691 16.010092 26.129703
    endloop
  endfacet
  facet normal -0.360418 -0.921646 0.143762
    outer loop
      vertex 92.303400 16.221239 23.940170
      vertex 93.716691 16.010092 26.129703
      vertex 92.263185 16.578499 26.129703
    endloop
  endfacet
  facet normal 0.344971 0.928004 -0.140725
    outer loop
      vertex 92.172678 17.382528 24.609070
      vertex 90.515768 17.998459 24.609070
      vertex 90.361078 18.397884 26.863854
    endloop
  endfacet
  facet normal 0.344971 0.928004 -0.140725
    outer loop
      vertex 92.172678 17.382528 24.609070
      vertex 90.361078 18.397884 26.863854
      vertex 92.132509 17.739382 26.863854
    endloop
  endfacet
  facet normal -0.344757 -0.927427 0.144993
    outer loop
      vertex 91.019165 16.698634 23.940170
      vertex 92.303400 16.221239 23.940170
      vertex 92.263185 16.578499 26.129703
    endloop
  endfacet
  facet normal -0.344757 -0.927427 0.144993
    outer loop
      vertex 91.019165 16.698634 23.940170
      vertex 92.263185 16.578499 26.129703
      vertex 90.864300 17.098513 26.129703
    endloop
  endfacet
  facet normal 0.339952 0.929755 -0.141379
    outer loop
      vertex 90.515768 17.998459 24.609070
      vertex 88.928560 18.578800 24.609070
      vertex 88.664168 19.018336 26.863854
    endloop
  endfacet
  facet normal 0.339952 0.929755 -0.141379
    outer loop
      vertex 90.515768 17.998459 24.609070
      vertex 88.664168 19.018336 26.863854
      vertex 90.361078 18.397884 26.863854
    endloop
  endfacet
  facet normal -0.339739 -0.929171 0.145667
    outer loop
      vertex 89.788955 17.148444 23.940170
      vertex 91.019165 16.698634 23.940170
      vertex 90.864300 17.098513 26.129703
    endloop
  endfacet
  facet normal -0.339739 -0.929171 0.145667
    outer loop
      vertex 89.788955 17.148444 23.940170
      vertex 90.864300 17.098513 26.129703
      vertex 89.524263 17.588479 26.129703
    endloop
  endfacet
  facet normal 0.341013 0.929396 -0.141185
    outer loop
      vertex 88.928560 18.578800 24.609070
      vertex 87.404181 19.138124 24.609070
      vertex 87.034430 19.616319 26.863854
    endloop
  endfacet
  facet normal 0.341013 0.929396 -0.141185
    outer loop
      vertex 88.928560 18.578800 24.609070
      vertex 87.034430 19.616319 26.863854
      vertex 88.664168 19.018336 26.863854
    endloop
  endfacet
  facet normal -0.340800 -0.928814 0.145467
    outer loop
      vertex 88.607442 17.581963 23.940170
      vertex 89.788955 17.148444 23.940170
      vertex 89.524263 17.588479 26.129703
    endloop
  endfacet
  facet normal -0.340800 -0.928814 0.145467
    outer loop
      vertex 88.607442 17.581963 23.940170
      vertex 89.524263 17.588479 26.129703
      vertex 88.237271 18.060701 26.129703
    endloop
  endfacet
  facet normal 0.344827 0.928123 -0.140290
    outer loop
      vertex 87.404181 19.138124 24.609070
      vertex 85.933125 19.684668 24.609070
      vertex 85.461699 20.200637 26.863854
    endloop
  endfacet
  facet normal 0.344827 0.928123 -0.140290
    outer loop
      vertex 87.404181 19.138124 24.609070
      vertex 85.461699 20.200637 26.863854
      vertex 87.034430 19.616319 26.863854
    endloop
  endfacet
  facet normal -0.344614 -0.927550 0.144545
    outer loop
      vertex 87.467259 18.005577 23.940170
      vertex 88.607442 17.581963 23.940170
      vertex 88.237271 18.060701 26.129703
    endloop
  endfacet
  facet normal -0.344614 -0.927550 0.144545
    outer loop
      vertex 87.467259 18.005577 23.940170
      vertex 88.237271 18.060701 26.129703
      vertex 86.995297 18.522133 26.129703
    endloop
  endfacet
  facet normal -0.948780 -0.287912 -0.130090
    outer loop
      vertex 85.461699 20.200637 26.863854
      vertex 86.357458 17.248775 26.863854
      vertex 85.952792 17.566952 29.111005
    endloop
  endfacet
  facet normal -0.948784 -0.287903 -0.130078
    outer loop
      vertex 85.461699 20.200637 26.863854
      vertex 85.952792 17.566952 29.111005
      vertex 85.000363 20.705563 29.111253
    endloop
  endfacet
  facet normal 0.948368 0.287788 0.133326
    outer loop
      vertex 87.702671 16.191070 26.129703
      vertex 86.995297 18.522133 26.129703
      vertex 86.534747 19.026200 28.317625
    endloop
  endfacet
  facet normal 0.948370 0.287775 0.133343
    outer loop
      vertex 87.702671 16.191070 26.129703
      vertex 86.534747 19.026200 28.317625
      vertex 87.298694 16.508706 28.317377
    endloop
  endfacet
  facet normal -0.952698 -0.273332 -0.132876
    outer loop
      vertex 86.357458 17.248775 26.863854
      vertex 87.266637 14.079831 26.863854
      vertex 86.919490 14.197528 29.110725
    endloop
  endfacet
  facet normal -0.952703 -0.273322 -0.132862
    outer loop
      vertex 86.357458 17.248775 26.863854
      vertex 86.919490 14.197528 29.110725
      vertex 85.952792 17.566952 29.111005
    endloop
  endfacet
  facet normal 0.952267 0.273208 0.136178
    outer loop
      vertex 88.420643 13.688579 26.129703
      vertex 87.702671 16.191070 26.129703
      vertex 87.298694 16.508706 28.317377
    endloop
  endfacet
  facet normal 0.952268 0.273195 0.136197
    outer loop
      vertex 88.420643 13.688579 26.129703
      vertex 87.298694 16.508706 28.317377
      vertex 88.074087 13.806075 28.317097
    endloop
  endfacet
  facet normal -0.955936 -0.261193 -0.134032
    outer loop
      vertex 87.266637 14.079831 26.863854
      vertex 88.237365 10.527080 26.863854
      vertex 87.951631 10.420012 29.110395
    endloop
  endfacet
  facet normal -0.955941 -0.261183 -0.134014
    outer loop
      vertex 87.266637 14.079831 26.863854
      vertex 87.951631 10.420012 29.110395
      vertex 86.919490 14.197528 29.110725
    endloop
  endfacet
  facet normal 0.955496 0.261073 0.137359
    outer loop
      vertex 89.187220 10.882998 26.129703
      vertex 88.420643 13.688579 26.129703
      vertex 88.074087 13.806075 28.317097
    endloop
  endfacet
  facet normal 0.955498 0.261058 0.137379
    outer loop
      vertex 89.187220 10.882998 26.129703
      vertex 88.074087 13.806075 28.317097
      vertex 88.901971 10.776113 28.316767
    endloop
  endfacet
  facet normal -0.938603 -0.317683 -0.134542
    outer loop
      vertex 88.237365 10.527080 26.863854
      vertex 89.575272 6.574201 26.863854
      vertex 89.374179 6.217056 29.110025
    endloop
  endfacet
  facet normal -0.938610 -0.317674 -0.134520
    outer loop
      vertex 88.237365 10.527080 26.863854
      vertex 89.374179 6.217056 29.110025
      vertex 87.951631 10.420012 29.110395
    endloop
  endfacet
  facet normal 0.938169 0.317536 0.137879
    outer loop
      vertex 90.243754 7.761440 26.129703
      vertex 89.187220 10.882998 26.129703
      vertex 88.901971 10.776113 28.316767
    endloop
  endfacet
  facet normal 0.938170 0.317522 0.137900
    outer loop
      vertex 90.243754 7.761440 26.129703
      vertex 88.901971 10.776113 28.316767
      vertex 90.043004 7.404903 28.316397
    endloop
  endfacet
  facet normal -0.904264 -0.401656 -0.144840
    outer loop
      vertex 89.575272 6.574201 26.863854
      vertex 91.143118 3.044442 26.863854
      vertex 91.041215 2.463989 29.109702
    endloop
  endfacet
  facet normal -0.904272 -0.401647 -0.144819
    outer loop
      vertex 89.575272 6.574201 26.863854
      vertex 91.041215 2.463989 29.109702
      vertex 89.374179 6.217056 29.110025
    endloop
  endfacet
  facet normal 0.903779 0.401440 0.148426
    outer loop
      vertex 91.481871 4.974016 26.129703
      vertex 90.243754 7.761440 26.129703
      vertex 90.043004 7.404903 28.316397
    endloop
  endfacet
  facet normal 0.903782 0.401426 0.148444
    outer loop
      vertex 91.481871 4.974016 26.129703
      vertex 90.043004 7.404903 28.316397
      vertex 91.380141 4.394551 28.316074
    endloop
  endfacet
  facet normal -0.904808 -0.400525 -0.144576
    outer loop
      vertex 91.143118 3.044442 26.863854
      vertex 91.405738 2.451169 26.863854
      vertex 91.320450 1.833183 29.109647
    endloop
  endfacet
  facet normal -0.904813 -0.400515 -0.144571
    outer loop
      vertex 91.143118 3.044442 26.863854
      vertex 91.320450 1.833183 29.109647
      vertex 91.041215 2.463989 29.109702
    endloop
  endfacet
  facet normal 0.904321 0.400310 0.148173
    outer loop
      vertex 91.689260 4.505513 26.129703
      vertex 91.481871 4.974016 26.129703
      vertex 91.380141 4.394551 28.316074
    endloop
  endfacet
  facet normal 0.904327 0.400296 0.148174
    outer loop
      vertex 91.689260 4.505513 26.129703
      vertex 91.380141 4.394551 28.316074
      vertex 91.604116 3.888579 28.316019
    endloop
  endfacet
  facet normal 0.000000 -0.964168 -0.265292
    outer loop
      vertex 91.405738 2.451169 26.863854
      vertex 97.092885 2.451169 26.863854
      vertex 97.367391 1.833183 29.109838
    endloop
  endfacet
  facet normal 0.000008 -0.964162 -0.265313
    outer loop
      vertex 91.405738 2.451169 26.863854
      vertex 97.367391 1.833183 29.109838
      vertex 91.320450 1.833183 29.109647
    endloop
  endfacet
  facet normal 0.000000 0.962417 0.271575
    outer loop
      vertex 96.180356 4.505513 26.129703
      vertex 91.689260 4.505513 26.129703
      vertex 91.604116 3.888579 28.316019
    endloop
  endfacet
  facet normal -0.000011 0.962423 0.271554
    outer loop
      vertex 96.180356 4.505513 26.129703
      vertex 91.604116 3.888579 28.316019
      vertex 96.454395 3.888579 28.316210
    endloop
  endfacet
  facet normal 0.943966 -0.270092 -0.189680
    outer loop
      vertex 97.092885 2.451169 26.863854
      vertex 97.353176 3.360880 26.863854
      vertex 97.644149 2.800447 29.109941
    endloop
  endfacet
  facet normal 0.943970 -0.270074 -0.189684
    outer loop
      vertex 97.092885 2.451169 26.863854
      vertex 97.644149 2.800447 29.109941
      vertex 97.367391 1.833183 29.109838
    endloop
  endfacet
  facet normal -0.943090 0.269842 0.194336
    outer loop
      vertex 96.385906 5.223905 26.129703
      vertex 96.180356 4.505513 26.129703
      vertex 96.454395 3.888579 28.316210
    endloop
  endfacet
  facet normal -0.943099 0.269819 0.194323
    outer loop
      vertex 96.385906 5.223905 26.129703
      vertex 96.454395 3.888579 28.316210
      vertex 96.676384 4.664425 28.316313
    endloop
  endfacet
  facet normal 0.946739 -0.261513 -0.187874
    outer loop
      vertex 97.353176 3.360880 26.863854
      vertex 98.089563 6.026769 26.863854
      vertex 98.427123 5.634992 29.110239
    endloop
  endfacet
  facet normal 0.946740 -0.261494 -0.187894
    outer loop
      vertex 97.353176 3.360880 26.863854
      vertex 98.427123 5.634992 29.110239
      vertex 97.644149 2.800447 29.109941
    endloop
  endfacet
  facet normal -0.945874 0.261275 0.192505
    outer loop
      vertex 96.967425 7.329138 26.129703
      vertex 96.385906 5.223905 26.129703
      vertex 96.676384 4.664425 28.316313
    endloop
  endfacet
  facet normal -0.945886 0.261253 0.192477
    outer loop
      vertex 96.967425 7.329138 26.129703
      vertex 96.676384 4.664425 28.316313
      vertex 97.304411 6.938027 28.316611
    endloop
  endfacet
  facet normal 0.959898 -0.213679 -0.181484
    outer loop
      vertex 98.089563 6.026769 26.863854
      vertex 98.730964 8.908105 26.863854
      vertex 99.109103 8.698614 29.110548
    endloop
  endfacet
  facet normal 0.959898 -0.213660 -0.181505
    outer loop
      vertex 98.089563 6.026769 26.863854
      vertex 99.109103 8.698614 29.110548
      vertex 98.427123 5.634992 29.110239
    endloop
  endfacet
  facet normal -0.959080 0.213497 0.185969
    outer loop
      vertex 97.473935 9.604506 26.129703
      vertex 96.967425 7.329138 26.129703
      vertex 97.304411 6.938027 28.316611
    endloop
  endfacet
  facet normal -0.959090 0.213475 0.185942
    outer loop
      vertex 97.473935 9.604506 26.129703
      vertex 97.304411 6.938027 28.316611
      vertex 97.851430 9.395372 28.316920
    endloop
  endfacet
  facet normal 0.973063 -0.147145 -0.177472
    outer loop
      vertex 98.730964 8.908105 26.863854
      vertex 99.162911 11.764544 26.863854
      vertex 99.568377 11.735765 29.110840
    endloop
  endfacet
  facet normal 0.973062 -0.147128 -0.177494
    outer loop
      vertex 98.730964 8.908105 26.863854
      vertex 99.568377 11.735765 29.110840
      vertex 99.109103 8.698614 29.110548
    endloop
  endfacet
  facet normal -0.972270 0.147025 0.181864
    outer loop
      vertex 97.815040 11.860215 26.129703
      vertex 97.473935 9.604506 26.129703
      vertex 97.851430 9.395372 28.316920
    endloop
  endfacet
  facet normal -0.972278 0.147005 0.181840
    outer loop
      vertex 97.815040 11.860215 26.129703
      vertex 97.851430 9.395372 28.316920
      vertex 98.219816 11.831484 28.317212
    endloop
  endfacet
  facet normal 0.977008 -0.117676 -0.177786
    outer loop
      vertex 99.162911 11.764544 26.863854
      vertex 99.481379 14.408624 26.863854
      vertex 99.906992 14.547121 29.111097
    endloop
  endfacet
  facet normal 0.977006 -0.117660 -0.177806
    outer loop
      vertex 99.162911 11.764544 26.863854
      vertex 99.906992 14.547121 29.111097
      vertex 99.568377 11.735765 29.110840
    endloop
  endfacet
  facet normal -0.976209 0.117580 0.182182
    outer loop
      vertex 98.066532 13.948225 26.129703
      vertex 97.815040 11.860215 26.129703
      vertex 98.219816 11.831484 28.317212
    endloop
  endfacet
  facet normal -0.976215 0.117560 0.182162
    outer loop
      vertex 98.066532 13.948225 26.129703
      vertex 98.219816 11.831484 28.317212
      vertex 98.491421 14.086486 28.317470
    endloop
  endfacet
  facet normal 0.457302 0.878107 -0.140725
    outer loop
      vertex 99.481379 14.408624 26.863854
      vertex 97.703778 15.334367 26.863854
      vertex 98.016931 15.531431 29.111141
    endloop
  endfacet
  facet normal 0.457299 0.878108 -0.140727
    outer loop
      vertex 99.481379 14.408624 26.863854
      vertex 98.016931 15.531431 29.111141
      vertex 99.906992 14.547121 29.111097
    endloop
  endfacet
  facet normal -0.457069 -0.877659 0.144234
    outer loop
      vertex 96.662773 14.679277 26.129703
      vertex 98.066532 13.948225 26.129703
      vertex 98.491421 14.086486 28.317470
    endloop
  endfacet
  facet normal -0.457066 -0.877661 0.144231
    outer loop
      vertex 96.662773 14.679277 26.129703
      vertex 98.491421 14.086486 28.317470
      vertex 96.975394 14.876005 28.317513
    endloop
  endfacet
  facet normal 0.425771 0.894284 -0.137747
    outer loop
      vertex 97.703778 15.334367 26.863854
      vertex 95.850086 16.216915 26.863854
      vertex 96.045967 16.469812 29.111176
    endloop
  endfacet
  facet normal 0.425769 0.894285 -0.137749
    outer loop
      vertex 97.703778 15.334367 26.863854
      vertex 96.045967 16.469812 29.111176
      vertex 98.016931 15.531431 29.111141
    endloop
  endfacet
  facet normal -0.425563 -0.893847 0.141185
    outer loop
      vertex 95.198928 15.376218 26.129703
      vertex 96.662773 14.679277 26.129703
      vertex 96.975394 14.876005 28.317513
    endloop
  endfacet
  facet normal -0.425561 -0.893849 0.141182
    outer loop
      vertex 95.198928 15.376218 26.129703
      vertex 96.975394 14.876005 28.317513
      vertex 95.394475 15.628685 28.317548
    endloop
  endfacet
  facet normal 0.389524 0.910853 -0.136451
    outer loop
      vertex 95.850086 16.216915 26.863854
      vertex 93.973106 17.019600 26.863854
      vertex 94.050241 17.323279 29.111202
    endloop
  endfacet
  facet normal 0.389522 0.910853 -0.136452
    outer loop
      vertex 95.850086 16.216915 26.863854
      vertex 94.050241 17.323279 29.111202
      vertex 96.045967 16.469812 29.111176
    endloop
  endfacet
  facet normal -0.389337 -0.910416 0.139856
    outer loop
      vertex 93.716691 16.010092 26.129703
      vertex 95.198928 15.376218 26.129703
      vertex 95.394475 15.628685 28.317548
    endloop
  endfacet
  facet normal -0.389335 -0.910417 0.139855
    outer loop
      vertex 93.716691 16.010092 26.129703
      vertex 95.394475 15.628685 28.317548
      vertex 93.793694 16.313255 28.317574
    endloop
  endfacet
  facet normal 0.360765 0.922534 -0.137041
    outer loop
      vertex 93.973106 17.019600 26.863854
      vertex 92.132509 17.739382 26.863854
      vertex 92.093199 18.088598 29.111219
    endloop
  endfacet
  facet normal 0.360764 0.922534 -0.137042
    outer loop
      vertex 93.973106 17.019600 26.863854
      vertex 92.093199 18.088598 29.111219
      vertex 94.050241 17.323279 29.111202
    endloop
  endfacet
  facet normal -0.360591 -0.922088 0.140460
    outer loop
      vertex 92.263185 16.578499 26.129703
      vertex 93.716691 16.010092 26.129703
      vertex 93.793694 16.313255 28.317574
    endloop
  endfacet
  facet normal -0.360589 -0.922088 0.140459
    outer loop
      vertex 92.263185 16.578499 26.129703
      vertex 93.793694 16.313255 28.317574
      vertex 92.223942 16.927120 28.317591
    endloop
  endfacet
  facet normal 0.345094 0.928335 -0.138216
    outer loop
      vertex 92.132509 17.739382 26.863854
      vertex 90.361078 18.397884 26.863854
      vertex 90.209700 18.788760 29.111231
    endloop
  endfacet
  facet normal 0.345094 0.928335 -0.138217
    outer loop
      vertex 92.132509 17.739382 26.863854
      vertex 90.209700 18.788760 29.111231
      vertex 92.093199 18.088598 29.111219
    endloop
  endfacet
  facet normal -0.344925 -0.927879 0.141663
    outer loop
      vertex 90.864300 17.098513 26.129703
      vertex 92.263185 16.578499 26.129703
      vertex 92.223942 16.927120 28.317591
    endloop
  endfacet
  facet normal -0.344924 -0.927879 0.141662
    outer loop
      vertex 90.864300 17.098513 26.129703
      vertex 92.223942 16.927120 28.317591
      vertex 90.713179 17.488723 28.317603
    endloop
  endfacet
  facet normal 0.340075 0.930090 -0.138859
    outer loop
      vertex 90.361078 18.397884 26.863854
      vertex 88.664168 19.018336 26.863854
      vertex 88.405436 19.448465 29.111240
    endloop
  endfacet
  facet normal 0.340074 0.930090 -0.138859
    outer loop
      vertex 90.361078 18.397884 26.863854
      vertex 88.405436 19.448465 29.111240
      vertex 90.209700 18.788760 29.111231
    endloop
  endfacet
  facet normal -0.339906 -0.929628 0.142321
    outer loop
      vertex 89.524263 17.588479 26.129703
      vertex 90.864300 17.098513 26.129703
      vertex 90.713179 17.488723 28.317603
    endloop
  endfacet
  facet normal -0.339905 -0.929629 0.142320
    outer loop
      vertex 89.524263 17.588479 26.129703
      vertex 90.713179 17.488723 28.317603
      vertex 89.265970 18.017876 28.317612
    endloop
  endfacet
  facet normal 0.341136 0.929730 -0.138667
    outer loop
      vertex 88.664168 19.018336 26.863854
      vertex 87.034430 19.616319 26.863854
      vertex 86.672592 20.084278 29.111247
    endloop
  endfacet
  facet normal 0.341135 0.929730 -0.138668
    outer loop
      vertex 88.664168 19.018336 26.863854
      vertex 86.672592 20.084278 29.111247
      vertex 88.405436 19.448465 29.111240
    endloop
  endfacet
  facet normal -0.340967 -0.929270 0.142125
    outer loop
      vertex 88.237271 18.060701 26.129703
      vertex 89.524263 17.588479 26.129703
      vertex 89.265970 18.017876 28.317612
    endloop
  endfacet
  facet normal -0.340966 -0.929270 0.142124
    outer loop
      vertex 88.237271 18.060701 26.129703
      vertex 89.265970 18.017876 28.317612
      vertex 87.876049 18.527864 28.317619
    endloop
  endfacet
  facet normal 0.344949 0.928453 -0.137787
    outer loop
      vertex 87.034430 19.616319 26.863854
      vertex 85.461699 20.200637 26.863854
      vertex 85.000363 20.705563 29.111253
    endloop
  endfacet
  facet normal 0.344949 0.928453 -0.137788
    outer loop
      vertex 87.034430 19.616319 26.863854
      vertex 85.000363 20.705563 29.111253
      vertex 86.672592 20.084278 29.111247
    endloop
  endfacet
  facet normal -0.344781 -0.927999 0.141223
    outer loop
      vertex 86.995297 18.522133 26.129703
      vertex 88.237271 18.060701 26.129703
      vertex 87.876049 18.527864 28.317619
    endloop
  endfacet
  facet normal -0.344780 -0.927999 0.141223
    outer loop
      vertex 86.995297 18.522133 26.129703
      vertex 87.876049 18.527864 28.317619
      vertex 86.534747 19.026200 28.317625
    endloop
  endfacet
  facet normal -0.950026 -0.288281 -0.119766
    outer loop
      vertex 85.000363 20.705563 29.111253
      vertex 85.952792 17.566952 29.111005
      vertex 85.575477 17.863625 31.389904
    endloop
  endfacet
  facet normal -0.950301 -0.287702 -0.118974
    outer loop
      vertex 85.000363 20.705563 29.111253
      vertex 85.575477 17.863625 31.389904
      vertex 84.570209 21.176362 31.408608
    endloop
  endfacet
  facet normal 0.949819 0.288216 0.121557
    outer loop
      vertex 87.298694 16.508706 28.317377
      vertex 86.534747 19.026200 28.317625
      vertex 86.104525 19.497072 30.562832
    endloop
  endfacet
  facet normal 0.949919 0.287406 0.122688
    outer loop
      vertex 87.298694 16.508706 28.317377
      vertex 86.104525 19.497072 30.562832
      vertex 86.921320 16.805425 30.544128
    endloop
  endfacet
  facet normal -0.953873 -0.273659 -0.123439
    outer loop
      vertex 85.952792 17.566952 29.111005
      vertex 86.919490 14.197528 29.110725
      vertex 86.595806 14.307269 31.368699
    endloop
  endfacet
  facet normal -0.954183 -0.273028 -0.122440
    outer loop
      vertex 85.952792 17.566952 29.111005
      vertex 86.595806 14.307269 31.368699
      vertex 85.575477 17.863625 31.389904
    endloop
  endfacet
  facet normal 0.953666 0.273597 0.125163
    outer loop
      vertex 88.074087 13.806075 28.317097
      vertex 87.298694 16.508706 28.317377
      vertex 86.921320 16.805425 30.544128
    endloop
  endfacet
  facet normal 0.953757 0.272708 0.126407
    outer loop
      vertex 88.074087 13.806075 28.317097
      vertex 86.921320 16.805425 30.544128
      vertex 87.750352 13.915834 30.522922
    endloop
  endfacet
  facet normal -0.956974 -0.261466 -0.125844
    outer loop
      vertex 86.919490 14.197528 29.110725
      vertex 87.951631 10.420012 29.110395
      vertex 87.685209 10.320182 31.343794
    endloop
  endfacet
  facet normal -0.957325 -0.260794 -0.124559
    outer loop
      vertex 86.919490 14.197528 29.110725
      vertex 87.685209 10.320182 31.343794
      vertex 86.595806 14.307269 31.368699
    endloop
  endfacet
  facet normal 0.956781 0.261410 0.127413
    outer loop
      vertex 88.901971 10.776113 28.316767
      vertex 88.074087 13.806075 28.317097
      vertex 87.750352 13.915834 30.522922
    endloop
  endfacet
  facet normal 0.956855 0.260454 0.128813
    outer loop
      vertex 88.901971 10.776113 28.316767
      vertex 87.750352 13.915834 30.522922
      vertex 88.635508 10.676267 30.498017
    endloop
  endfacet
  facet normal -0.939445 -0.317957 -0.127857
    outer loop
      vertex 87.951631 10.420012 29.110395
      vertex 89.374179 6.217056 29.110025
      vertex 89.186679 5.884051 31.315823
    endloop
  endfacet
  facet normal -0.939872 -0.317316 -0.126301
    outer loop
      vertex 87.951631 10.420012 29.110395
      vertex 89.186679 5.884051 31.315823
      vertex 87.685209 10.320182 31.343794
    endloop
  endfacet
  facet normal 0.939269 0.317894 0.129294
    outer loop
      vertex 90.043004 7.404903 28.316397
      vertex 88.901971 10.776113 28.316767
      vertex 88.635508 10.676267 30.498017
    endloop
  endfacet
  facet normal 0.939384 0.316932 0.130810
    outer loop
      vertex 90.043004 7.404903 28.316397
      vertex 88.635508 10.676267 30.498017
      vertex 89.855474 7.071846 30.470047
    endloop
  endfacet
  facet normal -0.905016 -0.401978 -0.139137
    outer loop
      vertex 89.374179 6.217056 29.110025
      vertex 91.041215 2.463989 29.109702
      vertex 90.946200 1.922769 31.291366
    endloop
  endfacet
  facet normal -0.905527 -0.401367 -0.137567
    outer loop
      vertex 89.374179 6.217056 29.110025
      vertex 90.946200 1.922769 31.291366
      vertex 89.186679 5.884051 31.315823
    endloop
  endfacet
  facet normal 0.904785 0.401872 0.140933
    outer loop
      vertex 91.380141 4.394551 28.316074
      vertex 90.043004 7.404903 28.316397
      vertex 89.855474 7.071846 30.470047
    endloop
  endfacet
  facet normal 0.905003 0.400903 0.142292
    outer loop
      vertex 91.380141 4.394551 28.316074
      vertex 89.855474 7.071846 30.470047
      vertex 91.285111 3.853246 30.445589
    endloop
  endfacet
  facet normal -0.905525 -0.400831 -0.139134
    outer loop
      vertex 91.041215 2.463989 29.109702
      vertex 91.320450 1.833183 29.109647
      vertex 91.240926 1.256967 31.287235
    endloop
  endfacet
  facet normal -0.905892 -0.400145 -0.138720
    outer loop
      vertex 91.041215 2.463989 29.109702
      vertex 91.240926 1.256967 31.287235
      vertex 90.946200 1.922769 31.291366
    endloop
  endfacet
  facet normal 0.905124 0.400650 0.142233
    outer loop
      vertex 91.604116 3.888579 28.316019
      vertex 91.380141 4.394551 28.316074
      vertex 91.285111 3.853246 30.445589
    endloop
  endfacet
  facet normal 0.905514 0.399751 0.142277
    outer loop
      vertex 91.604116 3.888579 28.316019
      vertex 91.285111 3.853246 30.445589
      vertex 91.524580 3.312272 30.441458
    endloop
  endfacet
  facet normal 0.000008 -0.967137 -0.254255
    outer loop
      vertex 91.320450 1.833183 29.109647
      vertex 97.367391 1.833183 29.109838
      vertex 97.623343 1.256967 31.301662
    endloop
  endfacet
  facet normal 0.000578 -0.966733 -0.255788
    outer loop
      vertex 91.320450 1.833183 29.109647
      vertex 97.623343 1.256967 31.301662
      vertex 91.240926 1.256967 31.287235
    endloop
  endfacet
  facet normal -0.000010 0.965150 0.261697
    outer loop
      vertex 96.454395 3.888579 28.316210
      vertex 91.604116 3.888579 28.316019
      vertex 91.524580 3.312272 30.441458
    endloop
  endfacet
  facet normal -0.000724 0.965566 0.260155
    outer loop
      vertex 96.454395 3.888579 28.316210
      vertex 91.524580 3.312272 30.441458
      vertex 96.710388 3.312272 30.455885
    endloop
  endfacet
  facet normal 0.945562 -0.270530 -0.180904
    outer loop
      vertex 97.367391 1.833183 29.109838
      vertex 97.644149 2.800447 29.109941
      vertex 97.915456 2.277893 31.309471
    endloop
  endfacet
  facet normal 0.945863 -0.269249 -0.181238
    outer loop
      vertex 97.367391 1.833183 29.109838
      vertex 97.915456 2.277893 31.309471
      vertex 97.623343 1.256967 31.301662
    endloop
  endfacet
  facet normal -0.944682 0.270273 0.185819
    outer loop
      vertex 96.676384 4.664425 28.316313
      vertex 96.454395 3.888579 28.316210
      vertex 96.710388 3.312272 30.455885
    endloop
  endfacet
  facet normal -0.945309 0.268736 0.184858
    outer loop
      vertex 96.676384 4.664425 28.316313
      vertex 96.710388 3.312272 30.455885
      vertex 96.947733 4.141789 30.463694
    endloop
  endfacet
  facet normal 0.948608 -0.262011 -0.177465
    outer loop
      vertex 97.644149 2.800447 29.109941
      vertex 98.427123 5.634992 29.110239
      vertex 98.741868 5.269695 31.331978
    endloop
  endfacet
  facet normal 0.948687 -0.260705 -0.178955
    outer loop
      vertex 97.644149 2.800447 29.109941
      vertex 98.741868 5.269695 31.331978
      vertex 97.915456 2.277893 31.309471
    endloop
  endfacet
  facet normal -0.947554 0.261715 0.183432
    outer loop
      vertex 97.304411 6.938027 28.316611
      vertex 96.676384 4.664425 28.316313
      vertex 96.947733 4.141789 30.463694
    endloop
  endfacet
  facet normal -0.948336 0.260275 0.181428
    outer loop
      vertex 97.304411 6.938027 28.316611
      vertex 96.947733 4.141789 30.463694
      vertex 97.619206 6.572673 30.486202
    endloop
  endfacet
  facet normal 0.961950 -0.214118 -0.169720
    outer loop
      vertex 98.427123 5.634992 29.110239
      vertex 99.109103 8.698614 29.110548
      vertex 99.461683 8.503283 31.355351
    endloop
  endfacet
  facet normal 0.961945 -0.212896 -0.171279
    outer loop
      vertex 98.427123 5.634992 29.110239
      vertex 99.461683 8.503283 31.355351
      vertex 98.741868 5.269695 31.331978
    endloop
  endfacet
  facet normal -0.960971 0.213895 0.175451
    outer loop
      vertex 97.851430 9.395372 28.316920
      vertex 97.304411 6.938027 28.316611
      vertex 97.619206 6.572673 30.486202
    endloop
  endfacet
  facet normal -0.961615 0.212517 0.173588
    outer loop
      vertex 97.851430 9.395372 28.316920
      vertex 97.619206 6.572673 30.486202
      vertex 98.204065 9.200010 30.509574
    endloop
  endfacet
  facet normal 0.975303 -0.147468 -0.164427
    outer loop
      vertex 99.109103 8.698614 29.110548
      vertex 99.568377 11.735765 29.110840
      vertex 99.946437 11.708931 31.377377
    endloop
  endfacet
  facet normal 0.975224 -0.146332 -0.165907
    outer loop
      vertex 99.109103 8.698614 29.110548
      vertex 99.946437 11.708931 31.377377
      vertex 99.461683 8.503283 31.355351
    endloop
  endfacet
  facet normal -0.974398 0.147327 0.169835
    outer loop
      vertex 98.219816 11.831484 28.317212
      vertex 97.851430 9.395372 28.316920
      vertex 98.204065 9.200010 30.509574
    endloop
  endfacet
  facet normal -0.974875 0.145997 0.168235
    outer loop
      vertex 98.219816 11.831484 28.317212
      vertex 98.204065 9.200010 30.509574
      vertex 98.597935 11.804646 30.531601
    endloop
  endfacet
  facet normal 0.979484 -0.117959 -0.163389
    outer loop
      vertex 99.568377 11.735765 29.110840
      vertex 99.906992 14.547121 29.111097
      vertex 100.303838 14.676258 31.396874
    endloop
  endfacet
  facet normal 0.979386 -0.116880 -0.164746
    outer loop
      vertex 99.568377 11.735765 29.110840
      vertex 100.303838 14.676258 31.396874
      vertex 99.946437 11.708931 31.377377
    endloop
  endfacet
  facet normal -0.978625 0.117852 0.168534
    outer loop
      vertex 98.491421 14.086486 28.317470
      vertex 98.219816 11.831484 28.317212
      vertex 98.597935 11.804646 30.531601
    endloop
  endfacet
  facet normal -0.979004 0.116564 0.167226
    outer loop
      vertex 98.491421 14.086486 28.317470
      vertex 98.597935 11.804646 30.531601
      vertex 98.888329 14.215642 30.551098
    endloop
  endfacet
  facet normal 0.458035 0.879520 -0.129029
    outer loop
      vertex 99.906992 14.547121 29.111097
      vertex 98.016931 15.531431 29.111141
      vertex 98.308919 15.715175 31.400141
    endloop
  endfacet
  facet normal 0.457862 0.879587 -0.129185
    outer loop
      vertex 99.906992 14.547121 29.111097
      vertex 98.308919 15.715175 31.400141
      vertex 100.303838 14.676258 31.396874
    endloop
  endfacet
  facet normal -0.457842 -0.879151 0.132193
    outer loop
      vertex 96.975394 14.876005 28.317513
      vertex 98.491421 14.086486 28.317470
      vertex 98.888329 14.215642 30.551098
    endloop
  endfacet
  facet normal -0.457648 -0.879282 0.131988
    outer loop
      vertex 96.975394 14.876005 28.317513
      vertex 98.888329 14.215642 30.551098
      vertex 97.267428 15.059778 30.554364
    endloop
  endfacet
  facet normal 0.426433 0.895679 -0.126149
    outer loop
      vertex 98.016931 15.531431 29.111141
      vertex 96.045967 16.469812 29.111176
      vertex 96.228609 16.705617 31.402830
    endloop
  endfacet
  facet normal 0.426295 0.895727 -0.126281
    outer loop
      vertex 98.016931 15.531431 29.111141
      vertex 96.228609 16.705617 31.402830
      vertex 98.308919 15.715175 31.400141
    endloop
  endfacet
  facet normal -0.426263 -0.895324 0.129208
    outer loop
      vertex 95.394475 15.628685 28.317548
      vertex 96.975394 14.876005 28.317513
      vertex 97.267428 15.059778 30.554364
    endloop
  endfacet
  facet normal -0.426107 -0.895421 0.129053
    outer loop
      vertex 95.394475 15.628685 28.317548
      vertex 97.267428 15.059778 30.554364
      vertex 95.577145 15.864526 30.557054
    endloop
  endfacet
  facet normal 0.390123 0.912258 -0.124856
    outer loop
      vertex 96.045967 16.469812 29.111176
      vertex 94.050241 17.323279 29.111202
      vertex 94.122162 17.606433 31.404778
    endloop
  endfacet
  facet normal 0.390022 0.912288 -0.124956
    outer loop
      vertex 96.045967 16.469812 29.111176
      vertex 94.122162 17.606433 31.404778
      vertex 96.228609 16.705617 31.402830
    endloop
  endfacet
  facet normal -0.389973 -0.911909 0.127842
    outer loop
      vertex 93.793694 16.313255 28.317574
      vertex 95.394475 15.628685 28.317548
      vertex 95.577145 15.864526 30.557054
    endloop
  endfacet
  facet normal -0.389857 -0.911973 0.127737
    outer loop
      vertex 93.793694 16.313255 28.317574
      vertex 95.577145 15.864526 30.557054
      vertex 93.865627 16.596453 30.559001
    endloop
  endfacet
  facet normal 0.361328 0.923977 -0.125330
    outer loop
      vertex 94.050241 17.323279 29.111202
      vertex 92.093199 18.088598 29.111219
      vertex 92.056546 18.414210 31.406080
    endloop
  endfacet
  facet normal 0.361258 0.923996 -0.125400
    outer loop
      vertex 94.050241 17.323279 29.111202
      vertex 92.056546 18.414210 31.406080
      vertex 94.122162 17.606433 31.404778
    endloop
  endfacet
  facet normal -0.361190 -0.923625 0.128289
    outer loop
      vertex 92.223942 16.927120 28.317591
      vertex 93.793694 16.313255 28.317574
      vertex 93.865627 16.596453 30.559001
    endloop
  endfacet
  facet normal -0.361109 -0.923666 0.128223
    outer loop
      vertex 92.223942 16.927120 28.317591
      vertex 93.865627 16.596453 30.559001
      vertex 92.187283 17.252784 30.560303
    endloop
  endfacet
  facet normal 0.345645 0.929818 -0.126361
    outer loop
      vertex 92.093199 18.088598 29.111219
      vertex 90.209700 18.788760 29.111231
      vertex 90.068553 19.153216 31.406965
    endloop
  endfacet
  facet normal 0.345594 0.929831 -0.126412
    outer loop
      vertex 92.093199 18.088598 29.111219
      vertex 90.068553 19.153216 31.406965
      vertex 92.056546 18.414210 31.406080
    endloop
  endfacet
  facet normal -0.345512 -0.929461 0.129319
    outer loop
      vertex 90.713179 17.488723 28.317603
      vertex 92.223942 16.927120 28.317591
      vertex 92.187283 17.252784 30.560303
    endloop
  endfacet
  facet normal -0.345452 -0.929489 0.129277
    outer loop
      vertex 90.713179 17.488723 28.317603
      vertex 92.187283 17.252784 30.560303
      vertex 90.572010 17.853237 30.561189
    endloop
  endfacet
  facet normal 0.340624 0.931594 -0.126916
    outer loop
      vertex 90.209700 18.788760 29.111231
      vertex 88.405436 19.448465 29.111240
      vertex 88.164190 19.849521 31.407620
    endloop
  endfacet
  facet normal 0.340585 0.931603 -0.126956
    outer loop
      vertex 90.209700 18.788760 29.111231
      vertex 88.164190 19.849521 31.407620
      vertex 90.068553 19.153216 31.406965
    endloop
  endfacet
  facet normal -0.340493 -0.931235 0.129873
    outer loop
      vertex 89.265970 18.017876 28.317612
      vertex 90.713179 17.488723 28.317603
      vertex 90.572010 17.853237 30.561189
    endloop
  endfacet
  facet normal -0.340446 -0.931256 0.129844
    outer loop
      vertex 89.265970 18.017876 28.317612
      vertex 90.572010 17.853237 30.561189
      vertex 89.024687 18.418995 30.561844
    endloop
  endfacet
  facet normal 0.341687 0.931233 -0.126712
    outer loop
      vertex 88.405436 19.448465 29.111240
      vertex 86.672592 20.084278 29.111247
      vertex 86.335211 20.520608 31.408151
    endloop
  endfacet
  facet normal 0.341653 0.931240 -0.126746
    outer loop
      vertex 88.405436 19.448465 29.111240
      vertex 86.335211 20.520608 31.408151
      vertex 88.164190 19.849521 31.407620
    endloop
  endfacet
  facet normal -0.341555 -0.930875 0.129657
    outer loop
      vertex 87.876049 18.527864 28.317619
      vertex 89.265970 18.017876 28.317612
      vertex 89.024687 18.418995 30.561844
    endloop
  endfacet
  facet normal -0.341516 -0.930893 0.129636
    outer loop
      vertex 87.876049 18.527864 28.317619
      vertex 89.024687 18.418995 30.561844
      vertex 87.538615 18.964263 30.562375
    endloop
  endfacet
  facet normal 0.345500 0.929937 -0.125882
    outer loop
      vertex 86.672592 20.084278 29.111247
      vertex 85.000363 20.705563 29.111253
      vertex 84.570209 21.176362 31.408608
    endloop
  endfacet
  facet normal 0.345471 0.929944 -0.125912
    outer loop
      vertex 86.672592 20.084278 29.111247
      vertex 84.570209 21.176362 31.408608
      vertex 86.335211 20.520608 31.408151
    endloop
  endfacet
  facet normal -0.345370 -0.929586 0.128803
    outer loop
      vertex 86.534747 19.026200 28.317625
      vertex 87.876049 18.527864 28.317619
      vertex 87.538615 18.964263 30.562375
    endloop
  endfacet
  facet normal -0.345335 -0.929601 0.128787
    outer loop
      vertex 86.534747 19.026200 28.317625
      vertex 87.538615 18.964263 30.562375
      vertex 86.104525 19.497072 30.562832
    endloop
  endfacet
  facet normal -0.951939 -0.288287 -0.103457
    outer loop
      vertex 84.570209 21.176362 31.408608
      vertex 85.575477 17.863625 31.389904
      vertex 85.245714 18.122909 33.701651
    endloop
  endfacet
  facet normal -0.952379 -0.287332 -0.102055
    outer loop
      vertex 84.570209 21.176362 31.408608
      vertex 85.245714 18.122909 33.701651
      vertex 84.194265 21.587828 33.758450
    endloop
  endfacet
  facet normal 0.951953 0.288155 0.103691
    outer loop
      vertex 86.921320 16.805425 30.544128
      vertex 86.104525 19.497072 30.562832
      vertex 85.728808 19.908290 32.869407
    endloop
  endfacet
  facet normal 0.952149 0.286826 0.105564
    outer loop
      vertex 86.921320 16.805425 30.544128
      vertex 85.728808 19.908290 32.869407
      vertex 86.591755 17.064553 32.812609
    endloop
  endfacet
  facet normal -0.955808 -0.273583 -0.107624
    outer loop
      vertex 85.575477 17.863625 31.389904
      vertex 86.595806 14.307269 31.368699
      vertex 86.312915 14.403180 33.637256
    endloop
  endfacet
  facet normal -0.956306 -0.272535 -0.105847
    outer loop
      vertex 85.575477 17.863625 31.389904
      vertex 86.312915 14.403180 33.637256
      vertex 85.245714 18.122909 33.701651
    endloop
  endfacet
  facet normal 0.955847 0.273445 0.107630
    outer loop
      vertex 87.750352 13.915834 30.522922
      vertex 86.921320 16.805425 30.544128
      vertex 86.591755 17.064553 32.812609
    endloop
  endfacet
  facet normal 0.956027 0.271972 0.109747
    outer loop
      vertex 87.750352 13.915834 30.522922
      vertex 86.591755 17.064553 32.812609
      vertex 87.467632 14.011687 32.748214
    endloop
  endfacet
  facet normal -0.958860 -0.261299 -0.110948
    outer loop
      vertex 86.595806 14.307269 31.368699
      vertex 87.685209 10.320182 31.343794
      vertex 87.452363 10.232932 33.561626
    endloop
  endfacet
  facet normal -0.959429 -0.260177 -0.108642
    outer loop
      vertex 86.595806 14.307269 31.368699
      vertex 87.452363 10.232932 33.561626
      vertex 86.312915 14.403180 33.637256
    endloop
  endfacet
  facet normal 0.958940 0.261164 0.110583
    outer loop
      vertex 88.635508 10.676267 30.498017
      vertex 87.750352 13.915834 30.522922
      vertex 87.467632 14.011687 32.748214
    endloop
  endfacet
  facet normal 0.959089 0.259557 0.113042
    outer loop
      vertex 88.635508 10.676267 30.498017
      vertex 87.467632 14.011687 32.748214
      vertex 88.402802 10.589070 32.672584
    endloop
  endfacet
  facet normal -0.941238 -0.317855 -0.114190
    outer loop
      vertex 87.685209 10.320182 31.343794
      vertex 89.186679 5.884051 31.315823
      vertex 89.022808 5.593013 33.476688
    endloop
  endfacet
  facet normal -0.941942 -0.316775 -0.111355
    outer loop
      vertex 87.685209 10.320182 31.343794
      vertex 89.022808 5.593013 33.476688
      vertex 87.452363 10.232932 33.561626
    endloop
  endfacet
  facet normal 0.941364 0.317737 0.113478
    outer loop
      vertex 89.855474 7.071846 30.470047
      vertex 88.635508 10.676267 30.498017
      vertex 88.402802 10.589070 32.672584
    endloop
  endfacet
  facet normal 0.941579 0.316098 0.116238
    outer loop
      vertex 89.855474 7.071846 30.470047
      vertex 88.402802 10.589070 32.672584
      vertex 89.691702 6.780983 32.587645
    endloop
  endfacet
  facet normal -0.906933 -0.402065 -0.125764
    outer loop
      vertex 89.186679 5.884051 31.315823
      vertex 90.946200 1.922769 31.291366
      vertex 90.863158 1.449756 33.402417
    endloop
  endfacet
  facet normal -0.907793 -0.401021 -0.122855
    outer loop
      vertex 89.186679 5.884051 31.315823
      vertex 90.863158 1.449756 33.402417
      vertex 89.022808 5.593013 33.476688
    endloop
  endfacet
  facet normal 0.907045 0.401938 0.125358
    outer loop
      vertex 91.285111 3.853246 30.445589
      vertex 89.855474 7.071846 30.470047
      vertex 89.691702 6.780983 32.587645
    endloop
  endfacet
  facet normal 0.907426 0.400266 0.127927
    outer loop
      vertex 91.285111 3.853246 30.445589
      vertex 89.691702 6.780983 32.587645
      vertex 91.202119 3.380518 32.513374
    endloop
  endfacet
  facet normal -0.907415 -0.400898 -0.126013
    outer loop
      vertex 90.946200 1.922769 31.291366
      vertex 91.240926 1.256967 31.287235
      vertex 91.171424 0.753368 33.389871
    endloop
  endfacet
  facet normal -0.908044 -0.399701 -0.125278
    outer loop
      vertex 90.946200 1.922769 31.291366
      vertex 91.171424 0.753368 33.389871
      vertex 90.863158 1.449756 33.402417
    endloop
  endfacet
  facet normal 0.907254 0.400631 0.128003
    outer loop
      vertex 91.524580 3.312272 30.441458
      vertex 91.285111 3.853246 30.445589
      vertex 91.202119 3.380518 32.513374
    endloop
  endfacet
  facet normal 0.907913 0.399087 0.128157
    outer loop
      vertex 91.524580 3.312272 30.441458
      vertex 91.202119 3.380518 32.513374
      vertex 91.455120 2.808977 32.500829
    endloop
  endfacet
  facet normal 0.000520 -0.973206 -0.229933
    outer loop
      vertex 91.240926 1.256967 31.287235
      vertex 97.623343 1.256967 31.301662
      vertex 97.847039 0.753368 33.433683
    endloop
  endfacet
  facet normal 0.001528 -0.972506 -0.232873
    outer loop
      vertex 91.240926 1.256967 31.287235
      vertex 97.847039 0.753368 33.433683
      vertex 91.171424 0.753368 33.389871
    endloop
  endfacet
  facet normal -0.000660 0.971416 0.237385
    outer loop
      vertex 96.710388 3.312272 30.455885
      vertex 91.524580 3.312272 30.441458
      vertex 91.455120 2.808977 32.500829
    endloop
  endfacet
  facet normal -0.001875 0.972129 0.234440
    outer loop
      vertex 96.710388 3.312272 30.455885
      vertex 91.455120 2.808977 32.500829
      vertex 96.933949 2.808977 32.544641
    endloop
  endfacet
  facet normal 0.949010 -0.270295 -0.162235
    outer loop
      vertex 97.623343 1.256967 31.301662
      vertex 97.915456 2.277893 31.309471
      vertex 98.152571 1.821193 33.457396
    endloop
  endfacet
  facet normal 0.949522 -0.268064 -0.162944
    outer loop
      vertex 97.623343 1.256967 31.301662
      vertex 98.152571 1.821193 33.457396
      vertex 97.847039 0.753368 33.433683
    endloop
  endfacet
  facet normal -0.948410 0.269797 0.166518
    outer loop
      vertex 96.947733 4.141789 30.463694
      vertex 96.710388 3.312272 30.455885
      vertex 96.933949 2.808977 32.544641
    endloop
  endfacet
  facet normal -0.949437 0.267198 0.164846
    outer loop
      vertex 96.947733 4.141789 30.463694
      vertex 96.933949 2.808977 32.544641
      vertex 97.184706 3.685366 32.568354
    endloop
  endfacet
  facet normal 0.952176 -0.261831 -0.157499
    outer loop
      vertex 97.915456 2.277893 31.309471
      vertex 98.741868 5.269695 31.331978
      vertex 99.016947 4.950434 33.525745
    endloop
  endfacet
  facet normal 0.952328 -0.259556 -0.160318
    outer loop
      vertex 97.915456 2.277893 31.309471
      vertex 99.016947 4.950434 33.525745
      vertex 98.152571 1.821193 33.457396
    endloop
  endfacet
  facet normal -0.951278 0.261251 0.163764
    outer loop
      vertex 97.619206 6.572673 30.486202
      vertex 96.947733 4.141789 30.463694
      vertex 97.184706 3.685366 32.568354
    endloop
  endfacet
  facet normal -0.952543 0.258854 0.160176
    outer loop
      vertex 97.619206 6.572673 30.486202
      vertex 97.184706 3.685366 32.568354
      vertex 97.894119 6.253604 32.636702
    endloop
  endfacet
  facet normal 0.965437 -0.213835 -0.149016
    outer loop
      vertex 98.741868 5.269695 31.331978
      vertex 99.461683 8.503283 31.355351
      vertex 99.769829 8.332568 33.596721
    endloop
  endfacet
  facet normal 0.965456 -0.211729 -0.151873
    outer loop
      vertex 98.741868 5.269695 31.331978
      vertex 99.769829 8.332568 33.596721
      vertex 99.016947 4.950434 33.525745
    endloop
  endfacet
  facet normal -0.964608 0.213348 0.154967
    outer loop
      vertex 98.204065 9.200010 30.509574
      vertex 97.619206 6.572673 30.486202
      vertex 97.894119 6.253604 32.636702
    endloop
  endfacet
  facet normal -0.965631 0.211077 0.151671
    outer loop
      vertex 98.204065 9.200010 30.509574
      vertex 97.894119 6.253604 32.636702
      vertex 98.512026 9.029398 32.707678
    endloop
  endfacet
  facet normal 0.978747 -0.147023 -0.142961
    outer loop
      vertex 99.461683 8.503283 31.355351
      vertex 99.946437 11.708931 31.377377
      vertex 100.276852 11.685478 33.663610
    endloop
  endfacet
  facet normal 0.978648 -0.145085 -0.145596
    outer loop
      vertex 99.461683 8.503283 31.355351
      vertex 100.276852 11.685478 33.663610
      vertex 99.769829 8.332568 33.596721
    endloop
  endfacet
  facet normal -0.977995 0.146636 0.148401
    outer loop
      vertex 98.597935 11.804646 30.531601
      vertex 98.204065 9.200010 30.509574
      vertex 98.512026 9.029398 32.707678
    endloop
  endfacet
  facet normal -0.978739 0.144464 0.145602
    outer loop
      vertex 98.597935 11.804646 30.531601
      vertex 98.512026 9.029398 32.707678
      vertex 98.928151 11.781207 32.774568
    endloop
  endfacet
  facet normal 0.983031 -0.117476 -0.140885
    outer loop
      vertex 99.946437 11.708931 31.377377
      vertex 100.303838 14.676258 31.396874
      vertex 100.650672 14.789119 33.722818
    endloop
  endfacet
  facet normal 0.982907 -0.115654 -0.143240
    outer loop
      vertex 99.946437 11.708931 31.377377
      vertex 100.650672 14.789119 33.722818
      vertex 100.276852 11.685478 33.663610
    endloop
  endfacet
  facet normal -0.982347 0.117140 0.145848
    outer loop
      vertex 98.888329 14.215642 30.551098
      vertex 98.597935 11.804646 30.531601
      vertex 98.928151 11.781207 32.774568
    endloop
  endfacet
  facet normal -0.982929 0.115052 0.143573
    outer loop
      vertex 98.888329 14.215642 30.551098
      vertex 98.928151 11.781207 32.774568
      vertex 99.234953 14.328436 32.833775
    endloop
  endfacet
  facet normal 0.458907 0.881537 -0.110895
    outer loop
      vertex 100.303838 14.676258 31.396874
      vertex 98.308919 15.715175 31.400141
      vertex 98.564110 15.875763 33.732737
    endloop
  endfacet
  facet normal 0.458620 0.881652 -0.111168
    outer loop
      vertex 100.303838 14.676258 31.396874
      vertex 98.564110 15.875763 33.732737
      vertex 100.650672 14.789119 33.722818
    endloop
  endfacet
  facet normal -0.458750 -0.881324 0.113210
    outer loop
      vertex 97.267428 15.059778 30.554364
      vertex 98.888329 14.215642 30.551098
      vertex 99.234953 14.328436 32.833775
    endloop
  endfacet
  facet normal -0.458433 -0.881533 0.112869
    outer loop
      vertex 97.267428 15.059778 30.554364
      vertex 99.234953 14.328436 32.833775
      vertex 97.522465 15.220269 32.843694
    endloop
  endfacet
  facet normal 0.427227 0.897636 -0.108289
    outer loop
      vertex 98.308919 15.715175 31.400141
      vertex 96.228609 16.705617 31.402830
      vertex 96.388233 16.911704 33.740905
    endloop
  endfacet
  facet normal 0.426998 0.897717 -0.108518
    outer loop
      vertex 98.308919 15.715175 31.400141
      vertex 96.388233 16.911704 33.740905
      vertex 98.564110 15.875763 33.732737
    endloop
  endfacet
  facet normal -0.427094 -0.897431 0.110493
    outer loop
      vertex 95.577145 15.864526 30.557054
      vertex 97.267428 15.059778 30.554364
      vertex 97.522465 15.220269 32.843694
    endloop
  endfacet
  facet normal -0.426838 -0.897585 0.110232
    outer loop
      vertex 95.577145 15.864526 30.557054
      vertex 97.522465 15.220269 32.843694
      vertex 95.736673 16.070489 32.851862
    endloop
  endfacet
  facet normal 0.390856 0.914201 -0.107088
    outer loop
      vertex 96.228609 16.705617 31.402830
      vertex 94.122162 17.606433 31.404778
      vertex 94.185019 17.853902 33.746818
    endloop
  endfacet
  facet normal 0.390690 0.914252 -0.107259
    outer loop
      vertex 96.228609 16.705617 31.402830
      vertex 94.185019 17.853902 33.746818
      vertex 96.388233 16.911704 33.740905
    endloop
  endfacet
  facet normal -0.390745 -0.913999 0.109196
    outer loop
      vertex 93.865627 16.596453 30.559001
      vertex 95.577145 15.864526 30.557054
      vertex 95.736673 16.070489 32.851862
    endloop
  endfacet
  facet normal -0.390556 -0.914101 0.109019
    outer loop
      vertex 93.865627 16.596453 30.559001
      vertex 95.736673 16.070489 32.851862
      vertex 93.928446 16.843773 32.857775
    endloop
  endfacet
  facet normal 0.362034 0.925953 -0.107437
    outer loop
      vertex 94.122162 17.606433 31.404778
      vertex 92.056546 18.414210 31.406080
      vertex 92.024512 18.698788 33.750773
    endloop
  endfacet
  facet normal 0.361918 0.925984 -0.107557
    outer loop
      vertex 94.122162 17.606433 31.404778
      vertex 92.024512 18.698788 33.750773
      vertex 94.185019 17.853902 33.746818
    endloop
  endfacet
  facet normal -0.361938 -0.925750 0.109490
    outer loop
      vertex 92.187283 17.252784 30.560303
      vertex 93.865627 16.596453 30.559001
      vertex 93.928446 16.843773 32.857775
    endloop
  endfacet
  facet normal -0.361804 -0.925815 0.109377
    outer loop
      vertex 92.187283 17.252784 30.560303
      vertex 93.928446 16.843773 32.857775
      vertex 92.155269 17.537190 32.861730
    endloop
  endfacet
  facet normal 0.346347 0.931836 -0.108284
    outer loop
      vertex 92.056546 18.414210 31.406080
      vertex 90.068553 19.153216 31.406965
      vertex 89.945194 19.471742 33.753461
    endloop
  endfacet
  facet normal 0.346263 0.931857 -0.108370
    outer loop
      vertex 92.056546 18.414210 31.406080
      vertex 89.945194 19.471742 33.753461
      vertex 92.024512 18.698788 33.750773
    endloop
  endfacet
  facet normal -0.346259 -0.931631 0.110312
    outer loop
      vertex 90.572010 17.853237 30.561189
      vertex 92.187283 17.252784 30.560303
      vertex 92.155269 17.537190 32.861730
    endloop
  endfacet
  facet normal -0.346162 -0.931675 0.110240
    outer loop
      vertex 90.572010 17.853237 30.561189
      vertex 92.155269 17.537190 32.861730
      vertex 90.448725 18.171571 32.864418
    endloop
  endfacet
  facet normal 0.341333 0.933632 -0.108731
    outer loop
      vertex 90.068553 19.153216 31.406965
      vertex 88.164190 19.849521 31.407620
      vertex 87.953348 20.200034 33.755450
    endloop
  endfacet
  facet normal 0.341267 0.933649 -0.108798
    outer loop
      vertex 90.068553 19.153216 31.406965
      vertex 87.953348 20.200034 33.755450
      vertex 89.945194 19.471742 33.753461
    endloop
  endfacet
  facet normal -0.341248 -0.933427 0.110745
    outer loop
      vertex 89.024687 18.418995 30.561844
      vertex 90.572010 17.853237 30.561189
      vertex 90.448725 18.171571 32.864418
    endloop
  endfacet
  facet normal -0.341173 -0.933460 0.110694
    outer loop
      vertex 89.024687 18.418995 30.561844
      vertex 90.448725 18.171571 32.864418
      vertex 88.813972 18.769296 32.866408
    endloop
  endfacet
  facet normal 0.342401 0.933264 -0.108532
    outer loop
      vertex 88.164190 19.849521 31.407620
      vertex 86.335211 20.520608 31.408151
      vertex 86.040348 20.901950 33.757063
    endloop
  endfacet
  facet normal 0.342346 0.933278 -0.108588
    outer loop
      vertex 88.164190 19.849521 31.407620
      vertex 86.040348 20.901950 33.757063
      vertex 87.953348 20.200034 33.755450
    endloop
  endfacet
  facet normal -0.342318 -0.933060 0.110529
    outer loop
      vertex 87.538615 18.964263 30.562375
      vertex 89.024687 18.418995 30.561844
      vertex 88.813972 18.769296 32.866408
    endloop
  endfacet
  facet normal -0.342254 -0.933088 0.110491
    outer loop
      vertex 87.538615 18.964263 30.562375
      vertex 88.813972 18.769296 32.866408
      vertex 87.243930 19.345375 32.868021
    endloop
  endfacet
  facet normal 0.346217 0.931941 -0.107796
    outer loop
      vertex 86.335211 20.520608 31.408151
      vertex 84.570209 21.176362 31.408608
      vertex 84.194265 21.587828 33.758450
    endloop
  endfacet
  facet normal 0.346169 0.931953 -0.107846
    outer loop
      vertex 86.335211 20.520608 31.408151
      vertex 84.194265 21.587828 33.758450
      vertex 86.040348 20.901950 33.757063
    endloop
  endfacet
  facet normal -0.346136 -0.931740 0.109772
    outer loop
      vertex 86.104525 19.497072 30.562832
      vertex 87.538615 18.964263 30.562375
      vertex 87.243930 19.345375 32.868021
    endloop
  endfacet
  facet normal -0.346079 -0.931765 0.109743
    outer loop
      vertex 86.104525 19.497072 30.562832
      vertex 87.243930 19.345375 32.868021
      vertex 85.728808 19.908290 32.869407
    endloop
  endfacet
  facet normal -0.954048 -0.288164 -0.082180
    outer loop
      vertex 84.194265 21.587828 33.758450
      vertex 85.245714 18.122909 33.701651
      vertex 84.984669 18.328161 36.012460
    endloop
  endfacet
  facet normal -0.954407 -0.287344 -0.080869
    outer loop
      vertex 84.194265 21.587828 33.758450
      vertex 84.984669 18.328161 36.012460
      vertex 83.896663 21.913549 36.113355
    endloop
  endfacet
  facet normal 0.954153 0.287908 0.081857
    outer loop
      vertex 86.591755 17.064553 32.812609
      vertex 85.728808 19.908290 32.869407
      vertex 85.431364 20.233838 35.191483
    endloop
  endfacet
  facet normal 0.954357 0.286763 0.083482
    outer loop
      vertex 86.591755 17.064553 32.812609
      vertex 85.431364 20.233838 35.191483
      vertex 86.330849 17.269696 35.090589
    endloop
  endfacet
  facet normal -0.958076 -0.273391 -0.085719
    outer loop
      vertex 85.245714 18.122909 33.701651
      vertex 86.312915 14.403180 33.637256
      vertex 86.088975 14.479104 35.898073
    endloop
  endfacet
  facet normal -0.958478 -0.272492 -0.084073
    outer loop
      vertex 85.245714 18.122909 33.701651
      vertex 86.088975 14.479104 35.898073
      vertex 84.984669 18.328161 36.012460
    endloop
  endfacet
  facet normal 0.958205 0.273116 0.085152
    outer loop
      vertex 87.467632 14.011687 32.748214
      vertex 86.591755 17.064553 32.812609
      vertex 86.330849 17.269696 35.090589
    endloop
  endfacet
  facet normal 0.958400 0.271840 0.087021
    outer loop
      vertex 87.467632 14.011687 32.748214
      vertex 86.330849 17.269696 35.090589
      vertex 87.243811 14.087571 34.976201
    endloop
  endfacet
  facet normal -0.961250 -0.261037 -0.088647
    outer loop
      vertex 86.312915 14.403180 33.637256
      vertex 87.452363 10.232932 33.561626
      vertex 87.268039 10.163865 35.763727
    endloop
  endfacet
  facet normal -0.961704 -0.260075 -0.086525
    outer loop
      vertex 86.312915 14.403180 33.637256
      vertex 87.268039 10.163865 35.763727
      vertex 86.088975 14.479104 35.898073
    endloop
  endfacet
  facet normal 0.961414 0.260752 0.087702
    outer loop
      vertex 88.402802 10.589070 32.672584
      vertex 87.467632 14.011687 32.748214
      vertex 87.243811 14.087571 34.976201
    endloop
  endfacet
  facet normal 0.961588 0.259351 0.089916
    outer loop
      vertex 88.402802 10.589070 32.672584
      vertex 87.243811 14.087571 34.976201
      vertex 88.218577 10.520039 34.841856
    endloop
  endfacet
  facet normal -0.943743 -0.317746 -0.091580
    outer loop
      vertex 87.452363 10.232932 33.561626
      vertex 89.022808 5.593013 33.476688
      vertex 88.893086 5.362624 35.612847
    endloop
  endfacet
  facet normal -0.944304 -0.316817 -0.088978
    outer loop
      vertex 87.452363 10.232932 33.561626
      vertex 88.893086 5.362624 35.612847
      vertex 87.268039 10.163865 35.763727
    endloop
  endfacet
  facet normal 0.943958 0.317482 0.090269
    outer loop
      vertex 89.691702 6.780983 32.587645
      vertex 88.402802 10.589070 32.672584
      vertex 88.218577 10.520039 34.841856
    endloop
  endfacet
  facet normal 0.944194 0.316048 0.092802
    outer loop
      vertex 89.691702 6.780983 32.587645
      vertex 88.218577 10.520039 34.841856
      vertex 89.562049 6.550717 34.690976
    endloop
  endfacet
  facet normal -0.909876 -0.402333 -0.101257
    outer loop
      vertex 89.022808 5.593013 33.476688
      vertex 90.863158 1.449756 33.402417
      vertex 90.797422 1.075313 35.480916
    endloop
  endfacet
  facet normal -0.910571 -0.401423 -0.098590
    outer loop
      vertex 89.022808 5.593013 33.476688
      vertex 90.797422 1.075313 35.480916
      vertex 88.893086 5.362624 35.612847
    endloop
  endfacet
  facet normal 0.910119 0.402070 0.100119
    outer loop
      vertex 91.202119 3.380518 32.513374
      vertex 89.691702 6.780983 32.587645
      vertex 89.562049 6.550717 34.690976
    endloop
  endfacet
  facet normal 0.910495 0.400607 0.102531
    outer loop
      vertex 91.202119 3.380518 32.513374
      vertex 89.562049 6.550717 34.690976
      vertex 91.136418 3.006275 34.559045
    endloop
  endfacet
  facet normal -0.910367 -0.401157 -0.101515
    outer loop
      vertex 90.863158 1.449756 33.402417
      vertex 91.171424 0.753368 33.389871
      vertex 91.116405 0.354713 35.458631
    endloop
  endfacet
  facet normal -0.910901 -0.400102 -0.100888
    outer loop
      vertex 90.863158 1.449756 33.402417
      vertex 91.116405 0.354713 35.458631
      vertex 90.797422 1.075313 35.480916
    endloop
  endfacet
  facet normal 0.910425 0.400761 0.102557
    outer loop
      vertex 91.455120 2.808977 32.500829
      vertex 91.202119 3.380518 32.513374
      vertex 91.136418 3.006275 34.559045
    endloop
  endfacet
  facet normal 0.910990 0.399418 0.102774
    outer loop
      vertex 91.455120 2.808977 32.500829
      vertex 91.136418 3.006275 34.559045
      vertex 91.400130 2.410534 34.536760
    endloop
  endfacet
  facet normal 0.001223 -0.982480 -0.186367
    outer loop
      vertex 91.171424 0.753368 33.389871
      vertex 97.847039 0.753368 33.433683
      vertex 98.024119 0.354713 35.536456
    endloop
  endfacet
  facet normal 0.002131 -0.981943 -0.189166
    outer loop
      vertex 91.171424 0.753368 33.389871
      vertex 98.024119 0.354713 35.536456
      vertex 91.116405 0.354713 35.458631
    endloop
  endfacet
  facet normal -0.001536 0.981389 0.192022
    outer loop
      vertex 96.933949 2.808977 32.544641
      vertex 91.455120 2.808977 32.500829
      vertex 91.400130 2.410534 34.536760
    endloop
  endfacet
  facet normal -0.002579 0.981929 0.189232
    outer loop
      vertex 96.933949 2.808977 32.544641
      vertex 91.400130 2.410534 34.536760
      vertex 97.110935 2.410534 34.614585
    endloop
  endfacet
  facet normal 0.953967 -0.270057 -0.130444
    outer loop
      vertex 97.847039 0.753368 33.433683
      vertex 98.152571 1.821193 33.457396
      vertex 98.340274 1.459665 35.578579
    endloop
  endfacet
  facet normal 0.954421 -0.268082 -0.131199
    outer loop
      vertex 97.847039 0.753368 33.433683
      vertex 98.340274 1.459665 35.578579
      vertex 98.024119 0.354713 35.536456
    endloop
  endfacet
  facet normal -0.953777 0.269291 0.133386
    outer loop
      vertex 97.184706 3.685366 32.568354
      vertex 96.933949 2.808977 32.544641
      vertex 97.110935 2.410534 34.614585
    endloop
  endfacet
  facet normal -0.954604 0.267051 0.131962
    outer loop
      vertex 97.184706 3.685366 32.568354
      vertex 97.110935 2.410534 34.614585
      vertex 97.372309 3.324029 34.656708
    endloop
  endfacet
  facet normal 0.956896 -0.261562 -0.126239
    outer loop
      vertex 98.152571 1.821193 33.457396
      vertex 99.016947 4.950434 33.525745
      vertex 99.234703 4.697704 35.699990
    endloop
  endfacet
  facet normal 0.957088 -0.259538 -0.128928
    outer loop
      vertex 98.152571 1.821193 33.457396
      vertex 99.234703 4.697704 35.699990
      vertex 98.340274 1.459665 35.578579
    endloop
  endfacet
  facet normal -0.956481 0.260717 0.131034
    outer loop
      vertex 97.894119 6.253604 32.636702
      vertex 97.184706 3.685366 32.568354
      vertex 97.372309 3.324029 34.656708
    endloop
  endfacet
  facet normal -0.957468 0.258680 0.127824
    outer loop
      vertex 97.894119 6.253604 32.636702
      vertex 97.372309 3.324029 34.656708
      vertex 98.111759 6.001008 34.778118
    endloop
  endfacet
  facet normal 0.969694 -0.213361 -0.119036
    outer loop
      vertex 99.016947 4.950434 33.525745
      vertex 99.769829 8.332568 33.596721
      vertex 100.013761 8.197428 35.826068
    endloop
  endfacet
  facet normal 0.969772 -0.211492 -0.121709
    outer loop
      vertex 99.016947 4.950434 33.525745
      vertex 100.013761 8.197428 35.826068
      vertex 99.234703 4.697704 35.699990
    endloop
  endfacet
  facet normal -0.969290 0.212609 0.123591
    outer loop
      vertex 98.512026 9.029398 32.707678
      vertex 97.894119 6.253604 32.636702
      vertex 98.111759 6.001008 34.778118
    endloop
  endfacet
  facet normal -0.970082 0.210689 0.120630
    outer loop
      vertex 98.512026 9.029398 32.707678
      vertex 98.111759 6.001008 34.778118
      vertex 98.755829 8.894330 34.904197
    endloop
  endfacet
  facet normal 0.982662 -0.146326 -0.113858
    outer loop
      vertex 99.769829 8.332568 33.596721
      vertex 100.276852 11.685478 33.663610
      vertex 100.538413 11.666913 35.944887
    endloop
  endfacet
  facet normal 0.982632 -0.144610 -0.116284
    outer loop
      vertex 99.769829 8.332568 33.596721
      vertex 100.538413 11.666913 35.944887
      vertex 100.013761 8.197428 35.826068
    endloop
  endfacet
  facet normal -0.982273 0.145670 0.117985
    outer loop
      vertex 98.928151 11.781207 32.774568
      vertex 98.512026 9.029398 32.707678
      vertex 98.755829 8.894330 34.904197
    endloop
  endfacet
  facet normal -0.982842 0.143841 0.115460
    outer loop
      vertex 98.928151 11.781207 32.774568
      vertex 98.755829 8.894330 34.904197
      vertex 99.189573 11.762652 35.023015
    endloop
  endfacet
  facet normal 0.986836 -0.116724 -0.111941
    outer loop
      vertex 100.276852 11.685478 33.663610
      vertex 100.650672 14.789119 33.722818
      vertex 100.925229 14.878462 36.050059
    endloop
  endfacet
  facet normal 0.986780 -0.115117 -0.114076
    outer loop
      vertex 100.276852 11.685478 33.663610
      vertex 100.925229 14.878462 36.050059
      vertex 100.538413 11.666913 35.944887
    endloop
  endfacet
  facet normal -0.986478 0.116129 0.115654
    outer loop
      vertex 99.234953 14.328436 32.833775
      vertex 98.928151 11.781207 32.774568
      vertex 99.189573 11.762652 35.023015
    endloop
  endfacet
  facet normal -0.986923 0.114371 0.113585
    outer loop
      vertex 99.234953 14.328436 32.833775
      vertex 99.189573 11.762652 35.023015
      vertex 99.509365 14.417731 35.128188
    endloop
  endfacet
  facet normal 0.459782 0.883672 -0.087889
    outer loop
      vertex 100.650672 14.789119 33.722818
      vertex 98.564110 15.875763 33.732737
      vertex 98.766121 16.002886 36.067679
    endloop
  endfacet
  facet normal 0.459535 0.883775 -0.088142
    outer loop
      vertex 100.650672 14.789119 33.722818
      vertex 98.766121 16.002886 36.067679
      vertex 100.925229 14.878462 36.050059
    endloop
  endfacet
  facet normal -0.459643 -0.883596 0.089362
    outer loop
      vertex 97.522465 15.220269 32.843694
      vertex 99.234953 14.328436 32.833775
      vertex 99.509365 14.417731 35.128188
    endloop
  endfacet
  facet normal -0.459371 -0.883768 0.089065
    outer loop
      vertex 97.522465 15.220269 32.843694
      vertex 99.509365 14.417731 35.128188
      vertex 97.724369 15.347325 35.145807
    endloop
  endfacet
  facet normal 0.428022 0.899687 -0.085791
    outer loop
      vertex 98.564110 15.875763 33.732737
      vertex 96.388233 16.911704 33.740905
      vertex 96.514593 17.074845 36.082188
    endloop
  endfacet
  facet normal 0.427825 0.899761 -0.086000
    outer loop
      vertex 98.564110 15.875763 33.732737
      vertex 96.514593 17.074845 36.082188
      vertex 98.766121 16.002886 36.067679
    endloop
  endfacet
  facet normal -0.427907 -0.899608 0.087179
    outer loop
      vertex 95.736673 16.070489 32.851862
      vertex 97.522465 15.220269 32.843694
      vertex 97.724369 15.347325 35.145807
    endloop
  endfacet
  facet normal -0.427688 -0.899735 0.086950
    outer loop
      vertex 95.736673 16.070489 32.851862
      vertex 97.724369 15.347325 35.145807
      vertex 95.862966 16.233544 35.160317
    endloop
  endfacet
  facet normal 0.391592 0.916221 -0.084818
    outer loop
      vertex 96.388233 16.911704 33.740905
      vertex 94.185019 17.853902 33.746818
      vertex 94.234778 18.049802 36.092692
    endloop
  endfacet
  facet normal 0.391448 0.916269 -0.084972
    outer loop
      vertex 96.388233 16.911704 33.740905
      vertex 94.234778 18.049802 36.092692
      vertex 96.514593 17.074845 36.082188
    endloop
  endfacet
  facet normal -0.391502 -0.916138 0.086129
    outer loop
      vertex 93.928446 16.843773 32.857775
      vertex 95.736673 16.070489 32.851862
      vertex 95.862966 16.233544 35.160317
    endloop
  endfacet
  facet normal -0.391340 -0.916221 0.085971
    outer loop
      vertex 93.928446 16.843773 32.857775
      vertex 95.862966 16.233544 35.160317
      vertex 93.978178 17.039568 35.170820
    endloop
  endfacet
  facet normal 0.362745 0.927996 -0.085083
    outer loop
      vertex 94.185019 17.853902 33.746818
      vertex 92.024512 18.698788 33.750773
      vertex 91.999154 18.924062 36.099717
    endloop
  endfacet
  facet normal 0.362645 0.928025 -0.085190
    outer loop
      vertex 94.185019 17.853902 33.746818
      vertex 91.999154 18.924062 36.099717
      vertex 94.234778 18.049802 36.092692
    endloop
  endfacet
  facet normal -0.362674 -0.927908 0.086344
    outer loop
      vertex 92.155269 17.537190 32.861730
      vertex 93.928446 16.843773 32.857775
      vertex 93.978178 17.039568 35.170820
    endloop
  endfacet
  facet normal -0.362560 -0.927962 0.086242
    outer loop
      vertex 92.155269 17.537190 32.861730
      vertex 93.978178 17.039568 35.170820
      vertex 92.129924 17.762345 35.177845
    endloop
  endfacet
  facet normal 0.347058 0.933916 -0.085747
    outer loop
      vertex 92.024512 18.698788 33.750773
      vertex 89.945194 19.471742 33.753461
      vertex 89.847541 19.723891 36.104492
    endloop
  endfacet
  facet normal 0.346986 0.933935 -0.085823
    outer loop
      vertex 92.024512 18.698788 33.750773
      vertex 89.847541 19.723891 36.104492
      vertex 91.999154 18.924062 36.099717
    endloop
  endfacet
  facet normal -0.346998 -0.933824 0.086982
    outer loop
      vertex 90.448725 18.171571 32.864418
      vertex 92.155269 17.537190 32.861730
      vertex 92.129924 17.762345 35.177845
    endloop
  endfacet
  facet normal -0.346915 -0.933861 0.086916
    outer loop
      vertex 90.448725 18.171571 32.864418
      vertex 92.129924 17.762345 35.177845
      vertex 90.351125 18.423586 35.182621
    endloop
  endfacet
  facet normal 0.342051 0.935729 -0.086096
    outer loop
      vertex 89.945194 19.471742 33.753461
      vertex 87.953348 20.200034 33.755450
      vertex 87.786443 20.477504 36.108026
    endloop
  endfacet
  facet normal 0.341995 0.935744 -0.086154
    outer loop
      vertex 89.945194 19.471742 33.753461
      vertex 87.786443 20.477504 36.108026
      vertex 89.847541 19.723891 36.104492
    endloop
  endfacet
  facet normal -0.341996 -0.935636 0.087316
    outer loop
      vertex 88.813972 18.769296 32.866408
      vertex 90.448725 18.171571 32.864418
      vertex 90.351125 18.423586 35.182621
    endloop
  endfacet
  facet normal -0.341932 -0.935664 0.087269
    outer loop
      vertex 88.813972 18.769296 32.866408
      vertex 90.351125 18.423586 35.182621
      vertex 88.647156 19.046619 35.186155
    endloop
  endfacet
  facet normal 0.343126 0.935351 -0.085931
    outer loop
      vertex 87.953348 20.200034 33.755450
      vertex 86.040348 20.901950 33.757063
      vertex 85.806932 21.203825 36.110891
    endloop
  endfacet
  facet normal 0.343078 0.935363 -0.085980
    outer loop
      vertex 87.953348 20.200034 33.755450
      vertex 85.806932 21.203825 36.110891
      vertex 87.786443 20.477504 36.108026
    endloop
  endfacet
  facet normal -0.343074 -0.935258 0.087138
    outer loop
      vertex 87.243930 19.345375 32.868021
      vertex 88.813972 18.769296 32.866408
      vertex 88.647156 19.046619 35.186155
    endloop
  endfacet
  facet normal -0.343020 -0.935281 0.087102
    outer loop
      vertex 87.243930 19.345375 32.868021
      vertex 88.647156 19.046619 35.186155
      vertex 87.010637 19.647089 35.189020
    endloop
  endfacet
  facet normal 0.346944 0.933995 -0.085341
    outer loop
      vertex 86.040348 20.901950 33.757063
      vertex 84.194265 21.587828 33.758450
      vertex 83.896663 21.913549 36.113355
    endloop
  endfacet
  facet normal 0.346902 0.934007 -0.085384
    outer loop
      vertex 86.040348 20.901950 33.757063
      vertex 83.896663 21.913549 36.113355
      vertex 85.806932 21.203825 36.110891
    endloop
  endfacet
  facet normal -0.346895 -0.933904 0.086533
    outer loop
      vertex 85.728808 19.908290 32.869407
      vertex 87.243930 19.345375 32.868021
      vertex 87.010637 19.647089 35.189020
    endloop
  endfacet
  facet normal -0.346847 -0.933924 0.086504
    outer loop
      vertex 85.728808 19.908290 32.869407
      vertex 87.010637 19.647089 35.189020
      vertex 85.431364 20.233838 35.191483
    endloop
  endfacet
  facet normal -0.955900 -0.288531 -0.054813
    outer loop
      vertex 83.896663 21.913549 36.113355
      vertex 84.984669 18.328161 36.012460
      vertex 84.813539 18.462716 38.288545
    endloop
  endfacet
  facet normal -0.956074 -0.288100 -0.054056
    outer loop
      vertex 83.896663 21.913549 36.113355
      vertex 84.813539 18.462716 38.288545
      vertex 83.701568 22.127078 38.425898
    endloop
  endfacet
  facet normal 0.955994 0.288240 0.054704
    outer loop
      vertex 86.330849 17.269696 35.090589
      vertex 85.431364 20.233838 35.191483
      vertex 85.235641 20.448055 37.483189
    endloop
  endfacet
  facet normal 0.956127 0.287634 0.055569
    outer loop
      vertex 86.330849 17.269696 35.090589
      vertex 85.235641 20.448055 37.483189
      vertex 86.159168 17.404684 37.345837
    endloop
  endfacet
  facet normal -0.960108 -0.273765 -0.056974
    outer loop
      vertex 84.984669 18.328161 36.012460
      vertex 86.088975 14.479104 35.898073
      vertex 85.942169 14.528877 38.132824
    endloop
  endfacet
  facet normal -0.960297 -0.273293 -0.056045
    outer loop
      vertex 84.984669 18.328161 36.012460
      vertex 85.942169 14.528877 38.132824
      vertex 84.813539 18.462716 38.288545
    endloop
  endfacet
  facet normal 0.960212 0.273449 0.056729
    outer loop
      vertex 87.243811 14.087571 34.976201
      vertex 86.330849 17.269696 35.090589
      vertex 86.159168 17.404684 37.345837
    endloop
  endfacet
  facet normal 0.960344 0.272774 0.057734
    outer loop
      vertex 87.243811 14.087571 34.976201
      vertex 86.159168 17.404684 37.345837
      vertex 87.096532 14.137503 37.190115
    endloop
  endfacet
  facet normal -0.963441 -0.261417 -0.058665
    outer loop
      vertex 86.088975 14.479104 35.898073
      vertex 87.268039 10.163865 35.763727
      vertex 87.147204 10.118587 37.949932
    endloop
  endfacet
  facet normal -0.963648 -0.260916 -0.057493
    outer loop
      vertex 86.088975 14.479104 35.898073
      vertex 87.147204 10.118587 37.949932
      vertex 85.942169 14.528877 38.132824
    endloop
  endfacet
  facet normal 0.963559 0.261084 0.058211
    outer loop
      vertex 88.218577 10.520039 34.841856
      vertex 87.243811 14.087571 34.976201
      vertex 87.096532 14.137503 37.190115
    endloop
  endfacet
  facet normal 0.963686 0.260344 0.059411
    outer loop
      vertex 88.218577 10.520039 34.841856
      vertex 87.096532 14.137503 37.190115
      vertex 88.097353 10.474616 37.007224
    endloop
  endfacet
  facet normal -0.946066 -0.318314 -0.060295
    outer loop
      vertex 87.268039 10.163865 35.763727
      vertex 88.893086 5.362624 35.612847
      vertex 88.808045 5.211590 37.744531
    endloop
  endfacet
  facet normal -0.946318 -0.317829 -0.058887
    outer loop
      vertex 87.268039 10.163865 35.763727
      vertex 88.808045 5.211590 37.744531
      vertex 87.147204 10.118587 37.949932
    endloop
  endfacet
  facet normal 0.946215 0.317993 0.059643
    outer loop
      vertex 89.562049 6.550717 34.690976
      vertex 88.218577 10.520039 34.841856
      vertex 88.097353 10.474616 37.007224
    endloop
  endfacet
  facet normal 0.946380 0.317240 0.061022
    outer loop
      vertex 89.562049 6.550717 34.690976
      vertex 88.097353 10.474616 37.007224
      vertex 89.476735 6.399197 36.801823
    endloop
  endfacet
  facet normal -0.912642 -0.403334 -0.066379
    outer loop
      vertex 88.893086 5.362624 35.612847
      vertex 90.797422 1.075313 35.480916
      vertex 90.754328 0.829844 37.564927
    endloop
  endfacet
  facet normal -0.912956 -0.402854 -0.064964
    outer loop
      vertex 88.893086 5.362624 35.612847
      vertex 90.754328 0.829844 37.564927
      vertex 88.808045 5.211590 37.744531
    endloop
  endfacet
  facet normal 0.912826 0.403009 0.065822
    outer loop
      vertex 91.136418 3.006275 34.559045
      vertex 89.562049 6.550717 34.690976
      vertex 89.476735 6.399197 36.801823
    endloop
  endfacet
  facet normal 0.913064 0.402251 0.067145
    outer loop
      vertex 91.136418 3.006275 34.559045
      vertex 89.476735 6.399197 36.801823
      vertex 91.093185 2.760016 36.622218
    endloop
  endfacet
  facet normal -0.913151 -0.402162 -0.066493
    outer loop
      vertex 90.797422 1.075313 35.480916
      vertex 91.116405 0.354713 35.458631
      vertex 91.080337 0.093372 37.534590
    endloop
  endfacet
  facet normal -0.913416 -0.401609 -0.066192
    outer loop
      vertex 90.797422 1.075313 35.480916
      vertex 91.080337 0.093372 37.534590
      vertex 90.754328 0.829844 37.564927
    endloop
  endfacet
  facet normal 0.913281 0.401766 0.067092
    outer loop
      vertex 91.400130 2.410534 34.536760
      vertex 91.136418 3.006275 34.559045
      vertex 91.093185 2.760016 36.622218
    endloop
  endfacet
  facet normal 0.913575 0.401071 0.067252
    outer loop
      vertex 91.400130 2.410534 34.536760
      vertex 91.093185 2.760016 36.622218
      vertex 91.363946 2.148351 36.591881
    endloop
  endfacet
  facet normal 0.001390 -0.992364 -0.123335
    outer loop
      vertex 91.116405 0.354713 35.458631
      vertex 98.024119 0.354713 35.536456
      vertex 98.140206 0.093372 37.640537
    endloop
  endfacet
  facet normal 0.001874 -0.992171 -0.124871
    outer loop
      vertex 91.116405 0.354713 35.458631
      vertex 98.140206 0.093372 37.640537
      vertex 91.080337 0.093372 37.534590
    endloop
  endfacet
  facet normal -0.001724 0.991963 0.126520
    outer loop
      vertex 97.110935 2.410534 34.614585
      vertex 91.400130 2.410534 34.536760
      vertex 91.363946 2.148351 36.591881
    endloop
  endfacet
  facet normal -0.002258 0.992155 0.124992
    outer loop
      vertex 97.110935 2.410534 34.614585
      vertex 91.363946 2.148351 36.591881
      vertex 97.227395 2.148351 36.697828
    endloop
  endfacet
  facet normal 0.958722 -0.271037 -0.085975
    outer loop
      vertex 98.024119 0.354713 35.536456
      vertex 98.340274 1.459665 35.578579
      vertex 98.463324 1.222662 37.697881
    endloop
  endfacet
  facet normal 0.958973 -0.269997 -0.086444
    outer loop
      vertex 98.024119 0.354713 35.536456
      vertex 98.463324 1.222662 37.697881
      vertex 98.140206 0.093372 37.640537
    endloop
  endfacet
  facet normal -0.958783 0.270292 0.087616
    outer loop
      vertex 97.372309 3.324029 34.656708
      vertex 97.110935 2.410534 34.614585
      vertex 97.227395 2.148351 36.697828
    endloop
  endfacet
  facet normal -0.959174 0.269130 0.086919
    outer loop
      vertex 97.372309 3.324029 34.656708
      vertex 97.227395 2.148351 36.697828
      vertex 97.495755 3.086263 36.755172
    endloop
  endfacet
  facet normal 0.961333 -0.262412 -0.083539
    outer loop
      vertex 98.340274 1.459665 35.578579
      vertex 99.234703 4.697704 35.699990
      vertex 99.377455 4.532024 37.863163
    endloop
  endfacet
  facet normal 0.961492 -0.261341 -0.085052
    outer loop
      vertex 98.340274 1.459665 35.578579
      vertex 99.377455 4.532024 37.863163
      vertex 98.463324 1.222662 37.697881
    endloop
  endfacet
  facet normal -0.961312 0.261630 0.086195
    outer loop
      vertex 98.111759 6.001008 34.778118
      vertex 97.372309 3.324029 34.656708
      vertex 97.495755 3.086263 36.755172
    endloop
  endfacet
  facet normal -0.961747 0.260577 0.084508
    outer loop
      vertex 98.111759 6.001008 34.778118
      vertex 97.495755 3.086263 36.755172
      vertex 98.254970 5.834795 36.920455
    endloop
  endfacet
  facet normal 0.973652 -0.213892 -0.079071
    outer loop
      vertex 99.234703 4.697704 35.699990
      vertex 100.013761 8.197428 35.826068
      vertex 100.173673 8.108836 38.034800
    endloop
  endfacet
  facet normal 0.973748 -0.212896 -0.080565
    outer loop
      vertex 99.234703 4.697704 35.699990
      vertex 100.173673 8.108836 38.034800
      vertex 99.377455 4.532024 37.863163
    endloop
  endfacet
  facet normal -0.973599 0.213172 0.081622
    outer loop
      vertex 98.755829 8.894330 34.904197
      vertex 98.111759 6.001008 34.778118
      vertex 98.254970 5.834795 36.920455
    endloop
  endfacet
  facet normal -0.973947 0.212182 0.080034
    outer loop
      vertex 98.755829 8.894330 34.904197
      vertex 98.254970 5.834795 36.920455
      vertex 98.916255 8.805453 37.092091
    endloop
  endfacet
  facet normal 0.986288 -0.146546 -0.075900
    outer loop
      vertex 100.013761 8.197428 35.826068
      vertex 100.538413 11.666913 35.944887
      vertex 100.709881 11.654742 38.196554
    endloop
  endfacet
  facet normal 0.986319 -0.145626 -0.077250
    outer loop
      vertex 100.013761 8.197428 35.826068
      vertex 100.709881 11.654742 38.196554
      vertex 100.173673 8.108836 38.034800
    endloop
  endfacet
  facet normal -0.986202 0.145891 0.078239
    outer loop
      vertex 99.189573 11.762652 35.023015
      vertex 98.755829 8.894330 34.904197
      vertex 98.916255 8.805453 37.092091
    endloop
  endfacet
  facet normal -0.986450 0.144948 0.076859
    outer loop
      vertex 99.189573 11.762652 35.023015
      vertex 98.916255 8.805453 37.092091
      vertex 99.361593 11.750442 37.253845
    endloop
  endfacet
  facet normal 0.990327 -0.116829 -0.074860
    outer loop
      vertex 100.538413 11.666913 35.944887
      vertex 100.925229 14.878462 36.050059
      vertex 101.105218 14.937031 38.339731
    endloop
  endfacet
  facet normal 0.990338 -0.115965 -0.076043
    outer loop
      vertex 100.538413 11.666913 35.944887
      vertex 101.105218 14.937031 38.339731
      vertex 100.709881 11.654742 38.196554
    endloop
  endfacet
  facet normal -0.990235 0.116219 0.076993
    outer loop
      vertex 99.509365 14.417731 35.128188
      vertex 99.189573 11.762652 35.023015
      vertex 99.361593 11.750442 37.253845
    endloop
  endfacet
  facet normal -0.990430 0.115310 0.075838
    outer loop
      vertex 99.509365 14.417731 35.128188
      vertex 99.361593 11.750442 37.253845
      vertex 99.689933 14.476489 37.397022
    endloop
  endfacet
  facet normal 0.460725 0.885599 -0.058717
    outer loop
      vertex 100.925229 14.878462 36.050059
      vertex 98.766121 16.002886 36.067679
      vertex 98.898552 16.086223 38.363717
    endloop
  endfacet
  facet normal 0.460594 0.885657 -0.058862
    outer loop
      vertex 100.925229 14.878462 36.050059
      vertex 98.898552 16.086223 38.363717
      vertex 101.105218 14.937031 38.339731
    endloop
  endfacet
  facet normal -0.460615 -0.885597 0.059594
    outer loop
      vertex 97.724369 15.347325 35.145807
      vertex 99.509365 14.417731 35.128188
      vertex 99.689933 14.476489 37.397022
    endloop
  endfacet
  facet normal -0.460470 -0.885683 0.059434
    outer loop
      vertex 97.724369 15.347325 35.145807
      vertex 99.689933 14.476489 37.397022
      vertex 97.857225 15.430930 37.421009
    endloop
  endfacet
  facet normal 0.428861 0.901549 -0.057335
    outer loop
      vertex 98.766121 16.002886 36.067679
      vertex 96.514593 17.074845 36.082188
      vertex 96.597430 17.181794 38.383470
    endloop
  endfacet
  facet normal 0.428757 0.901591 -0.057454
    outer loop
      vertex 98.766121 16.002886 36.067679
      vertex 96.597430 17.181794 38.383470
      vertex 98.898552 16.086223 38.363717
    endloop
  endfacet
  facet normal -0.428772 -0.901539 0.058166
    outer loop
      vertex 95.862966 16.233544 35.160317
      vertex 97.724369 15.347325 35.145807
      vertex 97.857225 15.430930 37.421009
    endloop
  endfacet
  facet normal -0.428655 -0.901602 0.058040
    outer loop
      vertex 95.862966 16.233544 35.160317
      vertex 97.857225 15.430930 37.421009
      vertex 95.946069 16.340836 37.440761
    endloop
  endfacet
  facet normal 0.392348 0.918068 -0.056701
    outer loop
      vertex 96.514593 17.074845 36.082188
      vertex 94.234778 18.049802 36.092692
      vertex 94.267398 18.178225 38.397769
    endloop
  endfacet
  facet normal 0.392272 0.918095 -0.056787
    outer loop
      vertex 96.514593 17.074845 36.082188
      vertex 94.267398 18.178225 38.397769
      vertex 96.597430 17.181794 38.383470
    endloop
  endfacet
  facet normal -0.392280 -0.918048 0.057489
    outer loop
      vertex 93.978178 17.039568 35.170820
      vertex 95.862966 16.233544 35.160317
      vertex 95.946069 16.340836 37.440761
    endloop
  endfacet
  facet normal -0.392194 -0.918090 0.057401
    outer loop
      vertex 93.978178 17.039568 35.170820
      vertex 95.946069 16.340836 37.440761
      vertex 94.010903 17.168405 37.455060
    endloop
  endfacet
  facet normal 0.363456 0.929873 -0.056891
    outer loop
      vertex 94.234778 18.049802 36.092692
      vertex 91.999154 18.924062 36.099717
      vertex 91.982530 19.071743 38.407332
    endloop
  endfacet
  facet normal 0.363403 0.929890 -0.056950
    outer loop
      vertex 94.234778 18.049802 36.092692
      vertex 91.982530 19.071743 38.407332
      vertex 94.267398 18.178225 38.397769
    endloop
  endfacet
  facet normal -0.363405 -0.929846 0.057652
    outer loop
      vertex 92.129924 17.762345 35.177845
      vertex 93.978178 17.039568 35.170820
      vertex 94.010903 17.168405 37.455060
    endloop
  endfacet
  facet normal -0.363345 -0.929873 0.057595
    outer loop
      vertex 92.129924 17.762345 35.177845
      vertex 94.010903 17.168405 37.455060
      vertex 92.113246 17.910501 37.464624
    endloop
  endfacet
  facet normal 0.347753 0.935831 -0.057345
    outer loop
      vertex 91.999154 18.924062 36.099717
      vertex 89.847541 19.723891 36.104492
      vertex 89.783524 19.889190 38.413833
    endloop
  endfacet
  facet normal 0.347715 0.935842 -0.057386
    outer loop
      vertex 91.999154 18.924062 36.099717
      vertex 89.783524 19.889190 38.413833
      vertex 91.982530 19.071743 38.407332
    endloop
  endfacet
  facet normal -0.347713 -0.935800 0.058093
    outer loop
      vertex 90.351125 18.423586 35.182621
      vertex 92.129924 17.762345 35.177845
      vertex 92.113246 17.910501 37.464624
    endloop
  endfacet
  facet normal -0.347669 -0.935818 0.058055
    outer loop
      vertex 90.351125 18.423586 35.182621
      vertex 92.113246 17.910501 37.464624
      vertex 90.286902 18.589416 37.471124
    endloop
  endfacet
  facet normal 0.342745 0.937662 -0.057585
    outer loop
      vertex 89.847541 19.723891 36.104492
      vertex 87.786443 20.477504 36.108026
      vertex 87.677027 20.659402 38.418645
    endloop
  endfacet
  facet normal 0.342715 0.937671 -0.057616
    outer loop
      vertex 89.847541 19.723891 36.104492
      vertex 87.677027 20.659402 38.418645
      vertex 89.783524 19.889190 38.413833
    endloop
  endfacet
  facet normal -0.342710 -0.937629 0.058325
    outer loop
      vertex 88.647156 19.046619 35.186155
      vertex 90.351125 18.423586 35.182621
      vertex 90.286902 18.589416 37.471124
    endloop
  endfacet
  facet normal -0.342676 -0.937643 0.058298
    outer loop
      vertex 88.647156 19.046619 35.186155
      vertex 90.286902 18.589416 37.471124
      vertex 88.537387 19.229103 37.475936
    endloop
  endfacet
  facet normal 0.343821 0.937274 -0.057479
    outer loop
      vertex 87.786443 20.477504 36.108026
      vertex 85.806932 21.203825 36.110891
      vertex 85.653913 21.401721 38.422544
    endloop
  endfacet
  facet normal 0.343796 0.937282 -0.057505
    outer loop
      vertex 87.786443 20.477504 36.108026
      vertex 85.653913 21.401721 38.422544
      vertex 87.677027 20.659402 38.418645
    endloop
  endfacet
  facet normal -0.343790 -0.937241 0.058212
    outer loop
      vertex 87.010637 19.647089 35.189020
      vertex 88.647156 19.046619 35.186155
      vertex 88.537387 19.229103 37.475936
    endloop
  endfacet
  facet normal -0.343761 -0.937253 0.058191
    outer loop
      vertex 87.010637 19.647089 35.189020
      vertex 88.537387 19.229103 37.475936
      vertex 86.857126 19.845623 37.479836
    endloop
  endfacet
  facet normal 0.347638 0.935889 -0.057087
    outer loop
      vertex 85.806932 21.203825 36.110891
      vertex 83.896663 21.913549 36.113355
      vertex 83.701568 22.127078 38.425898
    endloop
  endfacet
  facet normal 0.347616 0.935896 -0.057110
    outer loop
      vertex 85.806932 21.203825 36.110891
      vertex 83.701568 22.127078 38.425898
      vertex 85.653913 21.401721 38.422544
    endloop
  endfacet
  facet normal -0.347609 -0.935856 0.057812
    outer loop
      vertex 85.431364 20.233838 35.191483
      vertex 87.010637 19.647089 35.189020
      vertex 86.857126 19.845623 37.479836
    endloop
  endfacet
  facet normal -0.347584 -0.935866 0.057794
    outer loop
      vertex 85.431364 20.233838 35.191483
      vertex 86.857126 19.845623 37.479836
      vertex 85.235641 20.448055 37.483189
    endloop
  endfacet
  facet normal -0.956926 -0.289628 -0.020196
    outer loop
      vertex 83.701568 22.127078 38.425898
      vertex 84.813539 18.462716 38.288545
      vertex 84.752398 18.510790 40.496121
    endloop
  endfacet
  facet normal -0.956949 -0.289562 -0.020071
    outer loop
      vertex 83.701568 22.127078 38.425898
      vertex 84.752398 18.510790 40.496121
      vertex 83.631865 22.203368 40.648657
    endloop
  endfacet
  facet normal 0.956971 0.289500 0.019892
    outer loop
      vertex 86.159168 17.404684 37.345837
      vertex 85.235641 20.448055 37.483189
      vertex 85.166793 20.523408 39.698657
    endloop
  endfacet
  facet normal 0.956995 0.289411 0.020021
    outer loop
      vertex 86.159168 17.404684 37.345837
      vertex 85.166793 20.523408 39.698657
      vertex 86.098778 17.452168 39.546121
    endloop
  endfacet
  facet normal -0.961232 -0.274957 -0.020785
    outer loop
      vertex 84.813539 18.462716 38.288545
      vertex 85.942169 14.528877 38.132824
      vertex 85.889719 14.546659 40.323185
    endloop
  endfacet
  facet normal -0.961255 -0.274887 -0.020637
    outer loop
      vertex 84.813539 18.462716 38.288545
      vertex 85.889719 14.546659 40.323185
      vertex 84.752398 18.510790 40.496121
    endloop
  endfacet
  facet normal 0.961278 0.274819 0.020453
    outer loop
      vertex 87.096532 14.137503 37.190115
      vertex 86.159168 17.404684 37.345837
      vertex 86.098778 17.452168 39.546121
    endloop
  endfacet
  facet normal 0.961303 0.274720 0.020603
    outer loop
      vertex 87.096532 14.137503 37.190115
      vertex 86.098778 17.452168 39.546121
      vertex 87.044725 14.155068 39.373185
    endloop
  endfacet
  facet normal -0.964647 -0.262696 -0.021148
    outer loop
      vertex 85.942169 14.528877 38.132824
      vertex 87.147204 10.118587 37.949932
      vertex 87.104033 10.102410 40.120077
    endloop
  endfacet
  facet normal -0.964671 -0.262621 -0.020968
    outer loop
      vertex 85.942169 14.528877 38.132824
      vertex 87.104033 10.102410 40.120077
      vertex 85.889719 14.546659 40.323185
    endloop
  endfacet
  facet normal 0.964695 0.262549 0.020781
    outer loop
      vertex 88.097353 10.474616 37.007224
      vertex 87.096532 14.137503 37.190115
      vertex 87.044725 14.155068 39.373185
    endloop
  endfacet
  facet normal 0.964720 0.262441 0.020959
    outer loop
      vertex 88.097353 10.474616 37.007224
      vertex 87.044725 14.155068 39.373185
      vertex 88.054711 10.458638 39.170077
    endloop
  endfacet
  facet normal -0.947270 -0.319719 -0.021436
    outer loop
      vertex 87.147204 10.118587 37.949932
      vertex 88.808045 5.211590 37.744531
      vertex 88.777662 5.157629 39.891970
    endloop
  endfacet
  facet normal -0.947299 -0.319647 -0.021228
    outer loop
      vertex 87.147204 10.118587 37.949932
      vertex 88.777662 5.157629 39.891970
      vertex 87.104033 10.102410 40.120077
    endloop
  endfacet
  facet normal 0.947327 0.319576 0.021038
    outer loop
      vertex 89.476735 6.399197 36.801823
      vertex 88.097353 10.474616 37.007224
      vertex 88.054711 10.458638 39.170077
    endloop
  endfacet
  facet normal 0.947359 0.319469 0.021240
    outer loop
      vertex 89.476735 6.399197 36.801823
      vertex 88.054711 10.458638 39.170077
      vertex 89.446724 6.345898 38.941970
    endloop
  endfacet
  facet normal -0.914007 -0.405028 -0.023310
    outer loop
      vertex 88.808045 5.211590 37.744531
      vertex 90.754328 0.829844 37.564927
      vertex 90.738931 0.742143 39.692512
    endloop
  endfacet
  facet normal -0.914044 -0.404956 -0.023108
    outer loop
      vertex 88.808045 5.211590 37.744531
      vertex 90.738931 0.742143 39.692512
      vertex 88.777662 5.157629 39.891970
    endloop
  endfacet
  facet normal 0.914080 0.404886 0.022901
    outer loop
      vertex 91.093185 2.760016 36.622218
      vertex 89.476735 6.399197 36.801823
      vertex 89.446724 6.345898 38.941970
    endloop
  endfacet
  facet normal 0.914122 0.404780 0.023094
    outer loop
      vertex 91.093185 2.760016 36.622218
      vertex 89.446724 6.345898 38.941970
      vertex 91.077977 2.673391 38.742512
    endloop
  endfacet
  facet normal -0.914522 -0.403865 -0.023300
    outer loop
      vertex 90.754328 0.829844 37.564927
      vertex 91.080337 0.093372 37.534590
      vertex 91.067451 0.000000 39.658820
    endloop
  endfacet
  facet normal -0.914558 -0.403785 -0.023263
    outer loop
      vertex 90.754328 0.829844 37.564927
      vertex 91.067451 0.000000 39.658820
      vertex 90.738931 0.742143 39.692512
    endloop
  endfacet
  facet normal 0.914595 0.403714 0.023054
    outer loop
      vertex 91.363946 2.148351 36.591881
      vertex 91.093185 2.760016 36.622218
      vertex 91.077977 2.673391 38.742512
    endloop
  endfacet
  facet normal 0.914637 0.403616 0.023083
    outer loop
      vertex 91.363946 2.148351 36.591881
      vertex 91.077977 2.673391 38.742512
      vertex 91.351218 2.056126 38.708820
    endloop
  endfacet
  facet normal 0.000656 -0.999045 -0.043685
    outer loop
      vertex 91.080337 0.093372 37.534590
      vertex 98.140206 0.093372 37.640537
      vertex 98.181681 0.000000 39.776479
    endloop
  endfacet
  facet normal 0.000726 -0.999035 -0.043909
    outer loop
      vertex 91.080337 0.093372 37.534590
      vertex 98.181681 0.000000 39.776479
      vertex 91.067451 0.000000 39.658820
    endloop
  endfacet
  facet normal -0.000786 0.999052 0.043520
    outer loop
      vertex 97.227395 2.148351 36.697828
      vertex 91.363946 2.148351 36.591881
      vertex 91.351218 2.056126 38.708820
    endloop
  endfacet
  facet normal -0.000861 0.999062 0.043302
    outer loop
      vertex 97.227395 2.148351 36.697828
      vertex 91.351218 2.056126 38.708820
      vertex 97.268361 2.056126 38.826479
    endloop
  endfacet
  facet normal 0.961380 -0.273524 -0.030540
    outer loop
      vertex 98.140206 0.093372 37.640537
      vertex 98.463324 1.222662 37.697881
      vertex 98.507288 1.137986 39.840162
    endloop
  endfacet
  facet normal 0.961421 -0.273373 -0.030619
    outer loop
      vertex 98.140206 0.093372 37.640537
      vertex 98.507288 1.137986 39.840162
      vertex 98.181681 0.000000 39.776479
    endloop
  endfacet
  facet normal -0.961466 0.273245 0.030342
    outer loop
      vertex 97.495755 3.086263 36.755172
      vertex 97.227395 2.148351 36.697828
      vertex 97.268361 2.056126 38.826479
    endloop
  endfacet
  facet normal -0.961516 0.273078 0.030254
    outer loop
      vertex 97.495755 3.086263 36.755172
      vertex 97.268361 2.056126 38.826479
      vertex 97.539179 3.002626 38.890162
    endloop
  endfacet
  facet normal 0.963852 -0.264742 -0.030006
    outer loop
      vertex 98.463324 1.222662 37.697881
      vertex 99.377455 4.532024 37.863163
      vertex 99.428457 4.472831 40.023716
    endloop
  endfacet
  facet normal 0.963888 -0.264586 -0.030239
    outer loop
      vertex 98.463324 1.222662 37.697881
      vertex 99.428457 4.472831 40.023716
      vertex 98.507288 1.137986 39.840162
    endloop
  endfacet
  facet normal -0.963931 0.264460 0.029966
    outer loop
      vertex 98.254970 5.834795 36.920455
      vertex 97.495755 3.086263 36.755172
      vertex 97.539179 3.002626 38.890162
    endloop
  endfacet
  facet normal -0.963980 0.264309 0.029729
    outer loop
      vertex 98.254970 5.834795 36.920455
      vertex 97.539179 3.002626 38.890162
      vertex 98.305346 5.776328 39.073716
    endloop
  endfacet
  facet normal 0.975997 -0.215884 -0.028719
    outer loop
      vertex 99.377455 4.532024 37.863163
      vertex 100.173673 8.108836 38.034800
      vertex 100.230806 8.077184 40.214326
    endloop
  endfacet
  facet normal 0.976022 -0.215737 -0.028951
    outer loop
      vertex 99.377455 4.532024 37.863163
      vertex 100.230806 8.077184 40.214326
      vertex 99.428457 4.472831 40.023716
    endloop
  endfacet
  facet normal -0.976056 0.215618 0.028690
    outer loop
      vertex 98.916255 8.805453 37.092091
      vertex 98.254970 5.834795 36.920455
      vertex 98.305346 5.776328 39.073716
    endloop
  endfacet
  facet normal -0.976095 0.215475 0.028459
    outer loop
      vertex 98.916255 8.805453 37.092091
      vertex 98.305346 5.776328 39.073716
      vertex 98.972687 8.774189 39.264326
    endloop
  endfacet
  facet normal 0.988562 -0.148219 -0.027854
    outer loop
      vertex 100.173673 8.108836 38.034800
      vertex 100.709881 11.654742 38.196554
      vertex 100.771143 11.650394 40.393961
    endloop
  endfacet
  facet normal 0.988577 -0.148081 -0.028065
    outer loop
      vertex 100.173673 8.108836 38.034800
      vertex 100.771143 11.650394 40.393961
      vertex 100.230806 8.077184 40.214326
    endloop
  endfacet
  facet normal -0.988601 0.147967 0.027812
    outer loop
      vertex 99.361593 11.750442 37.253845
      vertex 98.916255 8.805453 37.092091
      vertex 98.972687 8.774189 39.264326
    endloop
  endfacet
  facet normal -0.988627 0.147831 0.027604
    outer loop
      vertex 99.361593 11.750442 37.253845
      vertex 98.972687 8.774189 39.264326
      vertex 99.422103 11.746147 39.443961
    endloop
  endfacet
  facet normal 0.992586 -0.118343 -0.027721
    outer loop
      vertex 100.709881 11.654742 38.196554
      vertex 101.105218 14.937031 38.339731
      vertex 101.169524 14.957957 40.552965
    endloop
  endfacet
  facet normal 0.992596 -0.118212 -0.027907
    outer loop
      vertex 100.709881 11.654742 38.196554
      vertex 101.169524 14.957957 40.552965
      vertex 100.771143 11.650394 40.393961
    endloop
  endfacet
  facet normal -0.992616 0.118104 0.027656
    outer loop
      vertex 99.689933 14.476489 37.397022
      vertex 99.361593 11.750442 37.253845
      vertex 99.422103 11.746147 39.443961
    endloop
  endfacet
  facet normal -0.992637 0.117971 0.027476
    outer loop
      vertex 99.689933 14.476489 37.397022
      vertex 99.422103 11.746147 39.443961
      vertex 99.753450 14.497158 39.602965
    endloop
  endfacet
  facet normal 0.461603 0.886819 -0.021772
    outer loop
      vertex 101.105218 14.937031 38.339731
      vertex 98.898552 16.086223 38.363717
      vertex 98.945866 16.115997 40.579603
    endloop
  endfacet
  facet normal 0.461583 0.886829 -0.021796
    outer loop
      vertex 101.105218 14.937031 38.339731
      vertex 98.945866 16.115997 40.579603
      vertex 101.169524 14.957957 40.552965
    endloop
  endfacet
  facet normal -0.461568 -0.886842 0.021600
    outer loop
      vertex 97.857225 15.430930 37.421009
      vertex 99.689933 14.476489 37.397022
      vertex 99.753450 14.497158 39.602965
    endloop
  endfacet
  facet normal -0.461547 -0.886854 0.021575
    outer loop
      vertex 97.857225 15.430930 37.421009
      vertex 99.753450 14.497158 39.602965
      vertex 97.903959 15.460339 39.629603
    endloop
  endfacet
  facet normal 0.429623 0.902758 -0.021284
    outer loop
      vertex 98.898552 16.086223 38.363717
      vertex 96.597430 17.181794 38.383470
      vertex 96.627025 17.220004 40.601538
    endloop
  endfacet
  facet normal 0.429607 0.902765 -0.021303
    outer loop
      vertex 98.898552 16.086223 38.363717
      vertex 96.627025 17.220004 40.601538
      vertex 98.945866 16.115997 40.579603
    endloop
  endfacet
  facet normal -0.429595 -0.902775 0.021111
    outer loop
      vertex 95.946069 16.340836 37.440761
      vertex 97.857225 15.430930 37.421009
      vertex 97.903959 15.460339 39.629603
    endloop
  endfacet
  facet normal -0.429578 -0.902783 0.021092
    outer loop
      vertex 95.946069 16.340836 37.440761
      vertex 97.903959 15.460339 39.629603
      vertex 95.975302 16.378578 39.651538
    endloop
  endfacet
  facet normal 0.393005 0.919295 -0.021066
    outer loop
      vertex 96.597430 17.181794 38.383470
      vertex 94.267398 18.178225 38.397769
      vertex 94.279052 18.224108 40.617418
    endloop
  endfacet
  facet normal 0.392993 0.919300 -0.021080
    outer loop
      vertex 96.597430 17.181794 38.383470
      vertex 94.279052 18.224108 40.617418
      vertex 96.627025 17.220004 40.601538
    endloop
  endfacet
  facet normal -0.392985 -0.919308 0.020890
    outer loop
      vertex 94.010903 17.168405 37.455060
      vertex 95.946069 16.340836 37.440761
      vertex 95.975302 16.378578 39.651538
    endloop
  endfacet
  facet normal -0.392972 -0.919313 0.020877
    outer loop
      vertex 94.010903 17.168405 37.455060
      vertex 95.975302 16.378578 39.651538
      vertex 94.022414 17.213725 39.667418
    endloop
  endfacet
  facet normal 0.364043 0.931142 -0.021150
    outer loop
      vertex 94.267398 18.178225 38.397769
      vertex 91.982530 19.071743 38.407332
      vertex 91.976590 19.124506 40.628039
    endloop
  endfacet
  facet normal 0.364035 0.931145 -0.021159
    outer loop
      vertex 94.267398 18.178225 38.397769
      vertex 91.976590 19.124506 40.628039
      vertex 94.279052 18.224108 40.617418
    endloop
  endfacet
  facet normal -0.364029 -0.931151 0.020969
    outer loop
      vertex 92.113246 17.910501 37.464624
      vertex 94.010903 17.168405 37.455060
      vertex 94.022414 17.213725 39.667418
    endloop
  endfacet
  facet normal -0.364020 -0.931155 0.020960
    outer loop
      vertex 92.113246 17.910501 37.464624
      vertex 94.022414 17.213725 39.667418
      vertex 92.107380 17.962616 39.678039
    endloop
  endfacet
  facet normal 0.348304 0.937139 -0.021328
    outer loop
      vertex 91.982530 19.071743 38.407332
      vertex 89.783524 19.889190 38.413833
      vertex 89.760653 19.948247 40.635258
    endloop
  endfacet
  facet normal 0.348298 0.937141 -0.021335
    outer loop
      vertex 91.982530 19.071743 38.407332
      vertex 89.760653 19.948247 40.635258
      vertex 91.976590 19.124506 40.628039
    endloop
  endfacet
  facet normal -0.348295 -0.937147 0.021142
    outer loop
      vertex 90.286902 18.589416 37.471124
      vertex 92.113246 17.910501 37.464624
      vertex 92.107380 17.962616 39.678039
    endloop
  endfacet
  facet normal -0.348288 -0.937149 0.021136
    outer loop
      vertex 90.286902 18.589416 37.471124
      vertex 92.107380 17.962616 39.678039
      vertex 90.264310 18.647749 39.685258
    endloop
  endfacet
  facet normal 0.343280 0.938989 -0.021424
    outer loop
      vertex 89.783524 19.889190 38.413833
      vertex 87.677027 20.659402 38.418645
      vertex 87.637935 20.724391 40.640602
    endloop
  endfacet
  facet normal 0.343275 0.938990 -0.021429
    outer loop
      vertex 89.783524 19.889190 38.413833
      vertex 87.637935 20.724391 40.640602
      vertex 89.760653 19.948247 40.635258
    endloop
  endfacet
  facet normal -0.343273 -0.938996 0.021236
    outer loop
      vertex 88.537387 19.229103 37.475936
      vertex 90.286902 18.589416 37.471124
      vertex 90.264310 18.647749 39.685258
    endloop
  endfacet
  facet normal -0.343268 -0.938998 0.021231
    outer loop
      vertex 88.537387 19.229103 37.475936
      vertex 90.264310 18.647749 39.685258
      vertex 88.498775 19.293293 39.690602
    endloop
  endfacet
  facet normal 0.344348 0.938598 -0.021390
    outer loop
      vertex 87.677027 20.659402 38.418645
      vertex 85.653913 21.401721 38.422544
      vertex 85.599243 21.472425 40.644933
    endloop
  endfacet
  facet normal 0.344345 0.938600 -0.021394
    outer loop
      vertex 87.677027 20.659402 38.418645
      vertex 85.599243 21.472425 40.644933
      vertex 87.637935 20.724391 40.640602
    endloop
  endfacet
  facet normal -0.344343 -0.938605 0.021201
    outer loop
      vertex 86.857126 19.845623 37.479836
      vertex 88.537387 19.229103 37.475936
      vertex 88.498775 19.293293 39.690602
    endloop
  endfacet
  facet normal -0.344338 -0.938606 0.021198
    outer loop
      vertex 86.857126 19.845623 37.479836
      vertex 88.498775 19.293293 39.690602
      vertex 86.803127 19.915459 39.694933
    endloop
  endfacet
  facet normal 0.348160 0.937194 -0.021248
    outer loop
      vertex 85.653913 21.401721 38.422544
      vertex 83.701568 22.127078 38.425898
      vertex 83.631865 22.203368 40.648657
    endloop
  endfacet
  facet normal 0.348157 0.937195 -0.021252
    outer loop
      vertex 85.653913 21.401721 38.422544
      vertex 83.631865 22.203368 40.648657
      vertex 85.599243 21.472425 40.644933
    endloop
  endfacet
  facet normal -0.348156 -0.937200 0.021060
    outer loop
      vertex 85.235641 20.448055 37.483189
      vertex 86.857126 19.845623 37.479836
      vertex 86.803127 19.915459 39.694933
    endloop
  endfacet
  facet normal -0.348152 -0.937202 0.021057
    outer loop
      vertex 85.235641 20.448055 37.483189
      vertex 86.803127 19.915459 39.694933
      vertex 85.166793 20.523408 39.698657
    endloop
  endfacet
  facet normal 0.000000 0.000000 1.000000
    outer loop
      vertex 88.466525 16.911892 4.311286
      vertex 89.527717 13.313239 4.311286
      vertex 88.993176 15.176381 4.311286
    endloop
  endfacet
  facet normal 0.000000 0.000000 1.000000
    outer loop
      vertex 88.466525 16.911892 4.311286
      vertex 90.098444 11.224442 4.311286
      vertex 89.527717 13.313239 4.311286
    endloop
  endfacet
  facet normal 0.000000 0.000000 -1.000000
    outer loop
      vertex 88.466525 16.911892 4.311286
      vertex 90.885050 8.900395 4.311286
      vertex 90.098444 11.224442 4.311286
    endloop
  endfacet
  facet normal 0.000000 0.000000 -1.000000
    outer loop
      vertex 88.466525 16.911892 4.311286
      vertex 91.806847 6.825117 4.311286
      vertex 90.885050 8.900395 4.311286
    endloop
  endfacet
  facet normal 0.000000 0.000000 -1.000000
    outer loop
      vertex 88.466525 16.911892 4.311286
      vertex 91.961251 6.476309 4.311286
      vertex 91.806847 6.825117 4.311286
    endloop
  endfacet
  facet normal 0.000000 0.000000 -1.000000
    outer loop
      vertex 88.466525 16.911892 4.311286
      vertex 95.304939 6.476309 4.311286
      vertex 91.961251 6.476309 4.311286
    endloop
  endfacet
  facet normal 0.000000 0.000000 -1.000000
    outer loop
      vertex 88.466525 16.911892 4.311286
      vertex 95.457974 7.011163 4.311286
      vertex 95.304939 6.476309 4.311286
    endloop
  endfacet
  facet normal 0.000000 0.000000 -1.000000
    outer loop
      vertex 88.466525 16.911892 4.311286
      vertex 95.890924 8.578540 4.311286
      vertex 95.457974 7.011163 4.311286
    endloop
  endfacet
  facet normal 0.000000 0.000000 -1.000000
    outer loop
      vertex 88.466525 16.911892 4.311286
      vertex 96.268028 10.272586 4.311286
      vertex 95.890924 8.578540 4.311286
    endloop
  endfacet
  facet normal 0.000000 0.000000 -1.000000
    outer loop
      vertex 88.466525 16.911892 4.311286
      vertex 96.521986 11.951994 4.311286
      vertex 96.268028 10.272586 4.311286
    endloop
  endfacet
  facet normal 0.000000 0.000000 -1.000000
    outer loop
      vertex 88.466525 16.911892 4.311286
      vertex 96.709225 13.506549 4.311286
      vertex 96.521986 11.951994 4.311286
    endloop
  endfacet
  facet normal 0.000000 0.000000 -1.000000
    outer loop
      vertex 88.466525 16.911892 4.311286
      vertex 95.664106 14.050828 4.311286
      vertex 96.709225 13.506549 4.311286
    endloop
  endfacet
  facet normal 0.000000 0.000000 -1.000000
    outer loop
      vertex 88.466525 16.911892 4.311286
      vertex 94.574251 14.569711 4.311286
      vertex 95.664106 14.050828 4.311286
    endloop
  endfacet
  facet normal 0.000000 0.000000 -1.000000
    outer loop
      vertex 88.466525 16.911892 4.311286
      vertex 93.470703 15.041640 4.311286
      vertex 94.574251 14.569711 4.311286
    endloop
  endfacet
  facet normal 0.000000 0.000000 -1.000000
    outer loop
      vertex 88.466525 16.911892 4.311286
      vertex 92.388547 15.464827 4.311286
      vertex 93.470703 15.041640 4.311286
    endloop
  endfacet
  facet normal 0.000000 0.000000 -1.000000
    outer loop
      vertex 88.466525 16.911892 4.311286
      vertex 91.347056 15.851985 4.311286
      vertex 92.388547 15.464827 4.311286
    endloop
  endfacet
  facet normal 0.000000 0.000000 1.000000
    outer loop
      vertex 88.466525 16.911892 4.311286
      vertex 90.349378 16.216773 4.311286
      vertex 91.347056 15.851985 4.311286
    endloop
  endfacet
  facet normal 0.000000 0.000000 1.000000
    outer loop
      vertex 88.466525 16.911892 4.311286
      vertex 89.391193 16.568349 4.311286
      vertex 90.349378 16.216773 4.311286
    endloop
  endfacet
  facet normal 0.652963 0.167634 0.738605
    outer loop
      vertex 83.631865 22.203368 40.648657
      vertex 84.752398 18.510790 40.496121
      vertex 86.098778 17.452168 39.546121
    endloop
  endfacet
  facet normal 0.637662 0.156037 0.754347
    outer loop
      vertex 83.631865 22.203368 40.648657
      vertex 86.098778 17.452168 39.546121
      vertex 85.166793 20.523408 39.698657
    endloop
  endfacet
  facet normal 0.658548 0.156831 0.736015
    outer loop
      vertex 84.752398 18.510790 40.496121
      vertex 85.889719 14.546659 40.323185
      vertex 87.044725 14.155068 39.373185
    endloop
  endfacet
  facet normal 0.644191 0.145434 0.750911
    outer loop
      vertex 84.752398 18.510790 40.496121
      vertex 87.044725 14.155068 39.373185
      vertex 86.098778 17.452168 39.546121
    endloop
  endfacet
  facet normal 0.670199 0.149900 0.726886
    outer loop
      vertex 85.889719 14.546659 40.323185
      vertex 87.104033 10.102410 40.120077
      vertex 88.054711 10.458638 39.170077
    endloop
  endfacet
  facet normal 0.656723 0.138708 0.741266
    outer loop
      vertex 85.889719 14.546659 40.323185
      vertex 88.054711 10.458638 39.170077
      vertex 87.044725 14.155068 39.373185
    endloop
  endfacet
  facet normal 0.671113 0.194142 0.715483
    outer loop
      vertex 87.104033 10.102410 40.120077
      vertex 88.777662 5.157629 39.891970
      vertex 89.446724 6.345898 38.941970
    endloop
  endfacet
  facet normal 0.659796 0.182893 0.728848
    outer loop
      vertex 87.104033 10.102410 40.120077
      vertex 89.446724 6.345898 38.941970
      vertex 88.054711 10.458638 39.170077
    endloop
  endfacet
  facet normal 0.634338 0.248695 0.731960
    outer loop
      vertex 88.777662 5.157629 39.891970
      vertex 90.738931 0.742143 39.692512
      vertex 91.077977 2.673391 38.742512
    endloop
  endfacet
  facet normal 0.627924 0.238679 0.740773
    outer loop
      vertex 88.777662 5.157629 39.891970
      vertex 91.077977 2.673391 38.742512
      vertex 89.446724 6.345898 38.941970
    endloop
  endfacet
  facet normal 0.637296 0.249000 0.729283
    outer loop
      vertex 90.738931 0.742143 39.692512
      vertex 91.067451 0.000000 39.658820
      vertex 91.351218 2.056126 38.708820
    endloop
  endfacet
  facet normal 0.642183 0.244619 0.726473
    outer loop
      vertex 90.738931 0.742143 39.692512
      vertex 91.351218 2.056126 38.708820
      vertex 91.077977 2.673391 38.742512
    endloop
  endfacet
  facet normal -0.015054 0.413863 0.910215
    outer loop
      vertex 91.067451 0.000000 39.658820
      vertex 98.181681 0.000000 39.776479
      vertex 97.268361 2.056126 38.826479
    endloop
  endfacet
  facet normal -0.018029 0.421410 0.906691
    outer loop
      vertex 91.067451 0.000000 39.658820
      vertex 97.268361 2.056126 38.826479
      vertex 91.351218 2.056126 38.708820
    endloop
  endfacet
  facet normal -0.570634 0.117793 0.812712
    outer loop
      vertex 98.181681 0.000000 39.776479
      vertex 98.507288 1.137986 39.840162
      vertex 97.539179 3.002626 38.890162
    endloop
  endfacet
  facet normal -0.583108 0.112711 0.804538
    outer loop
      vertex 98.181681 0.000000 39.776479
      vertex 97.539179 3.002626 38.890162
      vertex 97.268361 2.056126 38.826479
    endloop
  endfacet
  facet normal -0.563821 0.110694 0.818445
    outer loop
      vertex 98.507288 1.137986 39.840162
      vertex 99.428457 4.472831 40.023716
      vertex 98.305346 5.776328 39.073716
    endloop
  endfacet
  facet normal -0.582875 0.107707 0.805391
    outer loop
      vertex 98.507288 1.137986 39.840162
      vertex 98.305346 5.776328 39.073716
      vertex 97.539179 3.002626 38.890162
    endloop
  endfacet
  facet normal -0.570501 0.083790 0.817011
    outer loop
      vertex 99.428457 4.472831 40.023716
      vertex 100.230806 8.077184 40.214326
      vertex 98.972687 8.774189 39.264326
    endloop
  endfacet
  facet normal -0.588174 0.079760 0.804792
    outer loop
      vertex 99.428457 4.472831 40.023716
      vertex 98.972687 8.774189 39.264326
      vertex 98.305346 5.776328 39.073716
    endloop
  endfacet
  facet normal -0.573009 0.045512 0.818284
    outer loop
      vertex 100.230806 8.077184 40.214326
      vertex 100.771143 11.650394 40.393961
      vertex 99.422103 11.746147 39.443961
    endloop
  endfacet
  facet normal -0.587885 0.040064 0.807952
    outer loop
      vertex 100.230806 8.077184 40.214326
      vertex 99.422103 11.746147 39.443961
      vertex 98.972687 8.774189 39.264326
    endloop
  endfacet
  facet normal -0.563190 0.028133 0.825848
    outer loop
      vertex 100.771143 11.650394 40.393961
      vertex 101.169524 14.957957 40.552965
      vertex 99.753450 14.497158 39.602965
    endloop
  endfacet
  facet normal -0.574588 0.021919 0.818149
    outer loop
      vertex 100.771143 11.650394 40.393961
      vertex 99.753450 14.497158 39.602965
      vertex 99.422103 11.746147 39.443961
    endloop
  endfacet
  facet normal -0.301998 -0.596990 0.743237
    outer loop
      vertex 101.169524 14.957957 40.552965
      vertex 98.945866 16.115997 40.579603
      vertex 97.903959 15.460339 39.629603
    endloop
  endfacet
  facet normal -0.301798 -0.599999 0.740891
    outer loop
      vertex 101.169524 14.957957 40.552965
      vertex 97.903959 15.460339 39.629603
      vertex 99.753450 14.497158 39.602965
    endloop
  endfacet
  facet normal -0.284567 -0.612357 0.737591
    outer loop
      vertex 98.945866 16.115997 40.579603
      vertex 96.627025 17.220004 40.601538
      vertex 95.975302 16.378578 39.651538
    endloop
  endfacet
  facet normal -0.284228 -0.614569 0.735880
    outer loop
      vertex 98.945866 16.115997 40.579603
      vertex 95.975302 16.378578 39.651538
      vertex 97.903959 15.460339 39.629603
    endloop
  endfacet
  facet normal -0.262237 -0.624839 0.735397
    outer loop
      vertex 96.627025 17.220004 40.601538
      vertex 94.279052 18.224108 40.617418
      vertex 94.022414 17.213725 39.667418
    endloop
  endfacet
  facet normal -0.261848 -0.626263 0.734323
    outer loop
      vertex 96.627025 17.220004 40.601538
      vertex 94.022414 17.213725 39.667418
      vertex 95.975302 16.378578 39.651538
    endloop
  endfacet
  facet normal -0.243065 -0.630252 0.737361
    outer loop
      vertex 94.279052 18.224108 40.617418
      vertex 91.976590 19.124506 40.628039
      vertex 92.107380 17.962616 39.678039
    endloop
  endfacet
  facet normal -0.242706 -0.631087 0.736765
    outer loop
      vertex 94.279052 18.224108 40.617418
      vertex 92.107380 17.962616 39.678039
      vertex 94.022414 17.213725 39.667418
    endloop
  endfacet
  facet normal -0.232067 -0.630770 0.740456
    outer loop
      vertex 91.976590 19.124506 40.628039
      vertex 89.760653 19.948247 40.635258
      vertex 90.264310 18.647749 39.685258
    endloop
  endfacet
  facet normal -0.231759 -0.631252 0.740141
    outer loop
      vertex 91.976590 19.124506 40.628039
      vertex 90.264310 18.647749 39.685258
      vertex 92.107380 17.962616 39.678039
    endloop
  endfacet
  facet normal -0.228520 -0.630103 0.742125
    outer loop
      vertex 89.760653 19.948247 40.635258
      vertex 87.637935 20.724391 40.640602
      vertex 88.498775 19.293293 39.690602
    endloop
  endfacet
  facet normal -0.228249 -0.630392 0.741963
    outer loop
      vertex 89.760653 19.948247 40.635258
      vertex 88.498775 19.293293 39.690602
      vertex 90.264310 18.647749 39.685258
    endloop
  endfacet
  facet normal -0.229636 -0.630144 0.741745
    outer loop
      vertex 87.637935 20.724391 40.640602
      vertex 85.599243 21.472425 40.644933
      vertex 86.803127 19.915459 39.694933
    endloop
  endfacet
  facet normal -0.229383 -0.630321 0.741673
    outer loop
      vertex 87.637935 20.724391 40.640602
      vertex 86.803127 19.915459 39.694933
      vertex 88.498775 19.293293 39.690602
    endloop
  endfacet
  facet normal -0.233145 -0.631293 0.739670
    outer loop
      vertex 85.599243 21.472425 40.644933
      vertex 83.631865 22.203368 40.648657
      vertex 85.166793 20.523408 39.698657
    endloop
  endfacet
  facet normal -0.232900 -0.631395 0.739660
    outer loop
      vertex 85.599243 21.472425 40.644933
      vertex 85.166793 20.523408 39.698657
      vertex 86.803127 19.915459 39.694933
    endloop
  endfacet
  facet normal 0.000000 0.000000 -1.000000
    outer loop
      vertex 89.846247 15.401804 8.600351
      vertex 90.203415 14.224802 8.600351
      vertex 90.565934 12.961244 8.600351
    endloop
  endfacet
  facet normal 0.000000 0.000000 -1.000000
    outer loop
      vertex 89.846247 15.401804 8.600351
      vertex 90.565934 12.961244 8.600351
      vertex 90.952994 11.544649 8.600351
    endloop
  endfacet
  facet normal 0.000000 0.000000 1.000000
    outer loop
      vertex 89.846247 15.401804 8.600351
      vertex 90.952994 11.544649 8.600351
      vertex 91.486459 9.968511 8.600351
    endloop
  endfacet
  facet normal 0.000000 0.000000 1.000000
    outer loop
      vertex 89.846247 15.401804 8.600351
      vertex 91.486459 9.968511 8.600351
      vertex 92.111610 8.561084 8.600351
    endloop
  endfacet
  facet normal 0.000000 0.000000 1.000000
    outer loop
      vertex 89.846247 15.401804 8.600351
      vertex 92.111610 8.561084 8.600351
      vertex 92.216325 8.324527 8.600351
    endloop
  endfacet
  facet normal 0.000000 0.000000 1.000000
    outer loop
      vertex 89.846247 15.401804 8.600351
      vertex 92.216325 8.324527 8.600351
      vertex 94.483971 8.324527 8.600351
    endloop
  endfacet
  facet normal 0.000000 0.000000 1.000000
    outer loop
      vertex 89.846247 15.401804 8.600351
      vertex 94.483971 8.324527 8.600351
      vertex 94.587757 8.687258 8.600351
    endloop
  endfacet
  facet normal 0.000000 0.000000 1.000000
    outer loop
      vertex 89.846247 15.401804 8.600351
      vertex 94.587757 8.687258 8.600351
      vertex 94.881378 9.750232 8.600351
    endloop
  endfacet
  facet normal 0.000000 0.000000 1.000000
    outer loop
      vertex 89.846247 15.401804 8.600351
      vertex 94.881378 9.750232 8.600351
      vertex 95.137125 10.899112 8.600351
    endloop
  endfacet
  facet normal 0.000000 0.000000 1.000000
    outer loop
      vertex 89.846247 15.401804 8.600351
      vertex 95.137125 10.899112 8.600351
      vertex 95.309356 12.038066 8.600351
    endloop
  endfacet
  facet normal 0.000000 0.000000 1.000000
    outer loop
      vertex 89.846247 15.401804 8.600351
      vertex 95.309356 12.038066 8.600351
      vertex 95.436339 13.092344 8.600351
    endloop
  endfacet
  facet normal 0.000000 0.000000 1.000000
    outer loop
      vertex 89.846247 15.401804 8.600351
      vertex 95.436339 13.092344 8.600351
      vertex 94.727553 13.461467 8.600351
    endloop
  endfacet
  facet normal 0.000000 0.000000 1.000000
    outer loop
      vertex 89.846247 15.401804 8.600351
      vertex 94.727553 13.461467 8.600351
      vertex 93.988427 13.813367 8.600351
    endloop
  endfacet
  facet normal 0.000000 0.000000 1.000000
    outer loop
      vertex 89.846247 15.401804 8.600351
      vertex 93.988427 13.813367 8.600351
      vertex 93.240016 14.133423 8.600351
    endloop
  endfacet
  facet normal 0.000000 0.000000 1.000000
    outer loop
      vertex 89.846247 15.401804 8.600351
      vertex 93.240016 14.133423 8.600351
      vertex 92.506111 14.420423 8.600351
    endloop
  endfacet
  facet normal 0.000000 0.000000 1.000000
    outer loop
      vertex 89.846247 15.401804 8.600351
      vertex 92.506111 14.420423 8.600351
      vertex 91.799786 14.682989 8.600351
    endloop
  endfacet
  facet normal 0.000000 0.000000 -1.000000
    outer loop
      vertex 89.846247 15.401804 8.600351
      vertex 91.799786 14.682989 8.600351
      vertex 91.123174 14.930383 8.600351
    endloop
  endfacet
  facet normal 0.000000 0.000000 -1.000000
    outer loop
      vertex 89.846247 15.401804 8.600351
      vertex 91.123174 14.930383 8.600351
      vertex 90.473345 15.168817 8.600351
    endloop
  endfacet
endsolid box_wall_long_r1_c5_tubes_color_4_orange
