solid box_wall_short_b_r3_c2_tubes_color_4_orange
  facet normal 0.278008 -0.960368 -0.020101
    outer loop
      vertex 29.674432 26.820337 4.307875
      vertex 31.427242 27.327714 4.309207
      vertex 31.413742 27.311636 4.890670
    endloop
  endfacet
  facet normal 0.278017 -0.960365 -0.020129
    outer loop
      vertex 29.674432 26.820337 4.307875
      vertex 31.413742 27.311636 4.890670
      vertex 29.655789 26.802770 4.888533
    endloop
  endfacet
  facet normal 0.257438 -0.966075 -0.020587
    outer loop
      vertex 31.427242 27.327714 4.309207
      vertex 33.409527 27.855800 4.316245
      vertex 33.401844 27.841271 4.901955
    endloop
  endfacet
  facet normal 0.257479 -0.966061 -0.020735
    outer loop
      vertex 31.427242 27.327714 4.309207
      vertex 33.401844 27.841271 4.901955
      vertex 31.413742 27.311636 4.890670
    endloop
  endfacet
  facet normal 0.259703 -0.965486 -0.019773
    outer loop
      vertex 33.409527 27.855800 4.316245
      vertex 35.764981 28.488609 4.354220
      vertex 35.764210 28.475937 4.962848
    endloop
  endfacet
  facet normal 0.259896 -0.965418 -0.020539
    outer loop
      vertex 33.409527 27.855800 4.316245
      vertex 35.764210 28.475937 4.962848
      vertex 33.401844 27.841271 4.901955
    endloop
  endfacet
  facet normal 0.357007 -0.933922 -0.018305
    outer loop
      vertex 35.764981 28.488609 4.354220
      vertex 38.421103 29.503210 4.392244
      vertex 38.428127 29.493515 5.023821
    endloop
  endfacet
  facet normal 0.357153 -0.933853 -0.018991
    outer loop
      vertex 35.764981 28.488609 4.354220
      vertex 38.428127 29.493515 5.023821
      vertex 35.764210 28.475937 4.962848
    endloop
  endfacet
  facet normal 0.483658 -0.875051 -0.018990
    outer loop
      vertex 38.421103 29.503210 4.392244
      vertex 40.718628 30.773312 4.382291
      vertex 40.732393 30.767344 5.007860
    endloop
  endfacet
  facet normal 0.483623 -0.875075 -0.018810
    outer loop
      vertex 38.421103 29.503210 4.392244
      vertex 40.732393 30.767344 5.007860
      vertex 38.428127 29.493515 5.023821
    endloop
  endfacet
  facet normal 0.510234 -0.859791 -0.020494
    outer loop
      vertex 40.718628 30.773312 4.382291
      vertex 42.589849 31.885058 4.328152
      vertex 42.609105 31.882353 4.921048
    endloop
  endfacet
  facet normal 0.510019 -0.859944 -0.019426
    outer loop
      vertex 40.718628 30.773312 4.382291
      vertex 42.609105 31.882353 4.921048
      vertex 40.732393 30.767344 5.007860
    endloop
  endfacet
  facet normal 0.494524 -0.868911 -0.020991
    outer loop
      vertex 42.589849 31.885058 4.328152
      vertex 44.238928 32.824696 4.282756
      vertex 44.263023 32.824748 4.848254
    endloop
  endfacet
  facet normal 0.494305 -0.869058 -0.020019
    outer loop
      vertex 42.589849 31.885058 4.328152
      vertex 44.263023 32.824748 4.848254
      vertex 42.609105 31.882353 4.921048
    endloop
  endfacet
  facet normal 0.476629 -0.878869 -0.020351
    outer loop
      vertex 44.238928 32.824696 4.282756
      vertex 45.759844 33.649654 4.277029
      vertex 45.788402 33.652126 4.839070
    endloop
  endfacet
  facet normal 0.476595 -0.878890 -0.020226
    outer loop
      vertex 44.238928 32.824696 4.282756
      vertex 45.788402 33.652126 4.839070
      vertex 44.263023 32.824748 4.848254
    endloop
  endfacet
  facet normal 0.399405 0.916456 -0.024151
    outer loop
      vertex 45.759844 33.649654 4.277029
      vertex 44.478449 34.208283 4.283796
      vertex 44.503247 34.212395 4.849922
    endloop
  endfacet
  facet normal 0.399338 0.916481 -0.024323
    outer loop
      vertex 45.759844 33.649654 4.277029
      vertex 44.503247 34.212395 4.849922
      vertex 45.788402 33.652126 4.839070
    endloop
  endfacet
  facet normal 0.412698 0.910521 -0.025122
    outer loop
      vertex 44.478449 34.208283 4.283796
      vertex 43.108415 34.828812 4.267622
      vertex 43.129193 34.834744 4.823987
    endloop
  endfacet
  facet normal 0.412843 0.910467 -0.024697
    outer loop
      vertex 44.478449 34.208283 4.283796
      vertex 43.129193 34.834744 4.823987
      vertex 44.503247 34.212395 4.849922
    endloop
  endfacet
  facet normal 0.422111 0.906168 -0.026088
    outer loop
      vertex 43.108415 34.828812 4.267622
      vertex 41.608287 35.526925 4.244143
      vertex 41.624663 35.534907 4.786338
    endloop
  endfacet
  facet normal 0.422306 0.906096 -0.025433
    outer loop
      vertex 43.108415 34.828812 4.267622
      vertex 41.624663 35.534907 4.786338
      vertex 43.129193 34.834744 4.823987
    endloop
  endfacet
  facet normal 0.413738 0.910040 -0.025469
    outer loop
      vertex 41.608287 35.526925 4.244143
      vertex 39.909361 36.299740 4.259126
      vertex 39.920751 36.309989 4.810364
    endloop
  endfacet
  facet normal 0.413617 0.910083 -0.025889
    outer loop
      vertex 41.608287 35.526925 4.244143
      vertex 39.920751 36.309989 4.810364
      vertex 41.624663 35.534907 4.786338
    endloop
  endfacet
  facet normal 0.361358 0.932136 -0.023311
    outer loop
      vertex 39.909361 36.299740 4.259126
      vertex 37.952476 37.059824 4.317686
      vertex 37.958124 37.072304 4.904266
    endloop
  endfacet
  facet normal 0.360921 0.932267 -0.024791
    outer loop
      vertex 39.909361 36.299740 4.259126
      vertex 37.958124 37.072304 4.904266
      vertex 39.920751 36.309989 4.810364
    endloop
  endfacet
  facet normal 0.261929 0.964839 -0.021890
    outer loop
      vertex 37.952476 37.059824 4.317686
      vertex 35.861797 37.628564 4.369383
      vertex 35.861310 37.642712 4.987162
    endloop
  endfacet
  facet normal 0.261578 0.964907 -0.023047
    outer loop
      vertex 37.952476 37.059824 4.317686
      vertex 35.861310 37.642712 4.987162
      vertex 37.958124 37.072304 4.904266
    endloop
  endfacet
  facet normal 0.179492 0.983507 -0.022299
    outer loop
      vertex 35.861797 37.628564 4.369383
      vertex 33.907805 37.985260 4.373247
      vertex 33.901585 38.000455 4.993359
    endloop
  endfacet
  facet normal 0.179466 0.983509 -0.022383
    outer loop
      vertex 35.861797 37.628564 4.369383
      vertex 33.901585 38.000455 4.993359
      vertex 35.861310 37.642712 4.987162
    endloop
  endfacet
  facet normal 0.151895 0.988123 -0.023236
    outer loop
      vertex 33.907805 37.985260 4.373247
      vertex 32.177373 38.250692 4.348956
      vertex 32.166075 38.266666 4.954407
    endloop
  endfacet
  facet normal 0.152076 0.988108 -0.022687
    outer loop
      vertex 33.907805 37.985260 4.373247
      vertex 32.166075 38.266666 4.954407
      vertex 33.901585 38.000455 4.993359
    endloop
  endfacet
  facet normal -0.929161 0.368666 -0.027285
    outer loop
      vertex 32.177373 38.250692 4.348956
      vertex 31.639792 36.895209 4.340856
      vertex 31.626916 36.907205 4.941418
    endloop
  endfacet
  facet normal -0.929134 0.368751 -0.027068
    outer loop
      vertex 32.177373 38.250692 4.348956
      vertex 31.626916 36.907205 4.941418
      vertex 32.166075 38.266666 4.954407
    endloop
  endfacet
  facet normal -0.943034 0.331632 -0.026600
    outer loop
      vertex 31.639792 36.895209 4.340856
      vertex 31.117717 35.411360 4.349992
      vertex 31.103309 35.419002 4.956069
    endloop
  endfacet
  facet normal -0.943059 0.331540 -0.026842
    outer loop
      vertex 31.639792 36.895209 4.340856
      vertex 31.103309 35.419002 4.956069
      vertex 31.626916 36.907205 4.941418
    endloop
  endfacet
  facet normal -0.962151 0.271208 -0.026676
    outer loop
      vertex 31.117717 35.411360 4.349992
      vertex 30.672403 33.830114 4.335496
      vertex 30.656688 33.833116 4.932825
    endloop
  endfacet
  facet normal -0.962124 0.271341 -0.026293
    outer loop
      vertex 31.117717 35.411360 4.349992
      vertex 30.656688 33.833116 4.932825
      vertex 31.103309 35.419002 4.956069
    endloop
  endfacet
  facet normal -0.978891 0.202419 -0.028277
    outer loop
      vertex 30.672403 33.830114 4.335496
      vertex 30.344918 32.239004 4.282489
      vertex 30.328242 32.237337 4.847826
    endloop
  endfacet
  facet normal -0.978835 0.202891 -0.026771
    outer loop
      vertex 30.672403 33.830114 4.335496
      vertex 30.328242 32.237337 4.847826
      vertex 30.656688 33.833116 4.932825
    endloop
  endfacet
  facet normal -0.988500 0.148158 -0.030284
    outer loop
      vertex 30.344918 32.239004 4.282489
      vertex 30.119500 30.725102 4.233882
      vertex 30.102163 30.718993 4.769885
    endloop
  endfacet
  facet normal -0.988472 0.148656 -0.028718
    outer loop
      vertex 30.344918 32.239004 4.282489
      vertex 30.102163 30.718993 4.769885
      vertex 30.328242 32.237337 4.847826
    endloop
  endfacet
  facet normal -0.992519 0.118177 -0.030672
    outer loop
      vertex 30.119500 30.725102 4.233882
      vertex 29.952496 29.323140 4.236324
      vertex 29.934669 29.312917 4.773800
    endloop
  endfacet
  facet normal -0.992520 0.118145 -0.030757
    outer loop
      vertex 30.119500 30.725102 4.233882
      vertex 29.934669 29.312917 4.773800
      vertex 30.102163 30.718993 4.769885
    endloop
  endfacet
  facet normal -0.993674 0.108353 -0.029527
    outer loop
      vertex 29.952496 29.323140 4.236324
      vertex 29.809992 28.027599 4.277856
      vertex 29.791747 28.013574 4.840397
    endloop
  endfacet
  facet normal -0.993701 0.107718 -0.030910
    outer loop
      vertex 29.952496 29.323140 4.236324
      vertex 29.791747 28.013574 4.840397
      vertex 29.934669 29.312917 4.773800
    endloop
  endfacet
  facet normal -0.993428 0.110840 -0.028542
    outer loop
      vertex 29.809992 28.027599 4.277856
      vertex 29.674432 26.820337 4.307875
      vertex 29.655789 26.802770 4.888533
    endloop
  endfacet
  facet normal -0.993452 0.110381 -0.029469
    outer loop
      vertex 29.809992 28.027599 4.277856
      vertex 29.655789 26.802770 4.888533
      vertex 29.791747 28.013574 4.840397
    endloop
  endfacet
  facet normal 0.277519 -0.958454 -0.065948
    outer loop
      vertex 29.655789 26.802770 4.888533
      vertex 31.413742 27.311636 4.890670
      vertex 31.368487 27.257735 5.483590
    endloop
  endfacet
  facet normal 0.277549 -0.958439 -0.066046
    outer loop
      vertex 29.655789 26.802770 4.888533
      vertex 31.368487 27.257735 5.483590
      vertex 29.593291 26.743878 5.480510
    endloop
  endfacet
  facet normal 0.257196 -0.964003 -0.067449
    outer loop
      vertex 31.413742 27.311636 4.890670
      vertex 33.401844 27.841271 4.901955
      vertex 33.376089 27.792566 5.499862
    endloop
  endfacet
  facet normal 0.257343 -0.963926 -0.067985
    outer loop
      vertex 31.413742 27.311636 4.890670
      vertex 33.376089 27.792566 5.499862
      vertex 31.368487 27.257735 5.483590
    endloop
  endfacet
  facet normal 0.260466 -0.963332 -0.064419
    outer loop
      vertex 33.401844 27.841271 4.901955
      vertex 35.764210 28.475937 4.962848
      vertex 35.761626 28.433456 5.587657
    endloop
  endfacet
  facet normal 0.261176 -0.962950 -0.067192
    outer loop
      vertex 33.401844 27.841271 4.901955
      vertex 35.761626 28.433456 5.587657
      vertex 33.376089 27.792566 5.499862
    endloop
  endfacet
  facet normal 0.357394 -0.932063 -0.059389
    outer loop
      vertex 35.764210 28.475937 4.962848
      vertex 38.428127 29.493515 5.023821
      vertex 38.451671 29.461015 5.675568
    endloop
  endfacet
  facet normal 0.357918 -0.931701 -0.061866
    outer loop
      vertex 35.764210 28.475937 4.962848
      vertex 38.451671 29.461015 5.675568
      vertex 35.761626 28.433456 5.587657
    endloop
  endfacet
  facet normal 0.482560 -0.873690 -0.061652
    outer loop
      vertex 38.428127 29.493515 5.023821
      vertex 40.732393 30.767344 5.007860
      vertex 40.778538 30.747339 5.652556
    endloop
  endfacet
  facet normal 0.482445 -0.873800 -0.061001
    outer loop
      vertex 38.428127 29.493515 5.023821
      vertex 40.778538 30.747339 5.652556
      vertex 38.451671 29.461015 5.675568
    endloop
  endfacet
  facet normal 0.507349 -0.859143 -0.066864
    outer loop
      vertex 40.732393 30.767344 5.007860
      vertex 42.609105 31.882353 4.921048
      vertex 42.673658 31.873283 5.527390
    endloop
  endfacet
  facet normal 0.506690 -0.859827 -0.062949
    outer loop
      vertex 40.732393 30.767344 5.007860
      vertex 42.673658 31.873283 5.527390
      vertex 40.778538 30.747339 5.652556
    endloop
  endfacet
  facet normal 0.491602 -0.868090 -0.068895
    outer loop
      vertex 42.609105 31.882353 4.921048
      vertex 44.263023 32.824748 4.848254
      vertex 44.343797 32.824922 5.422436
    endloop
  endfacet
  facet normal 0.490915 -0.868760 -0.065258
    outer loop
      vertex 42.609105 31.882353 4.921048
      vertex 44.343797 32.824922 5.422436
      vertex 42.673658 31.873283 5.527390
    endloop
  endfacet
  facet normal 0.475401 -0.877208 -0.067076
    outer loop
      vertex 44.263023 32.824748 4.848254
      vertex 45.788402 33.652126 4.839070
      vertex 45.884139 33.660416 5.409194
    endloop
  endfacet
  facet normal 0.475286 -0.877307 -0.066596
    outer loop
      vertex 44.263023 32.824748 4.848254
      vertex 45.884139 33.660416 5.409194
      vertex 44.343797 32.824922 5.422436
    endloop
  endfacet
  facet normal 0.397802 0.914026 -0.079436
    outer loop
      vertex 45.788402 33.652126 4.839070
      vertex 44.503247 34.212395 4.849922
      vertex 44.586378 34.226180 5.424841
    endloop
  endfacet
  facet normal 0.397536 0.914089 -0.080045
    outer loop
      vertex 45.788402 33.652126 4.839070
      vertex 44.586378 34.226180 5.424841
      vertex 45.884139 33.660416 5.409194
    endloop
  endfacet
  facet normal 0.412458 0.907187 -0.083009
    outer loop
      vertex 44.503247 34.212395 4.849922
      vertex 43.129193 34.834744 4.823987
      vertex 43.198846 34.854633 5.387446
    endloop
  endfacet
  facet normal 0.413032 0.907065 -0.081471
    outer loop
      vertex 44.503247 34.212395 4.849922
      vertex 43.198846 34.854633 5.387446
      vertex 44.586378 34.226180 5.424841
    endloop
  endfacet
  facet normal 0.422116 0.902403 -0.086532
    outer loop
      vertex 43.129193 34.834744 4.823987
      vertex 41.624663 35.534907 4.786338
      vertex 41.679560 35.561663 5.333165
    endloop
  endfacet
  facet normal 0.422893 0.902266 -0.084125
    outer loop
      vertex 43.129193 34.834744 4.823987
      vertex 41.679560 35.561663 5.333165
      vertex 43.198846 34.854633 5.387446
    endloop
  endfacet
  facet normal 0.411607 0.907470 -0.084128
    outer loop
      vertex 41.624663 35.534907 4.786338
      vertex 39.920751 36.309989 4.810364
      vertex 39.958936 36.344347 5.367805
    endloop
  endfacet
  facet normal 0.411106 0.907552 -0.085678
    outer loop
      vertex 41.624663 35.534907 4.786338
      vertex 39.958936 36.344347 5.367805
      vertex 41.679560 35.561663 5.333165
    endloop
  endfacet
  facet normal 0.357832 0.930662 -0.076320
    outer loop
      vertex 39.920751 36.309989 4.810364
      vertex 37.958124 37.072304 4.904266
      vertex 37.977058 37.114139 5.503193
    endloop
  endfacet
  facet normal 0.355993 0.930905 -0.081763
    outer loop
      vertex 39.920751 36.309989 4.810364
      vertex 37.977058 37.114139 5.503193
      vertex 39.958936 36.344347 5.367805
    endloop
  endfacet
  facet normal 0.259207 0.963193 -0.071216
    outer loop
      vertex 37.958124 37.072304 4.904266
      vertex 35.861310 37.642712 4.987162
      vertex 35.859678 37.690143 5.622714
    endloop
  endfacet
  facet normal 0.257782 0.963254 -0.075434
    outer loop
      vertex 37.958124 37.072304 4.904266
      vertex 35.859678 37.690143 5.622714
      vertex 37.977058 37.114139 5.503193
    endloop
  endfacet
  facet normal 0.178886 0.981198 -0.072461
    outer loop
      vertex 35.861310 37.642712 4.987162
      vertex 33.901585 38.000455 4.993359
      vertex 33.880731 38.051394 5.631648
    endloop
  endfacet
  facet normal 0.178786 0.981194 -0.072766
    outer loop
      vertex 35.861310 37.642712 4.987162
      vertex 33.880731 38.051394 5.631648
      vertex 35.859678 37.690143 5.622714
    endloop
  endfacet
  facet normal 0.152841 0.985352 -0.075637
    outer loop
      vertex 33.901585 38.000455 4.993359
      vertex 32.166075 38.266666 4.954407
      vertex 32.128198 38.320216 5.575487
    endloop
  endfacet
  facet normal 0.153511 0.985400 -0.073625
    outer loop
      vertex 33.901585 38.000455 4.993359
      vertex 32.128198 38.320216 5.575487
      vertex 33.880731 38.051394 5.631648
    endloop
  endfacet
  facet normal -0.925585 0.367934 -0.088974
    outer loop
      vertex 32.166075 38.266666 4.954407
      vertex 31.626916 36.907205 4.941418
      vertex 31.583752 36.947421 5.556760
    endloop
  endfacet
  facet normal -0.925528 0.368265 -0.088195
    outer loop
      vertex 32.166075 38.266666 4.954407
      vertex 31.583752 36.947421 5.556760
      vertex 32.128198 38.320216 5.575487
    endloop
  endfacet
  facet normal -0.940038 0.329889 -0.086611
    outer loop
      vertex 31.626916 36.907205 4.941418
      vertex 31.103309 35.419002 4.956069
      vertex 31.055009 35.444621 5.577883
    endloop
  endfacet
  facet normal -0.940084 0.329528 -0.087481
    outer loop
      vertex 31.626916 36.907205 4.941418
      vertex 31.055009 35.444621 5.577883
      vertex 31.583752 36.947421 5.556760
    endloop
  endfacet
  facet normal -0.958571 0.271231 -0.087039
    outer loop
      vertex 31.103309 35.419002 4.956069
      vertex 30.656688 33.833116 4.932825
      vertex 30.604007 33.843181 5.544369
    endloop
  endfacet
  facet normal -0.958551 0.271742 -0.085653
    outer loop
      vertex 31.103309 35.419002 4.956069
      vertex 30.604007 33.843181 5.544369
      vertex 31.055009 35.444621 5.577883
    endloop
  endfacet
  facet normal -0.974246 0.205468 -0.092884
    outer loop
      vertex 30.656688 33.833116 4.932825
      vertex 30.328242 32.237337 4.847826
      vertex 30.272339 32.231749 5.421818
    endloop
  endfacet
  facet normal -0.974393 0.207194 -0.087348
    outer loop
      vertex 30.656688 33.833116 4.932825
      vertex 30.272339 32.231749 5.421818
      vertex 30.604007 33.843181 5.544369
    endloop
  endfacet
  facet normal -0.983359 0.151562 -0.100173
    outer loop
      vertex 30.328242 32.237337 4.847826
      vertex 30.102163 30.718993 4.769885
      vertex 30.044043 30.698513 5.309442
    endloop
  endfacet
  facet normal -0.983657 0.153377 -0.094308
    outer loop
      vertex 30.328242 32.237337 4.847826
      vertex 30.044043 30.698513 5.309442
      vertex 30.272339 32.231749 5.421818
    endloop
  endfacet
  facet normal -0.987871 0.117394 -0.101637
    outer loop
      vertex 30.102163 30.718993 4.769885
      vertex 29.934669 29.312917 4.773800
      vertex 29.874906 29.278645 5.315087
    endloop
  endfacet
  facet normal -0.987852 0.117269 -0.101958
    outer loop
      vertex 30.102163 30.718993 4.769885
      vertex 29.874906 29.278645 5.315087
      vertex 30.044043 30.698513 5.309442
    endloop
  endfacet
  facet normal -0.989798 0.103875 -0.097522
    outer loop
      vertex 29.934669 29.312917 4.773800
      vertex 29.791747 28.013574 4.840397
      vertex 29.730582 27.966559 5.411107
    endloop
  endfacet
  facet normal -0.989525 0.101318 -0.102837
    outer loop
      vertex 29.934669 29.312917 4.773800
      vertex 29.730582 27.966559 5.411107
      vertex 29.874906 29.278645 5.315087
    endloop
  endfacet
  facet normal -0.989779 0.107410 -0.093811
    outer loop
      vertex 29.791747 28.013574 4.840397
      vertex 29.655789 26.802770 4.888533
      vertex 29.593291 26.743878 5.480510
    endloop
  endfacet
  facet normal -0.989631 0.105597 -0.097363
    outer loop
      vertex 29.791747 28.013574 4.840397
      vertex 29.593291 26.743878 5.480510
      vertex 29.730582 27.966559 5.411107
    endloop
  endfacet
  facet normal 0.275902 -0.952365 -0.129917
    outer loop
      vertex 29.593291 26.743878 5.480510
      vertex 31.368487 27.257735 5.483590
      vertex 31.277342 27.149180 6.085801
    endloop
  endfacet
  facet normal 0.275961 -0.952322 -0.130111
    outer loop
      vertex 29.593291 26.743878 5.480510
      vertex 31.277342 27.149180 6.085801
      vertex 29.467420 26.625271 6.081663
    endloop
  endfacet
  facet normal -0.275357 0.950550 0.143643
    outer loop
      vertex 33.485390 29.779020 5.305178
      vertex 32.516747 29.498632 5.303792
      vertex 32.391591 29.380699 5.844293
    endloop
  endfacet
  facet normal -0.275418 0.950551 0.143520
    outer loop
      vertex 33.485390 29.779020 5.305178
      vertex 32.391591 29.380699 5.844293
      vertex 33.394764 29.671082 5.846155
    endloop
  endfacet
  facet normal 0.256153 -0.957489 -0.132669
    outer loop
      vertex 31.368487 27.257735 5.483590
      vertex 33.376089 27.792566 5.499862
      vertex 33.324217 27.694473 6.107657
    endloop
  endfacet
  facet normal 0.256445 -0.957261 -0.133744
    outer loop
      vertex 31.368487 27.257735 5.483590
      vertex 33.324217 27.694473 6.107657
      vertex 31.277342 27.149180 6.085801
    endloop
  endfacet
  facet normal -0.255519 0.955436 0.147828
    outer loop
      vertex 34.580847 30.070853 5.312500
      vertex 33.485390 29.779020 5.305178
      vertex 33.394764 29.671082 5.846155
    endloop
  endfacet
  facet normal -0.255812 0.955455 0.147191
    outer loop
      vertex 34.580847 30.070853 5.312500
      vertex 33.394764 29.671082 5.846155
      vertex 34.529270 29.973317 5.855990
    endloop
  endfacet
  facet normal 0.261711 -0.956861 -0.126194
    outer loop
      vertex 33.376089 27.792566 5.499862
      vertex 35.761626 28.433456 5.587657
      vertex 35.756420 28.347901 6.225586
    endloop
  endfacet
  facet normal 0.263148 -0.955712 -0.131785
    outer loop
      vertex 33.376089 27.792566 5.499862
      vertex 35.756420 28.347901 6.225586
      vertex 33.324217 27.694473 6.107657
    endloop
  endfacet
  facet normal -0.260802 0.954213 0.146494
    outer loop
      vertex 35.882525 30.420558 5.352008
      vertex 34.580847 30.070853 5.312500
      vertex 34.529270 29.973317 5.855990
    endloop
  endfacet
  facet normal -0.262036 0.954358 0.143310
    outer loop
      vertex 35.882525 30.420558 5.352008
      vertex 34.529270 29.973317 5.855990
      vertex 35.877349 30.335488 5.909058
    endloop
  endfacet
  facet normal 0.357733 -0.926570 -0.116166
    outer loop
      vertex 35.761626 28.433456 5.587657
      vertex 38.451671 29.461015 5.675568
      vertex 38.499088 29.395561 6.343669
    endloop
  endfacet
  facet normal 0.358757 -0.925529 -0.121200
    outer loop
      vertex 35.761626 28.433456 5.587657
      vertex 38.499088 29.395561 6.343669
      vertex 35.756420 28.347901 6.225586
    endloop
  endfacet
  facet normal -0.356673 0.924011 0.137796
    outer loop
      vertex 37.350360 30.981249 5.391568
      vertex 35.882525 30.420558 5.352008
      vertex 35.877349 30.335488 5.909058
    endloop
  endfacet
  facet normal -0.357687 0.924040 0.134945
    outer loop
      vertex 37.350360 30.981249 5.391568
      vertex 35.877349 30.335488 5.909058
      vertex 37.397508 30.916167 5.962195
    endloop
  endfacet
  facet normal 0.479367 -0.869298 -0.120532
    outer loop
      vertex 38.451671 29.461015 5.675568
      vertex 40.778538 30.747339 5.652556
      vertex 40.871474 30.707047 6.312759
    endloop
  endfacet
  facet normal 0.479168 -0.869591 -0.119203
    outer loop
      vertex 38.451671 29.461015 5.675568
      vertex 40.871474 30.707047 6.312759
      vertex 38.499088 29.395561 6.343669
    endloop
  endfacet
  facet normal -0.478285 0.867226 0.138429
    outer loop
      vertex 38.620025 31.683137 5.381213
      vertex 37.350360 30.981249 5.391568
      vertex 37.397508 30.916167 5.962195
    endloop
  endfacet
  facet normal -0.477973 0.867281 0.139160
    outer loop
      vertex 38.620025 31.683137 5.381213
      vertex 37.397508 30.916167 5.962195
      vertex 38.712433 31.643075 5.948286
    endloop
  endfacet
  facet normal 0.500010 -0.856108 -0.130649
    outer loop
      vertex 40.778538 30.747339 5.652556
      vertex 42.673658 31.873283 5.527390
      vertex 42.803666 31.855018 6.144634
    endloop
  endfacet
  facet normal 0.499020 -0.857874 -0.122601
    outer loop
      vertex 40.778538 30.747339 5.652556
      vertex 42.803666 31.855018 6.144634
      vertex 40.871474 30.707047 6.312759
    endloop
  endfacet
  facet normal -0.499896 0.854395 0.141822
    outer loop
      vertex 39.654105 32.297514 5.324888
      vertex 38.620025 31.683137 5.381213
      vertex 38.712433 31.643075 5.948286
    endloop
  endfacet
  facet normal -0.497687 0.855013 0.145807
    outer loop
      vertex 39.654105 32.297514 5.324888
      vertex 38.712433 31.643075 5.948286
      vertex 39.783375 32.279352 5.872629
    endloop
  endfacet
  facet normal 0.484121 -0.864527 -0.134981
    outer loop
      vertex 42.673658 31.873283 5.527390
      vertex 44.343797 32.824922 5.422436
      vertex 44.506477 32.825272 6.003657
    endloop
  endfacet
  facet normal 0.483054 -0.866275 -0.127379
    outer loop
      vertex 42.673658 31.873283 5.527390
      vertex 44.506477 32.825272 6.003657
      vertex 42.803666 31.855018 6.144634
    endloop
  endfacet
  facet normal -0.484383 0.863100 0.142935
    outer loop
      vertex 40.565424 32.816779 5.277659
      vertex 39.654105 32.297514 5.324888
      vertex 39.783375 32.279352 5.872629
    endloop
  endfacet
  facet normal -0.482311 0.863712 0.146210
    outer loop
      vertex 40.565424 32.816779 5.277659
      vertex 39.783375 32.279352 5.872629
      vertex 40.727179 32.817128 5.809190
    endloop
  endfacet
  facet normal 0.471704 -0.871748 -0.132478
    outer loop
      vertex 44.343797 32.824922 5.422436
      vertex 45.884139 33.660416 5.409194
      vertex 46.076950 33.677110 5.985871
    endloop
  endfacet
  facet normal 0.471500 -0.872015 -0.131443
    outer loop
      vertex 44.343797 32.824922 5.422436
      vertex 46.076950 33.677110 5.985871
      vertex 44.506477 32.825272 6.003657
    endloop
  endfacet
  facet normal -0.471118 0.870434 0.142800
    outer loop
      vertex 41.405918 33.272670 5.271700
      vertex 40.565424 32.816779 5.277659
      vertex 40.727179 32.817128 5.809190
    endloop
  endfacet
  facet normal -0.470856 0.870511 0.143196
    outer loop
      vertex 41.405918 33.272670 5.271700
      vertex 40.727179 32.817128 5.809190
      vertex 41.597634 33.289270 5.801186
    endloop
  endfacet
  facet normal 0.393133 0.906099 -0.156303
    outer loop
      vertex 45.884139 33.660416 5.409194
      vertex 44.586378 34.226180 5.424841
      vertex 44.753803 34.253942 6.006887
    endloop
  endfacet
  facet normal 0.392540 0.906153 -0.157478
    outer loop
      vertex 45.884139 33.660416 5.409194
      vertex 44.753803 34.253942 6.006887
      vertex 46.076950 33.677110 5.985871
    endloop
  endfacet
  facet normal -0.392360 -0.903890 0.170403
    outer loop
      vertex 40.697789 33.581382 5.278741
      vertex 41.405918 33.272670 5.271700
      vertex 41.597634 33.289270 5.801186
    endloop
  endfacet
  facet normal -0.392000 -0.904194 0.169613
    outer loop
      vertex 40.697789 33.581382 5.278741
      vertex 41.597634 33.289270 5.801186
      vertex 40.864263 33.608986 5.810643
    endloop
  endfacet
  facet normal 0.410646 0.896867 -0.164317
    outer loop
      vertex 44.586378 34.226180 5.424841
      vertex 43.198846 34.854633 5.387446
      vertex 43.339128 34.894689 5.956658
    endloop
  endfacet
  facet normal 0.411928 0.896833 -0.161267
    outer loop
      vertex 44.586378 34.226180 5.424841
      vertex 43.339128 34.894689 5.956658
      vertex 44.753803 34.253942 6.006887
    endloop
  endfacet
  facet normal -0.409461 -0.895460 0.174624
    outer loop
      vertex 39.940677 33.924300 5.261913
      vertex 40.697789 33.581382 5.278741
      vertex 40.864263 33.608986 5.810643
    endloop
  endfacet
  facet normal -0.410322 -0.894695 0.176512
    outer loop
      vertex 39.940677 33.924300 5.261913
      vertex 40.864263 33.608986 5.810643
      vertex 40.080162 33.964129 5.788040
    endloop
  endfacet
  facet normal 0.420691 0.890814 -0.171665
    outer loop
      vertex 43.198846 34.854633 5.387446
      vertex 41.679560 35.561663 5.333165
      vertex 41.790121 35.615550 5.883746
    endloop
  endfacet
  facet normal 0.422451 0.890904 -0.166807
    outer loop
      vertex 43.198846 34.854633 5.387446
      vertex 41.790121 35.615550 5.883746
      vertex 43.339128 34.894689 5.956658
    endloop
  endfacet
  facet normal -0.419458 -0.890036 0.178582
    outer loop
      vertex 39.111671 34.310094 5.237487
      vertex 39.940677 33.924300 5.261913
      vertex 40.080162 33.964129 5.788040
    endloop
  endfacet
  facet normal -0.420614 -0.888939 0.181305
    outer loop
      vertex 39.111671 34.310094 5.237487
      vertex 40.080162 33.964129 5.788040
      vertex 39.221605 34.363675 5.755230
    endloop
  endfacet
  facet normal 0.405540 0.898872 -0.166030
    outer loop
      vertex 41.679560 35.561663 5.333165
      vertex 39.958936 36.344347 5.367805
      vertex 40.035838 36.413545 5.930276
    endloop
  endfacet
  facet normal 0.404369 0.898814 -0.169170
    outer loop
      vertex 41.679560 35.561663 5.333165
      vertex 40.035838 36.413545 5.930276
      vertex 41.790121 35.615550 5.883746
    endloop
  endfacet
  facet normal -0.404927 -0.896701 0.178778
    outer loop
      vertex 38.172805 34.737169 5.253075
      vertex 39.111671 34.310094 5.237487
      vertex 39.221605 34.363675 5.755230
    endloop
  endfacet
  facet normal -0.404348 -0.897289 0.177132
    outer loop
      vertex 38.172805 34.737169 5.253075
      vertex 39.221605 34.363675 5.755230
      vertex 38.249271 34.805974 5.776168
    endloop
  endfacet
  facet normal 0.349063 0.925040 -0.149853
    outer loop
      vertex 39.958936 36.344347 5.367805
      vertex 37.977058 37.114139 5.503193
      vertex 38.015191 37.198396 6.112131
    endloop
  endfacet
  facet normal 0.344729 0.924809 -0.160907
    outer loop
      vertex 39.958936 36.344347 5.367805
      vertex 38.015191 37.198396 6.112131
      vertex 40.035838 36.413545 5.930276
    endloop
  endfacet
  facet normal -0.348220 -0.921478 0.172109
    outer loop
      vertex 37.091385 35.157209 5.313999
      vertex 38.172805 34.737169 5.253075
      vertex 38.249271 34.805974 5.776168
    endloop
  endfacet
  facet normal -0.346437 -0.923211 0.166323
    outer loop
      vertex 37.091385 35.157209 5.313999
      vertex 38.249271 34.805974 5.776168
      vertex 37.129302 35.240987 5.858003
    endloop
  endfacet
  facet normal 0.252595 0.957471 -0.139442
    outer loop
      vertex 37.977058 37.114139 5.503193
      vertex 35.859678 37.690143 5.622714
      vertex 35.856390 37.785667 6.272674
    endloop
  endfacet
  facet normal 0.249339 0.957035 -0.148035
    outer loop
      vertex 37.977058 37.114139 5.503193
      vertex 35.856390 37.785667 6.272674
      vertex 38.015191 37.198396 6.112131
    endloop
  endfacet
  facet normal -0.251790 -0.953712 0.164423
    outer loop
      vertex 35.936028 35.471508 5.367784
      vertex 37.091385 35.157209 5.313999
      vertex 37.129302 35.240987 5.858003
    endloop
  endfacet
  facet normal -0.250128 -0.954934 0.159803
    outer loop
      vertex 35.936028 35.471508 5.367784
      vertex 37.129302 35.240987 5.858003
      vertex 35.932759 35.566490 5.930247
    endloop
  endfacet
  facet normal 0.177151 0.973942 -0.141614
    outer loop
      vertex 35.859678 37.690143 5.622714
      vertex 33.880731 38.051394 5.631648
      vertex 33.838731 38.153986 6.284675
    endloop
  endfacet
  facet normal 0.176935 0.973890 -0.142237
    outer loop
      vertex 35.859678 37.690143 5.622714
      vertex 33.838731 38.153986 6.284675
      vertex 35.856390 37.785667 6.272674
    endloop
  endfacet
  facet normal -0.176594 -0.970711 0.162895
    outer loop
      vertex 34.856207 35.668627 5.371804
      vertex 35.936028 35.471508 5.367784
      vertex 35.932759 35.566490 5.930247
    endloop
  endfacet
  facet normal -0.176431 -0.970796 0.162565
    outer loop
      vertex 34.856207 35.668627 5.371804
      vertex 35.932759 35.566490 5.930247
      vertex 34.814446 35.770635 5.935648
    endloop
  endfacet
  facet normal 0.154577 0.976887 -0.147638
    outer loop
      vertex 33.880731 38.051394 5.631648
      vertex 32.128198 38.320216 5.575487
      vertex 32.051915 38.428066 6.209238
    endloop
  endfacet
  facet normal 0.155964 0.977283 -0.143501
    outer loop
      vertex 33.880731 38.051394 5.631648
      vertex 32.051915 38.428066 6.209238
      vertex 33.838731 38.153986 6.284675
    endloop
  endfacet
  facet normal -0.153798 -0.974251 0.164867
    outer loop
      vertex 33.899930 35.815311 5.346532
      vertex 34.856207 35.668627 5.371804
      vertex 34.814446 35.770635 5.935648
    endloop
  endfacet
  facet normal -0.155077 -0.973703 0.166894
    outer loop
      vertex 33.899930 35.815311 5.346532
      vertex 34.814446 35.770635 5.935648
      vertex 33.824081 35.922548 5.901701
    endloop
  endfacet
  facet normal -0.914588 0.365095 -0.173880
    outer loop
      vertex 32.128198 38.320216 5.575487
      vertex 31.583752 36.947421 5.556760
      vertex 31.496818 37.028417 6.184083
    endloop
  endfacet
  facet normal -0.914589 0.365821 -0.172341
    outer loop
      vertex 32.128198 38.320216 5.575487
      vertex 31.496818 37.028417 6.184083
      vertex 32.051915 38.428066 6.209238
    endloop
  endfacet
  facet normal 0.911025 -0.363500 0.194682
    outer loop
      vertex 33.602850 35.066239 5.338104
      vertex 33.899930 35.815311 5.346532
      vertex 33.824081 35.922548 5.901701
    endloop
  endfacet
  facet normal 0.910625 -0.364005 0.195606
    outer loop
      vertex 33.602850 35.066239 5.338104
      vertex 33.824081 35.922548 5.901701
      vertex 33.516411 35.146774 5.890382
    endloop
  endfacet
  facet normal -0.930479 0.325002 -0.169063
    outer loop
      vertex 31.583752 36.947421 5.556760
      vertex 31.055009 35.444621 5.577883
      vertex 30.957733 35.496219 6.212457
    endloop
  endfacet
  facet normal -0.930441 0.324202 -0.170797
    outer loop
      vertex 31.583752 36.947421 5.556760
      vertex 30.957733 35.496219 6.212457
      vertex 31.496818 37.028417 6.184083
    endloop
  endfacet
  facet normal 0.926423 -0.323723 0.192205
    outer loop
      vertex 33.314340 34.246230 5.347610
      vertex 33.602850 35.066239 5.338104
      vertex 33.516411 35.146774 5.890382
    endloop
  endfacet
  facet normal 0.926807 -0.323212 0.191213
    outer loop
      vertex 33.314340 34.246230 5.347610
      vertex 33.516411 35.146774 5.890382
      vertex 33.217616 34.297534 5.903150
    endloop
  endfacet
  facet normal -0.947586 0.270423 -0.170156
    outer loop
      vertex 31.055009 35.444621 5.577883
      vertex 30.604007 33.843181 5.544369
      vertex 30.497908 33.863451 6.167440
    endloop
  endfacet
  facet normal -0.947767 0.271527 -0.167365
    outer loop
      vertex 31.055009 35.444621 5.577883
      vertex 30.497908 33.863451 6.167440
      vertex 30.957733 35.496219 6.212457
    endloop
  endfacet
  facet normal 0.944302 -0.269203 0.189271
    outer loop
      vertex 33.068248 33.372397 5.332529
      vertex 33.314340 34.246230 5.347610
      vertex 33.217616 34.297534 5.903150
    endloop
  endfacet
  facet normal 0.943753 -0.270053 0.190792
    outer loop
      vertex 33.068248 33.372397 5.332529
      vertex 33.217616 34.297534 5.903150
      vertex 32.962752 33.392551 5.882892
    endloop
  endfacet
  facet normal -0.960288 0.211488 -0.181987
    outer loop
      vertex 30.604007 33.843181 5.544369
      vertex 30.272339 32.231749 5.421818
      vertex 30.159752 32.220496 6.002828
    endloop
  endfacet
  facet normal -0.961570 0.215018 -0.170735
    outer loop
      vertex 30.604007 33.843181 5.544369
      vertex 30.159752 32.220496 6.002828
      vertex 30.497908 33.863451 6.167440
    endloop
  endfacet
  facet normal 0.958906 -0.209373 0.191475
    outer loop
      vertex 32.887273 32.493112 5.277381
      vertex 33.068248 33.372397 5.332529
      vertex 32.962752 33.392551 5.882892
    endloop
  endfacet
  facet normal 0.956966 -0.212998 0.197101
    outer loop
      vertex 32.887273 32.493112 5.277381
      vertex 32.962752 33.392551 5.882892
      vertex 32.775325 32.481923 5.808817
    endloop
  endfacet
  facet normal -0.967562 0.158488 -0.196739
    outer loop
      vertex 30.272339 32.231749 5.421818
      vertex 30.044043 30.698513 5.309442
      vertex 29.926990 30.657267 5.851882
    endloop
  endfacet
  facet normal -0.969325 0.162165 -0.184694
    outer loop
      vertex 30.272339 32.231749 5.421818
      vertex 29.926990 30.657267 5.851882
      vertex 30.159752 32.220496 6.002828
    endloop
  endfacet
  facet normal 0.967183 -0.156128 0.200451
    outer loop
      vertex 32.762702 31.656495 5.226812
      vertex 32.887273 32.493112 5.277381
      vertex 32.775325 32.481923 5.808817
    endloop
  endfacet
  facet normal 0.965440 -0.159888 0.205821
    outer loop
      vertex 32.762702 31.656495 5.226812
      vertex 32.775325 32.481923 5.808817
      vertex 32.646314 31.615483 5.740891
    endloop
  endfacet
  facet normal -0.972906 0.115097 -0.200516
    outer loop
      vertex 30.044043 30.698513 5.309442
      vertex 29.874906 29.278645 5.315087
      vertex 29.754544 29.209623 5.859464
    endloop
  endfacet
  facet normal -0.972799 0.114828 -0.201189
    outer loop
      vertex 30.044043 30.698513 5.309442
      vertex 29.754544 29.209623 5.859464
      vertex 29.926990 30.657267 5.851882
    endloop
  endfacet
  facet normal 0.970787 -0.114951 0.210616
    outer loop
      vertex 32.670411 30.881738 5.229352
      vertex 32.762702 31.656495 5.226812
      vertex 32.646314 31.615483 5.740891
    endloop
  endfacet
  facet normal 0.970869 -0.114757 0.210342
    outer loop
      vertex 32.670411 30.881738 5.229352
      vertex 32.646314 31.615483 5.740891
      vertex 32.550733 30.813109 5.744303
    endloop
  endfacet
  facet normal -0.976732 0.093305 -0.193101
    outer loop
      vertex 29.874906 29.278645 5.315087
      vertex 29.730582 27.966559 5.411107
      vertex 29.607397 27.871870 5.988441
    endloop
  endfacet
  facet normal -0.974953 0.087528 -0.204464
    outer loop
      vertex 29.874906 29.278645 5.315087
      vertex 29.607397 27.871870 5.988441
      vertex 29.754544 29.209623 5.859464
    endloop
  endfacet
  facet normal 0.972412 -0.094078 0.213457
    outer loop
      vertex 32.591660 30.165793 5.272561
      vertex 32.670411 30.881738 5.229352
      vertex 32.550733 30.813109 5.744303
    endloop
  endfacet
  facet normal 0.973698 -0.090743 0.208992
    outer loop
      vertex 32.591660 30.165793 5.272561
      vertex 32.550733 30.813109 5.744303
      vertex 32.469175 30.071642 5.802342
    endloop
  endfacet
  facet normal -0.977688 0.099274 -0.185124
    outer loop
      vertex 29.730582 27.966559 5.411107
      vertex 29.593291 26.743878 5.480510
      vertex 29.467420 26.625271 6.081663
    endloop
  endfacet
  facet normal -0.976613 0.095247 -0.192757
    outer loop
      vertex 29.730582 27.966559 5.411107
      vertex 29.467420 26.625271 6.081663
      vertex 29.607397 27.871870 5.988441
    endloop
  endfacet
  facet normal 0.973195 -0.099573 0.207306
    outer loop
      vertex 32.516747 29.498632 5.303792
      vertex 32.591660 30.165793 5.272561
      vertex 32.469175 30.071642 5.802342
    endloop
  endfacet
  facet normal 0.974074 -0.096967 0.204394
    outer loop
      vertex 32.516747 29.498632 5.303792
      vertex 32.469175 30.071642 5.802342
      vertex 32.391591 29.380699 5.844293
    endloop
  endfacet
  facet normal 0.271927 -0.937703 -0.216261
    outer loop
      vertex 29.467420 26.625271 6.081663
      vertex 31.277342 27.149180 6.085801
      vertex 31.121378 26.963422 6.695134
    endloop
  endfacet
  facet normal 0.272017 -0.937609 -0.216556
    outer loop
      vertex 29.467420 26.625271 6.081663
      vertex 31.121378 26.963422 6.695134
      vertex 29.252032 26.422312 6.689852
    endloop
  endfacet
  facet normal -0.270221 0.931968 0.241696
    outer loop
      vertex 33.394764 29.671082 5.846155
      vertex 32.391591 29.380699 5.844293
      vertex 32.175901 29.177455 6.386843
    endloop
  endfacet
  facet normal -0.270319 0.931991 0.241496
    outer loop
      vertex 33.394764 29.671082 5.846155
      vertex 32.175901 29.177455 6.386843
      vertex 33.238580 29.485063 6.389220
    endloop
  endfacet
  facet normal 0.253291 -0.941949 -0.220399
    outer loop
      vertex 31.277342 27.149180 6.085801
      vertex 33.324217 27.694473 6.107657
      vertex 33.235456 27.526618 6.723034
    endloop
  endfacet
  facet normal 0.253733 -0.941441 -0.222057
    outer loop
      vertex 31.277342 27.149180 6.085801
      vertex 33.235456 27.526618 6.723034
      vertex 31.121378 26.963422 6.695134
    endloop
  endfacet
  facet normal -0.251380 0.935535 0.248157
    outer loop
      vertex 34.529270 29.973317 5.855990
      vertex 33.394764 29.671082 5.846155
      vertex 33.238580 29.485063 6.389220
    endloop
  endfacet
  facet normal -0.251848 0.935675 0.247152
    outer loop
      vertex 34.529270 29.973317 5.855990
      vertex 33.238580 29.485063 6.389220
      vertex 34.440384 29.805227 6.401775
    endloop
  endfacet
  facet normal 0.263164 -0.941804 -0.209167
    outer loop
      vertex 33.324217 27.694473 6.107657
      vertex 35.756420 28.347901 6.225586
      vertex 35.747513 28.201499 6.873572
    endloop
  endfacet
  facet normal 0.265380 -0.939197 -0.217904
    outer loop
      vertex 33.324217 27.694473 6.107657
      vertex 35.747513 28.201499 6.873572
      vertex 33.235456 27.526618 6.723034
    endloop
  endfacet
  facet normal -0.260528 0.933819 0.245167
    outer loop
      vertex 35.877349 30.335488 5.909058
      vertex 34.529270 29.973317 5.855990
      vertex 34.440384 29.805227 6.401775
    endloop
  endfacet
  facet normal -0.262470 0.934544 0.240284
    outer loop
      vertex 35.877349 30.335488 5.909058
      vertex 34.440384 29.805227 6.401775
      vertex 35.868429 30.188881 6.469517
    endloop
  endfacet
  facet normal 0.357370 -0.913809 -0.192977
    outer loop
      vertex 35.756420 28.347901 6.225586
      vertex 38.499088 29.395561 6.343669
      vertex 38.580228 29.283556 7.024308
    endloop
  endfacet
  facet normal 0.358871 -0.911488 -0.201002
    outer loop
      vertex 35.756420 28.347901 6.225586
      vertex 38.580228 29.283556 7.024308
      vertex 35.747513 28.201499 6.873572
    endloop
  endfacet
  facet normal -0.354202 0.906092 0.231381
    outer loop
      vertex 37.397508 30.916167 5.962195
      vertex 35.877349 30.335488 5.909058
      vertex 35.868429 30.188881 6.469517
    endloop
  endfacet
  facet normal -0.355850 0.906540 0.227058
    outer loop
      vertex 37.397508 30.916167 5.962195
      vertex 35.868429 30.188881 6.469517
      vertex 37.478762 30.804005 6.537348
    endloop
  endfacet
  facet normal 0.472060 -0.858631 -0.199781
    outer loop
      vertex 38.499088 29.395561 6.343669
      vertex 40.871474 30.707047 6.312759
      vertex 41.030505 30.638102 6.984851
    endloop
  endfacet
  facet normal 0.471825 -0.859254 -0.197644
    outer loop
      vertex 38.499088 29.395561 6.343669
      vertex 41.030505 30.638102 6.984851
      vertex 38.580228 29.283556 7.024308
    endloop
  endfacet
  facet normal -0.468676 0.852249 0.232410
    outer loop
      vertex 38.712433 31.643075 5.948286
      vertex 37.397508 30.916167 5.962195
      vertex 37.478762 30.804005 6.537348
    endloop
  endfacet
  facet normal -0.468153 0.852240 0.233493
    outer loop
      vertex 38.712433 31.643075 5.948286
      vertex 37.478762 30.804005 6.537348
      vertex 38.871686 31.574032 6.519593
    endloop
  endfacet
  facet normal 0.484973 -0.847736 -0.214813
    outer loop
      vertex 40.871474 30.707047 6.312759
      vertex 42.803666 31.855018 6.144634
      vertex 43.026134 31.823762 6.770235
    endloop
  endfacet
  facet normal 0.484123 -0.851390 -0.201892
    outer loop
      vertex 40.871474 30.707047 6.312759
      vertex 43.026134 31.823762 6.770235
      vertex 41.030505 30.638102 6.984851
    endloop
  endfacet
  facet normal -0.483852 0.842533 0.236695
    outer loop
      vertex 39.783375 32.279352 5.872629
      vertex 38.712433 31.643075 5.948286
      vertex 38.871686 31.574032 6.519593
    endloop
  endfacet
  facet normal -0.480227 0.843008 0.242322
    outer loop
      vertex 39.783375 32.279352 5.872629
      vertex 38.871686 31.574032 6.519593
      vertex 40.006155 32.248053 6.423016
    endloop
  endfacet
  facet normal 0.468844 -0.855028 -0.221612
    outer loop
      vertex 42.803666 31.855018 6.144634
      vertex 44.506477 32.825272 6.003657
      vertex 44.784852 32.825872 6.590275
    endloop
  endfacet
  facet normal 0.467854 -0.858672 -0.209272
    outer loop
      vertex 42.803666 31.855018 6.144634
      vertex 44.784852 32.825872 6.590275
      vertex 43.026134 31.823762 6.770235
    endloop
  endfacet
  facet normal -0.468701 0.850665 0.238092
    outer loop
      vertex 40.727179 32.817128 5.809190
      vertex 39.783375 32.279352 5.872629
      vertex 40.006155 32.248053 6.423016
    endloop
  endfacet
  facet normal -0.465387 0.851235 0.242515
    outer loop
      vertex 40.727179 32.817128 5.809190
      vertex 40.006155 32.248053 6.423016
      vertex 41.005945 32.817729 6.342034
    endloop
  endfacet
  facet normal 0.463119 -0.858424 -0.220521
    outer loop
      vertex 44.506477 32.825272 6.003657
      vertex 46.076950 33.677110 5.985871
      vertex 46.406888 33.705678 6.567571
    endloop
  endfacet
  facet normal 0.462869 -0.859006 -0.218773
    outer loop
      vertex 44.506477 32.825272 6.003657
      vertex 46.406888 33.705678 6.567571
      vertex 44.784852 32.825872 6.590275
    endloop
  endfacet
  facet normal -0.461112 0.854192 0.240275
    outer loop
      vertex 41.597634 33.289270 5.801186
      vertex 40.727179 32.817128 5.809190
      vertex 41.005945 32.817729 6.342034
    endloop
  endfacet
  facet normal -0.460695 0.854270 0.240798
    outer loop
      vertex 41.597634 33.289270 5.801186
      vertex 41.005945 32.817729 6.342034
      vertex 41.928034 33.317877 6.331817
    endloop
  endfacet
  facet normal 0.382616 0.887064 -0.258308
    outer loop
      vertex 46.076950 33.677110 5.985871
      vertex 44.753803 34.253942 6.006887
      vertex 45.040298 34.301448 6.594399
    endloop
  endfacet
  facet normal 0.381592 0.887011 -0.259998
    outer loop
      vertex 46.076950 33.677110 5.985871
      vertex 45.040298 34.301448 6.594399
      vertex 46.406888 33.705678 6.567571
    endloop
  endfacet
  facet normal -0.380079 -0.880238 0.284114
    outer loop
      vertex 40.864263 33.608986 5.810643
      vertex 41.597634 33.289270 5.801186
      vertex 41.928034 33.317877 6.331817
    endloop
  endfacet
  facet normal -0.379616 -0.880853 0.282825
    outer loop
      vertex 40.864263 33.608986 5.810643
      vertex 41.928034 33.317877 6.331817
      vertex 41.151160 33.656559 6.343889
    endloop
  endfacet
  facet normal 0.404876 0.872452 -0.273683
    outer loop
      vertex 44.753803 34.253942 6.006887
      vertex 43.339128 34.894689 5.956658
      vertex 43.579177 34.963232 6.530281
    endloop
  endfacet
  facet normal 0.407136 0.872822 -0.269113
    outer loop
      vertex 44.753803 34.253942 6.006887
      vertex 43.579177 34.963232 6.530281
      vertex 45.040298 34.301448 6.594399
    endloop
  endfacet
  facet normal -0.401432 -0.867629 0.293383
    outer loop
      vertex 40.080162 33.964129 5.788040
      vertex 40.864263 33.608986 5.810643
      vertex 41.151160 33.656559 6.343889
    endloop
  endfacet
  facet normal -0.402564 -0.866067 0.296429
    outer loop
      vertex 40.080162 33.964129 5.788040
      vertex 41.151160 33.656559 6.343889
      vertex 40.320547 34.032768 6.315036
    endloop
  endfacet
  facet normal 0.415341 0.863584 -0.285857
    outer loop
      vertex 43.339128 34.894689 5.956658
      vertex 41.790121 35.615550 5.883746
      vertex 41.979313 35.707760 6.437207
    endloop
  endfacet
  facet normal 0.418502 0.864483 -0.278433
    outer loop
      vertex 43.339128 34.894689 5.956658
      vertex 41.979313 35.707760 6.437207
      vertex 43.579177 34.963232 6.530281
    endloop
  endfacet
  facet normal -0.411890 -0.860451 0.299951
    outer loop
      vertex 39.221605 34.363675 5.755230
      vertex 40.080162 33.964129 5.788040
      vertex 40.320547 34.032768 6.315036
    endloop
  endfacet
  facet normal -0.413400 -0.858221 0.304233
    outer loop
      vertex 39.221605 34.363675 5.755230
      vertex 40.320547 34.032768 6.315036
      vertex 39.411062 34.456015 6.273153
    endloop
  endfacet
  facet normal 0.392086 0.877964 -0.274676
    outer loop
      vertex 41.790121 35.615550 5.883746
      vertex 40.035838 36.413545 5.930276
      vertex 40.167433 36.531955 6.496603
    endloop
  endfacet
  facet normal 0.389953 0.877398 -0.279480
    outer loop
      vertex 41.790121 35.615550 5.883746
      vertex 40.167433 36.531955 6.496603
      vertex 41.979313 35.707760 6.437207
    endloop
  endfacet
  facet normal -0.389925 -0.871302 0.297978
    outer loop
      vertex 38.249271 34.805974 5.776168
      vertex 39.221605 34.363675 5.755230
      vertex 39.411062 34.456015 6.273153
    endloop
  endfacet
  facet normal -0.389207 -0.872475 0.295476
    outer loop
      vertex 38.249271 34.805974 5.776168
      vertex 39.411062 34.456015 6.273153
      vertex 38.381050 34.924550 6.299881
    endloop
  endfacet
  facet normal 0.331290 0.910373 -0.247925
    outer loop
      vertex 40.035838 36.413545 5.930276
      vertex 38.015191 37.198396 6.112131
      vertex 38.080444 37.342575 6.728745
    endloop
  endfacet
  facet normal 0.323351 0.908396 -0.265067
    outer loop
      vertex 40.035838 36.413545 5.930276
      vertex 38.080444 37.342575 6.728745
      vertex 40.167433 36.531955 6.496603
    endloop
  endfacet
  facet normal -0.328631 -0.899969 0.286458
    outer loop
      vertex 37.129302 35.240987 5.858003
      vertex 38.249271 34.805974 5.776168
      vertex 38.381050 34.924550 6.299881
    endloop
  endfacet
  facet normal -0.326459 -0.903465 0.277803
    outer loop
      vertex 37.129302 35.240987 5.858003
      vertex 38.381050 34.924550 6.299881
      vertex 37.194646 35.385368 6.404345
    endloop
  endfacet
  facet normal 0.239344 0.943016 -0.231161
    outer loop
      vertex 38.015191 37.198396 6.112131
      vertex 35.856390 37.785667 6.272674
      vertex 35.850765 37.949127 6.933682
    endloop
  endfacet
  facet normal 0.233504 0.941049 -0.244750
    outer loop
      vertex 38.015191 37.198396 6.112131
      vertex 35.850765 37.949127 6.933682
      vertex 38.080444 37.342575 6.728745
    endloop
  endfacet
  facet normal -0.236932 -0.931908 0.274611
    outer loop
      vertex 35.932759 35.566490 5.930247
      vertex 37.129302 35.240987 5.858003
      vertex 37.194646 35.385368 6.404345
    endloop
  endfacet
  facet normal -0.234724 -0.934456 0.267761
    outer loop
      vertex 35.932759 35.566490 5.930247
      vertex 37.194646 35.385368 6.404345
      vertex 35.927126 35.730179 6.496567
    endloop
  endfacet
  facet normal 0.173244 0.956662 -0.234062
    outer loop
      vertex 35.856390 37.785667 6.272674
      vertex 33.838731 38.153986 6.284675
      vertex 33.766862 38.329538 6.949001
    endloop
  endfacet
  facet normal 0.172876 0.956484 -0.235057
    outer loop
      vertex 35.856390 37.785667 6.272674
      vertex 33.766862 38.329538 6.949001
      vertex 35.850765 37.949127 6.933682
    endloop
  endfacet
  facet normal -0.171539 -0.946889 0.271983
    outer loop
      vertex 34.814446 35.770635 5.935648
      vertex 35.932759 35.566490 5.930247
      vertex 35.927126 35.730179 6.496567
    endloop
  endfacet
  facet normal -0.171305 -0.947069 0.271507
    outer loop
      vertex 34.814446 35.770635 5.935648
      vertex 35.927126 35.730179 6.496567
      vertex 34.742476 35.946434 6.503460
    endloop
  endfacet
  facet normal 0.157087 0.957300 -0.242695
    outer loop
      vertex 33.838731 38.153986 6.284675
      vertex 32.051915 38.428066 6.209238
      vertex 31.921381 38.612618 6.852704
    endloop
  endfacet
  facet normal 0.159355 0.958580 -0.236072
    outer loop
      vertex 33.838731 38.153986 6.284675
      vertex 31.921381 38.612618 6.852704
      vertex 33.766862 38.329538 6.949001
    endloop
  endfacet
  facet normal -0.154982 -0.949101 0.274205
    outer loop
      vertex 33.824081 35.922548 5.901701
      vertex 34.814446 35.770635 5.935648
      vertex 34.742476 35.946434 6.503460
    endloop
  endfacet
  facet normal -0.156853 -0.947977 0.277015
    outer loop
      vertex 33.824081 35.922548 5.901701
      vertex 34.742476 35.946434 6.503460
      vertex 33.693363 36.107358 6.460127
    endloop
  endfacet
  facet normal -0.889055 0.357731 -0.285676
    outer loop
      vertex 32.051915 38.428066 6.209238
      vertex 31.496818 37.028417 6.184083
      vertex 31.348059 37.167014 6.820594
    endloop
  endfacet
  facet normal -0.889290 0.358984 -0.283362
    outer loop
      vertex 32.051915 38.428066 6.209238
      vertex 31.348059 37.167014 6.820594
      vertex 31.921381 38.612618 6.852704
    endloop
  endfacet
  facet normal 0.878297 -0.353035 0.322429
    outer loop
      vertex 33.516411 35.146774 5.890382
      vertex 33.824081 35.922548 5.901701
      vertex 33.693363 36.107358 6.460127
    endloop
  endfacet
  facet normal 0.877514 -0.353713 0.323816
    outer loop
      vertex 33.516411 35.146774 5.890382
      vertex 33.693363 36.107358 6.460127
      vertex 33.367443 35.285566 6.445677
    endloop
  endfacet
  facet normal -0.907842 0.314273 -0.277589
    outer loop
      vertex 31.496818 37.028417 6.184083
      vertex 30.957733 35.496219 6.212457
      vertex 30.791274 35.584511 6.856813
    endloop
  endfacet
  facet normal -0.907512 0.312884 -0.280224
    outer loop
      vertex 31.496818 37.028417 6.184083
      vertex 30.791274 35.584511 6.856813
      vertex 31.348059 37.167014 6.820594
    endloop
  endfacet
  facet normal 0.895862 -0.310419 0.317918
    outer loop
      vertex 33.217616 34.297534 5.903150
      vertex 33.516411 35.146774 5.890382
      vertex 33.367443 35.285566 6.445677
    endloop
  endfacet
  facet normal 0.896617 -0.309731 0.316456
    outer loop
      vertex 33.217616 34.297534 5.903150
      vertex 33.367443 35.285566 6.445677
      vertex 33.050924 34.385950 6.461976
    endloop
  endfacet
  facet normal -0.922124 0.267400 -0.279616
    outer loop
      vertex 30.957733 35.496219 6.212457
      vertex 30.497908 33.863451 6.167440
      vertex 30.316353 33.898136 6.799348
    endloop
  endfacet
  facet normal -0.922872 0.269283 -0.275307
    outer loop
      vertex 30.957733 35.496219 6.212457
      vertex 30.316353 33.898136 6.799348
      vertex 30.791274 35.584511 6.856813
    endloop
  endfacet
  facet normal 0.912077 -0.263886 0.313814
    outer loop
      vertex 32.962752 33.392551 5.882892
      vertex 33.217616 34.297534 5.903150
      vertex 33.050924 34.385950 6.461976
    endloop
  endfacet
  facet normal 0.910970 -0.265074 0.316021
    outer loop
      vertex 32.962752 33.392551 5.882892
      vertex 33.050924 34.385950 6.461976
      vertex 32.780942 33.427286 6.436117
    endloop
  endfacet
  facet normal -0.928679 0.220986 -0.297860
    outer loop
      vertex 30.497908 33.863451 6.167440
      vertex 30.159752 32.220496 6.002828
      vertex 29.967095 32.201240 6.589217
    endloop
  endfacet
  facet normal -0.932721 0.226700 -0.280426
    outer loop
      vertex 30.497908 33.863451 6.167440
      vertex 29.967095 32.201240 6.589217
      vertex 30.316353 33.898136 6.799348
    endloop
  endfacet
  facet normal 0.923513 -0.215870 0.317054
    outer loop
      vertex 32.775325 32.481923 5.808817
      vertex 32.962752 33.392551 5.882892
      vertex 32.780942 33.427286 6.436117
    endloop
  endfacet
  facet normal 0.919507 -0.221111 0.324989
    outer loop
      vertex 32.775325 32.481923 5.808817
      vertex 32.780942 33.427286 6.436117
      vertex 32.582397 32.462640 6.341558
    endloop
  endfacet
  facet normal -0.931851 0.169718 -0.320703
    outer loop
      vertex 30.159752 32.220496 6.002828
      vertex 29.926990 30.657267 5.851882
      vertex 29.726691 30.586686 6.396531
    endloop
  endfacet
  facet normal -0.936977 0.175565 -0.302078
    outer loop
      vertex 30.159752 32.220496 6.002828
      vertex 29.726691 30.586686 6.396531
      vertex 29.967095 32.201240 6.589217
    endloop
  endfacet
  facet normal 0.929356 -0.164298 0.330612
    outer loop
      vertex 32.646314 31.615483 5.740891
      vertex 32.775325 32.481923 5.808817
      vertex 32.582397 32.462640 6.341558
    endloop
  endfacet
  facet normal 0.925732 -0.169765 0.337936
    outer loop
      vertex 32.646314 31.615483 5.740891
      vertex 32.582397 32.462640 6.341558
      vertex 32.445733 31.544804 6.254849
    endloop
  endfacet
  facet normal -0.937732 0.109979 -0.329490
    outer loop
      vertex 29.926990 30.657267 5.851882
      vertex 29.754544 29.209623 5.859464
      vertex 29.548583 29.091514 6.406211
    endloop
  endfacet
  facet normal -0.937412 0.109526 -0.330548
    outer loop
      vertex 29.926990 30.657267 5.851882
      vertex 29.548583 29.091514 6.406211
      vertex 29.726691 30.586686 6.396531
    endloop
  endfacet
  facet normal 0.930981 -0.109419 0.348284
    outer loop
      vertex 32.550733 30.813109 5.744303
      vertex 32.646314 31.615483 5.740891
      vertex 32.445733 31.544804 6.254849
    endloop
  endfacet
  facet normal 0.931152 -0.109138 0.347915
    outer loop
      vertex 32.550733 30.813109 5.744303
      vertex 32.445733 31.544804 6.254849
      vertex 32.344483 30.694834 6.259205
    endloop
  endfacet
  facet normal -0.944124 0.072859 -0.321438
    outer loop
      vertex 29.754544 29.209623 5.859464
      vertex 29.607397 27.871870 5.988441
      vertex 29.396605 27.709839 6.570851
    endloop
  endfacet
  facet normal -0.938356 0.062708 -0.339936
    outer loop
      vertex 29.754544 29.209623 5.859464
      vertex 29.396605 27.709839 6.570851
      vertex 29.548583 29.091514 6.406211
    endloop
  endfacet
  facet normal 0.931507 -0.074596 0.355992
    outer loop
      vertex 32.469175 30.071642 5.802342
      vertex 32.550733 30.813109 5.744303
      vertex 32.344483 30.694834 6.259205
    endloop
  endfacet
  facet normal 0.934125 -0.069729 0.350068
    outer loop
      vertex 32.469175 30.071642 5.802342
      vertex 32.344483 30.694834 6.259205
      vertex 32.258087 29.909384 6.333293
    endloop
  endfacet
  facet normal -0.947782 0.083405 -0.307821
    outer loop
      vertex 29.607397 27.871870 5.988441
      vertex 29.467420 26.625271 6.081663
      vertex 29.252032 26.422312 6.689852
    endloop
  endfacet
  facet normal -0.944172 0.076399 -0.320471
    outer loop
      vertex 29.607397 27.871870 5.988441
      vertex 29.252032 26.422312 6.689852
      vertex 29.396605 27.709839 6.570851
    endloop
  endfacet
  facet normal 0.934516 -0.083934 0.345882
    outer loop
      vertex 32.391591 29.380699 5.844293
      vertex 32.469175 30.071642 5.802342
      vertex 32.258087 29.909384 6.333293
    endloop
  endfacet
  facet normal 0.936212 -0.080089 0.342188
    outer loop
      vertex 32.391591 29.380699 5.844293
      vertex 32.258087 29.909384 6.333293
      vertex 32.175901 29.177455 6.386843
    endloop
  endfacet
  facet normal 0.264298 -0.909938 -0.319624
    outer loop
      vertex 29.252032 26.422312 6.689852
      vertex 31.121378 26.963422 6.695134
      vertex 30.881779 26.678055 7.309422
    endloop
  endfacet
  facet normal 0.264409 -0.909781 -0.319979
    outer loop
      vertex 29.252032 26.422312 6.689852
      vertex 30.881779 26.678055 7.309422
      vertex 28.921145 26.110520 7.302936
    endloop
  endfacet
  facet normal -0.260630 0.897638 0.355413
    outer loop
      vertex 33.238580 29.485063 6.389220
      vertex 32.175901 29.177455 6.386843
      vertex 31.845529 28.866148 6.930821
    endloop
  endfacet
  facet normal -0.260751 0.897699 0.355170
    outer loop
      vertex 33.238580 29.485063 6.389220
      vertex 31.845529 28.866148 6.930821
      vertex 32.999355 29.200140 6.933740
    endloop
  endfacet
  facet normal 0.247461 -0.912807 -0.324879
    outer loop
      vertex 31.121378 26.963422 6.695134
      vertex 33.235456 27.526618 6.723034
      vertex 33.099097 27.268754 7.343684
    endloop
  endfacet
  facet normal 0.247994 -0.911936 -0.326912
    outer loop
      vertex 31.121378 26.963422 6.695134
      vertex 33.099097 27.268754 7.343684
      vertex 30.881779 26.678055 7.309422
    endloop
  endfacet
  facet normal -0.243349 0.899207 0.363604
    outer loop
      vertex 34.440384 29.805227 6.401775
      vertex 33.238580 29.485063 6.389220
      vertex 32.999355 29.200140 6.933740
    endloop
  endfacet
  facet normal -0.243919 0.899528 0.362427
    outer loop
      vertex 34.440384 29.805227 6.401775
      vertex 32.999355 29.200140 6.933740
      vertex 34.304237 29.547764 6.949158
    endloop
  endfacet
  facet normal 0.264006 -0.913920 -0.308304
    outer loop
      vertex 33.235456 27.526618 6.723034
      vertex 35.747513 28.201499 6.873572
      vertex 35.733829 27.976593 7.528556
    endloop
  endfacet
  facet normal 0.266709 -0.909375 -0.319225
    outer loop
      vertex 33.235456 27.526618 6.723034
      vertex 35.733829 27.976593 7.528556
      vertex 33.099097 27.268754 7.343684
    endloop
  endfacet
  facet normal -0.258068 0.897389 0.357902
    outer loop
      vertex 35.868429 30.188881 6.469517
      vertex 34.440384 29.805227 6.401775
      vertex 34.304237 29.547764 6.949158
    endloop
  endfacet
  facet normal -0.260404 0.898919 0.352326
    outer loop
      vertex 35.868429 30.188881 6.469517
      vertex 34.304237 29.547764 6.949158
      vertex 35.854767 29.964324 7.032350
    endloop
  endfacet
  facet normal 0.355156 -0.889875 -0.286333
    outer loop
      vertex 35.747513 28.201499 6.873572
      vertex 38.580228 29.283556 7.024308
      vertex 38.704878 29.111491 7.713669
    endloop
  endfacet
  facet normal 0.356846 -0.885791 -0.296706
    outer loop
      vertex 35.747513 28.201499 6.873572
      vertex 38.704878 29.111491 7.713669
      vertex 35.733829 27.976593 7.528556
    endloop
  endfacet
  facet normal -0.348034 0.873614 0.340103
    outer loop
      vertex 37.478762 30.804005 6.537348
      vertex 35.868429 30.188881 6.469517
      vertex 35.854767 29.964324 7.032350
    endloop
  endfacet
  facet normal -0.350089 0.874692 0.335189
    outer loop
      vertex 37.478762 30.804005 6.537348
      vertex 35.854767 29.964324 7.032350
      vertex 37.603218 30.632208 7.115651
    endloop
  endfacet
  facet normal 0.458608 -0.838186 -0.295165
    outer loop
      vertex 38.580228 29.283556 7.024308
      vertex 41.030505 30.638102 6.984851
      vertex 41.274812 30.532185 7.665213
    endloop
  endfacet
  facet normal 0.458439 -0.839256 -0.292374
    outer loop
      vertex 38.580228 29.283556 7.024308
      vertex 41.274812 30.532185 7.665213
      vertex 38.704878 29.111491 7.713669
    endloop
  endfacet
  facet normal -0.451295 0.824246 0.341983
    outer loop
      vertex 38.871686 31.574032 6.519593
      vertex 37.478762 30.804005 6.537348
      vertex 37.603218 30.632208 7.115651
    endloop
  endfacet
  facet normal -0.450631 0.824110 0.343181
    outer loop
      vertex 38.871686 31.574032 6.519593
      vertex 37.603218 30.632208 7.115651
      vertex 39.115614 31.468280 7.093846
    endloop
  endfacet
  facet normal 0.460189 -0.831087 -0.312284
    outer loop
      vertex 41.030505 30.638102 6.984851
      vertex 43.026134 31.823762 6.770235
      vertex 43.367897 31.775747 7.401651
    endloop
  endfacet
  facet normal 0.460176 -0.837183 -0.295572
    outer loop
      vertex 41.030505 30.638102 6.984851
      vertex 43.367897 31.775747 7.401651
      vertex 41.274812 30.532185 7.665213
    endloop
  endfacet
  facet normal -0.457479 0.819467 0.345235
    outer loop
      vertex 40.006155 32.248053 6.423016
      vertex 38.871686 31.574032 6.519593
      vertex 39.115614 31.468280 7.093846
    endloop
  endfacet
  facet normal -0.453049 0.819442 0.351086
    outer loop
      vertex 40.006155 32.248053 6.423016
      vertex 39.115614 31.468280 7.093846
      vertex 40.347386 32.200112 6.975243
    endloop
  endfacet
  facet normal 0.444025 -0.836797 -0.320333
    outer loop
      vertex 43.026134 31.823762 6.770235
      vertex 44.784852 32.825872 6.590275
      vertex 45.212501 32.826794 7.180648
    endloop
  endfacet
  facet normal 0.443805 -0.842871 -0.304312
    outer loop
      vertex 43.026134 31.823762 6.770235
      vertex 45.212501 32.826794 7.180648
      vertex 43.367897 31.775747 7.401651
    endloop
  endfacet
  facet normal -0.443252 0.827057 0.345694
    outer loop
      vertex 41.005945 32.817729 6.342034
      vertex 40.006155 32.248053 6.423016
      vertex 40.347386 32.200112 6.975243
    endloop
  endfacet
  facet normal -0.439338 0.827324 0.350025
    outer loop
      vertex 41.005945 32.817729 6.342034
      vertex 40.347386 32.200112 6.975243
      vertex 41.432928 32.818649 6.875791
    endloop
  endfacet
  facet normal 0.447383 -0.833196 -0.325011
    outer loop
      vertex 44.784852 32.825872 6.590275
      vertex 46.406888 33.705678 6.567571
      vertex 46.913748 33.749564 7.152766
    endloop
  endfacet
  facet normal 0.447199 -0.834218 -0.322635
    outer loop
      vertex 44.784852 32.825872 6.590275
      vertex 46.913748 33.749564 7.152766
      vertex 45.212501 32.826794 7.180648
    endloop
  endfacet
  facet normal -0.443065 0.824060 0.353013
    outer loop
      vertex 41.928034 33.317877 6.331817
      vertex 41.005945 32.817729 6.342034
      vertex 41.432928 32.818649 6.875791
    endloop
  endfacet
  facet normal -0.442575 0.824112 0.353507
    outer loop
      vertex 41.928034 33.317877 6.331817
      vertex 41.432928 32.818649 6.875791
      vertex 42.434105 33.361695 6.863244
    endloop
  endfacet
  facet normal 0.364067 0.852041 -0.376140
    outer loop
      vertex 46.406888 33.705678 6.567571
      vertex 45.040298 34.301448 6.594399
      vertex 45.480422 34.374428 7.185713
    endloop
  endfacet
  facet normal 0.362664 0.851817 -0.377999
    outer loop
      vertex 46.406888 33.705678 6.567571
      vertex 45.480422 34.374428 7.185713
      vertex 46.913748 33.749564 7.152766
    endloop
  endfacet
  facet normal -0.358956 -0.838027 0.410927
    outer loop
      vertex 41.151160 33.656559 6.343889
      vertex 41.928034 33.317877 6.331817
      vertex 42.434105 33.361695 6.863244
    endloop
  endfacet
  facet normal -0.358548 -0.838951 0.409396
    outer loop
      vertex 41.151160 33.656559 6.343889
      vertex 42.434105 33.361695 6.863244
      vertex 41.590599 33.729426 6.878070
    endloop
  endfacet
  facet normal 0.392362 0.827332 -0.401963
    outer loop
      vertex 45.040298 34.301448 6.594399
      vertex 43.579177 34.963232 6.530281
      vertex 43.947948 35.068531 7.106971
    endloop
  endfacet
  facet normal 0.395570 0.828360 -0.396666
    outer loop
      vertex 45.040298 34.301448 6.594399
      vertex 43.947948 35.068531 7.106971
      vertex 45.480422 34.374428 7.185713
    endloop
  endfacet
  facet normal -0.385124 -0.817446 0.428325
    outer loop
      vertex 40.320547 34.032768 6.315036
      vertex 41.151160 33.656559 6.343889
      vertex 41.590599 33.729426 6.878070
    endloop
  endfacet
  facet normal -0.386143 -0.815081 0.431898
    outer loop
      vertex 40.320547 34.032768 6.315036
      vertex 41.590599 33.729426 6.878070
      vertex 40.688744 34.137902 6.842637
    endloop
  endfacet
  facet normal 0.403097 0.813874 -0.418476
    outer loop
      vertex 43.579177 34.963232 6.530281
      vertex 41.979313 35.707760 6.437207
      vertex 42.269955 35.849417 6.992671
    endloop
  endfacet
  facet normal 0.407676 0.816057 -0.409697
    outer loop
      vertex 43.579177 34.963232 6.530281
      vertex 42.269955 35.849417 6.992671
      vertex 43.947948 35.068531 7.106971
    endloop
  endfacet
  facet normal -0.395928 -0.807515 0.437219
    outer loop
      vertex 39.411062 34.456015 6.273153
      vertex 40.320547 34.032768 6.315036
      vertex 40.688744 34.137902 6.842637
    endloop
  endfacet
  facet normal -0.397274 -0.804192 0.442096
    outer loop
      vertex 39.411062 34.456015 6.273153
      vertex 40.688744 34.137902 6.842637
      vertex 39.701252 34.597451 6.791201
    endloop
  endfacet
  facet normal 0.368730 0.839382 -0.399345
    outer loop
      vertex 41.979313 35.707760 6.437207
      vertex 40.167433 36.531955 6.496603
      vertex 40.369593 36.713861 7.065612
    endloop
  endfacet
  facet normal 0.365648 0.838003 -0.405034
    outer loop
      vertex 41.979313 35.707760 6.437207
      vertex 40.369593 36.713861 7.065612
      vertex 42.269955 35.849417 6.992671
    endloop
  endfacet
  facet normal -0.364606 -0.826053 0.429765
    outer loop
      vertex 38.381050 34.924550 6.299881
      vertex 39.411062 34.456015 6.273153
      vertex 39.701252 34.597451 6.791201
    endloop
  endfacet
  facet normal -0.363999 -0.827753 0.427001
    outer loop
      vertex 38.381050 34.924550 6.299881
      vertex 39.701252 34.597451 6.791201
      vertex 38.582896 35.106173 6.824025
    endloop
  endfacet
  facet normal 0.302090 0.881605 -0.362649
    outer loop
      vertex 40.167433 36.531955 6.496603
      vertex 38.080444 37.342575 6.728745
      vertex 38.180687 37.564067 7.350699
    endloop
  endfacet
  facet normal 0.290559 0.876650 -0.383486
    outer loop
      vertex 40.167433 36.531955 6.496603
      vertex 38.180687 37.564067 7.350699
      vertex 40.369593 36.713861 7.065612
    endloop
  endfacet
  facet normal -0.297927 -0.860644 0.412955
    outer loop
      vertex 37.194646 35.385368 6.404345
      vertex 38.381050 34.924550 6.299881
      vertex 38.582896 35.106173 6.824025
    endloop
  endfacet
  facet normal -0.296091 -0.865756 0.403480
    outer loop
      vertex 37.194646 35.385368 6.404345
      vertex 38.582896 35.106173 6.824025
      vertex 37.294733 35.606515 6.952314
    endloop
  endfacet
  facet normal 0.217512 0.914674 -0.340675
    outer loop
      vertex 38.080444 37.342575 6.728745
      vertex 35.850765 37.949127 6.933682
      vertex 35.842124 38.200240 7.602374
    endloop
  endfacet
  facet normal 0.209071 0.910092 -0.357802
    outer loop
      vertex 38.080444 37.342575 6.728745
      vertex 35.842124 38.200240 7.602374
      vertex 38.180687 37.564067 7.350699
    endloop
  endfacet
  facet normal -0.213571 -0.891774 0.398908
    outer loop
      vertex 35.927126 35.730179 6.496567
      vertex 37.194646 35.385368 6.404345
      vertex 37.294733 35.606515 6.952314
    endloop
  endfacet
  facet normal -0.211422 -0.895594 0.391424
    outer loop
      vertex 35.927126 35.730179 6.496567
      vertex 37.294733 35.606515 6.952314
      vertex 35.918498 35.980901 7.065568
    endloop
  endfacet
  facet normal 0.166205 0.924312 -0.343546
    outer loop
      vertex 35.850765 37.949127 6.933682
      vertex 33.766862 38.329538 6.949001
      vertex 33.656455 38.599228 7.621187
    endloop
  endfacet
  facet normal 0.165693 0.923929 -0.344820
    outer loop
      vertex 35.850765 37.949127 6.933682
      vertex 33.656455 38.599228 7.621187
      vertex 35.842124 38.200240 7.602374
    endloop
  endfacet
  facet normal -0.162686 -0.903818 0.395786
    outer loop
      vertex 34.742476 35.946434 6.503460
      vertex 35.927126 35.730179 6.496567
      vertex 35.918498 35.980901 7.065568
    endloop
  endfacet
  facet normal -0.162437 -0.904084 0.395280
    outer loop
      vertex 34.742476 35.946434 6.503460
      vertex 35.918498 35.980901 7.065568
      vertex 34.632240 36.215704 7.074034
    endloop
  endfacet
  facet normal 0.159828 0.921980 -0.352715
    outer loop
      vertex 33.766862 38.329538 6.949001
      vertex 31.921381 38.612618 6.852704
      vertex 31.720851 38.896131 7.502928
    endloop
  endfacet
  facet normal 0.162864 0.924651 -0.344231
    outer loop
      vertex 33.766862 38.329538 6.949001
      vertex 31.720851 38.896131 7.502928
      vertex 33.656455 38.599228 7.621187
    endloop
  endfacet
  facet normal -0.155158 -0.904633 0.396945
    outer loop
      vertex 33.693363 36.107358 6.460127
      vertex 34.742476 35.946434 6.503460
      vertex 34.632240 36.215704 7.074034
    endloop
  endfacet
  facet normal -0.157194 -0.903033 0.399776
    outer loop
      vertex 33.693363 36.107358 6.460127
      vertex 34.632240 36.215704 7.074034
      vertex 33.493145 36.390430 7.020817
    endloop
  endfacet
  facet normal -0.843181 0.343588 -0.413512
    outer loop
      vertex 31.921381 38.612618 6.852704
      vertex 31.348059 37.167014 6.820594
      vertex 31.119531 37.379933 7.463495
    endloop
  endfacet
  facet normal -0.843795 0.345331 -0.410801
    outer loop
      vertex 31.921381 38.612618 6.852704
      vertex 31.119531 37.379933 7.463495
      vertex 31.720851 38.896131 7.502928
    endloop
  endfacet
  facet normal 0.821600 -0.333967 0.461995
    outer loop
      vertex 33.367443 35.285566 6.445677
      vertex 33.693363 36.107358 6.460127
      vertex 33.493145 36.390430 7.020817
    endloop
  endfacet
  facet normal 0.820489 -0.334621 0.463494
    outer loop
      vertex 33.367443 35.285566 6.445677
      vertex 33.493145 36.390430 7.020817
      vertex 33.139271 35.498154 7.003072
    endloop
  endfacet
  facet normal -0.866610 0.295708 -0.401924
    outer loop
      vertex 31.348059 37.167014 6.820594
      vertex 30.791274 35.584511 6.856813
      vertex 30.535556 35.720149 7.507974
    endloop
  endfacet
  facet normal -0.865811 0.293770 -0.405057
    outer loop
      vertex 31.348059 37.167014 6.820594
      vertex 30.535556 35.720149 7.507974
      vertex 31.119531 37.379933 7.463495
    endloop
  endfacet
  facet normal 0.842629 -0.288228 0.454863
    outer loop
      vertex 33.050924 34.385950 6.461976
      vertex 33.367443 35.285566 6.445677
      vertex 33.139271 35.498154 7.003072
    endloop
  endfacet
  facet normal 0.843697 -0.287556 0.453307
    outer loop
      vertex 33.050924 34.385950 6.461976
      vertex 33.139271 35.498154 7.003072
      vertex 32.795603 34.521377 7.023088
    endloop
  endfacet
  facet normal -0.876440 0.260622 -0.404880
    outer loop
      vertex 30.791274 35.584511 6.856813
      vertex 30.316353 33.898136 6.799348
      vertex 30.037441 33.951421 7.437404
    endloop
  endfacet
  facet normal -0.878059 0.263227 -0.399655
    outer loop
      vertex 30.791274 35.584511 6.856813
      vertex 30.037441 33.951421 7.437404
      vertex 30.535556 35.720149 7.507974
    endloop
  endfacet
  facet normal 0.856036 -0.253235 0.450638
    outer loop
      vertex 32.780942 33.427286 6.436117
      vertex 33.050924 34.385950 6.461976
      vertex 32.795603 34.521377 7.023088
    endloop
  endfacet
  facet normal 0.854454 -0.254453 0.452948
    outer loop
      vertex 32.780942 33.427286 6.436117
      vertex 32.795603 34.521377 7.023088
      vertex 32.502465 33.480488 6.991331
    endloop
  endfacet
  facet normal -0.873964 0.232714 -0.426651
    outer loop
      vertex 30.316353 33.898136 6.799348
      vertex 29.967095 32.201240 6.589217
      vertex 29.671128 32.171658 7.179349
    endloop
  endfacet
  facet normal -0.881905 0.240321 -0.405574
    outer loop
      vertex 30.316353 33.898136 6.799348
      vertex 29.671128 32.171658 7.179349
      vertex 30.037441 33.951421 7.437404
    endloop
  endfacet
  facet normal 0.862846 -0.222101 0.454057
    outer loop
      vertex 32.582397 32.462640 6.341558
      vertex 32.780942 33.427286 6.436117
      vertex 32.502465 33.480488 6.991331
    endloop
  endfacet
  facet normal 0.857144 -0.227646 0.462041
    outer loop
      vertex 32.582397 32.462640 6.341558
      vertex 32.502465 33.480488 6.991331
      vertex 32.286891 32.433104 6.875207
    endloop
  endfacet
  facet normal -0.871546 0.184010 -0.454476
    outer loop
      vertex 29.967095 32.201240 6.589217
      vertex 29.726691 30.586686 6.396531
      vertex 29.418984 30.478259 6.942718
    endloop
  endfacet
  facet normal -0.881134 0.191609 -0.432307
    outer loop
      vertex 29.967095 32.201240 6.589217
      vertex 29.418984 30.478259 6.942718
      vertex 29.671128 32.171658 7.179349
    endloop
  endfacet
  facet normal 0.865629 -0.173268 0.469749
    outer loop
      vertex 32.445733 31.544804 6.254849
      vertex 32.582397 32.462640 6.341558
      vertex 32.286891 32.433104 6.875207
    endloop
  endfacet
  facet normal 0.860583 -0.179085 0.476786
    outer loop
      vertex 32.445733 31.544804 6.254849
      vertex 32.286891 32.433104 6.875207
      vertex 32.138505 31.436545 6.768723
    endloop
  endfacet
  facet normal -0.875854 0.101279 -0.471828
    outer loop
      vertex 29.726691 30.586686 6.396531
      vertex 29.548583 29.091514 6.406211
      vertex 29.232178 28.910071 6.954605
    endloop
  endfacet
  facet normal -0.875238 0.100674 -0.473100
    outer loop
      vertex 29.726691 30.586686 6.396531
      vertex 29.232178 28.910071 6.954605
      vertex 29.418984 30.478259 6.942718
    endloop
  endfacet
  facet normal 0.863136 -0.100282 0.494914
    outer loop
      vertex 32.344483 30.694834 6.259205
      vertex 32.445733 31.544804 6.254849
      vertex 32.138505 31.436545 6.768723
    endloop
  endfacet
  facet normal 0.863370 -0.099980 0.494568
    outer loop
      vertex 32.344483 30.694834 6.259205
      vertex 32.138505 31.436545 6.768723
      vertex 32.028571 30.513672 6.774072
    endloop
  endfacet
  facet normal -0.881767 0.040997 -0.469900
    outer loop
      vertex 29.548583 29.091514 6.406211
      vertex 29.396605 27.709839 6.570851
      vertex 29.072778 27.460922 7.156795
    endloop
  endfacet
  facet normal -0.869682 0.026893 -0.492879
    outer loop
      vertex 29.548583 29.091514 6.406211
      vertex 29.072778 27.460922 7.156795
      vertex 29.232178 28.910071 6.954605
    endloop
  endfacet
  facet normal 0.858608 -0.046286 0.510539
    outer loop
      vertex 32.258087 29.909384 6.333293
      vertex 32.344483 30.694834 6.259205
      vertex 32.028571 30.513672 6.774072
    endloop
  endfacet
  facet normal 0.862120 -0.040947 0.505047
    outer loop
      vertex 32.258087 29.909384 6.333293
      vertex 32.028571 30.513672 6.774072
      vertex 31.934765 29.660854 6.865057
    endloop
  endfacet
  facet normal -0.890611 0.058319 -0.451012
    outer loop
      vertex 29.396605 27.709839 6.570851
      vertex 29.252032 26.422312 6.689852
      vertex 28.921145 26.110520 7.302936
    endloop
  endfacet
  facet normal -0.882790 0.048560 -0.467252
    outer loop
      vertex 29.396605 27.709839 6.570851
      vertex 28.921145 26.110520 7.302936
      vertex 29.072778 27.460922 7.156795
    endloop
  endfacet
  facet normal 0.865228 -0.060742 0.497686
    outer loop
      vertex 32.175901 29.177455 6.386843
      vertex 32.258087 29.909384 6.333293
      vertex 31.934765 29.660854 6.865057
    endloop
  endfacet
  facet normal 0.867367 -0.056477 0.494454
    outer loop
      vertex 32.175901 29.177455 6.386843
      vertex 31.934765 29.660854 6.865057
      vertex 31.845529 28.866148 6.930821
    endloop
  endfacet
  facet normal 0.252642 -0.867901 -0.427691
    outer loop
      vertex 28.921145 26.110520 7.302936
      vertex 30.881779 26.678055 7.309422
      vertex 30.543878 26.275606 7.926497
    endloop
  endfacet
  facet normal 0.252752 -0.867702 -0.428030
    outer loop
      vertex 28.921145 26.110520 7.302936
      vertex 30.543878 26.275606 7.926497
      vertex 28.454502 25.670805 7.918772
    endloop
  endfacet
  facet normal -0.246131 0.846166 0.472676
    outer loop
      vertex 32.999355 29.200140 6.933740
      vertex 31.845529 28.866148 6.930821
      vertex 31.378364 28.425941 7.475600
    endloop
  endfacet
  facet normal -0.246240 0.846250 0.472469
    outer loop
      vertex 32.999355 29.200140 6.933740
      vertex 31.378364 28.425941 7.475600
      vertex 32.661076 28.797241 7.479077
    endloop
  endfacet
  facet normal 0.238241 -0.869152 -0.433378
    outer loop
      vertex 30.881779 26.678055 7.309422
      vertex 33.099097 27.268754 7.343684
      vertex 32.906793 26.905093 7.967302
    endloop
  endfacet
  facet normal 0.238760 -0.868015 -0.435367
    outer loop
      vertex 30.881779 26.678055 7.309422
      vertex 32.906793 26.905093 7.967302
      vertex 30.543878 26.275606 7.926497
    endloop
  endfacet
  facet normal -0.230937 0.845518 0.481422
    outer loop
      vertex 34.304237 29.547764 6.949158
      vertex 32.999355 29.200140 6.933740
      vertex 32.661076 28.797241 7.479077
    endloop
  endfacet
  facet normal -0.231440 0.845934 0.480448
    outer loop
      vertex 34.304237 29.547764 6.949158
      vertex 32.661076 28.797241 7.479077
      vertex 34.111718 29.183696 7.497439
    endloop
  endfacet
  facet normal 0.263256 -0.872249 -0.412162
    outer loop
      vertex 33.099097 27.268754 7.343684
      vertex 35.733829 27.976593 7.528556
      vertex 35.714531 27.659411 8.187475
    endloop
  endfacet
  facet normal 0.265886 -0.866183 -0.423122
    outer loop
      vertex 33.099097 27.268754 7.343684
      vertex 35.714531 27.659411 8.187475
      vertex 32.906793 26.905093 7.967302
    endloop
  endfacet
  facet normal -0.252246 0.844598 0.472256
    outer loop
      vertex 35.854767 29.964324 7.032350
      vertex 34.304237 29.547764 6.949158
      vertex 34.111718 29.183696 7.497439
    endloop
  endfacet
  facet normal -0.254302 0.846496 0.467735
    outer loop
      vertex 35.854767 29.964324 7.032350
      vertex 34.111718 29.183696 7.497439
      vertex 35.835447 29.646788 7.596517
    endloop
  endfacet
  facet normal 0.349995 -0.853157 -0.386816
    outer loop
      vertex 35.733829 27.976593 7.528556
      vertex 38.704878 29.111491 7.713669
      vertex 38.880670 28.868831 8.407936
    endloop
  endfacet
  facet normal 0.351442 -0.847546 -0.397687
    outer loop
      vertex 35.733829 27.976593 7.528556
      vertex 38.880670 28.868831 8.407936
      vertex 35.714531 27.659411 8.187475
    endloop
  endfacet
  facet normal -0.336873 0.825396 0.453031
    outer loop
      vertex 37.603218 30.632208 7.115651
      vertex 35.854767 29.964324 7.032350
      vertex 35.835447 29.646788 7.596517
    endloop
  endfacet
  facet normal -0.338748 0.826811 0.449037
    outer loop
      vertex 37.603218 30.632208 7.115651
      vertex 35.835447 29.646788 7.596517
      vertex 37.779206 30.389276 7.695724
    endloop
  endfacet
  facet normal 0.438435 -0.806619 -0.396410
    outer loop
      vertex 38.704878 29.111491 7.713669
      vertex 41.274812 30.532185 7.665213
      vertex 41.619355 30.382812 8.350228
    endloop
  endfacet
  facet normal 0.438423 -0.808074 -0.393449
    outer loop
      vertex 38.704878 29.111491 7.713669
      vertex 41.619355 30.382812 8.350228
      vertex 38.880670 28.868831 8.407936
    endloop
  endfacet
  facet normal -0.425441 0.781495 0.456361
    outer loop
      vertex 39.115614 31.468280 7.093846
      vertex 37.603218 30.632208 7.115651
      vertex 37.779206 30.389276 7.695724
    endloop
  endfacet
  facet normal -0.424834 0.781272 0.457308
    outer loop
      vertex 39.115614 31.468280 7.093846
      vertex 37.779206 30.389276 7.695724
      vertex 39.460542 31.318741 7.669755
    endloop
  endfacet
  facet normal 0.427071 -0.805776 -0.410288
    outer loop
      vertex 41.274812 30.532185 7.665213
      vertex 43.367897 31.775747 7.401651
      vertex 43.849879 31.708031 8.036338
    endloop
  endfacet
  facet normal 0.428228 -0.813815 -0.392845
    outer loop
      vertex 41.274812 30.532185 7.665213
      vertex 43.849879 31.708031 8.036338
      vertex 41.619355 30.382812 8.350228
    endloop
  endfacet
  facet normal -0.421702 0.783693 0.456061
    outer loop
      vertex 40.347386 32.200112 6.975243
      vertex 39.115614 31.468280 7.093846
      vertex 39.460542 31.318741 7.669755
    endloop
  endfacet
  facet normal -0.417848 0.783226 0.460391
    outer loop
      vertex 40.347386 32.200112 6.975243
      vertex 39.460542 31.318741 7.669755
      vertex 40.829908 32.132320 7.528505
    endloop
  endfacet
  facet normal 0.411659 -0.810204 -0.417260
    outer loop
      vertex 43.367897 31.775747 7.401651
      vertex 45.212501 32.826794 7.180648
      vertex 45.815607 32.828094 7.773133
    endloop
  endfacet
  facet normal 0.412538 -0.818141 -0.400571
    outer loop
      vertex 43.367897 31.775747 7.401651
      vertex 45.815607 32.828094 7.773133
      vertex 43.849879 31.708031 8.036338
    endloop
  endfacet
  facet normal -0.409351 0.791411 0.453983
    outer loop
      vertex 41.432928 32.818649 6.875791
      vertex 40.347386 32.200112 6.975243
      vertex 40.829908 32.132320 7.528505
    endloop
  endfacet
  facet normal -0.406073 0.791377 0.456976
    outer loop
      vertex 41.432928 32.818649 6.875791
      vertex 40.829908 32.132320 7.528505
      vertex 42.036709 32.819950 7.410063
    endloop
  endfacet
  facet normal 0.424339 -0.795400 -0.432752
    outer loop
      vertex 45.212501 32.826794 7.180648
      vertex 46.913748 33.749564 7.152766
      vertex 47.628563 33.811456 7.739927
    endloop
  endfacet
  facet normal 0.424317 -0.796809 -0.430175
    outer loop
      vertex 45.212501 32.826794 7.180648
      vertex 47.628563 33.811456 7.739927
      vertex 45.815607 32.828094 7.773133
    endloop
  endfacet
  facet normal -0.416580 0.778853 0.468880
    outer loop
      vertex 42.434105 33.361695 6.863244
      vertex 41.432928 32.818649 6.875791
      vertex 42.036709 32.819950 7.410063
    endloop
  endfacet
  facet normal -0.416170 0.778878 0.469203
    outer loop
      vertex 42.434105 33.361695 6.863244
      vertex 42.036709 32.819950 7.410063
      vertex 43.149721 33.423657 7.395120
    endloop
  endfacet
  facet normal 0.338198 0.801747 -0.492772
    outer loop
      vertex 46.913748 33.749564 7.152766
      vertex 45.480422 34.374428 7.185713
      vertex 46.101120 34.477351 7.779165
    endloop
  endfacet
  facet normal 0.336680 0.801412 -0.494353
    outer loop
      vertex 46.913748 33.749564 7.152766
      vertex 46.101120 34.477351 7.779165
      vertex 47.628563 33.811456 7.739927
    endloop
  endfacet
  facet normal -0.329853 -0.778172 0.534457
    outer loop
      vertex 41.590599 33.729426 6.878070
      vertex 42.434105 33.361695 6.863244
      vertex 43.149721 33.423657 7.395120
    endloop
  endfacet
  facet normal -0.329625 -0.779130 0.533202
    outer loop
      vertex 41.590599 33.729426 6.878070
      vertex 43.149721 33.423657 7.395120
      vertex 42.211991 33.832464 7.412777
    endloop
  endfacet
  facet normal 0.372257 0.761733 -0.530271
    outer loop
      vertex 45.480422 34.374428 7.185713
      vertex 43.947948 35.068531 7.106971
      vertex 44.468018 35.217031 7.685388
    endloop
  endfacet
  facet normal 0.375877 0.763256 -0.525506
    outer loop
      vertex 45.480422 34.374428 7.185713
      vertex 44.468018 35.217031 7.685388
      vertex 46.101120 34.477351 7.779165
    endloop
  endfacet
  facet normal -0.359605 -0.745244 0.561512
    outer loop
      vertex 40.688744 34.137902 6.842637
      vertex 41.590599 33.729426 6.878070
      vertex 42.211991 33.832464 7.412777
    endloop
  endfacet
  facet normal -0.360187 -0.742791 0.564382
    outer loop
      vertex 40.688744 34.137902 6.842637
      vertex 42.211991 33.832464 7.412777
      vertex 41.209396 34.286568 7.370577
    endloop
  endfacet
  facet normal 0.383138 0.742965 -0.548824
    outer loop
      vertex 43.947948 35.068531 7.106971
      vertex 42.269955 35.849417 6.992671
      vertex 42.679843 36.049193 7.549261
    endloop
  endfacet
  facet normal 0.388394 0.746132 -0.540775
    outer loop
      vertex 43.947948 35.068531 7.106971
      vertex 42.679843 36.049193 7.549261
      vertex 44.468018 35.217031 7.685388
    endloop
  endfacet
  facet normal -0.370495 -0.732160 0.571555
    outer loop
      vertex 39.701252 34.597451 6.791201
      vertex 40.688744 34.137902 6.842637
      vertex 41.209396 34.286568 7.370577
    endloop
  endfacet
  facet normal -0.371261 -0.728788 0.575355
    outer loop
      vertex 39.701252 34.597451 6.791201
      vertex 41.209396 34.286568 7.370577
      vertex 40.111598 34.797450 7.309320
    endloop
  endfacet
  facet normal 0.336780 0.784324 -0.520975
    outer loop
      vertex 42.269955 35.849417 6.992671
      vertex 40.369593 36.713861 7.065612
      vertex 40.654696 36.970400 7.636131
    endloop
  endfacet
  facet normal 0.333285 0.782305 -0.526231
    outer loop
      vertex 42.269955 35.849417 6.992671
      vertex 40.654696 36.970400 7.636131
      vertex 42.679843 36.049193 7.549261
    endloop
  endfacet
  facet normal -0.330542 -0.762534 0.556133
    outer loop
      vertex 38.582896 35.106173 6.824025
      vertex 39.701252 34.597451 6.791201
      vertex 40.111598 34.797450 7.309320
    endloop
  endfacet
  facet normal -0.330210 -0.764216 0.554017
    outer loop
      vertex 38.582896 35.106173 6.824025
      vertex 40.111598 34.797450 7.309320
      vertex 38.868318 35.362998 7.348412
    endloop
  endfacet
  facet normal 0.263139 0.837848 -0.478298
    outer loop
      vertex 40.369593 36.713861 7.065612
      vertex 38.180687 37.564067 7.350699
      vertex 38.322059 37.876432 7.975656
    endloop
  endfacet
  facet normal 0.249956 0.830234 -0.498231
    outer loop
      vertex 40.369593 36.713861 7.065612
      vertex 38.322059 37.876432 7.975656
      vertex 40.654696 36.970400 7.636131
    endloop
  endfacet
  facet normal -0.259097 -0.804210 0.534898
    outer loop
      vertex 37.294733 35.606515 6.952314
      vertex 38.582896 35.106173 6.824025
      vertex 38.868318 35.362998 7.348412
    endloop
  endfacet
  facet normal -0.258060 -0.809324 0.527636
    outer loop
      vertex 37.294733 35.606515 6.952314
      vertex 38.868318 35.362998 7.348412
      vertex 37.436263 35.919231 7.501198
    endloop
  endfacet
  facet normal 0.187898 0.870597 -0.454704
    outer loop
      vertex 38.180687 37.564067 7.350699
      vertex 35.842124 38.200240 7.602374
      vertex 35.829937 38.554379 8.275389
    endloop
  endfacet
  facet normal 0.178143 0.863478 -0.471881
    outer loop
      vertex 38.180687 37.564067 7.350699
      vertex 35.829937 38.554379 8.275389
      vertex 38.322059 37.876432 7.975656
    endloop
  endfacet
  facet normal -0.183651 -0.832984 0.521930
    outer loop
      vertex 35.918498 35.980901 7.065568
      vertex 37.294733 35.606515 6.952314
      vertex 37.436263 35.919231 7.501198
    endloop
  endfacet
  facet normal -0.182158 -0.836887 0.516176
    outer loop
      vertex 35.918498 35.980901 7.065568
      vertex 37.436263 35.919231 7.501198
      vertex 35.906297 36.335436 7.636078
    endloop
  endfacet
  facet normal 0.155973 0.875946 -0.456498
    outer loop
      vertex 35.842124 38.200240 7.602374
      vertex 33.656455 38.599228 7.621187
      vertex 33.500749 38.979566 8.297795
    endloop
  endfacet
  facet normal 0.155392 0.875368 -0.457803
    outer loop
      vertex 35.842124 38.200240 7.602374
      vertex 33.500749 38.979566 8.297795
      vertex 35.829937 38.554379 8.275389
    endloop
  endfacet
  facet normal -0.150133 -0.841165 0.519520
    outer loop
      vertex 34.632240 36.215704 7.074034
      vertex 35.918498 35.980901 7.065568
      vertex 35.906297 36.335436 7.636078
    endloop
  endfacet
  facet normal -0.149941 -0.841433 0.519141
    outer loop
      vertex 34.632240 36.215704 7.074034
      vertex 35.906297 36.335436 7.636078
      vertex 34.476360 36.596468 7.646161
    endloop
  endfacet
  facet normal 0.161962 0.871550 -0.462783
    outer loop
      vertex 33.656455 38.599228 7.621187
      vertex 31.720851 38.896131 7.502928
      vertex 31.438046 39.295965 8.156954
    endloop
  endfacet
  facet normal 0.165297 0.875486 -0.454094
    outer loop
      vertex 33.656455 38.599228 7.621187
      vertex 31.438046 39.295965 8.156954
      vertex 33.500749 38.979566 8.297795
    endloop
  endfacet
  facet normal -0.153273 -0.841404 0.518214
    outer loop
      vertex 33.493145 36.390430 7.020817
      vertex 34.632240 36.215704 7.074034
      vertex 34.476360 36.596468 7.646161
    endloop
  endfacet
  facet normal -0.154865 -0.839878 0.520214
    outer loop
      vertex 33.493145 36.390430 7.020817
      vertex 34.476360 36.596468 7.646161
      vertex 33.210024 36.790712 7.582782
    endloop
  endfacet
  facet normal -0.778629 0.322797 -0.538088
    outer loop
      vertex 31.720851 38.896131 7.502928
      vertex 31.119531 37.379933 7.463495
      vertex 30.797242 37.680208 8.109991
    endloop
  endfacet
  facet normal -0.779540 0.324731 -0.535600
    outer loop
      vertex 31.720851 38.896131 7.502928
      vertex 30.797242 37.680208 8.109991
      vertex 31.438046 39.295965 8.156954
    endloop
  endfacet
  facet normal 0.744059 -0.306894 0.593458
    outer loop
      vertex 33.139271 35.498154 7.003072
      vertex 33.493145 36.390430 7.020817
      vertex 33.210024 36.790712 7.582782
    endloop
  endfacet
  facet normal 0.742988 -0.307334 0.594571
    outer loop
      vertex 33.139271 35.498154 7.003072
      vertex 33.210024 36.790712 7.582782
      vertex 32.816621 35.798765 7.561649
    endloop
  endfacet
  facet normal -0.807890 0.270211 -0.523736
    outer loop
      vertex 31.119531 37.379933 7.463495
      vertex 30.535556 35.720149 7.507974
      vertex 30.174920 35.911437 8.162964
    endloop
  endfacet
  facet normal -0.806706 0.268057 -0.526660
    outer loop
      vertex 31.119531 37.379933 7.463495
      vertex 30.174920 35.911437 8.162964
      vertex 30.797242 37.680208 8.109991
    endloop
  endfacet
  facet normal 0.769553 -0.258795 0.583793
    outer loop
      vertex 32.795603 34.521377 7.023088
      vertex 33.139271 35.498154 7.003072
      vertex 32.816621 35.798765 7.561649
    endloop
  endfacet
  facet normal 0.770578 -0.258328 0.582645
    outer loop
      vertex 32.795603 34.521377 7.023088
      vertex 32.816621 35.798765 7.561649
      vertex 32.434565 34.712879 7.585487
    endloop
  endfacet
  facet normal -0.812178 0.249764 -0.527243
    outer loop
      vertex 30.535556 35.720149 7.507974
      vertex 30.037441 33.951421 7.437404
      vertex 29.644098 34.026568 8.078917
    endloop
  endfacet
  facet normal -0.814500 0.252669 -0.522253
    outer loop
      vertex 30.535556 35.720149 7.507974
      vertex 29.644098 34.026568 8.078917
      vertex 30.174920 35.911437 8.162964
    endloop
  endfacet
  facet normal 0.778837 -0.237055 0.580704
    outer loop
      vertex 32.502465 33.480488 6.991331
      vertex 32.795603 34.521377 7.023088
      vertex 32.434565 34.712879 7.585487
    endloop
  endfacet
  facet normal 0.777317 -0.237945 0.582375
    outer loop
      vertex 32.502465 33.480488 6.991331
      vertex 32.434565 34.712879 7.585487
      vertex 32.108682 33.555718 7.547666
    endloop
  endfacet
  facet normal -0.800676 0.244123 -0.547103
    outer loop
      vertex 30.037441 33.951421 7.437404
      vertex 29.671128 32.171658 7.179349
      vertex 29.253731 32.129939 7.771586
    endloop
  endfacet
  facet normal -0.811444 0.252425 -0.527105
    outer loop
      vertex 30.037441 33.951421 7.437404
      vertex 29.253731 32.129939 7.771586
      vertex 29.644098 34.026568 8.078917
    endloop
  endfacet
  facet normal 0.780610 -0.225304 0.582997
    outer loop
      vertex 32.286891 32.433104 6.875207
      vertex 32.502465 33.480488 6.991331
      vertex 32.108682 33.555718 7.547666
    endloop
  endfacet
  facet normal 0.775240 -0.229462 0.588515
    outer loop
      vertex 32.286891 32.433104 6.875207
      vertex 32.108682 33.555718 7.547666
      vertex 31.869027 32.391339 7.409367
    endloop
  endfacet
  facet normal -0.794108 0.198512 -0.574444
    outer loop
      vertex 29.671128 32.171658 7.179349
      vertex 29.418984 30.478259 6.942718
      vertex 28.985030 30.325345 7.489769
    endloop
  endfacet
  facet normal -0.806552 0.206593 -0.553889
    outer loop
      vertex 29.671128 32.171658 7.179349
      vertex 28.985030 30.325345 7.489769
      vertex 29.253731 32.129939 7.771586
    endloop
  endfacet
  facet normal 0.781526 -0.180189 0.597285
    outer loop
      vertex 32.138505 31.436545 6.768723
      vertex 32.286891 32.433104 6.875207
      vertex 31.869027 32.391339 7.409367
    endloop
  endfacet
  facet normal 0.776940 -0.184585 0.601907
    outer loop
      vertex 32.138505 31.436545 6.768723
      vertex 31.869027 32.391339 7.409367
      vertex 31.704066 31.283460 7.282549
    endloop
  endfacet
  facet normal -0.793127 0.089913 -0.602383
    outer loop
      vertex 29.418984 30.478259 6.942718
      vertex 29.232178 28.910071 6.954605
      vertex 28.785958 28.654184 7.503926
    endloop
  endfacet
  facet normal -0.792309 0.089269 -0.603554
    outer loop
      vertex 29.418984 30.478259 6.942718
      vertex 28.785958 28.654184 7.503926
      vertex 28.985030 30.325345 7.489769
    endloop
  endfacet
  facet normal 0.773482 -0.088501 0.627610
    outer loop
      vertex 32.028571 30.513672 6.774072
      vertex 32.138505 31.436545 6.768723
      vertex 31.704066 31.283460 7.282549
    endloop
  endfacet
  facet normal 0.773688 -0.088267 0.627388
    outer loop
      vertex 32.028571 30.513672 6.774072
      vertex 31.704066 31.283460 7.282549
      vertex 31.581852 30.257500 7.288920
    endloop
  endfacet
  facet normal -0.790140 0.001395 -0.612924
    outer loop
      vertex 29.232178 28.910071 6.954605
      vertex 29.072778 27.460922 7.156795
      vertex 28.616092 27.109880 7.744725
    endloop
  endfacet
  facet normal -0.772935 -0.013890 -0.634334
    outer loop
      vertex 29.232178 28.910071 6.954605
      vertex 28.616092 27.109880 7.744725
      vertex 28.785958 28.654184 7.503926
    endloop
  endfacet
  facet normal 0.758668 -0.013961 0.651328
    outer loop
      vertex 31.934765 29.660854 6.865057
      vertex 32.028571 30.513672 6.774072
      vertex 31.581852 30.257500 7.288920
    endloop
  endfacet
  facet normal 0.761678 -0.009733 0.647882
    outer loop
      vertex 31.934765 29.660854 6.865057
      vertex 31.581852 30.257500 7.288920
      vertex 31.477567 29.309419 7.397279
    endloop
  endfacet
  facet normal -0.805750 0.026445 -0.591666
    outer loop
      vertex 29.072778 27.460922 7.156795
      vertex 28.921145 26.110520 7.302936
      vertex 28.454502 25.670805 7.918772
    endloop
  endfacet
  facet normal -0.794160 0.015700 -0.607505
    outer loop
      vertex 29.072778 27.460922 7.156795
      vertex 28.454502 25.670805 7.918772
      vertex 28.616092 27.109880 7.744725
    endloop
  endfacet
  facet normal 0.768952 -0.033512 0.638428
    outer loop
      vertex 31.845529 28.866148 6.930821
      vertex 31.934765 29.660854 6.865057
      vertex 31.477567 29.309419 7.397279
    endloop
  endfacet
  facet normal 0.770659 -0.030106 0.636537
    outer loop
      vertex 31.845529 28.866148 6.930821
      vertex 31.477567 29.309419 7.397279
      vertex 31.378364 28.425941 7.475600
    endloop
  endfacet
  facet normal 0.238125 -0.815908 -0.526868
    outer loop
      vertex 28.454502 25.670805 7.918772
      vertex 30.543878 26.275606 7.926497
      vertex 30.100279 25.747268 8.544192
    endloop
  endfacet
  facet normal 0.238215 -0.815714 -0.527128
    outer loop
      vertex 28.454502 25.670805 7.918772
      vertex 30.100279 25.747268 8.544192
      vertex 27.841888 25.093543 8.535220
    endloop
  endfacet
  facet normal -0.229030 0.785840 0.574457
    outer loop
      vertex 32.661076 28.797241 7.479077
      vertex 31.378364 28.425941 7.475600
      vertex 30.766285 27.849183 8.020558
    endloop
  endfacet
  facet normal -0.229087 0.785897 0.574357
    outer loop
      vertex 32.661076 28.797241 7.479077
      vertex 30.766285 27.849183 8.020558
      vertex 32.217864 28.269365 8.024595
    endloop
  endfacet
  facet normal 0.226504 -0.815733 -0.532236
    outer loop
      vertex 30.543878 26.275606 7.926497
      vertex 32.906793 26.905093 7.967302
      vertex 32.654335 26.427675 8.591579
    endloop
  endfacet
  facet normal 0.226915 -0.814598 -0.533798
    outer loop
      vertex 30.543878 26.275606 7.926497
      vertex 32.654335 26.427675 8.591579
      vertex 30.100279 25.747268 8.544192
    endloop
  endfacet
  facet normal -0.216103 0.783507 0.582594
    outer loop
      vertex 34.111718 29.183696 7.497439
      vertex 32.661076 28.797241 7.479077
      vertex 32.217864 28.269365 8.024595
    endloop
  endfacet
  facet normal -0.216362 0.783779 0.582132
    outer loop
      vertex 34.111718 29.183696 7.497439
      vertex 32.217864 28.269365 8.024595
      vertex 33.859481 28.706696 8.045919
    endloop
  endfacet
  facet normal 0.260406 -0.820975 -0.508122
    outer loop
      vertex 32.906793 26.905093 7.967302
      vertex 35.714531 27.659411 8.187475
      vertex 35.689196 27.243012 8.847269
    endloop
  endfacet
  facet normal 0.262451 -0.814778 -0.516968
    outer loop
      vertex 32.906793 26.905093 7.967302
      vertex 35.689196 27.243012 8.847269
      vertex 32.654335 26.427675 8.591579
    endloop
  endfacet
  facet normal -0.243545 0.784520 0.570275
    outer loop
      vertex 35.835447 29.646788 7.596517
      vertex 34.111718 29.183696 7.497439
      vertex 33.859481 28.706696 8.045919
    endloop
  endfacet
  facet normal -0.244605 0.785731 0.568151
    outer loop
      vertex 35.835447 29.646788 7.596517
      vertex 33.859481 28.706696 8.045919
      vertex 35.810135 29.230752 8.160980
    endloop
  endfacet
  facet normal 0.341631 -0.806347 -0.482798
    outer loop
      vertex 35.714531 27.659411 8.187475
      vertex 38.880670 28.868831 8.407936
      vertex 39.111451 28.550264 9.103294
    endloop
  endfacet
  facet normal 0.342543 -0.800389 -0.491977
    outer loop
      vertex 35.714531 27.659411 8.187475
      vertex 39.111451 28.550264 9.103294
      vertex 35.689196 27.243012 8.847269
    endloop
  endfacet
  facet normal -0.321923 0.768962 0.552325
    outer loop
      vertex 37.779206 30.389276 7.695724
      vertex 35.835447 29.646788 7.596517
      vertex 35.810135 29.230752 8.160980
    endloop
  endfacet
  facet normal -0.322921 0.769899 0.550434
    outer loop
      vertex 37.779206 30.389276 7.695724
      vertex 35.810135 29.230752 8.160980
      vertex 38.009785 30.070987 8.276191
    endloop
  endfacet
  facet normal 0.413351 -0.766461 -0.491609
    outer loop
      vertex 38.880670 28.868831 8.407936
      vertex 41.619355 30.382812 8.350228
      vertex 42.071674 30.186714 9.036277
    endloop
  endfacet
  facet normal 0.413489 -0.768002 -0.489080
    outer loop
      vertex 38.880670 28.868831 8.407936
      vertex 42.071674 30.186714 9.036277
      vertex 39.111451 28.550264 9.103294
    endloop
  endfacet
  facet normal -0.395082 0.730248 0.557357
    outer loop
      vertex 39.460542 31.318741 7.669755
      vertex 37.779206 30.389276 7.695724
      vertex 38.009785 30.070987 8.276191
    endloop
  endfacet
  facet normal -0.394761 0.730088 0.557796
    outer loop
      vertex 39.460542 31.318741 7.669755
      vertex 38.009785 30.070987 8.276191
      vertex 39.912466 31.122814 8.246034
    endloop
  endfacet
  facet normal 0.390401 -0.774859 -0.497173
    outer loop
      vertex 41.619355 30.382812 8.350228
      vertex 43.849879 31.708031 8.036338
      vertex 44.482630 31.619133 8.671751
    endloop
  endfacet
  facet normal 0.392320 -0.783118 -0.482505
    outer loop
      vertex 41.619355 30.382812 8.350228
      vertex 44.482630 31.619133 8.671751
      vertex 42.071674 30.186714 9.036277
    endloop
  endfacet
  facet normal -0.383028 0.740552 0.552152
    outer loop
      vertex 40.829908 32.132320 7.528505
      vertex 39.460542 31.318741 7.669755
      vertex 39.912466 31.122814 8.246034
    endloop
  endfacet
  facet normal -0.381088 0.740136 0.554049
    outer loop
      vertex 40.829908 32.132320 7.528505
      vertex 39.912466 31.122814 8.246034
      vertex 41.462106 32.043500 8.081997
    endloop
  endfacet
  facet normal 0.376856 -0.779110 -0.500967
    outer loop
      vertex 43.849879 31.708031 8.036338
      vertex 45.815607 32.828094 7.773133
      vertex 46.607369 32.829800 8.366088
    endloop
  endfacet
  facet normal 0.378456 -0.787150 -0.486997
    outer loop
      vertex 43.849879 31.708031 8.036338
      vertex 46.607369 32.829800 8.366088
      vertex 44.482630 31.619133 8.671751
    endloop
  endfacet
  facet normal -0.373374 0.749450 0.546733
    outer loop
      vertex 42.036709 32.819950 7.410063
      vertex 40.829908 32.132320 7.528505
      vertex 41.462106 32.043500 8.081997
    endloop
  endfacet
  facet normal -0.371780 0.749339 0.547969
    outer loop
      vertex 42.036709 32.819950 7.410063
      vertex 41.462106 32.043500 8.081997
      vertex 42.827780 32.821655 7.944449
    endloop
  endfacet
  facet normal 0.396779 -0.749413 -0.530044
    outer loop
      vertex 45.815607 32.828094 7.773133
      vertex 47.628563 33.811456 7.739927
      vertex 48.566979 33.892709 8.327525
    endloop
  endfacet
  facet normal 0.396911 -0.750906 -0.527827
    outer loop
      vertex 45.815607 32.828094 7.773133
      vertex 48.566979 33.892709 8.327525
      vertex 46.607369 32.829800 8.366088
    endloop
  endfacet
  facet normal -0.386088 0.725893 0.569224
    outer loop
      vertex 43.149721 33.423657 7.395120
      vertex 42.036709 32.819950 7.410063
      vertex 42.827780 32.821655 7.944449
    endloop
  endfacet
  facet normal -0.385890 0.725900 0.569349
    outer loop
      vertex 43.149721 33.423657 7.395120
      vertex 42.827780 32.821655 7.944449
      vertex 44.087317 33.504838 7.927095
    endloop
  endfacet
  facet normal 0.308930 0.743574 -0.593009
    outer loop
      vertex 47.628563 33.811456 7.739927
      vertex 46.101120 34.477351 7.779165
      vertex 46.915978 34.612469 8.373092
    endloop
  endfacet
  facet normal 0.307631 0.743261 -0.594076
    outer loop
      vertex 47.628563 33.811456 7.739927
      vertex 46.915978 34.612469 8.373092
      vertex 48.566979 33.892709 8.327525
    endloop
  endfacet
  facet normal -0.298626 -0.712422 0.635041
    outer loop
      vertex 42.211991 33.832464 7.412777
      vertex 43.149721 33.423657 7.395120
      vertex 44.087317 33.504838 7.927095
    endloop
  endfacet
  facet normal -0.298561 -0.712968 0.634459
    outer loop
      vertex 42.211991 33.832464 7.412777
      vertex 44.087317 33.504838 7.927095
      vertex 43.026138 33.967464 7.947601
    endloop
  endfacet
  facet normal 0.347130 0.685235 -0.640277
    outer loop
      vertex 46.101120 34.477351 7.779165
      vertex 44.468018 35.217031 7.685388
      vertex 45.150771 35.411983 8.264187
    endloop
  endfacet
  facet normal 0.350342 0.686748 -0.636897
    outer loop
      vertex 46.101120 34.477351 7.779165
      vertex 45.150771 35.411983 8.264187
      vertex 46.915978 34.612469 8.373092
    endloop
  endfacet
  facet normal -0.329598 -0.665467 0.669715
    outer loop
      vertex 41.209396 34.286568 7.370577
      vertex 42.211991 33.832464 7.412777
      vertex 43.026138 33.967464 7.947601
    endloop
  endfacet
  facet normal -0.329765 -0.664081 0.671008
    outer loop
      vertex 41.209396 34.286568 7.370577
      vertex 43.026138 33.967464 7.947601
      vertex 41.891553 34.481351 7.898593
    endloop
  endfacet
  facet normal 0.358273 0.662212 -0.658115
    outer loop
      vertex 44.468018 35.217031 7.685388
      vertex 42.679843 36.049193 7.549261
      vertex 43.217947 36.311461 8.106101
    endloop
  endfacet
  facet normal 0.362999 0.665377 -0.652307
    outer loop
      vertex 44.468018 35.217031 7.685388
      vertex 43.217947 36.311461 8.106101
      vertex 45.150771 35.411983 8.264187
    endloop
  endfacet
  facet normal -0.340378 -0.649939 0.679501
    outer loop
      vertex 40.111598 34.797450 7.309320
      vertex 41.209396 34.286568 7.370577
      vertex 41.891553 34.481351 7.898593
    endloop
  endfacet
  facet normal -0.340599 -0.648073 0.681171
    outer loop
      vertex 40.111598 34.797450 7.309320
      vertex 41.891553 34.481351 7.898593
      vertex 40.649232 35.059489 7.827455
    endloop
  endfacet
  facet normal 0.301466 0.721512 -0.623329
    outer loop
      vertex 42.679843 36.049193 7.549261
      vertex 40.654696 36.970400 7.636131
      vertex 41.028982 37.307186 8.206985
    endloop
  endfacet
  facet normal 0.298364 0.719457 -0.627184
    outer loop
      vertex 42.679843 36.049193 7.549261
      vertex 41.028982 37.307186 8.206985
      vertex 43.217947 36.311461 8.106101
    endloop
  endfacet
  facet normal -0.294959 -0.693836 0.656956
    outer loop
      vertex 38.868318 35.362998 7.348412
      vertex 40.111598 34.797450 7.309320
      vertex 40.649232 35.059489 7.827455
    endloop
  endfacet
  facet normal -0.294865 -0.694755 0.656026
    outer loop
      vertex 38.868318 35.362998 7.348412
      vertex 40.649232 35.059489 7.827455
      vertex 39.242277 35.699490 7.872852
    endloop
  endfacet
  facet normal 0.220361 0.784535 -0.579609
    outer loop
      vertex 40.654696 36.970400 7.636131
      vertex 38.322059 37.876432 7.975656
      vertex 38.507652 38.286509 8.601280
    endloop
  endfacet
  facet normal 0.208544 0.776375 -0.594770
    outer loop
      vertex 40.654696 36.970400 7.636131
      vertex 38.507652 38.286509 8.601280
      vertex 41.028982 37.307186 8.206985
    endloop
  endfacet
  facet normal -0.220578 -0.741837 0.633264
    outer loop
      vertex 37.436263 35.919231 7.501198
      vertex 38.868318 35.362998 7.348412
      vertex 39.242277 35.699490 7.872852
    endloop
  endfacet
  facet normal -0.220260 -0.744669 0.630042
    outer loop
      vertex 37.436263 35.919231 7.501198
      vertex 39.242277 35.699490 7.872852
      vertex 37.621695 36.328950 8.050285
    endloop
  endfacet
  facet normal 0.154529 0.814975 -0.558512
    outer loop
      vertex 38.322059 37.876432 7.975656
      vertex 35.829937 38.554379 8.275389
      vertex 35.813937 39.019296 8.949365
    endloop
  endfacet
  facet normal 0.145612 0.807077 -0.572210
    outer loop
      vertex 38.322059 37.876432 7.975656
      vertex 35.813937 39.019296 8.949365
      vertex 38.507652 38.286509 8.601280
    endloop
  endfacet
  facet normal -0.153506 -0.766419 0.623728
    outer loop
      vertex 35.906297 36.335436 7.636078
      vertex 37.436263 35.919231 7.501198
      vertex 37.621695 36.328950 8.050285
    endloop
  endfacet
  facet normal -0.152896 -0.768621 0.621165
    outer loop
      vertex 35.906297 36.335436 7.636078
      vertex 37.621695 36.328950 8.050285
      vertex 35.890312 36.799948 8.206924
    endloop
  endfacet
  facet normal 0.143748 0.816889 -0.558595
    outer loop
      vertex 35.829937 38.554379 8.275389
      vertex 33.500749 38.979566 8.297795
      vertex 33.296337 39.478878 8.975385
    endloop
  endfacet
  facet normal 0.143221 0.816252 -0.559661
    outer loop
      vertex 35.829937 38.554379 8.275389
      vertex 33.296337 39.478878 8.975385
      vertex 35.813937 39.019296 8.949365
    endloop
  endfacet
  facet normal -0.136220 -0.770283 0.622984
    outer loop
      vertex 34.476360 36.596468 7.646161
      vertex 35.906297 36.335436 7.636078
      vertex 35.890312 36.799948 8.206924
    endloop
  endfacet
  facet normal -0.136134 -0.770431 0.622819
    outer loop
      vertex 34.476360 36.596468 7.646161
      vertex 35.890312 36.799948 8.206924
      vertex 34.272127 37.095343 8.218632
    endloop
  endfacet
  facet normal 0.162869 0.812869 -0.559212
    outer loop
      vertex 33.500749 38.979566 8.297795
      vertex 31.438046 39.295965 8.156954
      vertex 31.066778 39.820871 8.811825
    endloop
  endfacet
  facet normal 0.165840 0.817119 -0.552099
    outer loop
      vertex 33.500749 38.979566 8.297795
      vertex 31.066778 39.820871 8.811825
      vertex 33.296337 39.478878 8.975385
    endloop
  endfacet
  facet normal -0.149269 -0.771220 0.618820
    outer loop
      vertex 33.210024 36.790712 7.582782
      vertex 34.476360 36.596468 7.646161
      vertex 34.272127 37.095343 8.218632
    endloop
  endfacet
  facet normal -0.149999 -0.770410 0.619652
    outer loop
      vertex 33.210024 36.790712 7.582782
      vertex 34.272127 37.095343 8.218632
      vertex 32.839080 37.315159 8.145030
    endloop
  endfacet
  facet normal -0.705436 0.298459 -0.642871
    outer loop
      vertex 31.438046 39.295965 8.156954
      vertex 30.797242 37.680208 8.109991
      vertex 30.374137 38.074412 8.757285
    endloop
  endfacet
  facet normal -0.706365 0.300162 -0.641055
    outer loop
      vertex 31.438046 39.295965 8.156954
      vertex 30.374137 38.074412 8.757285
      vertex 31.066778 39.820871 8.811825
    endloop
  endfacet
  facet normal 0.662379 -0.277523 0.695870
    outer loop
      vertex 32.816621 35.798765 7.561649
      vertex 33.210024 36.790712 7.582782
      vertex 32.839080 37.315159 8.145030
    endloop
  endfacet
  facet normal 0.661809 -0.277696 0.696343
    outer loop
      vertex 32.816621 35.798765 7.561649
      vertex 32.839080 37.315159 8.145030
      vertex 32.393886 36.192624 8.120487
    endloop
  endfacet
  facet normal -0.740472 0.241745 -0.627105
    outer loop
      vertex 30.797242 37.680208 8.109991
      vertex 30.174920 35.911437 8.162964
      vertex 29.701475 36.162561 8.818804
    endloop
  endfacet
  facet normal -0.739246 0.239847 -0.629276
    outer loop
      vertex 30.797242 37.680208 8.109991
      vertex 29.701475 36.162561 8.818804
      vertex 30.374137 38.074412 8.757285
    endloop
  endfacet
  facet normal 0.692156 -0.228498 0.684624
    outer loop
      vertex 32.434565 34.712879 7.585487
      vertex 32.816621 35.798765 7.561649
      vertex 32.393886 36.192624 8.120487
    endloop
  endfacet
  facet normal 0.692701 -0.228306 0.684136
    outer loop
      vertex 32.434565 34.712879 7.585487
      vertex 32.393886 36.192624 8.120487
      vertex 31.961533 34.963784 8.148171
    endloop
  endfacet
  facet normal -0.739234 0.236305 -0.630629
    outer loop
      vertex 30.174920 35.911437 8.162964
      vertex 29.644098 34.026568 8.078917
      vertex 29.127714 34.125221 8.721199
    endloop
  endfacet
  facet normal -0.741621 0.238888 -0.626841
    outer loop
      vertex 30.174920 35.911437 8.162964
      vertex 29.127714 34.125221 8.721199
      vertex 29.701475 36.162561 8.818804
    endloop
  endfacet
  facet normal 0.696759 -0.218553 0.683199
    outer loop
      vertex 32.108682 33.555718 7.547666
      vertex 32.434565 34.712879 7.585487
      vertex 31.961533 34.963784 8.148171
    endloop
  endfacet
  facet normal 0.695954 -0.218935 0.683897
    outer loop
      vertex 32.108682 33.555718 7.547666
      vertex 31.961533 34.963784 8.148171
      vertex 31.592748 33.654285 8.104249
    endloop
  endfacet
  facet normal -0.721938 0.252955 -0.644065
    outer loop
      vertex 29.644098 34.026568 8.078917
      vertex 29.253731 32.129939 7.771586
      vertex 28.705769 32.075170 8.364291
    endloop
  endfacet
  facet normal -0.732575 0.260280 -0.628958
    outer loop
      vertex 29.644098 34.026568 8.078917
      vertex 28.705769 32.075170 8.364291
      vertex 29.127714 34.125221 8.721199
    endloop
  endfacet
  facet normal 0.694608 -0.224157 0.683574
    outer loop
      vertex 31.869027 32.391339 7.409367
      vertex 32.108682 33.555718 7.547666
      vertex 31.592748 33.654285 8.104249
    endloop
  endfacet
  facet normal 0.691828 -0.225983 0.685788
    outer loop
      vertex 31.869027 32.391339 7.409367
      vertex 31.592748 33.654285 8.104249
      vertex 31.321544 32.336618 7.943640
    endloop
  endfacet
  facet normal -0.714795 0.210575 -0.666878
    outer loop
      vertex 29.253731 32.129939 7.771586
      vertex 28.985030 30.325345 7.489769
      vertex 28.415332 30.124599 8.037013
    endloop
  endfacet
  facet normal -0.726632 0.217536 -0.651678
    outer loop
      vertex 29.253731 32.129939 7.771586
      vertex 28.415332 30.124599 8.037013
      vertex 28.705769 32.075170 8.364291
    endloop
  endfacet
  facet normal 0.695925 -0.183107 0.694378
    outer loop
      vertex 31.704066 31.283460 7.282549
      vertex 31.869027 32.391339 7.409367
      vertex 31.321544 32.336618 7.943640
    endloop
  endfacet
  facet normal 0.693628 -0.185057 0.696157
    outer loop
      vertex 31.704066 31.283460 7.282549
      vertex 31.321544 32.336618 7.943640
      vertex 31.134866 31.082890 7.796365
    endloop
  endfacet
  facet normal -0.705527 0.078077 -0.704369
    outer loop
      vertex 28.985030 30.325345 7.489769
      vertex 28.785958 28.654184 7.503926
      vertex 28.200157 28.318254 8.053453
    endloop
  endfacet
  facet normal -0.704740 0.077531 -0.705216
    outer loop
      vertex 28.985030 30.325345 7.489769
      vertex 28.200157 28.318254 8.053453
      vertex 28.415332 30.124599 8.037013
    endloop
  endfacet
  facet normal 0.682872 -0.076834 0.726486
    outer loop
      vertex 31.581852 30.257500 7.288920
      vertex 31.704066 31.283460 7.282549
      vertex 31.134866 31.082890 7.796365
    endloop
  endfacet
  facet normal 0.682972 -0.076728 0.726403
    outer loop
      vertex 31.581852 30.257500 7.288920
      vertex 31.134866 31.082890 7.796365
      vertex 30.996562 29.921863 7.803763
    endloop
  endfacet
  facet normal -0.684829 -0.038141 -0.727705
    outer loop
      vertex 28.785958 28.654184 7.503926
      vertex 28.616092 27.109880 7.744725
      vertex 28.016550 26.649028 8.333097
    endloop
  endfacet
  facet normal -0.667558 -0.051013 -0.742808
    outer loop
      vertex 28.785958 28.654184 7.503926
      vertex 28.016550 26.649028 8.333097
      vertex 28.200157 28.318254 8.053453
    endloop
  endfacet
  facet normal 0.655829 0.014128 0.754777
    outer loop
      vertex 31.477567 29.309419 7.397279
      vertex 31.581852 30.257500 7.288920
      vertex 30.996562 29.921863 7.803763
    endloop
  endfacet
  facet normal 0.657246 0.016084 0.753505
    outer loop
      vertex 31.477567 29.309419 7.397279
      vertex 30.996562 29.921863 7.803763
      vertex 30.878549 28.848970 7.929603
    endloop
  endfacet
  facet normal -0.706341 -0.006296 -0.707843
    outer loop
      vertex 28.616092 27.109880 7.744725
      vertex 28.454502 25.670805 7.918772
      vertex 27.841888 25.093543 8.535220
    endloop
  endfacet
  facet normal -0.694227 -0.015552 -0.719588
    outer loop
      vertex 28.616092 27.109880 7.744725
      vertex 27.841888 25.093543 8.535220
      vertex 28.016550 26.649028 8.333097
    endloop
  endfacet
  facet normal 0.668126 -0.009066 0.743993
    outer loop
      vertex 31.378364 28.425941 7.475600
      vertex 31.477567 29.309419 7.397279
      vertex 30.878549 28.848970 7.929603
    endloop
  endfacet
  facet normal 0.668873 -0.007481 0.743339
    outer loop
      vertex 31.378364 28.425941 7.475600
      vertex 30.878549 28.848970 7.929603
      vertex 30.766285 27.849183 8.020558
    endloop
  endfacet
  facet normal 0.222990 -0.762009 -0.607961
    outer loop
      vertex 27.841888 25.093543 8.535220
      vertex 30.100279 25.747268 8.544192
      vertex 29.553094 25.095557 9.160338
    endloop
  endfacet
  facet normal 0.223048 -0.761866 -0.608119
    outer loop
      vertex 27.841888 25.093543 8.535220
      vertex 29.553094 25.095557 9.160338
      vertex 27.086223 24.381484 9.150139
    endloop
  endfacet
  facet normal -0.211795 0.725385 0.654950
    outer loop
      vertex 32.217864 28.269365 8.024595
      vertex 30.766285 27.849183 8.020558
      vertex 30.010285 27.136809 8.565070
    endloop
  endfacet
  facet normal -0.211779 0.725366 0.654977
    outer loop
      vertex 32.217864 28.269365 8.024595
      vertex 30.010285 27.136809 8.565070
      vertex 31.670436 27.617365 8.569660
    endloop
  endfacet
  facet normal 0.214062 -0.760866 -0.612585
    outer loop
      vertex 30.100279 25.747268 8.544192
      vertex 32.654335 26.427675 8.591579
      vertex 32.342925 25.838775 9.214207
    endloop
  endfacet
  facet normal 0.214317 -0.760014 -0.613553
    outer loop
      vertex 30.100279 25.747268 8.544192
      vertex 32.342925 25.838775 9.214207
      vertex 29.553094 25.095557 9.160338
    endloop
  endfacet
  facet normal -0.200971 0.722112 0.661940
    outer loop
      vertex 33.859481 28.706696 8.045919
      vertex 32.217864 28.269365 8.024595
      vertex 31.670436 27.617365 8.569660
    endloop
  endfacet
  facet normal -0.200897 0.722021 0.662062
    outer loop
      vertex 33.859481 28.706696 8.045919
      vertex 31.670436 27.617365 8.569660
      vertex 33.547932 28.117535 8.593901
    endloop
  endfacet
  facet normal 0.255757 -0.767743 -0.587502
    outer loop
      vertex 32.654335 26.427675 8.591579
      vertex 35.689196 27.243012 8.847269
      vertex 35.657946 26.729378 9.504877
    endloop
  endfacet
  facet normal 0.256990 -0.762993 -0.593126
    outer loop
      vertex 32.654335 26.427675 8.591579
      vertex 35.657946 26.729378 9.504877
      vertex 32.342925 25.838775 9.214207
    endloop
  endfacet
  facet normal -0.233111 0.725525 0.647513
    outer loop
      vertex 35.810135 29.230752 8.160980
      vertex 33.859481 28.706696 8.045919
      vertex 33.547932 28.117535 8.593901
    endloop
  endfacet
  facet normal -0.232806 0.725122 0.648073
    outer loop
      vertex 35.810135 29.230752 8.160980
      vertex 33.547932 28.117535 8.593901
      vertex 35.778870 28.716891 8.724702
    endloop
  endfacet
  facet normal 0.330995 -0.755881 -0.564877
    outer loop
      vertex 35.689196 27.243012 8.847269
      vertex 39.111451 28.550264 9.103294
      vertex 39.396122 28.157308 9.795926
    endloop
  endfacet
  facet normal 0.331378 -0.751142 -0.570942
    outer loop
      vertex 35.689196 27.243012 8.847269
      vertex 39.396122 28.157308 9.795926
      vertex 35.657946 26.729378 9.504877
    endloop
  endfacet
  facet normal -0.305147 0.712152 0.632238
    outer loop
      vertex 38.009785 30.070987 8.276191
      vertex 35.810135 29.230752 8.160980
      vertex 35.778870 28.716891 8.724702
    endloop
  endfacet
  facet normal -0.304851 0.711832 0.632741
    outer loop
      vertex 38.009785 30.070987 8.276191
      vertex 35.778870 28.716891 8.724702
      vertex 38.294582 29.677858 8.855675
    endloop
  endfacet
  facet normal 0.386933 -0.723354 -0.571876
    outer loop
      vertex 39.111451 28.550264 9.103294
      vertex 42.071674 30.186714 9.036277
      vertex 42.629614 29.944826 9.719740
    endloop
  endfacet
  facet normal 0.387124 -0.724582 -0.570189
    outer loop
      vertex 39.111451 28.550264 9.103294
      vertex 42.629614 29.944826 9.719740
      vertex 39.396122 28.157308 9.795926
    endloop
  endfacet
  facet normal -0.364451 0.677581 0.638796
    outer loop
      vertex 39.912466 31.122814 8.246034
      vertex 38.009785 30.070987 8.276191
      vertex 38.294582 29.677858 8.855675
    endloop
  endfacet
  facet normal -0.364545 0.677638 0.638681
    outer loop
      vertex 39.912466 31.122814 8.246034
      vertex 38.294582 29.677858 8.855675
      vertex 40.470654 30.880819 8.821391
    endloop
  endfacet
  facet normal 0.355760 -0.743046 -0.566848
    outer loop
      vertex 42.071674 30.186714 9.036277
      vertex 44.482630 31.619133 8.671751
      vertex 45.263135 31.509476 9.305347
    endloop
  endfacet
  facet normal 0.357601 -0.749456 -0.557169
    outer loop
      vertex 42.071674 30.186714 9.036277
      vertex 45.263135 31.509476 9.305347
      vertex 42.629614 29.944826 9.719740
    endloop
  endfacet
  facet normal -0.346769 0.695737 0.629048
    outer loop
      vertex 41.462106 32.043500 8.081997
      vertex 39.912466 31.122814 8.246034
      vertex 40.470654 30.880819 8.821391
    endloop
  endfacet
  facet normal -0.347317 0.695898 0.628568
    outer loop
      vertex 41.462106 32.043500 8.081997
      vertex 40.470654 30.880819 8.821391
      vertex 42.242956 31.933795 8.634914
    endloop
  endfacet
  facet normal 0.344909 -0.748363 -0.566560
    outer loop
      vertex 44.482630 31.619133 8.671751
      vertex 46.607369 32.829800 8.366088
      vertex 47.584017 32.831905 8.957869
    endloop
  endfacet
  facet normal 0.346466 -0.754510 -0.557383
    outer loop
      vertex 44.482630 31.619133 8.671751
      vertex 47.584017 32.831905 8.957869
      vertex 45.263135 31.509476 9.305347
    endloop
  endfacet
  facet normal -0.340116 0.706593 0.620521
    outer loop
      vertex 42.827780 32.821655 7.944449
      vertex 41.462106 32.043500 8.081997
      vertex 42.242956 31.933795 8.634914
    endloop
  endfacet
  facet normal -0.340553 0.706647 0.620220
    outer loop
      vertex 42.827780 32.821655 7.944449
      vertex 42.242956 31.933795 8.634914
      vertex 43.804860 32.823760 8.478549
    endloop
  endfacet
  facet normal 0.369103 -0.702563 -0.608415
    outer loop
      vertex 46.607369 32.829800 8.366088
      vertex 48.566979 33.892709 8.327525
      vertex 49.724526 33.992934 8.914030
    endloop
  endfacet
  facet normal 0.369283 -0.703739 -0.606945
    outer loop
      vertex 46.607369 32.829800 8.366088
      vertex 49.724526 33.992934 8.914030
      vertex 47.584017 32.831905 8.957869
    endloop
  endfacet
  facet normal -0.355982 0.672773 0.648578
    outer loop
      vertex 44.087317 33.504838 7.927095
      vertex 42.827780 32.821655 7.944449
      vertex 43.804860 32.823760 8.478549
    endloop
  endfacet
  facet normal -0.356035 0.672772 0.648550
    outer loop
      vertex 44.087317 33.504838 7.927095
      vertex 43.804860 32.823760 8.478549
      vertex 45.245377 33.605109 8.458821
    endloop
  endfacet
  facet normal 0.281094 0.687190 -0.669893
    outer loop
      vertex 48.566979 33.892709 8.327525
      vertex 46.915978 34.612469 8.373092
      vertex 47.921114 34.779139 8.965832
    endloop
  endfacet
  facet normal 0.280232 0.686978 -0.670471
    outer loop
      vertex 48.566979 33.892709 8.327525
      vertex 47.921114 34.779139 8.965832
      vertex 49.724526 33.992934 8.914030
    endloop
  endfacet
  facet normal -0.269773 -0.650289 0.710174
    outer loop
      vertex 43.026138 33.967464 7.947601
      vertex 44.087317 33.504838 7.927095
      vertex 45.245377 33.605109 8.458821
    endloop
  endfacet
  facet normal -0.269780 -0.650123 0.710323
    outer loop
      vertex 43.026138 33.967464 7.947601
      vertex 45.245377 33.605109 8.458821
      vertex 44.031719 34.134207 8.482132
    endloop
  endfacet
  facet normal 0.321529 0.611397 -0.723058
    outer loop
      vertex 46.915978 34.612469 8.373092
      vertex 45.150771 35.411983 8.264187
      vertex 45.992955 35.652459 8.842028
    endloop
  endfacet
  facet normal 0.323716 0.612482 -0.721161
    outer loop
      vertex 46.915978 34.612469 8.373092
      vertex 45.992955 35.652459 8.842028
      vertex 47.921114 34.779139 8.965832
    endloop
  endfacet
  facet normal -0.300030 -0.591012 0.748790
    outer loop
      vertex 41.891553 34.481351 7.898593
      vertex 43.026138 33.967464 7.947601
      vertex 44.031719 34.134207 8.482132
    endloop
  endfacet
  facet normal -0.300010 -0.591428 0.748470
    outer loop
      vertex 41.891553 34.481351 7.898593
      vertex 44.031719 34.134207 8.482132
      vertex 42.734109 34.721933 8.426421
    endloop
  endfacet
  facet normal 0.333181 0.586152 -0.738523
    outer loop
      vertex 45.150771 35.411983 8.264187
      vertex 43.217947 36.311461 8.106101
      vertex 43.881704 36.634971 8.662316
    endloop
  endfacet
  facet normal 0.336427 0.588445 -0.735220
    outer loop
      vertex 45.150771 35.411983 8.264187
      vertex 43.881704 36.634971 8.662316
      vertex 45.992955 35.652459 8.842028
    endloop
  endfacet
  facet normal -0.310593 -0.574202 0.757512
    outer loop
      vertex 40.649232 35.059489 7.827455
      vertex 41.891553 34.481351 7.898593
      vertex 42.734109 34.721933 8.426421
    endloop
  endfacet
  facet normal -0.310566 -0.574753 0.757105
    outer loop
      vertex 40.649232 35.059489 7.827455
      vertex 42.734109 34.721933 8.426421
      vertex 41.313283 35.383142 8.345550
    endloop
  endfacet
  facet normal 0.268746 0.661717 -0.699933
    outer loop
      vertex 43.217947 36.311461 8.106101
      vertex 41.028982 37.307186 8.206985
      vertex 41.490667 37.722615 8.777000
    endloop
  endfacet
  facet normal 0.266633 0.660196 -0.702174
    outer loop
      vertex 43.217947 36.311461 8.106101
      vertex 41.490667 37.722615 8.777000
      vertex 43.881704 36.634971 8.662316
    endloop
  endfacet
  facet normal -0.263011 -0.630024 0.730681
    outer loop
      vertex 39.242277 35.699490 7.872852
      vertex 40.649232 35.059489 7.827455
      vertex 41.313283 35.383142 8.345550
    endloop
  endfacet
  facet normal -0.263022 -0.629753 0.730911
    outer loop
      vertex 39.242277 35.699490 7.872852
      vertex 41.313283 35.383142 8.345550
      vertex 39.704166 36.115103 8.397158
    endloop
  endfacet
  facet normal 0.180758 0.730514 -0.658541
    outer loop
      vertex 41.028982 37.307186 8.206985
      vertex 38.507652 38.286509 8.601280
      vertex 38.736584 38.792344 9.225236
    endloop
  endfacet
  facet normal 0.172634 0.724204 -0.667627
    outer loop
      vertex 41.028982 37.307186 8.206985
      vertex 38.736584 38.792344 9.225236
      vertex 41.490667 37.722615 8.777000
    endloop
  endfacet
  facet normal -0.187744 -0.682474 0.706386
    outer loop
      vertex 37.621695 36.328950 8.050285
      vertex 39.242277 35.699490 7.872852
      vertex 39.704166 36.115103 8.397158
    endloop
  endfacet
  facet normal -0.187791 -0.681624 0.707194
    outer loop
      vertex 37.621695 36.328950 8.050285
      vertex 39.704166 36.115103 8.397158
      vertex 37.850728 36.835008 8.598864
    endloop
  endfacet
  facet normal 0.122782 0.756486 -0.642381
    outer loop
      vertex 38.507652 38.286509 8.601280
      vertex 35.813937 39.019296 8.949365
      vertex 35.794202 39.592777 9.620940
    endloop
  endfacet
  facet normal 0.116534 0.750162 -0.650905
    outer loop
      vertex 38.507652 38.286509 8.601280
      vertex 35.794202 39.592777 9.620940
      vertex 38.736584 38.792344 9.225236
    endloop
  endfacet
  facet normal -0.127547 -0.701908 0.700754
    outer loop
      vertex 35.890312 36.799948 8.206924
      vertex 37.621695 36.328950 8.050285
      vertex 37.850728 36.835008 8.598864
    endloop
  endfacet
  facet normal -0.127688 -0.701237 0.701400
    outer loop
      vertex 35.890312 36.799948 8.206924
      vertex 37.850728 36.835008 8.598864
      vertex 35.870568 37.373682 8.776931
    endloop
  endfacet
  facet normal 0.131439 0.756311 -0.640873
    outer loop
      vertex 35.813937 39.019296 8.949365
      vertex 33.296337 39.478878 8.975385
      vertex 33.044192 40.094784 9.650519
    endloop
  endfacet
  facet normal 0.131069 0.755799 -0.641552
    outer loop
      vertex 35.813937 39.019296 8.949365
      vertex 33.044192 40.094784 9.650519
      vertex 35.794202 39.592777 9.620940
    endloop
  endfacet
  facet normal -0.122992 -0.701574 0.701902
    outer loop
      vertex 34.272127 37.095343 8.218632
      vertex 35.890312 36.799948 8.206924
      vertex 35.870568 37.373682 8.776931
    endloop
  endfacet
  facet normal -0.123014 -0.701530 0.701943
    outer loop
      vertex 34.272127 37.095343 8.218632
      vertex 35.870568 37.373682 8.776931
      vertex 34.019870 37.711523 8.790241
    endloop
  endfacet
  facet normal 0.162425 0.755162 -0.635097
    outer loop
      vertex 33.296337 39.478878 8.975385
      vertex 31.066778 39.820871 8.811825
      vertex 30.608814 40.468348 9.464583
    endloop
  endfacet
  facet normal 0.164491 0.758521 -0.630546
    outer loop
      vertex 33.296337 39.478878 8.975385
      vertex 30.608814 40.468348 9.464583
      vertex 33.044192 40.094784 9.650519
    endloop
  endfacet
  facet normal -0.143710 -0.704017 0.695491
    outer loop
      vertex 32.839080 37.315159 8.145030
      vertex 34.272127 37.095343 8.218632
      vertex 34.019870 37.711523 8.790241
    endloop
  endfacet
  facet normal -0.143521 -0.704254 0.695290
    outer loop
      vertex 32.839080 37.315159 8.145030
      vertex 34.019870 37.711523 8.790241
      vertex 32.380913 37.962923 8.706570
    endloop
  endfacet
  facet normal -0.635856 0.274703 -0.721266
    outer loop
      vertex 31.066778 39.820871 8.811825
      vertex 30.374137 38.074412 8.757285
      vertex 29.852233 38.560667 9.402583
    endloop
  endfacet
  facet normal -0.636545 0.275859 -0.720216
    outer loop
      vertex 31.066778 39.820871 8.811825
      vertex 29.852233 38.560667 9.402583
      vertex 30.608814 40.468348 9.464583
    endloop
  endfacet
  facet normal 0.588509 -0.250210 0.768799
    outer loop
      vertex 32.393886 36.192624 8.120487
      vertex 32.839080 37.315159 8.145030
      vertex 32.380913 37.962923 8.706570
    endloop
  endfacet
  facet normal 0.588673 -0.250171 0.768686
    outer loop
      vertex 32.393886 36.192624 8.120487
      vertex 32.380913 37.962923 8.706570
      vertex 31.871751 36.679094 8.678670
    endloop
  endfacet
  facet normal -0.675500 0.214971 -0.705328
    outer loop
      vertex 30.374137 38.074412 8.757285
      vertex 29.701475 36.162561 8.818804
      vertex 29.117475 36.472326 9.472517
    endloop
  endfacet
  facet normal -0.674578 0.213680 -0.706601
    outer loop
      vertex 30.374137 38.074412 8.757285
      vertex 29.117475 36.472326 9.472517
      vertex 29.852233 38.560667 9.402583
    endloop
  endfacet
  facet normal 0.621478 -0.201605 0.757047
    outer loop
      vertex 31.961533 34.963784 8.148171
      vertex 32.393886 36.192624 8.120487
      vertex 31.871751 36.679094 8.678670
    endloop
  endfacet
  facet normal 0.621321 -0.201650 0.757165
    outer loop
      vertex 31.961533 34.963784 8.148171
      vertex 31.871751 36.679094 8.678670
      vertex 31.377274 35.273686 8.710140
    endloop
  endfacet
  facet normal -0.669730 0.222552 -0.708472
    outer loop
      vertex 29.701475 36.162561 8.818804
      vertex 29.127714 34.125221 8.721199
      vertex 28.490748 34.246911 9.361560
    endloop
  endfacet
  facet normal -0.671524 0.224327 -0.706210
    outer loop
      vertex 29.701475 36.162561 8.818804
      vertex 28.490748 34.246911 9.361560
      vertex 29.117475 36.472326 9.472517
    endloop
  endfacet
  facet normal 0.621821 -0.200511 0.757056
    outer loop
      vertex 31.592748 33.654285 8.104249
      vertex 31.961533 34.963784 8.148171
      vertex 31.377274 35.273686 8.710140
    endloop
  endfacet
  facet normal 0.622053 -0.200418 0.756890
    outer loop
      vertex 31.592748 33.654285 8.104249
      vertex 31.377274 35.273686 8.710140
      vertex 30.955500 33.776029 8.660210
    endloop
  endfacet
  facet normal -0.650721 0.258247 -0.714052
    outer loop
      vertex 29.127714 34.125221 8.721199
      vertex 28.705769 32.075170 8.364291
      vertex 28.029851 32.007612 8.955826
    endloop
  endfacet
  facet normal -0.658493 0.263276 -0.705034
    outer loop
      vertex 29.127714 34.125221 8.721199
      vertex 28.029851 32.007612 8.955826
      vertex 28.490748 34.246911 9.361560
    endloop
  endfacet
  facet normal 0.617321 -0.219154 0.755570
    outer loop
      vertex 31.321544 32.336618 7.943640
      vertex 31.592748 33.654285 8.104249
      vertex 30.955500 33.776029 8.660210
    endloop
  endfacet
  facet normal 0.618108 -0.218699 0.755059
    outer loop
      vertex 31.321544 32.336618 7.943640
      vertex 30.955500 33.776029 8.660210
      vertex 30.645327 32.269030 8.477630
    endloop
  endfacet
  facet normal -0.646064 0.218887 -0.731225
    outer loop
      vertex 28.705769 32.075170 8.364291
      vertex 28.415332 30.124599 8.037013
      vertex 27.712604 29.876976 8.583776
    endloop
  endfacet
  facet normal -0.654461 0.223573 -0.722285
    outer loop
      vertex 28.705769 32.075170 8.364291
      vertex 27.712604 29.876976 8.583776
      vertex 28.029851 32.007612 8.955826
    endloop
  endfacet
  facet normal 0.620530 -0.181998 0.762771
    outer loop
      vertex 31.134866 31.082890 7.796365
      vertex 31.321544 32.336618 7.943640
      vertex 30.645327 32.269030 8.477630
    endloop
  endfacet
  facet normal 0.621165 -0.181507 0.762371
    outer loop
      vertex 31.134866 31.082890 7.796365
      vertex 30.645327 32.269030 8.477630
      vertex 30.431826 30.835157 8.310207
    endloop
  endfacet
  facet normal -0.627923 0.067743 -0.775322
    outer loop
      vertex 28.415332 30.124599 8.037013
      vertex 28.200157 28.318254 8.053453
      vertex 27.477565 27.903881 8.602466
    endloop
  endfacet
  facet normal -0.627365 0.067384 -0.775805
    outer loop
      vertex 28.415332 30.124599 8.037013
      vertex 27.477565 27.903881 8.602466
      vertex 27.712604 29.876976 8.583776
    endloop
  endfacet
  facet normal 0.604013 -0.066891 0.794163
    outer loop
      vertex 30.996562 29.921863 7.803763
      vertex 31.134866 31.082890 7.796365
      vertex 30.431826 30.835157 8.310207
    endloop
  endfacet
  facet normal 0.603986 -0.066918 0.794181
    outer loop
      vertex 30.996562 29.921863 7.803763
      vertex 30.431826 30.835157 8.310207
      vertex 30.273650 29.507306 8.318617
    endloop
  endfacet
  facet normal -0.586436 -0.070675 -0.806906
    outer loop
      vertex 28.200157 28.318254 8.053453
      vertex 28.016550 26.649028 8.333097
      vertex 27.277008 26.080562 8.920365
    endloop
  endfacet
  facet normal -0.573977 -0.078971 -0.815055
    outer loop
      vertex 28.200157 28.318254 8.053453
      vertex 27.277008 26.080562 8.920365
      vertex 27.477565 27.903881 8.602466
    endloop
  endfacet
  facet normal 0.566674 0.034225 0.823231
    outer loop
      vertex 30.878549 28.848970 7.929603
      vertex 30.996562 29.921863 7.803763
      vertex 30.273650 29.507306 8.318617
    endloop
  endfacet
  facet normal 0.566300 0.033717 0.823509
    outer loop
      vertex 30.878549 28.848970 7.929603
      vertex 30.273650 29.507306 8.318617
      vertex 30.138679 28.280252 8.461672
    endloop
  endfacet
  facet normal -0.611277 -0.034105 -0.790682
    outer loop
      vertex 28.016550 26.649028 8.333097
      vertex 27.841888 25.093543 8.535220
      vertex 27.086223 24.381484 9.150139
    endloop
  endfacet
  facet normal -0.602237 -0.040200 -0.797305
    outer loop
      vertex 28.016550 26.649028 8.333097
      vertex 27.086223 24.381484 9.150139
      vertex 27.277008 26.080562 8.920365
    endloop
  endfacet
  facet normal 0.579189 0.009122 0.815142
    outer loop
      vertex 30.766285 27.849183 8.020558
      vertex 30.878549 28.848970 7.929603
      vertex 30.138679 28.280252 8.461672
    endloop
  endfacet
  facet normal 0.579002 0.008709 0.815280
    outer loop
      vertex 30.766285 27.849183 8.020558
      vertex 30.138679 28.280252 8.461672
      vertex 30.010285 27.136809 8.565070
    endloop
  endfacet
  facet normal 0.209518 -0.714274 -0.667769
    outer loop
      vertex 27.086223 24.381484 9.150139
      vertex 29.553094 25.095557 9.160338
      vertex 28.915287 24.335914 9.772768
    endloop
  endfacet
  facet normal 0.209542 -0.714205 -0.667835
    outer loop
      vertex 27.086223 24.381484 9.150139
      vertex 28.915287 24.335914 9.772768
      vertex 26.205408 23.551498 9.761387
    endloop
  endfacet
  facet normal -0.197446 0.675318 0.710606
    outer loop
      vertex 31.670436 27.617365 8.569660
      vertex 30.010285 27.136809 8.565070
      vertex 29.130424 26.307722 9.108513
    endloop
  endfacet
  facet normal -0.197362 0.675209 0.710733
    outer loop
      vertex 31.670436 27.617365 8.569660
      vertex 29.130424 26.307722 9.108513
      vertex 31.033320 26.858544 9.113634
    endloop
  endfacet
  facet normal 0.202803 -0.712583 -0.671638
    outer loop
      vertex 29.553094 25.095557 9.160338
      vertex 32.342925 25.838775 9.214207
      vertex 31.979940 25.152345 9.832880
    endloop
  endfacet
  facet normal 0.202906 -0.712169 -0.672045
    outer loop
      vertex 29.553094 25.095557 9.160338
      vertex 31.979940 25.152345 9.832880
      vertex 28.915287 24.335914 9.772768
    endloop
  endfacet
  facet normal -0.188187 0.671674 0.716547
    outer loop
      vertex 33.547932 28.117535 8.593901
      vertex 31.670436 27.617365 8.569660
      vertex 31.033320 26.858544 9.113634
    endloop
  endfacet
  facet normal -0.187814 0.671166 0.717121
    outer loop
      vertex 33.547932 28.117535 8.593901
      vertex 31.033320 26.858544 9.113634
      vertex 33.185341 27.431848 9.140685
    endloop
  endfacet
  facet normal 0.250230 -0.720240 -0.647023
    outer loop
      vertex 32.342925 25.838775 9.214207
      vertex 35.657946 26.729378 9.504877
      vertex 35.621520 26.130680 10.157236
    endloop
  endfacet
  facet normal 0.250714 -0.717902 -0.649430
    outer loop
      vertex 32.342925 25.838775 9.214207
      vertex 35.621520 26.130680 10.157236
      vertex 31.979940 25.152345 9.832880
    endloop
  endfacet
  facet normal -0.223031 0.677132 0.701249
    outer loop
      vertex 35.778870 28.716891 8.724702
      vertex 33.547932 28.117535 8.593901
      vertex 33.185341 27.431848 9.140685
    endloop
  endfacet
  facet normal -0.221490 0.674880 0.703903
    outer loop
      vertex 35.778870 28.716891 8.724702
      vertex 33.185341 27.431848 9.140685
      vertex 35.742484 28.118842 9.286645
    endloop
  endfacet
  facet normal 0.319843 -0.709273 -0.628198
    outer loop
      vertex 35.657946 26.729378 9.504877
      vertex 39.396122 28.157308 9.795926
      vertex 39.727938 27.699273 10.482016
    endloop
  endfacet
  facet normal 0.319911 -0.706872 -0.630864
    outer loop
      vertex 35.657946 26.729378 9.504877
      vertex 39.727938 27.699273 10.482016
      vertex 35.621520 26.130680 10.157236
    endloop
  endfacet
  facet normal -0.289755 0.664693 0.688640
    outer loop
      vertex 38.294582 29.677858 8.855675
      vertex 35.778870 28.716891 8.724702
      vertex 35.742484 28.118842 9.286645
    endloop
  endfacet
  facet normal -0.288227 0.662857 0.691047
    outer loop
      vertex 38.294582 29.677858 8.855675
      vertex 35.742484 28.118842 9.286645
      vertex 38.626040 29.220319 9.432796
    endloop
  endfacet
  facet normal 0.362996 -0.683620 -0.633165
    outer loop
      vertex 39.396122 28.157308 9.795926
      vertex 42.629614 29.944826 9.719740
      vertex 43.279958 29.662877 10.397001
    endloop
  endfacet
  facet normal 0.363122 -0.684243 -0.632419
    outer loop
      vertex 39.396122 28.157308 9.795926
      vertex 43.279958 29.662877 10.397001
      vertex 39.727938 27.699273 10.482016
    endloop
  endfacet
  facet normal -0.338837 0.632775 0.696265
    outer loop
      vertex 40.470654 30.880819 8.821391
      vertex 38.294582 29.677858 8.855675
      vertex 38.626040 29.220319 9.432796
    endloop
  endfacet
  facet normal -0.339323 0.633115 0.695719
    outer loop
      vertex 40.470654 30.880819 8.821391
      vertex 38.626040 29.220319 9.432796
      vertex 41.120293 30.599175 9.394539
    endloop
  endfacet
  facet normal 0.327253 -0.714567 -0.618303
    outer loop
      vertex 42.629614 29.944826 9.719740
      vertex 45.263135 31.509476 9.305347
      vertex 46.172903 31.381659 9.934583
    endloop
  endfacet
  facet normal 0.328288 -0.717756 -0.614047
    outer loop
      vertex 42.629614 29.944826 9.719740
      vertex 46.172903 31.381659 9.934583
      vertex 43.279958 29.662877 10.397001
    endloop
  endfacet
  facet normal -0.318316 0.656825 0.683561
    outer loop
      vertex 42.242956 31.933795 8.634914
      vertex 40.470654 30.880819 8.821391
      vertex 41.120293 30.599175 9.394539
    endloop
  endfacet
  facet normal -0.321055 0.657842 0.681299
    outer loop
      vertex 42.242956 31.933795 8.634914
      vertex 41.120293 30.599175 9.394539
      vertex 43.151739 31.806116 9.186451
    endloop
  endfacet
  facet normal 0.319289 -0.721726 -0.614138
    outer loop
      vertex 45.263135 31.509476 9.305347
      vertex 47.584017 32.831905 8.957869
      vertex 48.722411 32.834358 9.546834
    endloop
  endfacet
  facet normal 0.320163 -0.724742 -0.610119
    outer loop
      vertex 45.263135 31.509476 9.305347
      vertex 48.722411 32.834358 9.546834
      vertex 46.172903 31.381659 9.934583
    endloop
  endfacet
  facet normal -0.314249 0.669729 0.672838
    outer loop
      vertex 43.804860 32.823760 8.478549
      vertex 42.242956 31.933795 8.634914
      vertex 43.151739 31.806116 9.186451
    endloop
  endfacet
  facet normal -0.316397 0.670129 0.671432
    outer loop
      vertex 43.804860 32.823760 8.478549
      vertex 43.151739 31.806116 9.186451
      vertex 44.942022 32.826211 9.011964
    endloop
  endfacet
  facet normal 0.345291 -0.661718 -0.665509
    outer loop
      vertex 47.584017 32.831905 8.957869
      vertex 49.724526 33.992934 8.914030
      vertex 51.073779 34.109759 9.497915
    endloop
  endfacet
  facet normal 0.345406 -0.662303 -0.664868
    outer loop
      vertex 47.584017 32.831905 8.957869
      vertex 51.073779 34.109759 9.497915
      vertex 48.722411 32.834358 9.546834
    endloop
  endfacet
  facet normal -0.331366 0.628678 0.703534
    outer loop
      vertex 45.245377 33.605109 8.458821
      vertex 43.804860 32.823760 8.478549
      vertex 44.942022 32.826211 9.011964
    endloop
  endfacet
  facet normal -0.331627 0.628687 0.703403
    outer loop
      vertex 45.245377 33.605109 8.458821
      vertex 44.942022 32.826211 9.011964
      vertex 46.593169 33.721807 8.989950
    endloop
  endfacet
  facet normal 0.258232 0.640018 -0.723667
    outer loop
      vertex 49.724526 33.992934 8.914030
      vertex 47.921114 34.779139 8.965832
      vertex 49.092716 34.973412 9.555720
    endloop
  endfacet
  facet normal 0.257853 0.639919 -0.723889
    outer loop
      vertex 49.724526 33.992934 8.914030
      vertex 49.092716 34.973412 9.555720
      vertex 51.073779 34.109759 9.497915
    endloop
  endfacet
  facet normal -0.247433 -0.601048 0.759946
    outer loop
      vertex 44.031719 34.134207 8.482132
      vertex 45.245377 33.605109 8.458821
      vertex 46.593169 33.721807 8.989950
    endloop
  endfacet
  facet normal -0.247429 -0.600183 0.760631
    outer loop
      vertex 44.031719 34.134207 8.482132
      vertex 46.593169 33.721807 8.989950
      vertex 45.202052 34.328270 9.015963
    endloop
  endfacet
  facet normal 0.299489 0.550785 -0.779065
    outer loop
      vertex 47.921114 34.779139 8.965832
      vertex 45.992955 35.652459 8.842028
      vertex 46.974616 35.932761 9.417568
    endloop
  endfacet
  facet normal 0.300464 0.551296 -0.778328
    outer loop
      vertex 47.921114 34.779139 8.965832
      vertex 46.974616 35.932761 9.417568
      vertex 49.092716 34.973412 9.555720
    endloop
  endfacet
  facet normal -0.276077 -0.533771 0.799294
    outer loop
      vertex 42.734109 34.721933 8.426421
      vertex 44.031719 34.134207 8.482132
      vertex 45.202052 34.328270 9.015963
    endloop
  endfacet
  facet normal -0.276076 -0.535905 0.797864
    outer loop
      vertex 42.734109 34.721933 8.426421
      vertex 45.202052 34.328270 9.015963
      vertex 43.714708 35.001932 8.953794
    endloop
  endfacet
  facet normal 0.311786 0.525137 -0.791846
    outer loop
      vertex 45.992955 35.652459 8.842028
      vertex 43.881704 36.634971 8.662316
      vertex 44.655389 37.012059 9.217028
    endloop
  endfacet
  facet normal 0.313242 0.526214 -0.790556
    outer loop
      vertex 45.992955 35.652459 8.842028
      vertex 44.655389 37.012059 9.217028
      vertex 46.974616 35.932761 9.417568
    endloop
  endfacet
  facet normal -0.286385 -0.516711 0.806842
    outer loop
      vertex 41.313283 35.383142 8.345550
      vertex 42.734109 34.721933 8.426421
      vertex 43.714708 35.001932 8.953794
    endloop
  endfacet
  facet normal -0.286375 -0.519513 0.805044
    outer loop
      vertex 41.313283 35.383142 8.345550
      vertex 43.714708 35.001932 8.953794
      vertex 42.086130 35.759822 8.863551
    endloop
  endfacet
  facet normal 0.242617 0.612673 -0.752176
    outer loop
      vertex 43.881704 36.634971 8.662316
      vertex 41.490667 37.722615 8.777000
      vertex 42.028814 38.206845 9.345004
    endloop
  endfacet
  facet normal 0.241673 0.611948 -0.753070
    outer loop
      vertex 43.881704 36.634971 8.662316
      vertex 42.028814 38.206845 9.345004
      vertex 44.655389 37.012059 9.217028
    endloop
  endfacet
  facet normal -0.238995 -0.580292 0.778552
    outer loop
      vertex 39.704166 36.115103 8.397158
      vertex 41.313283 35.383142 8.345550
      vertex 42.086130 35.759822 8.863551
    endloop
  endfacet
  facet normal -0.238991 -0.578900 0.779588
    outer loop
      vertex 39.704166 36.115103 8.397158
      vertex 42.086130 35.759822 8.863551
      vertex 40.241731 36.598809 8.921140
    endloop
  endfacet
  facet normal 0.149258 0.683624 -0.714409
    outer loop
      vertex 41.490667 37.722615 8.777000
      vertex 38.736584 38.792344 9.225236
      vertex 39.003431 39.381952 9.845187
    endloop
  endfacet
  facet normal 0.145604 0.680528 -0.718109
    outer loop
      vertex 41.490667 37.722615 8.777000
      vertex 39.003431 39.381952 9.845187
      vertex 42.028814 38.206845 9.345004
    endloop
  endfacet
  facet normal -0.164468 -0.634932 0.754859
    outer loop
      vertex 37.850728 36.835008 8.598864
      vertex 39.704166 36.115103 8.397158
      vertex 40.241731 36.598809 8.921140
    endloop
  endfacet
  facet normal -0.164528 -0.630499 0.758553
    outer loop
      vertex 37.850728 36.835008 8.598864
      vertex 40.241731 36.598809 8.921140
      vertex 38.117285 37.423977 9.146223
    endloop
  endfacet
  facet normal 0.096918 0.704053 -0.703503
    outer loop
      vertex 38.736584 38.792344 9.225236
      vertex 35.794202 39.592777 9.620940
      vertex 35.771198 40.261235 10.286750
    endloop
  endfacet
  facet normal 0.094069 0.700871 -0.707058
    outer loop
      vertex 38.736584 38.792344 9.225236
      vertex 35.771198 40.261235 10.286750
      vertex 39.003431 39.381952 9.845187
    endloop
  endfacet
  facet normal -0.109106 -0.649749 0.752277
    outer loop
      vertex 35.870568 37.373682 8.776931
      vertex 37.850728 36.835008 8.598864
      vertex 38.117285 37.423977 9.146223
    endloop
  endfacet
  facet normal -0.109673 -0.646206 0.755241
    outer loop
      vertex 35.870568 37.373682 8.776931
      vertex 38.117285 37.423977 9.146223
      vertex 35.847589 38.041416 9.344926
    endloop
  endfacet
  facet normal 0.120771 0.702890 -0.700970
    outer loop
      vertex 35.794202 39.592777 9.620940
      vertex 33.044192 40.094784 9.650519
      vertex 32.750289 40.812694 10.319757
    endloop
  endfacet
  facet normal 0.120602 0.702632 -0.701258
    outer loop
      vertex 35.794202 39.592777 9.620940
      vertex 32.750289 40.812694 10.319757
      vertex 35.771198 40.261235 10.286750
    endloop
  endfacet
  facet normal -0.112506 -0.646058 0.754952
    outer loop
      vertex 34.019870 37.711523 8.790241
      vertex 35.870568 37.373682 8.776931
      vertex 35.847589 38.041416 9.344926
    endloop
  endfacet
  facet normal -0.112606 -0.645822 0.755139
    outer loop
      vertex 34.019870 37.711523 8.790241
      vertex 35.847589 38.041416 9.344926
      vertex 33.726285 38.428655 9.359780
    endloop
  endfacet
  facet normal 0.160938 0.705850 -0.689837
    outer loop
      vertex 33.044192 40.094784 9.650519
      vertex 30.608814 40.468348 9.464583
      vertex 30.075005 41.223057 10.112273
    endloop
  endfacet
  facet normal 0.161879 0.707529 -0.687894
    outer loop
      vertex 33.044192 40.094784 9.650519
      vertex 30.075005 41.223057 10.112273
      vertex 32.750289 40.812694 10.319757
    endloop
  endfacet
  facet normal -0.137853 -0.649972 0.747350
    outer loop
      vertex 32.380913 37.962923 8.706570
      vertex 34.019870 37.711523 8.790241
      vertex 33.726285 38.428655 9.359780
    endloop
  endfacet
  facet normal -0.136987 -0.651199 0.746441
    outer loop
      vertex 32.380913 37.962923 8.706570
      vertex 33.726285 38.428655 9.359780
      vertex 31.847682 38.716815 9.266412
    endloop
  endfacet
  facet normal -0.578577 0.254645 -0.774858
    outer loop
      vertex 30.608814 40.468348 9.464583
      vertex 29.852233 38.560667 9.402583
      vertex 29.243895 39.127453 10.043087
    endloop
  endfacet
  facet normal -0.578907 0.255161 -0.774441
    outer loop
      vertex 30.608814 40.468348 9.464583
      vertex 29.243895 39.127453 10.043087
      vertex 30.075005 41.223057 10.112273
    endloop
  endfacet
  facet normal 0.532260 -0.228806 0.815075
    outer loop
      vertex 31.871751 36.679094 8.678670
      vertex 32.380913 37.962923 8.706570
      vertex 31.847682 38.716815 9.266412
    endloop
  endfacet
  facet normal 0.533083 -0.228653 0.814580
    outer loop
      vertex 31.871751 36.679094 8.678670
      vertex 31.847682 38.716815 9.266412
      vertex 31.264071 37.245266 9.235278
    endloop
  endfacet
  facet normal -0.621209 0.193132 -0.759474
    outer loop
      vertex 29.852233 38.560667 9.402583
      vertex 29.117475 36.472326 9.472517
      vertex 28.436756 36.833392 10.121126
    endloop
  endfacet
  facet normal -0.620764 0.192556 -0.759983
    outer loop
      vertex 29.852233 38.560667 9.402583
      vertex 28.436756 36.833392 10.121126
      vertex 29.243895 39.127453 10.043087
    endloop
  endfacet
  facet normal 0.566924 -0.181472 0.803533
    outer loop
      vertex 31.377274 35.273686 8.710140
      vertex 31.871751 36.679094 8.678670
      vertex 31.264071 37.245266 9.235278
    endloop
  endfacet
  facet normal 0.566127 -0.181657 0.804053
    outer loop
      vertex 31.377274 35.273686 8.710140
      vertex 31.264071 37.245266 9.235278
      vertex 30.697292 35.634361 9.270396
    endloop
  endfacet
  facet normal -0.612341 0.210445 -0.762071
    outer loop
      vertex 29.117475 36.472326 9.472517
      vertex 28.490748 34.246911 9.361560
      vertex 27.748291 34.388754 9.997311
    endloop
  endfacet
  facet normal -0.613204 0.211243 -0.761155
    outer loop
      vertex 29.117475 36.472326 9.472517
      vertex 27.748291 34.388754 9.997311
      vertex 28.436756 36.833392 10.121126
    endloop
  endfacet
  facet normal 0.564272 -0.185731 0.804426
    outer loop
      vertex 30.955500 33.776029 8.660210
      vertex 31.377274 35.273686 8.710140
      vertex 30.697292 35.634361 9.270396
    endloop
  endfacet
  facet normal 0.565445 -0.185328 0.803695
    outer loop
      vertex 30.955500 33.776029 8.660210
      vertex 30.697292 35.634361 9.270396
      vertex 30.213847 33.917719 9.214678
    endloop
  endfacet
  facet normal -0.594523 0.260215 -0.760809
    outer loop
      vertex 28.490748 34.246911 9.361560
      vertex 28.029851 32.007612 8.955826
      vertex 27.241992 31.928866 9.544555
    endloop
  endfacet
  facet normal -0.598187 0.262478 -0.757151
    outer loop
      vertex 28.490748 34.246911 9.361560
      vertex 27.241992 31.928866 9.544555
      vertex 27.748291 34.388754 9.997311
    endloop
  endfacet
  facet normal 0.558824 -0.212147 0.801692
    outer loop
      vertex 30.645327 32.269030 8.477630
      vertex 30.955500 33.776029 8.660210
      vertex 30.213847 33.917719 9.214678
    endloop
  endfacet
  facet normal 0.562757 -0.210125 0.799470
    outer loop
      vertex 30.645327 32.269030 8.477630
      vertex 30.213847 33.917719 9.214678
      vertex 29.858321 32.190368 9.010938
    endloop
  endfacet
  facet normal -0.593667 0.223391 -0.773082
    outer loop
      vertex 28.029851 32.007612 8.955826
      vertex 27.712604 29.876976 8.583776
      vertex 26.893493 29.588343 9.129386
    endloop
  endfacet
  facet normal -0.597537 0.225466 -0.769490
    outer loop
      vertex 28.029851 32.007612 8.955826
      vertex 26.893493 29.588343 9.129386
      vertex 27.241992 31.928866 9.544555
    endloop
  endfacet
  facet normal 0.564142 -0.178137 0.806232
    outer loop
      vertex 30.431826 30.835157 8.310207
      vertex 30.645327 32.269030 8.477630
      vertex 29.858321 32.190368 9.010938
    endloop
  endfacet
  facet normal 0.567283 -0.175919 0.804513
    outer loop
      vertex 30.431826 30.835157 8.310207
      vertex 29.858321 32.190368 9.010938
      vertex 29.613602 30.546837 8.824112
    endloop
  endfacet
  facet normal -0.568137 0.059903 -0.820751
    outer loop
      vertex 27.712604 29.876976 8.583776
      vertex 27.477565 27.903881 8.602466
      vertex 26.635301 27.420881 9.150242
    endloop
  endfacet
  facet normal -0.567882 0.059748 -0.820939
    outer loop
      vertex 27.712604 29.876976 8.583776
      vertex 26.635301 27.420881 9.150242
      vertex 26.893493 29.588343 9.129386
    endloop
  endfacet
  facet normal 0.545931 -0.059739 0.835698
    outer loop
      vertex 30.273650 29.507306 8.318617
      vertex 30.431826 30.835157 8.310207
      vertex 29.613602 30.546837 8.824112
    endloop
  endfacet
  facet normal 0.545797 -0.059863 0.835777
    outer loop
      vertex 30.273650 29.507306 8.318617
      vertex 29.613602 30.546837 8.824112
      vertex 29.432298 29.024830 8.833497
    endloop
  endfacet
  facet normal -0.508748 -0.093259 -0.855850
    outer loop
      vertex 27.477565 27.903881 8.602466
      vertex 27.277008 26.080562 8.920365
      vertex 26.414987 25.417950 9.504983
    endloop
  endfacet
  facet normal -0.503050 -0.096774 -0.858822
    outer loop
      vertex 27.477565 27.903881 8.602466
      vertex 26.414987 25.417950 9.504983
      vertex 26.635301 27.420881 9.150242
    endloop
  endfacet
  facet normal 0.502370 0.045407 0.863459
    outer loop
      vertex 30.138679 28.280252 8.461672
      vertex 30.273650 29.507306 8.318617
      vertex 29.432298 29.024830 8.833497
    endloop
  endfacet
  facet normal 0.500539 0.043079 0.864641
    outer loop
      vertex 30.138679 28.280252 8.461672
      vertex 29.432298 29.024830 8.833497
      vertex 29.277592 27.618357 8.993131
    endloop
  endfacet
  facet normal -0.534407 -0.054063 -0.843496
    outer loop
      vertex 27.277008 26.080562 8.920365
      vertex 27.086223 24.381484 9.150139
      vertex 26.205408 23.551498 9.761387
    endloop
  endfacet
  facet normal -0.530175 -0.056686 -0.845992
    outer loop
      vertex 27.277008 26.080562 8.920365
      vertex 26.205408 23.551498 9.761387
      vertex 26.414987 25.417950 9.504983
    endloop
  endfacet
  facet normal 0.514031 0.019826 0.857542
    outer loop
      vertex 30.010285 27.136809 8.565070
      vertex 30.138679 28.280252 8.461672
      vertex 29.277592 27.618357 8.993131
    endloop
  endfacet
  facet normal 0.513125 0.017928 0.858127
    outer loop
      vertex 30.010285 27.136809 8.565070
      vertex 29.277592 27.618357 8.993131
      vertex 29.130424 26.307722 9.108513
    endloop
  endfacet
  facet normal 0.199414 -0.678651 -0.706871
    outer loop
      vertex 26.205408 23.551498 9.761387
      vertex 28.915287 24.335914 9.772768
      vertex 28.211120 23.497233 10.379314
    endloop
  endfacet
  facet normal 0.199412 -0.678657 -0.706866
    outer loop
      vertex 26.205408 23.551498 9.761387
      vertex 28.211120 23.497233 10.379314
      vertex 25.232949 22.635156 10.366823
    endloop
  endfacet
  facet normal -0.187104 0.639444 0.745724
    outer loop
      vertex 31.033320 26.858544 9.113634
      vertex 29.130424 26.307722 9.108513
      vertex 28.157974 25.391389 9.650261
    endloop
  endfacet
  facet normal -0.186975 0.639260 0.745913
    outer loop
      vertex 31.033320 26.858544 9.113634
      vertex 28.157974 25.391389 9.650261
      vertex 30.329160 26.019871 9.655882
    endloop
  endfacet
  facet normal 0.194188 -0.676634 -0.710252
    outer loop
      vertex 28.915287 24.335914 9.772768
      vertex 31.979940 25.152345 9.832880
      vertex 31.579189 24.394495 10.445290
    endloop
  endfacet
  facet normal 0.194180 -0.676674 -0.710215
    outer loop
      vertex 28.915287 24.335914 9.772768
      vertex 31.579189 24.394495 10.445290
      vertex 28.211120 23.497233 10.379314
    endloop
  endfacet
  facet normal -0.178781 0.635659 0.750983
    outer loop
      vertex 33.185341 27.431848 9.140685
      vertex 31.033320 26.858544 9.113634
      vertex 30.329160 26.019871 9.655882
    endloop
  endfacet
  facet normal -0.178205 0.634806 0.751841
    outer loop
      vertex 33.185341 27.431848 9.140685
      vertex 30.329160 26.019871 9.655882
      vertex 32.784594 26.674005 9.685572
    endloop
  endfacet
  facet normal 0.244999 -0.684207 -0.686903
    outer loop
      vertex 31.979940 25.152345 9.832880
      vertex 35.621520 26.130680 10.157236
      vertex 35.581304 25.469691 10.801287
    endloop
  endfacet
  facet normal 0.244961 -0.684439 -0.686686
    outer loop
      vertex 31.979940 25.152345 9.832880
      vertex 35.581304 25.469691 10.801287
      vertex 31.579189 24.394495 10.445290
    endloop
  endfacet
  facet normal -0.214586 0.642430 0.735688
    outer loop
      vertex 35.742484 28.118842 9.286645
      vertex 33.185341 27.431848 9.140685
      vertex 32.784594 26.674005 9.685572
    endloop
  endfacet
  facet normal -0.212182 0.638616 0.739694
    outer loop
      vertex 35.742484 28.118842 9.286645
      vertex 32.784594 26.674005 9.685572
      vertex 35.702268 27.457858 9.845770
    endloop
  endfacet
  facet normal 0.310133 -0.672830 -0.671653
    outer loop
      vertex 35.621520 26.130680 10.157236
      vertex 39.727938 27.699273 10.482016
      vertex 40.094278 27.193582 11.157749
    endloop
  endfacet
  facet normal 0.310136 -0.673072 -0.671409
    outer loop
      vertex 35.621520 26.130680 10.157236
      vertex 40.094278 27.193582 11.157749
      vertex 35.581304 25.469691 10.801287
    endloop
  endfacet
  facet normal -0.277498 0.630250 0.725106
    outer loop
      vertex 38.626040 29.220319 9.432796
      vertex 35.742484 28.118842 9.286645
      vertex 35.702268 27.457858 9.845770
    endloop
  endfacet
  facet normal -0.275064 0.627073 0.728779
    outer loop
      vertex 38.626040 29.220319 9.432796
      vertex 35.702268 27.457858 9.845770
      vertex 38.992376 28.714632 10.006178
    endloop
  endfacet
  facet normal 0.344544 -0.652477 -0.674954
    outer loop
      vertex 39.727938 27.699273 10.482016
      vertex 43.279958 29.662877 10.397001
      vertex 43.997966 29.351593 11.064441
    endloop
  endfacet
  facet normal 0.344529 -0.652415 -0.675022
    outer loop
      vertex 39.727938 27.699273 10.482016
      vertex 43.997966 29.351593 11.064441
      vertex 40.094278 27.193582 11.157749
    endloop
  endfacet
  facet normal -0.320229 0.599620 0.733423
    outer loop
      vertex 41.120293 30.599175 9.394539
      vertex 38.626040 29.220319 9.432796
      vertex 38.992376 28.714632 10.006178
    endloop
  endfacet
  facet normal -0.321003 0.600225 0.732589
    outer loop
      vertex 41.120293 30.599175 9.394539
      vertex 38.992376 28.714632 10.006178
      vertex 41.838294 30.287894 9.964190
    endloop
  endfacet
  facet normal 0.307126 -0.692544 -0.652730
    outer loop
      vertex 43.279958 29.662877 10.397001
      vertex 46.172903 31.381659 9.934583
      vertex 47.177327 31.240543 10.556914
    endloop
  endfacet
  facet normal 0.307013 -0.692227 -0.653119
    outer loop
      vertex 43.279958 29.662877 10.397001
      vertex 47.177327 31.240543 10.556914
      vertex 43.997966 29.351593 11.064441
    endloop
  endfacet
  facet normal -0.298869 0.627061 0.719355
    outer loop
      vertex 43.151739 31.806116 9.186451
      vertex 41.120293 30.599175 9.394539
      vertex 41.838294 30.287894 9.964190
    endloop
  endfacet
  facet normal -0.303164 0.628989 0.715866
    outer loop
      vertex 43.151739 31.806116 9.186451
      vertex 41.838294 30.287894 9.964190
      vertex 44.156154 31.665001 9.735802
    endloop
  endfacet
  facet normal 0.301676 -0.701721 -0.645429
    outer loop
      vertex 46.172903 31.381659 9.934583
      vertex 48.722411 32.834358 9.546834
      vertex 49.979250 32.837066 10.131341
    endloop
  endfacet
  facet normal 0.301582 -0.701425 -0.645795
    outer loop
      vertex 46.172903 31.381659 9.934583
      vertex 49.979250 32.837066 10.131341
      vertex 47.177327 31.240543 10.556914
    endloop
  endfacet
  facet normal -0.296685 0.641667 0.707278
    outer loop
      vertex 44.942022 32.826211 9.011964
      vertex 43.151739 31.806116 9.186451
      vertex 44.156154 31.665001 9.735802
    endloop
  endfacet
  facet normal -0.300018 0.642546 0.705070
    outer loop
      vertex 44.942022 32.826211 9.011964
      vertex 44.156154 31.665001 9.735802
      vertex 46.198849 32.828920 9.544294
    endloop
  endfacet
  facet normal 0.328041 -0.631727 -0.702360
    outer loop
      vertex 48.722411 32.834358 9.546834
      vertex 51.073779 34.109759 9.497915
      vertex 52.563416 34.238739 10.077649
    endloop
  endfacet
  facet normal 0.328028 -0.631669 -0.702418
    outer loop
      vertex 48.722411 32.834358 9.546834
      vertex 52.563416 34.238739 10.077649
      vertex 49.979250 32.837066 10.131341
    endloop
  endfacet
  facet normal -0.313974 0.596997 0.738251
    outer loop
      vertex 46.593169 33.721807 8.989950
      vertex 44.942022 32.826211 9.011964
      vertex 46.198849 32.828920 9.544294
    endloop
  endfacet
  facet normal -0.314377 0.597045 0.738041
    outer loop
      vertex 46.593169 33.721807 8.989950
      vertex 46.198849 32.828920 9.544294
      vertex 48.082792 33.850785 9.520133
    endloop
  endfacet
  facet normal 0.242231 0.606329 -0.757423
    outer loop
      vertex 51.073779 34.109759 9.497915
      vertex 49.092716 34.973412 9.555720
      vertex 50.386217 35.187897 10.141093
    endloop
  endfacet
  facet normal 0.242265 0.606340 -0.757403
    outer loop
      vertex 51.073779 34.109759 9.497915
      vertex 50.386217 35.187897 10.141093
      vertex 52.563416 34.238739 10.077649
    endloop
  endfacet
  facet normal -0.232281 -0.566717 0.790492
    outer loop
      vertex 45.202052 34.328270 9.015963
      vertex 46.593169 33.721807 8.989950
      vertex 48.082792 33.850785 9.520133
    endloop
  endfacet
  facet normal -0.232228 -0.565346 0.791489
    outer loop
      vertex 45.202052 34.328270 9.015963
      vertex 48.082792 33.850785 9.520133
      vertex 46.495541 34.542753 9.548683
    endloop
  endfacet
  facet normal 0.283538 0.508969 -0.812746
    outer loop
      vertex 49.092716 34.973412 9.555720
      vertex 46.974616 35.932761 9.417568
      vertex 48.058415 36.242227 9.989465
    endloop
  endfacet
  facet normal 0.283449 0.508918 -0.812809
    outer loop
      vertex 49.092716 34.973412 9.555720
      vertex 48.058415 36.242227 9.989465
      vertex 50.386217 35.187897 10.141093
    endloop
  endfacet
  facet normal -0.259179 -0.495734 0.828900
    outer loop
      vertex 43.714708 35.001932 8.953794
      vertex 45.202052 34.328270 9.015963
      vertex 46.495541 34.542753 9.548683
    endloop
  endfacet
  facet normal -0.259294 -0.499081 0.826852
    outer loop
      vertex 43.714708 35.001932 8.953794
      vertex 46.495541 34.542753 9.548683
      vertex 44.798496 35.311395 9.480450
    endloop
  endfacet
  facet normal 0.296447 0.484040 -0.823301
    outer loop
      vertex 46.974616 35.932761 9.417568
      vertex 44.655389 37.012059 9.217028
      vertex 45.509572 37.428381 9.769362
    endloop
  endfacet
  facet normal 0.296314 0.483935 -0.823411
    outer loop
      vertex 46.974616 35.932761 9.417568
      vertex 45.509572 37.428381 9.769362
      vertex 48.058415 36.242227 9.989465
    endloop
  endfacet
  facet normal -0.269221 -0.479026 0.835497
    outer loop
      vertex 42.086130 35.759822 8.863551
      vertex 43.714708 35.001932 8.953794
      vertex 44.798496 35.311395 9.480450
    endloop
  endfacet
  facet normal -0.269360 -0.483407 0.832924
    outer loop
      vertex 42.086130 35.759822 8.863551
      vertex 44.798496 35.311395 9.480450
      vertex 42.940305 36.176140 9.381404
    endloop
  endfacet
  facet normal 0.224919 0.578442 -0.784102
    outer loop
      vertex 44.655389 37.012059 9.217028
      vertex 42.028814 38.206845 9.345004
      vertex 42.622953 38.741457 9.909822
    endloop
  endfacet
  facet normal 0.225006 0.578512 -0.784025
    outer loop
      vertex 44.655389 37.012059 9.217028
      vertex 42.622953 38.741457 9.909822
      vertex 45.509572 37.428381 9.769362
    endloop
  endfacet
  facet normal -0.223251 -0.546204 0.807354
    outer loop
      vertex 40.241731 36.598809 8.921140
      vertex 42.086130 35.759822 8.863551
      vertex 42.940305 36.176140 9.381404
    endloop
  endfacet
  facet normal -0.223163 -0.544002 0.808863
    outer loop
      vertex 40.241731 36.598809 8.921140
      vertex 42.940305 36.176140 9.381404
      vertex 40.835864 37.133417 9.444611
    endloop
  endfacet
  facet normal 0.128080 0.648968 -0.749957
    outer loop
      vertex 42.028814 38.206845 9.345004
      vertex 39.003431 39.381952 9.845187
      vertex 39.298041 40.032905 10.458798
    endloop
  endfacet
  facet normal 0.128416 0.649275 -0.749634
    outer loop
      vertex 42.028814 38.206845 9.345004
      vertex 39.298041 40.032905 10.458798
      vertex 42.622953 38.741457 9.909822
    endloop
  endfacet
  facet normal -0.150398 -0.601271 0.784763
    outer loop
      vertex 38.117285 37.423977 9.146223
      vertex 40.241731 36.598809 8.921140
      vertex 40.835864 37.133417 9.444611
    endloop
  endfacet
  facet normal -0.150233 -0.594127 0.790217
    outer loop
      vertex 38.117285 37.423977 9.146223
      vertex 40.835864 37.133417 9.444611
      vertex 38.411893 38.074925 9.691650
    endloop
  endfacet
  facet normal 0.079127 0.664181 -0.743372
    outer loop
      vertex 39.003431 39.381952 9.845187
      vertex 35.771198 40.261235 10.286750
      vertex 35.745801 40.999242 10.943435
    endloop
  endfacet
  facet normal 0.079391 0.664501 -0.743059
    outer loop
      vertex 39.003431 39.381952 9.845187
      vertex 35.745801 40.999242 10.943435
      vertex 39.298041 40.032905 10.458798
    endloop
  endfacet
  facet normal -0.098027 -0.612715 0.784201
    outer loop
      vertex 35.847589 38.041416 9.344926
      vertex 38.117285 37.423977 9.146223
      vertex 38.411893 38.074925 9.691650
    endloop
  endfacet
  facet normal -0.098697 -0.606933 0.788601
    outer loop
      vertex 35.847589 38.041416 9.344926
      vertex 38.411893 38.074925 9.691650
      vertex 35.822192 38.779416 9.909737
    endloop
  endfacet
  facet normal 0.112873 0.662638 -0.740386
    outer loop
      vertex 35.771198 40.261235 10.286750
      vertex 32.750289 40.812694 10.319757
      vertex 32.425806 41.605298 10.979662
    endloop
  endfacet
  facet normal 0.112889 0.662663 -0.740360
    outer loop
      vertex 35.771198 40.261235 10.286750
      vertex 32.425806 41.605298 10.979662
      vertex 35.745801 40.999242 10.943435
    endloop
  endfacet
  facet normal -0.105228 -0.606668 0.787960
    outer loop
      vertex 33.726285 38.428655 9.359780
      vertex 35.847589 38.041416 9.344926
      vertex 35.822192 38.779416 9.909737
    endloop
  endfacet
  facet normal -0.105366 -0.606282 0.788239
    outer loop
      vertex 33.726285 38.428655 9.359780
      vertex 35.822192 38.779416 9.909737
      vertex 33.401806 39.221252 9.926039
    endloop
  endfacet
  facet normal 0.158969 0.669487 -0.725615
    outer loop
      vertex 32.750289 40.812694 10.319757
      vertex 30.075005 41.223057 10.112273
      vertex 29.485656 42.056290 10.751938
    endloop
  endfacet
  facet normal 0.158882 0.669319 -0.725788
    outer loop
      vertex 32.750289 40.812694 10.319757
      vertex 29.485656 42.056290 10.751938
      vertex 32.425806 41.605298 10.979662
    endloop
  endfacet
  facet normal -0.132573 -0.611549 0.780021
    outer loop
      vertex 31.847682 38.716815 9.266412
      vertex 33.726285 38.428655 9.359780
      vertex 33.401806 39.221252 9.926039
    endloop
  endfacet
  facet normal -0.131340 -0.613557 0.778651
    outer loop
      vertex 31.847682 38.716815 9.266412
      vertex 33.401806 39.221252 9.926039
      vertex 31.258339 39.550039 9.823563
    endloop
  endfacet
  facet normal -0.537909 0.240013 -0.808113
    outer loop
      vertex 30.075005 41.223057 10.112273
      vertex 29.243895 39.127453 10.043087
      vertex 28.572261 39.753209 10.676003
    endloop
  endfacet
  facet normal -0.537877 0.239966 -0.808149
    outer loop
      vertex 30.075005 41.223057 10.112273
      vertex 28.572261 39.753209 10.676003
      vertex 29.485656 42.056290 10.751938
    endloop
  endfacet
  facet normal 0.494247 -0.213844 0.842610
    outer loop
      vertex 31.264071 37.245266 9.235278
      vertex 31.847682 38.716815 9.266412
      vertex 31.258339 39.550039 9.823563
    endloop
  endfacet
  facet normal 0.495531 -0.213660 0.841902
    outer loop
      vertex 31.264071 37.245266 9.235278
      vertex 31.258339 39.550039 9.823563
      vertex 30.592443 37.871017 9.789392
    endloop
  endfacet
  facet normal -0.582003 0.177777 -0.793516
    outer loop
      vertex 29.243895 39.127453 10.043087
      vertex 28.436756 36.833392 10.121126
      vertex 27.685212 37.232025 10.761655
    endloop
  endfacet
  facet normal -0.582047 0.177830 -0.793472
    outer loop
      vertex 29.243895 39.127453 10.043087
      vertex 27.685212 37.232025 10.761655
      vertex 28.572261 39.753209 10.676003
    endloop
  endfacet
  facet normal 0.529400 -0.168136 0.831544
    outer loop
      vertex 30.697292 35.634361 9.270396
      vertex 31.264071 37.245266 9.235278
      vertex 30.592443 37.871017 9.789392
    endloop
  endfacet
  facet normal 0.528145 -0.168369 0.832295
    outer loop
      vertex 30.697292 35.634361 9.270396
      vertex 30.592443 37.871017 9.789392
      vertex 29.945755 36.032990 9.827936
    endloop
  endfacet
  facet normal -0.571488 0.201237 -0.795554
    outer loop
      vertex 28.436756 36.833392 10.121126
      vertex 27.748291 34.388754 9.997311
      vertex 26.928585 34.545356 10.625761
    endloop
  endfacet
  facet normal -0.571403 0.201164 -0.795633
    outer loop
      vertex 28.436756 36.833392 10.121126
      vertex 26.928585 34.545356 10.625761
      vertex 27.685212 37.232025 10.761655
    endloop
  endfacet
  facet normal 0.525102 -0.174913 0.832871
    outer loop
      vertex 30.213847 33.917719 9.214678
      vertex 30.697292 35.634361 9.270396
      vertex 29.945755 36.032990 9.827936
    endloop
  endfacet
  facet normal 0.526953 -0.174372 0.831814
    outer loop
      vertex 30.213847 33.917719 9.214678
      vertex 29.945755 36.032990 9.827936
      vertex 29.394149 34.074319 9.766783
    endloop
  endfacet
  facet normal -0.556216 0.259773 -0.789393
    outer loop
      vertex 27.748291 34.388754 9.997311
      vertex 27.241992 31.928866 9.544555
      vertex 26.372160 31.841926 10.128839
    endloop
  endfacet
  facet normal -0.555863 0.259567 -0.789709
    outer loop
      vertex 27.748291 34.388754 9.997311
      vertex 26.372160 31.841926 10.128839
      vertex 26.928585 34.545356 10.625761
    endloop
  endfacet
  facet normal 0.519591 -0.204784 0.829511
    outer loop
      vertex 29.858321 32.190368 9.010938
      vertex 30.213847 33.917719 9.214678
      vertex 29.394149 34.074319 9.766783
    endloop
  endfacet
  facet normal 0.525782 -0.201968 0.826294
    outer loop
      vertex 29.858321 32.190368 9.010938
      vertex 29.394149 34.074319 9.766783
      vertex 28.988497 32.103429 9.543168
    endloop
  endfacet
  facet normal -0.559089 0.224807 -0.798048
    outer loop
      vertex 27.241992 31.928866 9.544555
      vertex 26.893493 29.588343 9.129386
      vertex 25.989158 29.269680 9.673171
    endloop
  endfacet
  facet normal -0.558724 0.224620 -0.798357
    outer loop
      vertex 27.241992 31.928866 9.544555
      vertex 25.989158 29.269680 9.673171
      vertex 26.372160 31.841926 10.128839
    endloop
  endfacet
  facet normal 0.526582 -0.173021 0.832331
    outer loop
      vertex 29.613602 30.546837 8.824112
      vertex 29.858321 32.190368 9.010938
      vertex 28.988497 32.103429 9.543168
    endloop
  endfacet
  facet normal 0.531525 -0.169882 0.829832
    outer loop
      vertex 29.613602 30.546837 8.824112
      vertex 28.988497 32.103429 9.543168
      vertex 28.709275 30.228176 9.338118
    endloop
  endfacet
  facet normal -0.528642 0.054822 -0.847073
    outer loop
      vertex 26.893493 29.588343 9.129386
      vertex 26.635301 27.420881 9.150242
      vertex 25.705403 26.887628 9.696061
    endloop
  endfacet
  facet normal -0.528666 0.054836 -0.847057
    outer loop
      vertex 26.893493 29.588343 9.129386
      vertex 25.705403 26.887628 9.696061
      vertex 25.989158 29.269680 9.673171
    endloop
  endfacet
  facet normal 0.508024 -0.055216 0.859571
    outer loop
      vertex 29.432298 29.024830 8.833497
      vertex 29.613602 30.546837 8.824112
      vertex 28.709275 30.228176 9.338118
    endloop
  endfacet
  facet normal 0.507811 -0.055392 0.859686
    outer loop
      vertex 29.432298 29.024830 8.833497
      vertex 28.709275 30.228176 9.338118
      vertex 28.502409 28.491582 9.348418
    endloop
  endfacet
  facet normal -0.457000 -0.106141 -0.883111
    outer loop
      vertex 26.635301 27.420881 9.150242
      vertex 26.414987 25.417950 9.504983
      vertex 25.463277 24.686396 10.085407
    endloop
  endfacet
  facet normal -0.457528 -0.105834 -0.882875
    outer loop
      vertex 26.635301 27.420881 9.150242
      vertex 25.463277 24.686396 10.085407
      vertex 25.705403 26.887628 9.696061
    endloop
  endfacet
  facet normal 0.461867 0.049707 0.885555
    outer loop
      vertex 29.277592 27.618357 8.993131
      vertex 29.432298 29.024830 8.833497
      vertex 28.502409 28.491582 9.348418
    endloop
  endfacet
  facet normal 0.458917 0.046391 0.887267
    outer loop
      vertex 29.277592 27.618357 8.993131
      vertex 28.502409 28.491582 9.348418
      vertex 28.325891 26.886810 9.523624
    endloop
  endfacet
  facet normal -0.481867 -0.065925 -0.873761
    outer loop
      vertex 26.414987 25.417950 9.504983
      vertex 26.205408 23.551498 9.761387
      vertex 25.232949 22.635156 10.366823
    endloop
  endfacet
  facet normal -0.482265 -0.065694 -0.873559
    outer loop
      vertex 26.414987 25.417950 9.504983
      vertex 25.232949 22.635156 10.366823
      vertex 25.463277 24.686396 10.085407
    endloop
  endfacet
  facet normal 0.472282 0.024537 0.881106
    outer loop
      vertex 29.130424 26.307722 9.108513
      vertex 29.277592 27.618357 8.993131
      vertex 28.325891 26.886810 9.523624
    endloop
  endfacet
  facet normal 0.470781 0.021826 0.881980
    outer loop
      vertex 29.130424 26.307722 9.108513
      vertex 28.325891 26.886810 9.523624
      vertex 28.157974 25.391389 9.650261
    endloop
  endfacet
  facet normal 0.193866 -0.659210 -0.726539
    outer loop
      vertex 25.232949 22.635156 10.366823
      vertex 28.211120 23.497233 10.379314
      vertex 27.475704 22.621334 10.977809
    endloop
  endfacet
  facet normal 0.193849 -0.659280 -0.726480
    outer loop
      vertex 25.232949 22.635156 10.366823
      vertex 27.475704 22.621334 10.977809
      vertex 24.217335 21.678150 10.964306
    endloop
  endfacet
  facet normal -0.181978 0.621857 0.761695
    outer loop
      vertex 30.329160 26.019871 9.655882
      vertex 28.157974 25.391389 9.650261
      vertex 27.140925 24.433030 10.189692
    endloop
  endfacet
  facet normal -0.181829 0.621631 0.761914
    outer loop
      vertex 30.329160 26.019871 9.655882
      vertex 27.140925 24.433030 10.189692
      vertex 29.592704 25.142734 10.195768
    endloop
  endfacet
  facet normal 0.189297 -0.656902 -0.729826
    outer loop
      vertex 28.211120 23.497233 10.379314
      vertex 31.579189 24.394495 10.445290
      vertex 31.160654 23.603014 11.049130
    endloop
  endfacet
  facet normal 0.189230 -0.657320 -0.729468
    outer loop
      vertex 28.211120 23.497233 10.379314
      vertex 31.160654 23.603014 11.049130
      vertex 27.475704 22.621334 10.977809
    endloop
  endfacet
  facet normal -0.173893 0.617945 0.766750
    outer loop
      vertex 32.784594 26.674005 9.685572
      vertex 30.329160 26.019871 9.655882
      vertex 29.592704 25.142734 10.195768
    endloop
  endfacet
  facet normal -0.173228 0.616891 0.767748
    outer loop
      vertex 32.784594 26.674005 9.685572
      vertex 29.592704 25.142734 10.195768
      vertex 32.365467 25.881405 10.227863
    endloop
  endfacet
  facet normal 0.241275 -0.663634 -0.708079
    outer loop
      vertex 31.579189 24.394495 10.445290
      vertex 35.581304 25.469691 10.801287
      vertex 35.539303 24.779368 11.433968
    endloop
  endfacet
  facet normal 0.240974 -0.666011 -0.705947
    outer loop
      vertex 31.579189 24.394495 10.445290
      vertex 35.539303 24.779368 11.433968
      vertex 31.160654 23.603014 11.049130
    endloop
  endfacet
  facet normal -0.209231 0.625126 0.751957
    outer loop
      vertex 35.702268 27.457858 9.845770
      vertex 32.784594 26.674005 9.685572
      vertex 32.365467 25.881405 10.227863
    endloop
  endfacet
  facet normal -0.206432 0.620344 0.756677
    outer loop
      vertex 35.702268 27.457858 9.845770
      vertex 32.365467 25.881405 10.227863
      vertex 35.660208 26.766560 10.401040
    endloop
  endfacet
  facet normal 0.303684 -0.651203 -0.695493
    outer loop
      vertex 35.581304 25.469691 10.801287
      vertex 40.094278 27.193582 11.157749
      vertex 40.476876 26.665450 11.819309
    endloop
  endfacet
  facet normal 0.303796 -0.653704 -0.693094
    outer loop
      vertex 35.581304 25.469691 10.801287
      vertex 40.476876 26.665450 11.819309
      vertex 35.539303 24.779368 11.433968
    endloop
  endfacet
  facet normal -0.270305 0.612860 0.742521
    outer loop
      vertex 38.992376 28.714632 10.006178
      vertex 35.702268 27.457858 9.845770
      vertex 35.660208 26.766560 10.401040
    endloop
  endfacet
  facet normal -0.267412 0.608798 0.746897
    outer loop
      vertex 38.992376 28.714632 10.006178
      vertex 35.660208 26.766560 10.401040
      vertex 39.375514 28.185754 10.574443
    endloop
  endfacet
  facet normal 0.333730 -0.633863 -0.697741
    outer loop
      vertex 40.094278 27.193582 11.157749
      vertex 43.997966 29.351593 11.064441
      vertex 44.747837 29.026495 11.718441
    endloop
  endfacet
  facet normal 0.333556 -0.633217 -0.698410
    outer loop
      vertex 40.094278 27.193582 11.157749
      vertex 44.747837 29.026495 11.718441
      vertex 40.476876 26.665450 11.819309
    endloop
  endfacet
  facet normal -0.310748 0.582174 0.751338
    outer loop
      vertex 41.838294 30.287894 9.964190
      vertex 38.992376 28.714632 10.006178
      vertex 39.375514 28.185754 10.574443
    endloop
  endfacet
  facet normal -0.311676 0.582970 0.750336
    outer loop
      vertex 41.838294 30.287894 9.964190
      vertex 39.375514 28.185754 10.574443
      vertex 42.589225 29.962336 10.529053
    endloop
  endfacet
  facet normal 0.296595 -0.679507 -0.671045
    outer loop
      vertex 43.997966 29.351593 11.064441
      vertex 47.177327 31.240543 10.556914
      vertex 48.226325 31.093164 11.169797
    endloop
  endfacet
  facet normal 0.295361 -0.676284 -0.674834
    outer loop
      vertex 43.997966 29.351593 11.064441
      vertex 48.226325 31.093164 11.169797
      vertex 44.747837 29.026495 11.718441
    endloop
  endfacet
  facet normal -0.289953 0.610292 0.737205
    outer loop
      vertex 44.156154 31.665001 9.735802
      vertex 41.838294 30.287894 9.964190
      vertex 42.589225 29.962336 10.529053
    endloop
  endfacet
  facet normal -0.295069 0.613002 0.732914
    outer loop
      vertex 44.156154 31.665001 9.735802
      vertex 42.589225 29.962336 10.529053
      vertex 45.206635 31.517414 10.282163
    endloop
  endfacet
  facet normal 0.292946 -0.690435 -0.661425
    outer loop
      vertex 47.177327 31.240543 10.556914
      vertex 49.979250 32.837066 10.131341
      vertex 51.291864 32.839895 10.709746
    endloop
  endfacet
  facet normal 0.291922 -0.687465 -0.664961
    outer loop
      vertex 47.177327 31.240543 10.556914
      vertex 51.291864 32.839895 10.709746
      vertex 48.226325 31.093164 11.169797
    endloop
  endfacet
  facet normal -0.288792 0.626019 0.724361
    outer loop
      vertex 46.198849 32.828920 9.544294
      vertex 44.156154 31.665001 9.735802
      vertex 45.206635 31.517414 10.282163
    endloop
  endfacet
  facet normal -0.292748 0.627429 0.721548
    outer loop
      vertex 46.198849 32.828920 9.544294
      vertex 45.206635 31.517414 10.282163
      vertex 47.513318 32.831752 10.075140
    endloop
  endfacet
  facet normal 0.319110 -0.615912 -0.720292
    outer loop
      vertex 49.979250 32.837066 10.131341
      vertex 52.563416 34.238739 10.077649
      vertex 54.119157 34.373442 10.651704
    endloop
  endfacet
  facet normal 0.318967 -0.615340 -0.720844
    outer loop
      vertex 49.979250 32.837066 10.131341
      vertex 54.119157 34.373442 10.651704
      vertex 51.291864 32.839895 10.709746
    endloop
  endfacet
  facet normal -0.305728 0.581476 0.753934
    outer loop
      vertex 48.082792 33.850785 9.520133
      vertex 46.198849 32.828920 9.544294
      vertex 47.513318 32.831752 10.075140
    endloop
  endfacet
  facet normal -0.306206 0.581589 0.753652
    outer loop
      vertex 48.082792 33.850785 9.520133
      vertex 47.513318 32.831752 10.075140
      vertex 49.640732 33.985679 10.049021
    endloop
  endfacet
  facet normal 0.234104 0.588709 -0.773703
    outer loop
      vertex 52.563416 34.238739 10.077649
      vertex 50.386217 35.187897 10.141093
      vertex 51.737119 35.411901 10.720288
    endloop
  endfacet
  facet normal 0.234434 0.588834 -0.773508
    outer loop
      vertex 52.563416 34.238739 10.077649
      vertex 51.737119 35.411901 10.720288
      vertex 54.119157 34.373442 10.651704
    endloop
  endfacet
  facet normal -0.225353 -0.550095 0.804121
    outer loop
      vertex 46.495541 34.542753 9.548683
      vertex 48.082792 33.850785 9.520133
      vertex 49.640732 33.985679 10.049021
    endloop
  endfacet
  facet normal -0.225247 -0.548480 0.805253
    outer loop
      vertex 46.495541 34.542753 9.548683
      vertex 49.640732 33.985679 10.049021
      vertex 47.848353 34.767074 10.079884
    endloop
  endfacet
  facet normal 0.275209 0.488541 -0.828002
    outer loop
      vertex 50.386217 35.187897 10.141093
      vertex 48.058415 36.242227 9.989465
      vertex 49.190309 36.565427 10.556376
    endloop
  endfacet
  facet normal 0.274351 0.487982 -0.828617
    outer loop
      vertex 50.386217 35.187897 10.141093
      vertex 49.190309 36.565427 10.556376
      vertex 51.737119 35.411901 10.720288
    endloop
  endfacet
  facet normal -0.250835 -0.479137 0.841136
    outer loop
      vertex 44.798496 35.311395 9.480450
      vertex 46.495541 34.542753 9.548683
      vertex 47.848353 34.767074 10.079884
    endloop
  endfacet
  facet normal -0.251079 -0.483063 0.838815
    outer loop
      vertex 44.798496 35.311395 9.480450
      vertex 47.848353 34.767074 10.079884
      vertex 45.931990 35.635051 10.006124
    endloop
  endfacet
  facet normal 0.288614 0.464864 -0.837021
    outer loop
      vertex 48.058415 36.242227 9.989465
      vertex 45.509572 37.428381 9.769362
      vertex 46.401661 37.863178 10.318442
    endloop
  endfacet
  facet normal 0.287328 0.463764 -0.838073
    outer loop
      vertex 48.058415 36.242227 9.989465
      vertex 46.401661 37.863178 10.318442
      vertex 49.190309 36.565427 10.556376
    endloop
  endfacet
  facet normal -0.260649 -0.463061 0.847135
    outer loop
      vertex 42.940305 36.176140 9.381404
      vertex 44.798496 35.311395 9.480450
      vertex 45.931990 35.635051 10.006124
    endloop
  endfacet
  facet normal -0.260968 -0.468211 0.844201
    outer loop
      vertex 42.940305 36.176140 9.381404
      vertex 45.931990 35.635051 10.006124
      vertex 43.833655 36.611552 9.899053
    endloop
  endfacet
  facet normal 0.216454 0.561292 -0.798811
    outer loop
      vertex 45.509572 37.428381 9.769362
      vertex 42.622953 38.741457 9.909822
      vertex 43.243458 39.299794 10.470281
    endloop
  endfacet
  facet normal 0.217286 0.562023 -0.798071
    outer loop
      vertex 45.509572 37.428381 9.769362
      vertex 43.243458 39.299794 10.470281
      vertex 46.401661 37.863178 10.318442
    endloop
  endfacet
  facet normal -0.216568 -0.530220 0.819735
    outer loop
      vertex 40.835864 37.133417 9.444611
      vertex 42.940305 36.176140 9.381404
      vertex 43.833655 36.611552 9.899053
    endloop
  endfacet
  facet normal -0.216375 -0.527595 0.821477
    outer loop
      vertex 40.835864 37.133417 9.444611
      vertex 43.833655 36.611552 9.899053
      vertex 41.457246 37.692542 9.967381
    endloop
  endfacet
  facet normal 0.117866 0.629814 -0.767751
    outer loop
      vertex 42.622953 38.741457 9.909822
      vertex 39.298041 40.032905 10.458798
      vertex 39.605725 40.712746 11.063732
    endloop
  endfacet
  facet normal 0.121109 0.632963 -0.764651
    outer loop
      vertex 42.622953 38.741457 9.909822
      vertex 39.605725 40.712746 11.063732
      vertex 43.243458 39.299794 10.470281
    endloop
  endfacet
  facet normal -0.145660 -0.584459 0.798242
    outer loop
      vertex 38.411893 38.074925 9.691650
      vertex 40.835864 37.133417 9.444611
      vertex 41.457246 37.692542 9.967381
    endloop
  endfacet
  facet normal -0.145149 -0.575797 0.804605
    outer loop
      vertex 38.411893 38.074925 9.691650
      vertex 41.457246 37.692542 9.967381
      vertex 38.720012 38.755727 10.234434
    endloop
  endfacet
  facet normal 0.070150 0.641139 -0.764211
    outer loop
      vertex 39.298041 40.032905 10.458798
      vertex 35.745801 40.999242 10.943435
      vertex 35.719277 41.769999 11.587632
    endloop
  endfacet
  facet normal 0.072696 0.644428 -0.761201
    outer loop
      vertex 39.298041 40.032905 10.458798
      vertex 35.719277 41.769999 11.587632
      vertex 39.605725 40.712746 11.063732
    endloop
  endfacet
  facet normal -0.094362 -0.594153 0.798798
    outer loop
      vertex 35.822192 38.779416 9.909737
      vertex 38.411893 38.074925 9.691650
      vertex 38.720012 38.755727 10.234434
    endloop
  endfacet
  facet normal -0.094883 -0.587046 0.803974
    outer loop
      vertex 35.822192 38.779416 9.909737
      vertex 38.720012 38.755727 10.234434
      vertex 35.795631 39.551263 10.470189
    endloop
  endfacet
  facet normal 0.108422 0.639438 -0.761159
    outer loop
      vertex 35.745801 40.999242 10.943435
      vertex 32.425806 41.605298 10.979662
      vertex 32.086924 42.433076 11.626794
    endloop
  endfacet
  facet normal 0.108573 0.639705 -0.760913
    outer loop
      vertex 35.745801 40.999242 10.943435
      vertex 32.086924 42.433076 11.626794
      vertex 35.719277 41.769999 11.587632
    endloop
  endfacet
  facet normal -0.101709 -0.586803 0.803317
    outer loop
      vertex 33.401806 39.221252 9.926039
      vertex 35.822192 38.779416 9.909737
      vertex 35.795631 39.551263 10.470189
    endloop
  endfacet
  facet normal -0.101850 -0.586324 0.803648
    outer loop
      vertex 33.401806 39.221252 9.926039
      vertex 35.795631 39.551263 10.470189
      vertex 33.062445 40.050199 10.487812
    endloop
  endfacet
  facet normal 0.157202 0.648976 -0.744391
    outer loop
      vertex 32.425806 41.605298 10.979662
      vertex 29.485656 42.056290 10.751938
      vertex 28.870153 42.926498 11.380621
    endloop
  endfacet
  facet normal 0.156378 0.647262 -0.746055
    outer loop
      vertex 32.425806 41.605298 10.979662
      vertex 28.870153 42.926498 11.380621
      vertex 32.086924 42.433076 11.626794
    endloop
  endfacet
  facet normal -0.128834 -0.591933 0.795624
    outer loop
      vertex 31.258339 39.550039 9.823563
      vertex 33.401806 39.221252 9.926039
      vertex 33.062445 40.050199 10.487812
    endloop
  endfacet
  facet normal -0.127521 -0.594454 0.793954
    outer loop
      vertex 31.258339 39.550039 9.823563
      vertex 33.062445 40.050199 10.487812
      vertex 30.641966 40.421478 10.377034
    endloop
  endfacet
  facet normal -0.515929 0.231806 -0.824672
    outer loop
      vertex 29.485656 42.056290 10.751938
      vertex 28.572261 39.753209 10.676003
      vertex 27.870823 40.406735 11.298534
    endloop
  endfacet
  facet normal -0.515584 0.231356 -0.825013
    outer loop
      vertex 29.485656 42.056290 10.751938
      vertex 27.870823 40.406735 11.298534
      vertex 28.870153 42.926498 11.380621
    endloop
  endfacet
  facet normal 0.476088 -0.206213 0.854878
    outer loop
      vertex 30.592443 37.871017 9.789392
      vertex 31.258339 39.550039 9.823563
      vertex 30.641966 40.421478 10.377034
    endloop
  endfacet
  facet normal 0.477605 -0.206056 0.854069
    outer loop
      vertex 30.592443 37.871017 9.789392
      vertex 30.641966 40.421478 10.377034
      vertex 29.890014 38.525467 10.340095
    endloop
  endfacet
  facet normal -0.560269 0.169580 -0.810766
    outer loop
      vertex 28.572261 39.753209 10.676003
      vertex 27.685212 37.232025 10.761655
      vertex 26.900317 37.648349 11.391124
    endloop
  endfacet
  facet normal -0.560723 0.170083 -0.810347
    outer loop
      vertex 28.572261 39.753209 10.676003
      vertex 26.900317 37.648349 11.391124
      vertex 27.870823 40.406735 11.298534
    endloop
  endfacet
  facet normal 0.510895 -0.162049 0.844232
    outer loop
      vertex 29.945755 36.032990 9.827936
      vertex 30.592443 37.871017 9.789392
      vertex 29.890014 38.525467 10.340095
    endloop
  endfacet
  facet normal 0.509396 -0.162260 0.845096
    outer loop
      vertex 29.945755 36.032990 9.827936
      vertex 29.890014 38.525467 10.340095
      vertex 29.159750 36.449902 10.381761
    endloop
  endfacet
  facet normal -0.549410 0.195812 -0.812284
    outer loop
      vertex 27.685212 37.232025 10.761655
      vertex 26.928585 34.545356 10.625761
      vertex 26.072503 34.708907 11.244221
    endloop
  endfacet
  facet normal -0.548545 0.195116 -0.813036
    outer loop
      vertex 27.685212 37.232025 10.761655
      vertex 26.072503 34.708907 11.244221
      vertex 26.900317 37.648349 11.391124
    endloop
  endfacet
  facet normal 0.506243 -0.168973 0.845675
    outer loop
      vertex 29.394149 34.074319 9.766783
      vertex 29.945755 36.032990 9.827936
      vertex 29.159750 36.449902 10.381761
    endloop
  endfacet
  facet normal 0.508468 -0.168435 0.844447
    outer loop
      vertex 29.394149 34.074319 9.766783
      vertex 29.159750 36.449902 10.381761
      vertex 28.536857 34.238102 10.315654
    endloop
  endfacet
  facet normal -0.536979 0.258146 -0.803127
    outer loop
      vertex 26.928585 34.545356 10.625761
      vertex 26.372160 31.841926 10.128839
      vertex 25.463728 31.751128 10.707041
    endloop
  endfacet
  facet normal -0.533421 0.256194 -0.806119
    outer loop
      vertex 26.928585 34.545356 10.625761
      vertex 25.463728 31.751128 10.707041
      vertex 26.072503 34.708907 11.244221
    endloop
  endfacet
  facet normal 0.501234 -0.198718 0.842185
    outer loop
      vertex 28.988497 32.103429 9.543168
      vertex 29.394149 34.074319 9.766783
      vertex 28.536857 34.238102 10.315654
    endloop
  endfacet
  facet normal 0.508706 -0.195763 0.838388
    outer loop
      vertex 28.988497 32.103429 9.543168
      vertex 28.536857 34.238102 10.315654
      vertex 28.078781 32.012503 10.073923
    endloop
  endfacet
  facet normal -0.542852 0.224204 -0.809348
    outer loop
      vertex 26.372160 31.841926 10.128839
      vertex 25.989158 29.269680 9.673171
      vertex 25.044691 28.936875 10.214458
    endloop
  endfacet
  facet normal -0.539220 0.222459 -0.812252
    outer loop
      vertex 26.372160 31.841926 10.128839
      vertex 25.044691 28.936875 10.214458
      vertex 25.463728 31.751128 10.707041
    endloop
  endfacet
  facet normal 0.509242 -0.168118 0.844043
    outer loop
      vertex 28.709275 30.228176 9.338118
      vertex 28.988497 32.103429 9.543168
      vertex 28.078781 32.012503 10.073923
    endloop
  endfacet
  facet normal 0.515256 -0.164759 0.841051
    outer loop
      vertex 28.709275 30.228176 9.338118
      vertex 28.078781 32.012503 10.073923
      vertex 27.763474 29.894901 9.852260
    endloop
  endfacet
  facet normal -0.510220 0.052529 -0.858438
    outer loop
      vertex 25.989158 29.269680 9.673171
      vertex 25.705403 26.887628 9.696061
      vertex 24.734240 26.330711 10.239202
    endloop
  endfacet
  facet normal -0.510453 0.052657 -0.858292
    outer loop
      vertex 25.989158 29.269680 9.673171
      vertex 24.734240 26.330711 10.239202
      vertex 25.044691 28.936875 10.214458
    endloop
  endfacet
  facet normal 0.491371 -0.053377 0.869313
    outer loop
      vertex 28.502409 28.491582 9.348418
      vertex 28.709275 30.228176 9.338118
      vertex 27.763474 29.894901 9.852260
    endloop
  endfacet
  facet normal 0.491108 -0.053565 0.869450
    outer loop
      vertex 28.502409 28.491582 9.348418
      vertex 27.763474 29.894901 9.852260
      vertex 27.529873 27.933877 9.863395
    endloop
  endfacet
  facet normal -0.432301 -0.110736 -0.894904
    outer loop
      vertex 25.705403 26.887628 9.696061
      vertex 25.463277 24.686396 10.085407
      vertex 24.469334 23.922378 10.660091
    endloop
  endfacet
  facet normal -0.437413 -0.107909 -0.892763
    outer loop
      vertex 25.705403 26.887628 9.696061
      vertex 24.469334 23.922378 10.660091
      vertex 24.734240 26.330711 10.239202
    endloop
  endfacet
  facet normal 0.445502 0.048598 0.893961
    outer loop
      vertex 28.325891 26.886810 9.523624
      vertex 28.502409 28.491582 9.348418
      vertex 27.529873 27.933877 9.863395
    endloop
  endfacet
  facet normal 0.441726 0.045060 0.896018
    outer loop
      vertex 28.325891 26.886810 9.523624
      vertex 27.529873 27.933877 9.863395
      vertex 27.330543 26.121713 10.052795
    endloop
  endfacet
  facet normal -0.455540 -0.070595 -0.887412
    outer loop
      vertex 25.463277 24.686396 10.085407
      vertex 25.232949 22.635156 10.366823
      vertex 24.217335 21.678150 10.964306
    endloop
  endfacet
  facet normal -0.459409 -0.068459 -0.885583
    outer loop
      vertex 25.463277 24.686396 10.085407
      vertex 24.217335 21.678150 10.964306
      vertex 24.469334 23.922378 10.660091
    endloop
  endfacet
  facet normal 0.454632 0.024348 0.890347
    outer loop
      vertex 28.157974 25.391389 9.650261
      vertex 28.325891 26.886810 9.523624
      vertex 27.330543 26.121713 10.052795
    endloop
  endfacet
  facet normal 0.452608 0.021445 0.891452
    outer loop
      vertex 28.157974 25.391389 9.650261
      vertex 27.330543 26.121713 10.052795
      vertex 27.140925 24.433030 10.189692
    endloop
  endfacet
  facet normal 0.193936 -0.659584 -0.726180
    outer loop
      vertex 24.217335 21.678150 10.964306
      vertex 27.475704 22.621334 10.977809
      vertex 26.753660 21.761362 11.566084
    endloop
  endfacet
  facet normal 0.193916 -0.659698 -0.726082
    outer loop
      vertex 24.217335 21.678150 10.964306
      vertex 26.753660 21.761362 11.566084
      vertex 23.220188 20.738545 11.551694
    endloop
  endfacet
  facet normal -0.183419 0.627167 0.756980
    outer loop
      vertex 29.592704 25.142734 10.195768
      vertex 27.140925 24.433030 10.189692
      vertex 26.144471 23.494077 10.726181
    endloop
  endfacet
  facet normal -0.183275 0.626938 0.757205
    outer loop
      vertex 29.592704 25.142734 10.195768
      vertex 26.144471 23.494077 10.726181
      vertex 28.871162 24.283359 10.732656
    endloop
  endfacet
  facet normal 0.189133 -0.656926 -0.729847
    outer loop
      vertex 27.475704 22.621334 10.977809
      vertex 31.160654 23.603014 11.049130
      vertex 30.749729 22.825925 11.642092
    endloop
  endfacet
  facet normal 0.189056 -0.657596 -0.729263
    outer loop
      vertex 27.475704 22.621334 10.977809
      vertex 30.749729 22.825925 11.642092
      vertex 26.753660 21.761362 11.566084
    endloop
  endfacet
  facet normal -0.174811 0.623067 0.762383
    outer loop
      vertex 32.365467 25.881405 10.227863
      vertex 29.592704 25.142734 10.195768
      vertex 28.871162 24.283359 10.732656
    endloop
  endfacet
  facet normal -0.174165 0.621981 0.763418
    outer loop
      vertex 32.365467 25.881405 10.227863
      vertex 28.871162 24.283359 10.732656
      vertex 31.954828 25.104856 10.766860
    endloop
  endfacet
  facet normal 0.240270 -0.662119 -0.709837
    outer loop
      vertex 31.160654 23.603014 11.049130
      vertex 35.539303 24.779368 11.433968
      vertex 35.498066 24.101598 12.052217
    endloop
  endfacet
  facet normal 0.239913 -0.665899 -0.706414
    outer loop
      vertex 31.160654 23.603014 11.049130
      vertex 35.498066 24.101598 12.052217
      vertex 30.749729 22.825925 11.642092
    endloop
  endfacet
  facet normal -0.208503 0.629681 0.748351
    outer loop
      vertex 35.660208 26.766560 10.401040
      vertex 32.365467 25.881405 10.227863
      vertex 31.954828 25.104856 10.766860
    endloop
  endfacet
  facet normal -0.205761 0.624657 0.753304
    outer loop
      vertex 35.660208 26.766560 10.401040
      vertex 31.954828 25.104856 10.766860
      vertex 35.619000 26.089261 10.951416
    endloop
  endfacet
  facet normal 0.302201 -0.648365 -0.698782
    outer loop
      vertex 35.539303 24.779368 11.433968
      vertex 40.476876 26.665450 11.819309
      vertex 40.852516 26.146921 12.462878
    endloop
  endfacet
  facet normal 0.302482 -0.652332 -0.694959
    outer loop
      vertex 35.539303 24.779368 11.433968
      vertex 40.852516 26.146921 12.462878
      vertex 35.498066 24.101598 12.052217
    endloop
  endfacet
  facet normal -0.270194 0.617033 0.739098
    outer loop
      vertex 39.375514 28.185754 10.574443
      vertex 35.660208 26.766560 10.401040
      vertex 35.619000 26.089261 10.951416
    endloop
  endfacet
  facet normal -0.267302 0.612689 0.743749
    outer loop
      vertex 39.375514 28.185754 10.574443
      vertex 35.619000 26.089261 10.951416
      vertex 39.750894 27.667585 11.136214
    endloop
  endfacet
  facet normal 0.332454 -0.631319 -0.700650
    outer loop
      vertex 40.476876 26.665450 11.819309
      vertex 44.747837 29.026495 11.718441
      vertex 45.484074 28.707308 12.355383
    endloop
  endfacet
  facet normal 0.332152 -0.630300 -0.701709
    outer loop
      vertex 40.476876 26.665450 11.819309
      vertex 45.484074 28.707308 12.355383
      vertex 40.852516 26.146921 12.462878
    endloop
  endfacet
  facet normal -0.312740 0.584847 0.748430
    outer loop
      vertex 42.589225 29.962336 10.529053
      vertex 39.375514 28.185754 10.574443
      vertex 39.750894 27.667585 11.136214
    endloop
  endfacet
  facet normal -0.313682 0.585725 0.747349
    outer loop
      vertex 42.589225 29.962336 10.529053
      vertex 39.750894 27.667585 11.136214
      vertex 43.324950 29.643371 11.087841
    endloop
  endfacet
  facet normal 0.296913 -0.678202 -0.672223
    outer loop
      vertex 44.747837 29.026495 11.718441
      vertex 48.226325 31.093164 11.169797
      vertex 49.256249 30.948466 11.770687
    endloop
  endfacet
  facet normal 0.294842 -0.673183 -0.678154
    outer loop
      vertex 44.747837 29.026495 11.718441
      vertex 49.256249 30.948466 11.770687
      vertex 45.484074 28.707308 12.355383
    endloop
  endfacet
  facet normal -0.293594 0.610892 0.735265
    outer loop
      vertex 45.206635 31.517414 10.282163
      vertex 42.589225 29.962336 10.529053
      vertex 43.324950 29.643371 11.087841
    endloop
  endfacet
  facet normal -0.298815 0.614081 0.730489
    outer loop
      vertex 45.206635 31.517414 10.282163
      vertex 43.324950 29.643371 11.087841
      vertex 46.235843 31.372816 10.824728
    endloop
  endfacet
  facet normal 0.294167 -0.690352 -0.660969
    outer loop
      vertex 48.226325 31.093164 11.169797
      vertex 51.291864 32.839895 10.709746
      vertex 52.580610 32.842672 11.280407
    endloop
  endfacet
  facet normal 0.292474 -0.685793 -0.666443
    outer loop
      vertex 48.226325 31.093164 11.169797
      vertex 52.580610 32.842672 11.280407
      vertex 49.256249 30.948466 11.770687
    endloop
  endfacet
  facet normal -0.292500 0.627060 0.721969
    outer loop
      vertex 47.513318 32.831752 10.075140
      vertex 45.206635 31.517414 10.282163
      vertex 46.235843 31.372816 10.824728
    endloop
  endfacet
  facet normal -0.296546 0.628920 0.718694
    outer loop
      vertex 47.513318 32.831752 10.075140
      vertex 46.235843 31.372816 10.824728
      vertex 48.801169 32.834528 10.604102
    endloop
  endfacet
  facet normal 0.320124 -0.617388 -0.718577
    outer loop
      vertex 51.291864 32.839895 10.709746
      vertex 54.119157 34.373442 10.651704
      vertex 55.646611 34.505696 11.218552
    endloop
  endfacet
  facet normal 0.319892 -0.616521 -0.719424
    outer loop
      vertex 51.291864 32.839895 10.709746
      vertex 55.646611 34.505696 11.218552
      vertex 52.580610 32.842672 11.280407
    endloop
  endfacet
  facet normal -0.308848 0.586352 0.748869
    outer loop
      vertex 49.640732 33.985679 10.049021
      vertex 47.513318 32.831752 10.075140
      vertex 48.801169 32.834528 10.604102
    endloop
  endfacet
  facet normal -0.309338 0.586540 0.748519
    outer loop
      vertex 49.640732 33.985679 10.049021
      vertex 48.801169 32.834528 10.604102
      vertex 51.167125 34.117841 10.576267
    endloop
  endfacet
  facet normal 0.234949 0.589951 -0.772500
    outer loop
      vertex 54.119157 34.373442 10.651704
      vertex 51.737119 35.411901 10.720288
      vertex 53.063459 35.631832 11.291642
    endloop
  endfacet
  facet normal 0.235451 0.590198 -0.772159
    outer loop
      vertex 54.119157 34.373442 10.651704
      vertex 53.063459 35.631832 11.291642
      vertex 55.646611 34.505696 11.218552
    endloop
  endfacet
  facet normal -0.228225 -0.555098 0.799862
    outer loop
      vertex 47.848353 34.767074 10.079884
      vertex 49.640732 33.985679 10.049021
      vertex 51.167125 34.117841 10.576267
    endloop
  endfacet
  facet normal -0.228084 -0.553500 0.801009
    outer loop
      vertex 47.848353 34.767074 10.079884
      vertex 51.167125 34.117841 10.576267
      vertex 49.173771 34.986852 10.609158
    endloop
  endfacet
  facet normal 0.275998 0.492037 -0.825666
    outer loop
      vertex 51.737119 35.411901 10.720288
      vertex 49.190309 36.565427 10.556376
      vertex 50.301622 36.882749 11.116960
    endloop
  endfacet
  facet normal 0.274695 0.491042 -0.826692
    outer loop
      vertex 51.737119 35.411901 10.720288
      vertex 50.301622 36.882749 11.116960
      vertex 53.063459 35.631832 11.291642
    endloop
  endfacet
  facet normal -0.252920 -0.487388 0.835754
    outer loop
      vertex 45.931990 35.635051 10.006124
      vertex 47.848353 34.767074 10.079884
      vertex 49.173771 34.986852 10.609158
    endloop
  endfacet
  facet normal -0.253256 -0.491287 0.833366
    outer loop
      vertex 45.931990 35.635051 10.006124
      vertex 49.173771 34.986852 10.609158
      vertex 47.042531 35.952153 10.530550
    endloop
  endfacet
  facet normal 0.289794 0.469842 -0.833827
    outer loop
      vertex 49.190309 36.565427 10.556376
      vertex 46.401661 37.863178 10.318442
      vertex 47.277529 38.290070 10.863390
    endloop
  endfacet
  facet normal 0.287847 0.467988 -0.835543
    outer loop
      vertex 49.190309 36.565427 10.556376
      vertex 47.277529 38.290070 10.863390
      vertex 50.301622 36.882749 11.116960
    endloop
  endfacet
  facet normal -0.262616 -0.472043 0.841551
    outer loop
      vertex 43.833655 36.611552 9.899053
      vertex 45.931990 35.635051 10.006124
      vertex 47.042531 35.952153 10.530550
    endloop
  endfacet
  facet normal -0.263074 -0.477200 0.838494
    outer loop
      vertex 43.833655 36.611552 9.899053
      vertex 47.042531 35.952153 10.530550
      vertex 44.708914 37.038147 10.416444
    endloop
  endfacet
  facet normal 0.218190 0.563848 -0.796536
    outer loop
      vertex 46.401661 37.863178 10.318442
      vertex 43.243458 39.299794 10.470281
      vertex 43.852680 39.847978 11.025207
    endloop
  endfacet
  facet normal 0.219450 0.565042 -0.795342
    outer loop
      vertex 46.401661 37.863178 10.318442
      vertex 43.852680 39.847978 11.025207
      vertex 47.277529 38.290070 10.863390
    endloop
  endfacet
  facet normal -0.220422 -0.536076 0.814884
    outer loop
      vertex 41.457246 37.692542 9.967381
      vertex 43.833655 36.611552 9.899053
      vertex 44.708914 37.038147 10.416444
    endloop
  endfacet
  facet normal -0.220138 -0.533411 0.816708
    outer loop
      vertex 41.457246 37.692542 9.967381
      vertex 44.708914 37.038147 10.416444
      vertex 42.066045 38.240346 10.489262
    endloop
  endfacet
  facet normal 0.119176 0.629358 -0.767923
    outer loop
      vertex 43.243458 39.299794 10.470281
      vertex 39.605725 40.712746 11.063732
      vertex 39.907815 41.380226 11.657653
    endloop
  endfacet
  facet normal 0.124101 0.634423 -0.762959
    outer loop
      vertex 43.243458 39.299794 10.470281
      vertex 39.907815 41.380226 11.657653
      vertex 43.852680 39.847978 11.025207
    endloop
  endfacet
  facet normal -0.151144 -0.588609 0.794163
    outer loop
      vertex 38.720012 38.755727 10.234434
      vertex 41.457246 37.692542 9.967381
      vertex 42.066045 38.240346 10.489262
    endloop
  endfacet
  facet normal -0.150278 -0.579670 0.800874
    outer loop
      vertex 38.720012 38.755727 10.234434
      vertex 42.066045 38.240346 10.489262
      vertex 39.021892 39.422742 10.773863
    endloop
  endfacet
  facet normal 0.070448 0.638666 -0.766252
    outer loop
      vertex 39.605725 40.712746 11.063732
      vertex 35.719277 41.769999 11.587632
      vertex 35.693235 42.526742 12.215978
    endloop
  endfacet
  facet normal 0.074296 0.643928 -0.761470
    outer loop
      vertex 39.605725 40.712746 11.063732
      vertex 35.693235 42.526742 12.215978
      vertex 39.907815 41.380226 11.657653
    endloop
  endfacet
  facet normal -0.098678 -0.598370 0.795120
    outer loop
      vertex 35.795631 39.551263 10.470189
      vertex 38.720012 38.755727 10.234434
      vertex 39.021892 39.422742 10.773863
    endloop
  endfacet
  facet normal -0.098901 -0.590923 0.800642
    outer loop
      vertex 35.795631 39.551263 10.470189
      vertex 39.021892 39.422742 10.773863
      vertex 35.769607 40.307480 11.025109
    endloop
  endfacet
  facet normal 0.108024 0.636843 -0.763389
    outer loop
      vertex 35.719277 41.769999 11.587632
      vertex 32.086924 42.433076 11.626794
      vertex 31.754204 43.245802 12.257713
    endloop
  endfacet
  facet normal 0.108247 0.637268 -0.763002
    outer loop
      vertex 35.719277 41.769999 11.587632
      vertex 31.754204 43.245802 12.257713
      vertex 35.693235 42.526742 12.215978
    endloop
  endfacet
  facet normal -0.102686 -0.590781 0.800271
    outer loop
      vertex 33.062445 40.050199 10.487812
      vertex 35.795631 39.551263 10.470189
      vertex 35.769607 40.307480 11.025109
    endloop
  endfacet
  facet normal -0.102806 -0.590271 0.800632
    outer loop
      vertex 33.062445 40.050199 10.487812
      vertex 35.769607 40.307480 11.025109
      vertex 32.729956 40.862361 11.043890
    endloop
  endfacet
  facet normal 0.156386 0.647353 -0.745975
    outer loop
      vertex 32.086924 42.433076 11.626794
      vertex 28.870153 42.926498 11.380621
      vertex 28.265842 43.780884 11.995365
    endloop
  endfacet
  facet normal 0.155180 0.644643 -0.748569
    outer loop
      vertex 32.086924 42.433076 11.626794
      vertex 28.265842 43.780884 11.995365
      vertex 31.754204 43.245802 12.257713
    endloop
  endfacet
  facet normal -0.127629 -0.595376 0.793245
    outer loop
      vertex 30.641966 40.421478 10.377034
      vertex 33.062445 40.050199 10.487812
      vertex 32.729956 40.862361 11.043890
    endloop
  endfacet
  facet normal -0.126452 -0.598116 0.791370
    outer loop
      vertex 30.641966 40.421478 10.377034
      vertex 32.729956 40.862361 11.043890
      vertex 30.038075 41.275270 10.925833
    endloop
  endfacet
  facet normal -0.515001 0.231138 -0.825439
    outer loop
      vertex 28.870153 42.926498 11.380621
      vertex 27.870823 40.406735 11.298534
      vertex 27.182138 41.048379 11.907884
    endloop
  endfacet
  facet normal -0.514420 0.230461 -0.825990
    outer loop
      vertex 28.870153 42.926498 11.380621
      vertex 27.182138 41.048379 11.907884
      vertex 28.265842 43.780884 11.995365
    endloop
  endfacet
  facet normal 0.480983 -0.207353 0.851857
    outer loop
      vertex 29.890014 38.525467 10.340095
      vertex 30.641966 40.421478 10.377034
      vertex 30.038075 41.275270 10.925833
    endloop
  endfacet
  facet normal 0.482524 -0.207255 0.851009
    outer loop
      vertex 29.890014 38.525467 10.340095
      vertex 30.038075 41.275270 10.925833
      vertex 29.201808 39.166664 10.886466
    endloop
  endfacet
  facet normal -0.558639 0.169296 -0.811949
    outer loop
      vertex 27.870823 40.406735 11.298534
      vertex 26.900317 37.648349 11.391124
      vertex 26.129693 38.057102 12.006559
    endloop
  endfacet
  facet normal -0.559385 0.170051 -0.811277
    outer loop
      vertex 27.870823 40.406735 11.298534
      vertex 26.129693 38.057102 12.006559
      vertex 27.182138 41.048379 11.907884
    endloop
  endfacet
  facet normal 0.514907 -0.164274 0.841359
    outer loop
      vertex 29.159750 36.449902 10.381761
      vertex 29.890014 38.525467 10.340095
      vertex 29.201808 39.166664 10.886466
    endloop
  endfacet
  facet normal 0.513367 -0.164420 0.842271
    outer loop
      vertex 29.159750 36.449902 10.381761
      vertex 29.201808 39.166664 10.886466
      vertex 28.389662 36.858372 10.930870
    endloop
  endfacet
  facet normal -0.548643 0.195140 -0.812964
    outer loop
      vertex 26.900317 37.648349 11.391124
      vertex 26.072503 34.708907 11.244221
      vertex 25.231987 34.869485 11.850002
    endloop
  endfacet
  facet normal -0.547243 0.194103 -0.814155
    outer loop
      vertex 26.900317 37.648349 11.391124
      vertex 25.231987 34.869485 11.850002
      vertex 26.129693 38.057102 12.006559
    endloop
  endfacet
  facet normal 0.511157 -0.169139 0.842681
    outer loop
      vertex 28.536857 34.238102 10.315654
      vertex 29.159750 36.449902 10.381761
      vertex 28.389662 36.858372 10.930870
    endloop
  endfacet
  facet normal 0.513465 -0.168701 0.841364
    outer loop
      vertex 28.536857 34.238102 10.315654
      vertex 28.389662 36.858372 10.930870
      vertex 27.696925 34.398568 10.860420
    endloop
  endfacet
  facet normal -0.538852 0.256629 -0.802359
    outer loop
      vertex 26.072503 34.708907 11.244221
      vertex 25.463728 31.751128 10.707041
      vertex 24.571813 31.661981 11.277525
    endloop
  endfacet
  facet normal -0.533174 0.253781 -0.807045
    outer loop
      vertex 26.072503 34.708907 11.244221
      vertex 24.571813 31.661981 11.277525
      vertex 25.231987 34.869485 11.850002
    endloop
  endfacet
  facet normal 0.507079 -0.195541 0.839425
    outer loop
      vertex 28.078781 32.012503 10.073923
      vertex 28.536857 34.238102 10.315654
      vertex 27.696925 34.398568 10.860420
    endloop
  endfacet
  facet normal 0.514910 -0.192914 0.835255
    outer loop
      vertex 28.078781 32.012503 10.073923
      vertex 27.696925 34.398568 10.860420
      vertex 27.187486 31.923418 10.602805
    endloop
  endfacet
  facet normal -0.546828 0.222688 -0.807087
    outer loop
      vertex 25.463728 31.751128 10.707041
      vertex 25.044691 28.936875 10.214458
      vertex 24.117397 28.610122 10.752574
    endloop
  endfacet
  facet normal -0.541124 0.220177 -0.811607
    outer loop
      vertex 25.463728 31.751128 10.707041
      vertex 24.117397 28.610122 10.752574
      vertex 24.571813 31.661981 11.277525
    endloop
  endfacet
  facet normal 0.515460 -0.164776 0.840922
    outer loop
      vertex 27.763474 29.894901 9.852260
      vertex 28.078781 32.012503 10.073923
      vertex 27.187486 31.923418 10.602805
    endloop
  endfacet
  facet normal 0.521856 -0.161717 0.837564
    outer loop
      vertex 27.763474 29.894901 9.852260
      vertex 27.187486 31.923418 10.602805
      vertex 26.836824 29.568375 10.366577
    endloop
  endfacet
  facet normal -0.514849 0.053206 -0.855628
    outer loop
      vertex 25.044691 28.936875 10.214458
      vertex 24.734240 26.330711 10.239202
      vertex 23.780735 25.783920 10.778944
    endloop
  endfacet
  facet normal -0.515209 0.053391 -0.855400
    outer loop
      vertex 25.044691 28.936875 10.214458
      vertex 23.780735 25.783920 10.778944
      vertex 24.117397 28.610122 10.752574
    endloop
  endfacet
  facet normal 0.499195 -0.054555 0.864770
    outer loop
      vertex 27.529873 27.933877 9.863395
      vertex 27.763474 29.894901 9.852260
      vertex 26.836824 29.568375 10.366577
    endloop
  endfacet
  facet normal 0.498908 -0.054725 0.864926
    outer loop
      vertex 27.529873 27.933877 9.863395
      vertex 26.836824 29.568375 10.366577
      vertex 26.577030 27.387466 10.378444
    endloop
  endfacet
  facet normal -0.436272 -0.108127 -0.893295
    outer loop
      vertex 24.734240 26.330711 10.239202
      vertex 24.469334 23.922378 10.660091
      vertex 23.493463 23.172252 11.227489
    endloop
  endfacet
  facet normal -0.444113 -0.103990 -0.889915
    outer loop
      vertex 24.734240 26.330711 10.239202
      vertex 23.493463 23.172252 11.227489
      vertex 23.780735 25.783920 10.778944
    endloop
  endfacet
  facet normal 0.455997 0.042752 0.888954
    outer loop
      vertex 27.330543 26.121713 10.052795
      vertex 27.529873 27.933877 9.863395
      vertex 26.577030 27.387466 10.378444
    endloop
  endfacet
  facet normal 0.451687 0.039583 0.891298
    outer loop
      vertex 27.330543 26.121713 10.052795
      vertex 26.577030 27.387466 10.378444
      vertex 26.355350 25.372108 10.580289
    endloop
  endfacet
  facet normal -0.457413 -0.068819 -0.886587
    outer loop
      vertex 24.469334 23.922378 10.660091
      vertex 24.217335 21.678150 10.964306
      vertex 23.220188 20.738545 11.551694
    endloop
  endfacet
  facet normal -0.463332 -0.065701 -0.883746
    outer loop
      vertex 24.469334 23.922378 10.660091
      vertex 23.220188 20.738545 11.551694
      vertex 23.493463 23.172252 11.227489
    endloop
  endfacet
  facet normal 0.463917 0.019706 0.885660
    outer loop
      vertex 27.140925 24.433030 10.189692
      vertex 27.330543 26.121713 10.052795
      vertex 26.355350 25.372108 10.580289
    endloop
  endfacet
  facet normal 0.461455 0.017090 0.886999
    outer loop
      vertex 27.140925 24.433030 10.189692
      vertex 26.355350 25.372108 10.580289
      vertex 26.144471 23.494077 10.726181
    endloop
  endfacet
  facet normal 0.201022 -0.684602 -0.700650
    outer loop
      vertex 23.220188 20.738545 11.551694
      vertex 26.753660 21.761362 11.566084
      vertex 26.096882 20.979123 12.141972
    endloop
  endfacet
  facet normal 0.201007 -0.684735 -0.700524
    outer loop
      vertex 23.220188 20.738545 11.551694
      vertex 26.096882 20.979123 12.141972
      vertex 22.313174 19.883871 12.126846
    endloop
  endfacet
  facet normal -0.192316 0.658414 0.727671
    outer loop
      vertex 28.871162 24.283359 10.732656
      vertex 26.144471 23.494077 10.726181
      vertex 25.238632 22.640511 11.259104
    endloop
  endfacet
  facet normal -0.192194 0.658213 0.727885
    outer loop
      vertex 28.871162 24.283359 10.732656
      vertex 25.238632 22.640511 11.259104
      vertex 28.215235 23.502134 11.265911
    endloop
  endfacet
  facet normal 0.194993 -0.681595 -0.705270
    outer loop
      vertex 26.753660 21.761362 11.566084
      vertex 30.749729 22.825925 11.642092
      vertex 30.375948 22.119077 12.221869
    endloop
  endfacet
  facet normal 0.194938 -0.682361 -0.704544
    outer loop
      vertex 26.753660 21.761362 11.566084
      vertex 30.375948 22.119077 12.221869
      vertex 26.096882 20.979123 12.141972
    endloop
  endfacet
  facet normal -0.182418 0.654184 0.734007
    outer loop
      vertex 31.954828 25.104856 10.766860
      vertex 28.871162 24.283359 10.732656
      vertex 28.215235 23.502134 11.265911
    endloop
  endfacet
  facet normal -0.181867 0.653212 0.735009
    outer loop
      vertex 31.954828 25.104856 10.766860
      vertex 28.215235 23.502134 11.265911
      vertex 31.581531 24.398924 11.301864
    endloop
  endfacet
  facet normal 0.243251 -0.684488 -0.687245
    outer loop
      vertex 30.749729 22.825925 11.642092
      vertex 35.498066 24.101598 12.052217
      vertex 35.460556 23.485091 12.652974
    endloop
  endfacet
  facet normal 0.242954 -0.688753 -0.683076
    outer loop
      vertex 30.749729 22.825925 11.642092
      vertex 35.460556 23.485091 12.652974
      vertex 30.375948 22.119077 12.221869
    endloop
  endfacet
  facet normal -0.213431 0.659270 0.720979
    outer loop
      vertex 35.619000 26.089261 10.951416
      vertex 31.954828 25.104856 10.766860
      vertex 31.581531 24.398924 11.301864
    endloop
  endfacet
  facet normal -0.211085 0.654674 0.725841
    outer loop
      vertex 35.619000 26.089261 10.951416
      vertex 31.581531 24.398924 11.301864
      vertex 35.581539 25.473553 11.495861
    endloop
  endfacet
  facet normal 0.307483 -0.669121 -0.676558
    outer loop
      vertex 35.498066 24.101598 12.052217
      vertex 40.852516 26.146921 12.462878
      vertex 41.194202 25.675262 13.084643
    endloop
  endfacet
  facet normal 0.307875 -0.673543 -0.671977
    outer loop
      vertex 35.498066 24.101598 12.052217
      vertex 41.194202 25.675262 13.084643
      vertex 35.460556 23.485091 12.652974
    endloop
  endfacet
  facet normal -0.278441 0.645679 0.711034
    outer loop
      vertex 39.750894 27.667585 11.136214
      vertex 35.619000 26.089261 10.951416
      vertex 35.581539 25.473553 11.495861
    endloop
  endfacet
  facet normal -0.275919 0.641643 0.715655
    outer loop
      vertex 39.750894 27.667585 11.136214
      vertex 35.581539 25.473553 11.495861
      vertex 40.092138 27.196537 11.690112
    endloop
  endfacet
  facet normal 0.343155 -0.649240 -0.678772
    outer loop
      vertex 40.852516 26.146921 12.462878
      vertex 45.484074 28.707308 12.355383
      vertex 46.153761 28.416972 12.971648
    endloop
  endfacet
  facet normal 0.342794 -0.648116 -0.680028
    outer loop
      vertex 40.852516 26.146921 12.462878
      vertex 46.153761 28.416972 12.971648
      vertex 41.194202 25.675262 13.084643
    endloop
  endfacet
  facet normal -0.327718 0.610472 0.721058
    outer loop
      vertex 43.324950 29.643371 11.087841
      vertex 39.750894 27.667585 11.136214
      vertex 40.092138 27.196537 11.690112
    endloop
  endfacet
  facet normal -0.328560 0.611314 0.719961
    outer loop
      vertex 43.324950 29.643371 11.087841
      vertex 40.092138 27.196537 11.690112
      vertex 43.993770 29.353412 11.639265
    endloop
  endfacet
  facet normal 0.310402 -0.692380 -0.651353
    outer loop
      vertex 45.484074 28.707308 12.355383
      vertex 49.256249 30.948466 11.770687
      vertex 50.193078 30.816846 12.357042
    endloop
  endfacet
  facet normal 0.307954 -0.686911 -0.658268
    outer loop
      vertex 45.484074 28.707308 12.355383
      vertex 50.193078 30.816846 12.357042
      vertex 46.153761 28.416972 12.971648
    endloop
  endfacet
  facet normal -0.311266 0.631892 0.709807
    outer loop
      vertex 46.235843 31.372816 10.824728
      vertex 43.324950 29.643371 11.087841
      vertex 43.993770 29.353412 11.639265
    endloop
  endfacet
  facet normal -0.316012 0.635139 0.704794
    outer loop
      vertex 46.235843 31.372816 10.824728
      vertex 43.993770 29.353412 11.639265
      vertex 47.171458 31.241367 11.362692
    endloop
  endfacet
  facet normal 0.307487 -0.705046 -0.639032
    outer loop
      vertex 49.256249 30.948466 11.770687
      vertex 52.580610 32.842672 11.280407
      vertex 53.752866 32.845198 11.841682
    endloop
  endfacet
  facet normal 0.305526 -0.700163 -0.645310
    outer loop
      vertex 49.256249 30.948466 11.770687
      vertex 53.752866 32.845198 11.841682
      vertex 50.193078 30.816846 12.357042
    endloop
  endfacet
  facet normal -0.309267 0.647846 0.696168
    outer loop
      vertex 48.801169 32.834528 10.604102
      vertex 46.235843 31.372816 10.824728
      vertex 47.171458 31.241367 11.362692
    endloop
  endfacet
  facet normal -0.312967 0.649919 0.692573
    outer loop
      vertex 48.801169 32.834528 10.604102
      vertex 47.171458 31.241367 11.362692
      vertex 49.971906 32.837050 11.130780
    endloop
  endfacet
  facet normal 0.333390 -0.640384 -0.691924
    outer loop
      vertex 52.580610 32.842672 11.280407
      vertex 55.646611 34.505696 11.218552
      vertex 57.035998 34.625996 11.776662
    endloop
  endfacet
  facet normal 0.333133 -0.639473 -0.692890
    outer loop
      vertex 52.580610 32.842672 11.280407
      vertex 57.035998 34.625996 11.776662
      vertex 53.752866 32.845198 11.841682
    endloop
  endfacet
  facet normal -0.324797 0.614402 0.719039
    outer loop
      vertex 51.167125 34.117841 10.576267
      vertex 48.801169 32.834528 10.604102
      vertex 49.971906 32.837050 11.130780
    endloop
  endfacet
  facet normal -0.325247 0.614644 0.718629
    outer loop
      vertex 51.167125 34.117841 10.576267
      vertex 49.971906 32.837050 11.130780
      vertex 52.554711 34.237985 11.101521
    endloop
  endfacet
  facet normal 0.246859 0.614862 -0.749003
    outer loop
      vertex 55.646611 34.505696 11.218552
      vertex 53.063459 35.631832 11.291642
      vertex 54.269909 35.831883 11.853491
    endloop
  endfacet
  facet normal 0.247414 0.615213 -0.748532
    outer loop
      vertex 55.646611 34.505696 11.218552
      vertex 54.269909 35.831883 11.853491
      vertex 57.035998 34.625996 11.776662
    endloop
  endfacet
  facet normal -0.242301 -0.585087 0.773927
    outer loop
      vertex 49.173771 34.986852 10.609158
      vertex 51.167125 34.117841 10.576267
      vertex 52.554711 34.237985 11.101521
    endloop
  endfacet
  facet normal -0.242153 -0.583701 0.775020
    outer loop
      vertex 49.173771 34.986852 10.609158
      vertex 52.554711 34.237985 11.101521
      vertex 50.378658 35.186644 11.136094
    endloop
  endfacet
  facet normal 0.288305 0.524681 -0.800993
    outer loop
      vertex 53.063459 35.631832 11.291642
      vertex 50.301622 36.882749 11.116960
      vertex 51.312482 37.171389 11.669873
    endloop
  endfacet
  facet normal 0.286873 0.523386 -0.802354
    outer loop
      vertex 53.063459 35.631832 11.291642
      vertex 51.312482 37.171389 11.669873
      vertex 54.269909 35.831883 11.853491
    endloop
  endfacet
  facet normal -0.266997 -0.523607 0.809042
    outer loop
      vertex 47.042531 35.952153 10.530550
      vertex 49.173771 34.986852 10.609158
      vertex 50.378658 35.186644 11.136094
    endloop
  endfacet
  facet normal -0.267357 -0.527029 0.806698
    outer loop
      vertex 47.042531 35.952153 10.530550
      vertex 50.378658 35.186644 11.136094
      vertex 48.052081 36.240419 11.053466
    endloop
  endfacet
  facet normal 0.302463 0.504197 -0.808889
    outer loop
      vertex 50.301622 36.882749 11.116960
      vertex 47.277529 38.290070 10.863390
      vertex 48.074227 38.678374 11.403332
    endloop
  endfacet
  facet normal 0.300335 0.501910 -0.811101
    outer loop
      vertex 50.301622 36.882749 11.116960
      vertex 48.074227 38.678374 11.403332
      vertex 51.312482 37.171389 11.669873
    endloop
  endfacet
  facet normal -0.276771 -0.509103 0.814992
    outer loop
      vertex 44.708914 37.038147 10.416444
      vertex 47.042531 35.952153 10.530550
      vertex 48.052081 36.240419 11.053466
    endloop
  endfacet
  facet normal -0.277283 -0.513689 0.811935
    outer loop
      vertex 44.708914 37.038147 10.416444
      vertex 48.052081 36.240419 11.053466
      vertex 45.504580 37.425948 10.933522
    endloop
  endfacet
  facet normal 0.232357 0.591039 -0.772453
    outer loop
      vertex 47.277529 38.290070 10.863390
      vertex 43.852680 39.847978 11.025207
      vertex 44.406834 40.346612 11.573427
    endloop
  endfacet
  facet normal 0.233739 0.592450 -0.770954
    outer loop
      vertex 47.277529 38.290070 10.863390
      vertex 44.406834 40.346612 11.573427
      vertex 48.074227 38.678374 11.403332
    endloop
  endfacet
  facet normal -0.236272 -0.567200 0.788961
    outer loop
      vertex 42.066045 38.240346 10.489262
      vertex 44.708914 37.038147 10.416444
      vertex 45.504580 37.425948 10.933522
    endloop
  endfacet
  facet normal -0.235939 -0.564800 0.790780
    outer loop
      vertex 42.066045 38.240346 10.489262
      vertex 45.504580 37.425948 10.933522
      vertex 42.619481 38.738333 11.010065
    endloop
  endfacet
  facet normal 0.133898 0.652566 -0.745808
    outer loop
      vertex 43.852680 39.847978 11.025207
      vertex 39.907815 41.380226 11.657653
      vertex 40.182598 41.987371 12.238226
    endloop
  endfacet
  facet normal 0.139322 0.658391 -0.739670
    outer loop
      vertex 43.852680 39.847978 11.025207
      vertex 40.182598 41.987371 12.238226
      vertex 44.406834 40.346612 11.573427
    endloop
  endfacet
  facet normal -0.167894 -0.617262 0.768635
    outer loop
      vertex 39.021892 39.422742 10.773863
      vertex 42.066045 38.240346 10.489262
      vertex 42.619481 38.738333 11.010065
    endloop
  endfacet
  facet normal -0.166782 -0.609095 0.775363
    outer loop
      vertex 39.021892 39.422742 10.773863
      vertex 42.619481 38.738333 11.010065
      vertex 39.296319 40.029101 11.309225
    endloop
  endfacet
  facet normal 0.081415 0.662076 -0.745001
    outer loop
      vertex 39.907815 41.380226 11.657653
      vertex 35.693235 42.526742 12.215978
      vertex 35.669547 43.215083 12.825112
    endloop
  endfacet
  facet normal 0.085615 0.668064 -0.739162
    outer loop
      vertex 39.907815 41.380226 11.657653
      vertex 35.669547 43.215083 12.825112
      vertex 40.182598 41.987371 12.238226
    endloop
  endfacet
  facet normal -0.111627 -0.628853 0.769469
    outer loop
      vertex 35.769607 40.307480 11.025109
      vertex 39.021892 39.422742 10.773863
      vertex 39.296319 40.029101 11.309225
    endloop
  endfacet
  facet normal -0.111534 -0.621938 0.775083
    outer loop
      vertex 35.769607 40.307480 11.025109
      vertex 39.296319 40.029101 11.309225
      vertex 35.745950 40.994929 11.573324
    endloop
  endfacet
  facet normal 0.112643 0.660165 -0.742627
    outer loop
      vertex 35.693235 42.526742 12.215978
      vertex 31.754204 43.245802 12.257713
      vertex 31.451558 43.985066 12.868983
    endloop
  endfacet
  facet normal 0.112880 0.660647 -0.742162
    outer loop
      vertex 35.693235 42.526742 12.215978
      vertex 31.451558 43.985066 12.868983
      vertex 35.669547 43.215083 12.825112
    endloop
  endfacet
  facet normal -0.108767 -0.622071 0.775369
    outer loop
      vertex 32.729956 40.862361 11.043890
      vertex 35.769607 40.307480 11.025109
      vertex 35.745950 40.994929 11.573324
    endloop
  endfacet
  facet normal -0.108854 -0.621587 0.775745
    outer loop
      vertex 32.729956 40.862361 11.043890
      vertex 35.745950 40.994929 11.573324
      vertex 32.427702 41.600667 11.593065
    endloop
  endfacet
  facet normal 0.157304 0.669634 -0.725841
    outer loop
      vertex 31.754204 43.245802 12.257713
      vertex 28.265842 43.780884 11.995365
      vertex 27.716155 44.558042 12.593213
    endloop
  endfacet
  facet normal 0.156061 0.666592 -0.728903
    outer loop
      vertex 31.754204 43.245802 12.257713
      vertex 27.716155 44.558042 12.593213
      vertex 31.451558 43.985066 12.868983
    endloop
  endfacet
  facet normal -0.129679 -0.625420 0.769437
    outer loop
      vertex 30.038075 41.275270 10.925833
      vertex 32.729956 40.862361 11.043890
      vertex 32.427702 41.600667 11.593065
    endloop
  endfacet
  facet normal -0.128751 -0.628090 0.767416
    outer loop
      vertex 30.038075 41.275270 10.925833
      vertex 32.427702 41.600667 11.593065
      vertex 29.489100 42.051421 11.468969
    endloop
  endfacet
  facet normal -0.540265 0.240088 -0.806518
    outer loop
      vertex 28.265842 43.780884 11.995365
      vertex 27.182138 41.048379 11.907884
      vertex 26.555705 41.632023 12.501257
    endloop
  endfacet
  facet normal -0.539546 0.239351 -0.807219
    outer loop
      vertex 28.265842 43.780884 11.995365
      vertex 26.555705 41.632023 12.501257
      vertex 27.716155 44.558042 12.593213
    endloop
  endfacet
  facet normal 0.512384 -0.218714 0.830438
    outer loop
      vertex 29.201808 39.166664 10.886466
      vertex 30.038075 41.275270 10.925833
      vertex 29.489100 42.051421 11.468969
    endloop
  endfacet
  facet normal 0.513788 -0.218680 0.829579
    outer loop
      vertex 29.201808 39.166664 10.886466
      vertex 29.489100 42.051421 11.468969
      vertex 28.576186 39.749553 11.427589
    endloop
  endfacet
  facet normal -0.582286 0.178708 -0.793100
    outer loop
      vertex 27.182138 41.048379 11.907884
      vertex 26.129693 38.057102 12.006559
      vertex 25.428726 38.428908 12.604980
    endloop
  endfacet
  facet normal -0.583179 0.179530 -0.792257
    outer loop
      vertex 27.182138 41.048379 11.907884
      vertex 25.428726 38.428908 12.604980
      vertex 26.555705 41.632023 12.501257
    endloop
  endfacet
  facet normal 0.545038 -0.175997 0.819731
    outer loop
      vertex 28.389662 36.858372 10.930870
      vertex 29.201808 39.166664 10.886466
      vertex 28.576186 39.749553 11.427589
    endloop
  endfacet
  facet normal 0.543618 -0.176064 0.820659
    outer loop
      vertex 28.389662 36.858372 10.930870
      vertex 28.576186 39.749553 11.427589
      vertex 27.689604 37.229696 11.474264
    endloop
  endfacet
  facet normal -0.574452 0.200753 -0.793538
    outer loop
      vertex 26.129693 38.057102 12.006559
      vertex 25.231987 34.869485 11.850002
      vertex 24.467446 35.015547 12.440415
    endloop
  endfacet
  facet normal -0.572808 0.199644 -0.795005
    outer loop
      vertex 26.129693 38.057102 12.006559
      vertex 24.467446 35.015547 12.440415
      vertex 25.428726 38.428908 12.604980
    endloop
  endfacet
  facet normal 0.543399 -0.176539 0.820702
    outer loop
      vertex 27.696925 34.398568 10.860420
      vertex 28.389662 36.858372 10.930870
      vertex 27.689604 37.229696 11.474264
    endloop
  endfacet
  facet normal 0.545557 -0.176237 0.819334
    outer loop
      vertex 27.696925 34.398568 10.860420
      vertex 27.689604 37.229696 11.474264
      vertex 26.933375 34.544441 11.400210
    endloop
  endfacet
  facet normal -0.567028 0.256416 -0.782771
    outer loop
      vertex 25.231987 34.869485 11.850002
      vertex 24.571813 31.661981 11.277525
      vertex 23.760520 31.580892 11.838652
    endloop
  endfacet
  facet normal -0.560444 0.253490 -0.788445
    outer loop
      vertex 25.231987 34.869485 11.850002
      vertex 23.760520 31.580892 11.838652
      vertex 24.467446 35.015547 12.440415
    endloop
  endfacet
  facet normal 0.540720 -0.196424 0.817948
    outer loop
      vertex 27.187486 31.923418 10.602805
      vertex 27.696925 34.398568 10.860420
      vertex 26.933375 34.544441 11.400210
    endloop
  endfacet
  facet normal 0.548146 -0.194348 0.813489
    outer loop
      vertex 27.187486 31.923418 10.602805
      vertex 26.933375 34.544441 11.400210
      vertex 26.377243 31.842434 11.129416
    endloop
  endfacet
  facet normal -0.576277 0.221139 -0.786767
    outer loop
      vertex 24.571813 31.661981 11.277525
      vertex 24.117397 28.610122 10.752574
      vertex 23.273922 28.312904 11.286847
    endloop
  endfacet
  facet normal -0.569769 0.218601 -0.792198
    outer loop
      vertex 24.571813 31.661981 11.277525
      vertex 23.273922 28.312904 11.286847
      vertex 23.760520 31.580892 11.838652
    endloop
  endfacet
  facet normal 0.549049 -0.163959 0.819550
    outer loop
      vertex 26.836824 29.568375 10.366577
      vertex 27.187486 31.923418 10.602805
      vertex 26.377243 31.842434 11.129416
    endloop
  endfacet
  facet normal 0.555232 -0.161475 0.815869
    outer loop
      vertex 26.836824 29.568375 10.366577
      vertex 26.377243 31.842434 11.129416
      vertex 25.994442 29.271542 10.881104
    endloop
  endfacet
  facet normal -0.548242 0.057523 -0.834339
    outer loop
      vertex 24.117397 28.610122 10.752574
      vertex 23.780735 25.783920 10.778944
      vertex 22.913418 25.286553 11.314566
    endloop
  endfacet
  facet normal -0.548647 0.057716 -0.834060
    outer loop
      vertex 24.117397 28.610122 10.752574
      vertex 22.913418 25.286553 11.314566
      vertex 23.273922 28.312904 11.286847
    endloop
  endfacet
  facet normal 0.535452 -0.059200 0.842488
    outer loop
      vertex 26.577030 27.387466 10.378444
      vertex 26.836824 29.568375 10.366577
      vertex 25.994442 29.271542 10.881104
    endloop
  endfacet
  facet normal 0.535165 -0.059335 0.842661
    outer loop
      vertex 26.577030 27.387466 10.378444
      vertex 25.994442 29.271542 10.881104
      vertex 25.710837 26.890744 10.893578
    endloop
  endfacet
  facet normal -0.475006 -0.097946 -0.874515
    outer loop
      vertex 23.780735 25.783920 10.778944
      vertex 23.493463 23.172252 11.227489
      vertex 22.605802 22.489931 11.786057
    endloop
  endfacet
  facet normal -0.483778 -0.093493 -0.870183
    outer loop
      vertex 23.780735 25.783920 10.778944
      vertex 22.605802 22.489931 11.786057
      vertex 22.913418 25.286553 11.314566
    endloop
  endfacet
  facet normal 0.497202 0.032147 0.867039
    outer loop
      vertex 26.355350 25.372108 10.580289
      vertex 26.577030 27.387466 10.378444
      vertex 25.710837 26.890744 10.893578
    endloop
  endfacet
  facet normal 0.492683 0.029679 0.869703
    outer loop
      vertex 26.355350 25.372108 10.580289
      vertex 25.710837 26.890744 10.893578
      vertex 25.468839 24.690671 11.105748
    endloop
  endfacet
  facet normal -0.493500 -0.060171 -0.867662
    outer loop
      vertex 23.493463 23.172252 11.227489
      vertex 23.220188 20.738545 11.551694
      vertex 22.313174 19.883871 12.126846
    endloop
  endfacet
  facet normal -0.500058 -0.056850 -0.864124
    outer loop
      vertex 23.493463 23.172252 11.227489
      vertex 22.313174 19.883871 12.126846
      vertex 22.605802 22.489931 11.786057
    endloop
  endfacet
  facet normal 0.503864 0.010519 0.863719
    outer loop
      vertex 26.144471 23.494077 10.726181
      vertex 26.355350 25.372108 10.580289
      vertex 25.468839 24.690671 11.105748
    endloop
  endfacet
  facet normal 0.501123 0.008459 0.865335
    outer loop
      vertex 26.144471 23.494077 10.726181
      vertex 25.468839 24.690671 11.105748
      vertex 25.238632 22.640511 11.259104
    endloop
  endfacet
  facet normal 0.217115 -0.741286 -0.635104
    outer loop
      vertex 22.313174 19.883871 12.126846
      vertex 26.096882 20.979123 12.141972
      vertex 25.561408 20.341359 12.703306
    endloop
  endfacet
  facet normal 0.217108 -0.741403 -0.634969
    outer loop
      vertex 22.313174 19.883871 12.126846
      vertex 25.561408 20.341359 12.703306
      vertex 21.573681 19.187052 12.687621
    endloop
  endfacet
  facet normal -0.212003 0.727240 0.652822
    outer loop
      vertex 28.215235 23.502134 11.265911
      vertex 25.238632 22.640511 11.259104
      vertex 24.509305 21.953271 11.787836
    endloop
  endfacet
  facet normal -0.211922 0.727104 0.653000
    outer loop
      vertex 28.215235 23.502134 11.265911
      vertex 24.509305 21.953271 11.787836
      vertex 27.687122 22.873138 11.794895
    endloop
  endfacet
  facet normal 0.208667 -0.738326 -0.641352
    outer loop
      vertex 26.096882 20.979123 12.141972
      vertex 30.375948 22.119077 12.221869
      vertex 30.071203 21.542780 12.786153
    endloop
  endfacet
  facet normal 0.208638 -0.738996 -0.640589
    outer loop
      vertex 26.096882 20.979123 12.141972
      vertex 30.071203 21.542780 12.786153
      vertex 25.561408 20.341359 12.703306
    endloop
  endfacet
  facet normal -0.199795 0.723482 0.660799
    outer loop
      vertex 31.581531 24.398924 11.301864
      vertex 28.215235 23.502134 11.265911
      vertex 27.687122 22.873138 11.794895
    endloop
  endfacet
  facet normal -0.199420 0.722801 0.661657
    outer loop
      vertex 31.581531 24.398924 11.301864
      vertex 27.687122 22.873138 11.794895
      vertex 31.280975 23.830550 11.832176
    endloop
  endfacet
  facet normal 0.251376 -0.738068 -0.626152
    outer loop
      vertex 30.375948 22.119077 12.221869
      vertex 35.460556 23.485091 12.652974
      vertex 35.429974 22.982451 13.233177
    endloop
  endfacet
  facet normal 0.251150 -0.741737 -0.621892
    outer loop
      vertex 30.375948 22.119077 12.221869
      vertex 35.429974 22.982451 13.233177
      vertex 30.071203 21.542780 12.786153
    endloop
  endfacet
  facet normal -0.226496 0.725811 0.649537
    outer loop
      vertex 35.581539 25.473553 11.495861
      vertex 31.581531 24.398924 11.301864
      vertex 31.280975 23.830550 11.832176
    endloop
  endfacet
  facet normal -0.224901 0.722502 0.653766
    outer loop
      vertex 35.581539 25.473553 11.495861
      vertex 31.280975 23.830550 11.832176
      vertex 35.551377 24.977823 12.033337
    endloop
  endfacet
  facet normal 0.321405 -0.720235 -0.614785
    outer loop
      vertex 35.460556 23.485091 12.652974
      vertex 41.194202 25.675262 13.084643
      vertex 41.472781 25.290717 13.680786
    endloop
  endfacet
  facet normal 0.321742 -0.723958 -0.610219
    outer loop
      vertex 35.460556 23.485091 12.652974
      vertex 41.472781 25.290717 13.680786
      vertex 35.429974 22.982451 13.233177
    endloop
  endfacet
  facet normal -0.298618 0.709830 0.637941
    outer loop
      vertex 40.092138 27.196537 11.690112
      vertex 35.581539 25.473553 11.495861
      vertex 35.551377 24.977823 12.033337
    endloop
  endfacet
  facet normal -0.296878 0.706896 0.641998
    outer loop
      vertex 40.092138 27.196537 11.690112
      vertex 35.551377 24.977823 12.033337
      vertex 40.366886 26.817278 12.234760
    endloop
  endfacet
  facet normal 0.369453 -0.693792 -0.618189
    outer loop
      vertex 41.194202 25.675262 13.084643
      vertex 46.153761 28.416972 12.971648
      vertex 46.699761 28.180261 13.563619
    endloop
  endfacet
  facet normal 0.369135 -0.692855 -0.619428
    outer loop
      vertex 41.194202 25.675262 13.084643
      vertex 46.699761 28.180261 13.563619
      vertex 41.472781 25.290717 13.680786
    endloop
  endfacet
  facet normal -0.361700 0.669583 0.648716
    outer loop
      vertex 43.993770 29.353412 11.639265
      vertex 40.092138 27.196537 11.690112
      vertex 40.366886 26.817278 12.234760
    endloop
  endfacet
  facet normal -0.362305 0.670215 0.647724
    outer loop
      vertex 43.993770 29.353412 11.639265
      vertex 40.366886 26.817278 12.234760
      vertex 44.532264 29.119954 12.182035
    endloop
  endfacet
  facet normal 0.341524 -0.727292 -0.595321
    outer loop
      vertex 46.153761 28.416972 12.971648
      vertex 50.193078 30.816846 12.357042
      vertex 50.956879 30.709537 12.926318
    endloop
  endfacet
  facet normal 0.339321 -0.722811 -0.602002
    outer loop
      vertex 46.153761 28.416972 12.971648
      vertex 50.956879 30.709537 12.926318
      vertex 46.699761 28.180261 13.563619
    endloop
  endfacet
  facet normal -0.350019 0.683039 0.641050
    outer loop
      vertex 47.171458 31.241367 11.362692
      vertex 43.993770 29.353412 11.639265
      vertex 44.532264 29.119954 12.182035
    endloop
  endfacet
  facet normal -0.353550 0.685615 0.636345
    outer loop
      vertex 47.171458 31.241367 11.362692
      vertex 44.532264 29.119954 12.182035
      vertex 47.924758 31.135533 11.895250
    endloop
  endfacet
  facet normal 0.337038 -0.739545 -0.582648
    outer loop
      vertex 50.193078 30.816846 12.357042
      vertex 53.752866 32.845198 11.841682
      vertex 54.708612 32.847258 12.391927
    endloop
  endfacet
  facet normal 0.335321 -0.735626 -0.588570
    outer loop
      vertex 50.193078 30.816846 12.357042
      vertex 54.708612 32.847258 12.391927
      vertex 50.956879 30.709537 12.926318
    endloop
  endfacet
  facet normal -0.345593 0.697720 0.627497
    outer loop
      vertex 49.971906 32.837050 11.130780
      vertex 47.171458 31.241367 11.362692
      vertex 47.924758 31.135533 11.895250
    endloop
  endfacet
  facet normal -0.348377 0.699488 0.623979
    outer loop
      vertex 49.971906 32.837050 11.130780
      vertex 47.924758 31.135533 11.895250
      vertex 50.914512 32.839082 11.654774
    endloop
  endfacet
  facet normal 0.362366 -0.690909 -0.625568
    outer loop
      vertex 53.752866 32.845198 11.841682
      vertex 57.035998 34.625996 11.776662
      vertex 58.168771 34.724077 12.324506
    endloop
  endfacet
  facet normal 0.362162 -0.690197 -0.626472
    outer loop
      vertex 53.752866 32.845198 11.841682
      vertex 58.168771 34.724077 12.324506
      vertex 54.708612 32.847258 12.391927
    endloop
  endfacet
  facet normal -0.359253 0.675773 0.643637
    outer loop
      vertex 52.554711 34.237985 11.101521
      vertex 49.971906 32.837050 11.130780
      vertex 50.914512 32.839082 11.654774
    endloop
  endfacet
  facet normal -0.359591 0.676000 0.643210
    outer loop
      vertex 52.554711 34.237985 11.101521
      vertex 50.914512 32.839082 11.654774
      vertex 53.671911 34.334718 11.624435
    endloop
  endfacet
  facet normal 0.273824 0.671944 -0.688122
    outer loop
      vertex 57.035998 34.625996 11.776662
      vertex 54.269909 35.831883 11.853491
      vertex 55.253534 35.994986 12.404173
    endloop
  endfacet
  facet normal 0.274312 0.672321 -0.687559
    outer loop
      vertex 57.035998 34.625996 11.776662
      vertex 55.253534 35.994986 12.404173
      vertex 58.168771 34.724077 12.324506
    endloop
  endfacet
  facet normal -0.273705 -0.653546 0.705665
    outer loop
      vertex 50.378658 35.186644 11.136094
      vertex 52.554711 34.237985 11.101521
      vertex 53.671911 34.334718 11.624435
    endloop
  endfacet
  facet normal -0.273594 -0.652588 0.706594
    outer loop
      vertex 50.378658 35.186644 11.136094
      vertex 53.671911 34.334718 11.624435
      vertex 51.348761 35.347504 11.660285
    endloop
  endfacet
  facet normal 0.316159 0.596955 -0.737352
    outer loop
      vertex 54.269909 35.831883 11.853491
      vertex 51.312482 37.171389 11.669873
      vertex 52.136642 37.406718 12.213774
    endloop
  endfacet
  facet normal 0.314924 0.595646 -0.738937
    outer loop
      vertex 54.269909 35.831883 11.853491
      vertex 52.136642 37.406718 12.213774
      vertex 55.253534 35.994986 12.404173
    endloop
  endfacet
  facet normal -0.299447 -0.603166 0.739272
    outer loop
      vertex 48.052081 36.240419 11.053466
      vertex 50.378658 35.186644 11.136094
      vertex 51.348761 35.347504 11.660285
    endloop
  endfacet
  facet normal -0.299718 -0.605589 0.737178
    outer loop
      vertex 48.052081 36.240419 11.053466
      vertex 51.348761 35.347504 11.660285
      vertex 48.864911 36.472513 11.574605
    endloop
  endfacet
  facet normal 0.330722 0.578832 -0.745370
    outer loop
      vertex 51.312482 37.171389 11.669873
      vertex 48.074227 38.678374 11.403332
      vertex 48.723779 38.994961 11.937391
    endloop
  endfacet
  facet normal 0.328910 0.576627 -0.747877
    outer loop
      vertex 51.312482 37.171389 11.669873
      vertex 48.723779 38.994961 11.937391
      vertex 52.136642 37.406718 12.213774
    endloop
  endfacet
  facet normal -0.309653 -0.589946 0.745707
    outer loop
      vertex 45.504580 37.425948 10.933522
      vertex 48.052081 36.240419 11.053466
      vertex 48.864911 36.472513 11.574605
    endloop
  endfacet
  facet normal -0.310058 -0.593260 0.742904
    outer loop
      vertex 45.504580 37.425948 10.933522
      vertex 48.864911 36.472513 11.574605
      vertex 46.145202 37.738182 11.450233
    endloop
  endfacet
  facet normal 0.263601 0.651978 -0.710942
    outer loop
      vertex 48.074227 38.678374 11.403332
      vertex 44.406834 40.346612 11.573427
      vertex 44.858639 40.753150 12.113766
    endloop
  endfacet
  facet normal 0.264794 0.653270 -0.709312
    outer loop
      vertex 48.074227 38.678374 11.403332
      vertex 44.858639 40.753150 12.113766
      vertex 48.723779 38.994961 11.937391
    endloop
  endfacet
  facet normal -0.270904 -0.637607 0.721158
    outer loop
      vertex 42.619481 38.738333 11.010065
      vertex 45.504580 37.425948 10.933522
      vertex 46.145202 37.738182 11.450233
    endloop
  endfacet
  facet normal -0.270614 -0.635853 0.722814
    outer loop
      vertex 42.619481 38.738333 11.010065
      vertex 46.145202 37.738182 11.450233
      vertex 43.065074 39.139283 11.529602
    endloop
  endfacet
  facet normal 0.166890 0.707793 -0.686423
    outer loop
      vertex 44.406834 40.346612 11.573427
      vertex 40.182598 41.987371 12.238226
      vertex 40.406631 42.482380 12.803114
    endloop
  endfacet
  facet normal 0.171637 0.712930 -0.679905
    outer loop
      vertex 44.406834 40.346612 11.573427
      vertex 40.406631 42.482380 12.803114
      vertex 44.858639 40.753150 12.113766
    endloop
  endfacet
  facet normal -0.202411 -0.683635 0.701194
    outer loop
      vertex 39.296319 40.029101 11.309225
      vertex 42.619481 38.738333 11.010065
      vertex 43.065074 39.139283 11.529602
    endloop
  endfacet
  facet normal -0.201346 -0.677604 0.707328
    outer loop
      vertex 39.296319 40.029101 11.309225
      vertex 43.065074 39.139283 11.529602
      vertex 39.517272 40.517305 11.839808
    endloop
  endfacet
  facet normal 0.106765 0.720173 -0.685531
    outer loop
      vertex 40.182598 41.987371 12.238226
      vertex 35.669547 43.215083 12.825112
      vertex 35.650234 43.776290 13.411672
    endloop
  endfacet
  facet normal 0.110400 0.725383 -0.679434
    outer loop
      vertex 40.182598 41.987371 12.238226
      vertex 35.650234 43.776290 13.411672
      vertex 40.406631 42.482380 12.803114
    endloop
  endfacet
  facet normal -0.138133 -0.699502 0.701153
    outer loop
      vertex 35.745950 40.994929 11.573324
      vertex 39.296319 40.029101 11.309225
      vertex 39.517272 40.517305 11.839808
    endloop
  endfacet
  facet normal -0.137843 -0.694308 0.706354
    outer loop
      vertex 35.745950 40.994929 11.573324
      vertex 39.517272 40.517305 11.839808
      vertex 35.726902 41.548421 12.113659
    endloop
  endfacet
  facet normal 0.124056 0.718572 -0.684299
    outer loop
      vertex 35.669547 43.215083 12.825112
      vertex 31.451558 43.985066 12.868983
      vertex 31.204810 44.587791 13.457162
    endloop
  endfacet
  facet normal 0.124252 0.718990 -0.683823
    outer loop
      vertex 35.669547 43.215083 12.825112
      vertex 31.204810 44.587791 13.457162
      vertex 35.650234 43.776290 13.411672
    endloop
  endfacet
  facet normal -0.122736 -0.695429 0.708035
    outer loop
      vertex 32.427702 41.600667 11.593065
      vertex 35.745950 40.994929 11.573324
      vertex 35.726902 41.548421 12.113659
    endloop
  endfacet
  facet normal -0.122787 -0.695055 0.708394
    outer loop
      vertex 32.427702 41.600667 11.593065
      vertex 35.726902 41.548421 12.113659
      vertex 32.184346 42.195106 12.134130
    endloop
  endfacet
  facet normal 0.160638 0.724788 -0.669984
    outer loop
      vertex 31.451558 43.985066 12.868983
      vertex 27.716155 44.558042 12.593213
      vertex 27.267993 45.191662 13.171209
    endloop
  endfacet
  facet normal 0.159660 0.722164 -0.673044
    outer loop
      vertex 31.451558 43.985066 12.868983
      vertex 27.267993 45.191662 13.171209
      vertex 31.204810 44.587791 13.457162
    endloop
  endfacet
  facet normal -0.136620 -0.696822 0.704113
    outer loop
      vertex 29.489100 42.051421 11.468969
      vertex 32.427702 41.600667 11.593065
      vertex 32.184346 42.195106 12.134130
    endloop
  endfacet
  facet normal -0.136012 -0.698959 0.702109
    outer loop
      vertex 29.489100 42.051421 11.468969
      vertex 32.184346 42.195106 12.134130
      vertex 29.047099 42.676330 12.005451
    endloop
  endfacet
  facet normal -0.602801 0.262746 -0.753390
    outer loop
      vertex 27.716155 44.558042 12.593213
      vertex 26.555705 41.632023 12.501257
      vertex 26.044970 42.107871 13.075858
    endloop
  endfacet
  facet normal -0.602093 0.262108 -0.754178
    outer loop
      vertex 27.716155 44.558042 12.593213
      vertex 26.044970 42.107871 13.075858
      vertex 27.267993 45.191662 13.171209
    endloop
  endfacet
  facet normal 0.587071 -0.246691 0.771033
    outer loop
      vertex 28.576186 39.749553 11.427589
      vertex 29.489100 42.051421 11.468969
      vertex 29.047099 42.676330 12.005451
    endloop
  endfacet
  facet normal 0.588137 -0.246702 0.770217
    outer loop
      vertex 28.576186 39.749553 11.427589
      vertex 29.047099 42.676330 12.005451
      vertex 28.072473 40.218859 11.962543
    endloop
  endfacet
  facet normal -0.641770 0.201841 -0.739859
    outer loop
      vertex 26.555705 41.632023 12.501257
      vertex 25.428726 38.428908 12.604980
      vertex 24.857225 38.732043 13.183410
    endloop
  endfacet
  facet normal -0.642614 0.202554 -0.738931
    outer loop
      vertex 26.555705 41.632023 12.501257
      vertex 24.857225 38.732043 13.183410
      vertex 26.044970 42.107871 13.075858
    endloop
  endfacet
  facet normal 0.617585 -0.203217 0.759797
    outer loop
      vertex 27.689604 37.229696 11.474264
      vertex 28.576186 39.749553 11.427589
      vertex 28.072473 40.218859 11.962543
    endloop
  endfacet
  facet normal 0.616495 -0.203221 0.760681
    outer loop
      vertex 27.689604 37.229696 11.474264
      vertex 28.072473 40.218859 11.962543
      vertex 27.125959 37.528664 12.010942
    endloop
  endfacet
  facet normal -0.637851 0.215284 -0.739458
    outer loop
      vertex 25.428726 38.428908 12.604980
      vertex 24.467446 35.015547 12.440415
      vertex 23.844112 35.134633 13.012769
    endloop
  endfacet
  facet normal -0.636327 0.214355 -0.741040
    outer loop
      vertex 25.428726 38.428908 12.604980
      vertex 23.844112 35.134633 13.012769
      vertex 24.857225 38.732043 13.183410
    endloop
  endfacet
  facet normal 0.619877 -0.195529 0.759948
    outer loop
      vertex 26.933375 34.544441 11.400210
      vertex 27.689604 37.229696 11.474264
      vertex 27.125959 37.528664 12.010942
    endloop
  endfacet
  facet normal 0.621559 -0.195365 0.758615
    outer loop
      vertex 26.933375 34.544441 11.400210
      vertex 27.125959 37.528664 12.010942
      vertex 26.318610 34.661889 11.934153
    endloop
  endfacet
  facet normal -0.632893 0.258150 -0.729935
    outer loop
      vertex 24.467446 35.015547 12.440415
      vertex 23.760520 31.580892 11.838652
      vertex 23.099068 31.514780 12.388785
    endloop
  endfacet
  facet normal -0.626851 0.255877 -0.735924
    outer loop
      vertex 24.467446 35.015547 12.440415
      vertex 23.099068 31.514780 12.388785
      vertex 23.844112 35.134633 13.012769
    endloop
  endfacet
  facet normal 0.619565 -0.203497 0.758108
    outer loop
      vertex 26.377243 31.842434 11.129416
      vertex 26.933375 34.544441 11.400210
      vertex 26.318610 34.661889 11.934153
    endloop
  endfacet
  facet normal 0.625472 -0.202093 0.753620
    outer loop
      vertex 26.377243 31.842434 11.129416
      vertex 26.318610 34.661889 11.934153
      vertex 25.724885 31.777231 11.653360
    endloop
  endfacet
  facet normal -0.642756 0.219628 -0.733913
    outer loop
      vertex 23.760520 31.580892 11.838652
      vertex 23.273922 28.312904 11.286847
      vertex 22.586233 28.070581 11.816604
    endloop
  endfacet
  facet normal -0.636880 0.217697 -0.739589
    outer loop
      vertex 23.760520 31.580892 11.838652
      vertex 22.586233 28.070581 11.816604
      vertex 23.099068 31.514780 12.388785
    endloop
  endfacet
  facet normal 0.627497 -0.166889 0.760523
    outer loop
      vertex 25.994442 29.271542 10.881104
      vertex 26.377243 31.842434 11.129416
      vertex 25.724885 31.777231 11.653360
    endloop
  endfacet
  facet normal 0.632540 -0.165172 0.756711
    outer loop
      vertex 25.994442 29.271542 10.881104
      vertex 25.724885 31.777231 11.653360
      vertex 25.316207 29.032550 11.395879
    endloop
  endfacet
  facet normal -0.623292 0.067112 -0.779104
    outer loop
      vertex 23.273922 28.312904 11.286847
      vertex 22.913418 25.286553 11.314566
      vertex 22.206290 24.881048 11.845347
    endloop
  endfacet
  facet normal -0.623651 0.067272 -0.778803
    outer loop
      vertex 23.273922 28.312904 11.286847
      vertex 22.206290 24.881048 11.845347
      vertex 22.586233 28.070581 11.816604
    endloop
  endfacet
  facet normal 0.618550 -0.069582 0.782658
    outer loop
      vertex 25.710837 26.890744 10.893578
      vertex 25.994442 29.271542 10.881104
      vertex 25.316207 29.032550 11.395879
    endloop
  endfacet
  facet normal 0.618307 -0.069670 0.782842
    outer loop
      vertex 25.710837 26.890744 10.893578
      vertex 25.316207 29.032550 11.395879
      vertex 25.013431 26.490814 11.408813
    endloop
  endfacet
  facet normal -0.563952 -0.076593 -0.822248
    outer loop
      vertex 22.913418 25.286553 11.314566
      vertex 22.605802 22.489931 11.786057
      vertex 21.882087 21.933631 12.334248
    endloop
  endfacet
  facet normal -0.571740 -0.072665 -0.817210
    outer loop
      vertex 22.913418 25.286553 11.314566
      vertex 21.882087 21.933631 12.334248
      vertex 22.206290 24.881048 11.845347
    endloop
  endfacet
  facet normal 0.589298 0.013084 0.807810
    outer loop
      vertex 25.468839 24.690671 11.105748
      vertex 25.710837 26.890744 10.893578
      vertex 25.013431 26.490814 11.408813
    endloop
  endfacet
  facet normal 0.585262 0.011566 0.810762
    outer loop
      vertex 25.468839 24.690671 11.105748
      vertex 25.013431 26.490814 11.408813
      vertex 24.755074 24.142019 11.628818
    endloop
  endfacet
  facet normal -0.578558 -0.041556 -0.814582
    outer loop
      vertex 22.605802 22.489931 11.786057
      vertex 22.313174 19.883871 12.126846
      vertex 21.573681 19.187052 12.687621
    endloop
  endfacet
  facet normal -0.584286 -0.038687 -0.810625
    outer loop
      vertex 22.605802 22.489931 11.786057
      vertex 21.573681 19.187052 12.687621
      vertex 21.882087 21.933631 12.334248
    endloop
  endfacet
  facet normal 0.594378 -0.006589 0.804159
    outer loop
      vertex 25.238632 22.640511 11.259104
      vertex 25.468839 24.690671 11.105748
      vertex 24.755074 24.142019 11.628818
    endloop
  endfacet
  facet normal 0.591790 -0.007889 0.806053
    outer loop
      vertex 25.238632 22.640511 11.259104
      vertex 24.755074 24.142019 11.628818
      vertex 24.509305 21.953271 11.787836
    endloop
  endfacet
  facet normal 0.243617 -0.834906 -0.493541
    outer loop
      vertex 21.573681 19.187052 12.687621
      vertex 25.561408 20.341359 12.703306
      vertex 25.203394 19.914956 13.247918
    endloop
  endfacet
  facet normal 0.243614 -0.834970 -0.493435
    outer loop
      vertex 21.573681 19.187052 12.687621
      vertex 25.203394 19.914956 13.247918
      vertex 21.079262 18.721164 13.231878
    endloop
  endfacet
  facet normal -0.242525 0.834036 0.495545
    outer loop
      vertex 27.687122 22.873138 11.794895
      vertex 24.509305 21.953271 11.787836
      vertex 24.031509 21.503048 12.311755
    endloop
  endfacet
  facet normal -0.242490 0.833983 0.495652
    outer loop
      vertex 27.687122 22.873138 11.794895
      vertex 24.031509 21.503048 12.311755
      vertex 27.341146 22.461072 12.318973
    endloop
  endfacet
  facet normal 0.231298 -0.833644 -0.501537
    outer loop
      vertex 25.561408 20.341359 12.703306
      vertex 30.071203 21.542780 12.786153
      vertex 29.867452 21.157473 13.332637
    endloop
  endfacet
  facet normal 0.231280 -0.834004 -0.500946
    outer loop
      vertex 25.561408 20.341359 12.703306
      vertex 29.867452 21.157473 13.332637
      vertex 25.203394 19.914956 13.247918
    endloop
  endfacet
  facet normal -0.227093 0.832785 0.504875
    outer loop
      vertex 31.280975 23.830550 11.832176
      vertex 27.687122 22.873138 11.794895
      vertex 27.341146 22.461072 12.318973
    endloop
  endfacet
  facet normal -0.226929 0.832503 0.505413
    outer loop
      vertex 31.280975 23.830550 11.832176
      vertex 27.341146 22.461072 12.318973
      vertex 31.084075 23.458198 12.357097
    endloop
  endfacet
  facet normal 0.263967 -0.829956 -0.491421
    outer loop
      vertex 30.071203 21.542780 12.786153
      vertex 35.429974 22.982451 13.233177
      vertex 35.409528 22.646389 13.789765
    endloop
  endfacet
  facet normal 0.263768 -0.831912 -0.488210
    outer loop
      vertex 30.071203 21.542780 12.786153
      vertex 35.409528 22.646389 13.789765
      vertex 29.867452 21.157473 13.332637
    endloop
  endfacet
  facet normal -0.246866 0.831683 0.497353
    outer loop
      vertex 35.551377 24.977823 12.033337
      vertex 31.280975 23.830550 11.832176
      vertex 31.084075 23.458198 12.357097
    endloop
  endfacet
  facet normal -0.246183 0.830255 0.500070
    outer loop
      vertex 35.551377 24.977823 12.033337
      vertex 31.084075 23.458198 12.357097
      vertex 35.531618 24.653061 12.562804
    endloop
  endfacet
  facet normal 0.343931 -0.807424 -0.479351
    outer loop
      vertex 35.429974 22.982451 13.233177
      vertex 41.472781 25.290717 13.680786
      vertex 41.659036 25.033612 14.247491
    endloop
  endfacet
  facet normal 0.344024 -0.809345 -0.476035
    outer loop
      vertex 35.429974 22.982451 13.233177
      vertex 41.659036 25.033612 14.247491
      vertex 35.409528 22.646389 13.789765
    endloop
  endfacet
  facet normal -0.329749 0.810180 0.484638
    outer loop
      vertex 40.366886 26.817278 12.234760
      vertex 35.551377 24.977823 12.033337
      vertex 35.531618 24.653061 12.562804
    endloop
  endfacet
  facet normal -0.329005 0.808915 0.487250
    outer loop
      vertex 40.366886 26.817278 12.234760
      vertex 35.531618 24.653061 12.562804
      vertex 40.546879 26.568819 12.768781
    endloop
  endfacet
  facet normal 0.414866 -0.770112 -0.484575
    outer loop
      vertex 41.472781 25.290717 13.680786
      vertex 46.699761 28.180261 13.563619
      vertex 47.064812 28.021997 14.127676
    endloop
  endfacet
  facet normal 0.414705 -0.769636 -0.485469
    outer loop
      vertex 41.472781 25.290717 13.680786
      vertex 47.064812 28.021997 14.127676
      vertex 41.659036 25.033612 14.247491
    endloop
  endfacet
  facet normal -0.415549 0.763035 0.495073
    outer loop
      vertex 44.532264 29.119954 12.182035
      vertex 40.366886 26.817278 12.234760
      vertex 40.546879 26.568819 12.768781
    endloop
  endfacet
  facet normal -0.415825 0.763313 0.494411
    outer loop
      vertex 44.532264 29.119954 12.182035
      vertex 40.546879 26.568819 12.768781
      vertex 44.885040 28.967012 12.714864
    endloop
  endfacet
  facet normal 0.397118 -0.787262 -0.471716
    outer loop
      vertex 46.699761 28.180261 13.563619
      vertex 50.956879 30.709537 12.926318
      vertex 51.467550 30.637790 13.475970
    endloop
  endfacet
  facet normal 0.395876 -0.785022 -0.476468
    outer loop
      vertex 46.699761 28.180261 13.563619
      vertex 51.467550 30.637790 13.475970
      vertex 47.064812 28.021997 14.127676
    endloop
  endfacet
  facet normal -0.413123 0.765525 0.493256
    outer loop
      vertex 47.924758 31.135533 11.895250
      vertex 44.532264 29.119954 12.182035
      vertex 44.885040 28.967012 12.714864
    endloop
  endfacet
  facet normal -0.414853 0.766704 0.489961
    outer loop
      vertex 47.924758 31.135533 11.895250
      vertex 44.885040 28.967012 12.714864
      vertex 48.418259 31.066199 12.421597
    endloop
  endfacet
  facet normal 0.389058 -0.797900 -0.460423
    outer loop
      vertex 50.956879 30.709537 12.926318
      vertex 54.708612 32.847258 12.391927
      vertex 55.347616 32.848635 12.929500
    endloop
  endfacet
  facet normal 0.388128 -0.795986 -0.464503
    outer loop
      vertex 50.956879 30.709537 12.926318
      vertex 55.347616 32.848635 12.929500
      vertex 51.467550 30.637790 13.475970
    endloop
  endfacet
  facet normal -0.404334 0.777587 0.481532
    outer loop
      vertex 50.914512 32.839082 11.654774
      vertex 47.924758 31.135533 11.895250
      vertex 48.418259 31.066199 12.421597
    endloop
  endfacet
  facet normal -0.405723 0.778439 0.478980
    outer loop
      vertex 50.914512 32.839082 11.654774
      vertex 48.418259 31.066199 12.421597
      vertex 51.532031 32.840413 12.175685
    endloop
  endfacet
  facet normal 0.409795 -0.772913 -0.484432
    outer loop
      vertex 54.708612 32.847258 12.391927
      vertex 58.168771 34.724077 12.324506
      vertex 58.926135 34.789653 12.860555
    endloop
  endfacet
  facet normal 0.409709 -0.772580 -0.485035
    outer loop
      vertex 54.708612 32.847258 12.391927
      vertex 58.926135 34.789653 12.860555
      vertex 55.347616 32.848635 12.929500
    endloop
  endfacet
  facet normal -0.412327 0.770054 0.486830
    outer loop
      vertex 53.671911 34.334718 11.624435
      vertex 50.914512 32.839082 11.654774
      vertex 51.532031 32.840413 12.175685
    endloop
  endfacet
  facet normal -0.412490 0.770169 0.486509
    outer loop
      vertex 53.671911 34.334718 11.624435
      vertex 51.532031 32.840413 12.175685
      vertex 54.403810 34.398089 12.144660
    endloop
  endfacet
  facet normal 0.321293 0.771418 -0.549259
    outer loop
      vertex 58.168771 34.724077 12.324506
      vertex 55.253534 35.994986 12.404173
      vertex 55.911178 36.104035 12.942023
    endloop
  endfacet
  facet normal 0.321581 0.771661 -0.548748
    outer loop
      vertex 58.168771 34.724077 12.324506
      vertex 55.911178 36.104035 12.942023
      vertex 58.926135 34.789653 12.860555
    endloop
  endfacet
  facet normal -0.326016 -0.767366 0.552144
    outer loop
      vertex 51.348761 35.347504 11.660285
      vertex 53.671911 34.334718 11.624435
      vertex 54.403810 34.398089 12.144660
    endloop
  endfacet
  facet normal -0.325982 -0.766954 0.552736
    outer loop
      vertex 51.348761 35.347504 11.660285
      vertex 54.403810 34.398089 12.144660
      vertex 51.984293 35.452887 12.181320
    endloop
  endfacet
  facet normal 0.363206 0.722576 -0.588188
    outer loop
      vertex 55.253534 35.994986 12.404173
      vertex 52.136642 37.406718 12.213774
      vertex 52.687668 37.564058 12.747320
    endloop
  endfacet
  facet normal 0.362522 0.721766 -0.589603
    outer loop
      vertex 55.253534 35.994986 12.404173
      vertex 52.687668 37.564058 12.747320
      vertex 55.911178 36.104035 12.942023
    endloop
  endfacet
  facet normal -0.352864 -0.734970 0.579057
    outer loop
      vertex 48.864911 36.472513 11.574605
      vertex 51.348761 35.347504 11.660285
      vertex 51.984293 35.452887 12.181320
    endloop
  endfacet
  facet normal -0.352940 -0.736043 0.577645
    outer loop
      vertex 48.864911 36.472513 11.574605
      vertex 51.984293 35.452887 12.181320
      vertex 49.397410 36.624562 12.093704
    endloop
  endfacet
  facet normal 0.378018 0.708618 -0.595788
    outer loop
      vertex 52.136642 37.406718 12.213774
      vertex 48.723779 38.994961 11.937391
      vertex 49.158064 39.206628 12.464690
    endloop
  endfacet
  facet normal 0.377038 0.707301 -0.597969
    outer loop
      vertex 52.136642 37.406718 12.213774
      vertex 49.158064 39.206628 12.464690
      vertex 52.687668 37.564058 12.747320
    endloop
  endfacet
  facet normal -0.363898 -0.724423 0.585483
    outer loop
      vertex 46.145202 37.738182 11.450233
      vertex 48.864911 36.472513 11.574605
      vertex 49.397410 36.624562 12.093704
    endloop
  endfacet
  facet normal -0.364029 -0.725935 0.583525
    outer loop
      vertex 46.145202 37.738182 11.450233
      vertex 49.397410 36.624562 12.093704
      vertex 46.564885 37.942733 11.966521
    endloop
  endfacet
  facet normal 0.318823 0.757975 -0.569057
    outer loop
      vertex 48.723779 38.994961 11.937391
      vertex 44.858639 40.753150 12.113766
      vertex 45.160712 41.024959 12.645052
    endloop
  endfacet
  facet normal 0.319506 0.758702 -0.567703
    outer loop
      vertex 48.723779 38.994961 11.937391
      vertex 45.160712 41.024959 12.645052
      vertex 49.158064 39.206628 12.464690
    endloop
  endfacet
  facet normal -0.329004 -0.755373 0.566717
    outer loop
      vertex 43.065074 39.139283 11.529602
      vertex 46.145202 37.738182 11.450233
      vertex 46.564885 37.942733 11.966521
    endloop
  endfacet
  facet normal -0.328871 -0.754564 0.567871
    outer loop
      vertex 43.065074 39.139283 11.529602
      vertex 46.564885 37.942733 11.966521
      vertex 43.356991 39.401952 12.047683
    endloop
  endfacet
  facet normal 0.227385 0.804282 -0.549024
    outer loop
      vertex 44.858639 40.753150 12.113766
      vertex 40.406631 42.482380 12.803114
      vertex 40.556417 42.813339 13.349981
    endloop
  endfacet
  facet normal 0.230213 0.807038 -0.543776
    outer loop
      vertex 44.858639 40.753150 12.113766
      vertex 40.556417 42.813339 13.349981
      vertex 45.160712 41.024959 12.645052
    endloop
  endfacet
  facet normal -0.260385 -0.794028 0.549290
    outer loop
      vertex 39.517272 40.517305 11.839808
      vertex 43.065074 39.139283 11.529602
      vertex 43.356991 39.401952 12.047683
    endloop
  endfacet
  facet normal -0.259808 -0.791245 0.553562
    outer loop
      vertex 39.517272 40.517305 11.839808
      vertex 43.356991 39.401952 12.047683
      vertex 39.662022 40.837136 12.364902
    endloop
  endfacet
  facet normal 0.153824 0.822786 -0.547139
    outer loop
      vertex 40.406631 42.482380 12.803114
      vertex 35.650234 43.776290 13.411672
      vertex 35.637322 44.151509 13.972295
    endloop
  endfacet
  facet normal 0.155970 0.825556 -0.542338
    outer loop
      vertex 40.406631 42.482380 12.803114
      vertex 35.637322 44.151509 13.972295
      vertex 40.556417 42.813339 13.349981
    endloop
  endfacet
  facet normal -0.182558 -0.816535 0.547671
    outer loop
      vertex 35.726902 41.548421 12.113659
      vertex 39.517272 40.517305 11.839808
      vertex 39.662022 40.837136 12.364902
    endloop
  endfacet
  facet normal -0.182353 -0.814104 0.551346
    outer loop
      vertex 35.726902 41.548421 12.113659
      vertex 39.662022 40.837136 12.364902
      vertex 35.714424 41.911024 12.644943
    endloop
  endfacet
  facet normal 0.144733 0.823593 -0.548404
    outer loop
      vertex 35.650234 43.776290 13.411672
      vertex 31.204810 44.587791 13.457162
      vertex 31.039836 44.990768 14.018813
    endloop
  endfacet
  facet normal 0.144841 0.823818 -0.548037
    outer loop
      vertex 35.650234 43.776290 13.411672
      vertex 31.039836 44.990768 14.018813
      vertex 35.637322 44.151509 13.972295
    endloop
  endfacet
  facet normal -0.146239 -0.818680 0.555317
    outer loop
      vertex 32.184346 42.195106 12.134130
      vertex 35.726902 41.548421 12.113659
      vertex 35.714424 41.911024 12.644943
    endloop
  endfacet
  facet normal -0.146262 -0.818497 0.555580
    outer loop
      vertex 32.184346 42.195106 12.134130
      vertex 35.714424 41.911024 12.644943
      vertex 32.024919 42.584534 12.665876
    endloop
  endfacet
  facet normal 0.165794 0.825102 -0.540110
    outer loop
      vertex 31.204810 44.587791 13.457162
      vertex 27.267993 45.191662 13.171209
      vertex 26.968355 45.615295 13.726397
    endloop
  endfacet
  facet normal 0.165302 0.823681 -0.542426
    outer loop
      vertex 31.204810 44.587791 13.457162
      vertex 26.968355 45.615295 13.726397
      vertex 31.039836 44.990768 14.018813
    endloop
  endfacet
  facet normal -0.148318 -0.818530 0.554987
    outer loop
      vertex 29.047099 42.676330 12.005451
      vertex 32.184346 42.195106 12.134130
      vertex 32.024919 42.584534 12.665876
    endloop
  endfacet
  facet normal -0.148012 -0.819623 0.553453
    outer loop
      vertex 29.047099 42.676330 12.005451
      vertex 32.024919 42.584534 12.665876
      vertex 28.757535 43.085720 12.534289
    endloop
  endfacet
  facet normal -0.721631 0.305406 -0.621269
    outer loop
      vertex 27.267993 45.191662 13.171209
      vertex 26.044970 42.107871 13.075858
      vertex 25.703497 42.426020 13.628890
    endloop
  endfacet
  facet normal -0.721178 0.305033 -0.621978
    outer loop
      vertex 27.267993 45.191662 13.171209
      vertex 25.703497 42.426020 13.628890
      vertex 26.968355 45.615295 13.726397
    endloop
  endfacet
  facet normal 0.721698 -0.297139 0.625188
    outer loop
      vertex 28.072473 40.218859 11.962543
      vertex 29.047099 42.676330 12.005451
      vertex 28.757535 43.085720 12.534289
    endloop
  endfacet
  facet normal 0.722234 -0.297143 0.624566
    outer loop
      vertex 28.072473 40.218859 11.962543
      vertex 28.757535 43.085720 12.534289
      vertex 27.742481 40.526310 12.490411
    endloop
  endfacet
  facet normal -0.754328 0.246010 -0.608662
    outer loop
      vertex 26.044970 42.107871 13.075858
      vertex 24.857225 38.732043 13.183410
      vertex 24.475123 38.934717 13.738874
    endloop
  endfacet
  facet normal -0.754843 0.246434 -0.607851
    outer loop
      vertex 26.044970 42.107871 13.075858
      vertex 24.475123 38.934717 13.738874
      vertex 25.703497 42.426020 13.628890
    endloop
  endfacet
  facet normal 0.747769 -0.252043 0.614261
    outer loop
      vertex 27.125959 37.528664 12.010942
      vertex 28.072473 40.218859 11.962543
      vertex 27.742481 40.526310 12.490411
    endloop
  endfacet
  facet normal 0.747217 -0.252037 0.614934
    outer loop
      vertex 27.125959 37.528664 12.010942
      vertex 27.742481 40.526310 12.490411
      vertex 26.756705 37.724523 12.539903
    endloop
  endfacet
  facet normal -0.757043 0.241989 -0.606899
    outer loop
      vertex 24.857225 38.732043 13.183410
      vertex 23.844112 35.134633 13.012769
      vertex 23.427356 35.214253 13.564375
    endloop
  endfacet
  facet normal -0.756128 0.241471 -0.608245
    outer loop
      vertex 24.857225 38.732043 13.183410
      vertex 23.427356 35.214253 13.564375
      vertex 24.475123 38.934717 13.738874
    endloop
  endfacet
  facet normal 0.756202 -0.229378 0.612817
    outer loop
      vertex 26.318610 34.661889 11.934153
      vertex 27.125959 37.528664 12.010942
      vertex 26.756705 37.724523 12.539903
    endloop
  endfacet
  facet normal 0.757066 -0.229297 0.611780
    outer loop
      vertex 26.318610 34.661889 11.934153
      vertex 26.756705 37.724523 12.539903
      vertex 25.915867 34.738832 12.461379
    endloop
  endfacet
  facet normal -0.756174 0.259209 -0.600842
    outer loop
      vertex 23.844112 35.134633 13.012769
      vertex 23.099068 31.514780 12.388785
      vertex 22.656827 31.470578 12.926287
    endloop
  endfacet
  facet normal -0.752545 0.258151 -0.605834
    outer loop
      vertex 23.844112 35.134633 13.012769
      vertex 22.656827 31.470578 12.926287
      vertex 23.427356 35.214253 13.564375
    endloop
  endfacet
  facet normal 0.760418 -0.216123 0.612418
    outer loop
      vertex 25.724885 31.777231 11.653360
      vertex 26.318610 34.661889 11.934153
      vertex 25.915867 34.738832 12.461379
    endloop
  endfacet
  facet normal 0.763534 -0.215339 0.608806
    outer loop
      vertex 25.724885 31.777231 11.653360
      vertex 25.915867 34.738832 12.461379
      vertex 25.297513 31.734515 12.174239
    endloop
  endfacet
  facet normal -0.766393 0.214694 -0.605432
    outer loop
      vertex 23.099068 31.514780 12.388785
      vertex 22.586233 28.070581 11.816604
      vertex 22.126450 27.908565 12.341173
    endloop
  endfacet
  facet normal -0.762913 0.213818 -0.610119
    outer loop
      vertex 23.099068 31.514780 12.388785
      vertex 22.126450 27.908565 12.341173
      vertex 22.656827 31.470578 12.926287
    endloop
  endfacet
  facet normal 0.768411 -0.172235 0.616343
    outer loop
      vertex 25.316207 29.032550 11.395879
      vertex 25.724885 31.777231 11.653360
      vertex 25.297513 31.734515 12.174239
    endloop
  endfacet
  facet normal 0.771151 -0.171303 0.613173
    outer loop
      vertex 25.316207 29.032550 11.395879
      vertex 25.297513 31.734515 12.174239
      vertex 24.871883 28.875982 11.910938
    endloop
  endfacet
  facet normal -0.761963 0.084981 -0.642020
    outer loop
      vertex 22.586233 28.070581 11.816604
      vertex 22.206290 24.881048 11.845347
      vertex 21.733510 24.609931 12.370566
    endloop
  endfacet
  facet normal -0.762169 0.085073 -0.641764
    outer loop
      vertex 22.586233 28.070581 11.816604
      vertex 21.733510 24.609931 12.370566
      vertex 22.126450 27.908565 12.341173
    endloop
  endfacet
  facet normal 0.767337 -0.088175 0.635153
    outer loop
      vertex 25.013431 26.490814 11.408813
      vertex 25.316207 29.032550 11.395879
      vertex 24.871883 28.875982 11.910938
    endloop
  endfacet
  facet normal 0.767201 -0.088216 0.635312
    outer loop
      vertex 25.013431 26.490814 11.408813
      vertex 24.871883 28.875982 11.910938
      vertex 24.556547 26.228812 11.924165
    endloop
  endfacet
  facet normal -0.730646 -0.032754 -0.681970
    outer loop
      vertex 22.206290 24.881048 11.845347
      vertex 21.882087 21.933631 12.334248
      vertex 21.398217 21.561693 12.870517
    endloop
  endfacet
  facet normal -0.735087 -0.030230 -0.677299
    outer loop
      vertex 22.206290 24.881048 11.845347
      vertex 21.398217 21.561693 12.870517
      vertex 21.733510 24.609931 12.370566
    endloop
  endfacet
  facet normal 0.753465 -0.021325 0.657142
    outer loop
      vertex 24.755074 24.142019 11.628818
      vertex 25.013431 26.490814 11.408813
      vertex 24.556547 26.228812 11.924165
    endloop
  endfacet
  facet normal 0.751091 -0.021932 0.659834
    outer loop
      vertex 24.755074 24.142019 11.628818
      vertex 24.556547 26.228812 11.924165
      vertex 24.287473 23.782586 12.149143
    endloop
  endfacet
  facet normal -0.738553 -0.003810 -0.674185
    outer loop
      vertex 21.882087 21.933631 12.334248
      vertex 21.573681 19.187052 12.687621
      vertex 21.079262 18.721164 13.231878
    endloop
  endfacet
  facet normal -0.741746 -0.002032 -0.670678
    outer loop
      vertex 21.882087 21.933631 12.334248
      vertex 21.079262 18.721164 13.231878
      vertex 21.398217 21.561693 12.870517
    endloop
  endfacet
  facet normal 0.755973 -0.037406 0.653533
    outer loop
      vertex 24.509305 21.953271 11.787836
      vertex 24.755074 24.142019 11.628818
      vertex 24.287473 23.782586 12.149143
    endloop
  endfacet
  facet normal 0.754375 -0.037957 0.655345
    outer loop
      vertex 24.509305 21.953271 11.787836
      vertex 24.287473 23.782586 12.149143
      vertex 24.031509 21.503048 12.311755
    endloop
  endfacet
  facet normal 0.272720 -0.939357 -0.207923
    outer loop
      vertex 21.079262 18.721164 13.231878
      vertex 25.203394 19.914956 13.247918
      vertex 25.074198 19.761081 13.773639
    endloop
  endfacet
  facet normal 0.272718 -0.939363 -0.207899
    outer loop
      vertex 21.079262 18.721164 13.231878
      vertex 25.074198 19.761081 13.773639
      vertex 20.900842 18.553040 13.757475
    endloop
  endfacet
  facet normal -0.272354 0.939316 0.208587
    outer loop
      vertex 27.341146 22.461072 12.318973
      vertex 24.031509 21.503048 12.311755
      vertex 23.855015 21.336738 12.830236
    endloop
  endfacet
  facet normal -0.272350 0.939313 0.208607
    outer loop
      vertex 27.341146 22.461072 12.318973
      vertex 23.855015 21.336738 12.830236
      vertex 27.213344 22.308857 12.837510
    endloop
  endfacet
  facet normal 0.255109 -0.943052 -0.213477
    outer loop
      vertex 25.203394 19.914956 13.247918
      vertex 29.867452 21.157473 13.332637
      vertex 29.793925 21.018428 13.859013
    endloop
  endfacet
  facet normal 0.255099 -0.943085 -0.213344
    outer loop
      vertex 25.203394 19.914956 13.247918
      vertex 29.793925 21.018428 13.859013
      vertex 25.074198 19.761081 13.773639
    endloop
  endfacet
  facet normal -0.253476 0.943278 0.214423
    outer loop
      vertex 31.084075 23.458198 12.357097
      vertex 27.341146 22.461072 12.318973
      vertex 27.213344 22.308857 12.837510
    endloop
  endfacet
  facet normal -0.253457 0.943258 0.214531
    outer loop
      vertex 31.084075 23.458198 12.357097
      vertex 27.213344 22.308857 12.837510
      vertex 31.011342 23.320653 12.875928
    endloop
  endfacet
  facet normal 0.269815 -0.939455 -0.211243
    outer loop
      vertex 29.867452 21.157473 13.332637
      vertex 35.409528 22.646389 13.789765
      vertex 35.402149 22.525116 14.319677
    endloop
  endfacet
  facet normal 0.269734 -0.939638 -0.210532
    outer loop
      vertex 29.867452 21.157473 13.332637
      vertex 35.402149 22.525116 14.319677
      vertex 29.793925 21.018428 13.859013
    endloop
  endfacet
  facet normal -0.262683 0.941151 0.212678
    outer loop
      vertex 35.531618 24.653061 12.562804
      vertex 31.084075 23.458198 12.357097
      vertex 31.011342 23.320653 12.875928
    endloop
  endfacet
  facet normal -0.262613 0.941043 0.213241
    outer loop
      vertex 35.531618 24.653061 12.562804
      vertex 31.011342 23.320653 12.875928
      vertex 35.524319 24.533096 13.083227
    endloop
  endfacet
  facet normal 0.362339 -0.909484 -0.203836
    outer loop
      vertex 35.409528 22.646389 13.789765
      vertex 41.659036 25.033612 14.247491
      vertex 41.726250 24.940832 14.780944
    endloop
  endfacet
  facet normal 0.362293 -0.909659 -0.203137
    outer loop
      vertex 35.409528 22.646389 13.789765
      vertex 41.726250 24.940832 14.780944
      vertex 35.402149 22.525116 14.319677
    endloop
  endfacet
  facet normal -0.356591 0.911468 0.205106
    outer loop
      vertex 40.546879 26.568819 12.768781
      vertex 35.531618 24.653061 12.562804
      vertex 35.524319 24.533096 13.083227
    endloop
  endfacet
  facet normal -0.356520 0.911375 0.205645
    outer loop
      vertex 40.546879 26.568819 12.768781
      vertex 35.524319 24.533096 13.083227
      vertex 40.613367 26.477039 13.290797
    endloop
  endfacet
  facet normal 0.469668 -0.857943 -0.208198
    outer loop
      vertex 41.659036 25.033612 14.247491
      vertex 47.064812 28.021997 14.127676
      vertex 47.196547 27.964885 14.660202
    endloop
  endfacet
  facet normal 0.469660 -0.857901 -0.208386
    outer loop
      vertex 41.659036 25.033612 14.247491
      vertex 47.196547 27.964885 14.660202
      vertex 41.726250 24.940832 14.780944
    endloop
  endfacet
  facet normal -0.470951 0.856652 0.210599
    outer loop
      vertex 44.885040 28.967012 12.714864
      vertex 40.546879 26.568819 12.768781
      vertex 40.613367 26.477039 13.290797
    endloop
  endfacet
  facet normal -0.470981 0.856671 0.210456
    outer loop
      vertex 44.885040 28.967012 12.714864
      vertex 40.613367 26.477039 13.290797
      vertex 45.015354 28.910516 13.236463
    endloop
  endfacet
  facet normal 0.476577 -0.854070 -0.208420
    outer loop
      vertex 47.064812 28.021997 14.127676
      vertex 51.467550 30.637790 13.475970
      vertex 51.651835 30.611899 14.003455
    endloop
  endfacet
  facet normal 0.476448 -0.853892 -0.209441
    outer loop
      vertex 47.064812 28.021997 14.127676
      vertex 51.651835 30.611899 14.003455
      vertex 47.196547 27.964885 14.660202
    endloop
  endfacet
  facet normal -0.485896 0.847615 0.213201
    outer loop
      vertex 48.418259 31.066199 12.421597
      vertex 44.885040 28.967012 12.714864
      vertex 45.015354 28.910516 13.236463
    endloop
  endfacet
  facet normal -0.486118 0.847678 0.212442
    outer loop
      vertex 48.418259 31.066199 12.421597
      vertex 45.015354 28.910516 13.236463
      vertex 48.600555 31.040587 12.940927
    endloop
  endfacet
  facet normal 0.462977 -0.862761 -0.203211
    outer loop
      vertex 51.467550 30.637790 13.475970
      vertex 55.347616 32.848635 12.929500
      vertex 55.578212 32.849132 13.452758
    endloop
  endfacet
  facet normal 0.462890 -0.862608 -0.204058
    outer loop
      vertex 51.467550 30.637790 13.475970
      vertex 55.578212 32.849132 13.452758
      vertex 51.651835 30.611899 14.003455
    endloop
  endfacet
  facet normal -0.471810 0.856846 0.207872
    outer loop
      vertex 51.532031 32.840413 12.175685
      vertex 48.418259 31.066199 12.421597
      vertex 48.600555 31.040587 12.940927
    endloop
  endfacet
  facet normal -0.471996 0.856890 0.207265
    outer loop
      vertex 51.532031 32.840413 12.175685
      vertex 48.600555 31.040587 12.940927
      vertex 51.760139 32.840904 12.693113
    endloop
  endfacet
  facet normal 0.463783 -0.862271 -0.203454
    outer loop
      vertex 55.347616 32.848635 12.929500
      vertex 58.926135 34.789653 12.860555
      vertex 59.199443 34.813317 13.383281
    endloop
  endfacet
  facet normal 0.463783 -0.862245 -0.203567
    outer loop
      vertex 55.347616 32.848635 12.929500
      vertex 59.199443 34.813317 13.383281
      vertex 55.578212 32.849132 13.452758
    endloop
  endfacet
  facet normal -0.465036 0.861422 0.204192
    outer loop
      vertex 54.403810 34.398089 12.144660
      vertex 51.532031 32.840413 12.175685
      vertex 51.760139 32.840904 12.693113
    endloop
  endfacet
  facet normal -0.465056 0.861429 0.204117
    outer loop
      vertex 54.403810 34.398089 12.144660
      vertex 51.760139 32.840904 12.693113
      vertex 54.674169 34.421498 12.661848
    endloop
  endfacet
  facet normal 0.382431 0.892135 -0.240501
    outer loop
      vertex 58.926135 34.789653 12.860555
      vertex 55.911178 36.104035 12.942023
      vertex 56.148501 36.143388 13.465378
    endloop
  endfacet
  facet normal 0.382471 0.892155 -0.240364
    outer loop
      vertex 58.926135 34.789653 12.860555
      vertex 56.148501 36.143388 13.465378
      vertex 59.199443 34.813317 13.383281
    endloop
  endfacet
  facet normal -0.384730 -0.890893 0.241440
    outer loop
      vertex 51.984293 35.452887 12.181320
      vertex 54.403810 34.398089 12.144660
      vertex 54.674169 34.421498 12.661848
    endloop
  endfacet
  facet normal -0.384738 -0.890857 0.241560
    outer loop
      vertex 51.984293 35.452887 12.181320
      vertex 54.674169 34.421498 12.661848
      vertex 52.219054 35.491815 12.698792
    endloop
  endfacet
  facet normal 0.411845 0.875658 -0.252205
    outer loop
      vertex 55.911178 36.104035 12.942023
      vertex 52.687668 37.564058 12.747320
      vertex 52.886516 37.620836 13.269170
    endloop
  endfacet
  facet normal 0.411772 0.875589 -0.252561
    outer loop
      vertex 55.911178 36.104035 12.942023
      vertex 52.886516 37.620836 13.269170
      vertex 56.148501 36.143388 13.465378
    endloop
  endfacet
  facet normal -0.406456 -0.878661 0.250495
    outer loop
      vertex 49.397410 36.624562 12.093704
      vertex 51.984293 35.452887 12.181320
      vertex 52.219054 35.491815 12.698792
    endloop
  endfacet
  facet normal -0.406431 -0.878757 0.250200
    outer loop
      vertex 49.397410 36.624562 12.093704
      vertex 52.219054 35.491815 12.698792
      vertex 49.594112 36.680728 12.610498
    endloop
  endfacet
  facet normal 0.424647 0.868494 -0.255722
    outer loop
      vertex 52.687668 37.564058 12.747320
      vertex 49.158064 39.206628 12.464690
      vertex 49.314783 39.283012 12.984354
    endloop
  endfacet
  facet normal 0.424553 0.868382 -0.256256
    outer loop
      vertex 52.687668 37.564058 12.747320
      vertex 49.314783 39.283012 12.984354
      vertex 52.886516 37.620836 13.269170
    endloop
  endfacet
  facet normal -0.417454 -0.872558 0.253722
    outer loop
      vertex 46.564885 37.942733 11.966521
      vertex 49.397410 36.624562 12.093704
      vertex 49.594112 36.680728 12.610498
    endloop
  endfacet
  facet normal -0.417422 -0.872697 0.253296
    outer loop
      vertex 46.564885 37.942733 11.966521
      vertex 49.594112 36.680728 12.610498
      vertex 46.719913 38.018292 12.482331
    endloop
  endfacet
  facet normal 0.391728 0.885830 -0.248705
    outer loop
      vertex 49.158064 39.206628 12.464690
      vertex 45.160712 41.024959 12.645052
      vertex 45.269720 41.123046 13.166110
    endloop
  endfacet
  facet normal 0.391814 0.885884 -0.248377
    outer loop
      vertex 49.158064 39.206628 12.464690
      vertex 45.269720 41.123046 13.166110
      vertex 49.314783 39.283012 12.984354
    endloop
  endfacet
  facet normal -0.395856 -0.884057 0.248479
    outer loop
      vertex 43.356991 39.401952 12.047683
      vertex 46.564885 37.942733 11.966521
      vertex 46.719913 38.018292 12.482331
    endloop
  endfacet
  facet normal -0.395859 -0.883982 0.248738
    outer loop
      vertex 43.356991 39.401952 12.047683
      vertex 46.719913 38.018292 12.482331
      vertex 43.464823 39.498980 12.564122
    endloop
  endfacet
  facet normal 0.319179 0.916620 -0.240692
    outer loop
      vertex 45.160712 41.024959 12.645052
      vertex 40.556417 42.813339 13.349981
      vertex 40.610470 42.932771 13.876492
    endloop
  endfacet
  facet normal 0.319593 0.916802 -0.239445
    outer loop
      vertex 45.160712 41.024959 12.645052
      vertex 40.610470 42.932771 13.876492
      vertex 45.269720 41.123046 13.166110
    endloop
  endfacet
  facet normal -0.333367 -0.911511 0.240861
    outer loop
      vertex 39.662022 40.837136 12.364902
      vertex 43.356991 39.401952 12.047683
      vertex 43.464823 39.498980 12.564122
    endloop
  endfacet
  facet normal -0.333332 -0.911267 0.241830
    outer loop
      vertex 39.662022 40.837136 12.364902
      vertex 43.464823 39.498980 12.564122
      vertex 39.715492 40.955280 12.883793
    endloop
  endfacet
  facet normal 0.226685 0.944276 -0.238655
    outer loop
      vertex 40.556417 42.813339 13.349981
      vertex 35.637322 44.151509 13.972295
      vertex 35.632662 44.286913 14.503619
    endloop
  endfacet
  facet normal 0.227005 0.944479 -0.237548
    outer loop
      vertex 40.556417 42.813339 13.349981
      vertex 35.632662 44.286913 14.503619
      vertex 40.610470 42.932771 13.876492
    endloop
  endfacet
  facet normal -0.239077 -0.941148 0.238921
    outer loop
      vertex 35.714424 41.911024 12.644943
      vertex 39.662022 40.837136 12.364902
      vertex 39.715492 40.955280 12.883793
    endloop
  endfacet
  facet normal -0.239076 -0.940934 0.239762
    outer loop
      vertex 35.714424 41.911024 12.644943
      vertex 39.715492 40.955280 12.883793
      vertex 35.709815 42.044967 13.166000
    endloop
  endfacet
  facet normal 0.171875 0.954946 -0.241943
    outer loop
      vertex 35.637322 44.151509 13.972295
      vertex 31.039836 44.990768 14.018813
      vertex 30.980302 45.136190 14.550497
    endloop
  endfacet
  facet normal 0.171889 0.954965 -0.241859
    outer loop
      vertex 35.637322 44.151509 13.972295
      vertex 30.980302 45.136190 14.550497
      vertex 35.632662 44.286913 14.503619
    endloop
  endfacet
  facet normal -0.172823 -0.954307 0.243785
    outer loop
      vertex 32.024919 42.584534 12.665876
      vertex 35.714424 41.911024 12.644943
      vertex 35.709815 42.044967 13.166000
    endloop
  endfacet
  facet normal -0.172829 -0.954289 0.243848
    outer loop
      vertex 32.024919 42.584534 12.665876
      vertex 35.709815 42.044967 13.166000
      vertex 31.966028 42.728386 13.187095
    endloop
  endfacet
  facet normal 0.164087 0.956153 -0.242585
    outer loop
      vertex 31.039836 44.990768 14.018813
      vertex 26.968355 45.615295 13.726397
      vertex 26.860225 45.768171 14.255819
    endloop
  endfacet
  facet normal 0.164034 0.956027 -0.243117
    outer loop
      vertex 31.039836 44.990768 14.018813
      vertex 26.860225 45.768171 14.255819
      vertex 30.980302 45.136190 14.550497
    endloop
  endfacet
  facet normal -0.156630 -0.956459 0.246277
    outer loop
      vertex 28.757535 43.085720 12.534289
      vertex 32.024919 42.584534 12.665876
      vertex 31.966028 42.728386 13.187095
    endloop
  endfacet
  facet normal -0.156563 -0.956570 0.245889
    outer loop
      vertex 28.757535 43.085720 12.534289
      vertex 31.966028 42.728386 13.187095
      vertex 28.650573 43.236945 13.054491
    endloop
  endfacet
  facet normal -0.887900 0.360862 -0.285327
    outer loop
      vertex 26.968355 45.615295 13.726397
      vertex 25.703497 42.426020 13.628890
      vertex 25.580271 42.540829 14.157558
    endloop
  endfacet
  facet normal -0.887856 0.360814 -0.285525
    outer loop
      vertex 26.968355 45.615295 13.726397
      vertex 25.580271 42.540829 14.157558
      vertex 26.860225 45.768171 14.255819
    endloop
  endfacet
  facet normal 0.888854 -0.357432 0.286672
    outer loop
      vertex 27.742481 40.526310 12.490411
      vertex 28.757535 43.085720 12.534289
      vertex 28.650573 43.236945 13.054491
    endloop
  endfacet
  facet normal 0.888911 -0.357418 0.286513
    outer loop
      vertex 27.742481 40.526310 12.490411
      vertex 28.650573 43.236945 13.054491
      vertex 27.620585 40.639881 13.010273
    endloop
  endfacet
  facet normal -0.908446 0.310821 -0.279493
    outer loop
      vertex 25.703497 42.426020 13.628890
      vertex 24.475123 38.934717 13.738874
      vertex 24.337235 39.007855 14.268392
    endloop
  endfacet
  facet normal -0.908493 0.310881 -0.279273
    outer loop
      vertex 25.703497 42.426020 13.628890
      vertex 24.337235 39.007855 14.268392
      vertex 25.580271 42.540829 14.157558
    endloop
  endfacet
  facet normal 0.906787 -0.314075 0.281236
    outer loop
      vertex 26.756705 37.724523 12.539903
      vertex 27.742481 40.526310 12.490411
      vertex 27.620585 40.639881 13.010273
    endloop
  endfacet
  facet normal 0.906730 -0.314085 0.281409
    outer loop
      vertex 26.756705 37.724523 12.539903
      vertex 27.620585 40.639881 13.010273
      vertex 26.620305 37.796872 13.060149
    endloop
  endfacet
  facet normal -0.921372 0.272480 -0.277180
    outer loop
      vertex 24.475123 38.934717 13.738874
      vertex 23.427356 35.214253 13.564375
      vertex 23.276962 35.242985 14.092544
    endloop
  endfacet
  facet normal -0.921284 0.272418 -0.277532
    outer loop
      vertex 24.475123 38.934717 13.738874
      vertex 23.276962 35.242985 14.092544
      vertex 24.337235 39.007855 14.268392
    endloop
  endfacet
  facet normal 0.922400 -0.267106 0.278984
    outer loop
      vertex 25.915867 34.738832 12.461379
      vertex 26.756705 37.724523 12.539903
      vertex 26.620305 37.796872 13.060149
    endloop
  endfacet
  facet normal 0.922491 -0.267074 0.278715
    outer loop
      vertex 25.915867 34.738832 12.461379
      vertex 26.620305 37.796872 13.060149
      vertex 25.767096 34.767254 12.981017
    endloop
  endfacet
  facet normal -0.930846 0.238740 -0.276638
    outer loop
      vertex 23.427356 35.214253 13.564375
      vertex 22.656827 31.470578 12.926287
      vertex 22.497236 31.454627 13.449521
    endloop
  endfacet
  facet normal -0.930474 0.238687 -0.277933
    outer loop
      vertex 23.427356 35.214253 13.564375
      vertex 22.497236 31.454627 13.449521
      vertex 23.276962 35.242985 14.092544
    endloop
  endfacet
  facet normal 0.934775 -0.219121 0.279609
    outer loop
      vertex 25.297513 31.734515 12.174239
      vertex 25.915867 34.738832 12.461379
      vertex 25.767096 34.767254 12.981017
    endloop
  endfacet
  facet normal 0.935114 -0.218914 0.278636
    outer loop
      vertex 25.297513 31.734515 12.174239
      vertex 25.767096 34.767254 12.981017
      vertex 25.139645 31.718736 12.691656
    endloop
  endfacet
  facet normal -0.941692 0.186248 -0.280229
    outer loop
      vertex 22.656827 31.470578 12.926287
      vertex 22.126450 27.908565 12.341173
      vertex 21.960528 27.850099 12.859881
    endloop
  endfacet
  facet normal -0.941340 0.186203 -0.281440
    outer loop
      vertex 22.656827 31.470578 12.926287
      vertex 21.960528 27.850099 12.859881
      vertex 22.497236 31.454627 13.449521
    endloop
  endfacet
  facet normal 0.944494 -0.166709 0.283089
    outer loop
      vertex 24.871883 28.875982 11.910938
      vertex 25.297513 31.734515 12.174239
      vertex 25.139645 31.718736 12.691656
    endloop
  endfacet
  facet normal 0.944798 -0.166494 0.282201
    outer loop
      vertex 24.871883 28.875982 11.910938
      vertex 25.139645 31.718736 12.691656
      vertex 24.707752 28.818147 12.426319
    endloop
  endfacet
  facet normal -0.950147 0.110586 -0.291532
    outer loop
      vertex 22.126450 27.908565 12.341173
      vertex 21.733510 24.609931 12.370566
      vertex 21.562899 24.512093 12.889501
    endloop
  endfacet
  facet normal -0.950166 0.110599 -0.291467
    outer loop
      vertex 22.126450 27.908565 12.341173
      vertex 21.562899 24.512093 12.889501
      vertex 21.960528 27.850099 12.859881
    endloop
  endfacet
  facet normal 0.950436 -0.111768 0.290138
    outer loop
      vertex 24.556547 26.228812 11.924165
      vertex 24.871883 28.875982 11.910938
      vertex 24.707752 28.818147 12.426319
    endloop
  endfacet
  facet normal 0.950421 -0.111776 0.290183
    outer loop
      vertex 24.556547 26.228812 11.924165
      vertex 24.707752 28.818147 12.426319
      vertex 24.387777 26.132030 12.439648
    endloop
  endfacet
  facet normal -0.951213 0.054831 -0.303623
    outer loop
      vertex 21.733510 24.609931 12.370566
      vertex 21.398217 21.561693 12.870517
      vertex 21.223604 21.427473 13.393320
    endloop
  endfacet
  facet normal -0.951568 0.055272 -0.302428
    outer loop
      vertex 21.733510 24.609931 12.370566
      vertex 21.223604 21.427473 13.393320
      vertex 21.562899 24.512093 12.889501
    endloop
  endfacet
  facet normal 0.951717 -0.077363 0.297069
    outer loop
      vertex 24.287473 23.782586 12.149143
      vertex 24.556547 26.228812 11.924165
      vertex 24.387777 26.132030 12.439648
    endloop
  endfacet
  facet normal 0.951462 -0.077451 0.297863
    outer loop
      vertex 24.287473 23.782586 12.149143
      vertex 24.387777 26.132030 12.439648
      vertex 24.114744 23.649815 12.666366
    endloop
  endfacet
  facet normal -0.951169 0.068516 -0.300969
    outer loop
      vertex 21.398217 21.561693 12.870517
      vertex 21.079262 18.721164 13.231878
      vertex 20.900842 18.553040 13.757475
    endloop
  endfacet
  facet normal -0.951422 0.068813 -0.300103
    outer loop
      vertex 21.398217 21.561693 12.870517
      vertex 20.900842 18.553040 13.757475
      vertex 21.223604 21.427473 13.393320
    endloop
  endfacet
  facet normal 0.951419 -0.085737 0.295721
    outer loop
      vertex 24.031509 21.503048 12.311755
      vertex 24.287473 23.782586 12.149143
      vertex 24.114744 23.649815 12.666366
    endloop
  endfacet
  facet normal 0.951238 -0.085822 0.296280
    outer loop
      vertex 24.031509 21.503048 12.311755
      vertex 24.114744 23.649815 12.666366
      vertex 23.855015 21.336738 12.830236
    endloop
  endfacet
  facet normal -0.035499 0.120031 0.992135
    outer loop
      vertex 29.674432 26.820337 4.307875
      vertex 33.409527 27.855800 4.316245
      vertex 31.427242 27.327714 4.309207
    endloop
  endfacet
  facet normal -0.230684 0.827984 0.511104
    outer loop
      vertex 29.674432 26.820337 4.307875
      vertex 35.764981 28.488609 4.354220
      vertex 33.409527 27.855800 4.316245
    endloop
  endfacet
  facet normal -0.009369 0.061932 -0.998036
    outer loop
      vertex 29.674432 26.820337 4.307875
      vertex 38.421103 29.503210 4.392244
      vertex 35.764981 28.488609 4.354220
    endloop
  endfacet
  facet normal 0.027015 -0.056690 -0.998026
    outer loop
      vertex 29.674432 26.820337 4.307875
      vertex 40.718628 30.773312 4.382291
      vertex 38.421103 29.503210 4.392244
    endloop
  endfacet
  facet normal 0.059999 -0.149051 -0.987008
    outer loop
      vertex 29.674432 26.820337 4.307875
      vertex 42.589849 31.885058 4.328152
      vertex 40.718628 30.773312 4.382291
    endloop
  endfacet
  facet normal 0.064800 -0.161302 -0.984775
    outer loop
      vertex 29.674432 26.820337 4.307875
      vertex 44.238928 32.824696 4.282756
      vertex 42.589849 31.885058 4.328152
    endloop
  endfacet
  facet normal 0.004740 -0.015680 -0.999866
    outer loop
      vertex 29.674432 26.820337 4.307875
      vertex 45.759844 33.649654 4.277029
      vertex 44.238928 32.824696 4.282756
    endloop
  endfacet
  facet normal -0.003577 0.003909 -0.999986
    outer loop
      vertex 29.674432 26.820337 4.307875
      vertex 44.478449 34.208283 4.283796
      vertex 45.759844 33.649654 4.277029
    endloop
  endfacet
  facet normal 0.005414 -0.014108 -0.999886
    outer loop
      vertex 29.674432 26.820337 4.307875
      vertex 43.108415 34.828812 4.267622
      vertex 44.478449 34.208283 4.283796
    endloop
  endfacet
  facet normal 0.007475 -0.017564 -0.999818
    outer loop
      vertex 29.674432 26.820337 4.307875
      vertex 41.608287 35.526925 4.244143
      vertex 43.108415 34.828812 4.267622
    endloop
  endfacet
  facet normal -0.007483 0.002937 -0.999968
    outer loop
      vertex 29.674432 26.820337 4.307875
      vertex 39.909361 36.299740 4.259126
      vertex 41.608287 35.526925 4.244143
    endloop
  endfacet
  facet normal -0.022481 0.019132 -0.999564
    outer loop
      vertex 29.674432 26.820337 4.307875
      vertex 37.952476 37.059824 4.317686
      vertex 39.909361 36.299740 4.259126
    endloop
  endfacet
  facet normal -0.020049 0.017166 -0.999652
    outer loop
      vertex 29.674432 26.820337 4.307875
      vertex 35.861797 37.628564 4.369383
      vertex 37.952476 37.059824 4.317686
    endloop
  endfacet
  facet normal -0.000850 0.006177 -0.999981
    outer loop
      vertex 29.674432 26.820337 4.307875
      vertex 33.907805 37.985260 4.373247
      vertex 35.861797 37.628564 4.369383
    endloop
  endfacet
  facet normal 0.014114 0.000503 -0.999900
    outer loop
      vertex 29.674432 26.820337 4.307875
      vertex 32.177373 38.250692 4.348956
      vertex 33.907805 37.985260 4.373247
    endloop
  endfacet
  facet normal 0.013408 0.000658 -0.999910
    outer loop
      vertex 29.674432 26.820337 4.307875
      vertex 31.639792 36.895209 4.340856
      vertex 32.177373 38.250692 4.348956
    endloop
  endfacet
  facet normal -0.060045 0.014981 -0.998083
    outer loop
      vertex 29.674432 26.820337 4.307875
      vertex 31.117717 35.411360 4.349992
      vertex 31.639792 36.895209 4.340856
    endloop
  endfacet
  facet normal 0.037510 -0.001403 -0.999295
    outer loop
      vertex 29.674432 26.820337 4.307875
      vertex 30.672403 33.830114 4.335496
      vertex 31.117717 35.411360 4.349992
    endloop
  endfacet
  facet normal 0.419434 -0.056144 -0.906048
    outer loop
      vertex 29.674432 26.820337 4.307875
      vertex 30.344918 32.239004 4.282489
      vertex 30.672403 33.830114 4.335496
    endloop
  endfacet
  facet normal 0.820933 -0.104209 -0.561435
    outer loop
      vertex 29.674432 26.820337 4.307875
      vertex 30.119500 30.725102 4.233882
      vertex 30.344918 32.239004 4.282489
    endloop
  endfacet
  facet normal 0.951917 -0.113890 -0.284399
    outer loop
      vertex 29.674432 26.820337 4.307875
      vertex 29.952496 29.323140 4.236324
      vertex 30.119500 30.725102 4.233882
    endloop
  endfacet
  facet normal -0.946609 0.113792 0.301634
    outer loop
      vertex 29.674432 26.820337 4.307875
      vertex 29.809992 28.027599 4.277856
      vertex 29.952496 29.323140 4.236324
    endloop
  endfacet
  facet normal -0.129680 0.436082 0.890514
    outer loop
      vertex 20.900842 18.553040 13.757475
      vertex 25.074198 19.761081 13.773639
      vertex 27.213344 22.308857 12.837510
    endloop
  endfacet
  facet normal -0.127042 0.432204 0.892782
    outer loop
      vertex 20.900842 18.553040 13.757475
      vertex 27.213344 22.308857 12.837510
      vertex 23.855015 21.336738 12.830236
    endloop
  endfacet
  facet normal -0.135552 0.448848 0.883267
    outer loop
      vertex 25.074198 19.761081 13.773639
      vertex 29.793925 21.018428 13.859013
      vertex 31.011342 23.320653 12.875928
    endloop
  endfacet
  facet normal -0.124239 0.432449 0.893058
    outer loop
      vertex 25.074198 19.761081 13.773639
      vertex 31.011342 23.320653 12.875928
      vertex 27.213344 22.308857 12.837510
    endloop
  endfacet
  facet normal -0.208181 0.521999 0.827150
    outer loop
      vertex 29.793925 21.018428 13.859013
      vertex 35.402149 22.525116 14.319677
      vertex 35.524319 24.533096 13.083227
    endloop
  endfacet
  facet normal -0.163496 0.459289 0.873111
    outer loop
      vertex 29.793925 21.018428 13.859013
      vertex 35.524319 24.533096 13.083227
      vertex 31.011342 23.320653 12.875928
    endloop
  endfacet
  facet normal -0.271506 0.561524 0.781649
    outer loop
      vertex 35.402149 22.525116 14.319677
      vertex 41.726250 24.940832 14.780944
      vertex 40.613367 26.477039 13.290797
    endloop
  endfacet
  facet normal -0.232233 0.520205 0.821860
    outer loop
      vertex 35.402149 22.525116 14.319677
      vertex 40.613367 26.477039 13.290797
      vertex 35.524319 24.533096 13.083227
    endloop
  endfacet
  facet normal -0.281998 0.541730 0.791837
    outer loop
      vertex 41.726250 24.940832 14.780944
      vertex 47.196547 27.964885 14.660202
      vertex 45.015354 28.910516 13.236463
    endloop
  endfacet
  facet normal -0.293134 0.547754 0.783606
    outer loop
      vertex 41.726250 24.940832 14.780944
      vertex 45.015354 28.910516 13.236463
      vertex 40.613367 26.477039 13.290797
    endloop
  endfacet
  facet normal -0.205603 0.547339 0.811263
    outer loop
      vertex 47.196547 27.964885 14.660202
      vertex 51.651835 30.611899 14.003455
      vertex 48.600555 31.040587 12.940927
    endloop
  endfacet
  facet normal -0.268410 0.560474 0.783470
    outer loop
      vertex 47.196547 27.964885 14.660202
      vertex 48.600555 31.040587 12.940927
      vertex 45.015354 28.910516 13.236463
    endloop
  endfacet
  facet normal -0.169409 0.505559 0.845997
    outer loop
      vertex 51.651835 30.611899 14.003455
      vertex 55.578212 32.849132 13.452758
      vertex 51.760139 32.840904 12.693113
    endloop
  endfacet
  facet normal -0.220595 0.502239 0.836119
    outer loop
      vertex 51.651835 30.611899 14.003455
      vertex 51.760139 32.840904 12.693113
      vertex 48.600555 31.040587 12.940927
    endloop
  endfacet
  facet normal -0.177175 0.359059 0.916344
    outer loop
      vertex 55.578212 32.849132 13.452758
      vertex 59.199443 34.813317 13.383281
      vertex 54.674169 34.421498 12.661848
    endloop
  endfacet
  facet normal -0.183110 0.355715 0.916481
    outer loop
      vertex 55.578212 32.849132 13.452758
      vertex 54.674169 34.421498 12.661848
      vertex 51.760139 32.840904 12.693113
    endloop
  endfacet
  facet normal -0.124660 -0.343405 0.930878
    outer loop
      vertex 59.199443 34.813317 13.383281
      vertex 56.148501 36.143388 13.465378
      vertex 52.219054 35.491815 12.698792
    endloop
  endfacet
  facet normal -0.122857 -0.314304 0.941339
    outer loop
      vertex 59.199443 34.813317 13.383281
      vertex 52.219054 35.491815 12.698792
      vertex 54.674169 34.421498 12.661848
    endloop
  endfacet
  facet normal -0.141957 -0.184260 0.972572
    outer loop
      vertex 56.148501 36.143388 13.465378
      vertex 52.886516 37.620836 13.269170
      vertex 49.594112 36.680728 12.610498
    endloop
  endfacet
  facet normal -0.145342 -0.249798 0.957328
    outer loop
      vertex 56.148501 36.143388 13.465378
      vertex 49.594112 36.680728 12.610498
      vertex 52.219054 35.491815 12.698792
    endloop
  endfacet
  facet normal -0.133141 -0.117468 0.984111
    outer loop
      vertex 52.886516 37.620836 13.269170
      vertex 49.314783 39.283012 12.984354
      vertex 46.719913 38.018292 12.482331
    endloop
  endfacet
  facet normal -0.136718 -0.200834 0.970038
    outer loop
      vertex 52.886516 37.620836 13.269170
      vertex 46.719913 38.018292 12.482331
      vertex 49.594112 36.680728 12.610498
    endloop
  endfacet
  facet normal -0.078873 -0.268231 0.960120
    outer loop
      vertex 49.314783 39.283012 12.984354
      vertex 45.269720 41.123046 13.166110
      vertex 43.464823 39.498980 12.564122
    endloop
  endfacet
  facet normal -0.078080 -0.225294 0.971157
    outer loop
      vertex 49.314783 39.283012 12.984354
      vertex 43.464823 39.498980 12.564122
      vertex 46.719913 38.018292 12.482331
    endloop
  endfacet
  facet normal -0.032511 -0.436614 0.899061
    outer loop
      vertex 45.269720 41.123046 13.166110
      vertex 40.610470 42.932771 13.876492
      vertex 39.715492 40.955280 12.883793
    endloop
  endfacet
  facet normal -0.038971 -0.308930 0.950286
    outer loop
      vertex 45.269720 41.123046 13.166110
      vertex 39.715492 40.955280 12.883793
      vertex 43.464823 39.498980 12.564122
    endloop
  endfacet
  facet normal -0.031453 -0.512912 0.857865
    outer loop
      vertex 40.610470 42.932771 13.876492
      vertex 35.632662 44.286913 14.503619
      vertex 35.709815 42.044967 13.166000
    endloop
  endfacet
  facet normal -0.053087 -0.428716 0.901878
    outer loop
      vertex 40.610470 42.932771 13.876492
      vertex 35.709815 42.044967 13.166000
      vertex 39.715492 40.955280 12.883793
    endloop
  endfacet
  facet normal -0.085851 -0.517296 0.851489
    outer loop
      vertex 35.632662 44.286913 14.503619
      vertex 30.980302 45.136190 14.550497
      vertex 31.966028 42.728386 13.187095
    endloop
  endfacet
  facet normal -0.088761 -0.512596 0.854030
    outer loop
      vertex 35.632662 44.286913 14.503619
      vertex 31.966028 42.728386 13.187095
      vertex 35.709815 42.044967 13.166000
    endloop
  endfacet
  facet normal -0.138144 -0.502711 0.853345
    outer loop
      vertex 30.980302 45.136190 14.550497
      vertex 26.860225 45.768171 14.255819
      vertex 28.650573 43.236945 13.054491
    endloop
  endfacet
  facet normal -0.114199 -0.524500 0.843717
    outer loop
      vertex 30.980302 45.136190 14.550497
      vertex 28.650573 43.236945 13.054491
      vertex 31.966028 42.728386 13.187095
    endloop
  endfacet
  facet normal 0.357964 -0.169922 0.918144
    outer loop
      vertex 26.860225 45.768171 14.255819
      vertex 25.580271 42.540829 14.157558
      vertex 27.620585 40.639881 13.010273
    endloop
  endfacet
  facet normal 0.377650 -0.165287 0.911077
    outer loop
      vertex 26.860225 45.768171 14.255819
      vertex 27.620585 40.639881 13.010273
      vertex 28.650573 43.236945 13.054491
    endloop
  endfacet
  facet normal 0.415008 -0.117713 0.902171
    outer loop
      vertex 25.580271 42.540829 14.157558
      vertex 24.337235 39.007855 14.268392
      vertex 26.620305 37.796872 13.060149
    endloop
  endfacet
  facet normal 0.396448 -0.123526 0.909709
    outer loop
      vertex 25.580271 42.540829 14.157558
      vertex 26.620305 37.796872 13.060149
      vertex 27.620585 40.639881 13.010273
    endloop
  endfacet
  facet normal 0.379090 -0.149415 0.913217
    outer loop
      vertex 24.337235 39.007855 14.268392
      vertex 23.276962 35.242985 14.092544
      vertex 25.767096 34.767254 12.981017
    endloop
  endfacet
  facet normal 0.405240 -0.137731 0.903776
    outer loop
      vertex 24.337235 39.007855 14.268392
      vertex 25.767096 34.767254 12.981017
      vertex 26.620305 37.796872 13.060149
    endloop
  endfacet
  facet normal 0.289125 -0.217737 0.932200
    outer loop
      vertex 23.276962 35.242985 14.092544
      vertex 22.497236 31.454627 13.449521
      vertex 25.139645 31.718736 12.691656
    endloop
  endfacet
  facet normal 0.375812 -0.163924 0.912083
    outer loop
      vertex 23.276962 35.242985 14.092544
      vertex 25.139645 31.718736 12.691656
      vertex 25.767096 34.767254 12.981017
    endloop
  endfacet
  facet normal 0.217733 -0.189055 0.957523
    outer loop
      vertex 22.497236 31.454627 13.449521
      vertex 21.960528 27.850099 12.859881
      vertex 24.707752 28.818147 12.426319
    endloop
  endfacet
  facet normal 0.285302 -0.129354 0.949669
    outer loop
      vertex 22.497236 31.454627 13.449521
      vertex 24.707752 28.818147 12.426319
      vertex 25.139645 31.718736 12.691656
    endloop
  endfacet
  facet normal 0.163232 -0.010691 0.986530
    outer loop
      vertex 21.960528 27.850099 12.859881
      vertex 21.562899 24.512093 12.889501
      vertex 24.387777 26.132030 12.439648
    endloop
  endfacet
  facet normal 0.160772 -0.014254 0.986889
    outer loop
      vertex 21.960528 27.850099 12.859881
      vertex 24.387777 26.132030 12.439648
      vertex 24.707752 28.818147 12.426319
    endloop
  endfacet
  facet normal 0.134793 0.145267 0.980168
    outer loop
      vertex 21.562899 24.512093 12.889501
      vertex 21.223604 21.427473 13.393320
      vertex 24.114744 23.649815 12.666366
    endloop
  endfacet
  facet normal 0.112984 0.078044 0.990527
    outer loop
      vertex 21.562899 24.512093 12.889501
      vertex 24.114744 23.649815 12.666366
      vertex 24.387777 26.132030 12.439648
    endloop
  endfacet
  facet normal 0.211489 0.099432 0.972309
    outer loop
      vertex 21.223604 21.427473 13.393320
      vertex 20.900842 18.553040 13.757475
      vertex 23.855015 21.336738 12.830236
    endloop
  endfacet
  facet normal 0.210533 0.045542 0.976525
    outer loop
      vertex 21.223604 21.427473 13.393320
      vertex 23.855015 21.336738 12.830236
      vertex 24.114744 23.649815 12.666366
    endloop
  endfacet
  facet normal 0.065538 -0.221600 -0.972933
    outer loop
      vertex 32.516747 29.498632 5.303792
      vertex 33.485390 29.779020 5.305178
      vertex 34.580847 30.070853 5.312500
    endloop
  endfacet
  facet normal 0.255924 -0.918579 -0.301189
    outer loop
      vertex 32.516747 29.498632 5.303792
      vertex 34.580847 30.070853 5.312500
      vertex 35.882525 30.420558 5.352008
    endloop
  endfacet
  facet normal 0.017552 -0.116017 0.993092
    outer loop
      vertex 32.516747 29.498632 5.303792
      vertex 35.882525 30.420558 5.352008
      vertex 37.350360 30.981249 5.391568
    endloop
  endfacet
  facet normal -0.050607 0.106195 0.993057
    outer loop
      vertex 32.516747 29.498632 5.303792
      vertex 37.350360 30.981249 5.391568
      vertex 38.620025 31.683137 5.381213
    endloop
  endfacet
  facet normal -0.109420 0.271822 0.956107
    outer loop
      vertex 32.516747 29.498632 5.303792
      vertex 38.620025 31.683137 5.381213
      vertex 39.654105 32.297514 5.324888
    endloop
  endfacet
  facet normal -0.117558 0.292630 0.948972
    outer loop
      vertex 32.516747 29.498632 5.303792
      vertex 39.654105 32.297514 5.324888
      vertex 40.565424 32.816779 5.277659
    endloop
  endfacet
  facet normal -0.008920 0.029510 0.999525
    outer loop
      vertex 32.516747 29.498632 5.303792
      vertex 40.565424 32.816779 5.277659
      vertex 41.405918 33.272670 5.271700
    endloop
  endfacet
  facet normal 0.006734 -0.007359 0.999950
    outer loop
      vertex 32.516747 29.498632 5.303792
      vertex 41.405918 33.272670 5.271700
      vertex 40.697789 33.581382 5.278741
    endloop
  endfacet
  facet normal -0.010190 0.026553 0.999595
    outer loop
      vertex 32.516747 29.498632 5.303792
      vertex 40.697789 33.581382 5.278741
      vertex 39.940677 33.924300 5.261913
    endloop
  endfacet
  facet normal -0.014065 0.033051 0.999355
    outer loop
      vertex 32.516747 29.498632 5.303792
      vertex 39.940677 33.924300 5.261913
      vertex 39.111671 34.310094 5.237487
    endloop
  endfacet
  facet normal 0.014086 -0.005529 0.999885
    outer loop
      vertex 32.516747 29.498632 5.303792
      vertex 39.111671 34.310094 5.237487
      vertex 38.172805 34.737169 5.253075
    endloop
  endfacet
  facet normal 0.042276 -0.035979 0.998458
    outer loop
      vertex 32.516747 29.498632 5.303792
      vertex 38.172805 34.737169 5.253075
      vertex 37.091385 35.157209 5.313999
    endloop
  endfacet
  facet normal 0.037711 -0.032289 0.998767
    outer loop
      vertex 32.516747 29.498632 5.303792
      vertex 37.091385 35.157209 5.313999
      vertex 35.936028 35.471508 5.367784
    endloop
  endfacet
  facet normal 0.001600 -0.011629 0.999931
    outer loop
      vertex 32.516747 29.498632 5.303792
      vertex 35.936028 35.471508 5.367784
      vertex 34.856207 35.668627 5.371804
    endloop
  endfacet
  facet normal -0.026564 -0.000947 0.999647
    outer loop
      vertex 32.516747 29.498632 5.303792
      vertex 34.856207 35.668627 5.371804
      vertex 33.899930 35.815311 5.346532
    endloop
  endfacet
  facet normal -0.025236 -0.001238 0.999681
    outer loop
      vertex 32.516747 29.498632 5.303792
      vertex 33.899930 35.815311 5.346532
      vertex 33.602850 35.066239 5.338104
    endloop
  endfacet
  facet normal 0.112495 -0.028066 0.993256
    outer loop
      vertex 32.516747 29.498632 5.303792
      vertex 33.602850 35.066239 5.338104
      vertex 33.314340 34.246230 5.347610
    endloop
  endfacet
  facet normal -0.070490 0.002636 0.997509
    outer loop
      vertex 32.516747 29.498632 5.303792
      vertex 33.314340 34.246230 5.347610
      vertex 33.068248 33.372397 5.332529
    endloop
  endfacet
  facet normal -0.654490 0.087608 0.750978
    outer loop
      vertex 32.516747 29.498632 5.303792
      vertex 33.068248 33.372397 5.332529
      vertex 32.887273 32.493112 5.277381
    endloop
  endfacet
  facet normal -0.933285 0.118471 0.339033
    outer loop
      vertex 32.516747 29.498632 5.303792
      vertex 32.887273 32.493112 5.277381
      vertex 32.762702 31.656495 5.226812
    endloop
  endfacet
  facet normal -0.980817 0.117347 0.155651
    outer loop
      vertex 32.516747 29.498632 5.303792
      vertex 32.762702 31.656495 5.226812
      vertex 32.670411 30.881738 5.229352
    endloop
  endfacet
  facet normal 0.979123 -0.117701 -0.165723
    outer loop
      vertex 32.516747 29.498632 5.303792
      vertex 32.670411 30.881738 5.229352
      vertex 32.591660 30.165793 5.272561
    endloop
  endfacet
endsolid box_wall_short_b_r3_c2_tubes_color_4_orange
