solid box_wall_short_b_r3_c3_tubes_color_4_orange
  facet normal -0.361414 -0.932367 -0.008480
    outer loop
      vertex 56.719975 88.226432 4.311286
      vertex 57.932688 87.756347 4.311286
      vertex 57.918599 87.755076 5.051451
    endloop
  endfacet
  facet normal -0.361414 -0.932367 -0.008480
    outer loop
      vertex 56.719975 88.226432 4.311286
      vertex 57.918599 87.755076 5.051451
      vertex 56.702328 88.226541 5.051451
    endloop
  endfacet
  facet normal -0.374097 -0.927349 -0.008713
    outer loop
      vertex 57.932688 87.756347 4.311286
      vertex 59.215138 87.239001 4.311286
      vertex 59.204812 87.236212 5.051451
    endloop
  endfacet
  facet normal -0.374097 -0.927349 -0.008713
    outer loop
      vertex 57.932688 87.756347 4.311286
      vertex 59.204812 87.236212 5.051451
      vertex 57.918599 87.755076 5.051451
    endloop
  endfacet
  facet normal -0.383853 -0.923352 -0.008834
    outer loop
      vertex 59.215138 87.239001 4.311286
      vertex 60.619658 86.655117 4.311286
      vertex 60.613453 86.650615 5.051451
    endloop
  endfacet
  facet normal -0.383853 -0.923352 -0.008834
    outer loop
      vertex 59.215138 87.239001 4.311286
      vertex 60.613453 86.650615 5.051451
      vertex 59.204812 87.236212 5.051451
    endloop
  endfacet
  facet normal -0.347198 -0.937752 -0.008614
    outer loop
      vertex 60.619658 86.655117 4.311286
      vertex 62.224018 86.061112 4.311286
      vertex 62.222521 86.054867 5.051451
    endloop
  endfacet
  facet normal -0.347198 -0.937752 -0.008614
    outer loop
      vertex 60.619658 86.655117 4.311286
      vertex 62.222521 86.054867 5.051451
      vertex 60.613453 86.650615 5.051451
    endloop
  endfacet
  facet normal -0.256864 -0.966409 -0.008673
    outer loop
      vertex 62.224018 86.061112 4.311286
      vertex 63.847740 85.629539 4.311286
      vertex 63.851008 85.622027 5.051451
    endloop
  endfacet
  facet normal -0.256864 -0.966409 -0.008673
    outer loop
      vertex 62.224018 86.061112 4.311286
      vertex 63.851008 85.622027 5.051451
      vertex 62.222521 86.054867 5.051451
    endloop
  endfacet
  facet normal -0.233587 -0.972296 -0.008836
    outer loop
      vertex 63.847740 85.629539 4.311286
      vertex 65.295084 85.281825 4.311286
      vertex 65.302599 85.273293 5.051451
    endloop
  endfacet
  facet normal -0.233587 -0.972296 -0.008836
    outer loop
      vertex 63.847740 85.629539 4.311286
      vertex 65.302599 85.273293 5.051451
      vertex 63.851008 85.622027 5.051451
    endloop
  endfacet
  facet normal -0.246026 -0.969224 -0.008674
    outer loop
      vertex 65.295084 85.281825 4.311286
      vertex 66.617241 84.946211 4.311286
      vertex 66.628635 84.936694 5.051451
    endloop
  endfacet
  facet normal -0.246026 -0.969224 -0.008674
    outer loop
      vertex 65.295084 85.281825 4.311286
      vertex 66.628635 84.936694 5.051451
      vertex 65.302599 85.273293 5.051451
    endloop
  endfacet
  facet normal -0.258641 -0.965937 -0.008438
    outer loop
      vertex 66.617241 84.946211 4.311286
      vertex 67.861974 84.612918 4.311286
      vertex 67.877021 84.602424 5.051451
    endloop
  endfacet
  facet normal -0.258641 -0.965937 -0.008438
    outer loop
      vertex 66.617241 84.946211 4.311286
      vertex 67.877021 84.602424 5.051451
      vertex 66.628635 84.936694 5.051451
    endloop
  endfacet
  facet normal 0.886495 0.462597 -0.011463
    outer loop
      vertex 67.861974 84.612918 4.311286
      vertex 67.437489 85.426379 4.311286
      vertex 67.451290 85.418272 5.051451
    endloop
  endfacet
  facet normal 0.886495 0.462597 -0.011463
    outer loop
      vertex 67.861974 84.612918 4.311286
      vertex 67.451290 85.418272 5.051451
      vertex 67.877021 84.602424 5.051451
    endloop
  endfacet
  facet normal 0.889906 0.455996 -0.011599
    outer loop
      vertex 67.437489 85.426379 4.311286
      vertex 67.002209 86.275856 4.311286
      vertex 67.014733 86.270241 5.051451
    endloop
  endfacet
  facet normal 0.889906 0.455996 -0.011599
    outer loop
      vertex 67.437489 85.426379 4.311286
      vertex 67.014733 86.270241 5.051451
      vertex 67.451290 85.418272 5.051451
    endloop
  endfacet
  facet normal 0.892423 0.451048 -0.011679
    outer loop
      vertex 67.002209 86.275856 4.311286
      vertex 66.549571 87.171426 4.311286
      vertex 66.560767 87.168439 5.051451
    endloop
  endfacet
  facet normal 0.892423 0.451048 -0.011679
    outer loop
      vertex 67.002209 86.275856 4.311286
      vertex 66.560767 87.168439 5.051451
      vertex 67.014733 86.270241 5.051451
    endloop
  endfacet
  facet normal 0.891160 0.453539 -0.011650
    outer loop
      vertex 66.549571 87.171426 4.311286
      vertex 66.065406 88.122764 4.311286
      vertex 66.075181 88.122568 5.051451
    endloop
  endfacet
  facet normal 0.891160 0.453539 -0.011650
    outer loop
      vertex 66.549571 87.171426 4.311286
      vertex 66.075181 88.122568 5.051451
      vertex 66.560767 87.168439 5.051451
    endloop
  endfacet
  facet normal 0.880039 0.474761 -0.011497
    outer loop
      vertex 66.065406 88.122764 4.311286
      vertex 65.525194 89.124125 4.311286
      vertex 65.533384 89.126868 5.051451
    endloop
  endfacet
  facet normal 0.880039 0.474761 -0.011497
    outer loop
      vertex 66.065406 88.122764 4.311286
      vertex 65.533384 89.126868 5.051451
      vertex 66.075181 88.122568 5.051451
    endloop
  endfacet
  facet normal 0.854621 0.519128 -0.011381
    outer loop
      vertex 65.525194 89.124125 4.311286
      vertex 64.915331 90.128120 4.311286
      vertex 64.921732 90.133810 5.051451
    endloop
  endfacet
  facet normal 0.854621 0.519128 -0.011381
    outer loop
      vertex 65.525194 89.124125 4.311286
      vertex 64.921732 90.133810 5.051451
      vertex 65.533384 89.126868 5.051451
    endloop
  endfacet
  facet normal 0.826145 0.563341 -0.011474
    outer loop
      vertex 64.915331 90.128120 4.311286
      vertex 64.271605 91.072150 4.311286
      vertex 64.276117 91.080609 5.051451
    endloop
  endfacet
  facet normal 0.826145 0.563341 -0.011474
    outer loop
      vertex 64.915331 90.128120 4.311286
      vertex 64.276117 91.080609 5.051451
      vertex 64.921732 90.133810 5.051451
    endloop
  endfacet
  facet normal 0.811114 0.584773 -0.011628
    outer loop
      vertex 64.271605 91.072150 4.311286
      vertex 63.644081 91.942561 4.311286
      vertex 63.646752 91.953575 5.051451
    endloop
  endfacet
  facet normal 0.811114 0.584773 -0.011628
    outer loop
      vertex 64.271605 91.072150 4.311286
      vertex 63.646752 91.953575 5.051451
      vertex 64.276117 91.080609 5.051451
    endloop
  endfacet
  facet normal -0.382844 0.923730 -0.012364
    outer loop
      vertex 63.644081 91.942561 4.311286
      vertex 62.718354 91.558890 4.311286
      vertex 62.718308 91.568778 5.051451
    endloop
  endfacet
  facet normal -0.382844 0.923730 -0.012364
    outer loop
      vertex 63.644081 91.942561 4.311286
      vertex 62.718308 91.568778 5.051451
      vertex 63.646752 91.953575 5.051451
    endloop
  endfacet
  facet normal -0.408884 0.912505 -0.012215
    outer loop
      vertex 62.718354 91.558890 4.311286
      vertex 61.756147 91.127735 4.311286
      vertex 61.753277 91.136357 5.051451
    endloop
  endfacet
  facet normal -0.408884 0.912505 -0.012215
    outer loop
      vertex 62.718354 91.558890 4.311286
      vertex 61.753277 91.136357 5.051451
      vertex 62.718308 91.568778 5.051451
    endloop
  endfacet
  facet normal -0.451396 0.892241 -0.012144
    outer loop
      vertex 61.756147 91.127735 4.311286
      vertex 60.796644 90.642311 4.311286
      vertex 60.790959 90.649509 5.051451
    endloop
  endfacet
  facet normal -0.451396 0.892241 -0.012144
    outer loop
      vertex 61.756147 91.127735 4.311286
      vertex 60.790959 90.649509 5.051451
      vertex 61.753277 91.136357 5.051451
    endloop
  endfacet
  facet normal -0.491282 0.870914 -0.012243
    outer loop
      vertex 60.796644 90.642311 4.311286
      vertex 59.883995 90.127486 4.311286
      vertex 59.875632 90.133173 5.051451
    endloop
  endfacet
  facet normal -0.491282 0.870914 -0.012243
    outer loop
      vertex 60.796644 90.642311 4.311286
      vertex 59.875632 90.133173 5.051451
      vertex 60.790959 90.649509 5.051451
    endloop
  endfacet
  facet normal -0.512970 0.858317 -0.012391
    outer loop
      vertex 59.883995 90.127486 4.311286
      vertex 59.031054 89.617728 4.311286
      vertex 59.020188 89.621920 5.051451
    endloop
  endfacet
  facet normal -0.512970 0.858317 -0.012391
    outer loop
      vertex 59.883995 90.127486 4.311286
      vertex 59.020188 89.621920 5.051451
      vertex 59.875632 90.133173 5.051451
    endloop
  endfacet
  facet normal -0.518741 0.854841 -0.012456
    outer loop
      vertex 59.031054 89.617728 4.311286
      vertex 58.227537 89.130132 4.311286
      vertex 58.214313 89.132893 5.051451
    endloop
  endfacet
  facet normal -0.518741 0.854841 -0.012456
    outer loop
      vertex 59.031054 89.617728 4.311286
      vertex 58.214313 89.132893 5.051451
      vertex 59.020188 89.621920 5.051451
    endloop
  endfacet
  facet normal -0.516554 0.856165 -0.012422
    outer loop
      vertex 58.227537 89.130132 4.311286
      vertex 57.460348 88.667260 4.311286
      vertex 57.444872 88.668663 5.051451
    endloop
  endfacet
  facet normal -0.516554 0.856165 -0.012422
    outer loop
      vertex 58.227537 89.130132 4.311286
      vertex 57.444872 88.668663 5.051451
      vertex 58.214313 89.132893 5.051451
    endloop
  endfacet
  facet normal -0.511557 0.859161 -0.012324
    outer loop
      vertex 57.460348 88.667260 4.311286
      vertex 56.719975 88.226432 4.311286
      vertex 56.702328 88.226541 5.051451
    endloop
  endfacet
  facet normal -0.511557 0.859161 -0.012324
    outer loop
      vertex 57.460348 88.667260 4.311286
      vertex 56.702328 88.226541 5.051451
      vertex 57.444872 88.668663 5.051451
    endloop
  endfacet
  facet normal -0.361286 -0.932035 -0.027977
    outer loop
      vertex 56.702328 88.226541 5.051451
      vertex 57.918599 87.755076 5.051451
      vertex 57.871367 87.750817 5.803291
    endloop
  endfacet
  facet normal -0.361286 -0.932035 -0.027977
    outer loop
      vertex 56.702328 88.226541 5.051451
      vertex 57.871367 87.750817 5.803291
      vertex 56.643166 88.226906 5.803291
    endloop
  endfacet
  facet normal -0.373957 -0.927001 -0.028744
    outer loop
      vertex 57.918599 87.755076 5.051451
      vertex 59.204812 87.236212 5.051451
      vertex 59.170195 87.226864 5.803291
    endloop
  endfacet
  facet normal -0.373957 -0.927001 -0.028744
    outer loop
      vertex 57.918599 87.755076 5.051451
      vertex 59.170195 87.226864 5.803291
      vertex 57.871367 87.750817 5.803291
    endloop
  endfacet
  facet normal -0.383705 -0.922996 -0.029143
    outer loop
      vertex 59.204812 87.236212 5.051451
      vertex 60.613453 86.650615 5.051451
      vertex 60.592653 86.635523 5.803291
    endloop
  endfacet
  facet normal -0.383705 -0.922996 -0.029143
    outer loop
      vertex 59.204812 87.236212 5.051451
      vertex 60.592653 86.635523 5.803291
      vertex 59.170195 87.226864 5.803291
    endloop
  endfacet
  facet normal -0.347071 -0.937408 -0.028419
    outer loop
      vertex 60.613453 86.650615 5.051451
      vertex 62.222521 86.054867 5.051451
      vertex 62.217503 86.033931 5.803291
    endloop
  endfacet
  facet normal -0.347071 -0.937408 -0.028419
    outer loop
      vertex 60.613453 86.650615 5.051451
      vertex 62.217503 86.033931 5.803291
      vertex 60.592653 86.635523 5.803291
    endloop
  endfacet
  facet normal -0.256768 -0.966049 -0.028614
    outer loop
      vertex 62.222521 86.054867 5.051451
      vertex 63.851008 85.622027 5.051451
      vertex 63.861963 85.596846 5.803291
    endloop
  endfacet
  facet normal -0.256768 -0.966049 -0.028614
    outer loop
      vertex 62.222521 86.054867 5.051451
      vertex 63.861963 85.596846 5.803291
      vertex 62.217503 86.033931 5.803291
    endloop
  endfacet
  facet normal -0.233497 -0.971921 -0.029150
    outer loop
      vertex 63.851008 85.622027 5.051451
      vertex 65.302599 85.273293 5.051451
      vertex 65.327792 85.244692 5.803291
    endloop
  endfacet
  facet normal -0.233497 -0.971921 -0.029150
    outer loop
      vertex 63.851008 85.622027 5.051451
      vertex 65.327792 85.244692 5.803291
      vertex 63.861963 85.596846 5.803291
    endloop
  endfacet
  facet normal -0.245935 -0.968864 -0.028616
    outer loop
      vertex 65.302599 85.273293 5.051451
      vertex 66.628635 84.936694 5.051451
      vertex 66.666834 84.904791 5.803291
    endloop
  endfacet
  facet normal -0.245935 -0.968864 -0.028616
    outer loop
      vertex 65.302599 85.273293 5.051451
      vertex 66.666834 84.904791 5.803291
      vertex 65.327792 85.244692 5.803291
    endloop
  endfacet
  facet normal -0.258550 -0.965597 -0.027837
    outer loop
      vertex 66.628635 84.936694 5.051451
      vertex 67.877021 84.602424 5.051451
      vertex 67.927465 84.567242 5.803291
    endloop
  endfacet
  facet normal -0.258550 -0.965597 -0.027837
    outer loop
      vertex 66.628635 84.936694 5.051451
      vertex 67.927465 84.567242 5.803291
      vertex 66.666834 84.904791 5.803291
    endloop
  endfacet
  facet normal 0.885919 0.462296 -0.037807
    outer loop
      vertex 67.877021 84.602424 5.051451
      vertex 67.451290 85.418272 5.051451
      vertex 67.497558 85.391092 5.803291
    endloop
  endfacet
  facet normal 0.885919 0.462296 -0.037807
    outer loop
      vertex 67.877021 84.602424 5.051451
      vertex 67.497558 85.391092 5.803291
      vertex 67.927465 84.567242 5.803291
    endloop
  endfacet
  facet normal 0.889315 0.455693 -0.038254
    outer loop
      vertex 67.451290 85.418272 5.051451
      vertex 67.014733 86.270241 5.051451
      vertex 67.056719 86.251418 5.803291
    endloop
  endfacet
  facet normal 0.889315 0.455693 -0.038254
    outer loop
      vertex 67.451290 85.418272 5.051451
      vertex 67.056719 86.251418 5.803291
      vertex 67.497558 85.391092 5.803291
    endloop
  endfacet
  facet normal 0.891822 0.450744 -0.038518
    outer loop
      vertex 67.014733 86.270241 5.051451
      vertex 66.560767 87.168439 5.051451
      vertex 66.598300 87.158426 5.803291
    endloop
  endfacet
  facet normal 0.891822 0.450744 -0.038518
    outer loop
      vertex 67.014733 86.270241 5.051451
      vertex 66.598300 87.158426 5.803291
      vertex 67.056719 86.251418 5.803291
    endloop
  endfacet
  facet normal 0.890563 0.453235 -0.038422
    outer loop
      vertex 66.560767 87.168439 5.051451
      vertex 66.075181 88.122568 5.051451
      vertex 66.107952 88.121914 5.803291
    endloop
  endfacet
  facet normal 0.890563 0.453235 -0.038422
    outer loop
      vertex 66.560767 87.168439 5.051451
      vertex 66.107952 88.121914 5.803291
      vertex 66.598300 87.158426 5.803291
    endloop
  endfacet
  facet normal 0.879465 0.474451 -0.037920
    outer loop
      vertex 66.075181 88.122568 5.051451
      vertex 65.533384 89.126868 5.051451
      vertex 65.560841 89.136064 5.803291
    endloop
  endfacet
  facet normal 0.879465 0.474451 -0.037920
    outer loop
      vertex 66.075181 88.122568 5.051451
      vertex 65.560841 89.136064 5.803291
      vertex 66.107952 88.121914 5.803291
    endloop
  endfacet
  facet normal 0.854074 0.518795 -0.037535
    outer loop
      vertex 65.533384 89.126868 5.051451
      vertex 64.921732 90.133810 5.051451
      vertex 64.943189 90.152882 5.803291
    endloop
  endfacet
  facet normal 0.854074 0.518795 -0.037535
    outer loop
      vertex 65.533384 89.126868 5.051451
      vertex 64.943189 90.152882 5.803291
      vertex 65.560841 89.136064 5.803291
    endloop
  endfacet
  facet normal 0.825607 0.562975 -0.037844
    outer loop
      vertex 64.921732 90.133810 5.051451
      vertex 64.276117 91.080609 5.051451
      vertex 64.291241 91.108968 5.803291
    endloop
  endfacet
  facet normal 0.825607 0.562975 -0.037844
    outer loop
      vertex 64.921732 90.133810 5.051451
      vertex 64.291241 91.108968 5.803291
      vertex 64.943189 90.152882 5.803291
    endloop
  endfacet
  facet normal 0.810572 0.584382 -0.038349
    outer loop
      vertex 64.276117 91.080609 5.051451
      vertex 63.646752 91.953575 5.051451
      vertex 63.655703 91.990496 5.803291
    endloop
  endfacet
  facet normal 0.810572 0.584382 -0.038349
    outer loop
      vertex 64.276117 91.080609 5.051451
      vertex 63.655703 91.990496 5.803291
      vertex 64.291241 91.108968 5.803291
    endloop
  endfacet
  facet normal -0.382555 0.923033 -0.040773
    outer loop
      vertex 63.646752 91.953575 5.051451
      vertex 62.718308 91.568778 5.051451
      vertex 62.718153 91.601925 5.803291
    endloop
  endfacet
  facet normal -0.382555 0.923033 -0.040773
    outer loop
      vertex 63.646752 91.953575 5.051451
      vertex 62.718153 91.601925 5.803291
      vertex 63.655703 91.990496 5.803291
    endloop
  endfacet
  facet normal -0.408582 0.911832 -0.040285
    outer loop
      vertex 62.718308 91.568778 5.051451
      vertex 61.753277 91.136357 5.051451
      vertex 61.743657 91.165263 5.803291
    endloop
  endfacet
  facet normal -0.408582 0.911832 -0.040285
    outer loop
      vertex 62.718308 91.568778 5.051451
      vertex 61.743657 91.165263 5.803291
      vertex 62.718153 91.601925 5.803291
    endloop
  endfacet
  facet normal -0.451067 0.891591 -0.040050
    outer loop
      vertex 61.753277 91.136357 5.051451
      vertex 60.790959 90.649509 5.051451
      vertex 60.771900 90.673639 5.803291
    endloop
  endfacet
  facet normal -0.451067 0.891591 -0.040050
    outer loop
      vertex 61.753277 91.136357 5.051451
      vertex 60.771900 90.673639 5.803291
      vertex 61.743657 91.165263 5.803291
    endloop
  endfacet
  facet normal -0.490919 0.870269 -0.040376
    outer loop
      vertex 60.790959 90.649509 5.051451
      vertex 59.875632 90.133173 5.051451
      vertex 59.847595 90.152239 5.803291
    endloop
  endfacet
  facet normal -0.490919 0.870269 -0.040376
    outer loop
      vertex 60.790959 90.649509 5.051451
      vertex 59.847595 90.152239 5.803291
      vertex 60.771900 90.673639 5.803291
    endloop
  endfacet
  facet normal -0.512581 0.857666 -0.040864
    outer loop
      vertex 59.875632 90.133173 5.051451
      vertex 59.020188 89.621920 5.051451
      vertex 58.983761 89.635972 5.803291
    endloop
  endfacet
  facet normal -0.512581 0.857666 -0.040864
    outer loop
      vertex 59.875632 90.133173 5.051451
      vertex 58.983761 89.635972 5.803291
      vertex 59.847595 90.152239 5.803291
    endloop
  endfacet
  facet normal -0.518343 0.854186 -0.041079
    outer loop
      vertex 59.020188 89.621920 5.051451
      vertex 58.214313 89.132893 5.051451
      vertex 58.169981 89.142148 5.803291
    endloop
  endfacet
  facet normal -0.518343 0.854186 -0.041079
    outer loop
      vertex 59.020188 89.621920 5.051451
      vertex 58.169981 89.142148 5.803291
      vertex 58.983761 89.635972 5.803291
    endloop
  endfacet
  facet normal -0.516160 0.855512 -0.040966
    outer loop
      vertex 58.214313 89.132893 5.051451
      vertex 57.444872 88.668663 5.051451
      vertex 57.392994 88.673365 5.803291
    endloop
  endfacet
  facet normal -0.516160 0.855512 -0.040966
    outer loop
      vertex 58.214313 89.132893 5.051451
      vertex 57.392994 88.673365 5.803291
      vertex 58.169981 89.142148 5.803291
    endloop
  endfacet
  facet normal -0.511174 0.858516 -0.040641
    outer loop
      vertex 57.444872 88.668663 5.051451
      vertex 56.702328 88.226541 5.051451
      vertex 56.643166 88.226906 5.803291
    endloop
  endfacet
  facet normal -0.511174 0.858516 -0.040641
    outer loop
      vertex 57.444872 88.668663 5.051451
      vertex 56.643166 88.226906 5.803291
      vertex 57.392994 88.673365 5.803291
    endloop
  endfacet
  facet normal -0.360868 -0.930959 -0.055580
    outer loop
      vertex 56.643166 88.226906 5.803291
      vertex 57.871367 87.750817 5.803291
      vertex 57.776242 87.742240 6.564599
    endloop
  endfacet
  facet normal -0.360868 -0.930959 -0.055580
    outer loop
      vertex 56.643166 88.226906 5.803291
      vertex 57.776242 87.742240 6.564599
      vertex 56.524015 88.227641 6.564599
    endloop
  endfacet
  facet normal 0.360774 0.930716 0.060074
    outer loop
      vertex 60.036923 87.946094 5.622236
      vertex 59.355685 88.210163 5.622236
      vertex 59.237381 88.210893 6.321401
    endloop
  endfacet
  facet normal 0.360774 0.930716 0.060074
    outer loop
      vertex 60.036923 87.946094 5.622236
      vertex 59.237381 88.210893 6.321401
      vertex 59.942474 87.937577 6.321401
    endloop
  endfacet
  facet normal -0.373501 -0.925871 -0.057101
    outer loop
      vertex 57.871367 87.750817 5.803291
      vertex 59.170195 87.226864 5.803291
      vertex 59.100478 87.208036 6.564599
    endloop
  endfacet
  facet normal -0.373501 -0.925871 -0.057101
    outer loop
      vertex 57.871367 87.750817 5.803291
      vertex 59.100478 87.208036 6.564599
      vertex 57.776242 87.742240 6.564599
    endloop
  endfacet
  facet normal 0.373398 0.925616 0.061717
    outer loop
      vertex 60.757335 87.655476 5.622236
      vertex 60.036923 87.946094 5.622236
      vertex 59.942474 87.937577 6.321401
    endloop
  endfacet
  facet normal 0.373398 0.925616 0.061717
    outer loop
      vertex 60.757335 87.655476 5.622236
      vertex 59.942474 87.937577 6.321401
      vertex 60.688113 87.636783 6.321401
    endloop
  endfacet
  facet normal -0.383225 -0.921839 -0.057892
    outer loop
      vertex 59.170195 87.226864 5.803291
      vertex 60.592653 86.635523 5.803291
      vertex 60.550762 86.605128 6.564599
    endloop
  endfacet
  facet normal -0.383225 -0.921839 -0.057892
    outer loop
      vertex 59.170195 87.226864 5.803291
      vertex 60.550762 86.605128 6.564599
      vertex 59.100478 87.208036 6.564599
    endloop
  endfacet
  facet normal 0.383116 0.921578 0.062571
    outer loop
      vertex 61.546320 87.327482 5.622236
      vertex 60.757335 87.655476 5.622236
      vertex 60.688113 87.636783 6.321401
    endloop
  endfacet
  facet normal 0.383116 0.921578 0.062571
    outer loop
      vertex 61.546320 87.327482 5.622236
      vertex 60.688113 87.636783 6.321401
      vertex 61.504726 87.297302 6.321401
    endloop
  endfacet
  facet normal -0.346657 -0.936291 -0.056456
    outer loop
      vertex 60.592653 86.635523 5.803291
      vertex 62.217503 86.033931 5.803291
      vertex 62.207397 85.991768 6.564599
    endloop
  endfacet
  facet normal -0.346657 -0.936291 -0.056456
    outer loop
      vertex 60.592653 86.635523 5.803291
      vertex 62.207397 85.991768 6.564599
      vertex 60.550762 86.605128 6.564599
    endloop
  endfacet
  facet normal 0.346564 0.936040 0.061021
    outer loop
      vertex 62.447564 86.993801 5.622236
      vertex 61.546320 87.327482 5.622236
      vertex 61.504726 87.297302 6.321401
    endloop
  endfacet
  facet normal 0.346564 0.936040 0.061021
    outer loop
      vertex 62.447564 86.993801 5.622236
      vertex 61.504726 87.297302 6.321401
      vertex 62.437530 86.951937 6.321401
    endloop
  endfacet
  facet normal -0.256458 -0.964882 -0.056843
    outer loop
      vertex 62.217503 86.033931 5.803291
      vertex 63.861963 85.596846 5.803291
      vertex 63.884026 85.546133 6.564599
    endloop
  endfacet
  facet normal -0.256458 -0.964882 -0.056843
    outer loop
      vertex 62.217503 86.033931 5.803291
      vertex 63.884026 85.546133 6.564599
      vertex 62.207397 85.991768 6.564599
    endloop
  endfacet
  facet normal 0.256388 0.964619 0.061438
    outer loop
      vertex 63.359685 86.751366 5.622236
      vertex 62.447564 86.993801 5.622236
      vertex 62.437530 86.951937 6.321401
    endloop
  endfacet
  facet normal 0.256388 0.964619 0.061438
    outer loop
      vertex 63.359685 86.751366 5.622236
      vertex 62.437530 86.951937 6.321401
      vertex 63.381592 86.701012 6.321401
    endloop
  endfacet
  facet normal -0.233204 -0.970702 -0.057904
    outer loop
      vertex 63.861963 85.596846 5.803291
      vertex 65.327792 85.244692 5.803291
      vertex 65.378530 85.187089 6.564599
    endloop
  endfacet
  facet normal -0.233204 -0.970702 -0.057904
    outer loop
      vertex 63.861963 85.596846 5.803291
      vertex 65.378530 85.187089 6.564599
      vertex 63.884026 85.546133 6.564599
    endloop
  endfacet
  facet normal 0.233138 0.970428 0.062585
    outer loop
      vertex 64.172727 86.556039 5.622236
      vertex 63.359685 86.751366 5.622236
      vertex 63.381592 86.701012 6.321401
    endloop
  endfacet
  facet normal 0.233138 0.970428 0.062585
    outer loop
      vertex 64.172727 86.556039 5.622236
      vertex 63.381592 86.701012 6.321401
      vertex 64.223104 86.498845 6.321401
    endloop
  endfacet
  facet normal -0.245638 -0.967693 -0.056848
    outer loop
      vertex 65.327792 85.244692 5.803291
      vertex 66.666834 84.904791 5.803291
      vertex 66.743767 84.840539 6.564599
    endloop
  endfacet
  facet normal -0.245638 -0.967693 -0.056848
    outer loop
      vertex 65.327792 85.244692 5.803291
      vertex 66.743767 84.840539 6.564599
      vertex 65.378530 85.187089 6.564599
    endloop
  endfacet
  facet normal 0.245571 0.967429 0.061444
    outer loop
      vertex 64.915444 86.367508 5.622236
      vertex 64.172727 86.556039 5.622236
      vertex 64.223104 86.498845 6.321401
    endloop
  endfacet
  facet normal 0.245571 0.967429 0.061444
    outer loop
      vertex 64.915444 86.367508 5.622236
      vertex 64.223104 86.498845 6.321401
      vertex 64.991830 86.303713 6.321401
    endloop
  endfacet
  facet normal -0.258255 -0.964493 -0.055303
    outer loop
      vertex 66.666834 84.904791 5.803291
      vertex 67.927465 84.567242 5.803291
      vertex 68.029058 84.496387 6.564599
    endloop
  endfacet
  facet normal -0.258255 -0.964493 -0.055303
    outer loop
      vertex 66.666834 84.904791 5.803291
      vertex 68.029058 84.496387 6.564599
      vertex 66.743767 84.840539 6.564599
    endloop
  endfacet
  facet normal 0.258188 0.964244 0.059775
    outer loop
      vertex 65.614669 86.180282 5.622236
      vertex 64.915444 86.367508 5.622236
      vertex 64.991830 86.303713 6.321401
    endloop
  endfacet
  facet normal 0.258188 0.964244 0.059775
    outer loop
      vertex 65.614669 86.180282 5.622236
      vertex 64.991830 86.303713 6.321401
      vertex 65.715540 86.109931 6.321401
    endloop
  endfacet
  facet normal 0.884054 0.461323 -0.075037
    outer loop
      vertex 67.927465 84.567242 5.803291
      vertex 67.497558 85.391092 5.803291
      vertex 67.590741 85.336353 6.564599
    endloop
  endfacet
  facet normal 0.884054 0.461323 -0.075037
    outer loop
      vertex 67.927465 84.567242 5.803291
      vertex 67.590741 85.336353 6.564599
      vertex 68.029058 84.496387 6.564599
    endloop
  endfacet
  facet normal -0.883634 -0.461104 0.081087
    outer loop
      vertex 65.376216 86.637242 5.622236
      vertex 65.614669 86.180282 5.622236
      vertex 65.715540 86.109931 6.321401
    endloop
  endfacet
  facet normal -0.883634 -0.461104 0.081087
    outer loop
      vertex 65.376216 86.637242 5.622236
      vertex 65.715540 86.109931 6.321401
      vertex 65.468737 86.582892 6.321401
    endloop
  endfacet
  facet normal 0.887397 0.454711 -0.075922
    outer loop
      vertex 67.497558 85.391092 5.803291
      vertex 67.056719 86.251418 5.803291
      vertex 67.141278 86.213509 6.564599
    endloop
  endfacet
  facet normal 0.887397 0.454711 -0.075922
    outer loop
      vertex 67.497558 85.391092 5.803291
      vertex 67.141278 86.213509 6.564599
      vertex 67.590741 85.336353 6.564599
    endloop
  endfacet
  facet normal -0.886966 -0.454489 0.082043
    outer loop
      vertex 65.131699 87.114433 5.622236
      vertex 65.376216 86.637242 5.622236
      vertex 65.468737 86.582892 6.321401
    endloop
  endfacet
  facet normal -0.886966 -0.454489 0.082043
    outer loop
      vertex 65.131699 87.114433 5.622236
      vertex 65.468737 86.582892 6.321401
      vertex 65.215657 87.076793 6.321401
    endloop
  endfacet
  facet normal 0.889873 0.449759 -0.076443
    outer loop
      vertex 67.056719 86.251418 5.803291
      vertex 66.598300 87.158426 5.803291
      vertex 66.673892 87.138259 6.564599
    endloop
  endfacet
  facet normal 0.889873 0.449759 -0.076443
    outer loop
      vertex 67.056719 86.251418 5.803291
      vertex 66.673892 87.138259 6.564599
      vertex 67.141278 86.213509 6.564599
    endloop
  endfacet
  facet normal -0.889434 -0.449537 0.082605
    outer loop
      vertex 64.877431 87.617516 5.622236
      vertex 65.131699 87.114433 5.622236
      vertex 65.215657 87.076793 6.321401
    endloop
  endfacet
  facet normal -0.889434 -0.449537 0.082605
    outer loop
      vertex 64.877431 87.617516 5.622236
      vertex 65.215657 87.076793 6.321401
      vertex 64.952485 87.597493 6.321401
    endloop
  endfacet
  facet normal 0.888626 0.452249 -0.076254
    outer loop
      vertex 66.598300 87.158426 5.803291
      vertex 66.107952 88.121914 5.803291
      vertex 66.173951 88.120595 6.564599
    endloop
  endfacet
  facet normal 0.888626 0.452249 -0.076254
    outer loop
      vertex 66.598300 87.158426 5.803291
      vertex 66.173951 88.120595 6.564599
      vertex 66.673892 87.138259 6.564599
    endloop
  endfacet
  facet normal -0.888190 -0.452027 0.082401
    outer loop
      vertex 64.605452 88.151928 5.622236
      vertex 64.877431 87.617516 5.622236
      vertex 64.952485 87.597493 6.321401
    endloop
  endfacet
  facet normal -0.888190 -0.452027 0.082401
    outer loop
      vertex 64.605452 88.151928 5.622236
      vertex 64.952485 87.597493 6.321401
      vertex 64.670983 88.150618 6.321401
    endloop
  endfacet
  facet normal 0.877601 0.473446 -0.075261
    outer loop
      vertex 66.107952 88.121914 5.803291
      vertex 65.560841 89.136064 5.803291
      vertex 65.616137 89.154584 6.564599
    endloop
  endfacet
  facet normal 0.877601 0.473446 -0.075261
    outer loop
      vertex 66.107952 88.121914 5.803291
      vertex 65.616137 89.154584 6.564599
      vertex 66.173951 88.120595 6.564599
    endloop
  endfacet
  facet normal -0.877182 -0.473220 0.081329
    outer loop
      vertex 64.301990 88.714439 5.622236
      vertex 64.605452 88.151928 5.622236
      vertex 64.670983 88.150618 6.321401
    endloop
  endfacet
  facet normal -0.877182 -0.473220 0.081329
    outer loop
      vertex 64.301990 88.714439 5.622236
      vertex 64.670983 88.150618 6.321401
      vertex 64.356894 88.732828 6.321401
    endloop
  endfacet
  facet normal 0.852301 0.517718 -0.074501
    outer loop
      vertex 65.560841 89.136064 5.803291
      vertex 64.943189 90.152882 5.803291
      vertex 64.986403 90.191293 6.564599
    endloop
  endfacet
  facet normal 0.852301 0.517718 -0.074501
    outer loop
      vertex 65.560841 89.136064 5.803291
      vertex 64.986403 90.191293 6.564599
      vertex 65.616137 89.154584 6.564599
    endloop
  endfacet
  facet normal -0.851902 -0.517476 0.080508
    outer loop
      vertex 63.959401 89.278431 5.622236
      vertex 64.301990 88.714439 5.622236
      vertex 64.356894 88.732828 6.321401
    endloop
  endfacet
  facet normal -0.851902 -0.517476 0.080508
    outer loop
      vertex 63.959401 89.278431 5.622236
      vertex 64.356894 88.732828 6.321401
      vertex 64.002309 89.316569 6.321401
    endloop
  endfacet
  facet normal 0.823865 0.561787 -0.075110
    outer loop
      vertex 64.943189 90.152882 5.803291
      vertex 64.291241 91.108968 5.803291
      vertex 64.321702 91.166083 6.564599
    endloop
  endfacet
  facet normal 0.823865 0.561787 -0.075110
    outer loop
      vertex 64.943189 90.152882 5.803291
      vertex 64.321702 91.166083 6.564599
      vertex 64.986403 90.191293 6.564599
    endloop
  endfacet
  facet normal -0.823473 -0.561519 0.081166
    outer loop
      vertex 63.597790 89.808736 5.622236
      vertex 63.959401 89.278431 5.622236
      vertex 64.002309 89.316569 6.321401
    endloop
  endfacet
  facet normal -0.823473 -0.561519 0.081166
    outer loop
      vertex 63.597790 89.808736 5.622236
      vertex 64.002309 89.316569 6.321401
      vertex 63.628035 89.865445 6.321401
    endloop
  endfacet
  facet normal 0.808816 0.583116 -0.076108
    outer loop
      vertex 64.291241 91.108968 5.803291
      vertex 63.655703 91.990496 5.803291
      vertex 63.673732 92.064855 6.564599
    endloop
  endfacet
  facet normal 0.808816 0.583116 -0.076108
    outer loop
      vertex 64.291241 91.108968 5.803291
      vertex 63.673732 92.064855 6.564599
      vertex 64.321702 91.166083 6.564599
    endloop
  endfacet
  facet normal -0.808421 -0.582831 0.082243
    outer loop
      vertex 63.245281 90.297687 5.622236
      vertex 63.597790 89.808736 5.622236
      vertex 63.628035 89.865445 6.321401
    endloop
  endfacet
  facet normal -0.808421 -0.582831 0.082243
    outer loop
      vertex 63.245281 90.297687 5.622236
      vertex 63.628035 89.865445 6.321401
      vertex 63.263181 90.371518 6.321401
    endloop
  endfacet
  facet normal -0.381618 0.920773 -0.080897
    outer loop
      vertex 63.655703 91.990496 5.803291
      vertex 62.718153 91.601925 5.803291
      vertex 62.717841 91.668682 6.564599
    endloop
  endfacet
  facet normal -0.381618 0.920773 -0.080897
    outer loop
      vertex 63.655703 91.990496 5.803291
      vertex 62.717841 91.668682 6.564599
      vertex 63.673732 92.064855 6.564599
    endloop
  endfacet
  facet normal 0.381408 -0.920265 0.087413
    outer loop
      vertex 62.725256 90.082161 5.622236
      vertex 63.245281 90.297687 5.622236
      vertex 63.263181 90.371518 6.321401
    endloop
  endfacet
  facet normal 0.381408 -0.920265 0.087413
    outer loop
      vertex 62.725256 90.082161 5.622236
      vertex 63.263181 90.371518 6.321401
      vertex 62.724947 90.148444 6.321401
    endloop
  endfacet
  facet normal -0.407606 0.909653 -0.079933
    outer loop
      vertex 62.718153 91.601925 5.803291
      vertex 61.743657 91.165263 5.803291
      vertex 61.724281 91.223479 6.564599
    endloop
  endfacet
  facet normal -0.407606 0.909653 -0.079933
    outer loop
      vertex 62.718153 91.601925 5.803291
      vertex 61.724281 91.223479 6.564599
      vertex 62.717841 91.668682 6.564599
    endloop
  endfacet
  facet normal 0.407386 -0.909162 0.086372
    outer loop
      vertex 62.184739 89.839961 5.622236
      vertex 62.725256 90.082161 5.622236
      vertex 62.724947 90.148444 6.321401
    endloop
  endfacet
  facet normal 0.407386 -0.909162 0.086372
    outer loop
      vertex 62.184739 89.839961 5.622236
      vertex 62.724947 90.148444 6.321401
      vertex 62.165502 89.897763 6.321401
    endloop
  endfacet
  facet normal -0.450001 0.889485 -0.079470
    outer loop
      vertex 61.743657 91.165263 5.803291
      vertex 60.771900 90.673639 5.803291
      vertex 60.733515 90.722238 6.564599
    endloop
  endfacet
  facet normal -0.450001 0.889485 -0.079470
    outer loop
      vertex 61.743657 91.165263 5.803291
      vertex 60.733515 90.722238 6.564599
      vertex 61.724281 91.223479 6.564599
    endloop
  endfacet
  facet normal 0.449762 -0.889011 0.085872
    outer loop
      vertex 61.645742 89.567276 5.622236
      vertex 62.184739 89.839961 5.622236
      vertex 62.165502 89.897763 6.321401
    endloop
  endfacet
  facet normal 0.449762 -0.889011 0.085872
    outer loop
      vertex 61.645742 89.567276 5.622236
      vertex 62.165502 89.897763 6.321401
      vertex 61.607630 89.615529 6.321401
    endloop
  endfacet
  facet normal -0.489740 0.868180 -0.080113
    outer loop
      vertex 60.771900 90.673639 5.803291
      vertex 59.847595 90.152239 5.803291
      vertex 59.791129 90.190638 6.564599
    endloop
  endfacet
  facet normal -0.489740 0.868180 -0.080113
    outer loop
      vertex 60.771900 90.673639 5.803291
      vertex 59.791129 90.190638 6.564599
      vertex 60.733515 90.722238 6.564599
    endloop
  endfacet
  facet normal 0.489475 -0.867710 0.086567
    outer loop
      vertex 61.133064 89.278074 5.622236
      vertex 61.645742 89.567276 5.622236
      vertex 61.607630 89.615529 6.321401
    endloop
  endfacet
  facet normal 0.489475 -0.867710 0.086567
    outer loop
      vertex 61.133064 89.278074 5.622236
      vertex 61.607630 89.615529 6.321401
      vertex 61.076999 89.316200 6.321401
    endloop
  endfacet
  facet normal -0.511321 0.855557 -0.081077
    outer loop
      vertex 59.847595 90.152239 5.803291
      vertex 58.983761 89.635972 5.803291
      vertex 58.910396 89.664271 6.564599
    endloop
  endfacet
  facet normal -0.511321 0.855557 -0.081077
    outer loop
      vertex 59.847595 90.152239 5.803291
      vertex 58.910396 89.664271 6.564599
      vertex 59.791129 90.190638 6.564599
    endloop
  endfacet
  facet normal 0.511037 -0.855082 0.087607
    outer loop
      vertex 60.653927 88.991719 5.622236
      vertex 61.133064 89.278074 5.622236
      vertex 61.076999 89.316200 6.321401
    endloop
  endfacet
  facet normal 0.511037 -0.855082 0.087607
    outer loop
      vertex 60.653927 88.991719 5.622236
      vertex 61.076999 89.316200 6.321401
      vertex 60.581084 89.019818 6.321401
    endloop
  endfacet
  facet normal -0.517055 0.852063 -0.081500
    outer loop
      vertex 58.983761 89.635972 5.803291
      vertex 58.169981 89.142148 5.803291
      vertex 58.080697 89.160787 6.564599
    endloop
  endfacet
  facet normal -0.517055 0.852063 -0.081500
    outer loop
      vertex 58.983761 89.635972 5.803291
      vertex 58.080697 89.160787 6.564599
      vertex 58.910396 89.664271 6.564599
    endloop
  endfacet
  facet normal 0.516765 -0.851586 0.088064
    outer loop
      vertex 60.202553 88.717814 5.622236
      vertex 60.653927 88.991719 5.622236
      vertex 60.581084 89.019818 6.321401
    endloop
  endfacet
  facet normal 0.516765 -0.851586 0.088064
    outer loop
      vertex 60.202553 88.717814 5.622236
      vertex 60.581084 89.019818 6.321401
      vertex 60.113904 88.736321 6.321401
    endloop
  endfacet
  facet normal -0.514884 0.853398 -0.081278
    outer loop
      vertex 58.169981 89.142148 5.803291
      vertex 57.392994 88.673365 5.803291
      vertex 57.288511 88.682834 6.564599
    endloop
  endfacet
  facet normal -0.514884 0.853398 -0.081278
    outer loop
      vertex 58.169981 89.142148 5.803291
      vertex 57.288511 88.682834 6.564599
      vertex 58.080697 89.160787 6.564599
    endloop
  endfacet
  facet normal 0.514597 -0.852922 0.087824
    outer loop
      vertex 59.771587 88.457797 5.622236
      vertex 60.202553 88.717814 5.622236
      vertex 60.113904 88.736321 6.321401
    endloop
  endfacet
  facet normal 0.514597 -0.852922 0.087824
    outer loop
      vertex 59.771587 88.457797 5.622236
      vertex 60.113904 88.736321 6.321401
      vertex 59.667846 88.467199 6.321401
    endloop
  endfacet
  facet normal -0.509930 0.856428 -0.080636
    outer loop
      vertex 57.392994 88.673365 5.803291
      vertex 56.643166 88.226906 5.803291
      vertex 56.524015 88.227641 6.564599
    endloop
  endfacet
  facet normal -0.509930 0.856428 -0.080636
    outer loop
      vertex 57.392994 88.673365 5.803291
      vertex 56.524015 88.227641 6.564599
      vertex 57.288511 88.682834 6.564599
    endloop
  endfacet
  facet normal 0.509651 -0.855958 0.087131
    outer loop
      vertex 59.355685 88.210163 5.622236
      vertex 59.771587 88.457797 5.622236
      vertex 59.667846 88.467199 6.321401
    endloop
  endfacet
  facet normal 0.509651 -0.855958 0.087131
    outer loop
      vertex 59.355685 88.210163 5.622236
      vertex 59.667846 88.467199 6.321401
      vertex 59.237381 88.210893 6.321401
    endloop
  endfacet
  facet normal -0.359829 -0.928277 -0.093938
    outer loop
      vertex 56.524015 88.227641 6.564599
      vertex 57.776242 87.742240 6.564599
      vertex 57.613465 87.727561 7.333165
    endloop
  endfacet
  facet normal -0.359829 -0.928277 -0.093938
    outer loop
      vertex 56.524015 88.227641 6.564599
      vertex 57.613465 87.727561 7.333165
      vertex 56.320124 88.228900 7.333165
    endloop
  endfacet
  facet normal 0.359495 0.927417 0.103252
    outer loop
      vertex 59.942474 87.937577 6.321401
      vertex 59.237381 88.210893 6.321401
      vertex 59.032693 88.212156 7.022718
    endloop
  endfacet
  facet normal 0.359495 0.927417 0.103252
    outer loop
      vertex 59.942474 87.937577 6.321401
      vertex 59.032693 88.212156 7.022718
      vertex 59.779060 87.922841 7.022718
    endloop
  endfacet
  facet normal -0.372365 -0.923056 -0.096493
    outer loop
      vertex 57.776242 87.742240 6.564599
      vertex 59.100478 87.208036 6.564599
      vertex 58.981178 87.175819 7.333165
    endloop
  endfacet
  facet normal -0.372365 -0.923056 -0.096493
    outer loop
      vertex 57.776242 87.742240 6.564599
      vertex 58.981178 87.175819 7.333165
      vertex 57.613465 87.727561 7.333165
    endloop
  endfacet
  facet normal 0.372001 0.922154 0.106056
    outer loop
      vertex 60.688113 87.636783 6.321401
      vertex 59.942474 87.937577 6.321401
      vertex 59.779060 87.922841 7.022718
    endloop
  endfacet
  facet normal 0.372001 0.922154 0.106056
    outer loop
      vertex 60.688113 87.636783 6.321401
      vertex 59.779060 87.922841 7.022718
      vertex 60.568347 87.604439 7.022718
    endloop
  endfacet
  facet normal -0.382027 -0.918959 -0.097821
    outer loop
      vertex 59.100478 87.208036 6.564599
      vertex 60.550762 86.605128 6.564599
      vertex 60.479078 86.553116 7.333165
    endloop
  endfacet
  facet normal -0.382027 -0.918959 -0.097821
    outer loop
      vertex 59.100478 87.208036 6.564599
      vertex 60.479078 86.553116 7.333165
      vertex 58.981178 87.175819 7.333165
    endloop
  endfacet
  facet normal 0.381643 0.918036 0.107513
    outer loop
      vertex 61.504726 87.297302 6.321401
      vertex 60.688113 87.636783 6.321401
      vertex 60.568347 87.604439 7.022718
    endloop
  endfacet
  facet normal 0.381643 0.918036 0.107513
    outer loop
      vertex 61.504726 87.297302 6.321401
      vertex 60.568347 87.604439 7.022718
      vertex 61.432762 87.245087 7.022718
    endloop
  endfacet
  facet normal -0.345627 -0.933509 -0.095411
    outer loop
      vertex 60.550762 86.605128 6.564599
      vertex 62.207397 85.991768 6.564599
      vertex 62.190104 85.919618 7.333165
    endloop
  endfacet
  facet normal -0.345627 -0.933509 -0.095411
    outer loop
      vertex 60.550762 86.605128 6.564599
      vertex 62.190104 85.919618 7.333165
      vertex 60.479078 86.553116 7.333165
    endloop
  endfacet
  facet normal 0.345296 0.932616 0.104869
    outer loop
      vertex 62.437530 86.951937 6.321401
      vertex 61.504726 87.297302 6.321401
      vertex 61.432762 87.245087 7.022718
    endloop
  endfacet
  facet normal 0.345296 0.932616 0.104869
    outer loop
      vertex 62.437530 86.951937 6.321401
      vertex 61.432762 87.245087 7.022718
      vertex 62.420170 86.879504 7.022718
    endloop
  endfacet
  facet normal -0.255686 -0.961976 -0.096059
    outer loop
      vertex 62.207397 85.991768 6.564599
      vertex 63.884026 85.546133 6.564599
      vertex 63.921780 85.459352 7.333165
    endloop
  endfacet
  facet normal -0.255686 -0.961976 -0.096059
    outer loop
      vertex 62.207397 85.991768 6.564599
      vertex 63.921780 85.459352 7.333165
      vertex 62.190104 85.919618 7.333165
    endloop
  endfacet
  facet normal 0.255438 0.961043 0.105580
    outer loop
      vertex 63.381592 86.701012 6.321401
      vertex 62.437530 86.951937 6.321401
      vertex 62.420170 86.879504 7.022718
    endloop
  endfacet
  facet normal 0.255438 0.961043 0.105580
    outer loop
      vertex 63.381592 86.701012 6.321401
      vertex 62.420170 86.879504 7.022718
      vertex 63.419494 86.613892 7.022718
    endloop
  endfacet
  facet normal -0.232475 -0.967668 -0.097842
    outer loop
      vertex 63.884026 85.546133 6.564599
      vertex 65.378530 85.187089 6.564599
      vertex 65.465352 85.088520 7.333165
    endloop
  endfacet
  facet normal -0.232475 -0.967668 -0.097842
    outer loop
      vertex 63.884026 85.546133 6.564599
      vertex 65.465352 85.088520 7.333165
      vertex 63.921780 85.459352 7.333165
    endloop
  endfacet
  facet normal 0.232241 0.966695 0.107536
    outer loop
      vertex 64.223104 86.498845 6.321401
      vertex 63.381592 86.701012 6.321401
      vertex 63.419494 86.613892 7.022718
    endloop
  endfacet
  facet normal 0.232241 0.966695 0.107536
    outer loop
      vertex 64.223104 86.498845 6.321401
      vertex 63.419494 86.613892 7.022718
      vertex 64.310266 86.399890 7.022718
    endloop
  endfacet
  facet normal -0.244898 -0.964778 -0.096068
    outer loop
      vertex 65.378530 85.187089 6.564599
      vertex 66.743767 84.840539 6.564599
      vertex 66.875412 84.730592 7.333165
    endloop
  endfacet
  facet normal -0.244898 -0.964778 -0.096068
    outer loop
      vertex 65.378530 85.187089 6.564599
      vertex 66.875412 84.730592 7.333165
      vertex 65.465352 85.088520 7.333165
    endloop
  endfacet
  facet normal 0.244660 0.963842 0.105590
    outer loop
      vertex 64.991830 86.303713 6.321401
      vertex 64.223104 86.498845 6.321401
      vertex 64.310266 86.399890 7.022718
    endloop
  endfacet
  facet normal 0.244660 0.963842 0.105590
    outer loop
      vertex 64.991830 86.303713 6.321401
      vertex 64.310266 86.399890 7.022718
      vertex 65.123991 86.193336 7.022718
    endloop
  endfacet
  facet normal -0.257518 -0.961742 -0.093472
    outer loop
      vertex 66.743767 84.840539 6.564599
      vertex 68.029058 84.496387 6.564599
      vertex 68.202902 84.375141 7.333165
    endloop
  endfacet
  facet normal -0.257518 -0.961742 -0.093472
    outer loop
      vertex 66.743767 84.840539 6.564599
      vertex 68.202902 84.375141 7.333165
      vertex 66.875412 84.730592 7.333165
    endloop
  endfacet
  facet normal 0.257282 0.960859 0.102742
    outer loop
      vertex 65.715540 86.109931 6.321401
      vertex 64.991830 86.303713 6.321401
      vertex 65.123991 86.193336 7.022718
    endloop
  endfacet
  facet normal 0.257282 0.960859 0.102742
    outer loop
      vertex 65.715540 86.109931 6.321401
      vertex 65.123991 86.193336 7.022718
      vertex 65.890065 85.988210 7.022718
    endloop
  endfacet
  facet normal 0.879428 0.458909 -0.126525
    outer loop
      vertex 68.029058 84.496387 6.564599
      vertex 67.590741 85.336353 6.564599
      vertex 67.750195 85.242685 7.333165
    endloop
  endfacet
  facet normal 0.879428 0.458909 -0.126525
    outer loop
      vertex 68.029058 84.496387 6.564599
      vertex 67.750195 85.242685 7.333165
      vertex 68.202902 84.375141 7.333165
    endloop
  endfacet
  facet normal -0.877951 -0.458138 0.138966
    outer loop
      vertex 65.468737 86.582892 6.321401
      vertex 65.715540 86.109931 6.321401
      vertex 65.890065 85.988210 7.022718
    endloop
  endfacet
  facet normal -0.877951 -0.458138 0.138966
    outer loop
      vertex 65.468737 86.582892 6.321401
      vertex 65.890065 85.988210 7.022718
      vertex 65.628814 86.488857 7.022718
    endloop
  endfacet
  facet normal 0.882645 0.452276 -0.128001
    outer loop
      vertex 67.590741 85.336353 6.564599
      vertex 67.141278 86.213509 6.564599
      vertex 67.285975 86.148640 7.333165
    endloop
  endfacet
  facet normal 0.882645 0.452276 -0.128001
    outer loop
      vertex 67.590741 85.336353 6.564599
      vertex 67.285975 86.148640 7.333165
      vertex 67.750195 85.242685 7.333165
    endloop
  endfacet
  facet normal -0.881128 -0.451498 0.140582
    outer loop
      vertex 65.215657 87.076793 6.321401
      vertex 65.468737 86.582892 6.321401
      vertex 65.628814 86.488857 7.022718
    endloop
  endfacet
  facet normal -0.881128 -0.451498 0.140582
    outer loop
      vertex 65.215657 87.076793 6.321401
      vertex 65.628814 86.488857 7.022718
      vertex 65.360920 87.011670 7.022718
    endloop
  endfacet
  facet normal 0.885042 0.447317 -0.128870
    outer loop
      vertex 67.141278 86.213509 6.564599
      vertex 66.673892 87.138259 6.564599
      vertex 66.803243 87.103751 7.333165
    endloop
  endfacet
  facet normal 0.885042 0.447317 -0.128870
    outer loop
      vertex 67.141278 86.213509 6.564599
      vertex 66.803243 87.103751 7.333165
      vertex 67.285975 86.148640 7.333165
    endloop
  endfacet
  facet normal -0.883500 -0.446538 0.141534
    outer loop
      vertex 64.952485 87.597493 6.321401
      vertex 65.215657 87.076793 6.321401
      vertex 65.360920 87.011670 7.022718
    endloop
  endfacet
  facet normal -0.883500 -0.446538 0.141534
    outer loop
      vertex 64.952485 87.597493 6.321401
      vertex 65.360920 87.011670 7.022718
      vertex 65.082343 87.562850 7.022718
    endloop
  endfacet
  facet normal 0.883826 0.449806 -0.128554
    outer loop
      vertex 66.673892 87.138259 6.564599
      vertex 66.173951 88.120595 6.564599
      vertex 66.286888 88.118339 7.333165
    endloop
  endfacet
  facet normal 0.883826 0.449806 -0.128554
    outer loop
      vertex 66.673892 87.138259 6.564599
      vertex 66.286888 88.118339 7.333165
      vertex 66.803243 87.103751 7.333165
    endloop
  endfacet
  facet normal -0.882293 -0.449026 0.141187
    outer loop
      vertex 64.670983 88.150618 6.321401
      vertex 64.952485 87.597493 6.321401
      vertex 65.082343 87.562850 7.022718
    endloop
  endfacet
  facet normal -0.882293 -0.449026 0.141187
    outer loop
      vertex 64.670983 88.150618 6.321401
      vertex 65.082343 87.562850 7.022718
      vertex 64.784362 88.148354 7.022718
    endloop
  endfacet
  facet normal 0.872983 0.470954 -0.126899
    outer loop
      vertex 66.173951 88.120595 6.564599
      vertex 65.616137 89.154584 6.564599
      vertex 65.710761 89.186276 7.333165
    endloop
  endfacet
  facet normal 0.872983 0.470954 -0.126899
    outer loop
      vertex 66.173951 88.120595 6.564599
      vertex 65.710761 89.186276 7.333165
      vertex 66.286888 88.118339 7.333165
    endloop
  endfacet
  facet normal -0.871508 -0.470159 0.139375
    outer loop
      vertex 64.356894 88.732828 6.321401
      vertex 64.670983 88.150618 6.321401
      vertex 64.784362 88.148354 7.022718
    endloop
  endfacet
  facet normal -0.871508 -0.470159 0.139375
    outer loop
      vertex 64.356894 88.732828 6.321401
      vertex 64.784362 88.148354 7.022718
      vertex 64.451887 88.764644 7.022718
    endloop
  endfacet
  facet normal 0.847905 0.515048 -0.125629
    outer loop
      vertex 65.616137 89.154584 6.564599
      vertex 64.986403 90.191293 6.564599
      vertex 65.060351 90.257023 7.333165
    endloop
  endfacet
  facet normal 0.847905 0.515048 -0.125629
    outer loop
      vertex 65.616137 89.154584 6.564599
      vertex 65.060351 90.257023 7.333165
      vertex 65.710761 89.186276 7.333165
    endloop
  endfacet
  facet normal -0.846501 -0.514195 0.137986
    outer loop
      vertex 64.002309 89.316569 6.321401
      vertex 64.356894 88.732828 6.321401
      vertex 64.451887 88.764644 7.022718
    endloop
  endfacet
  facet normal -0.846501 -0.514195 0.137986
    outer loop
      vertex 64.002309 89.316569 6.321401
      vertex 64.451887 88.764644 7.022718
      vertex 64.076546 89.382556 7.022718
    endloop
  endfacet
  facet normal 0.819547 0.558842 -0.126646
    outer loop
      vertex 64.986403 90.191293 6.564599
      vertex 64.321702 91.166083 6.564599
      vertex 64.373827 91.263816 7.333165
    endloop
  endfacet
  facet normal 0.819547 0.558842 -0.126646
    outer loop
      vertex 64.986403 90.191293 6.564599
      vertex 64.373827 91.263816 7.333165
      vertex 65.060351 90.257023 7.333165
    endloop
  endfacet
  facet normal -0.818167 -0.557901 0.139099
    outer loop
      vertex 63.628035 89.865445 6.321401
      vertex 64.002309 89.316569 6.321401
      vertex 64.076546 89.382556 7.022718
    endloop
  endfacet
  facet normal -0.818167 -0.557901 0.139099
    outer loop
      vertex 63.628035 89.865445 6.321401
      vertex 64.076546 89.382556 7.022718
      vertex 63.680363 89.963561 7.022718
    endloop
  endfacet
  facet normal 0.804463 0.579978 -0.128311
    outer loop
      vertex 64.321702 91.166083 6.564599
      vertex 63.673732 92.064855 6.564599
      vertex 63.704582 92.192098 7.333165
    endloop
  endfacet
  facet normal 0.804463 0.579978 -0.128311
    outer loop
      vertex 64.321702 91.166083 6.564599
      vertex 63.704582 92.192098 7.333165
      vertex 64.373827 91.263816 7.333165
    endloop
  endfacet
  facet normal -0.803074 -0.578976 0.140921
    outer loop
      vertex 63.263181 90.371518 6.321401
      vertex 63.628035 89.865445 6.321401
      vertex 63.680363 89.963561 7.022718
    endloop
  endfacet
  facet normal -0.803074 -0.578976 0.140921
    outer loop
      vertex 63.263181 90.371518 6.321401
      vertex 63.680363 89.963561 7.022718
      vertex 63.294152 90.499258 7.022718
    endloop
  endfacet
  facet normal -0.379301 0.915181 -0.136291
    outer loop
      vertex 63.673732 92.064855 6.564599
      vertex 62.717841 91.668682 6.564599
      vertex 62.717307 91.782918 7.333165
    endloop
  endfacet
  facet normal -0.379301 0.915181 -0.136291
    outer loop
      vertex 63.673732 92.064855 6.564599
      vertex 62.717307 91.782918 7.333165
      vertex 63.704582 92.192098 7.333165
    endloop
  endfacet
  facet normal 0.378562 -0.913398 0.149652
    outer loop
      vertex 62.724947 90.148444 6.321401
      vertex 63.263181 90.371518 6.321401
      vertex 63.294152 90.499258 7.022718
    endloop
  endfacet
  facet normal 0.378562 -0.913398 0.149652
    outer loop
      vertex 62.724947 90.148444 6.321401
      vertex 63.294152 90.499258 7.022718
      vertex 62.724411 90.263127 7.022718
    endloop
  endfacet
  facet normal -0.405188 0.904258 -0.134685
    outer loop
      vertex 62.717841 91.668682 6.564599
      vertex 61.724281 91.223479 6.564599
      vertex 61.691127 91.323097 7.333165
    endloop
  endfacet
  facet normal -0.405188 0.904258 -0.134685
    outer loop
      vertex 62.717841 91.668682 6.564599
      vertex 61.691127 91.323097 7.333165
      vertex 62.717307 91.782918 7.333165
    endloop
  endfacet
  facet normal 0.404417 -0.902537 0.147896
    outer loop
      vertex 62.165502 89.897763 6.321401
      vertex 62.724947 90.148444 6.321401
      vertex 62.724411 90.263127 7.022718
    endloop
  endfacet
  facet normal 0.404417 -0.902537 0.147896
    outer loop
      vertex 62.165502 89.897763 6.321401
      vertex 62.724411 90.263127 7.022718
      vertex 62.132217 89.997771 7.022718
    endloop
  endfacet
  facet normal -0.447363 0.884270 -0.133914
    outer loop
      vertex 61.724281 91.223479 6.564599
      vertex 60.733515 90.722238 6.564599
      vertex 60.667832 90.805399 7.333165
    endloop
  endfacet
  facet normal -0.447363 0.884270 -0.133914
    outer loop
      vertex 61.724281 91.223479 6.564599
      vertex 60.667832 90.805399 7.333165
      vertex 61.691127 91.323097 7.333165
    endloop
  endfacet
  facet normal 0.446521 -0.882607 0.147052
    outer loop
      vertex 61.607630 89.615529 6.321401
      vertex 62.165502 89.897763 6.321401
      vertex 62.132217 89.997771 7.022718
    endloop
  endfacet
  facet normal 0.446521 -0.882607 0.147052
    outer loop
      vertex 61.607630 89.615529 6.321401
      vertex 62.132217 89.997771 7.022718
      vertex 61.541689 89.699016 7.022718
    endloop
  endfacet
  facet normal -0.486823 0.863008 -0.134985
    outer loop
      vertex 60.733515 90.722238 6.564599
      vertex 59.791129 90.190638 6.564599
      vertex 59.694505 90.256346 7.333165
    endloop
  endfacet
  facet normal -0.486823 0.863008 -0.134985
    outer loop
      vertex 60.733515 90.722238 6.564599
      vertex 59.694505 90.256346 7.333165
      vertex 60.667832 90.805399 7.333165
    endloop
  endfacet
  facet normal 0.485892 -0.861359 0.148224
    outer loop
      vertex 61.076999 89.316200 6.321401
      vertex 61.607630 89.615529 6.321401
      vertex 61.541689 89.699016 7.022718
    endloop
  endfacet
  facet normal 0.485892 -0.861359 0.148224
    outer loop
      vertex 61.076999 89.316200 6.321401
      vertex 61.541689 89.699016 7.022718
      vertex 60.979997 89.382165 7.022718
    endloop
  endfacet
  facet normal -0.508202 0.850338 -0.136590
    outer loop
      vertex 59.791129 90.190638 6.564599
      vertex 58.910396 89.664271 6.564599
      vertex 58.784856 89.712697 7.333165
    endloop
  endfacet
  facet normal -0.508202 0.850338 -0.136590
    outer loop
      vertex 59.791129 90.190638 6.564599
      vertex 58.784856 89.712697 7.333165
      vertex 59.694505 90.256346 7.333165
    endloop
  endfacet
  facet normal 0.507207 -0.848674 0.149979
    outer loop
      vertex 60.581084 89.019818 6.321401
      vertex 61.076999 89.316200 6.321401
      vertex 60.979997 89.382165 7.022718
    endloop
  endfacet
  facet normal 0.507207 -0.848674 0.149979
    outer loop
      vertex 60.581084 89.019818 6.321401
      vertex 60.979997 89.382165 7.022718
      vertex 60.455052 89.068434 7.022718
    endloop
  endfacet
  facet normal -0.513868 0.846812 -0.137293
    outer loop
      vertex 58.910396 89.664271 6.564599
      vertex 58.080697 89.160787 6.564599
      vertex 57.927916 89.192683 7.333165
    endloop
  endfacet
  facet normal -0.513868 0.846812 -0.137293
    outer loop
      vertex 58.910396 89.664271 6.564599
      vertex 57.927916 89.192683 7.333165
      vertex 58.784856 89.712697 7.333165
    endloop
  endfacet
  facet normal 0.512852 -0.845137 0.150749
    outer loop
      vertex 60.113904 88.736321 6.321401
      vertex 60.581084 89.019818 6.321401
      vertex 60.455052 89.068434 7.022718
    endloop
  endfacet
  facet normal 0.512852 -0.845137 0.150749
    outer loop
      vertex 60.113904 88.736321 6.321401
      vertex 60.455052 89.068434 7.022718
      vertex 59.960525 88.768341 7.022718
    endloop
  endfacet
  facet normal -0.511728 0.848166 -0.136924
    outer loop
      vertex 58.080697 89.160787 6.564599
      vertex 57.288511 88.682834 6.564599
      vertex 57.109720 88.699037 7.333165
    endloop
  endfacet
  facet normal -0.511728 0.848166 -0.136924
    outer loop
      vertex 58.080697 89.160787 6.564599
      vertex 57.109720 88.699037 7.333165
      vertex 57.927916 89.192683 7.333165
    endloop
  endfacet
  facet normal 0.510722 -0.846499 0.150345
    outer loop
      vertex 59.667846 88.467199 6.321401
      vertex 60.113904 88.736321 6.321401
      vertex 59.960525 88.768341 7.022718
    endloop
  endfacet
  facet normal 0.510722 -0.846499 0.150345
    outer loop
      vertex 59.667846 88.467199 6.321401
      vertex 59.960525 88.768341 7.022718
      vertex 59.488357 88.483466 7.022718
    endloop
  endfacet
  facet normal -0.506853 0.851260 -0.135855
    outer loop
      vertex 57.288511 88.682834 6.564599
      vertex 56.524015 88.227641 6.564599
      vertex 56.320124 88.228900 7.333165
    endloop
  endfacet
  facet normal -0.506853 0.851260 -0.135855
    outer loop
      vertex 57.288511 88.682834 6.564599
      vertex 56.320124 88.228900 7.333165
      vertex 57.109720 88.699037 7.333165
    endloop
  endfacet
  facet normal 0.505872 -0.849612 0.149176
    outer loop
      vertex 59.237381 88.210893 6.321401
      vertex 59.667846 88.467199 6.321401
      vertex 59.488357 88.483466 7.022718
    endloop
  endfacet
  facet normal 0.505872 -0.849612 0.149176
    outer loop
      vertex 59.237381 88.210893 6.321401
      vertex 59.488357 88.483466 7.022718
      vertex 59.032693 88.212156 7.022718
    endloop
  endfacet
  facet normal -0.357737 -0.922880 -0.142535
    outer loop
      vertex 56.320124 88.228900 7.333165
      vertex 57.613465 87.727561 7.333165
      vertex 57.363402 87.705012 8.106779
    endloop
  endfacet
  facet normal -0.357737 -0.922880 -0.142535
    outer loop
      vertex 56.320124 88.228900 7.333165
      vertex 57.363402 87.705012 8.106779
      vertex 56.006902 88.230833 8.106779
    endloop
  endfacet
  facet normal 0.357021 0.921034 0.155665
    outer loop
      vertex 59.779060 87.922841 7.022718
      vertex 59.032693 88.212156 7.022718
      vertex 58.721301 88.214078 7.725530
    endloop
  endfacet
  facet normal 0.357021 0.921034 0.155665
    outer loop
      vertex 59.779060 87.922841 7.022718
      vertex 58.721301 88.214078 7.725530
      vertex 59.530459 87.900424 7.725530
    endloop
  endfacet
  facet normal -0.370082 -0.917396 -0.146365
    outer loop
      vertex 57.613465 87.727561 7.333165
      vertex 58.981178 87.175819 7.333165
      vertex 58.797907 87.126326 8.106779
    endloop
  endfacet
  facet normal -0.370082 -0.917396 -0.146365
    outer loop
      vertex 57.613465 87.727561 7.333165
      vertex 58.797907 87.126326 8.106779
      vertex 57.363402 87.705012 8.106779
    endloop
  endfacet
  facet normal 0.369302 0.915462 0.159831
    outer loop
      vertex 60.568347 87.604439 7.022718
      vertex 59.779060 87.922841 7.022718
      vertex 59.530459 87.900424 7.725530
    endloop
  endfacet
  facet normal 0.369302 0.915462 0.159831
    outer loop
      vertex 60.568347 87.604439 7.022718
      vertex 59.530459 87.900424 7.725530
      vertex 60.386147 87.555236 7.725530
    endloop
  endfacet
  facet normal -0.379621 -0.913170 -0.148355
    outer loop
      vertex 58.981178 87.175819 7.333165
      vertex 60.479078 86.553116 7.333165
      vertex 60.368955 86.473214 8.106779
    endloop
  endfacet
  facet normal -0.379621 -0.913170 -0.148355
    outer loop
      vertex 58.981178 87.175819 7.333165
      vertex 60.368955 86.473214 8.106779
      vertex 58.797907 87.126326 8.106779
    endloop
  endfacet
  facet normal 0.378798 0.911192 0.161994
    outer loop
      vertex 61.432762 87.245087 7.022718
      vertex 60.568347 87.604439 7.022718
      vertex 60.386147 87.555236 7.725530
    endloop
  endfacet
  facet normal 0.378798 0.911192 0.161994
    outer loop
      vertex 61.432762 87.245087 7.022718
      vertex 60.386147 87.555236 7.725530
      vertex 61.323283 87.165652 7.725530
    endloop
  endfacet
  facet normal -0.343554 -0.927912 -0.144743
    outer loop
      vertex 60.479078 86.553116 7.333165
      vertex 62.190104 85.919618 7.333165
      vertex 62.163538 85.808779 8.106779
    endloop
  endfacet
  facet normal -0.343554 -0.927912 -0.144743
    outer loop
      vertex 60.479078 86.553116 7.333165
      vertex 62.163538 85.808779 8.106779
      vertex 60.368955 86.473214 8.106779
    endloop
  endfacet
  facet normal 0.342846 0.925998 0.158067
    outer loop
      vertex 62.420170 86.879504 7.022718
      vertex 61.432762 87.245087 7.022718
      vertex 61.323283 87.165652 7.725530
    endloop
  endfacet
  facet normal 0.342846 0.925998 0.158067
    outer loop
      vertex 62.420170 86.879504 7.022718
      vertex 61.323283 87.165652 7.725530
      vertex 62.393759 86.769314 7.725530
    endloop
  endfacet
  facet normal -0.254132 -0.956130 -0.145716
    outer loop
      vertex 62.190104 85.919618 7.333165
      vertex 63.921780 85.459352 7.333165
      vertex 63.979780 85.326036 8.106779
    endloop
  endfacet
  facet normal -0.254132 -0.956130 -0.145716
    outer loop
      vertex 62.190104 85.919618 7.333165
      vertex 63.979780 85.326036 8.106779
      vertex 62.163538 85.808779 8.106779
    endloop
  endfacet
  facet normal 0.253601 0.954131 0.159124
    outer loop
      vertex 63.419494 86.613892 7.022718
      vertex 62.420170 86.879504 7.022718
      vertex 62.393759 86.769314 7.725530
    endloop
  endfacet
  facet normal 0.253601 0.954131 0.159124
    outer loop
      vertex 63.419494 86.613892 7.022718
      vertex 62.393759 86.769314 7.725530
      vertex 63.477154 86.481355 7.725530
    endloop
  endfacet
  facet normal -0.231010 -0.961569 -0.148386
    outer loop
      vertex 63.921780 85.459352 7.333165
      vertex 65.465352 85.088520 7.333165
      vertex 65.598731 84.937095 8.106779
    endloop
  endfacet
  facet normal -0.231010 -0.961569 -0.148386
    outer loop
      vertex 63.921780 85.459352 7.333165
      vertex 65.598731 84.937095 8.106779
      vertex 63.979780 85.326036 8.106779
    endloop
  endfacet
  facet normal 0.230509 0.959485 0.162028
    outer loop
      vertex 64.310266 86.399890 7.022718
      vertex 63.419494 86.613892 7.022718
      vertex 63.477154 86.481355 7.725530
    endloop
  endfacet
  facet normal 0.230509 0.959485 0.162028
    outer loop
      vertex 64.310266 86.399890 7.022718
      vertex 63.477154 86.481355 7.725530
      vertex 64.442865 86.249351 7.725530
    endloop
  endfacet
  facet normal -0.243409 -0.958914 -0.145729
    outer loop
      vertex 65.465352 85.088520 7.333165
      vertex 66.875412 84.730592 7.333165
      vertex 67.077651 84.561688 8.106779
    endloop
  endfacet
  facet normal -0.243409 -0.958914 -0.145729
    outer loop
      vertex 65.465352 85.088520 7.333165
      vertex 67.077651 84.561688 8.106779
      vertex 65.598731 84.937095 8.106779
    endloop
  endfacet
  facet normal 0.242900 0.956909 0.159138
    outer loop
      vertex 65.123991 86.193336 7.022718
      vertex 64.310266 86.399890 7.022718
      vertex 64.442865 86.249351 7.725530
    endloop
  endfacet
  facet normal 0.242900 0.956909 0.159138
    outer loop
      vertex 65.123991 86.193336 7.022718
      vertex 64.442865 86.249351 7.725530
      vertex 65.325046 86.025419 7.725530
    endloop
  endfacet
  facet normal -0.256035 -0.956205 -0.141837
    outer loop
      vertex 66.875412 84.730592 7.333165
      vertex 68.202902 84.375141 7.333165
      vertex 68.469968 84.188878 8.106779
    endloop
  endfacet
  facet normal -0.256035 -0.956205 -0.141837
    outer loop
      vertex 66.875412 84.730592 7.333165
      vertex 68.469968 84.188878 8.106779
      vertex 67.077651 84.561688 8.106779
    endloop
  endfacet
  facet normal 0.255528 0.954311 0.154905
    outer loop
      vertex 65.890065 85.988210 7.022718
      vertex 65.123991 86.193336 7.022718
      vertex 65.325046 86.025419 7.725530
    endloop
  endfacet
  facet normal 0.255528 0.954311 0.154905
    outer loop
      vertex 65.890065 85.988210 7.022718
      vertex 65.325046 86.025419 7.725530
      vertex 66.155569 85.803037 7.725530
    endloop
  endfacet
  facet normal 0.870218 0.454103 -0.191080
    outer loop
      vertex 68.202902 84.375141 7.333165
      vertex 67.750195 85.242685 7.333165
      vertex 67.995152 85.098788 8.106779
    endloop
  endfacet
  facet normal 0.870218 0.454103 -0.191080
    outer loop
      vertex 68.202902 84.375141 7.333165
      vertex 67.995152 85.098788 8.106779
      vertex 68.469968 84.188878 8.106779
    endloop
  endfacet
  facet normal -0.867097 -0.452474 0.208351
    outer loop
      vertex 65.628814 86.488857 7.022718
      vertex 65.890065 85.988210 7.022718
      vertex 66.155569 85.803037 7.725530
    endloop
  endfacet
  facet normal -0.867097 -0.452474 0.208351
    outer loop
      vertex 65.628814 86.488857 7.022718
      vertex 66.155569 85.803037 7.725530
      vertex 65.872340 86.345801 7.725530
    endloop
  endfacet
  facet normal 0.873188 0.447429 -0.193262
    outer loop
      vertex 67.750195 85.242685 7.333165
      vertex 67.285975 86.148640 7.333165
      vertex 67.508263 86.048985 8.106779
    endloop
  endfacet
  facet normal 0.873188 0.447429 -0.193262
    outer loop
      vertex 67.750195 85.242685 7.333165
      vertex 67.508263 86.048985 8.106779
      vertex 67.995152 85.098788 8.106779
    endloop
  endfacet
  facet normal -0.869985 -0.445788 0.210712
    outer loop
      vertex 65.360920 87.011670 7.022718
      vertex 65.628814 86.488857 7.022718
      vertex 65.872340 86.345801 7.725530
    endloop
  endfacet
  facet normal -0.869985 -0.445788 0.210712
    outer loop
      vertex 65.360920 87.011670 7.022718
      vertex 65.872340 86.345801 7.725530
      vertex 65.581908 86.912597 7.725530
    endloop
  endfacet
  facet normal 0.875432 0.442460 -0.194547
    outer loop
      vertex 67.285975 86.148640 7.333165
      vertex 66.803243 87.103751 7.333165
      vertex 67.001957 87.050739 8.106779
    endloop
  endfacet
  facet normal 0.875432 0.442460 -0.194547
    outer loop
      vertex 67.285975 86.148640 7.333165
      vertex 67.001957 87.050739 8.106779
      vertex 67.508263 86.048985 8.106779
    endloop
  endfacet
  facet normal -0.872178 -0.440816 0.212103
    outer loop
      vertex 65.082343 87.562850 7.022718
      vertex 65.360920 87.011670 7.022718
      vertex 65.581908 86.912597 7.725530
    endloop
  endfacet
  facet normal -0.872178 -0.440816 0.212103
    outer loop
      vertex 65.082343 87.562850 7.022718
      vertex 65.581908 86.912597 7.725530
      vertex 65.279895 87.510148 7.725530
    endloop
  endfacet
  facet normal 0.874275 0.444945 -0.194080
    outer loop
      vertex 66.803243 87.103751 7.333165
      vertex 66.286888 88.118339 7.333165
      vertex 66.460387 88.114874 8.106779
    endloop
  endfacet
  facet normal 0.874275 0.444945 -0.194080
    outer loop
      vertex 66.803243 87.103751 7.333165
      vertex 66.460387 88.114874 8.106779
      vertex 67.001957 87.050739 8.106779
    endloop
  endfacet
  facet normal -0.871041 -0.443299 0.211597
    outer loop
      vertex 64.784362 88.148354 7.022718
      vertex 65.082343 87.562850 7.022718
      vertex 65.279895 87.510148 7.725530
    endloop
  endfacet
  facet normal -0.871041 -0.443299 0.211597
    outer loop
      vertex 64.784362 88.148354 7.022718
      vertex 65.279895 87.510148 7.725530
      vertex 64.956846 88.144908 7.725530
    endloop
  endfacet
  facet normal 0.863786 0.465993 -0.191633
    outer loop
      vertex 66.286888 88.118339 7.333165
      vertex 65.710761 89.186276 7.333165
      vertex 65.856124 89.234963 8.106779
    endloop
  endfacet
  facet normal 0.863786 0.465993 -0.191633
    outer loop
      vertex 66.286888 88.118339 7.333165
      vertex 65.856124 89.234963 8.106779
      vertex 66.460387 88.114874 8.106779
    endloop
  endfacet
  facet normal -0.860671 -0.464313 0.208949
    outer loop
      vertex 64.451887 88.764644 7.022718
      vertex 64.784362 88.148354 7.022718
      vertex 64.956846 88.144908 7.725530
    endloop
  endfacet
  facet normal -0.860671 -0.464313 0.208949
    outer loop
      vertex 64.451887 88.764644 7.022718
      vertex 64.956846 88.144908 7.725530
      vertex 64.596401 88.813046 7.725530
    endloop
  endfacet
  facet normal 0.839148 0.509729 -0.189756
    outer loop
      vertex 65.710761 89.186276 7.333165
      vertex 65.060351 90.257023 7.333165
      vertex 65.173951 90.357998 8.106779
    endloop
  endfacet
  facet normal 0.839148 0.509729 -0.189756
    outer loop
      vertex 65.710761 89.186276 7.333165
      vertex 65.173951 90.357998 8.106779
      vertex 65.856124 89.234963 8.106779
    endloop
  endfacet
  facet normal -0.836180 -0.507926 0.206917
    outer loop
      vertex 64.076546 89.382556 7.022718
      vertex 64.451887 88.764644 7.022718
      vertex 64.596401 88.813046 7.725530
    endloop
  endfacet
  facet normal -0.836180 -0.507926 0.206917
    outer loop
      vertex 64.076546 89.382556 7.022718
      vertex 64.596401 88.813046 7.725530
      vertex 64.189482 89.482941 7.725530
    endloop
  endfacet
  facet normal 0.810947 0.552978 -0.191260
    outer loop
      vertex 65.060351 90.257023 7.333165
      vertex 64.373827 91.263816 7.333165
      vertex 64.453901 91.413958 8.106779
    endloop
  endfacet
  facet normal 0.810947 0.552978 -0.191260
    outer loop
      vertex 65.060351 90.257023 7.333165
      vertex 64.453901 91.413958 8.106779
      vertex 65.173951 90.357998 8.106779
    endloop
  endfacet
  facet normal -0.808033 -0.550991 0.208545
    outer loop
      vertex 63.680363 89.963561 7.022718
      vertex 64.076546 89.382556 7.022718
      vertex 64.189482 89.482941 7.725530
    endloop
  endfacet
  facet normal -0.808033 -0.550991 0.208545
    outer loop
      vertex 63.680363 89.963561 7.022718
      vertex 64.189482 89.482941 7.725530
      vertex 63.759970 90.112825 7.725530
    endloop
  endfacet
  facet normal 0.795802 0.573734 -0.193721
    outer loop
      vertex 64.373827 91.263816 7.333165
      vertex 63.704582 92.192098 7.333165
      vertex 63.751974 92.387571 8.106779
    endloop
  endfacet
  facet normal 0.795802 0.573734 -0.193721
    outer loop
      vertex 64.373827 91.263816 7.333165
      vertex 63.751974 92.387571 8.106779
      vertex 64.453901 91.413958 8.106779
    endloop
  endfacet
  facet normal -0.792869 -0.571620 0.211208
    outer loop
      vertex 63.294152 90.499258 7.022718
      vertex 63.680363 89.963561 7.022718
      vertex 63.759970 90.112825 7.725530
    endloop
  endfacet
  facet normal -0.792869 -0.571620 0.211208
    outer loop
      vertex 63.294152 90.499258 7.022718
      vertex 63.759970 90.112825 7.725530
      vertex 63.341267 90.693589 7.725530
    endloop
  endfacet
  facet normal -0.374703 0.904087 -0.205486
    outer loop
      vertex 63.704582 92.192098 7.333165
      vertex 62.717307 91.782918 7.333165
      vertex 62.716487 91.958409 8.106779
    endloop
  endfacet
  facet normal -0.374703 0.904087 -0.205486
    outer loop
      vertex 63.704582 92.192098 7.333165
      vertex 62.716487 91.958409 8.106779
      vertex 63.751974 92.387571 8.106779
    endloop
  endfacet
  facet normal 0.373150 -0.900341 0.223933
    outer loop
      vertex 62.724411 90.263127 7.022718
      vertex 63.294152 90.499258 7.022718
      vertex 63.341267 90.693589 7.725530
    endloop
  endfacet
  facet normal 0.373150 -0.900341 0.223933
    outer loop
      vertex 62.724411 90.263127 7.022718
      vertex 63.341267 90.693589 7.725530
      vertex 62.723595 90.437592 7.725530
    endloop
  endfacet
  facet normal -0.400390 0.893549 -0.203123
    outer loop
      vertex 62.717307 91.782918 7.333165
      vertex 61.691127 91.323097 7.333165
      vertex 61.640194 91.476133 8.106779
    endloop
  endfacet
  facet normal -0.400390 0.893549 -0.203123
    outer loop
      vertex 62.717307 91.782918 7.333165
      vertex 61.640194 91.476133 8.106779
      vertex 62.716487 91.958409 8.106779
    endloop
  endfacet
  facet normal 0.398768 -0.889930 0.221378
    outer loop
      vertex 62.132217 89.997771 7.022718
      vertex 62.724411 90.263127 7.022718
      vertex 62.723595 90.437592 7.725530
    endloop
  endfacet
  facet normal 0.398768 -0.889930 0.221378
    outer loop
      vertex 62.132217 89.997771 7.022718
      vertex 62.723595 90.437592 7.725530
      vertex 62.081582 90.149913 7.725530
    endloop
  endfacet
  facet normal -0.442124 0.873915 -0.201986
    outer loop
      vertex 61.691127 91.323097 7.333165
      vertex 60.667832 90.805399 7.333165
      vertex 60.566927 90.933154 8.106779
    endloop
  endfacet
  facet normal -0.442124 0.873915 -0.201986
    outer loop
      vertex 61.691127 91.323097 7.333165
      vertex 60.566927 90.933154 8.106779
      vertex 61.640194 91.476133 8.106779
    endloop
  endfacet
  facet normal 0.440354 -0.870415 0.220150
    outer loop
      vertex 61.541689 89.699016 7.022718
      vertex 62.132217 89.997771 7.022718
      vertex 62.081582 90.149913 7.725530
    endloop
  endfacet
  facet normal 0.440354 -0.870415 0.220150
    outer loop
      vertex 61.541689 89.699016 7.022718
      vertex 62.081582 90.149913 7.725530
      vertex 61.441374 89.826024 7.725530
    endloop
  endfacet
  facet normal -0.481032 0.852743 -0.203565
    outer loop
      vertex 60.667832 90.805399 7.333165
      vertex 59.694505 90.256346 7.333165
      vertex 59.546068 90.357288 8.106779
    endloop
  endfacet
  facet normal -0.481032 0.852743 -0.203565
    outer loop
      vertex 60.667832 90.805399 7.333165
      vertex 59.546068 90.357288 8.106779
      vertex 60.566927 90.933154 8.106779
    endloop
  endfacet
  facet normal 0.479075 -0.849274 0.221856
    outer loop
      vertex 60.979997 89.382165 7.022718
      vertex 61.541689 89.699016 7.022718
      vertex 61.441374 89.826024 7.725530
    endloop
  endfacet
  facet normal 0.479075 -0.849274 0.221856
    outer loop
      vertex 60.979997 89.382165 7.022718
      vertex 61.441374 89.826024 7.725530
      vertex 60.832428 89.482517 7.725530
    endloop
  endfacet
  facet normal -0.502015 0.839985 -0.205926
    outer loop
      vertex 59.694505 90.256346 7.333165
      vertex 58.784856 89.712697 7.333165
      vertex 58.591997 89.787091 8.106779
    endloop
  endfacet
  facet normal -0.502015 0.839985 -0.205926
    outer loop
      vertex 59.694505 90.256346 7.333165
      vertex 58.591997 89.787091 8.106779
      vertex 59.546068 90.357288 8.106779
    endloop
  endfacet
  facet normal 0.499925 -0.836490 0.224409
    outer loop
      vertex 60.455052 89.068434 7.022718
      vertex 60.979997 89.382165 7.022718
      vertex 60.832428 89.482517 7.725530
    endloop
  endfacet
  facet normal 0.499925 -0.836490 0.224409
    outer loop
      vertex 60.455052 89.068434 7.022718
      vertex 60.832428 89.482517 7.725530
      vertex 60.263321 89.142392 7.725530
    endloop
  endfacet
  facet normal -0.507549 0.836398 -0.206961
    outer loop
      vertex 58.784856 89.712697 7.333165
      vertex 57.927916 89.192683 7.333165
      vertex 57.693209 89.241682 8.106779
    endloop
  endfacet
  facet normal -0.507549 0.836398 -0.206961
    outer loop
      vertex 58.784856 89.712697 7.333165
      vertex 57.693209 89.241682 8.106779
      vertex 58.591997 89.787091 8.106779
    endloop
  endfacet
  facet normal 0.505416 -0.832882 0.225527
    outer loop
      vertex 59.960525 88.768341 7.022718
      vertex 60.455052 89.068434 7.022718
      vertex 60.263321 89.142392 7.725530
    endloop
  endfacet
  facet normal 0.505416 -0.832882 0.225527
    outer loop
      vertex 59.960525 88.768341 7.022718
      vertex 60.263321 89.142392 7.725530
      vertex 59.727190 88.817054 7.725530
    endloop
  endfacet
  facet normal -0.505468 0.837791 -0.206418
    outer loop
      vertex 57.927916 89.192683 7.333165
      vertex 57.109720 88.699037 7.333165
      vertex 56.835057 88.723929 8.106779
    endloop
  endfacet
  facet normal -0.505468 0.837791 -0.206418
    outer loop
      vertex 57.927916 89.192683 7.333165
      vertex 56.835057 88.723929 8.106779
      vertex 57.693209 89.241682 8.106779
    endloop
  endfacet
  facet normal 0.503355 -0.834288 0.224940
    outer loop
      vertex 59.488357 88.483466 7.022718
      vertex 59.960525 88.768341 7.022718
      vertex 59.727190 88.817054 7.725530
    endloop
  endfacet
  facet normal 0.503355 -0.834288 0.224940
    outer loop
      vertex 59.488357 88.483466 7.022718
      vertex 59.727190 88.817054 7.725530
      vertex 59.215299 88.508212 7.725530
    endloop
  endfacet
  facet normal -0.500747 0.841006 -0.204845
    outer loop
      vertex 57.109720 88.699037 7.333165
      vertex 56.320124 88.228900 7.333165
      vertex 56.006902 88.230833 8.106779
    endloop
  endfacet
  facet normal -0.500747 0.841006 -0.204845
    outer loop
      vertex 57.109720 88.699037 7.333165
      vertex 56.006902 88.230833 8.106779
      vertex 56.835057 88.723929 8.106779
    endloop
  endfacet
  facet normal 0.498685 -0.837542 0.223240
    outer loop
      vertex 59.032693 88.212156 7.022718
      vertex 59.488357 88.483466 7.022718
      vertex 59.215299 88.508212 7.725530
    endloop
  endfacet
  facet normal 0.498685 -0.837542 0.223240
    outer loop
      vertex 59.032693 88.212156 7.022718
      vertex 59.215299 88.508212 7.725530
      vertex 58.721301 88.214078 7.725530
    endloop
  endfacet
  facet normal -0.354248 -0.913879 -0.198325
    outer loop
      vertex 56.006902 88.230833 8.106779
      vertex 57.363402 87.705012 8.106779
      vertex 57.010742 87.673211 8.883234
    endloop
  endfacet
  facet normal -0.354248 -0.913879 -0.198325
    outer loop
      vertex 56.006902 88.230833 8.106779
      vertex 57.010742 87.673211 8.883234
      vertex 55.565170 88.233560 8.883234
    endloop
  endfacet
  facet normal 0.352914 0.910439 0.215760
    outer loop
      vertex 59.530459 87.900424 7.725530
      vertex 58.721301 88.214078 7.725530
      vertex 58.284149 88.216777 8.429184
    endloop
  endfacet
  facet normal 0.352914 0.910439 0.215760
    outer loop
      vertex 59.530459 87.900424 7.725530
      vertex 58.284149 88.216777 8.429184
      vertex 59.181456 87.868953 8.429184
    endloop
  endfacet
  facet normal -0.366279 -0.907969 -0.203548
    outer loop
      vertex 57.363402 87.705012 8.106779
      vertex 58.797907 87.126326 8.106779
      vertex 58.539442 87.056527 8.883234
    endloop
  endfacet
  facet normal -0.366279 -0.907969 -0.203548
    outer loop
      vertex 57.363402 87.705012 8.106779
      vertex 58.539442 87.056527 8.883234
      vertex 57.010742 87.673211 8.883234
    endloop
  endfacet
  facet normal 0.364827 0.904370 0.221398
    outer loop
      vertex 60.386147 87.555236 7.725530
      vertex 59.530459 87.900424 7.725530
      vertex 59.181456 87.868953 8.429184
    endloop
  endfacet
  facet normal 0.364827 0.904370 0.221398
    outer loop
      vertex 60.386147 87.555236 7.725530
      vertex 59.181456 87.868953 8.429184
      vertex 60.130362 87.486160 8.429184
    endloop
  endfacet
  facet normal -0.375614 -0.903533 -0.206257
    outer loop
      vertex 58.797907 87.126326 8.106779
      vertex 60.368955 86.473214 8.106779
      vertex 60.213651 86.360529 8.883234
    endloop
  endfacet
  facet normal -0.375614 -0.903533 -0.206257
    outer loop
      vertex 58.797907 87.126326 8.106779
      vertex 60.213651 86.360529 8.883234
      vertex 58.539442 87.056527 8.883234
    endloop
  endfacet
  facet normal 0.374086 0.899856 0.224320
    outer loop
      vertex 61.323283 87.165652 7.725530
      vertex 60.386147 87.555236 7.725530
      vertex 60.130362 87.486160 8.429184
    endloop
  endfacet
  facet normal 0.374086 0.899856 0.224320
    outer loop
      vertex 61.323283 87.165652 7.725530
      vertex 60.130362 87.486160 8.429184
      vertex 61.169589 87.054135 8.429184
    endloop
  endfacet
  facet normal -0.340101 -0.918583 -0.201337
    outer loop
      vertex 60.368955 86.473214 8.106779
      vertex 62.163538 85.808779 8.106779
      vertex 62.126073 85.652465 8.883234
    endloop
  endfacet
  facet normal -0.340101 -0.918583 -0.201337
    outer loop
      vertex 60.368955 86.473214 8.106779
      vertex 62.126073 85.652465 8.883234
      vertex 60.213651 86.360529 8.883234
    endloop
  endfacet
  facet normal 0.338781 0.915020 0.219012
    outer loop
      vertex 62.393759 86.769314 7.725530
      vertex 61.323283 87.165652 7.725530
      vertex 61.169589 87.054135 8.429184
    endloop
  endfacet
  facet normal 0.338781 0.915020 0.219012
    outer loop
      vertex 62.393759 86.769314 7.725530
      vertex 61.169589 87.054135 8.429184
      vertex 62.356682 86.614620 8.429184
    endloop
  endfacet
  facet normal -0.251543 -0.946390 -0.202662
    outer loop
      vertex 62.163538 85.808779 8.106779
      vertex 63.979780 85.326036 8.106779
      vertex 64.061575 85.138023 8.883234
    endloop
  endfacet
  facet normal -0.251543 -0.946390 -0.202662
    outer loop
      vertex 62.163538 85.808779 8.106779
      vertex 64.061575 85.138023 8.883234
      vertex 62.126073 85.652465 8.883234
    endloop
  endfacet
  facet normal 0.250555 0.942671 0.220442
    outer loop
      vertex 63.477154 86.481355 7.725530
      vertex 62.393759 86.769314 7.725530
      vertex 62.356682 86.614620 8.429184
    endloop
  endfacet
  facet normal 0.250555 0.942671 0.220442
    outer loop
      vertex 63.477154 86.481355 7.725530
      vertex 62.356682 86.614620 8.429184
      vertex 63.558102 86.295292 8.429184
    endloop
  endfacet
  facet normal -0.228571 -0.951418 -0.206300
    outer loop
      vertex 63.979780 85.326036 8.106779
      vertex 65.598731 84.937095 8.106779
      vertex 65.786832 84.723543 8.883234
    endloop
  endfacet
  facet normal -0.228571 -0.951418 -0.206300
    outer loop
      vertex 63.979780 85.326036 8.106779
      vertex 65.786832 84.723543 8.883234
      vertex 64.061575 85.138023 8.883234
    endloop
  endfacet
  facet normal 0.227640 0.947544 0.224367
    outer loop
      vertex 64.442865 86.249351 7.725530
      vertex 63.477154 86.481355 7.725530
      vertex 63.558102 86.295292 8.429184
    endloop
  endfacet
  facet normal 0.227640 0.947544 0.224367
    outer loop
      vertex 64.442865 86.249351 7.725530
      vertex 63.558102 86.295292 8.429184
      vertex 64.629016 86.038013 8.429184
    endloop
  endfacet
  facet normal -0.240929 -0.949144 -0.202681
    outer loop
      vertex 65.598731 84.937095 8.106779
      vertex 67.077651 84.561688 8.106779
      vertex 67.362863 84.323485 8.883234
    endloop
  endfacet
  facet normal -0.240929 -0.949144 -0.202681
    outer loop
      vertex 65.598731 84.937095 8.106779
      vertex 67.362863 84.323485 8.883234
      vertex 65.786832 84.723543 8.883234
    endloop
  endfacet
  facet normal 0.239982 0.945413 0.220462
    outer loop
      vertex 65.325046 86.025419 7.725530
      vertex 64.442865 86.249351 7.725530
      vertex 64.629016 86.038013 8.429184
    endloop
  endfacet
  facet normal 0.239982 0.945413 0.220462
    outer loop
      vertex 65.325046 86.025419 7.725530
      vertex 64.629016 86.038013 8.429184
      vertex 65.607302 85.789686 8.429184
    endloop
  endfacet
  facet normal -0.253562 -0.946969 -0.197373
    outer loop
      vertex 67.077651 84.561688 8.106779
      vertex 68.469968 84.188878 8.106779
      vertex 68.846605 83.926196 8.883234
    endloop
  endfacet
  facet normal -0.253562 -0.946969 -0.197373
    outer loop
      vertex 67.077651 84.561688 8.106779
      vertex 68.846605 83.926196 8.883234
      vertex 67.362863 84.323485 8.883234
    endloop
  endfacet
  facet normal 0.252617 0.943438 0.214732
    outer loop
      vertex 66.155569 85.803037 7.725530
      vertex 65.325046 86.025419 7.725530
      vertex 65.607302 85.789686 8.429184
    endloop
  endfacet
  facet normal 0.252617 0.943438 0.214732
    outer loop
      vertex 66.155569 85.803037 7.725530
      vertex 65.607302 85.789686 8.429184
      vertex 66.528301 85.543077 8.429184
    endloop
  endfacet
  facet normal 0.855139 0.446235 -0.263839
    outer loop
      vertex 68.469968 84.188878 8.106779
      vertex 67.995152 85.098788 8.106779
      vertex 68.340612 84.895854 8.883234
    endloop
  endfacet
  facet normal 0.855139 0.446235 -0.263839
    outer loop
      vertex 68.469968 84.188878 8.106779
      vertex 68.340612 84.895854 8.883234
      vertex 68.846605 83.926196 8.883234
    endloop
  endfacet
  facet normal -0.849467 -0.443274 0.286207
    outer loop
      vertex 65.872340 86.345801 7.725530
      vertex 66.155569 85.803037 7.725530
      vertex 66.528301 85.543077 8.429184
    endloop
  endfacet
  facet normal -0.849467 -0.443274 0.286207
    outer loop
      vertex 65.872340 86.345801 7.725530
      vertex 66.528301 85.543077 8.429184
      vertex 66.214217 86.144971 8.429184
    endloop
  endfacet
  facet normal 0.857720 0.439503 -0.266747
    outer loop
      vertex 67.995152 85.098788 8.106779
      vertex 67.508263 86.048985 8.106779
      vertex 67.821751 85.908443 8.883234
    endloop
  endfacet
  facet normal 0.857720 0.439503 -0.266747
    outer loop
      vertex 67.995152 85.098788 8.106779
      vertex 67.821751 85.908443 8.883234
      vertex 68.340612 84.895854 8.883234
    endloop
  endfacet
  facet normal -0.851905 -0.436524 0.289318
    outer loop
      vertex 65.581908 86.912597 7.725530
      vertex 65.872340 86.345801 7.725530
      vertex 66.214217 86.144971 8.429184
    endloop
  endfacet
  facet normal -0.851905 -0.436524 0.289318
    outer loop
      vertex 65.581908 86.912597 7.725530
      vertex 66.214217 86.144971 8.429184
      vertex 65.892147 86.773513 8.429184
    endloop
  endfacet
  facet normal 0.859723 0.434520 -0.268457
    outer loop
      vertex 67.508263 86.048985 8.106779
      vertex 67.001957 87.050739 8.106779
      vertex 67.282200 86.975976 8.883234
    endloop
  endfacet
  facet normal 0.859723 0.434520 -0.268457
    outer loop
      vertex 67.508263 86.048985 8.106779
      vertex 67.282200 86.975976 8.883234
      vertex 67.821751 85.908443 8.883234
    endloop
  endfacet
  facet normal -0.853820 -0.431537 0.291148
    outer loop
      vertex 65.279895 87.510148 7.725530
      vertex 65.581908 86.912597 7.725530
      vertex 65.892147 86.773513 8.429184
    endloop
  endfacet
  facet normal -0.853820 -0.431537 0.291148
    outer loop
      vertex 65.279895 87.510148 7.725530
      vertex 65.892147 86.773513 8.429184
      vertex 65.557232 87.436160 8.429184
    endloop
  endfacet
  facet normal 0.858660 0.436998 -0.267835
    outer loop
      vertex 67.001957 87.050739 8.106779
      vertex 66.460387 88.114874 8.106779
      vertex 66.705068 88.109986 8.883234
    endloop
  endfacet
  facet normal 0.858660 0.436998 -0.267835
    outer loop
      vertex 67.001957 87.050739 8.106779
      vertex 66.705068 88.109986 8.883234
      vertex 67.282200 86.975976 8.883234
    endloop
  endfacet
  facet normal -0.852792 -0.434012 0.290483
    outer loop
      vertex 64.956846 88.144908 7.725530
      vertex 65.279895 87.510148 7.725530
      vertex 65.557232 87.436160 8.429184
    endloop
  endfacet
  facet normal -0.852792 -0.434012 0.290483
    outer loop
      vertex 64.956846 88.144908 7.725530
      vertex 65.557232 87.436160 8.429184
      vertex 65.198990 88.140071 8.429184
    endloop
  endfacet
  facet normal 0.848735 0.457873 -0.264576
    outer loop
      vertex 66.460387 88.114874 8.106779
      vertex 65.856124 89.234963 8.106779
      vertex 66.061127 89.303624 8.883234
    endloop
  endfacet
  facet normal 0.848735 0.457873 -0.264576
    outer loop
      vertex 66.460387 88.114874 8.106779
      vertex 66.061127 89.303624 8.883234
      vertex 66.705068 88.109986 8.883234
    endloop
  endfacet
  facet normal -0.843074 -0.454819 0.286996
    outer loop
      vertex 64.596401 88.813046 7.725530
      vertex 64.956846 88.144908 7.725530
      vertex 65.198990 88.140071 8.429184
    endloop
  endfacet
  facet normal -0.843074 -0.454819 0.286996
    outer loop
      vertex 64.596401 88.813046 7.725530
      vertex 65.198990 88.140071 8.429184
      vertex 64.799278 88.880995 8.429184
    endloop
  endfacet
  facet normal 0.824804 0.501016 -0.262073
    outer loop
      vertex 65.856124 89.234963 8.106779
      vertex 65.173951 90.357998 8.106779
      vertex 65.334161 90.500402 8.883234
    endloop
  endfacet
  facet normal 0.824804 0.501016 -0.262073
    outer loop
      vertex 65.856124 89.234963 8.106779
      vertex 65.334161 90.500402 8.883234
      vertex 66.061127 89.303624 8.883234
    endloop
  endfacet
  facet normal -0.819404 -0.497736 0.284316
    outer loop
      vertex 64.189482 89.482941 7.725530
      vertex 64.596401 88.813046 7.725530
      vertex 64.799278 88.880995 8.429184
    endloop
  endfacet
  facet normal -0.819404 -0.497736 0.284316
    outer loop
      vertex 64.189482 89.482941 7.725530
      vertex 64.799278 88.880995 8.429184
      vertex 64.348030 89.623868 8.429184
    endloop
  endfacet
  facet normal 0.796870 0.543379 -0.264079
    outer loop
      vertex 65.173951 90.357998 8.106779
      vertex 64.453901 91.413958 8.106779
      vertex 64.566829 91.625700 8.883234
    endloop
  endfacet
  facet normal 0.796870 0.543379 -0.264079
    outer loop
      vertex 65.173951 90.357998 8.106779
      vertex 64.566829 91.625700 8.883234
      vertex 65.334161 90.500402 8.883234
    endloop
  endfacet
  facet normal -0.791574 -0.539768 0.286463
    outer loop
      vertex 63.759970 90.112825 7.725530
      vertex 64.189482 89.482941 7.725530
      vertex 64.348030 89.623868 8.429184
    endloop
  endfacet
  facet normal -0.791574 -0.539768 0.286463
    outer loop
      vertex 63.759970 90.112825 7.725530
      vertex 64.348030 89.623868 8.429184
      vertex 63.871727 90.322372 8.429184
    endloop
  endfacet
  facet normal 0.781640 0.563524 -0.267357
    outer loop
      vertex 64.453901 91.413958 8.106779
      vertex 63.751974 92.387571 8.106779
      vertex 63.818811 92.663244 8.883234
    endloop
  endfacet
  facet normal 0.781640 0.563524 -0.267357
    outer loop
      vertex 64.453901 91.413958 8.106779
      vertex 63.818811 92.663244 8.883234
      vertex 64.566829 91.625700 8.883234
    endloop
  endfacet
  facet normal -0.776317 -0.559686 0.289971
    outer loop
      vertex 63.341267 90.693589 7.725530
      vertex 63.759970 90.112825 7.725530
      vertex 63.871727 90.322372 8.429184
    endloop
  endfacet
  facet normal -0.776317 -0.559686 0.289971
    outer loop
      vertex 63.341267 90.693589 7.725530
      vertex 63.871727 90.322372 8.429184
      vertex 63.407411 90.966404 8.429184
    endloop
  endfacet
  facet normal -0.367225 0.886044 -0.282971
    outer loop
      vertex 63.751974 92.387571 8.106779
      vertex 62.716487 91.958409 8.106779
      vertex 62.715330 92.205902 8.883234
    endloop
  endfacet
  facet normal -0.367225 0.886044 -0.282971
    outer loop
      vertex 63.751974 92.387571 8.106779
      vertex 62.715330 92.205902 8.883234
      vertex 63.818811 92.663244 8.883234
    endloop
  endfacet
  facet normal 0.364427 -0.879293 0.306656
    outer loop
      vertex 62.723595 90.437592 7.725530
      vertex 63.341267 90.693589 7.725530
      vertex 63.407411 90.966404 8.429184
    endloop
  endfacet
  facet normal 0.364427 -0.879293 0.306656
    outer loop
      vertex 62.723595 90.437592 7.725530
      vertex 63.407411 90.966404 8.429184
      vertex 62.722450 90.682519 8.429184
    endloop
  endfacet
  facet normal -0.392576 0.876112 -0.279843
    outer loop
      vertex 62.716487 91.958409 8.106779
      vertex 61.640194 91.476133 8.106779
      vertex 61.568364 91.691958 8.883234
    endloop
  endfacet
  facet normal -0.392576 0.876112 -0.279843
    outer loop
      vertex 62.716487 91.958409 8.106779
      vertex 61.568364 91.691958 8.883234
      vertex 62.715330 92.205902 8.883234
    endloop
  endfacet
  facet normal 0.389650 -0.869581 0.303316
    outer loop
      vertex 62.081582 90.149913 7.725530
      vertex 62.723595 90.437592 7.725530
      vertex 62.722450 90.682519 8.429184
    endloop
  endfacet
  facet normal 0.389650 -0.869581 0.303316
    outer loop
      vertex 62.081582 90.149913 7.725530
      vertex 62.722450 90.682519 8.429184
      vertex 62.010497 90.363500 8.429184
    endloop
  endfacet
  facet normal -0.433590 0.857046 -0.278337
    outer loop
      vertex 61.640194 91.476133 8.106779
      vertex 60.566927 90.933154 8.106779
      vertex 60.424622 91.113325 8.883234
    endloop
  endfacet
  facet normal -0.433590 0.857046 -0.278337
    outer loop
      vertex 61.640194 91.476133 8.106779
      vertex 60.424622 91.113325 8.883234
      vertex 61.568364 91.691958 8.883234
    endloop
  endfacet
  facet normal 0.430392 -0.850726 0.301709
    outer loop
      vertex 61.441374 89.826024 7.725530
      vertex 62.081582 90.149913 7.725530
      vertex 62.010497 90.363500 8.429184
    endloop
  endfacet
  facet normal 0.430392 -0.850726 0.301709
    outer loop
      vertex 61.441374 89.826024 7.725530
      vertex 62.010497 90.363500 8.429184
      vertex 61.300545 90.004326 8.429184
    endloop
  endfacet
  facet normal -0.471605 0.836031 -0.280428
    outer loop
      vertex 60.566927 90.933154 8.106779
      vertex 59.546068 90.357288 8.106779
      vertex 59.336730 90.499646 8.883234
    endloop
  endfacet
  facet normal -0.471605 0.836031 -0.280428
    outer loop
      vertex 60.566927 90.933154 8.106779
      vertex 59.336730 90.499646 8.883234
      vertex 60.424622 91.113325 8.883234
    endloop
  endfacet
  facet normal 0.468075 -0.829774 0.303942
    outer loop
      vertex 60.832428 89.482517 7.725530
      vertex 61.441374 89.826024 7.725530
      vertex 61.300545 90.004326 8.429184
    endloop
  endfacet
  facet normal 0.468075 -0.829774 0.303942
    outer loop
      vertex 60.832428 89.482517 7.725530
      vertex 61.300545 90.004326 8.429184
      vertex 60.625260 89.623399 8.429184
    endloop
  endfacet
  facet normal -0.491954 0.823152 -0.283553
    outer loop
      vertex 59.546068 90.357288 8.106779
      vertex 58.591997 89.787091 8.106779
      vertex 58.320011 89.892007 8.883234
    endloop
  endfacet
  facet normal -0.491954 0.823152 -0.283553
    outer loop
      vertex 59.546068 90.357288 8.106779
      vertex 58.320011 89.892007 8.883234
      vertex 59.336730 90.499646 8.883234
    endloop
  endfacet
  facet normal 0.488190 -0.816854 0.307277
    outer loop
      vertex 60.263321 89.142392 7.725530
      vertex 60.832428 89.482517 7.725530
      vertex 60.625260 89.623399 8.429184
    endloop
  endfacet
  facet normal 0.488190 -0.816854 0.307277
    outer loop
      vertex 60.263321 89.142392 7.725530
      vertex 60.625260 89.623399 8.429184
      vertex 59.994155 89.246221 8.429184
    endloop
  endfacet
  facet normal -0.497278 0.819472 -0.284921
    outer loop
      vertex 58.591997 89.787091 8.106779
      vertex 57.693209 89.241682 8.106779
      vertex 57.362206 89.310785 8.883234
    endloop
  endfacet
  facet normal -0.497278 0.819472 -0.284921
    outer loop
      vertex 58.591997 89.787091 8.106779
      vertex 57.362206 89.310785 8.883234
      vertex 58.320011 89.892007 8.883234
    endloop
  endfacet
  facet normal 0.493437 -0.813143 0.308737
    outer loop
      vertex 59.727190 88.817054 7.725530
      vertex 60.263321 89.142392 7.725530
      vertex 59.994155 89.246221 8.429184
    endloop
  endfacet
  facet normal 0.493437 -0.813143 0.308737
    outer loop
      vertex 59.727190 88.817054 7.725530
      vertex 59.994155 89.246221 8.429184
      vertex 59.399619 88.885440 8.429184
    endloop
  endfacet
  facet normal -0.495291 0.820923 -0.284203
    outer loop
      vertex 57.693209 89.241682 8.106779
      vertex 56.835057 88.723929 8.106779
      vertex 56.447705 88.759034 8.883234
    endloop
  endfacet
  facet normal -0.495291 0.820923 -0.284203
    outer loop
      vertex 57.693209 89.241682 8.106779
      vertex 56.447705 88.759034 8.883234
      vertex 57.362206 89.310785 8.883234
    endloop
  endfacet
  facet normal 0.491485 -0.814614 0.307971
    outer loop
      vertex 59.215299 88.508212 7.725530
      vertex 59.727190 88.817054 7.725530
      vertex 59.399619 88.885440 8.429184
    endloop
  endfacet
  facet normal 0.491485 -0.814614 0.307971
    outer loop
      vertex 59.215299 88.508212 7.725530
      vertex 59.399619 88.885440 8.429184
      vertex 58.831963 88.542953 8.429184
    endloop
  endfacet
  facet normal -0.490814 0.824323 -0.282123
    outer loop
      vertex 56.835057 88.723929 8.106779
      vertex 56.006902 88.230833 8.106779
      vertex 55.565170 88.233560 8.883234
    endloop
  endfacet
  facet normal -0.490814 0.824323 -0.282123
    outer loop
      vertex 56.835057 88.723929 8.106779
      vertex 55.565170 88.233560 8.883234
      vertex 56.447705 88.759034 8.883234
    endloop
  endfacet
  facet normal 0.487097 -0.818079 0.305751
    outer loop
      vertex 58.721301 88.214078 7.725530
      vertex 59.215299 88.508212 7.725530
      vertex 58.831963 88.542953 8.429184
    endloop
  endfacet
  facet normal 0.487097 -0.818079 0.305751
    outer loop
      vertex 58.721301 88.214078 7.725530
      vertex 58.831963 88.542953 8.429184
      vertex 58.284149 88.216777 8.429184
    endloop
  endfacet
  facet normal -0.349331 -0.901196 -0.256541
    outer loop
      vertex 55.565170 88.233560 8.883234
      vertex 57.010742 87.673211 8.883234
      vertex 56.547768 87.631463 9.660320
    endloop
  endfacet
  facet normal -0.349331 -0.901196 -0.256541
    outer loop
      vertex 55.565170 88.233560 8.883234
      vertex 56.547768 87.631463 9.660320
      vertex 54.985260 88.237139 9.660320
    endloop
  endfacet
  facet normal 0.347045 0.895297 0.279290
    outer loop
      vertex 59.181456 87.868953 8.429184
      vertex 58.284149 88.216777 8.429184
      vertex 57.708554 88.220330 9.133025
    endloop
  endfacet
  facet normal 0.347045 0.895297 0.279290
    outer loop
      vertex 59.181456 87.868953 8.429184
      vertex 57.708554 88.220330 9.133025
      vertex 58.721926 87.827516 9.133025
    endloop
  endfacet
  facet normal -0.360930 -0.894710 -0.263104
    outer loop
      vertex 57.010742 87.673211 8.883234
      vertex 58.539442 87.056527 8.883234
      vertex 58.200127 86.964893 9.660320
    endloop
  endfacet
  facet normal -0.360930 -0.894710 -0.263104
    outer loop
      vertex 57.010742 87.673211 8.883234
      vertex 58.200127 86.964893 9.660320
      vertex 56.547768 87.631463 9.660320
    endloop
  endfacet
  facet normal 0.358447 0.888553 0.286338
    outer loop
      vertex 60.130362 87.486160 8.429184
      vertex 59.181456 87.868953 8.429184
      vertex 58.721926 87.827516 9.133025
    endloop
  endfacet
  facet normal 0.358447 0.888553 0.286338
    outer loop
      vertex 60.130362 87.486160 8.429184
      vertex 58.721926 87.827516 9.133025
      vertex 59.793572 87.395209 9.133025
    endloop
  endfacet
  facet normal -0.369986 -0.889993 -0.266501
    outer loop
      vertex 58.539442 87.056527 8.883234
      vertex 60.213651 86.360529 8.883234
      vertex 60.009767 86.212595 9.660320
    endloop
  endfacet
  facet normal -0.369986 -0.889993 -0.266501
    outer loop
      vertex 58.539442 87.056527 8.883234
      vertex 60.009767 86.212595 9.660320
      vertex 58.200127 86.964893 9.660320
    endloop
  endfacet
  facet normal 0.367374 0.883711 0.289984
    outer loop
      vertex 61.169589 87.054135 8.429184
      vertex 60.130362 87.486160 8.429184
      vertex 59.793572 87.395209 9.133025
    endloop
  endfacet
  facet normal 0.367374 0.883711 0.289984
    outer loop
      vertex 61.169589 87.054135 8.429184
      vertex 59.793572 87.395209 9.133025
      vertex 60.967222 86.907302 9.133025
    endloop
  endfacet
  facet normal -0.335239 -0.905452 -0.260328
    outer loop
      vertex 60.213651 86.360529 8.883234
      vertex 62.126073 85.652465 8.883234
      vertex 62.076888 85.447254 9.660320
    endloop
  endfacet
  facet normal -0.335239 -0.905452 -0.260328
    outer loop
      vertex 60.213651 86.360529 8.883234
      vertex 62.076888 85.447254 9.660320
      vertex 60.009767 86.212595 9.660320
    endloop
  endfacet
  facet normal 0.332980 0.899351 0.283358
    outer loop
      vertex 62.356682 86.614620 8.429184
      vertex 61.169589 87.054135 8.429184
      vertex 60.967222 86.907302 9.133025
    endloop
  endfacet
  facet normal 0.332980 0.899351 0.283358
    outer loop
      vertex 62.356682 86.614620 8.429184
      vertex 60.967222 86.907302 9.133025
      vertex 62.307863 86.410936 9.133025
    endloop
  endfacet
  facet normal -0.247901 -0.932687 -0.261992
    outer loop
      vertex 62.126073 85.652465 8.883234
      vertex 64.061575 85.138023 8.883234
      vertex 64.168957 84.891198 9.660320
    endloop
  endfacet
  facet normal -0.247901 -0.932687 -0.261992
    outer loop
      vertex 62.126073 85.652465 8.883234
      vertex 64.168957 84.891198 9.660320
      vertex 62.076888 85.447254 9.660320
    endloop
  endfacet
  facet normal 0.246209 0.926323 0.285144
    outer loop
      vertex 63.558102 86.295292 8.429184
      vertex 62.356682 86.614620 8.429184
      vertex 62.307863 86.410936 9.133025
    endloop
  endfacet
  facet normal 0.246209 0.926323 0.285144
    outer loop
      vertex 63.558102 86.295292 8.429184
      vertex 62.307863 86.410936 9.133025
      vertex 63.664685 86.050304 9.133025
    endloop
  endfacet
  facet normal -0.225144 -0.937154 -0.266555
    outer loop
      vertex 64.061575 85.138023 8.883234
      vertex 65.786832 84.723543 8.883234
      vertex 66.033774 84.443190 9.660320
    endloop
  endfacet
  facet normal -0.225144 -0.937154 -0.266555
    outer loop
      vertex 64.061575 85.138023 8.883234
      vertex 66.033774 84.443190 9.660320
      vertex 64.168957 84.891198 9.660320
    endloop
  endfacet
  facet normal 0.223555 0.930537 0.290042
    outer loop
      vertex 64.629016 86.038013 8.429184
      vertex 63.558102 86.295292 8.429184
      vertex 63.664685 86.050304 9.133025
    endloop
  endfacet
  facet normal 0.223555 0.930537 0.290042
    outer loop
      vertex 64.629016 86.038013 8.429184
      vertex 63.664685 86.050304 9.133025
      vertex 64.874120 85.759746 9.133025
    endloop
  endfacet
  facet normal -0.237440 -0.935399 -0.262015
    outer loop
      vertex 65.786832 84.723543 8.883234
      vertex 67.362863 84.323485 8.883234
      vertex 67.737294 84.010771 9.660320
    endloop
  endfacet
  facet normal -0.237440 -0.935399 -0.262015
    outer loop
      vertex 65.786832 84.723543 8.883234
      vertex 67.737294 84.010771 9.660320
      vertex 66.033774 84.443190 9.660320
    endloop
  endfacet
  facet normal 0.235820 0.929014 0.285169
    outer loop
      vertex 65.607302 85.789686 8.429184
      vertex 64.629016 86.038013 8.429184
      vertex 64.874120 85.759746 9.133025
    endloop
  endfacet
  facet normal 0.235820 0.929014 0.285169
    outer loop
      vertex 65.607302 85.789686 8.429184
      vertex 64.874120 85.759746 9.133025
      vertex 65.978946 85.479299 9.133025
    endloop
  endfacet
  facet normal -0.250076 -0.933950 -0.255343
    outer loop
      vertex 67.362863 84.323485 8.883234
      vertex 68.846605 83.926196 8.883234
      vertex 69.341058 83.581344 9.660320
    endloop
  endfacet
  facet normal -0.250076 -0.933950 -0.255343
    outer loop
      vertex 67.362863 84.323485 8.883234
      vertex 69.341058 83.581344 9.660320
      vertex 67.737294 84.010771 9.660320
    endloop
  endfacet
  facet normal 0.248454 0.927893 0.278003
    outer loop
      vertex 66.528301 85.543077 8.429184
      vertex 65.607302 85.789686 8.429184
      vertex 65.978946 85.479299 9.133025
    endloop
  endfacet
  facet normal 0.248454 0.927893 0.278003
    outer loop
      vertex 66.528301 85.543077 8.429184
      vertex 65.978946 85.479299 9.133025
      vertex 67.019075 85.200792 9.133025
    endloop
  endfacet
  facet normal 0.834464 0.435446 -0.337722
    outer loop
      vertex 68.846605 83.926196 8.883234
      vertex 68.340612 84.895854 8.883234
      vertex 68.794134 84.629439 9.660320
    endloop
  endfacet
  facet normal 0.834464 0.435446 -0.337722
    outer loop
      vertex 68.846605 83.926196 8.883234
      vertex 68.794134 84.629439 9.660320
      vertex 69.341058 83.581344 9.660320
    endloop
  endfacet
  facet normal -0.825066 -0.430541 0.365924
    outer loop
      vertex 66.214217 86.144971 8.429184
      vertex 66.528301 85.543077 8.429184
      vertex 67.019075 85.200792 9.133025
    endloop
  endfacet
  facet normal -0.825066 -0.430541 0.365924
    outer loop
      vertex 66.214217 86.144971 8.429184
      vertex 67.019075 85.200792 9.133025
      vertex 66.664364 85.880539 9.133025
    endloop
  endfacet
  facet normal 0.836540 0.428651 -0.341263
    outer loop
      vertex 68.340612 84.895854 8.883234
      vertex 67.821751 85.908443 8.883234
      vertex 68.233302 85.723940 9.660320
    endloop
  endfacet
  facet normal 0.836540 0.428651 -0.341263
    outer loop
      vertex 68.340612 84.895854 8.883234
      vertex 68.233302 85.723940 9.660320
      vertex 68.794134 84.629439 9.660320
    endloop
  endfacet
  facet normal -0.826923 -0.423723 0.369673
    outer loop
      vertex 65.892147 86.773513 8.429184
      vertex 66.214217 86.144971 8.429184
      vertex 66.664364 85.880539 9.133025
    endloop
  endfacet
  facet normal -0.826923 -0.423723 0.369673
    outer loop
      vertex 65.892147 86.773513 8.429184
      vertex 66.664364 85.880539 9.133025
      vertex 66.300634 86.590382 9.133025
    endloop
  endfacet
  facet normal 0.838230 0.423658 -0.343343
    outer loop
      vertex 67.821751 85.908443 8.883234
      vertex 67.282200 86.975976 8.883234
      vertex 67.650105 86.877827 9.660320
    endloop
  endfacet
  facet normal 0.838230 0.423658 -0.343343
    outer loop
      vertex 67.821751 85.908443 8.883234
      vertex 67.650105 86.877827 9.660320
      vertex 68.233302 85.723940 9.660320
    endloop
  endfacet
  facet normal -0.828478 -0.418729 0.371875
    outer loop
      vertex 65.557232 87.436160 8.429184
      vertex 65.892147 86.773513 8.429184
      vertex 66.300634 86.590382 9.133025
    endloop
  endfacet
  facet normal -0.828478 -0.418729 0.371875
    outer loop
      vertex 65.557232 87.436160 8.429184
      vertex 66.300634 86.590382 9.133025
      vertex 65.922399 87.338741 9.133025
    endloop
  endfacet
  facet normal 0.837290 0.426122 -0.342587
    outer loop
      vertex 67.282200 86.975976 8.883234
      vertex 66.705068 88.109986 8.883234
      vertex 67.026287 88.103569 9.660320
    endloop
  endfacet
  facet normal 0.837290 0.426122 -0.342587
    outer loop
      vertex 67.282200 86.975976 8.883234
      vertex 67.026287 88.103569 9.660320
      vertex 67.650105 86.877827 9.660320
    endloop
  endfacet
  facet normal -0.827591 -0.421186 0.371075
    outer loop
      vertex 65.198990 88.140071 8.429184
      vertex 65.557232 87.436160 8.429184
      vertex 65.922399 87.338741 9.133025
    endloop
  endfacet
  facet normal -0.827591 -0.421186 0.371075
    outer loop
      vertex 65.198990 88.140071 8.429184
      vertex 65.922399 87.338741 9.133025
      vertex 65.517819 88.133702 9.133025
    endloop
  endfacet
  facet normal 0.828104 0.446744 -0.338620
    outer loop
      vertex 66.705068 88.109986 8.883234
      vertex 66.061127 89.303624 8.883234
      vertex 66.330257 89.393763 9.660320
    endloop
  endfacet
  facet normal 0.828104 0.446744 -0.338620
    outer loop
      vertex 66.705068 88.109986 8.883234
      vertex 66.330257 89.393763 9.660320
      vertex 67.026287 88.103569 9.660320
    endloop
  endfacet
  facet normal -0.818729 -0.441686 0.366875
    outer loop
      vertex 64.799278 88.880995 8.429184
      vertex 65.198990 88.140071 8.429184
      vertex 65.517819 88.133702 9.133025
    endloop
  endfacet
  facet normal -0.818729 -0.441686 0.366875
    outer loop
      vertex 64.799278 88.880995 8.429184
      vertex 65.517819 88.133702 9.133025
      vertex 65.066405 88.970463 9.133025
    endloop
  endfacet
  facet normal 0.805119 0.489058 -0.335568
    outer loop
      vertex 66.061127 89.303624 8.883234
      vertex 65.334161 90.500402 8.883234
      vertex 65.544485 90.687351 9.660320
    endloop
  endfacet
  facet normal 0.805119 0.489058 -0.335568
    outer loop
      vertex 66.061127 89.303624 8.883234
      vertex 65.544485 90.687351 9.660320
      vertex 66.330257 89.393763 9.660320
    endloop
  endfacet
  facet normal -0.796164 -0.483619 0.363641
    outer loop
      vertex 64.348030 89.623868 8.429184
      vertex 64.799278 88.880995 8.429184
      vertex 65.066405 88.970463 9.133025
    endloop
  endfacet
  facet normal -0.796164 -0.483619 0.363641
    outer loop
      vertex 64.348030 89.623868 8.429184
      vertex 65.066405 88.970463 9.133025
      vertex 64.556789 89.809426 9.133025
    endloop
  endfacet
  facet normal 0.777570 0.530219 -0.338013
    outer loop
      vertex 65.334161 90.500402 8.883234
      vertex 64.566829 91.625700 8.883234
      vertex 64.715082 91.903677 9.660320
    endloop
  endfacet
  facet normal 0.777570 0.530219 -0.338013
    outer loop
      vertex 65.334161 90.500402 8.883234
      vertex 64.715082 91.903677 9.660320
      vertex 65.544485 90.687351 9.660320
    endloop
  endfacet
  facet normal -0.768798 -0.524237 0.366233
    outer loop
      vertex 63.871727 90.322372 8.429184
      vertex 64.348030 89.623868 8.429184
      vertex 64.556789 89.809426 9.133025
    endloop
  endfacet
  facet normal -0.768798 -0.524237 0.366233
    outer loop
      vertex 63.871727 90.322372 8.429184
      vertex 64.556789 89.809426 9.133025
      vertex 64.018877 90.598280 9.133025
    endloop
  endfacet
  facet normal 0.762253 0.549547 -0.342005
    outer loop
      vertex 64.566829 91.625700 8.883234
      vertex 63.818811 92.663244 8.883234
      vertex 63.906556 93.025150 9.660320
    endloop
  endfacet
  facet normal 0.762253 0.549547 -0.342005
    outer loop
      vertex 64.566829 91.625700 8.883234
      vertex 63.906556 93.025150 9.660320
      vertex 64.715082 91.903677 9.660320
    endloop
  endfacet
  facet normal -0.753453 -0.543202 0.370459
    outer loop
      vertex 63.407411 90.966404 8.429184
      vertex 63.871727 90.322372 8.429184
      vertex 64.018877 90.598280 9.133025
    endloop
  endfacet
  facet normal -0.753453 -0.543202 0.370459
    outer loop
      vertex 63.407411 90.966404 8.429184
      vertex 64.018877 90.598280 9.133025
      vertex 63.494503 91.325616 9.133025
    endloop
  endfacet
  facet normal -0.357067 0.861535 -0.360917
    outer loop
      vertex 63.818811 92.663244 8.883234
      vertex 62.715330 92.205902 8.883234
      vertex 62.713812 92.530812 9.660320
    endloop
  endfacet
  facet normal -0.357067 0.861535 -0.360917
    outer loop
      vertex 63.818811 92.663244 8.883234
      vertex 62.713812 92.530812 9.660320
      vertex 63.906556 93.025150 9.660320
    endloop
  endfacet
  facet normal 0.352485 -0.850479 0.390435
    outer loop
      vertex 62.722450 90.682519 8.429184
      vertex 63.407411 90.966404 8.429184
      vertex 63.494503 91.325616 9.133025
    endloop
  endfacet
  facet normal 0.352485 -0.850479 0.390435
    outer loop
      vertex 62.722450 90.682519 8.429184
      vertex 63.494503 91.325616 9.133025
      vertex 62.720943 91.005011 9.133025
    endloop
  endfacet
  facet normal -0.381946 0.852389 -0.357142
    outer loop
      vertex 62.715330 92.205902 8.883234
      vertex 61.568364 91.691958 8.883234
      vertex 61.474065 91.975295 9.660320
    endloop
  endfacet
  facet normal -0.381946 0.852389 -0.357142
    outer loop
      vertex 62.715330 92.205902 8.883234
      vertex 61.474065 91.975295 9.660320
      vertex 62.713812 92.530812 9.660320
    endloop
  endfacet
  facet normal 0.377145 -0.841674 0.386454
    outer loop
      vertex 62.010497 90.363500 8.429184
      vertex 62.722450 90.682519 8.429184
      vertex 62.720943 91.005011 9.133025
    endloop
  endfacet
  facet normal 0.377145 -0.841674 0.386454
    outer loop
      vertex 62.010497 90.363500 8.429184
      vertex 62.720943 91.005011 9.133025
      vertex 61.916899 90.644728 9.133025
    endloop
  endfacet
  facet normal -0.421970 0.834078 -0.355323
    outer loop
      vertex 61.568364 91.691958 8.883234
      vertex 60.424622 91.113325 8.883234
      vertex 60.237803 91.349855 9.660320
    endloop
  endfacet
  facet normal -0.421970 0.834078 -0.355323
    outer loop
      vertex 61.568364 91.691958 8.883234
      vertex 60.237803 91.349855 9.660320
      vertex 61.474065 91.975295 9.660320
    endloop
  endfacet
  facet normal 0.416719 -0.823698 0.384534
    outer loop
      vertex 61.300545 90.004326 8.429184
      vertex 62.010497 90.363500 8.429184
      vertex 61.916899 90.644728 9.133025
    endloop
  endfacet
  facet normal 0.416719 -0.823698 0.384534
    outer loop
      vertex 61.300545 90.004326 8.429184
      vertex 61.916899 90.644728 9.133025
      vertex 61.115116 90.239096 9.133025
    endloop
  endfacet
  facet normal -0.458784 0.813303 -0.357849
    outer loop
      vertex 60.424622 91.113325 8.883234
      vertex 59.336730 90.499646 8.883234
      vertex 59.061909 90.686534 9.660320
    endloop
  endfacet
  facet normal -0.458784 0.813303 -0.357849
    outer loop
      vertex 60.424622 91.113325 8.883234
      vertex 59.061909 90.686534 9.660320
      vertex 60.237803 91.349855 9.660320
    endloop
  endfacet
  facet normal 0.452994 -0.803039 0.387200
    outer loop
      vertex 60.625260 89.623399 8.429184
      vertex 61.300545 90.004326 8.429184
      vertex 61.115116 90.239096 9.133025
    endloop
  endfacet
  facet normal 0.452994 -0.803039 0.387200
    outer loop
      vertex 60.625260 89.623399 8.429184
      vertex 61.115116 90.239096 9.133025
      vertex 60.352485 89.808896 9.133025
    endloop
  endfacet
  facet normal -0.478292 0.800292 -0.361620
    outer loop
      vertex 59.336730 90.499646 8.883234
      vertex 58.320011 89.892007 8.883234
      vertex 57.962946 90.029742 9.660320
    endloop
  endfacet
  facet normal -0.478292 0.800292 -0.361620
    outer loop
      vertex 59.336730 90.499646 8.883234
      vertex 57.962946 90.029742 9.660320
      vertex 59.061909 90.686534 9.660320
    endloop
  endfacet
  facet normal 0.472131 -0.789983 0.391176
    outer loop
      vertex 59.994155 89.246221 8.429184
      vertex 60.625260 89.623399 8.429184
      vertex 60.352485 89.808896 9.133025
    endloop
  endfacet
  facet normal 0.472131 -0.789983 0.391176
    outer loop
      vertex 59.994155 89.246221 8.429184
      vertex 60.352485 89.808896 9.133025
      vertex 59.639747 89.382930 9.133025
    endloop
  endfacet
  facet normal -0.483340 0.796504 -0.363268
    outer loop
      vertex 58.320011 89.892007 8.883234
      vertex 57.362206 89.310785 8.883234
      vertex 56.927662 89.401503 9.660320
    endloop
  endfacet
  facet normal -0.483340 0.796504 -0.363268
    outer loop
      vertex 58.320011 89.892007 8.883234
      vertex 56.927662 89.401503 9.660320
      vertex 57.962946 90.029742 9.660320
    endloop
  endfacet
  facet normal 0.477058 -0.786152 0.392913
    outer loop
      vertex 59.399619 88.885440 8.429184
      vertex 59.994155 89.246221 8.429184
      vertex 59.639747 89.382930 9.133025
    endloop
  endfacet
  facet normal 0.477058 -0.786152 0.392913
    outer loop
      vertex 59.399619 88.885440 8.429184
      vertex 59.639747 89.382930 9.133025
      vertex 58.968309 88.975483 9.133025
    endloop
  endfacet
  facet normal -0.481476 0.798026 -0.362403
    outer loop
      vertex 57.362206 89.310785 8.883234
      vertex 56.447705 88.759034 8.883234
      vertex 55.939185 88.805121 9.660320
    endloop
  endfacet
  facet normal -0.481476 0.798026 -0.362403
    outer loop
      vertex 57.362206 89.310785 8.883234
      vertex 55.939185 88.805121 9.660320
      vertex 56.927662 89.401503 9.660320
    endloop
  endfacet
  facet normal 0.475248 -0.787702 0.392001
    outer loop
      vertex 58.831963 88.542953 8.429184
      vertex 59.399619 88.885440 8.429184
      vertex 58.968309 88.975483 9.133025
    endloop
  endfacet
  facet normal 0.475248 -0.787702 0.392001
    outer loop
      vertex 58.831963 88.542953 8.429184
      vertex 58.968309 88.975483 9.133025
      vertex 58.327227 88.588697 9.133025
    endloop
  endfacet
  facet normal -0.477316 0.801652 -0.359895
    outer loop
      vertex 56.447705 88.759034 8.883234
      vertex 55.565170 88.233560 8.883234
      vertex 54.985260 88.237139 9.660320
    endloop
  endfacet
  facet normal -0.477316 0.801652 -0.359895
    outer loop
      vertex 56.447705 88.759034 8.883234
      vertex 54.985260 88.237139 9.660320
      vertex 55.939185 88.805121 9.660320
    endloop
  endfacet
  facet normal 0.471224 -0.791422 0.389358
    outer loop
      vertex 58.284149 88.216777 8.429184
      vertex 58.831963 88.542953 8.429184
      vertex 58.327227 88.588697 9.133025
    endloop
  endfacet
  facet normal 0.471224 -0.791422 0.389358
    outer loop
      vertex 58.284149 88.216777 8.429184
      vertex 58.327227 88.588697 9.133025
      vertex 57.708554 88.220330 9.133025
    endloop
  endfacet
  facet normal -0.343418 -0.885942 -0.311723
    outer loop
      vertex 54.985260 88.237139 9.660320
      vertex 56.547768 87.631463 9.660320
      vertex 55.976683 87.579966 10.435828
    endloop
  endfacet
  facet normal -0.343418 -0.885942 -0.311723
    outer loop
      vertex 54.985260 88.237139 9.660320
      vertex 55.976683 87.579966 10.435828
      vertex 54.269934 88.241555 10.435828
    endloop
  endfacet
  facet normal 0.340188 0.877609 0.337748
    outer loop
      vertex 58.721926 87.827516 9.133025
      vertex 57.708554 88.220330 9.133025
      vertex 56.998926 88.224710 9.836398
    endloop
  endfacet
  facet normal 0.340188 0.877609 0.337748
    outer loop
      vertex 58.721926 87.827516 9.133025
      vertex 56.998926 88.224710 9.836398
      vertex 58.155390 87.776429 9.836398
    endloop
  endfacet
  facet normal -0.354513 -0.878801 -0.319419
    outer loop
      vertex 56.547768 87.631463 9.660320
      vertex 58.200127 86.964893 9.660320
      vertex 57.781578 86.851863 10.435828
    endloop
  endfacet
  facet normal -0.354513 -0.878801 -0.319419
    outer loop
      vertex 56.547768 87.631463 9.660320
      vertex 57.781578 86.851863 10.435828
      vertex 55.976683 87.579966 10.435828
    endloop
  endfacet
  facet normal 0.351014 0.870129 0.345925
    outer loop
      vertex 59.793572 87.395209 9.133025
      vertex 58.721926 87.827516 9.133025
      vertex 58.155390 87.776429 9.836398
    endloop
  endfacet
  facet normal 0.351014 0.870129 0.345925
    outer loop
      vertex 59.793572 87.395209 9.133025
      vertex 58.155390 87.776429 9.836398
      vertex 59.378357 87.283078 9.836398
    endloop
  endfacet
  facet normal -0.363241 -0.873768 -0.323396
    outer loop
      vertex 58.200127 86.964893 9.660320
      vertex 60.009767 86.212595 9.660320
      vertex 59.758273 86.030117 10.435828
    endloop
  endfacet
  facet normal -0.363241 -0.873768 -0.323396
    outer loop
      vertex 58.200127 86.964893 9.660320
      vertex 59.758273 86.030117 10.435828
      vertex 57.781578 86.851863 10.435828
    endloop
  endfacet
  facet normal 0.359568 0.864933 0.350146
    outer loop
      vertex 60.967222 86.907302 9.133025
      vertex 59.793572 87.395209 9.133025
      vertex 59.378357 87.283078 9.836398
    endloop
  endfacet
  facet normal 0.359568 0.864933 0.350146
    outer loop
      vertex 60.967222 86.907302 9.133025
      vertex 59.378357 87.283078 9.836398
      vertex 60.717731 86.726277 9.836398
    endloop
  endfacet
  facet normal -0.329400 -0.889682 -0.316166
    outer loop
      vertex 60.009767 86.212595 9.660320
      vertex 62.076888 85.447254 9.660320
      vertex 62.016218 85.194124 10.435828
    endloop
  endfacet
  facet normal -0.329400 -0.889682 -0.316166
    outer loop
      vertex 60.009767 86.212595 9.660320
      vertex 62.016218 85.194124 10.435828
      vertex 59.758273 86.030117 10.435828
    endloop
  endfacet
  facet normal 0.326214 0.881078 0.342470
    outer loop
      vertex 62.307863 86.410936 9.133025
      vertex 60.967222 86.907302 9.133025
      vertex 60.717731 86.726277 9.836398
    endloop
  endfacet
  facet normal 0.326214 0.881078 0.342470
    outer loop
      vertex 62.307863 86.410936 9.133025
      vertex 60.717731 86.726277 9.836398
      vertex 62.247677 86.159823 9.836398
    endloop
  endfacet
  facet normal -0.243529 -0.916240 -0.318117
    outer loop
      vertex 62.076888 85.447254 9.660320
      vertex 64.168957 84.891198 9.660320
      vertex 64.301414 84.586737 10.435828
    endloop
  endfacet
  facet normal -0.243529 -0.916240 -0.318117
    outer loop
      vertex 62.076888 85.447254 9.660320
      vertex 64.301414 84.586737 10.435828
      vertex 62.016218 85.194124 10.435828
    endloop
  endfacet
  facet normal 0.241146 0.907270 0.344542
    outer loop
      vertex 63.664685 86.050304 9.133025
      vertex 62.307863 86.410936 9.133025
      vertex 62.247677 86.159823 9.836398
    endloop
  endfacet
  facet normal 0.241146 0.907270 0.344542
    outer loop
      vertex 63.664685 86.050304 9.133025
      vertex 62.247677 86.159823 9.836398
      vertex 63.796087 85.748267 9.836398
    endloop
  endfacet
  facet normal -0.221038 -0.920063 -0.323459
    outer loop
      vertex 64.168957 84.891198 9.660320
      vertex 66.033774 84.443190 9.660320
      vertex 66.338379 84.097371 10.435828
    endloop
  endfacet
  facet normal -0.221038 -0.920063 -0.323459
    outer loop
      vertex 64.168957 84.891198 9.660320
      vertex 66.338379 84.097371 10.435828
      vertex 64.301414 84.586737 10.435828
    endloop
  endfacet
  facet normal 0.218802 0.910756 0.350213
    outer loop
      vertex 64.874120 85.759746 9.133025
      vertex 63.664685 86.050304 9.133025
      vertex 63.796087 85.748267 9.836398
    endloop
  endfacet
  facet normal 0.218802 0.910756 0.350213
    outer loop
      vertex 64.874120 85.759746 9.133025
      vertex 63.796087 85.748267 9.836398
      vertex 65.176299 85.416681 9.836398
    endloop
  endfacet
  facet normal -0.233252 -0.918900 -0.318144
    outer loop
      vertex 66.033774 84.443190 9.660320
      vertex 67.737294 84.010771 9.660320
      vertex 68.199157 83.625034 10.435828
    endloop
  endfacet
  facet normal -0.233252 -0.918900 -0.318144
    outer loop
      vertex 66.033774 84.443190 9.660320
      vertex 68.199157 83.625034 10.435828
      vertex 66.338379 84.097371 10.435828
    endloop
  endfacet
  facet normal 0.230968 0.909904 0.344570
    outer loop
      vertex 65.978946 85.479299 9.133025
      vertex 64.874120 85.759746 9.133025
      vertex 65.176299 85.416681 9.836398
    endloop
  endfacet
  facet normal 0.230968 0.909904 0.344570
    outer loop
      vertex 65.978946 85.479299 9.133025
      vertex 65.176299 85.416681 9.836398
      vertex 66.437131 85.096634 9.836398
    endloop
  endfacet
  facet normal -0.245882 -0.918284 -0.310316
    outer loop
      vertex 67.737294 84.010771 9.660320
      vertex 69.341058 83.581344 9.660320
      vertex 69.950971 83.155965 10.435828
    endloop
  endfacet
  facet normal -0.245882 -0.918284 -0.310316
    outer loop
      vertex 67.737294 84.010771 9.660320
      vertex 69.950971 83.155965 10.435828
      vertex 68.199157 83.625034 10.435828
    endloop
  endfacet
  facet normal 0.243590 0.909725 0.336251
    outer loop
      vertex 67.019075 85.200792 9.133025
      vertex 65.978946 85.479299 9.133025
      vertex 66.437131 85.096634 9.836398
    endloop
  endfacet
  facet normal 0.243590 0.909725 0.336251
    outer loop
      vertex 67.019075 85.200792 9.133025
      vertex 66.437131 85.096634 9.836398
      vertex 67.624130 84.778801 9.836398
    endloop
  endfacet
  facet normal 0.810430 0.422904 -0.405408
    outer loop
      vertex 69.341058 83.581344 9.660320
      vertex 68.794134 84.629439 9.660320
      vertex 69.353558 84.300814 10.435828
    endloop
  endfacet
  facet normal 0.810430 0.422904 -0.405408
    outer loop
      vertex 69.341058 83.581344 9.660320
      vertex 69.353558 84.300814 10.435828
      vertex 69.950971 83.155965 10.435828
    endloop
  endfacet
  facet normal -0.797662 -0.416241 0.436439
    outer loop
      vertex 66.664364 85.880539 9.133025
      vertex 67.019075 85.200792 9.133025
      vertex 67.624130 84.778801 9.836398
    endloop
  endfacet
  facet normal -0.797662 -0.416241 0.436439
    outer loop
      vertex 66.664364 85.880539 9.133025
      vertex 67.624130 84.778801 9.836398
      vertex 67.219333 85.554531 9.836398
    endloop
  endfacet
  facet normal 0.811959 0.416055 -0.409414
    outer loop
      vertex 68.794134 84.629439 9.660320
      vertex 68.233302 85.723940 9.660320
      vertex 68.740954 85.496352 10.435828
    endloop
  endfacet
  facet normal 0.811959 0.416055 -0.409414
    outer loop
      vertex 68.794134 84.629439 9.660320
      vertex 68.740954 85.496352 10.435828
      vertex 69.353558 84.300814 10.435828
    endloop
  endfacet
  facet normal -0.798919 -0.409374 0.440614
    outer loop
      vertex 66.300634 86.590382 9.133025
      vertex 66.664364 85.880539 9.133025
      vertex 67.219333 85.554531 9.836398
    endloop
  endfacet
  facet normal -0.798919 -0.409374 0.440614
    outer loop
      vertex 66.300634 86.590382 9.133025
      vertex 67.219333 85.554531 9.836398
      vertex 66.804243 86.364607 9.836398
    endloop
  endfacet
  facet normal 0.813312 0.411064 -0.411764
    outer loop
      vertex 68.233302 85.723940 9.660320
      vertex 67.650105 86.877827 9.660320
      vertex 68.103919 86.756759 10.435828
    endloop
  endfacet
  facet normal 0.813312 0.411064 -0.411764
    outer loop
      vertex 68.233302 85.723940 9.660320
      vertex 68.103919 86.756759 10.435828
      vertex 68.740954 85.496352 10.435828
    endloop
  endfacet
  facet normal -0.800104 -0.404388 0.443063
    outer loop
      vertex 65.922399 87.338741 9.133025
      vertex 66.300634 86.590382 9.133025
      vertex 66.804243 86.364607 9.836398
    endloop
  endfacet
  facet normal -0.800104 -0.404388 0.443063
    outer loop
      vertex 65.922399 87.338741 9.133025
      vertex 66.804243 86.364607 9.836398
      vertex 66.372600 87.218638 9.836398
    endloop
  endfacet
  facet normal 0.812505 0.413508 -0.410910
    outer loop
      vertex 67.650105 86.877827 9.660320
      vertex 67.026287 88.103569 9.660320
      vertex 67.422515 88.095654 10.435828
    endloop
  endfacet
  facet normal 0.812505 0.413508 -0.410910
    outer loop
      vertex 67.650105 86.877827 9.660320
      vertex 67.422515 88.095654 10.435828
      vertex 68.103919 86.756759 10.435828
    endloop
  endfacet
  facet normal -0.799363 -0.406820 0.442173
    outer loop
      vertex 65.517819 88.133702 9.133025
      vertex 65.922399 87.338741 9.133025
      vertex 66.372600 87.218638 9.836398
    endloop
  endfacet
  facet normal -0.799363 -0.406820 0.442173
    outer loop
      vertex 65.517819 88.133702 9.133025
      vertex 66.372600 87.218638 9.836398
      vertex 65.910891 88.125850 9.836398
    endloop
  endfacet
  facet normal 0.804131 0.433811 -0.406425
    outer loop
      vertex 67.026287 88.103569 9.660320
      vertex 66.330257 89.393763 9.660320
      vertex 66.662231 89.504951 10.435828
    endloop
  endfacet
  facet normal 0.804131 0.433811 -0.406425
    outer loop
      vertex 67.026287 88.103569 9.660320
      vertex 66.662231 89.504951 10.435828
      vertex 67.422515 88.095654 10.435828
    endloop
  endfacet
  facet normal -0.791400 -0.426943 0.437499
    outer loop
      vertex 65.066405 88.970463 9.133025
      vertex 65.517819 88.133702 9.133025
      vertex 65.910891 88.125850 9.836398
    endloop
  endfacet
  facet normal -0.791400 -0.426943 0.437499
    outer loop
      vertex 65.066405 88.970463 9.133025
      vertex 65.910891 88.125850 9.836398
      vertex 65.395736 89.080766 9.836398
    endloop
  endfacet
  facet normal 0.782212 0.475144 -0.402968
    outer loop
      vertex 66.330257 89.393763 9.660320
      vertex 65.544485 90.687351 9.660320
      vertex 65.803922 90.917955 10.435828
    endloop
  endfacet
  facet normal 0.782212 0.475144 -0.402968
    outer loop
      vertex 66.330257 89.393763 9.660320
      vertex 65.803922 90.917955 10.435828
      vertex 66.662231 89.504951 10.435828
    endloop
  endfacet
  facet normal -0.770033 -0.467746 0.433893
    outer loop
      vertex 64.556789 89.809426 9.133025
      vertex 65.066405 88.970463 9.133025
      vertex 65.395736 89.080766 9.836398
    endloop
  endfacet
  facet normal -0.770033 -0.467746 0.433893
    outer loop
      vertex 64.556789 89.809426 9.133025
      vertex 65.395736 89.080766 9.836398
      vertex 64.814160 90.038193 9.836398
    endloop
  endfacet
  facet normal 0.755137 0.514922 -0.405738
    outer loop
      vertex 65.544485 90.687351 9.660320
      vertex 64.715082 91.903677 9.660320
      vertex 64.897954 92.246564 10.435828
    endloop
  endfacet
  facet normal 0.755137 0.514922 -0.405738
    outer loop
      vertex 65.544485 90.687351 9.660320
      vertex 64.897954 92.246564 10.435828
      vertex 65.803922 90.917955 10.435828
    endloop
  endfacet
  facet normal -0.743221 -0.506796 0.436783
    outer loop
      vertex 64.018877 90.598280 9.133025
      vertex 64.556789 89.809426 9.133025
      vertex 64.814160 90.038193 9.836398
    endloop
  endfacet
  facet normal -0.743221 -0.506796 0.436783
    outer loop
      vertex 64.018877 90.598280 9.133025
      vertex 64.814160 90.038193 9.836398
      vertex 64.200292 90.938436 9.836398
    endloop
  endfacet
  facet normal 0.739763 0.533332 -0.410253
    outer loop
      vertex 64.715082 91.903677 9.660320
      vertex 63.906556 93.025150 9.660320
      vertex 64.014789 93.471565 10.435828
    endloop
  endfacet
  facet normal 0.739763 0.533332 -0.410253
    outer loop
      vertex 64.715082 91.903677 9.660320
      vertex 64.014789 93.471565 10.435828
      vertex 64.897954 92.246564 10.435828
    endloop
  endfacet
  facet normal -0.727835 -0.524733 0.441489
    outer loop
      vertex 63.494503 91.325616 9.133025
      vertex 64.018877 90.598280 9.133025
      vertex 64.200292 90.938436 9.836398
    endloop
  endfacet
  facet normal -0.727835 -0.524733 0.441489
    outer loop
      vertex 63.494503 91.325616 9.133025
      vertex 64.200292 90.938436 9.836398
      vertex 63.601874 91.768476 9.836398
    endloop
  endfacet
  facet normal -0.345392 0.833366 -0.431516
    outer loop
      vertex 63.906556 93.025150 9.660320
      vertex 62.713812 92.530812 9.660320
      vertex 62.711939 92.931593 10.435828
    endloop
  endfacet
  facet normal -0.345392 0.833366 -0.431516
    outer loop
      vertex 63.906556 93.025150 9.660320
      vertex 62.711939 92.931593 10.435828
      vertex 64.014789 93.471565 10.435828
    endloop
  endfacet
  facet normal 0.339246 -0.818537 0.463583
    outer loop
      vertex 62.720943 91.005011 9.133025
      vertex 63.494503 91.325616 9.133025
      vertex 63.601874 91.768476 9.836398
    endloop
  endfacet
  facet normal 0.339246 -0.818537 0.463583
    outer loop
      vertex 62.720943 91.005011 9.133025
      vertex 63.601874 91.768476 9.836398
      vertex 62.719085 91.402600 9.836398
    endloop
  endfacet
  facet normal -0.369706 0.825071 -0.427288
    outer loop
      vertex 62.713812 92.530812 9.660320
      vertex 61.474065 91.975295 9.660320
      vertex 61.357746 92.324793 10.435828
    endloop
  endfacet
  facet normal -0.369706 0.825071 -0.427288
    outer loop
      vertex 62.713812 92.530812 9.660320
      vertex 61.357746 92.324793 10.435828
      vertex 62.711939 92.931593 10.435828
    endloop
  endfacet
  facet normal 0.363252 -0.810669 0.459198
    outer loop
      vertex 61.916899 90.644728 9.133025
      vertex 62.720943 91.005011 9.133025
      vertex 62.719085 91.402600 9.836398
    endloop
  endfacet
  facet normal 0.363252 -0.810669 0.459198
    outer loop
      vertex 61.916899 90.644728 9.133025
      vertex 62.719085 91.402600 9.836398
      vertex 61.801507 90.991443 9.836398
    endloop
  endfacet
  facet normal -0.408578 0.807607 -0.425247
    outer loop
      vertex 61.474065 91.975295 9.660320
      vertex 60.237803 91.349855 9.660320
      vertex 60.007360 91.641617 10.435828
    endloop
  endfacet
  facet normal -0.408578 0.807607 -0.425247
    outer loop
      vertex 61.474065 91.975295 9.660320
      vertex 60.007360 91.641617 10.435828
      vertex 61.357746 92.324793 10.435828
    endloop
  endfacet
  facet normal 0.401512 -0.793640 0.457081
    outer loop
      vertex 61.115116 90.239096 9.133025
      vertex 61.916899 90.644728 9.133025
      vertex 61.801507 90.991443 9.836398
    endloop
  endfacet
  facet normal 0.401512 -0.793640 0.457081
    outer loop
      vertex 61.115116 90.239096 9.133025
      vertex 61.801507 90.991443 9.836398
      vertex 60.886509 90.528534 9.836398
    endloop
  endfacet
  facet normal -0.444025 0.787140 -0.428081
    outer loop
      vertex 60.237803 91.349855 9.660320
      vertex 59.061909 90.686534 9.660320
      vertex 58.722915 90.917062 10.435828
    endloop
  endfacet
  facet normal -0.444025 0.787140 -0.428081
    outer loop
      vertex 60.237803 91.349855 9.660320
      vertex 58.722915 90.917062 10.435828
      vertex 60.007360 91.641617 10.435828
    endloop
  endfacet
  facet normal 0.436246 -0.773350 0.460021
    outer loop
      vertex 60.352485 89.808896 9.133025
      vertex 61.115116 90.239096 9.133025
      vertex 60.886509 90.528534 9.836398
    endloop
  endfacet
  facet normal 0.436246 -0.773350 0.460021
    outer loop
      vertex 60.352485 89.808896 9.133025
      vertex 60.886509 90.528534 9.836398
      vertex 60.016190 90.037588 9.836398
    endloop
  endfacet
  facet normal -0.462596 0.774029 -0.432301
    outer loop
      vertex 59.061909 90.686534 9.660320
      vertex 57.962946 90.029742 9.660320
      vertex 57.522503 90.199639 10.435828
    endloop
  endfacet
  facet normal -0.462596 0.774029 -0.432301
    outer loop
      vertex 59.061909 90.686534 9.660320
      vertex 57.522503 90.199639 10.435828
      vertex 58.722915 90.917062 10.435828
    endloop
  endfacet
  facet normal 0.454336 -0.760207 0.464396
    outer loop
      vertex 59.639747 89.382930 9.133025
      vertex 60.352485 89.808896 9.133025
      vertex 60.016190 90.037588 9.836398
    endloop
  endfacet
  facet normal 0.454336 -0.760207 0.464396
    outer loop
      vertex 59.639747 89.382930 9.133025
      vertex 60.016190 90.037588 9.836398
      vertex 59.202811 89.551475 9.836398
    endloop
  endfacet
  facet normal -0.467341 0.770138 -0.434143
    outer loop
      vertex 57.962946 90.029742 9.660320
      vertex 56.927662 89.401503 9.660320
      vertex 56.391647 89.513405 10.435828
    endloop
  endfacet
  facet normal -0.467341 0.770138 -0.434143
    outer loop
      vertex 57.962946 90.029742 9.660320
      vertex 56.391647 89.513405 10.435828
      vertex 57.522503 90.199639 10.435828
    endloop
  endfacet
  facet normal 0.458926 -0.756271 0.466305
    outer loop
      vertex 58.968309 88.975483 9.133025
      vertex 59.639747 89.382930 9.133025
      vertex 59.202811 89.551475 9.836398
    endloop
  endfacet
  facet normal 0.458926 -0.756271 0.466305
    outer loop
      vertex 58.968309 88.975483 9.133025
      vertex 59.202811 89.551475 9.836398
      vertex 58.436563 89.086494 9.836398
    endloop
  endfacet
  facet normal -0.465610 0.771728 -0.433177
    outer loop
      vertex 56.927662 89.401503 9.660320
      vertex 55.939185 88.805121 9.660320
      vertex 55.311920 88.861969 10.435828
    endloop
  endfacet
  facet normal -0.465610 0.771728 -0.433177
    outer loop
      vertex 56.927662 89.401503 9.660320
      vertex 55.311920 88.861969 10.435828
      vertex 56.391647 89.513405 10.435828
    endloop
  endfacet
  facet normal 0.457263 -0.757894 0.465304
    outer loop
      vertex 58.327227 88.588697 9.133025
      vertex 58.968309 88.975483 9.133025
      vertex 58.436563 89.086494 9.836398
    endloop
  endfacet
  facet normal 0.457263 -0.757894 0.465304
    outer loop
      vertex 58.327227 88.588697 9.133025
      vertex 58.436563 89.086494 9.836398
      vertex 57.704958 88.645092 9.836398
    endloop
  endfacet
  facet normal -0.461793 0.775582 -0.430372
    outer loop
      vertex 55.939185 88.805121 9.660320
      vertex 54.985260 88.237139 9.660320
      vertex 54.269934 88.241555 10.435828
    endloop
  endfacet
  facet normal -0.461793 0.775582 -0.430372
    outer loop
      vertex 55.939185 88.805121 9.660320
      vertex 54.269934 88.241555 10.435828
      vertex 55.311920 88.861969 10.435828
    endloop
  endfacet
  facet normal 0.453619 -0.761853 0.462397
    outer loop
      vertex 57.708554 88.220330 9.133025
      vertex 58.327227 88.588697 9.133025
      vertex 57.704958 88.645092 9.836398
    endloop
  endfacet
  facet normal 0.453619 -0.761853 0.462397
    outer loop
      vertex 57.708554 88.220330 9.133025
      vertex 57.704958 88.645092 9.836398
      vertex 56.998926 88.224710 9.836398
    endloop
  endfacet
  facet normal -0.337374 -0.870350 -0.358706
    outer loop
      vertex 54.269934 88.241555 10.435828
      vertex 55.976683 87.579966 10.435828
      vertex 55.311019 87.519941 11.207550
    endloop
  endfacet
  facet normal -0.337374 -0.870350 -0.358706
    outer loop
      vertex 54.269934 88.241555 10.435828
      vertex 55.311019 87.519941 11.207550
      vertex 53.436141 88.246701 11.207550
    endloop
  endfacet
  facet normal 0.333340 0.859942 0.386502
    outer loop
      vertex 58.155390 87.776429 9.836398
      vertex 56.998926 88.224710 9.836398
      vertex 56.171503 88.229817 10.538650
    endloop
  endfacet
  facet normal 0.333340 0.859942 0.386502
    outer loop
      vertex 58.155390 87.776429 9.836398
      vertex 56.171503 88.229817 10.538650
      vertex 57.494812 87.716862 10.538650
    endloop
  endfacet
  facet normal -0.347970 -0.862583 -0.367242
    outer loop
      vertex 55.976683 87.579966 10.435828
      vertex 57.781578 86.851863 10.435828
      vertex 57.293712 86.720113 11.207550
    endloop
  endfacet
  facet normal -0.347970 -0.862583 -0.367242
    outer loop
      vertex 55.976683 87.579966 10.435828
      vertex 57.293712 86.720113 11.207550
      vertex 55.311019 87.519941 11.207550
    endloop
  endfacet
  facet normal 0.343613 0.851782 0.395472
    outer loop
      vertex 59.378357 87.283078 9.836398
      vertex 58.155390 87.776429 9.836398
      vertex 57.494812 87.716862 10.538650
    endloop
  endfacet
  facet normal 0.343613 0.851782 0.395472
    outer loop
      vertex 59.378357 87.283078 9.836398
      vertex 57.494812 87.716862 10.538650
      vertex 58.894218 87.152335 10.538650
    endloop
  endfacet
  facet normal -0.356374 -0.857250 -0.371644
    outer loop
      vertex 57.781578 86.851863 10.435828
      vertex 59.758273 86.030117 10.435828
      vertex 59.465128 85.817418 11.207550
    endloop
  endfacet
  facet normal -0.356374 -0.857250 -0.371644
    outer loop
      vertex 57.781578 86.851863 10.435828
      vertex 59.465128 85.817418 11.207550
      vertex 57.293712 86.720113 11.207550
    endloop
  endfacet
  facet normal 0.351806 0.846261 0.400093
    outer loop
      vertex 60.717731 86.726277 9.836398
      vertex 59.378357 87.283078 9.836398
      vertex 58.894218 87.152335 10.538650
    endloop
  endfacet
  facet normal 0.351806 0.846261 0.400093
    outer loop
      vertex 60.717731 86.726277 9.836398
      vertex 58.894218 87.152335 10.538650
      vertex 60.426826 86.515203 10.538650
    endloop
  endfacet
  facet normal -0.323441 -0.873587 -0.363637
    outer loop
      vertex 59.758273 86.030117 10.435828
      vertex 62.016218 85.194124 10.435828
      vertex 61.945500 84.899073 11.207550
    endloop
  endfacet
  facet normal -0.323441 -0.873587 -0.363637
    outer loop
      vertex 59.758273 86.030117 10.435828
      vertex 61.945500 84.899073 11.207550
      vertex 59.465128 85.817418 11.207550
    endloop
  endfacet
  facet normal 0.319468 0.862857 0.391685
    outer loop
      vertex 62.247677 86.159823 9.836398
      vertex 60.717731 86.726277 9.836398
      vertex 60.426826 86.515203 10.538650
    endloop
  endfacet
  facet normal 0.319468 0.862857 0.391685
    outer loop
      vertex 62.247677 86.159823 9.836398
      vertex 60.426826 86.515203 10.538650
      vertex 62.177499 85.867026 10.538650
    endloop
  endfacet
  facet normal -0.239071 -0.899464 -0.365799
    outer loop
      vertex 62.016218 85.194124 10.435828
      vertex 64.301414 84.586737 10.435828
      vertex 64.455808 84.231852 11.207550
    endloop
  endfacet
  facet normal -0.239071 -0.899464 -0.365799
    outer loop
      vertex 62.016218 85.194124 10.435828
      vertex 64.455808 84.231852 11.207550
      vertex 61.945500 84.899073 11.207550
    endloop
  endfacet
  facet normal 0.236100 0.888287 0.393957
    outer loop
      vertex 63.796087 85.748267 9.836398
      vertex 62.247677 86.159823 9.836398
      vertex 62.177499 85.867026 10.538650
    endloop
  endfacet
  facet normal 0.236100 0.888287 0.393957
    outer loop
      vertex 63.796087 85.748267 9.836398
      vertex 62.177499 85.867026 10.538650
      vertex 63.949301 85.396094 10.538650
    endloop
  endfacet
  facet normal -0.216858 -0.902663 -0.371714
    outer loop
      vertex 64.301414 84.586737 10.435828
      vertex 66.338379 84.097371 10.435828
      vertex 66.693431 83.694280 11.207550
    endloop
  endfacet
  facet normal -0.216858 -0.902663 -0.371714
    outer loop
      vertex 64.301414 84.586737 10.435828
      vertex 66.693431 83.694280 11.207550
      vertex 64.455808 84.231852 11.207550
    endloop
  endfacet
  facet normal 0.214077 0.891088 0.400166
    outer loop
      vertex 65.176299 85.416681 9.836398
      vertex 63.796087 85.748267 9.836398
      vertex 63.949301 85.396094 10.538650
    endloop
  endfacet
  facet normal 0.214077 0.891088 0.400166
    outer loop
      vertex 65.176299 85.416681 9.836398
      vertex 63.949301 85.396094 10.538650
      vertex 65.528639 85.016670 10.538650
    endloop
  endfacet
  facet normal -0.228981 -0.902074 -0.365829
    outer loop
      vertex 66.338379 84.097371 10.435828
      vertex 68.199157 83.625034 10.435828
      vertex 68.737512 83.175414 11.207550
    endloop
  endfacet
  facet normal -0.228981 -0.902074 -0.365829
    outer loop
      vertex 66.338379 84.097371 10.435828
      vertex 68.737512 83.175414 11.207550
      vertex 66.693431 83.694280 11.207550
    endloop
  endfacet
  facet normal 0.226135 0.890863 0.393988
    outer loop
      vertex 66.437131 85.096634 9.836398
      vertex 65.176299 85.416681 9.836398
      vertex 65.528639 85.016670 10.538650
    endloop
  endfacet
  facet normal 0.226135 0.890863 0.393988
    outer loop
      vertex 66.437131 85.096634 9.836398
      vertex 65.528639 85.016670 10.538650
      vertex 66.971372 84.650449 10.538650
    endloop
  endfacet
  facet normal -0.241592 -0.902265 -0.357142
    outer loop
      vertex 68.199157 83.625034 10.435828
      vertex 69.950971 83.155965 10.435828
      vertex 70.661895 82.660137 11.207550
    endloop
  endfacet
  facet normal -0.241592 -0.902265 -0.357142
    outer loop
      vertex 68.199157 83.625034 10.435828
      vertex 70.661895 82.660137 11.207550
      vertex 68.737512 83.175414 11.207550
    endloop
  endfacet
  facet normal 0.238728 0.891568 0.384857
    outer loop
      vertex 67.624130 84.778801 9.836398
      vertex 66.437131 85.096634 9.836398
      vertex 66.971372 84.650449 10.538650
    endloop
  endfacet
  facet normal 0.238728 0.891568 0.384857
    outer loop
      vertex 67.624130 84.778801 9.836398
      vertex 66.971372 84.650449 10.538650
      vertex 68.329622 84.286761 10.538650
    endloop
  endfacet
  facet normal 0.786734 0.410539 -0.460984
    outer loop
      vertex 69.950971 83.155965 10.435828
      vertex 69.353558 84.300814 10.435828
      vertex 70.005632 83.917764 11.207550
    endloop
  endfacet
  facet normal 0.786734 0.410539 -0.460984
    outer loop
      vertex 69.950971 83.155965 10.435828
      vertex 70.005632 83.917764 11.207550
      vertex 70.661895 82.660137 11.207550
    endloop
  endfacet
  facet normal -0.771376 -0.402525 0.492903
    outer loop
      vertex 67.219333 85.554531 9.836398
      vertex 67.624130 84.778801 9.836398
      vertex 68.329622 84.286761 10.538650
    endloop
  endfacet
  facet normal -0.771376 -0.402525 0.492903
    outer loop
      vertex 67.219333 85.554531 9.836398
      vertex 68.329622 84.286761 10.538650
      vertex 67.866425 85.174407 10.538650
    endloop
  endfacet
  facet normal 0.787769 0.403660 -0.465273
    outer loop
      vertex 69.353558 84.300814 10.435828
      vertex 68.740954 85.496352 10.435828
      vertex 69.332680 85.231072 11.207550
    endloop
  endfacet
  facet normal 0.787769 0.403660 -0.465273
    outer loop
      vertex 69.353558 84.300814 10.435828
      vertex 69.332680 85.231072 11.207550
      vertex 70.005632 83.917764 11.207550
    endloop
  endfacet
  facet normal -0.772111 -0.395637 0.497308
    outer loop
      vertex 66.804243 86.364607 9.836398
      vertex 67.219333 85.554531 9.836398
      vertex 67.866425 85.174407 10.538650
    endloop
  endfacet
  facet normal -0.772111 -0.395637 0.497308
    outer loop
      vertex 66.804243 86.364607 9.836398
      vertex 67.866425 85.174407 10.538650
      vertex 67.391449 86.101354 10.538650
    endloop
  endfacet
  facet normal 0.788815 0.398682 -0.467786
    outer loop
      vertex 68.740954 85.496352 10.435828
      vertex 68.103919 86.756759 10.435828
      vertex 68.632893 86.615641 11.207550
    endloop
  endfacet
  facet normal 0.788815 0.398682 -0.467786
    outer loop
      vertex 68.740954 85.496352 10.435828
      vertex 68.632893 86.615641 11.207550
      vertex 69.332680 85.231072 11.207550
    endloop
  endfacet
  facet normal -0.772972 -0.390675 0.499888
    outer loop
      vertex 66.372600 87.218638 9.836398
      vertex 66.804243 86.364607 9.836398
      vertex 67.391449 86.101354 10.538650
    endloop
  endfacet
  facet normal -0.772972 -0.390675 0.499888
    outer loop
      vertex 66.372600 87.218638 9.836398
      vertex 67.391449 86.101354 10.538650
      vertex 66.897531 87.078597 10.538650
    endloop
  endfacet
  facet normal 0.788128 0.401103 -0.466873
    outer loop
      vertex 68.103919 86.756759 10.435828
      vertex 67.422515 88.095654 10.435828
      vertex 67.884364 88.086428 11.207550
    endloop
  endfacet
  facet normal 0.788128 0.401103 -0.466873
    outer loop
      vertex 68.103919 86.756759 10.435828
      vertex 67.884364 88.086428 11.207550
      vertex 68.632893 86.615641 11.207550
    endloop
  endfacet
  facet normal -0.772359 -0.393077 0.498951
    outer loop
      vertex 65.910891 88.125850 9.836398
      vertex 66.372600 87.218638 9.836398
      vertex 66.897531 87.078597 10.538650
    endloop
  endfacet
  facet normal -0.772359 -0.393077 0.498951
    outer loop
      vertex 65.910891 88.125850 9.836398
      vertex 66.897531 87.078597 10.538650
      vertex 66.369212 88.116695 10.538650
    endloop
  endfacet
  facet normal 0.780507 0.421066 -0.462073
    outer loop
      vertex 67.422515 88.095654 10.435828
      vertex 66.662231 89.504951 10.435828
      vertex 67.049186 89.634553 11.207550
    endloop
  endfacet
  facet normal 0.780507 0.421066 -0.462073
    outer loop
      vertex 67.422515 88.095654 10.435828
      vertex 67.049186 89.634553 11.207550
      vertex 67.884364 88.086428 11.207550
    endloop
  endfacet
  facet normal -0.765200 -0.412808 0.494022
    outer loop
      vertex 65.395736 89.080766 9.836398
      vertex 65.910891 88.125850 9.836398
      vertex 66.369212 88.116695 10.538650
    endloop
  endfacet
  facet normal -0.765200 -0.412808 0.494022
    outer loop
      vertex 65.395736 89.080766 9.836398
      vertex 66.369212 88.116695 10.538650
      vertex 65.779734 89.209377 10.538650
    endloop
  endfacet
  facet normal 0.759604 0.461411 -0.458368
    outer loop
      vertex 66.662231 89.504951 10.435828
      vertex 65.803922 90.917955 10.435828
      vertex 66.106325 91.186750 11.207550
    endloop
  endfacet
  facet normal 0.759604 0.461411 -0.458368
    outer loop
      vertex 66.662231 89.504951 10.435828
      vertex 66.106325 91.186750 11.207550
      vertex 67.049186 89.634553 11.207550
    endloop
  endfacet
  facet normal -0.744939 -0.452503 0.490212
    outer loop
      vertex 64.814160 90.038193 9.836398
      vertex 65.395736 89.080766 9.836398
      vertex 65.779734 89.209377 10.538650
    endloop
  endfacet
  facet normal -0.744939 -0.452503 0.490212
    outer loop
      vertex 64.814160 90.038193 9.836398
      vertex 65.779734 89.209377 10.538650
      vertex 65.114253 90.304935 10.538650
    endloop
  endfacet
  facet normal 0.733024 0.499843 -0.461338
    outer loop
      vertex 65.803922 90.917955 10.435828
      vertex 64.897954 92.246564 10.435828
      vertex 65.111112 92.646239 11.207550
    endloop
  endfacet
  facet normal 0.733024 0.499843 -0.461338
    outer loop
      vertex 65.803922 90.917955 10.435828
      vertex 65.111112 92.646239 11.207550
      vertex 66.106325 91.186750 11.207550
    endloop
  endfacet
  facet normal -0.718693 -0.490071 0.493266
    outer loop
      vertex 64.200292 90.938436 9.836398
      vertex 64.814160 90.038193 9.836398
      vertex 65.114253 90.304935 10.538650
    endloop
  endfacet
  facet normal -0.718693 -0.490071 0.493266
    outer loop
      vertex 64.200292 90.938436 9.836398
      vertex 65.114253 90.304935 10.538650
      vertex 64.411821 91.335057 10.538650
    endloop
  endfacet
  facet normal 0.717637 0.517381 -0.466171
    outer loop
      vertex 64.897954 92.246564 10.435828
      vertex 64.014789 93.471565 10.435828
      vertex 64.140948 93.991913 11.207550
    endloop
  endfacet
  facet normal 0.717637 0.517381 -0.466171
    outer loop
      vertex 64.897954 92.246564 10.435828
      vertex 64.140948 93.991913 11.207550
      vertex 65.111112 92.646239 11.207550
    endloop
  endfacet
  facet normal -0.703320 -0.507059 0.498230
    outer loop
      vertex 63.601874 91.768476 9.836398
      vertex 64.200292 90.938436 9.836398
      vertex 64.411821 91.335057 10.538650
    endloop
  endfacet
  facet normal -0.703320 -0.507059 0.498230
    outer loop
      vertex 63.601874 91.768476 9.836398
      vertex 64.411821 91.335057 10.538650
      vertex 63.727069 92.284848 10.538650
    endloop
  endfacet
  facet normal -0.334017 0.805919 -0.488802
    outer loop
      vertex 64.014789 93.471565 10.435828
      vertex 62.711939 92.931593 10.435828
      vertex 62.709755 93.398749 11.207550
    endloop
  endfacet
  facet normal -0.334017 0.805919 -0.488802
    outer loop
      vertex 64.014789 93.471565 10.435828
      vertex 62.709755 93.398749 11.207550
      vertex 64.140948 93.991913 11.207550
    endloop
  endfacet
  facet normal 0.326712 -0.788294 0.521395
    outer loop
      vertex 62.719085 91.402600 9.836398
      vertex 63.601874 91.768476 9.836398
      vertex 63.727069 92.284848 10.538650
    endloop
  endfacet
  facet normal 0.326712 -0.788294 0.521395
    outer loop
      vertex 62.719085 91.402600 9.836398
      vertex 63.727069 92.284848 10.538650
      vertex 62.716918 91.866187 10.538650
    endloop
  endfacet
  facet normal -0.357756 0.798402 -0.484319
    outer loop
      vertex 62.711939 92.931593 10.435828
      vertex 61.357746 92.324793 10.435828
      vertex 61.222163 92.732174 11.207550
    endloop
  endfacet
  facet normal -0.357756 0.798402 -0.484319
    outer loop
      vertex 62.711939 92.931593 10.435828
      vertex 61.222163 92.732174 11.207550
      vertex 62.709755 93.398749 11.207550
    endloop
  endfacet
  facet normal 0.350070 -0.781250 0.516817
    outer loop
      vertex 61.801507 90.991443 9.836398
      vertex 62.719085 91.402600 9.836398
      vertex 62.716918 91.866187 10.538650
    endloop
  endfacet
  facet normal 0.350070 -0.781250 0.516817
    outer loop
      vertex 61.801507 90.991443 9.836398
      vertex 62.716918 91.866187 10.538650
      vertex 61.666960 91.395711 10.538650
    endloop
  endfacet
  facet normal -0.395491 0.781739 -0.482152
    outer loop
      vertex 61.357746 92.324793 10.435828
      vertex 60.007360 91.641617 10.435828
      vertex 59.738752 91.981699 11.207550
    endloop
  endfacet
  facet normal -0.395491 0.781739 -0.482152
    outer loop
      vertex 61.357746 92.324793 10.435828
      vertex 59.738752 91.981699 11.207550
      vertex 61.222163 92.732174 11.207550
    endloop
  endfacet
  facet normal 0.387068 -0.765090 0.514603
    outer loop
      vertex 60.886509 90.528534 9.836398
      vertex 61.801507 90.991443 9.836398
      vertex 61.666960 91.395711 10.538650
    endloop
  endfacet
  facet normal 0.387068 -0.765090 0.514603
    outer loop
      vertex 60.886509 90.528534 9.836398
      vertex 61.666960 91.395711 10.538650
      vertex 60.619953 90.866018 10.538650
    endloop
  endfacet
  facet normal -0.429622 0.761607 -0.485160
    outer loop
      vertex 60.007360 91.641617 10.435828
      vertex 58.722915 90.917062 10.435828
      vertex 58.327779 91.185769 11.207550
    endloop
  endfacet
  facet normal -0.429622 0.761607 -0.485160
    outer loop
      vertex 60.007360 91.641617 10.435828
      vertex 58.327779 91.185769 11.207550
      vertex 59.738752 91.981699 11.207550
    endloop
  endfacet
  facet normal 0.420361 -0.745190 0.517676
    outer loop
      vertex 60.016190 90.037588 9.836398
      vertex 60.886509 90.528534 9.836398
      vertex 60.619953 90.866018 10.538650
    endloop
  endfacet
  facet normal 0.420361 -0.745190 0.517676
    outer loop
      vertex 60.016190 90.037588 9.836398
      vertex 60.619953 90.866018 10.538650
      vertex 59.624073 90.304242 10.538650
    endloop
  endfacet
  facet normal -0.447308 0.748448 -0.489634
    outer loop
      vertex 58.722915 90.917062 10.435828
      vertex 57.522503 90.199639 10.435828
      vertex 57.009115 90.397674 11.207550
    endloop
  endfacet
  facet normal -0.447308 0.748448 -0.489634
    outer loop
      vertex 58.722915 90.917062 10.435828
      vertex 57.009115 90.397674 11.207550
      vertex 58.327779 91.185769 11.207550
    endloop
  endfacet
  facet normal 0.437493 -0.732026 0.522244
    outer loop
      vertex 59.202811 89.551475 9.836398
      vertex 60.016190 90.037588 9.836398
      vertex 59.624073 90.304242 10.538650
    endloop
  endfacet
  facet normal 0.437493 -0.732026 0.522244
    outer loop
      vertex 59.202811 89.551475 9.836398
      vertex 59.624073 90.304242 10.538650
      vertex 58.693346 89.747996 10.538650
    endloop
  endfacet
  facet normal -0.451770 0.744479 -0.491584
    outer loop
      vertex 57.522503 90.199639 10.435828
      vertex 56.391647 89.513405 10.435828
      vertex 55.766861 89.643840 11.207550
    endloop
  endfacet
  facet normal -0.451770 0.744479 -0.491584
    outer loop
      vertex 57.522503 90.199639 10.435828
      vertex 55.766861 89.643840 11.207550
      vertex 57.009115 90.397674 11.207550
    endloop
  endfacet
  facet normal 0.441781 -0.728018 0.524233
    outer loop
      vertex 58.436563 89.086494 9.836398
      vertex 59.202811 89.551475 9.836398
      vertex 58.693346 89.747996 10.538650
    endloop
  endfacet
  facet normal 0.441781 -0.728018 0.524233
    outer loop
      vertex 58.436563 89.086494 9.836398
      vertex 58.693346 89.747996 10.538650
      vertex 57.816550 89.215933 10.538650
    endloop
  endfacet
  facet normal -0.450163 0.746125 -0.490561
    outer loop
      vertex 56.391647 89.513405 10.435828
      vertex 55.311920 88.861969 10.435828
      vertex 54.580771 88.928231 11.207550
    endloop
  endfacet
  facet normal -0.450163 0.746125 -0.490561
    outer loop
      vertex 56.391647 89.513405 10.435828
      vertex 54.580771 88.928231 11.207550
      vertex 55.766861 89.643840 11.207550
    endloop
  endfacet
  facet normal 0.440249 -0.729694 0.523190
    outer loop
      vertex 57.704958 88.645092 9.836398
      vertex 58.436563 89.086494 9.836398
      vertex 57.816550 89.215933 10.538650
    endloop
  endfacet
  facet normal 0.440249 -0.729694 0.523190
    outer loop
      vertex 57.704958 88.645092 9.836398
      vertex 57.816550 89.215933 10.538650
      vertex 56.979395 88.710848 10.538650
    endloop
  endfacet
  facet normal -0.446661 0.750167 -0.487590
    outer loop
      vertex 55.311920 88.861969 10.435828
      vertex 54.269934 88.241555 10.435828
      vertex 53.436141 88.246701 11.207550
    endloop
  endfacet
  facet normal -0.446661 0.750167 -0.487590
    outer loop
      vertex 55.311920 88.861969 10.435828
      vertex 53.436141 88.246701 11.207550
      vertex 54.580771 88.928231 11.207550
    endloop
  endfacet
  facet normal 0.436939 -0.733839 0.520158
    outer loop
      vertex 56.998926 88.224710 9.836398
      vertex 57.704958 88.645092 9.836398
      vertex 56.979395 88.710848 10.538650
    endloop
  endfacet
  facet normal 0.436939 -0.733839 0.520158
    outer loop
      vertex 56.998926 88.224710 9.836398
      vertex 56.979395 88.710848 10.538650
      vertex 56.171503 88.229817 10.538650
    endloop
  endfacet
  facet normal -0.332323 -0.857317 -0.393152
    outer loop
      vertex 53.436141 88.246701 11.207550
      vertex 55.311019 87.519941 11.207550
      vertex 54.576096 87.453670 11.973275
    endloop
  endfacet
  facet normal -0.332323 -0.857317 -0.393152
    outer loop
      vertex 53.436141 88.246701 11.207550
      vertex 54.576096 87.453670 11.973275
      vertex 52.515595 88.252383 11.973275
    endloop
  endfacet
  facet normal 0.327866 0.845820 0.420824
    outer loop
      vertex 57.494812 87.716862 10.538650
      vertex 56.171503 88.229817 10.538650
      vertex 55.257878 88.235456 11.239125
    endloop
  endfacet
  facet normal 0.327866 0.845820 0.420824
    outer loop
      vertex 57.494812 87.716862 10.538650
      vertex 55.257878 88.235456 11.239125
      vertex 56.765414 87.651089 11.239125
    endloop
  endfacet
  facet normal -0.342515 -0.849060 -0.402220
    outer loop
      vertex 55.311019 87.519941 11.207550
      vertex 57.293712 86.720113 11.207550
      vertex 56.755086 86.574655 11.973275
    endloop
  endfacet
  facet normal -0.342515 -0.849060 -0.402220
    outer loop
      vertex 55.311019 87.519941 11.207550
      vertex 56.755086 86.574655 11.973275
      vertex 54.576096 87.453670 11.973275
    endloop
  endfacet
  facet normal 0.337712 0.837153 0.430263
    outer loop
      vertex 58.894218 87.152335 10.538650
      vertex 57.494812 87.716862 10.538650
      vertex 56.765414 87.651089 11.239125
    endloop
  endfacet
  facet normal 0.337712 0.837153 0.430263
    outer loop
      vertex 58.894218 87.152335 10.538650
      vertex 56.765414 87.651089 11.239125
      vertex 58.359640 87.007971 11.239125
    endloop
  endfacet
  facet normal -0.350655 -0.843494 -0.406889
    outer loop
      vertex 57.293712 86.720113 11.207550
      vertex 59.465128 85.817418 11.207550
      vertex 59.141483 85.582588 11.973275
    endloop
  endfacet
  facet normal -0.350655 -0.843494 -0.406889
    outer loop
      vertex 57.293712 86.720113 11.207550
      vertex 59.141483 85.582588 11.973275
      vertex 56.755086 86.574655 11.973275
    endloop
  endfacet
  facet normal 0.345625 0.831395 0.435115
    outer loop
      vertex 60.426826 86.515203 10.538650
      vertex 58.894218 87.152335 10.538650
      vertex 58.359640 87.007971 11.239125
    endloop
  endfacet
  facet normal 0.345625 0.831395 0.435115
    outer loop
      vertex 60.426826 86.515203 10.538650
      vertex 58.359640 87.007971 11.239125
      vertex 60.105614 86.282139 11.239125
    endloop
  endfacet
  facet normal -0.318467 -0.860152 -0.398393
    outer loop
      vertex 59.465128 85.817418 11.207550
      vertex 61.945500 84.899073 11.207550
      vertex 61.867425 84.573323 11.973275
    endloop
  endfacet
  facet normal -0.318467 -0.860152 -0.398393
    outer loop
      vertex 59.465128 85.817418 11.207550
      vertex 61.867425 84.573323 11.973275
      vertex 59.141483 85.582588 11.973275
    endloop
  endfacet
  facet normal 0.314084 0.848314 0.426281
    outer loop
      vertex 62.177499 85.867026 10.538650
      vertex 60.426826 86.515203 10.538650
      vertex 60.105614 86.282139 11.239125
    endloop
  endfacet
  facet normal 0.314084 0.848314 0.426281
    outer loop
      vertex 62.177499 85.867026 10.538650
      vertex 60.105614 86.282139 11.239125
      vertex 62.100010 85.543724 11.239125
    endloop
  endfacet
  facet normal -0.235351 -0.885471 -0.400689
    outer loop
      vertex 61.945500 84.899073 11.207550
      vertex 64.455808 84.231852 11.207550
      vertex 64.626265 83.840044 11.973275
    endloop
  endfacet
  facet normal -0.235351 -0.885471 -0.400689
    outer loop
      vertex 61.945500 84.899073 11.207550
      vertex 64.626265 83.840044 11.973275
      vertex 61.867425 84.573323 11.973275
    endloop
  endfacet
  facet normal 0.232075 0.873146 0.428670
    outer loop
      vertex 63.949301 85.396094 10.538650
      vertex 62.177499 85.867026 10.538650
      vertex 62.100010 85.543724 11.239125
    endloop
  endfacet
  facet normal 0.232075 0.873146 0.428670
    outer loop
      vertex 63.949301 85.396094 10.538650
      vertex 62.100010 85.543724 11.239125
      vertex 64.118477 85.007231 11.239125
    endloop
  endfacet
  facet normal -0.213377 -0.888173 -0.406963
    outer loop
      vertex 64.455808 84.231852 11.207550
      vertex 66.693431 83.694280 11.207550
      vertex 67.085425 83.249249 11.973275
    endloop
  endfacet
  facet normal -0.213377 -0.888173 -0.406963
    outer loop
      vertex 64.455808 84.231852 11.207550
      vertex 67.085425 83.249249 11.973275
      vertex 64.626265 83.840044 11.973275
    endloop
  endfacet
  facet normal 0.210315 0.875428 0.435193
    outer loop
      vertex 65.528639 85.016670 10.538650
      vertex 63.949301 85.396094 10.538650
      vertex 64.118477 85.007231 11.239125
    endloop
  endfacet
  facet normal 0.210315 0.875428 0.435193
    outer loop
      vertex 65.528639 85.016670 10.538650
      vertex 64.118477 85.007231 11.239125
      vertex 65.917686 84.574985 11.239125
    endloop
  endfacet
  facet normal -0.225418 -0.888037 -0.400720
    outer loop
      vertex 66.693431 83.694280 11.207550
      vertex 68.737512 83.175414 11.207550
      vertex 69.331880 82.679012 11.973275
    endloop
  endfacet
  facet normal -0.225418 -0.888037 -0.400720
    outer loop
      vertex 66.693431 83.694280 11.207550
      vertex 69.331880 82.679012 11.973275
      vertex 67.085425 83.249249 11.973275
    endloop
  endfacet
  facet normal 0.222280 0.875674 0.428703
    outer loop
      vertex 66.971372 84.650449 10.538650
      vertex 65.528639 85.016670 10.538650
      vertex 65.917686 84.574985 11.239125
    endloop
  endfacet
  facet normal 0.222280 0.875674 0.428703
    outer loop
      vertex 66.971372 84.650449 10.538650
      vertex 65.917686 84.574985 11.239125
      vertex 67.561273 84.157779 11.239125
    endloop
  endfacet
  facet normal -0.238006 -0.888870 -0.391489
    outer loop
      vertex 68.737512 83.175414 11.207550
      vertex 70.661895 82.660137 11.207550
      vertex 71.446786 82.112721 11.973275
    endloop
  endfacet
  facet normal -0.238006 -0.888870 -0.391489
    outer loop
      vertex 68.737512 83.175414 11.207550
      vertex 71.446786 82.112721 11.973275
      vertex 69.331880 82.679012 11.973275
    endloop
  endfacet
  facet normal 0.234840 0.877048 0.419091
    outer loop
      vertex 68.329622 84.286761 10.538650
      vertex 66.971372 84.650449 10.538650
      vertex 67.561273 84.157779 11.239125
    endloop
  endfacet
  facet normal 0.234840 0.877048 0.419091
    outer loop
      vertex 68.329622 84.286761 10.538650
      vertex 67.561273 84.157779 11.239125
      vertex 69.108614 83.743460 11.239125
    endloop
  endfacet
  facet normal 0.767557 0.400532 -0.500430
    outer loop
      vertex 70.661895 82.660137 11.207550
      vertex 70.005632 83.917764 11.207550
      vertex 70.725550 83.494859 11.973275
    endloop
  endfacet
  facet normal 0.767557 0.400532 -0.500430
    outer loop
      vertex 70.661895 82.660137 11.207550
      vertex 70.725550 83.494859 11.973275
      vertex 71.446786 82.112721 11.973275
    endloop
  endfacet
  facet normal -0.751084 -0.391936 0.531281
    outer loop
      vertex 67.866425 85.174407 10.538650
      vertex 68.329622 84.286761 10.538650
      vertex 69.108614 83.743460 11.239125
    endloop
  endfacet
  facet normal -0.751084 -0.391936 0.531281
    outer loop
      vertex 67.866425 85.174407 10.538650
      vertex 69.108614 83.743460 11.239125
      vertex 68.580931 84.754682 11.239125
    endloop
  endfacet
  facet normal 0.768221 0.393643 -0.504858
    outer loop
      vertex 70.005632 83.917764 11.207550
      vertex 69.332680 85.231072 11.207550
      vertex 69.985973 84.938192 11.973275
    endloop
  endfacet
  facet normal 0.768221 0.393643 -0.504858
    outer loop
      vertex 70.005632 83.917764 11.207550
      vertex 69.985973 84.938192 11.973275
      vertex 70.725550 83.494859 11.973275
    endloop
  endfacet
  facet normal -0.751450 -0.385050 0.535780
    outer loop
      vertex 67.391449 86.101354 10.538650
      vertex 67.866425 85.174407 10.538650
      vertex 68.580931 84.754682 11.239125
    endloop
  endfacet
  facet normal -0.751450 -0.385050 0.535780
    outer loop
      vertex 67.391449 86.101354 10.538650
      vertex 68.580931 84.754682 11.239125
      vertex 68.039830 85.810676 11.239125
    endloop
  endfacet
  facet normal 0.769037 0.388686 -0.507450
    outer loop
      vertex 69.332680 85.231072 11.207550
      vertex 68.632893 86.615641 11.207550
      vertex 69.216903 86.459839 11.973275
    endloop
  endfacet
  facet normal 0.769037 0.388686 -0.507450
    outer loop
      vertex 69.332680 85.231072 11.207550
      vertex 69.216903 86.459839 11.973275
      vertex 69.985973 84.938192 11.973275
    endloop
  endfacet
  facet normal -0.752080 -0.380116 0.538411
    outer loop
      vertex 66.897531 87.078597 10.538650
      vertex 67.391449 86.101354 10.538650
      vertex 68.039830 85.810676 11.239125
    endloop
  endfacet
  facet normal -0.752080 -0.380116 0.538411
    outer loop
      vertex 66.897531 87.078597 10.538650
      vertex 68.039830 85.810676 11.239125
      vertex 67.477151 86.923967 11.239125
    endloop
  endfacet
  facet normal 0.768442 0.391083 -0.506509
    outer loop
      vertex 68.632893 86.615641 11.207550
      vertex 67.884364 88.086428 11.207550
      vertex 68.394266 88.076243 11.973275
    endloop
  endfacet
  facet normal 0.768442 0.391083 -0.506509
    outer loop
      vertex 68.632893 86.615641 11.207550
      vertex 68.394266 88.076243 11.973275
      vertex 69.216903 86.459839 11.973275
    endloop
  endfacet
  facet normal -0.751559 -0.382491 0.537456
    outer loop
      vertex 66.369212 88.116695 10.538650
      vertex 66.897531 87.078597 10.538650
      vertex 67.477151 86.923967 11.239125
    endloop
  endfacet
  facet normal -0.751559 -0.382491 0.537456
    outer loop
      vertex 66.369212 88.116695 10.538650
      vertex 67.477151 86.923967 11.239125
      vertex 66.875281 88.106586 11.239125
    endloop
  endfacet
  facet normal 0.761395 0.410756 -0.501555
    outer loop
      vertex 67.884364 88.086428 11.207550
      vertex 67.049186 89.634553 11.207550
      vertex 67.476401 89.777639 11.973275
    endloop
  endfacet
  facet normal 0.761395 0.410756 -0.501555
    outer loop
      vertex 67.884364 88.086428 11.207550
      vertex 67.476401 89.777639 11.973275
      vertex 68.394266 88.076243 11.973275
    endloop
  endfacet
  facet normal -0.744983 -0.401901 0.532424
    outer loop
      vertex 65.779734 89.209377 10.538650
      vertex 66.369212 88.116695 10.538650
      vertex 66.875281 88.106586 11.239125
    endloop
  endfacet
  facet normal -0.744983 -0.401901 0.532424
    outer loop
      vertex 65.779734 89.209377 10.538650
      vertex 66.875281 88.106586 11.239125
      vertex 66.203738 89.351388 11.239125
    endloop
  endfacet
  facet normal 0.741291 0.450287 -0.497725
    outer loop
      vertex 67.049186 89.634553 11.207550
      vertex 66.106325 91.186750 11.207550
      vertex 66.440192 91.483512 11.973275
    endloop
  endfacet
  facet normal 0.741291 0.450287 -0.497725
    outer loop
      vertex 67.049186 89.634553 11.207550
      vertex 66.440192 91.483512 11.973275
      vertex 67.476401 89.777639 11.973275
    endloop
  endfacet
  facet normal -0.725547 -0.440723 0.528530
    outer loop
      vertex 65.114253 90.304935 10.538650
      vertex 65.779734 89.209377 10.538650
      vertex 66.203738 89.351388 11.239125
    endloop
  endfacet
  facet normal -0.725547 -0.440723 0.528530
    outer loop
      vertex 65.114253 90.304935 10.538650
      vertex 66.203738 89.351388 11.239125
      vertex 65.445610 90.599466 11.239125
    endloop
  endfacet
  facet normal 0.715130 0.487641 -0.500795
    outer loop
      vertex 66.106325 91.186750 11.207550
      vertex 65.111112 92.646239 11.207550
      vertex 65.346448 93.087497 11.973275
    endloop
  endfacet
  facet normal 0.715130 0.487641 -0.500795
    outer loop
      vertex 66.106325 91.186750 11.207550
      vertex 65.346448 93.087497 11.973275
      vertex 66.440192 91.483512 11.973275
    endloop
  endfacet
  facet normal -0.699760 -0.477160 0.531652
    outer loop
      vertex 64.411821 91.335057 10.538650
      vertex 65.114253 90.304935 10.538650
      vertex 65.445610 90.599466 11.239125
    endloop
  endfacet
  facet normal -0.699760 -0.477160 0.531652
    outer loop
      vertex 64.411821 91.335057 10.538650
      vertex 65.445610 90.599466 11.239125
      vertex 64.645388 91.772999 11.239125
    endloop
  endfacet
  facet normal 0.699763 0.504494 -0.505784
    outer loop
      vertex 65.111112 92.646239 11.207550
      vertex 64.140948 93.991913 11.207550
      vertex 64.280233 94.566400 11.973275
    endloop
  endfacet
  facet normal 0.699763 0.504494 -0.505784
    outer loop
      vertex 65.111112 92.646239 11.207550
      vertex 64.280233 94.566400 11.973275
      vertex 65.346448 93.087497 11.973275
    endloop
  endfacet
  facet normal -0.684432 -0.493441 0.536720
    outer loop
      vertex 63.727069 92.284848 10.538650
      vertex 64.411821 91.335057 10.538650
      vertex 64.645388 91.772999 11.239125
    endloop
  endfacet
  facet normal -0.684432 -0.493441 0.536720
    outer loop
      vertex 63.727069 92.284848 10.538650
      vertex 64.645388 91.772999 11.239125
      vertex 63.865307 92.855017 11.239125
    endloop
  endfacet
  facet normal -0.324904 0.783931 -0.529046
    outer loop
      vertex 64.140948 93.991913 11.207550
      vertex 62.709755 93.398749 11.207550
      vertex 62.707345 93.914510 11.973275
    endloop
  endfacet
  facet normal -0.324904 0.783931 -0.529046
    outer loop
      vertex 64.140948 93.991913 11.207550
      vertex 62.707345 93.914510 11.973275
      vertex 64.280233 94.566400 11.973275
    endloop
  endfacet
  facet normal 0.317139 -0.765197 0.560264
    outer loop
      vertex 62.716918 91.866187 10.538650
      vertex 63.727069 92.284848 10.538650
      vertex 63.865307 92.855017 11.239125
    endloop
  endfacet
  facet normal 0.317139 -0.765197 0.560264
    outer loop
      vertex 62.716918 91.866187 10.538650
      vertex 63.865307 92.855017 11.239125
      vertex 62.714526 92.378071 11.239125
    endloop
  endfacet
  facet normal -0.348166 0.777001 -0.524452
    outer loop
      vertex 62.709755 93.398749 11.207550
      vertex 61.222163 92.732174 11.207550
      vertex 61.072473 93.181941 11.973275
    endloop
  endfacet
  facet normal -0.348166 0.777001 -0.524452
    outer loop
      vertex 62.709755 93.398749 11.207550
      vertex 61.072473 93.181941 11.973275
      vertex 62.707345 93.914510 11.973275
    endloop
  endfacet
  facet normal 0.339985 -0.758743 0.555626
    outer loop
      vertex 61.666960 91.395711 10.538650
      vertex 62.716918 91.866187 10.538650
      vertex 62.714526 92.378071 11.239125
    endloop
  endfacet
  facet normal 0.339985 -0.758743 0.555626
    outer loop
      vertex 61.666960 91.395711 10.538650
      vertex 62.714526 92.378071 11.239125
      vertex 61.518395 91.842097 11.239125
    endloop
  endfacet
  facet normal -0.384981 0.760964 -0.522229
    outer loop
      vertex 61.222163 92.732174 11.207550
      vertex 59.738752 91.981699 11.207550
      vertex 59.442198 92.357165 11.973275
    endloop
  endfacet
  facet normal -0.384981 0.760964 -0.522229
    outer loop
      vertex 61.222163 92.732174 11.207550
      vertex 59.442198 92.357165 11.973275
      vertex 61.072473 93.181941 11.973275
    endloop
  endfacet
  facet normal 0.376008 -0.743229 0.553379
    outer loop
      vertex 60.619953 90.866018 10.538650
      vertex 61.666960 91.395711 10.538650
      vertex 61.518395 91.842097 11.239125
    endloop
  endfacet
  facet normal 0.376008 -0.743229 0.553379
    outer loop
      vertex 60.619953 90.866018 10.538650
      vertex 61.518395 91.842097 11.239125
      vertex 60.325627 91.238661 11.239125
    endloop
  endfacet
  facet normal -0.418068 0.741124 -0.525314
    outer loop
      vertex 59.738752 91.981699 11.207550
      vertex 58.327779 91.185769 11.207550
      vertex 57.891530 91.482434 11.973275
    endloop
  endfacet
  facet normal -0.418068 0.741124 -0.525314
    outer loop
      vertex 59.738752 91.981699 11.207550
      vertex 57.891530 91.482434 11.973275
      vertex 59.442198 92.357165 11.973275
    endloop
  endfacet
  facet normal 0.408212 -0.723653 0.556497
    outer loop
      vertex 59.624073 90.304242 10.538650
      vertex 60.619953 90.866018 10.538650
      vertex 60.325627 91.238661 11.239125
    endloop
  endfacet
  facet normal 0.408212 -0.723653 0.556497
    outer loop
      vertex 59.624073 90.304242 10.538650
      vertex 60.325627 91.238661 11.239125
      vertex 59.191104 90.598677 11.239125
    endloop
  endfacet
  facet normal -0.435064 0.727961 -0.529898
    outer loop
      vertex 58.327779 91.185769 11.207550
      vertex 57.009115 90.397674 11.207550
      vertex 56.442312 90.616313 11.973275
    endloop
  endfacet
  facet normal -0.435064 0.727961 -0.529898
    outer loop
      vertex 58.327779 91.185769 11.207550
      vertex 56.442312 90.616313 11.973275
      vertex 57.891530 91.482434 11.973275
    endloop
  endfacet
  facet normal 0.424635 -0.710511 0.561123
    outer loop
      vertex 58.693346 89.747996 10.538650
      vertex 59.624073 90.304242 10.538650
      vertex 59.191104 90.598677 11.239125
    endloop
  endfacet
  facet normal 0.424635 -0.710511 0.561123
    outer loop
      vertex 58.693346 89.747996 10.538650
      vertex 59.191104 90.598677 11.239125
      vertex 58.130804 89.964992 11.239125
    endloop
  endfacet
  facet normal -0.439309 0.723945 -0.531894
    outer loop
      vertex 57.009115 90.397674 11.207550
      vertex 55.766861 89.643840 11.207550
      vertex 55.077068 89.787846 11.973275
    endloop
  endfacet
  facet normal -0.439309 0.723945 -0.531894
    outer loop
      vertex 57.009115 90.397674 11.207550
      vertex 55.077068 89.787846 11.973275
      vertex 56.442312 90.616313 11.973275
    endloop
  endfacet
  facet normal 0.428702 -0.706465 0.563136
    outer loop
      vertex 57.816550 89.215933 10.538650
      vertex 58.693346 89.747996 10.538650
      vertex 58.130804 89.964992 11.239125
    endloop
  endfacet
  facet normal 0.428702 -0.706465 0.563136
    outer loop
      vertex 57.816550 89.215933 10.538650
      vertex 58.130804 89.964992 11.239125
      vertex 57.131943 89.358856 11.239125
    endloop
  endfacet
  facet normal -0.437796 0.725628 -0.530847
    outer loop
      vertex 55.766861 89.643840 11.207550
      vertex 54.580771 88.928231 11.207550
      vertex 53.773550 89.001388 11.973275
    endloop
  endfacet
  facet normal -0.437796 0.725628 -0.530847
    outer loop
      vertex 55.766861 89.643840 11.207550
      vertex 53.773550 89.001388 11.973275
      vertex 55.077068 89.787846 11.973275
    endloop
  endfacet
  facet normal 0.427265 -0.708173 0.562081
    outer loop
      vertex 56.979395 88.710848 10.538650
      vertex 57.816550 89.215933 10.538650
      vertex 57.131943 89.358856 11.239125
    endloop
  endfacet
  facet normal 0.427265 -0.708173 0.562081
    outer loop
      vertex 56.979395 88.710848 10.538650
      vertex 57.131943 89.358856 11.239125
      vertex 56.178242 88.783455 11.239125
    endloop
  endfacet
  facet normal -0.434532 0.729797 -0.527805
    outer loop
      vertex 54.580771 88.928231 11.207550
      vertex 53.436141 88.246701 11.207550
      vertex 52.515595 88.252383 11.973275
    endloop
  endfacet
  facet normal -0.434532 0.729797 -0.527805
    outer loop
      vertex 54.580771 88.928231 11.207550
      vertex 52.515595 88.252383 11.973275
      vertex 53.773550 89.001388 11.973275
    endloop
  endfacet
  facet normal 0.424195 -0.712436 0.559011
    outer loop
      vertex 56.171503 88.229817 10.538650
      vertex 56.979395 88.710848 10.538650
      vertex 56.178242 88.783455 11.239125
    endloop
  endfacet
  facet normal 0.424195 -0.712436 0.559011
    outer loop
      vertex 56.171503 88.229817 10.538650
      vertex 56.178242 88.783455 11.239125
      vertex 55.257878 88.235456 11.239125
    endloop
  endfacet
  facet normal -0.329421 -0.849832 -0.411422
    outer loop
      vertex 52.515595 88.252383 11.973275
      vertex 54.576096 87.453670 11.973275
      vertex 53.808559 87.384458 12.730796
    endloop
  endfacet
  facet normal -0.329421 -0.849832 -0.411422
    outer loop
      vertex 52.515595 88.252383 11.973275
      vertex 53.808559 87.384458 12.730796
      vertex 51.554198 88.258318 12.730796
    endloop
  endfacet
  facet normal 0.325200 0.838943 0.436371
    outer loop
      vertex 56.765414 87.651089 11.239125
      vertex 55.257878 88.235456 11.239125
      vertex 54.306049 88.241332 11.937168
    endloop
  endfacet
  facet normal 0.325200 0.838943 0.436371
    outer loop
      vertex 56.765414 87.651089 11.239125
      vertex 54.306049 88.241332 11.937168
      vertex 56.005516 87.582566 11.937168
    endloop
  endfacet
  facet normal -0.339386 -0.841305 -0.420741
    outer loop
      vertex 54.576096 87.453670 11.973275
      vertex 56.755086 86.574655 11.973275
      vertex 56.192557 86.422742 12.730796
    endloop
  endfacet
  facet normal -0.339386 -0.841305 -0.420741
    outer loop
      vertex 54.576096 87.453670 11.973275
      vertex 56.192557 86.422742 12.730796
      vertex 53.808559 87.384458 12.730796
    endloop
  endfacet
  facet normal 0.334843 0.830042 0.445994
    outer loop
      vertex 58.359640 87.007971 11.239125
      vertex 56.765414 87.651089 11.239125
      vertex 56.005516 87.582566 11.937168
    endloop
  endfacet
  facet normal 0.334843 0.830042 0.445994
    outer loop
      vertex 58.359640 87.007971 11.239125
      vertex 56.005516 87.582566 11.937168
      vertex 57.802710 86.857570 11.937168
    endloop
  endfacet
  facet normal -0.347379 -0.835613 -0.425534
    outer loop
      vertex 56.755086 86.574655 11.973275
      vertex 59.141483 85.582588 11.973275
      vertex 58.803475 85.337338 12.730796
    endloop
  endfacet
  facet normal -0.347379 -0.835613 -0.425534
    outer loop
      vertex 56.755086 86.574655 11.973275
      vertex 58.803475 85.337338 12.730796
      vertex 56.192557 86.422742 12.730796
    endloop
  endfacet
  facet normal 0.342624 0.824175 0.450938
    outer loop
      vertex 60.105614 86.282139 11.239125
      vertex 58.359640 87.007971 11.239125
      vertex 57.802710 86.857570 11.937168
    endloop
  endfacet
  facet normal 0.342624 0.824175 0.450938
    outer loop
      vertex 60.105614 86.282139 11.239125
      vertex 57.802710 86.857570 11.937168
      vertex 59.770970 86.039330 11.937168
    endloop
  endfacet
  facet normal -0.315613 -0.852443 -0.416809
    outer loop
      vertex 59.141483 85.582588 11.973275
      vertex 61.867425 84.573323 11.973275
      vertex 61.785884 84.233117 12.730796
    endloop
  endfacet
  facet normal -0.315613 -0.852443 -0.416809
    outer loop
      vertex 59.141483 85.582588 11.973275
      vertex 61.785884 84.233117 12.730796
      vertex 58.803475 85.337338 12.730796
    endloop
  endfacet
  facet normal 0.311464 0.841239 0.441936
    outer loop
      vertex 62.100010 85.543724 11.239125
      vertex 60.105614 86.282139 11.239125
      vertex 59.770970 86.039330 11.937168
    endloop
  endfacet
  facet normal 0.311464 0.841239 0.441936
    outer loop
      vertex 62.100010 85.543724 11.239125
      vertex 59.770970 86.039330 11.937168
      vertex 62.019281 85.206904 11.937168
    endloop
  endfacet
  facet normal -0.233218 -0.877444 -0.419168
    outer loop
      vertex 61.867425 84.573323 11.973275
      vertex 64.626265 83.840044 11.973275
      vertex 64.804287 83.430848 12.730796
    endloop
  endfacet
  facet normal -0.233218 -0.877444 -0.419168
    outer loop
      vertex 61.867425 84.573323 11.973275
      vertex 64.804287 83.430848 12.730796
      vertex 61.785884 84.233117 12.730796
    endloop
  endfacet
  facet normal 0.230118 0.865783 0.444371
    outer loop
      vertex 64.118477 85.007231 11.239125
      vertex 62.100010 85.543724 11.239125
      vertex 62.019281 85.206904 11.937168
    endloop
  endfacet
  facet normal 0.230118 0.865783 0.444371
    outer loop
      vertex 64.118477 85.007231 11.239125
      vertex 62.019281 85.206904 11.937168
      vertex 64.294727 84.602108 11.937168
    endloop
  endfacet
  facet normal -0.211383 -0.879871 -0.425610
    outer loop
      vertex 64.626265 83.840044 11.973275
      vertex 67.085425 83.249249 11.973275
      vertex 67.494814 82.784469 12.730796
    endloop
  endfacet
  facet normal -0.211383 -0.879871 -0.425610
    outer loop
      vertex 64.626265 83.840044 11.973275
      vertex 67.494814 82.784469 12.730796
      vertex 64.804287 83.430848 12.730796
    endloop
  endfacet
  facet normal 0.208488 0.867823 0.451016
    outer loop
      vertex 65.917686 84.574985 11.239125
      vertex 64.118477 85.007231 11.239125
      vertex 64.294727 84.602108 11.937168
    endloop
  endfacet
  facet normal 0.208488 0.867823 0.451016
    outer loop
      vertex 65.917686 84.574985 11.239125
      vertex 64.294727 84.602108 11.937168
      vertex 66.323000 84.114830 11.937168
    endloop
  endfacet
  facet normal -0.223374 -0.879986 -0.419200
    outer loop
      vertex 67.085425 83.249249 11.973275
      vertex 69.331880 82.679012 11.973275
      vertex 69.952624 82.160582 12.730796
    endloop
  endfacet
  facet normal -0.223374 -0.879986 -0.419200
    outer loop
      vertex 67.085425 83.249249 11.973275
      vertex 69.952624 82.160582 12.730796
      vertex 67.494814 82.784469 12.730796
    endloop
  endfacet
  facet normal 0.220405 0.868289 0.444404
    outer loop
      vertex 67.561273 84.157779 11.239125
      vertex 65.917686 84.574985 11.239125
      vertex 66.323000 84.114830 11.937168
    endloop
  endfacet
  facet normal 0.220405 0.868289 0.444404
    outer loop
      vertex 67.561273 84.157779 11.239125
      vertex 66.323000 84.114830 11.937168
      vertex 68.175839 83.644509 11.937168
    endloop
  endfacet
  facet normal -0.235945 -0.881173 -0.409712
    outer loop
      vertex 69.331880 82.679012 11.973275
      vertex 71.446786 82.112721 11.973275
      vertex 72.266509 81.541012 12.730796
    endloop
  endfacet
  facet normal -0.235945 -0.881173 -0.409712
    outer loop
      vertex 69.331880 82.679012 11.973275
      vertex 72.266509 81.541012 12.730796
      vertex 69.952624 82.160582 12.730796
    endloop
  endfacet
  facet normal 0.232946 0.869975 0.434602
    outer loop
      vertex 69.108614 83.743460 11.239125
      vertex 67.561273 84.157779 11.239125
      vertex 68.175839 83.644509 11.937168
    endloop
  endfacet
  facet normal 0.232946 0.869975 0.434602
    outer loop
      vertex 69.108614 83.743460 11.239125
      vertex 68.175839 83.644509 11.937168
      vertex 69.920178 83.177441 11.937168
    endloop
  endfacet
  facet normal 0.756786 0.394911 -0.520884
    outer loop
      vertex 71.446786 82.112721 11.973275
      vertex 70.725550 83.494859 11.973275
      vertex 71.477416 83.053187 12.730796
    endloop
  endfacet
  facet normal 0.756786 0.394911 -0.520884
    outer loop
      vertex 71.446786 82.112721 11.973275
      vertex 71.477416 83.053187 12.730796
      vertex 72.266509 81.541012 12.730796
    endloop
  endfacet
  facet normal -0.741421 -0.386893 0.548278
    outer loop
      vertex 68.580931 84.754682 11.239125
      vertex 69.108614 83.743460 11.239125
      vertex 69.920178 83.177441 11.937168
    endloop
  endfacet
  facet normal -0.741421 -0.386893 0.548278
    outer loop
      vertex 68.580931 84.754682 11.239125
      vertex 69.920178 83.177441 11.937168
      vertex 69.325314 84.317405 11.937168
    endloop
  endfacet
  facet normal 0.757253 0.388023 -0.525363
    outer loop
      vertex 70.725550 83.494859 11.973275
      vertex 69.985973 84.938192 11.973275
      vertex 70.668257 84.632314 12.730796
    endloop
  endfacet
  facet normal 0.757253 0.388023 -0.525363
    outer loop
      vertex 70.725550 83.494859 11.973275
      vertex 70.668257 84.632314 12.730796
      vertex 71.477416 83.053187 12.730796
    endloop
  endfacet
  facet normal -0.741621 -0.380013 0.552801
    outer loop
      vertex 68.039830 85.810676 11.239125
      vertex 68.580931 84.754682 11.239125
      vertex 69.325314 84.317405 11.937168
    endloop
  endfacet
  facet normal -0.741621 -0.380013 0.552801
    outer loop
      vertex 68.039830 85.810676 11.239125
      vertex 69.325314 84.317405 11.937168
      vertex 68.715324 85.507842 11.937168
    endloop
  endfacet
  facet normal 0.757946 0.383081 -0.527984
    outer loop
      vertex 69.985973 84.938192 11.973275
      vertex 69.216903 86.459839 11.973275
      vertex 69.826830 86.297124 12.730796
    endloop
  endfacet
  facet normal 0.757946 0.383081 -0.527984
    outer loop
      vertex 69.985973 84.938192 11.973275
      vertex 69.826830 86.297124 12.730796
      vertex 70.668257 84.632314 12.730796
    endloop
  endfacet
  facet normal -0.742148 -0.375096 0.555445
    outer loop
      vertex 67.477151 86.923967 11.239125
      vertex 68.039830 85.810676 11.239125
      vertex 68.715324 85.507842 11.937168
    endloop
  endfacet
  facet normal -0.742148 -0.375096 0.555445
    outer loop
      vertex 67.477151 86.923967 11.239125
      vertex 68.715324 85.507842 11.937168
      vertex 68.081008 86.762872 11.937168
    endloop
  endfacet
  facet normal 0.757400 0.385464 -0.527032
    outer loop
      vertex 69.216903 86.459839 11.973275
      vertex 68.394266 88.076243 11.973275
      vertex 68.926796 88.065605 12.730796
    endloop
  endfacet
  facet normal 0.757400 0.385464 -0.527032
    outer loop
      vertex 69.216903 86.459839 11.973275
      vertex 68.926796 88.065605 12.730796
      vertex 69.826830 86.297124 12.730796
    endloop
  endfacet
  facet normal -0.741669 -0.377458 0.554485
    outer loop
      vertex 66.875281 88.106586 11.239125
      vertex 67.477151 86.923967 11.239125
      vertex 68.081008 86.762872 11.937168
    endloop
  endfacet
  facet normal -0.741669 -0.377458 0.554485
    outer loop
      vertex 66.875281 88.106586 11.239125
      vertex 68.081008 86.762872 11.937168
      vertex 67.402511 88.096054 11.937168
    endloop
  endfacet
  facet normal 0.750663 0.404966 -0.522022
    outer loop
      vertex 68.394266 88.076243 11.973275
      vertex 67.476401 89.777639 11.973275
      vertex 67.922574 89.927076 12.730796
    endloop
  endfacet
  facet normal 0.750663 0.404966 -0.522022
    outer loop
      vertex 68.394266 88.076243 11.973275
      vertex 67.922574 89.927076 12.730796
      vertex 68.926796 88.065605 12.730796
    endloop
  endfacet
  facet normal -0.735358 -0.396709 0.549428
    outer loop
      vertex 66.203738 89.351388 11.239125
      vertex 66.875281 88.106586 11.239125
      vertex 67.402511 88.096054 11.937168
    endloop
  endfacet
  facet normal -0.735358 -0.396709 0.549428
    outer loop
      vertex 66.203738 89.351388 11.239125
      vertex 67.402511 88.096054 11.937168
      vertex 66.645471 89.499337 11.937168
    endloop
  endfacet
  facet normal 0.730998 0.444034 -0.518146
    outer loop
      vertex 67.476401 89.777639 11.973275
      vertex 66.440192 91.483512 11.973275
      vertex 66.788875 91.793443 12.730796
    endloop
  endfacet
  facet normal 0.730998 0.444034 -0.518146
    outer loop
      vertex 67.476401 89.777639 11.973275
      vertex 66.788875 91.793443 12.730796
      vertex 67.922574 89.927076 12.730796
    endloop
  endfacet
  facet normal -0.716307 -0.435111 0.545511
    outer loop
      vertex 65.445610 90.599466 11.239125
      vertex 66.203738 89.351388 11.239125
      vertex 66.645471 89.499337 11.937168
    endloop
  endfacet
  facet normal -0.716307 -0.435111 0.545511
    outer loop
      vertex 65.445610 90.599466 11.239125
      vertex 66.645471 89.499337 11.937168
      vertex 65.790823 90.906312 11.937168
    endloop
  endfacet
  facet normal 0.705080 0.480788 -0.521254
    outer loop
      vertex 66.440192 91.483512 11.973275
      vertex 65.346448 93.087497 11.973275
      vertex 65.592228 93.548338 12.730796
    endloop
  endfacet
  facet normal 0.705080 0.480788 -0.521254
    outer loop
      vertex 66.440192 91.483512 11.973275
      vertex 65.592228 93.548338 12.730796
      vertex 66.788875 91.793443 12.730796
    endloop
  endfacet
  facet normal -0.690745 -0.471013 0.548652
    outer loop
      vertex 64.645388 91.772999 11.239125
      vertex 65.445610 90.599466 11.239125
      vertex 65.790823 90.906312 11.937168
    endloop
  endfacet
  facet normal -0.690745 -0.471013 0.548652
    outer loop
      vertex 64.645388 91.772999 11.239125
      vertex 65.790823 90.906312 11.937168
      vertex 64.888722 92.229253 11.937168
    endloop
  endfacet
  facet normal 0.689736 0.497265 -0.526300
    outer loop
      vertex 65.346448 93.087497 11.973275
      vertex 64.280233 94.566400 11.973275
      vertex 64.425698 95.166381 12.730796
    endloop
  endfacet
  facet normal 0.689736 0.497265 -0.526300
    outer loop
      vertex 65.346448 93.087497 11.973275
      vertex 64.425698 95.166381 12.730796
      vertex 65.592228 93.548338 12.730796
    endloop
  endfacet
  facet normal -0.675448 -0.486965 0.553746
    outer loop
      vertex 63.865307 92.855017 11.239125
      vertex 64.645388 91.772999 11.239125
      vertex 64.888722 92.229253 11.937168
    endloop
  endfacet
  facet normal -0.675448 -0.486965 0.553746
    outer loop
      vertex 63.865307 92.855017 11.239125
      vertex 64.888722 92.229253 11.937168
      vertex 64.009325 93.449027 11.937168
    endloop
  endfacet
  facet normal -0.319820 0.771666 -0.549770
    outer loop
      vertex 64.280233 94.566400 11.973275
      vertex 62.707345 93.914510 11.973275
      vertex 62.704827 94.453159 12.730796
    endloop
  endfacet
  facet normal -0.319820 0.771666 -0.549770
    outer loop
      vertex 64.280233 94.566400 11.973275
      vertex 62.704827 94.453159 12.730796
      vertex 64.425698 95.166381 12.730796
    endloop
  endfacet
  facet normal 0.312612 -0.754273 0.577362
    outer loop
      vertex 62.714526 92.378071 11.239125
      vertex 63.865307 92.855017 11.239125
      vertex 64.009325 93.449027 11.937168
    endloop
  endfacet
  facet normal 0.312612 -0.754273 0.577362
    outer loop
      vertex 62.714526 92.378071 11.239125
      vertex 64.009325 93.449027 11.937168
      vertex 62.712033 92.911359 11.937168
    endloop
  endfacet
  facet normal -0.342811 0.765050 -0.545142
    outer loop
      vertex 62.707345 93.914510 11.973275
      vertex 61.072473 93.181941 11.973275
      vertex 60.916140 93.651667 12.730796
    endloop
  endfacet
  facet normal -0.342811 0.765050 -0.545142
    outer loop
      vertex 62.707345 93.914510 11.973275
      vertex 60.916140 93.651667 12.730796
      vertex 62.704827 94.453159 12.730796
    endloop
  endfacet
  facet normal 0.335209 -0.748085 0.572716
    outer loop
      vertex 61.518395 91.842097 11.239125
      vertex 62.714526 92.378071 11.239125
      vertex 62.712033 92.911359 11.937168
    endloop
  endfacet
  facet normal 0.335209 -0.748085 0.572716
    outer loop
      vertex 61.518395 91.842097 11.239125
      vertex 62.712033 92.911359 11.937168
      vertex 61.363618 92.307148 11.937168
    endloop
  endfacet
  facet normal -0.379108 0.749356 -0.542901
    outer loop
      vertex 61.072473 93.181941 11.973275
      vertex 59.442198 92.357165 11.973275
      vertex 59.132482 92.749293 12.730796
    endloop
  endfacet
  facet normal -0.379108 0.749356 -0.542901
    outer loop
      vertex 61.072473 93.181941 11.973275
      vertex 59.132482 92.749293 12.730796
      vertex 60.916140 93.651667 12.730796
    endloop
  endfacet
  facet normal 0.370769 -0.732872 0.570464
    outer loop
      vertex 60.325627 91.238661 11.239125
      vertex 61.518395 91.842097 11.239125
      vertex 61.363618 92.307148 11.937168
    endloop
  endfacet
  facet normal 0.370769 -0.732872 0.570464
    outer loop
      vertex 60.325627 91.238661 11.239125
      vertex 61.363618 92.307148 11.937168
      vertex 60.018995 91.626887 11.937168
    endloop
  endfacet
  facet normal -0.411616 0.729687 -0.546011
    outer loop
      vertex 59.442198 92.357165 11.973275
      vertex 57.891530 91.482434 11.973275
      vertex 57.435922 91.792264 12.730796
    endloop
  endfacet
  facet normal -0.411616 0.729687 -0.546011
    outer loop
      vertex 59.442198 92.357165 11.973275
      vertex 57.435922 91.792264 12.730796
      vertex 59.132482 92.749293 12.730796
    endloop
  endfacet
  facet normal 0.402461 -0.713457 0.573589
    outer loop
      vertex 59.191104 90.598677 11.239125
      vertex 60.325627 91.238661 11.239125
      vertex 60.018995 91.626887 11.937168
    endloop
  endfacet
  facet normal 0.402461 -0.713457 0.573589
    outer loop
      vertex 59.191104 90.598677 11.239125
      vertex 60.018995 91.626887 11.937168
      vertex 58.740030 90.905423 11.937168
    endloop
  endfacet
  facet normal -0.428235 0.716536 -0.550627
    outer loop
      vertex 57.891530 91.482434 11.973275
      vertex 56.442312 90.616313 11.973275
      vertex 55.850356 90.844655 12.730796
    endloop
  endfacet
  facet normal -0.428235 0.716536 -0.550627
    outer loop
      vertex 57.891530 91.482434 11.973275
      vertex 55.850356 90.844655 12.730796
      vertex 57.435922 91.792264 12.730796
    endloop
  endfacet
  facet normal 0.418554 -0.700337 0.578222
    outer loop
      vertex 58.130804 89.964992 11.239125
      vertex 59.191104 90.598677 11.239125
      vertex 58.740030 90.905423 11.937168
    endloop
  endfacet
  facet normal 0.418554 -0.700337 0.578222
    outer loop
      vertex 58.130804 89.964992 11.239125
      vertex 58.740030 90.905423 11.937168
      vertex 57.544739 90.191062 11.937168
    endloop
  endfacet
  facet normal -0.432364 0.712499 -0.552636
    outer loop
      vertex 56.442312 90.616313 11.973275
      vertex 55.077068 89.787846 11.973275
      vertex 54.356665 89.938243 12.730796
    endloop
  endfacet
  facet normal -0.432364 0.712499 -0.552636
    outer loop
      vertex 56.442312 90.616313 11.973275
      vertex 54.356665 89.938243 12.730796
      vertex 55.850356 90.844655 12.730796
    endloop
  endfacet
  facet normal 0.422520 -0.696277 0.580237
    outer loop
      vertex 57.131943 89.358856 11.239125
      vertex 58.130804 89.964992 11.239125
      vertex 57.544739 90.191062 11.937168
    endloop
  endfacet
  facet normal 0.422520 -0.696277 0.580237
    outer loop
      vertex 57.131943 89.358856 11.239125
      vertex 57.544739 90.191062 11.937168
      vertex 56.418709 89.507756 11.937168
    endloop
  endfacet
  facet normal -0.430901 0.714199 -0.551583
    outer loop
      vertex 55.077068 89.787846 11.973275
      vertex 53.773550 89.001388 11.973275
      vertex 52.930506 89.077792 12.730796
    endloop
  endfacet
  facet normal -0.430901 0.714199 -0.551583
    outer loop
      vertex 55.077068 89.787846 11.973275
      vertex 52.930506 89.077792 12.730796
      vertex 54.356665 89.938243 12.730796
    endloop
  endfacet
  facet normal 0.421127 -0.697999 0.579181
    outer loop
      vertex 56.178242 88.783455 11.239125
      vertex 57.131943 89.358856 11.239125
      vertex 56.418709 89.507756 11.937168
    endloop
  endfacet
  facet normal 0.421127 -0.697999 0.579181
    outer loop
      vertex 56.178242 88.783455 11.239125
      vertex 56.418709 89.507756 11.937168
      vertex 55.343589 88.859099 11.937168
    endloop
  endfacet
  facet normal -0.427765 0.718431 -0.548520
    outer loop
      vertex 53.773550 89.001388 11.973275
      vertex 52.515595 88.252383 11.973275
      vertex 51.554198 88.258318 12.730796
    endloop
  endfacet
  facet normal -0.427765 0.718431 -0.548520
    outer loop
      vertex 53.773550 89.001388 11.973275
      vertex 51.554198 88.258318 12.730796
      vertex 52.930506 89.077792 12.730796
    endloop
  endfacet
  facet normal 0.418166 -0.702309 0.576107
    outer loop
      vertex 55.257878 88.235456 11.239125
      vertex 56.178242 88.783455 11.239125
      vertex 55.343589 88.859099 11.937168
    endloop
  endfacet
  facet normal 0.418166 -0.702309 0.576107
    outer loop
      vertex 55.257878 88.235456 11.239125
      vertex 55.343589 88.859099 11.937168
      vertex 54.306049 88.241332 11.937168
    endloop
  endfacet
  facet normal -0.329671 -0.850478 -0.409883
    outer loop
      vertex 51.554198 88.258318 12.730796
      vertex 53.808559 87.384458 12.730796
      vertex 53.054979 87.316505 13.477903
    endloop
  endfacet
  facet normal -0.329671 -0.850478 -0.409883
    outer loop
      vertex 51.554198 88.258318 12.730796
      vertex 53.054979 87.316505 13.477903
      vertex 50.610283 88.264144 13.477903
    endloop
  endfacet
  facet normal 0.325715 0.840271 0.433421
    outer loop
      vertex 56.005516 87.582566 11.937168
      vertex 54.306049 88.241332 11.937168
      vertex 53.366321 88.247132 12.632127
    endloop
  endfacet
  facet normal 0.325715 0.840271 0.433421
    outer loop
      vertex 56.005516 87.582566 11.937168
      vertex 53.366321 88.247132 12.632127
      vertex 55.255278 87.514914 12.632127
    endloop
  endfacet
  facet normal -0.339656 -0.841974 -0.419182
    outer loop
      vertex 53.808559 87.384458 12.730796
      vertex 56.192557 86.422742 12.730796
      vertex 55.640256 86.273591 13.477903
    endloop
  endfacet
  facet normal -0.339656 -0.841974 -0.419182
    outer loop
      vertex 53.808559 87.384458 12.730796
      vertex 55.640256 86.273591 13.477903
      vertex 53.054979 87.316505 13.477903
    endloop
  endfacet
  facet normal 0.335397 0.831415 0.443011
    outer loop
      vertex 57.802710 86.857570 11.937168
      vertex 56.005516 87.582566 11.937168
      vertex 55.255278 87.514914 12.632127
    endloop
  endfacet
  facet normal 0.335397 0.831415 0.443011
    outer loop
      vertex 57.802710 86.857570 11.937168
      vertex 55.255278 87.514914 12.632127
      vertex 57.252859 86.709080 12.632127
    endloop
  endfacet
  facet normal -0.347661 -0.836293 -0.423965
    outer loop
      vertex 56.192557 86.422742 12.730796
      vertex 58.803475 85.337338 12.730796
      vertex 58.471613 85.096547 13.477903
    endloop
  endfacet
  facet normal -0.347661 -0.836293 -0.423965
    outer loop
      vertex 56.192557 86.422742 12.730796
      vertex 58.471613 85.096547 13.477903
      vertex 55.640256 86.273591 13.477903
    endloop
  endfacet
  facet normal 0.343203 0.825568 0.447938
    outer loop
      vertex 59.770970 86.039330 11.937168
      vertex 57.802710 86.857570 11.937168
      vertex 57.252859 86.709080 12.632127
    endloop
  endfacet
  facet normal 0.343203 0.825568 0.447938
    outer loop
      vertex 59.770970 86.039330 11.937168
      vertex 57.252859 86.709080 12.632127
      vertex 59.440581 85.799607 12.632127
    endloop
  endfacet
  facet normal -0.315859 -0.853108 -0.415258
    outer loop
      vertex 58.803475 85.337338 12.730796
      vertex 61.785884 84.233117 12.730796
      vertex 61.705826 83.899097 13.477903
    endloop
  endfacet
  facet normal -0.315859 -0.853108 -0.415258
    outer loop
      vertex 58.803475 85.337338 12.730796
      vertex 61.705826 83.899097 13.477903
      vertex 58.471613 85.096547 13.477903
    endloop
  endfacet
  facet normal 0.311970 0.842605 0.438966
    outer loop
      vertex 62.019281 85.206904 11.937168
      vertex 59.770970 86.039330 11.937168
      vertex 59.440581 85.799607 12.632127
    endloop
  endfacet
  facet normal 0.311970 0.842605 0.438966
    outer loop
      vertex 62.019281 85.206904 11.937168
      vertex 59.440581 85.799607 12.632127
      vertex 61.939579 84.874366 12.632127
    endloop
  endfacet
  facet normal -0.233402 -0.878137 -0.417612
    outer loop
      vertex 61.785884 84.233117 12.730796
      vertex 64.804287 83.430848 12.730796
      vertex 64.979072 83.029093 13.477903
    endloop
  endfacet
  facet normal -0.233402 -0.878137 -0.417612
    outer loop
      vertex 61.785884 84.233117 12.730796
      vertex 64.979072 83.029093 13.477903
      vertex 61.705826 83.899097 13.477903
    endloop
  endfacet
  facet normal 0.230496 0.867204 0.441393
    outer loop
      vertex 64.294727 84.602108 11.937168
      vertex 62.019281 85.206904 11.937168
      vertex 61.939579 84.874366 12.632127
    endloop
  endfacet
  facet normal 0.230496 0.867204 0.441393
    outer loop
      vertex 64.294727 84.602108 11.937168
      vertex 61.939579 84.874366 12.632127
      vertex 64.468736 84.202135 12.632127
    endloop
  endfacet
  facet normal -0.211555 -0.880587 -0.424041
    outer loop
      vertex 64.804287 83.430848 12.730796
      vertex 67.494814 82.784469 12.730796
      vertex 67.896759 82.328140 13.477903
    endloop
  endfacet
  facet normal -0.211555 -0.880587 -0.424041
    outer loop
      vertex 64.804287 83.430848 12.730796
      vertex 67.896759 82.328140 13.477903
      vertex 64.979072 83.029093 13.477903
    endloop
  endfacet
  facet normal 0.208841 0.869291 0.448016
    outer loop
      vertex 66.323000 84.114830 11.937168
      vertex 64.294727 84.602108 11.937168
      vertex 64.468736 84.202135 12.632127
    endloop
  endfacet
  facet normal 0.208841 0.869291 0.448016
    outer loop
      vertex 66.323000 84.114830 11.937168
      vertex 64.468736 84.202135 12.632127
      vertex 66.723162 83.660526 12.632127
    endloop
  endfacet
  facet normal -0.223551 -0.880681 -0.417644
    outer loop
      vertex 67.494814 82.784469 12.730796
      vertex 69.952624 82.160582 12.730796
      vertex 70.562082 81.651579 13.477903
    endloop
  endfacet
  facet normal -0.223551 -0.880681 -0.417644
    outer loop
      vertex 67.494814 82.784469 12.730796
      vertex 70.562082 81.651579 13.477903
      vertex 67.896759 82.328140 13.477903
    endloop
  endfacet
  facet normal 0.220767 0.869715 0.441426
    outer loop
      vertex 68.175839 83.644509 11.937168
      vertex 66.323000 84.114830 11.937168
      vertex 66.723162 83.660526 12.632127
    endloop
  endfacet
  facet normal 0.220767 0.869715 0.441426
    outer loop
      vertex 68.175839 83.644509 11.937168
      vertex 66.723162 83.660526 12.632127
      vertex 68.782593 83.137763 12.632127
    endloop
  endfacet
  facet normal -0.236123 -0.881838 -0.408177
    outer loop
      vertex 69.952624 82.160582 12.730796
      vertex 72.266509 81.541012 12.730796
      vertex 73.071327 80.979698 13.477903
    endloop
  endfacet
  facet normal -0.236123 -0.881838 -0.408177
    outer loop
      vertex 69.952624 82.160582 12.730796
      vertex 73.071327 80.979698 13.477903
      vertex 70.562082 81.651579 13.477903
    endloop
  endfacet
  facet normal 0.233312 0.871341 0.431659
    outer loop
      vertex 69.920178 83.177441 11.937168
      vertex 68.175839 83.644509 11.937168
      vertex 68.782593 83.137763 12.632127
    endloop
  endfacet
  facet normal 0.233312 0.871341 0.431659
    outer loop
      vertex 69.920178 83.177441 11.937168
      vertex 68.782593 83.137763 12.632127
      vertex 70.721426 82.618617 12.632127
    endloop
  endfacet
  facet normal 0.757709 0.395393 -0.519174
    outer loop
      vertex 72.266509 81.541012 12.730796
      vertex 71.477416 83.053187 12.730796
      vertex 72.215611 82.619546 13.477903
    endloop
  endfacet
  facet normal 0.757709 0.395393 -0.519174
    outer loop
      vertex 72.266509 81.541012 12.730796
      vertex 72.215611 82.619546 13.477903
      vertex 73.071327 80.979698 13.477903
    endloop
  endfacet
  facet normal -0.743276 -0.387861 0.545072
    outer loop
      vertex 69.325314 84.317405 11.937168
      vertex 69.920178 83.177441 11.937168
      vertex 70.721426 82.618617 12.632127
    endloop
  endfacet
  facet normal -0.743276 -0.387861 0.545072
    outer loop
      vertex 69.325314 84.317405 11.937168
      vertex 70.721426 82.618617 12.632127
      vertex 70.060235 83.885688 12.632127
    endloop
  endfacet
  facet normal 0.758192 0.388505 -0.523649
    outer loop
      vertex 71.477416 83.053187 12.730796
      vertex 70.668257 84.632314 12.730796
      vertex 71.338135 84.331998 13.477903
    endloop
  endfacet
  facet normal 0.758192 0.388505 -0.523649
    outer loop
      vertex 71.477416 83.053187 12.730796
      vertex 71.338135 84.331998 13.477903
      vertex 72.215611 82.619546 13.477903
    endloop
  endfacet
  facet normal -0.743508 -0.380980 0.549591
    outer loop
      vertex 68.715324 85.507842 11.937168
      vertex 69.325314 84.317405 11.937168
      vertex 70.060235 83.885688 12.632127
    endloop
  endfacet
  facet normal -0.743508 -0.380980 0.549591
    outer loop
      vertex 68.715324 85.507842 11.937168
      vertex 70.060235 83.885688 12.632127
      vertex 69.382230 85.208858 12.632127
    endloop
  endfacet
  facet normal 0.758896 0.383561 -0.526268
    outer loop
      vertex 70.668257 84.632314 12.730796
      vertex 69.826830 86.297124 12.730796
      vertex 70.425666 86.137368 13.477903
    endloop
  endfacet
  facet normal 0.758896 0.383561 -0.526268
    outer loop
      vertex 70.668257 84.632314 12.730796
      vertex 70.425666 86.137368 13.477903
      vertex 71.338135 84.331998 13.477903
    endloop
  endfacet
  facet normal -0.744055 -0.376060 0.552233
    outer loop
      vertex 68.081008 86.762872 11.937168
      vertex 68.715324 85.507842 11.937168
      vertex 69.382230 85.208858 12.632127
    endloop
  endfacet
  facet normal -0.744055 -0.376060 0.552233
    outer loop
      vertex 68.081008 86.762872 11.937168
      vertex 69.382230 85.208858 12.632127
      vertex 68.677188 86.603824 12.632127
    endloop
  endfacet
  facet normal 0.758346 0.385945 -0.525317
    outer loop
      vertex 69.826830 86.297124 12.730796
      vertex 68.926796 88.065605 12.730796
      vertex 69.449643 88.055161 13.477903
    endloop
  endfacet
  facet normal 0.758346 0.385945 -0.525317
    outer loop
      vertex 69.826830 86.297124 12.730796
      vertex 69.449643 88.055161 13.477903
      vertex 70.425666 86.137368 13.477903
    endloop
  endfacet
  facet normal -0.743567 -0.378424 0.551274
    outer loop
      vertex 67.402511 88.096054 11.937168
      vertex 68.081008 86.762872 11.937168
      vertex 68.677188 86.603824 12.632127
    endloop
  endfacet
  facet normal -0.743567 -0.378424 0.551274
    outer loop
      vertex 67.402511 88.096054 11.937168
      vertex 68.677188 86.603824 12.632127
      vertex 67.923038 88.085656 12.632127
    endloop
  endfacet
  facet normal 0.751583 0.405462 -0.520311
    outer loop
      vertex 68.926796 88.065605 12.730796
      vertex 67.922574 89.927076 12.730796
      vertex 68.360635 90.073795 13.477903
    endloop
  endfacet
  facet normal 0.751583 0.405462 -0.520311
    outer loop
      vertex 68.926796 88.065605 12.730796
      vertex 68.360635 90.073795 13.477903
      vertex 69.449643 88.055161 13.477903
    endloop
  endfacet
  facet normal -0.737206 -0.397706 0.546221
    outer loop
      vertex 66.645471 89.499337 11.937168
      vertex 67.402511 88.096054 11.937168
      vertex 67.923038 88.085656 12.632127
    endloop
  endfacet
  facet normal -0.737206 -0.397706 0.546221
    outer loop
      vertex 66.645471 89.499337 11.937168
      vertex 67.923038 88.085656 12.632127
      vertex 67.081588 89.645405 12.632127
    endloop
  endfacet
  facet normal 0.731880 0.444570 -0.516439
    outer loop
      vertex 67.922574 89.927076 12.730796
      vertex 66.788875 91.793443 12.730796
      vertex 67.131219 92.097739 13.477903
    endloop
  endfacet
  facet normal 0.731880 0.444570 -0.516439
    outer loop
      vertex 67.922574 89.927076 12.730796
      vertex 67.131219 92.097739 13.477903
      vertex 68.360635 90.073795 13.477903
    endloop
  endfacet
  facet normal -0.718082 -0.436189 0.542308
    outer loop
      vertex 65.790823 90.906312 11.937168
      vertex 66.645471 89.499337 11.937168
      vertex 67.081588 89.645405 12.632127
    endloop
  endfacet
  facet normal -0.718082 -0.436189 0.542308
    outer loop
      vertex 65.790823 90.906312 11.937168
      vertex 67.081588 89.645405 12.632127
      vertex 66.131648 91.209258 12.632127
    endloop
  endfacet
  facet normal 0.705941 0.481375 -0.519543
    outer loop
      vertex 66.788875 91.793443 12.730796
      vertex 65.592228 93.548338 12.730796
      vertex 65.833538 94.000799 13.477903
    endloop
  endfacet
  facet normal 0.705941 0.481375 -0.519543
    outer loop
      vertex 66.788875 91.793443 12.730796
      vertex 65.833538 94.000799 13.477903
      vertex 67.131219 92.097739 13.477903
    endloop
  endfacet
  facet normal -0.692476 -0.472193 0.545445
    outer loop
      vertex 64.888722 92.229253 11.937168
      vertex 65.790823 90.906312 11.937168
      vertex 66.131648 91.209258 12.632127
    endloop
  endfacet
  facet normal -0.692476 -0.472193 0.545445
    outer loop
      vertex 64.888722 92.229253 11.937168
      vertex 66.131648 91.209258 12.632127
      vertex 65.128962 92.679706 12.632127
    endloop
  endfacet
  facet normal 0.690595 0.497885 -0.524585
    outer loop
      vertex 65.592228 93.548338 12.730796
      vertex 64.425698 95.166381 12.730796
      vertex 64.568519 95.755453 13.477903
    endloop
  endfacet
  facet normal 0.690595 0.497885 -0.524585
    outer loop
      vertex 65.592228 93.548338 12.730796
      vertex 64.568519 95.755453 13.477903
      vertex 65.833538 94.000799 13.477903
    endloop
  endfacet
  facet normal -0.677173 -0.488208 0.550536
    outer loop
      vertex 64.009325 93.449027 11.937168
      vertex 64.888722 92.229253 11.937168
      vertex 65.128962 92.679706 12.632127
    endloop
  endfacet
  facet normal -0.677173 -0.488208 0.550536
    outer loop
      vertex 64.009325 93.449027 11.937168
      vertex 65.128962 92.679706 12.632127
      vertex 64.151512 94.035485 12.632127
    endloop
  endfacet
  facet normal -0.320255 0.772715 -0.548041
    outer loop
      vertex 64.425698 95.166381 12.730796
      vertex 62.704827 94.453159 12.730796
      vertex 62.702355 94.982014 13.477903
    endloop
  endfacet
  facet normal -0.320255 0.772715 -0.548041
    outer loop
      vertex 64.425698 95.166381 12.730796
      vertex 62.702355 94.982014 13.477903
      vertex 64.568519 95.755453 13.477903
    endloop
  endfacet
  facet normal 0.313479 -0.756367 0.574143
    outer loop
      vertex 62.712033 92.911359 11.937168
      vertex 64.009325 93.449027 11.937168
      vertex 64.151512 94.035485 12.632127
    endloop
  endfacet
  facet normal 0.313479 -0.756367 0.574143
    outer loop
      vertex 62.712033 92.911359 11.937168
      vertex 64.151512 94.035485 12.632127
      vertex 62.709572 93.437867 12.632127
    endloop
  endfacet
  facet normal -0.343269 0.766072 -0.543415
    outer loop
      vertex 62.704827 94.453159 12.730796
      vertex 60.916140 93.651667 12.730796
      vertex 60.762650 94.112852 13.477903
    endloop
  endfacet
  facet normal -0.343269 0.766072 -0.543415
    outer loop
      vertex 62.704827 94.453159 12.730796
      vertex 60.762650 94.112852 13.477903
      vertex 62.702355 94.982014 13.477903
    endloop
  endfacet
  facet normal 0.336125 -0.750129 0.569497
    outer loop
      vertex 61.363618 92.307148 11.937168
      vertex 62.712033 92.911359 11.937168
      vertex 62.709572 93.437867 12.632127
    endloop
  endfacet
  facet normal 0.336125 -0.750129 0.569497
    outer loop
      vertex 61.363618 92.307148 11.937168
      vertex 62.709572 93.437867 12.632127
      vertex 61.210809 92.766287 12.632127
    endloop
  endfacet
  facet normal -0.379611 0.750349 -0.541176
    outer loop
      vertex 60.916140 93.651667 12.730796
      vertex 59.132482 92.749293 12.730796
      vertex 58.828399 93.134291 13.477903
    endloop
  endfacet
  facet normal -0.379611 0.750349 -0.541176
    outer loop
      vertex 60.916140 93.651667 12.730796
      vertex 58.828399 93.134291 13.477903
      vertex 60.762650 94.112852 13.477903
    endloop
  endfacet
  facet normal 0.371774 -0.734858 0.567246
    outer loop
      vertex 60.018995 91.626887 11.937168
      vertex 61.363618 92.307148 11.937168
      vertex 61.210809 92.766287 12.632127
    endloop
  endfacet
  facet normal 0.371774 -0.734858 0.567246
    outer loop
      vertex 60.018995 91.626887 11.937168
      vertex 61.210809 92.766287 12.632127
      vertex 59.716260 92.010177 12.632127
    endloop
  endfacet
  facet normal -0.412168 0.730666 -0.544284
    outer loop
      vertex 59.132482 92.749293 12.730796
      vertex 57.435922 91.792264 12.730796
      vertex 56.988598 92.096460 13.477903
    endloop
  endfacet
  facet normal -0.412168 0.730666 -0.544284
    outer loop
      vertex 59.132482 92.749293 12.730796
      vertex 56.988598 92.096460 13.477903
      vertex 58.828399 93.134291 13.477903
    endloop
  endfacet
  facet normal 0.403564 -0.715412 0.570370
    outer loop
      vertex 58.740030 90.905423 11.937168
      vertex 60.018995 91.626887 11.937168
      vertex 59.716260 92.010177 12.632127
    endloop
  endfacet
  facet normal 0.403564 -0.715412 0.570370
    outer loop
      vertex 58.740030 90.905423 11.937168
      vertex 59.716260 92.010177 12.632127
      vertex 58.294691 91.208270 12.632127
    endloop
  endfacet
  facet normal -0.428819 0.717513 -0.548898
    outer loop
      vertex 57.435922 91.792264 12.730796
      vertex 55.850356 90.844655 12.730796
      vertex 55.269163 91.068845 13.477903
    endloop
  endfacet
  facet normal -0.428819 0.717513 -0.548898
    outer loop
      vertex 57.435922 91.792264 12.730796
      vertex 55.269163 91.068845 13.477903
      vertex 56.988598 92.096460 13.477903
    endloop
  endfacet
  facet normal 0.419720 -0.702287 0.575003
    outer loop
      vertex 57.544739 90.191062 11.937168
      vertex 58.740030 90.905423 11.937168
      vertex 58.294691 91.208270 12.632127
    endloop
  endfacet
  facet normal 0.419720 -0.702287 0.575003
    outer loop
      vertex 57.544739 90.191062 11.937168
      vertex 58.294691 91.208270 12.632127
      vertex 56.966125 90.414257 12.632127
    endloop
  endfacet
  facet normal -0.432957 0.713477 -0.550907
    outer loop
      vertex 55.850356 90.844655 12.730796
      vertex 54.356665 89.938243 12.730796
      vertex 53.649360 90.085905 13.477903
    endloop
  endfacet
  facet normal -0.432957 0.713477 -0.550907
    outer loop
      vertex 55.850356 90.844655 12.730796
      vertex 53.649360 90.085905 13.477903
      vertex 55.269163 91.068845 13.477903
    endloop
  endfacet
  facet normal 0.423705 -0.698230 0.577018
    outer loop
      vertex 56.418709 89.507756 11.937168
      vertex 57.544739 90.191062 11.937168
      vertex 56.966125 90.414257 12.632127
    endloop
  endfacet
  facet normal 0.423705 -0.698230 0.577018
    outer loop
      vertex 56.418709 89.507756 11.937168
      vertex 56.966125 90.414257 12.632127
      vertex 55.714543 89.654763 12.632127
    endloop
  endfacet
  facet normal -0.431490 0.715176 -0.549854
    outer loop
      vertex 54.356665 89.938243 12.730796
      vertex 52.930506 89.077792 12.730796
      vertex 52.102792 89.152806 13.477903
    endloop
  endfacet
  facet normal -0.431490 0.715176 -0.549854
    outer loop
      vertex 54.356665 89.938243 12.730796
      vertex 52.102792 89.152806 13.477903
      vertex 53.649360 90.085905 13.477903
    endloop
  endfacet
  facet normal 0.422303 -0.699949 0.575961
    outer loop
      vertex 55.343589 88.859099 11.937168
      vertex 56.418709 89.507756 11.937168
      vertex 55.714543 89.654763 12.632127
    endloop
  endfacet
  facet normal 0.422303 -0.699949 0.575961
    outer loop
      vertex 55.343589 88.859099 11.937168
      vertex 55.714543 89.654763 12.632127
      vertex 54.519546 88.933780 12.632127
    endloop
  endfacet
  facet normal -0.428344 0.719403 -0.546791
    outer loop
      vertex 52.930506 89.077792 12.730796
      vertex 51.554198 88.258318 12.730796
      vertex 50.610283 88.264144 13.477903
    endloop
  endfacet
  facet normal -0.428344 0.719403 -0.546791
    outer loop
      vertex 52.930506 89.077792 12.730796
      vertex 50.610283 88.264144 13.477903
      vertex 52.102792 89.152806 13.477903
    endloop
  endfacet
  facet normal 0.419321 -0.704251 0.572888
    outer loop
      vertex 54.306049 88.241332 11.937168
      vertex 55.343589 88.859099 11.937168
      vertex 54.519546 88.933780 12.632127
    endloop
  endfacet
  facet normal 0.419321 -0.704251 0.572888
    outer loop
      vertex 54.306049 88.241332 11.937168
      vertex 54.519546 88.933780 12.632127
      vertex 53.366321 88.247132 12.632127
    endloop
  endfacet
  facet normal -0.333731 -0.860951 -0.383911
    outer loop
      vertex 50.610283 88.264144 13.477903
      vertex 53.054979 87.316505 13.477903
      vertex 52.369515 87.254694 14.212387
    endloop
  endfacet
  facet normal -0.333731 -0.860951 -0.383911
    outer loop
      vertex 50.610283 88.264144 13.477903
      vertex 52.369515 87.254694 14.212387
      vertex 49.751688 88.269444 14.212387
    endloop
  endfacet
  facet normal 0.331430 0.855015 0.398878
    outer loop
      vertex 55.255278 87.514914 12.632127
      vertex 53.366321 88.247132 12.632127
      vertex 52.520974 88.252350 13.323345
    endloop
  endfacet
  facet normal 0.331430 0.855015 0.398878
    outer loop
      vertex 55.255278 87.514914 12.632127
      vertex 52.520974 88.252350 13.323345
      vertex 54.580391 87.454057 13.323345
    endloop
  endfacet
  facet normal -0.344035 -0.852827 -0.392844
    outer loop
      vertex 53.054979 87.316505 13.477903
      vertex 55.640256 86.273591 13.477903
      vertex 55.137878 86.137923 14.212387
    endloop
  endfacet
  facet normal -0.344035 -0.852827 -0.392844
    outer loop
      vertex 53.054979 87.316505 13.477903
      vertex 55.137878 86.137923 14.212387
      vertex 52.369515 87.254694 14.212387
    endloop
  endfacet
  facet normal 0.341552 0.846674 0.408027
    outer loop
      vertex 57.252859 86.709080 12.632127
      vertex 55.255278 87.514914 12.632127
      vertex 54.580391 87.454057 13.323345
    endloop
  endfacet
  facet normal 0.341552 0.846674 0.408027
    outer loop
      vertex 57.252859 86.709080 12.632127
      vertex 54.580391 87.454057 13.323345
      vertex 56.758233 86.575505 13.323345
    endloop
  endfacet
  facet normal -0.352248 -0.847325 -0.397445
    outer loop
      vertex 55.640256 86.273591 13.477903
      vertex 58.471613 85.096547 13.477903
      vertex 58.169749 84.877521 14.212387
    endloop
  endfacet
  facet normal -0.352248 -0.847325 -0.397445
    outer loop
      vertex 55.640256 86.273591 13.477903
      vertex 58.169749 84.877521 14.212387
      vertex 55.137878 86.137923 14.212387
    endloop
  endfacet
  facet normal 0.349647 0.841068 0.412736
    outer loop
      vertex 59.440581 85.799607 12.632127
      vertex 57.252859 86.709080 12.632127
      vertex 56.758233 86.575505 13.323345
    endloop
  endfacet
  facet normal 0.349647 0.841068 0.412736
    outer loop
      vertex 59.440581 85.799607 12.632127
      vertex 56.758233 86.575505 13.323345
      vertex 59.143374 85.583961 13.323345
    endloop
  endfacet
  facet normal -0.319853 -0.863896 -0.389073
    outer loop
      vertex 58.471613 85.096547 13.477903
      vertex 61.705826 83.899097 13.477903
      vertex 61.633005 83.595269 14.212387
    endloop
  endfacet
  facet normal -0.319853 -0.863896 -0.389073
    outer loop
      vertex 58.471613 85.096547 13.477903
      vertex 61.633005 83.595269 14.212387
      vertex 58.169749 84.877521 14.212387
    endloop
  endfacet
  facet normal 0.317589 0.857781 0.404166
    outer loop
      vertex 61.939579 84.874366 12.632127
      vertex 59.440581 85.799607 12.632127
      vertex 59.143374 85.583961 13.323345
    endloop
  endfacet
  facet normal 0.317589 0.857781 0.404166
    outer loop
      vertex 61.939579 84.874366 12.632127
      vertex 59.143374 85.583961 13.323345
      vertex 61.867881 84.575226 13.323345
    endloop
  endfacet
  facet normal -0.236388 -0.889369 -0.391335
    outer loop
      vertex 61.705826 83.899097 13.477903
      vertex 64.979072 83.029093 13.477903
      vertex 65.138058 82.663653 14.212387
    endloop
  endfacet
  facet normal -0.236388 -0.889369 -0.391335
    outer loop
      vertex 61.705826 83.899097 13.477903
      vertex 65.138058 82.663653 14.212387
      vertex 61.633005 83.595269 14.212387
    endloop
  endfacet
  facet normal 0.234695 0.883001 0.406482
    outer loop
      vertex 64.468736 84.202135 12.632127
      vertex 61.939579 84.874366 12.632127
      vertex 61.867881 84.575226 13.323345
    endloop
  endfacet
  facet normal 0.234695 0.883001 0.406482
    outer loop
      vertex 64.468736 84.202135 12.632127
      vertex 61.867881 84.575226 13.323345
      vertex 64.625269 83.842334 13.323345
    endloop
  endfacet
  facet normal -0.214346 -0.892208 -0.397518
    outer loop
      vertex 64.979072 83.029093 13.477903
      vertex 67.896759 82.328140 13.477903
      vertex 68.262372 81.913059 14.212387
    endloop
  endfacet
  facet normal -0.214346 -0.892208 -0.397518
    outer loop
      vertex 64.979072 83.029093 13.477903
      vertex 68.262372 81.913059 14.212387
      vertex 65.138058 82.663653 14.212387
    endloop
  endfacet
  facet normal 0.212763 0.885618 0.412811
    outer loop
      vertex 66.723162 83.660526 12.632127
      vertex 64.468736 84.202135 12.632127
      vertex 64.625269 83.842334 13.323345
    endloop
  endfacet
  facet normal 0.212763 0.885618 0.412811
    outer loop
      vertex 66.723162 83.660526 12.632127
      vertex 64.625269 83.842334 13.323345
      vertex 67.083134 83.251849 13.323345
    endloop
  endfacet
  facet normal -0.226411 -0.891948 -0.391366
    outer loop
      vertex 67.896759 82.328140 13.477903
      vertex 70.562082 81.651579 13.477903
      vertex 71.116450 81.188585 14.212387
    endloop
  endfacet
  facet normal -0.226411 -0.891948 -0.391366
    outer loop
      vertex 67.896759 82.328140 13.477903
      vertex 71.116450 81.188585 14.212387
      vertex 68.262372 81.913059 14.212387
    endloop
  endfacet
  facet normal 0.224789 0.885560 0.406514
    outer loop
      vertex 68.782593 83.137763 12.632127
      vertex 66.723162 83.660526 12.632127
      vertex 67.083134 83.251849 13.323345
    endloop
  endfacet
  facet normal 0.224789 0.885560 0.406514
    outer loop
      vertex 68.782593 83.137763 12.632127
      vertex 67.083134 83.251849 13.323345
      vertex 69.328407 82.681913 13.323345
    endloop
  endfacet
  facet normal -0.239006 -0.892605 -0.382273
    outer loop
      vertex 70.562082 81.651579 13.477903
      vertex 73.071327 80.979698 13.477903
      vertex 73.803397 80.469122 14.212387
    endloop
  endfacet
  facet normal -0.239006 -0.892605 -0.382273
    outer loop
      vertex 70.562082 81.651579 13.477903
      vertex 73.803397 80.469122 14.212387
      vertex 71.116450 81.188585 14.212387
    endloop
  endfacet
  facet normal 0.237372 0.886503 0.397200
    outer loop
      vertex 70.721426 82.618617 12.632127
      vertex 68.782593 83.137763 12.632127
      vertex 69.328407 82.681913 13.323345
    endloop
  endfacet
  facet normal 0.237372 0.886503 0.397200
    outer loop
      vertex 70.721426 82.618617 12.632127
      vertex 69.328407 82.681913 13.323345
      vertex 71.442200 82.115919 13.323345
    endloop
  endfacet
  facet normal 0.772848 0.403293 -0.489959
    outer loop
      vertex 73.071327 80.979698 13.477903
      vertex 72.215611 82.619546 13.477903
      vertex 72.887080 82.225102 14.212387
    endloop
  endfacet
  facet normal 0.772848 0.403293 -0.489959
    outer loop
      vertex 73.071327 80.979698 13.477903
      vertex 72.887080 82.225102 14.212387
      vertex 73.803397 80.469122 14.212387
    endloop
  endfacet
  facet normal -0.764226 -0.398793 0.506876
    outer loop
      vertex 70.060235 83.885688 12.632127
      vertex 70.721426 82.618617 12.632127
      vertex 71.442200 82.115919 13.323345
    endloop
  endfacet
  facet normal -0.764226 -0.398793 0.506876
    outer loop
      vertex 70.060235 83.885688 12.632127
      vertex 71.442200 82.115919 13.323345
      vertex 70.721343 83.497330 13.323345
    endloop
  endfacet
  facet normal 0.773612 0.396406 -0.494356
    outer loop
      vertex 72.215611 82.619546 13.477903
      vertex 71.338135 84.331998 13.477903
      vertex 71.947462 84.058828 14.212387
    endloop
  endfacet
  facet normal 0.773612 0.396406 -0.494356
    outer loop
      vertex 72.215611 82.619546 13.477903
      vertex 71.947462 84.058828 14.212387
      vertex 72.887080 82.225102 14.212387
    endloop
  endfacet
  facet normal -0.764828 -0.391905 0.511321
    outer loop
      vertex 69.382230 85.208858 12.632127
      vertex 70.060235 83.885688 12.632127
      vertex 70.721343 83.497330 13.323345
    endloop
  endfacet
  facet normal -0.764828 -0.391905 0.511321
    outer loop
      vertex 69.382230 85.208858 12.632127
      vertex 70.721343 83.497330 13.323345
      vertex 69.982155 84.939903 13.323345
    endloop
  endfacet
  facet normal 0.774489 0.391442 -0.496930
    outer loop
      vertex 71.338135 84.331998 13.477903
      vertex 70.425666 86.137368 13.477903
      vertex 70.970373 85.992052 14.212387
    endloop
  endfacet
  facet normal 0.774489 0.391442 -0.496930
    outer loop
      vertex 71.338135 84.331998 13.477903
      vertex 70.970373 85.992052 14.212387
      vertex 71.947462 84.058828 14.212387
    endloop
  endfacet
  facet normal -0.765605 -0.386952 0.513924
    outer loop
      vertex 68.677188 86.603824 12.632127
      vertex 69.382230 85.208858 12.632127
      vertex 69.982155 84.939903 13.323345
    endloop
  endfacet
  facet normal -0.765605 -0.386952 0.513924
    outer loop
      vertex 68.677188 86.603824 12.632127
      vertex 69.982155 84.939903 13.323345
      vertex 69.213490 86.460750 13.323345
    endloop
  endfacet
  facet normal 0.773870 0.393846 -0.495995
    outer loop
      vertex 70.425666 86.137368 13.477903
      vertex 69.449643 88.055161 13.477903
      vertex 69.925229 88.045660 14.212387
    endloop
  endfacet
  facet normal 0.773870 0.393846 -0.495995
    outer loop
      vertex 70.425666 86.137368 13.477903
      vertex 69.925229 88.045660 14.212387
      vertex 70.970373 85.992052 14.212387
    endloop
  endfacet
  facet normal -0.765025 -0.389345 0.512978
    outer loop
      vertex 67.923038 88.085656 12.632127
      vertex 68.677188 86.603824 12.632127
      vertex 69.213490 86.460750 13.323345
    endloop
  endfacet
  facet normal -0.765025 -0.389345 0.512978
    outer loop
      vertex 67.923038 88.085656 12.632127
      vertex 69.213490 86.460750 13.323345
      vertex 68.391286 88.076302 13.323345
    endloop
  endfacet
  facet normal 0.766668 0.413600 -0.491076
    outer loop
      vertex 69.449643 88.055161 13.477903
      vertex 68.360635 90.073795 13.477903
      vertex 68.759100 90.207252 14.212387
    endloop
  endfacet
  facet normal 0.766668 0.413600 -0.491076
    outer loop
      vertex 69.449643 88.055161 13.477903
      vertex 68.759100 90.207252 14.212387
      vertex 69.925229 88.045660 14.212387
    endloop
  endfacet
  facet normal -0.758076 -0.408965 0.508005
    outer loop
      vertex 67.081588 89.645405 12.632127
      vertex 67.923038 88.085656 12.632127
      vertex 68.391286 88.076302 13.323345
    endloop
  endfacet
  facet normal -0.758076 -0.408965 0.508005
    outer loop
      vertex 67.081588 89.645405 12.632127
      vertex 68.391286 88.076302 13.323345
      vertex 67.473904 89.776803 13.323345
    endloop
  endfacet
  facet normal 0.746345 0.453357 -0.487275
    outer loop
      vertex 68.360635 90.073795 13.477903
      vertex 67.131219 92.097739 13.477903
      vertex 67.442617 92.374529 14.212387
    endloop
  endfacet
  facet normal 0.746345 0.453357 -0.487275
    outer loop
      vertex 68.360635 90.073795 13.477903
      vertex 67.442617 92.374529 14.212387
      vertex 68.759100 90.207252 14.212387
    endloop
  endfacet
  facet normal -0.738108 -0.448353 0.504159
    outer loop
      vertex 66.131648 91.209258 12.632127
      vertex 67.081588 89.645405 12.632127
      vertex 67.473904 89.776803 13.323345
    endloop
  endfacet
  facet normal -0.738108 -0.448353 0.504159
    outer loop
      vertex 66.131648 91.209258 12.632127
      vertex 67.473904 89.776803 13.323345
      vertex 66.438241 91.481778 13.323345
    endloop
  endfacet
  facet normal 0.720067 0.491007 -0.490322
    outer loop
      vertex 67.131219 92.097739 13.477903
      vertex 65.833538 94.000799 13.477903
      vertex 66.053036 94.412362 14.212387
    endloop
  endfacet
  facet normal 0.720067 0.491007 -0.490322
    outer loop
      vertex 67.131219 92.097739 13.477903
      vertex 66.053036 94.412362 14.212387
      vertex 67.442617 92.374529 14.212387
    endloop
  endfacet
  facet normal -0.712021 -0.485521 0.507242
    outer loop
      vertex 65.128962 92.679706 12.632127
      vertex 66.131648 91.209258 12.632127
      vertex 66.438241 91.481778 13.323345
    endloop
  endfacet
  facet normal -0.712021 -0.485521 0.507242
    outer loop
      vertex 65.128962 92.679706 12.632127
      vertex 66.438241 91.481778 13.323345
      vertex 65.345073 93.084919 13.323345
    endloop
  endfacet
  facet normal 0.704691 0.508048 -0.495275
    outer loop
      vertex 65.833538 94.000799 13.477903
      vertex 64.568519 95.755453 13.477903
      vertex 64.698430 96.291278 14.212387
    endloop
  endfacet
  facet normal 0.704691 0.508048 -0.495275
    outer loop
      vertex 65.833538 94.000799 13.477903
      vertex 64.698430 96.291278 14.212387
      vertex 66.053036 94.412362 14.212387
    endloop
  endfacet
  facet normal -0.696660 -0.502258 0.512251
    outer loop
      vertex 64.151512 94.035485 12.632127
      vertex 65.128962 92.679706 12.632127
      vertex 65.345073 93.084919 13.323345
    endloop
  endfacet
  facet normal -0.696660 -0.502258 0.512251
    outer loop
      vertex 64.151512 94.035485 12.632127
      vertex 65.345073 93.084919 13.323345
      vertex 64.279419 94.563043 13.323345
    endloop
  endfacet
  facet normal -0.327410 0.789978 -0.518399
    outer loop
      vertex 64.568519 95.755453 13.477903
      vertex 62.702355 94.982014 13.477903
      vertex 62.700107 95.463065 14.212387
    endloop
  endfacet
  facet normal -0.327410 0.789978 -0.518399
    outer loop
      vertex 64.568519 95.755453 13.477903
      vertex 62.700107 95.463065 14.212387
      vertex 64.698430 96.291278 14.212387
    endloop
  endfacet
  facet normal 0.323329 -0.780131 0.535588
    outer loop
      vertex 62.709572 93.437867 12.632127
      vertex 64.151512 94.035485 12.632127
      vertex 64.279419 94.563043 13.323345
    endloop
  endfacet
  facet normal 0.323329 -0.780131 0.535588
    outer loop
      vertex 62.709572 93.437867 12.632127
      vertex 64.279419 94.563043 13.323345
      vertex 62.707359 93.911496 13.323345
    endloop
  endfacet
  facet normal -0.350805 0.782890 -0.513828
    outer loop
      vertex 62.702355 94.982014 13.477903
      vertex 60.762650 94.112852 13.477903
      vertex 60.623034 94.532350 14.212387
    endloop
  endfacet
  facet normal -0.350805 0.782890 -0.513828
    outer loop
      vertex 62.702355 94.982014 13.477903
      vertex 60.623034 94.532350 14.212387
      vertex 62.700107 95.463065 14.212387
    endloop
  endfacet
  facet normal 0.346507 -0.773299 0.530981
    outer loop
      vertex 61.210809 92.766287 12.632127
      vertex 62.709572 93.437867 12.632127
      vertex 62.707359 93.911496 13.323345
    endloop
  endfacet
  facet normal 0.346507 -0.773299 0.530981
    outer loop
      vertex 61.210809 92.766287 12.632127
      vertex 62.707359 93.911496 13.323345
      vertex 61.073347 93.179313 13.323345
    endloop
  endfacet
  facet normal -0.387874 0.766682 -0.511618
    outer loop
      vertex 60.762650 94.112852 13.477903
      vertex 58.828399 93.134291 13.477903
      vertex 58.551801 93.484488 14.212387
    endloop
  endfacet
  facet normal -0.387874 0.766682 -0.511618
    outer loop
      vertex 60.762650 94.112852 13.477903
      vertex 58.551801 93.484488 14.212387
      vertex 60.623034 94.532350 14.212387
    endloop
  endfacet
  facet normal 0.383162 -0.757369 0.528752
    outer loop
      vertex 59.716260 92.010177 12.632127
      vertex 61.210809 92.766287 12.632127
      vertex 61.073347 93.179313 13.323345
    endloop
  endfacet
  facet normal 0.383162 -0.757369 0.528752
    outer loop
      vertex 59.716260 92.010177 12.632127
      vertex 61.073347 93.179313 13.323345
      vertex 59.443930 92.354971 13.323345
    endloop
  endfacet
  facet normal -0.421247 0.746759 -0.514686
    outer loop
      vertex 58.828399 93.134291 13.477903
      vertex 56.988598 92.096460 13.477903
      vertex 56.581708 92.373160 14.212387
    endloop
  endfacet
  facet normal -0.421247 0.746759 -0.514686
    outer loop
      vertex 58.828399 93.134291 13.477903
      vertex 56.581708 92.373160 14.212387
      vertex 58.551801 93.484488 14.212387
    endloop
  endfacet
  facet normal 0.416069 -0.737581 0.531846
    outer loop
      vertex 58.294691 91.208270 12.632127
      vertex 59.716260 92.010177 12.632127
      vertex 59.443930 92.354971 13.323345
    endloop
  endfacet
  facet normal 0.416069 -0.737581 0.531846
    outer loop
      vertex 58.294691 91.208270 12.632127
      vertex 59.443930 92.354971 13.323345
      vertex 57.894079 91.480700 13.323345
    endloop
  endfacet
  facet normal -0.438431 0.733595 -0.519247
    outer loop
      vertex 56.988598 92.096460 13.477903
      vertex 55.269163 91.068845 13.477903
      vertex 54.740505 91.272770 14.212387
    endloop
  endfacet
  facet normal -0.438431 0.733595 -0.519247
    outer loop
      vertex 56.988598 92.096460 13.477903
      vertex 54.740505 91.272770 14.212387
      vertex 56.581708 92.373160 14.212387
    endloop
  endfacet
  facet normal 0.432948 -0.724421 0.536442
    outer loop
      vertex 56.966125 90.414257 12.632127
      vertex 58.294691 91.208270 12.632127
      vertex 57.894079 91.480700 13.323345
    endloop
  endfacet
  facet normal 0.432948 -0.724421 0.536442
    outer loop
      vertex 56.966125 90.414257 12.632127
      vertex 57.894079 91.480700 13.323345
      vertex 56.445624 90.615036 13.323345
    endloop
  endfacet
  facet normal -0.442735 0.729590 -0.521233
    outer loop
      vertex 55.269163 91.068845 13.477903
      vertex 53.649360 90.085905 13.477903
      vertex 53.005990 90.220219 14.212387
    endloop
  endfacet
  facet normal -0.442735 0.729590 -0.521233
    outer loop
      vertex 55.269163 91.068845 13.477903
      vertex 53.005990 90.220219 14.212387
      vertex 54.740505 91.272770 14.212387
    endloop
  endfacet
  facet normal 0.437157 -0.720398 0.538443
    outer loop
      vertex 55.714543 89.654763 12.632127
      vertex 56.966125 90.414257 12.632127
      vertex 56.445624 90.615036 13.323345
    endloop
  endfacet
  facet normal 0.437157 -0.720398 0.538443
    outer loop
      vertex 55.714543 89.654763 12.632127
      vertex 56.445624 90.615036 13.323345
      vertex 55.081099 89.787005 13.323345
    endloop
  endfacet
  facet normal -0.441197 0.731264 -0.520191
    outer loop
      vertex 53.649360 90.085905 13.477903
      vertex 52.102792 89.152806 13.477903
      vertex 51.349895 89.221040 14.212387
    endloop
  endfacet
  facet normal -0.441197 0.731264 -0.520191
    outer loop
      vertex 53.649360 90.085905 13.477903
      vertex 51.349895 89.221040 14.212387
      vertex 53.005990 90.220219 14.212387
    endloop
  endfacet
  facet normal 0.435660 -0.722087 0.537393
    outer loop
      vertex 54.519546 88.933780 12.632127
      vertex 55.714543 89.654763 12.632127
      vertex 55.081099 89.787005 13.323345
    endloop
  endfacet
  facet normal 0.435660 -0.722087 0.537393
    outer loop
      vertex 54.519546 88.933780 12.632127
      vertex 55.081099 89.787005 13.323345
      vertex 53.778266 89.000961 13.323345
    endloop
  endfacet
  facet normal -0.437868 0.735400 -0.517164
    outer loop
      vertex 52.102792 89.152806 13.477903
      vertex 50.610283 88.264144 13.477903
      vertex 49.751688 88.269444 14.212387
    endloop
  endfacet
  facet normal -0.437868 0.735400 -0.517164
    outer loop
      vertex 52.102792 89.152806 13.477903
      vertex 49.751688 88.269444 14.212387
      vertex 51.349895 89.221040 14.212387
    endloop
  endfacet
  facet normal 0.432436 -0.726276 0.534343
    outer loop
      vertex 53.366321 88.247132 12.632127
      vertex 54.519546 88.933780 12.632127
      vertex 53.778266 89.000961 13.323345
    endloop
  endfacet
  facet normal 0.432436 -0.726276 0.534343
    outer loop
      vertex 53.366321 88.247132 12.632127
      vertex 53.778266 89.000961 13.323345
      vertex 52.520974 88.252350 13.323345
    endloop
  endfacet
  facet normal -0.341563 -0.881156 -0.326953
    outer loop
      vertex 49.751688 88.269444 14.212387
      vertex 52.369515 87.254694 14.212387
      vertex 51.810652 87.204299 14.932040
    endloop
  endfacet
  facet normal -0.341563 -0.881156 -0.326953
    outer loop
      vertex 49.751688 88.269444 14.212387
      vertex 51.810652 87.204299 14.932040
      vertex 49.051672 88.273764 14.932040
    endloop
  endfacet
  facet normal 0.339869 0.876787 0.340197
    outer loop
      vertex 54.580391 87.454057 13.323345
      vertex 52.520974 88.252350 13.323345
      vertex 51.822364 88.256662 14.010168
    endloop
  endfacet
  facet normal 0.339869 0.876787 0.340197
    outer loop
      vertex 54.580391 87.454057 13.323345
      vertex 51.822364 88.256662 14.010168
      vertex 54.022651 87.403764 14.010168
    endloop
  endfacet
  facet normal -0.352503 -0.873819 -0.334935
    outer loop
      vertex 52.369515 87.254694 14.212387
      vertex 55.137878 86.137923 14.212387
      vertex 54.728287 86.027311 14.932040
    endloop
  endfacet
  facet normal -0.352503 -0.873819 -0.334935
    outer loop
      vertex 52.369515 87.254694 14.212387
      vertex 54.728287 86.027311 14.932040
      vertex 51.810652 87.204299 14.932040
    endloop
  endfacet
  facet normal 0.350669 0.869274 0.348417
    outer loop
      vertex 56.758233 86.575505 13.323345
      vertex 54.580391 87.454057 13.323345
      vertex 54.022651 87.403764 14.010168
    endloop
  endfacet
  facet normal 0.350669 0.869274 0.348417
    outer loop
      vertex 56.758233 86.575505 13.323345
      vertex 54.022651 87.403764 14.010168
      vertex 56.349465 86.465116 14.010168
    endloop
  endfacet
  facet normal -0.361130 -0.868692 -0.339057
    outer loop
      vertex 55.137878 86.137923 14.212387
      vertex 58.169749 84.877521 14.212387
      vertex 57.923637 84.698949 14.932040
    endloop
  endfacet
  facet normal -0.361130 -0.868692 -0.339057
    outer loop
      vertex 55.137878 86.137923 14.212387
      vertex 57.923637 84.698949 14.932040
      vertex 54.728287 86.027311 14.932040
    endloop
  endfacet
  facet normal 0.359205 0.864062 0.352660
    outer loop
      vertex 59.143374 85.583961 13.323345
      vertex 56.758233 86.575505 13.323345
      vertex 56.349465 86.465116 14.010168
    endloop
  endfacet
  facet normal 0.359205 0.864062 0.352660
    outer loop
      vertex 59.143374 85.583961 13.323345
      vertex 56.349465 86.465116 14.010168
      vertex 58.897757 85.405747 14.010168
    endloop
  endfacet
  facet normal -0.327570 -0.884740 -0.331562
    outer loop
      vertex 58.169749 84.877521 14.212387
      vertex 61.633005 83.595269 14.212387
      vertex 61.573633 83.347557 14.932040
    endloop
  endfacet
  facet normal -0.327570 -0.884740 -0.331562
    outer loop
      vertex 58.169749 84.877521 14.212387
      vertex 61.573633 83.347557 14.932040
      vertex 57.923637 84.698949 14.932040
    endloop
  endfacet
  facet normal 0.325900 0.880229 0.344944
    outer loop
      vertex 61.867881 84.575226 13.323345
      vertex 59.143374 85.583961 13.323345
      vertex 58.897757 85.405747 14.010168
    endloop
  endfacet
  facet normal 0.325900 0.880229 0.344944
    outer loop
      vertex 61.867881 84.575226 13.323345
      vertex 58.897757 85.405747 14.010168
      vertex 61.808629 84.328012 14.010168
    endloop
  endfacet
  facet normal -0.242160 -0.911087 -0.333584
    outer loop
      vertex 61.633005 83.595269 14.212387
      vertex 65.138058 82.663653 14.212387
      vertex 65.267680 82.365707 14.932040
    endloop
  endfacet
  facet normal -0.242160 -0.911087 -0.333584
    outer loop
      vertex 61.633005 83.595269 14.212387
      vertex 65.267680 82.365707 14.932040
      vertex 61.573633 83.347557 14.932040
    endloop
  endfacet
  facet normal 0.240910 0.906385 0.347027
    outer loop
      vertex 64.625269 83.842334 13.323345
      vertex 61.867881 84.575226 13.323345
      vertex 61.808629 84.328012 14.010168
    endloop
  endfacet
  facet normal 0.240910 0.906385 0.347027
    outer loop
      vertex 64.625269 83.842334 13.323345
      vertex 61.808629 84.328012 14.010168
      vertex 64.754631 83.544987 14.010168
    endloop
  endfacet
  facet normal -0.219754 -0.914715 -0.339122
    outer loop
      vertex 65.138058 82.663653 14.212387
      vertex 68.262372 81.913059 14.212387
      vertex 68.560458 81.574642 14.932040
    endloop
  endfacet
  facet normal -0.219754 -0.914715 -0.339122
    outer loop
      vertex 65.138058 82.663653 14.212387
      vertex 68.560458 81.574642 14.932040
      vertex 65.267680 82.365707 14.932040
    endloop
  endfacet
  facet normal 0.218582 0.909838 0.352727
    outer loop
      vertex 67.083134 83.251849 13.323345
      vertex 64.625269 83.842334 13.323345
      vertex 64.754631 83.544987 14.010168
    endloop
  endfacet
  facet normal 0.218582 0.909838 0.352727
    outer loop
      vertex 67.083134 83.251849 13.323345
      vertex 64.754631 83.544987 14.010168
      vertex 67.380622 82.914112 14.010168
    endloop
  endfacet
  facet normal -0.231940 -0.913732 -0.333612
    outer loop
      vertex 68.262372 81.913059 14.212387
      vertex 71.116450 81.188585 14.212387
      vertex 71.568429 80.811103 14.932040
    endloop
  endfacet
  facet normal -0.231940 -0.913732 -0.333612
    outer loop
      vertex 68.262372 81.913059 14.212387
      vertex 71.568429 80.811103 14.932040
      vertex 68.560458 81.574642 14.932040
    endloop
  endfacet
  facet normal 0.230743 0.909016 0.347055
    outer loop
      vertex 69.328407 82.681913 13.323345
      vertex 67.083134 83.251849 13.323345
      vertex 67.380622 82.914112 14.010168
    endloop
  endfacet
  facet normal 0.230743 0.909016 0.347055
    outer loop
      vertex 69.328407 82.681913 13.323345
      vertex 67.380622 82.914112 14.010168
      vertex 69.779478 82.305190 14.010168
    endloop
  endfacet
  facet normal -0.244565 -0.913369 -0.325492
    outer loop
      vertex 71.116450 81.188585 14.212387
      vertex 73.803397 80.469122 14.212387
      vertex 74.400257 80.052847 14.932040
    endloop
  endfacet
  facet normal -0.244565 -0.913369 -0.325492
    outer loop
      vertex 71.116450 81.188585 14.212387
      vertex 74.400257 80.052847 14.932040
      vertex 71.568429 80.811103 14.932040
    endloop
  endfacet
  facet normal 0.243363 0.908879 0.338692
    outer loop
      vertex 71.442200 82.115919 13.323345
      vertex 69.328407 82.681913 13.323345
      vertex 69.779478 82.305190 14.010168
    endloop
  endfacet
  facet normal 0.243363 0.908879 0.338692
    outer loop
      vertex 71.442200 82.115919 13.323345
      vertex 69.779478 82.305190 14.010168
      vertex 72.037861 81.700481 14.010168
    endloop
  endfacet
  facet normal 0.803067 0.419062 -0.423640
    outer loop
      vertex 73.803397 80.469122 14.212387
      vertex 72.887080 82.225102 14.212387
      vertex 73.434532 81.903510 14.932040
    endloop
  endfacet
  facet normal 0.803067 0.419062 -0.423640
    outer loop
      vertex 73.803397 80.469122 14.212387
      vertex 73.434532 81.903510 14.932040
      vertex 74.400257 80.052847 14.932040
    endloop
  endfacet
  facet normal -0.796414 -0.415590 0.439328
    outer loop
      vertex 70.721343 83.497330 13.323345
      vertex 71.442200 82.115919 13.323345
      vertex 72.037861 81.700481 14.010168
    endloop
  endfacet
  facet normal -0.796414 -0.415590 0.439328
    outer loop
      vertex 70.721343 83.497330 13.323345
      vertex 72.037861 81.700481 14.010168
      vertex 71.267695 83.176384 14.010168
    endloop
  endfacet
  facet normal 0.804438 0.412201 -0.427749
    outer loop
      vertex 72.887080 82.225102 14.212387
      vertex 71.947462 84.058828 14.212387
      vertex 72.444250 83.836111 14.932040
    endloop
  endfacet
  facet normal 0.804438 0.412201 -0.427749
    outer loop
      vertex 72.887080 82.225102 14.212387
      vertex 72.444250 83.836111 14.932040
      vertex 73.434532 81.903510 14.932040
    endloop
  endfacet
  facet normal -0.797646 -0.408721 0.443517
    outer loop
      vertex 69.982155 84.939903 13.323345
      vertex 70.721343 83.497330 13.323345
      vertex 71.267695 83.176384 14.010168
    endloop
  endfacet
  facet normal -0.797646 -0.408721 0.443517
    outer loop
      vertex 69.982155 84.939903 13.323345
      vertex 71.267695 83.176384 14.010168
      vertex 70.477945 84.717634 14.010168
    endloop
  endfacet
  facet normal 0.805693 0.407213 -0.430159
    outer loop
      vertex 71.947462 84.058828 14.212387
      vertex 70.970373 85.992052 14.212387
      vertex 71.414476 85.873575 14.932040
    endloop
  endfacet
  facet normal 0.805693 0.407213 -0.430159
    outer loop
      vertex 71.947462 84.058828 14.212387
      vertex 71.414476 85.873575 14.932040
      vertex 72.444250 83.836111 14.932040
    endloop
  endfacet
  facet normal -0.798814 -0.403736 0.445974
    outer loop
      vertex 69.213490 86.460750 13.323345
      vertex 69.982155 84.939903 13.323345
      vertex 70.477945 84.717634 14.010168
    endloop
  endfacet
  facet normal -0.798814 -0.403736 0.445974
    outer loop
      vertex 69.213490 86.460750 13.323345
      vertex 70.477945 84.717634 14.010168
      vertex 69.656701 86.342511 14.010168
    endloop
  endfacet
  facet normal 0.804924 0.409650 -0.429283
    outer loop
      vertex 70.970373 85.992052 14.212387
      vertex 69.925229 88.045660 14.212387
      vertex 70.312977 88.037915 14.932040
    endloop
  endfacet
  facet normal 0.804924 0.409650 -0.429283
    outer loop
      vertex 70.970373 85.992052 14.212387
      vertex 70.312977 88.037915 14.932040
      vertex 71.414476 85.873575 14.932040
    endloop
  endfacet
  facet normal -0.798080 -0.406167 0.445081
    outer loop
      vertex 68.391286 88.076302 13.323345
      vertex 69.213490 86.460750 13.323345
      vertex 69.656701 86.342511 14.010168
    endloop
  endfacet
  facet normal -0.798080 -0.406167 0.445081
    outer loop
      vertex 68.391286 88.076302 13.323345
      vertex 69.656701 86.342511 14.010168
      vertex 68.778255 88.068572 14.010168
    endloop
  endfacet
  facet normal 0.796789 0.429850 -0.424683
    outer loop
      vertex 69.925229 88.045660 14.212387
      vertex 68.759100 90.207252 14.212387
      vertex 69.083970 90.316060 14.932040
    endloop
  endfacet
  facet normal 0.796789 0.429850 -0.424683
    outer loop
      vertex 69.925229 88.045660 14.212387
      vertex 69.083970 90.316060 14.932040
      vertex 70.312977 88.037915 14.932040
    endloop
  endfacet
  facet normal -0.790157 -0.426272 0.440391
    outer loop
      vertex 67.473904 89.776803 13.323345
      vertex 68.391286 88.076302 13.323345
      vertex 68.778255 88.068572 14.010168
    endloop
  endfacet
  facet normal -0.790157 -0.426272 0.440391
    outer loop
      vertex 67.473904 89.776803 13.323345
      vertex 68.778255 88.068572 14.010168
      vertex 67.798122 89.885393 14.010168
    endloop
  endfacet
  facet normal 0.775190 0.470878 -0.421135
    outer loop
      vertex 68.759100 90.207252 14.212387
      vertex 67.442617 92.374529 14.212387
      vertex 67.696502 92.600198 14.932040
    endloop
  endfacet
  facet normal 0.775190 0.470878 -0.421135
    outer loop
      vertex 68.759100 90.207252 14.212387
      vertex 67.696502 92.600198 14.932040
      vertex 69.083970 90.316060 14.932040
    endloop
  endfacet
  facet normal -0.768843 -0.467023 0.436773
    outer loop
      vertex 66.438241 91.481778 13.323345
      vertex 67.473904 89.776803 13.323345
      vertex 67.798122 89.885393 14.010168
    endloop
  endfacet
  facet normal -0.768843 -0.467023 0.436773
    outer loop
      vertex 66.438241 91.481778 13.323345
      vertex 67.798122 89.885393 14.010168
      vertex 66.691616 91.706993 14.010168
    endloop
  endfacet
  facet normal 0.748266 0.510236 -0.423979
    outer loop
      vertex 67.442617 92.374529 14.212387
      vertex 66.053036 94.412362 14.212387
      vertex 66.231994 94.747911 14.932040
    endloop
  endfacet
  facet normal 0.748266 0.510236 -0.423979
    outer loop
      vertex 67.442617 92.374529 14.212387
      vertex 66.231994 94.747911 14.932040
      vertex 67.696502 92.600198 14.932040
    endloop
  endfacet
  facet normal -0.742057 -0.506003 0.439673
    outer loop
      vertex 65.345073 93.084919 13.323345
      vertex 66.438241 91.481778 13.323345
      vertex 66.691616 91.706993 14.010168
    endloop
  endfacet
  facet normal -0.742057 -0.506003 0.439673
    outer loop
      vertex 65.345073 93.084919 13.323345
      vertex 66.691616 91.706993 14.010168
      vertex 65.523671 93.419794 14.010168
    endloop
  endfacet
  facet normal 0.732883 0.528372 -0.428610
    outer loop
      vertex 66.053036 94.412362 14.212387
      vertex 64.698430 96.291278 14.212387
      vertex 64.804347 96.728139 14.932040
    endloop
  endfacet
  facet normal 0.732883 0.528372 -0.428610
    outer loop
      vertex 66.053036 94.412362 14.212387
      vertex 64.804347 96.728139 14.932040
      vertex 66.231994 94.747911 14.932040
    endloop
  endfacet
  facet normal -0.726670 -0.523893 0.444395
    outer loop
      vertex 64.279419 94.563043 13.323345
      vertex 65.345073 93.084919 13.323345
      vertex 65.523671 93.419794 14.010168
    endloop
  endfacet
  facet normal -0.726670 -0.523893 0.444395
    outer loop
      vertex 64.279419 94.563043 13.323345
      vertex 65.523671 93.419794 14.010168
      vertex 64.385123 94.999026 14.010168
    endloop
  endfacet
  facet normal -0.341843 0.824803 -0.450380
    outer loop
      vertex 64.698430 96.291278 14.212387
      vertex 62.700107 95.463065 14.212387
      vertex 62.698274 95.855268 14.932040
    endloop
  endfacet
  facet normal -0.341843 0.824803 -0.450380
    outer loop
      vertex 64.698430 96.291278 14.212387
      vertex 62.698274 95.855268 14.932040
      vertex 64.804347 96.728139 14.932040
    endloop
  endfacet
  facet normal 0.338648 -0.817094 0.466557
    outer loop
      vertex 62.707359 93.911496 13.323345
      vertex 64.279419 94.563043 13.323345
      vertex 64.385123 94.999026 14.010168
    endloop
  endfacet
  facet normal 0.338648 -0.817094 0.466557
    outer loop
      vertex 62.707359 93.911496 13.323345
      vertex 64.385123 94.999026 14.010168
      vertex 62.705529 94.302911 14.010168
    endloop
  endfacet
  facet normal -0.365980 0.816757 -0.446057
    outer loop
      vertex 62.700107 95.463065 14.212387
      vertex 60.623034 94.532350 14.212387
      vertex 60.509204 94.874369 14.932040
    endloop
  endfacet
  facet normal -0.365980 0.816757 -0.446057
    outer loop
      vertex 62.700107 95.463065 14.212387
      vertex 60.509204 94.874369 14.932040
      vertex 62.698274 95.855268 14.932040
    endloop
  endfacet
  facet normal 0.362624 -0.809266 0.462161
    outer loop
      vertex 61.073347 93.179313 13.323345
      vertex 62.707359 93.911496 13.323345
      vertex 62.705529 94.302911 14.010168
    endloop
  endfacet
  facet normal 0.362624 -0.809266 0.462161
    outer loop
      vertex 61.073347 93.179313 13.323345
      vertex 62.705529 94.302911 14.010168
      vertex 60.959747 93.520645 14.010168
    endloop
  endfacet
  facet normal -0.404499 0.799545 -0.443969
    outer loop
      vertex 60.623034 94.532350 14.212387
      vertex 58.551801 93.484488 14.212387
      vertex 58.326290 93.770006 14.932040
    endloop
  endfacet
  facet normal -0.404499 0.799545 -0.443969
    outer loop
      vertex 60.623034 94.532350 14.212387
      vertex 58.326290 93.770006 14.932040
      vertex 60.509204 94.874369 14.932040
    endloop
  endfacet
  facet normal 0.400824 -0.792279 0.460037
    outer loop
      vertex 59.443930 92.354971 13.323345
      vertex 61.073347 93.179313 13.323345
      vertex 60.959747 93.520645 14.010168
    endloop
  endfacet
  facet normal 0.400824 -0.792279 0.460037
    outer loop
      vertex 59.443930 92.354971 13.323345
      vertex 60.959747 93.520645 14.010168
      vertex 59.218872 92.639915 14.010168
    endloop
  endfacet
  facet normal -0.439534 0.779178 -0.446867
    outer loop
      vertex 58.551801 93.484488 14.212387
      vertex 56.581708 92.373160 14.212387
      vertex 56.249969 92.598754 14.932040
    endloop
  endfacet
  facet normal -0.439534 0.779178 -0.446867
    outer loop
      vertex 58.551801 93.484488 14.212387
      vertex 56.249969 92.598754 14.932040
      vertex 58.326290 93.770006 14.932040
    endloop
  endfacet
  facet normal 0.435489 -0.772007 0.462985
    outer loop
      vertex 57.894079 91.480700 13.323345
      vertex 59.443930 92.354971 13.323345
      vertex 59.218872 92.639915 14.010168
    endloop
  endfacet
  facet normal 0.435489 -0.772007 0.462985
    outer loop
      vertex 57.894079 91.480700 13.323345
      vertex 59.218872 92.639915 14.010168
      vertex 57.563006 91.705842 14.010168
    endloop
  endfacet
  facet normal -0.457826 0.766048 -0.451183
    outer loop
      vertex 56.581708 92.373160 14.212387
      vertex 54.740505 91.272770 14.212387
      vertex 54.309488 91.439032 14.932040
    endloop
  endfacet
  facet normal -0.457826 0.766048 -0.451183
    outer loop
      vertex 56.581708 92.373160 14.212387
      vertex 54.309488 91.439032 14.932040
      vertex 56.249969 92.598754 14.932040
    endloop
  endfacet
  facet normal 0.453531 -0.758862 0.467374
    outer loop
      vertex 56.445624 90.615036 13.323345
      vertex 57.894079 91.480700 13.323345
      vertex 57.563006 91.705842 14.010168
    endloop
  endfacet
  facet normal 0.453531 -0.758862 0.467374
    outer loop
      vertex 56.445624 90.615036 13.323345
      vertex 57.563006 91.705842 14.010168
      vertex 56.015472 90.780963 14.010168
    endloop
  endfacet
  facet normal -0.462481 0.762130 -0.453066
    outer loop
      vertex 54.740505 91.272770 14.212387
      vertex 53.005990 90.220219 14.212387
      vertex 52.481447 90.329727 14.932040
    endloop
  endfacet
  facet normal -0.462481 0.762130 -0.453066
    outer loop
      vertex 54.740505 91.272770 14.212387
      vertex 52.481447 90.329727 14.932040
      vertex 54.309488 91.439032 14.932040
    endloop
  endfacet
  facet normal 0.458107 -0.754922 0.469288
    outer loop
      vertex 55.081099 89.787005 13.323345
      vertex 56.445624 90.615036 13.323345
      vertex 56.015472 90.780963 14.010168
    endloop
  endfacet
  facet normal 0.458107 -0.754922 0.469288
    outer loop
      vertex 55.081099 89.787005 13.323345
      vertex 56.015472 90.780963 14.010168
      vertex 54.557610 89.896292 14.010168
    endloop
  endfacet
  facet normal -0.460790 0.763739 -0.452079
    outer loop
      vertex 53.005990 90.220219 14.212387
      vertex 51.349895 89.221040 14.212387
      vertex 50.736054 89.276671 14.932040
    endloop
  endfacet
  facet normal -0.460790 0.763739 -0.452079
    outer loop
      vertex 53.005990 90.220219 14.212387
      vertex 50.736054 89.276671 14.932040
      vertex 52.481447 90.329727 14.932040
    endloop
  endfacet
  facet normal 0.456451 -0.756547 0.468284
    outer loop
      vertex 53.778266 89.000961 13.323345
      vertex 55.081099 89.787005 13.323345
      vertex 54.557610 89.896292 14.010168
    endloop
  endfacet
  facet normal 0.456451 -0.756547 0.468284
    outer loop
      vertex 53.778266 89.000961 13.323345
      vertex 54.557610 89.896292 14.010168
      vertex 53.165659 89.056480 14.010168
    endloop
  endfacet
  facet normal -0.457073 0.767655 -0.449211
    outer loop
      vertex 51.349895 89.221040 14.212387
      vertex 49.751688 88.269444 14.212387
      vertex 49.051672 88.273764 14.932040
    endloop
  endfacet
  facet normal -0.457073 0.767655 -0.449211
    outer loop
      vertex 51.349895 89.221040 14.212387
      vertex 49.051672 88.273764 14.932040
      vertex 50.736054 89.276671 14.932040
    endloop
  endfacet
  facet normal 0.452823 -0.760516 0.465368
    outer loop
      vertex 52.520974 88.252350 13.323345
      vertex 53.778266 89.000961 13.323345
      vertex 53.165659 89.056480 14.010168
    endloop
  endfacet
  facet normal 0.452823 -0.760516 0.465368
    outer loop
      vertex 52.520974 88.252350 13.323345
      vertex 53.165659 89.056480 14.010168
      vertex 51.822364 88.256662 14.010168
    endloop
  endfacet
  facet normal -0.351691 -0.907284 -0.230539
    outer loop
      vertex 49.051672 88.273764 14.932040
      vertex 51.810652 87.204299 14.932040
      vertex 51.437002 87.170605 15.634652
    endloop
  endfacet
  facet normal -0.351691 -0.907284 -0.230539
    outer loop
      vertex 49.051672 88.273764 14.932040
      vertex 51.437002 87.170605 15.634652
      vertex 48.583647 88.276653 15.634652
    endloop
  endfacet
  facet normal 0.351167 0.905932 0.236577
    outer loop
      vertex 54.022651 87.403764 14.010168
      vertex 51.822364 88.256662 14.010168
      vertex 51.355630 88.259543 14.691943
    endloop
  endfacet
  facet normal 0.351167 0.905932 0.236577
    outer loop
      vertex 54.022651 87.403764 14.010168
      vertex 51.355630 88.259543 14.691943
      vertex 53.650031 87.370163 14.691943
    endloop
  endfacet
  facet normal -0.363496 -0.901071 -0.236519
    outer loop
      vertex 51.810652 87.204299 14.932040
      vertex 54.728287 86.027311 14.932040
      vertex 54.454438 85.953357 15.634652
    endloop
  endfacet
  facet normal -0.363496 -0.901071 -0.236519
    outer loop
      vertex 51.810652 87.204299 14.932040
      vertex 54.454438 85.953357 15.634652
      vertex 51.437002 87.170605 15.634652
    endloop
  endfacet
  facet normal 0.362926 0.899658 0.242694
    outer loop
      vertex 56.349465 86.465116 14.010168
      vertex 54.022651 87.403764 14.010168
      vertex 53.650031 87.370163 14.691943
    endloop
  endfacet
  facet normal 0.362926 0.899658 0.242694
    outer loop
      vertex 56.349465 86.465116 14.010168
      vertex 53.650031 87.370163 14.691943
      vertex 56.076371 86.391366 14.691943
    endloop
  endfacet
  facet normal -0.372685 -0.896487 -0.239618
    outer loop
      vertex 54.728287 86.027311 14.932040
      vertex 57.923637 84.698949 14.932040
      vertex 57.759089 84.579556 15.634652
    endloop
  endfacet
  facet normal -0.372685 -0.896487 -0.239618
    outer loop
      vertex 54.728287 86.027311 14.932040
      vertex 57.759089 84.579556 15.634652
      vertex 54.454438 85.953357 15.634652
    endloop
  endfacet
  facet normal 0.372085 0.895044 0.245864
    outer loop
      vertex 58.897757 85.405747 14.010168
      vertex 56.349465 86.465116 14.010168
      vertex 56.076371 86.391366 14.691943
    endloop
  endfacet
  facet normal 0.372085 0.895044 0.245864
    outer loop
      vertex 58.897757 85.405747 14.010168
      vertex 56.076371 86.391366 14.691943
      vertex 58.733662 85.286684 14.691943
    endloop
  endfacet
  facet normal -0.337572 -0.911754 -0.233989
    outer loop
      vertex 57.923637 84.698949 14.932040
      vertex 61.573633 83.347557 14.932040
      vertex 61.533938 83.181938 15.634652
    endloop
  endfacet
  facet normal -0.337572 -0.911754 -0.233989
    outer loop
      vertex 57.923637 84.698949 14.932040
      vertex 61.533938 83.181938 15.634652
      vertex 57.759089 84.579556 15.634652
    endloop
  endfacet
  facet normal 0.337054 0.910354 0.240106
    outer loop
      vertex 61.808629 84.328012 14.010168
      vertex 58.897757 85.405747 14.010168
      vertex 58.733662 85.286684 14.691943
    endloop
  endfacet
  facet normal 0.337054 0.910354 0.240106
    outer loop
      vertex 61.808629 84.328012 14.010168
      vertex 58.733662 85.286684 14.691943
      vertex 61.769043 84.162850 14.691943
    endloop
  endfacet
  facet normal -0.249649 -0.939262 -0.235506
    outer loop
      vertex 61.573633 83.347557 14.932040
      vertex 65.267680 82.365707 14.932040
      vertex 65.354345 82.166504 15.634652
    endloop
  endfacet
  facet normal -0.249649 -0.939262 -0.235506
    outer loop
      vertex 61.573633 83.347557 14.932040
      vertex 65.354345 82.166504 15.634652
      vertex 61.533938 83.181938 15.634652
    endloop
  endfacet
  facet normal 0.249260 0.937801 0.241658
    outer loop
      vertex 64.754631 83.544987 14.010168
      vertex 61.808629 84.328012 14.010168
      vertex 61.769043 84.162850 14.691943
    endloop
  endfacet
  facet normal 0.249260 0.937801 0.241658
    outer loop
      vertex 64.754631 83.544987 14.010168
      vertex 61.769043 84.162850 14.691943
      vertex 64.841056 83.346332 14.691943
    endloop
  endfacet
  facet normal -0.226788 -0.943995 -0.239667
    outer loop
      vertex 65.267680 82.365707 14.932040
      vertex 68.560458 81.574642 14.932040
      vertex 68.759757 81.348378 15.634652
    endloop
  endfacet
  facet normal -0.226788 -0.943995 -0.239667
    outer loop
      vertex 65.267680 82.365707 14.932040
      vertex 68.759757 81.348378 15.634652
      vertex 65.354345 82.166504 15.634652
    endloop
  endfacet
  facet normal 0.226423 0.942475 0.245914
    outer loop
      vertex 67.380622 82.914112 14.010168
      vertex 64.754631 83.544987 14.010168
      vertex 64.841056 83.346332 14.691943
    endloop
  endfacet
  facet normal 0.226423 0.942475 0.245914
    outer loop
      vertex 67.380622 82.914112 14.010168
      vertex 64.841056 83.346332 14.691943
      vertex 67.579370 82.688473 14.691943
    endloop
  endfacet
  facet normal -0.239114 -0.941994 -0.235526
    outer loop
      vertex 68.560458 81.574642 14.932040
      vertex 71.568429 80.811103 14.932040
      vertex 71.870618 80.558722 15.634652
    endloop
  endfacet
  facet normal -0.239114 -0.941994 -0.235526
    outer loop
      vertex 68.560458 81.574642 14.932040
      vertex 71.870618 80.558722 15.634652
      vertex 68.759757 81.348378 15.634652
    endloop
  endfacet
  facet normal 0.238742 0.940528 0.241679
    outer loop
      vertex 69.779478 82.305190 14.010168
      vertex 67.380622 82.914112 14.010168
      vertex 67.579370 82.688473 14.691943
    endloop
  endfacet
  facet normal 0.238742 0.940528 0.241679
    outer loop
      vertex 69.779478 82.305190 14.010168
      vertex 67.579370 82.688473 14.691943
      vertex 70.080834 82.053505 14.691943
    endloop
  endfacet
  facet normal -0.251750 -0.940200 -0.229447
    outer loop
      vertex 71.568429 80.811103 14.932040
      vertex 74.400257 80.052847 14.932040
      vertex 74.799313 79.774529 15.634652
    endloop
  endfacet
  facet normal -0.251750 -0.940200 -0.229447
    outer loop
      vertex 71.568429 80.811103 14.932040
      vertex 74.799313 79.774529 15.634652
      vertex 71.870618 80.558722 15.634652
    endloop
  endfacet
  facet normal 0.251378 0.938812 0.235460
    outer loop
      vertex 72.037861 81.700481 14.010168
      vertex 69.779478 82.305190 14.010168
      vertex 70.080834 82.053505 14.691943
    endloop
  endfacet
  facet normal 0.251378 0.938812 0.235460
    outer loop
      vertex 72.037861 81.700481 14.010168
      vertex 70.080834 82.053505 14.691943
      vertex 72.435816 81.422930 14.691943
    endloop
  endfacet
  facet normal 0.844308 0.440582 -0.305010
    outer loop
      vertex 74.400257 80.052847 14.932040
      vertex 73.434532 81.903510 14.932040
      vertex 73.800554 81.688496 15.634652
    endloop
  endfacet
  facet normal 0.844308 0.440582 -0.305010
    outer loop
      vertex 74.400257 80.052847 14.932040
      vertex 73.800554 81.688496 15.634652
      vertex 74.799313 79.774529 15.634652
    endloop
  endfacet
  facet normal -0.842109 -0.439435 0.312649
    outer loop
      vertex 71.267695 83.176384 14.010168
      vertex 72.037861 81.700481 14.010168
      vertex 72.435816 81.422930 14.691943
    endloop
  endfacet
  facet normal -0.842109 -0.439435 0.312649
    outer loop
      vertex 71.267695 83.176384 14.010168
      vertex 72.435816 81.422930 14.691943
      vertex 71.632708 82.961963 14.691943
    endloop
  endfacet
  facet normal 0.846619 0.433815 -0.308285
    outer loop
      vertex 73.434532 81.903510 14.932040
      vertex 72.444250 83.836111 14.932040
      vertex 72.776398 83.687204 15.634652
    endloop
  endfacet
  facet normal 0.846619 0.433815 -0.308285
    outer loop
      vertex 73.434532 81.903510 14.932040
      vertex 72.776398 83.687204 15.634652
      vertex 73.800554 81.688496 15.634652
    endloop
  endfacet
  facet normal -0.844367 -0.432661 0.315988
    outer loop
      vertex 70.477945 84.717634 14.010168
      vertex 71.267695 83.176384 14.010168
      vertex 71.632708 82.961963 14.691943
    endloop
  endfacet
  facet normal -0.844367 -0.432661 0.315988
    outer loop
      vertex 70.477945 84.717634 14.010168
      vertex 71.632708 82.961963 14.691943
      vertex 70.809177 84.569138 14.691943
    endloop
  endfacet
  facet normal 0.848456 0.428826 -0.310211
    outer loop
      vertex 72.444250 83.836111 14.932040
      vertex 71.414476 85.873575 14.932040
      vertex 71.711399 85.794362 15.634652
    endloop
  endfacet
  facet normal 0.848456 0.428826 -0.310211
    outer loop
      vertex 72.444250 83.836111 14.932040
      vertex 71.711399 85.794362 15.634652
      vertex 72.776398 83.687204 15.634652
    endloop
  endfacet
  facet normal -0.846170 -0.427671 0.317952
    outer loop
      vertex 69.656701 86.342511 14.010168
      vertex 70.477945 84.717634 14.010168
      vertex 70.809177 84.569138 14.691943
    endloop
  endfacet
  facet normal -0.846170 -0.427671 0.317952
    outer loop
      vertex 69.656701 86.342511 14.010168
      vertex 70.809177 84.569138 14.691943
      vertex 69.952805 86.263517 14.691943
    endloop
  endfacet
  facet normal 0.847458 0.431297 -0.309511
    outer loop
      vertex 71.414476 85.873575 14.932040
      vertex 70.312977 88.037915 14.932040
      vertex 70.572223 88.032736 15.634652
    endloop
  endfacet
  facet normal 0.847458 0.431297 -0.309511
    outer loop
      vertex 71.414476 85.873575 14.932040
      vertex 70.572223 88.032736 15.634652
      vertex 71.711399 85.794362 15.634652
    endloop
  endfacet
  facet normal -0.845186 -0.430141 0.317238
    outer loop
      vertex 68.778255 88.068572 14.010168
      vertex 69.656701 86.342511 14.010168
      vertex 69.952805 86.263517 14.691943
    endloop
  endfacet
  facet normal -0.845186 -0.430141 0.317238
    outer loop
      vertex 68.778255 88.068572 14.010168
      vertex 69.952805 86.263517 14.691943
      vertex 69.036786 88.063408 14.691943
    endloop
  endfacet
  facet normal 0.837926 0.452042 -0.305841
    outer loop
      vertex 70.312977 88.037915 14.932040
      vertex 69.083970 90.316060 14.932040
      vertex 69.301175 90.388808 15.634652
    endloop
  endfacet
  facet normal 0.837926 0.452042 -0.305841
    outer loop
      vertex 70.312977 88.037915 14.932040
      vertex 69.301175 90.388808 15.634652
      vertex 70.572223 88.032736 15.634652
    endloop
  endfacet
  facet normal -0.835732 -0.450858 0.313496
    outer loop
      vertex 67.798122 89.885393 14.010168
      vertex 68.778255 88.068572 14.010168
      vertex 69.036786 88.063408 14.691943
    endloop
  endfacet
  facet normal -0.835732 -0.450858 0.313496
    outer loop
      vertex 67.798122 89.885393 14.010168
      vertex 69.036786 88.063408 14.691943
      vertex 68.014728 89.957940 14.691943
    endloop
  endfacet
  facet normal 0.814493 0.494753 -0.303019
    outer loop
      vertex 69.083970 90.316060 14.932040
      vertex 67.696502 92.600198 14.932040
      vertex 67.866247 92.751078 15.634652
    endloop
  endfacet
  facet normal 0.814493 0.494753 -0.303019
    outer loop
      vertex 69.083970 90.316060 14.932040
      vertex 67.866247 92.751078 15.634652
      vertex 69.301175 90.388808 15.634652
    endloop
  endfacet
  facet normal -0.812400 -0.493481 0.310618
    outer loop
      vertex 66.691616 91.706993 14.010168
      vertex 67.798122 89.885393 14.010168
      vertex 68.014728 89.957940 14.691943
    endloop
  endfacet
  facet normal -0.812400 -0.493481 0.310618
    outer loop
      vertex 66.691616 91.706993 14.010168
      vertex 68.014728 89.957940 14.691943
      vertex 66.860893 91.857457 14.691943
    endloop
  endfacet
  facet normal 0.786759 0.536484 -0.305280
    outer loop
      vertex 67.696502 92.600198 14.932040
      vertex 66.231994 94.747911 14.932040
      vertex 66.351644 94.972256 15.634652
    endloop
  endfacet
  facet normal 0.786759 0.536484 -0.305280
    outer loop
      vertex 67.696502 92.600198 14.932040
      vertex 66.351644 94.972256 15.634652
      vertex 67.866247 92.751078 15.634652
    endloop
  endfacet
  facet normal -0.784706 -0.535084 0.312924
    outer loop
      vertex 65.523671 93.419794 14.010168
      vertex 66.691616 91.706993 14.010168
      vertex 66.860893 91.857457 14.691943
    endloop
  endfacet
  facet normal -0.784706 -0.535084 0.312924
    outer loop
      vertex 65.523671 93.419794 14.010168
      vertex 66.860893 91.857457 14.691943
      vertex 65.642991 93.643521 14.691943
    endloop
  endfacet
  facet normal 0.771479 0.556198 -0.308973
    outer loop
      vertex 66.231994 94.747911 14.932040
      vertex 64.804347 96.728139 14.932040
      vertex 64.875163 97.020221 15.634652
    endloop
  endfacet
  facet normal 0.771479 0.556198 -0.308973
    outer loop
      vertex 66.231994 94.747911 14.932040
      vertex 64.875163 97.020221 15.634652
      vertex 66.351644 94.972256 15.634652
    endloop
  endfacet
  facet normal -0.769417 -0.554712 0.316689
    outer loop
      vertex 64.385123 94.999026 14.010168
      vertex 65.523671 93.419794 14.010168
      vertex 65.642991 93.643521 14.691943
    endloop
  endfacet
  facet normal -0.769417 -0.554712 0.316689
    outer loop
      vertex 64.385123 94.999026 14.010168
      vertex 65.642991 93.643521 14.691943
      vertex 64.455743 95.290302 14.691943
    endloop
  endfacet
  facet normal -0.361889 0.873171 -0.326510
    outer loop
      vertex 64.804347 96.728139 14.932040
      vertex 62.698274 95.855268 14.932040
      vertex 62.697048 96.117492 15.634652
    endloop
  endfacet
  facet normal -0.361889 0.873171 -0.326510
    outer loop
      vertex 64.804347 96.728139 14.932040
      vertex 62.697048 96.117492 15.634652
      vertex 64.875163 97.020221 15.634652
    endloop
  endfacet
  facet normal 0.360810 -0.870566 0.334560
    outer loop
      vertex 62.705529 94.302911 14.010168
      vertex 64.385123 94.999026 14.010168
      vertex 64.455743 95.290302 14.691943
    endloop
  endfacet
  facet normal 0.360810 -0.870566 0.334560
    outer loop
      vertex 62.705529 94.302911 14.010168
      vertex 64.455743 95.290302 14.691943
      vertex 62.704307 94.564412 14.691943
    endloop
  endfacet
  facet normal -0.386996 0.863657 -0.323003
    outer loop
      vertex 62.698274 95.855268 14.932040
      vertex 60.509204 94.874369 14.932040
      vertex 60.433099 95.103040 15.634652
    endloop
  endfacet
  facet normal -0.386996 0.863657 -0.323003
    outer loop
      vertex 62.698274 95.855268 14.932040
      vertex 60.433099 95.103040 15.634652
      vertex 62.697048 96.117492 15.634652
    endloop
  endfacet
  facet normal 0.385866 -0.861136 0.330988
    outer loop
      vertex 60.959747 93.520645 14.010168
      vertex 62.705529 94.302911 14.010168
      vertex 62.704307 94.564412 14.691943
    endloop
  endfacet
  facet normal 0.385866 -0.861136 0.330988
    outer loop
      vertex 60.959747 93.520645 14.010168
      vertex 62.704307 94.564412 14.691943
      vertex 60.883851 93.748685 14.691943
    endloop
  endfacet
  facet normal -0.427491 0.844990 -0.321314
    outer loop
      vertex 60.509204 94.874369 14.932040
      vertex 58.326290 93.770006 14.932040
      vertex 58.175515 93.960901 15.634652
    endloop
  endfacet
  facet normal -0.427491 0.844990 -0.321314
    outer loop
      vertex 60.509204 94.874369 14.932040
      vertex 58.175515 93.960901 15.634652
      vertex 60.433099 95.103040 15.634652
    endloop
  endfacet
  facet normal 0.426256 -0.842549 0.329268
    outer loop
      vertex 59.218872 92.639915 14.010168
      vertex 60.959747 93.520645 14.010168
      vertex 60.883851 93.748685 14.691943
    endloop
  endfacet
  facet normal 0.426256 -0.842549 0.329268
    outer loop
      vertex 59.218872 92.639915 14.010168
      vertex 60.883851 93.748685 14.691943
      vertex 59.068513 92.830284 14.691943
    endloop
  endfacet
  facet normal -0.464873 0.824098 -0.323660
    outer loop
      vertex 58.326290 93.770006 14.932040
      vertex 56.249969 92.598754 14.932040
      vertex 56.028171 92.749585 15.634652
    endloop
  endfacet
  facet normal -0.464873 0.824098 -0.323660
    outer loop
      vertex 58.326290 93.770006 14.932040
      vertex 56.028171 92.749585 15.634652
      vertex 58.175515 93.960901 15.634652
    endloop
  endfacet
  facet normal 0.463511 -0.821682 0.331657
    outer loop
      vertex 57.563006 91.705842 14.010168
      vertex 59.218872 92.639915 14.010168
      vertex 59.068513 92.830284 14.691943
    endloop
  endfacet
  facet normal 0.463511 -0.821682 0.331657
    outer loop
      vertex 57.563006 91.705842 14.010168
      vertex 59.068513 92.830284 14.691943
      vertex 57.341820 91.856256 14.691943
    endloop
  endfacet
  facet normal -0.484778 0.811144 -0.327163
    outer loop
      vertex 56.249969 92.598754 14.932040
      vertex 54.309488 91.439032 14.932040
      vertex 54.021313 91.550193 15.634652
    endloop
  endfacet
  facet normal -0.484778 0.811144 -0.327163
    outer loop
      vertex 56.249969 92.598754 14.932040
      vertex 54.021313 91.550193 15.634652
      vertex 56.028171 92.749585 15.634652
    endloop
  endfacet
  facet normal 0.483326 -0.808715 0.335225
    outer loop
      vertex 56.015472 90.780963 14.010168
      vertex 57.563006 91.705842 14.010168
      vertex 57.341820 91.856256 14.691943
    endloop
  endfacet
  facet normal 0.483326 -0.808715 0.335225
    outer loop
      vertex 56.015472 90.780963 14.010168
      vertex 57.341820 91.856256 14.691943
      vertex 55.728092 90.891817 14.691943
    endloop
  endfacet
  facet normal -0.489956 0.807405 -0.328695
    outer loop
      vertex 54.309488 91.439032 14.932040
      vertex 52.481447 90.329727 14.932040
      vertex 52.130741 90.402942 15.634652
    endloop
  endfacet
  facet normal -0.489956 0.807405 -0.328695
    outer loop
      vertex 54.309488 91.439032 14.932040
      vertex 52.130741 90.402942 15.634652
      vertex 54.021313 91.550193 15.634652
    endloop
  endfacet
  facet normal 0.488475 -0.804965 0.336785
    outer loop
      vertex 54.557610 89.896292 14.010168
      vertex 56.015472 90.780963 14.010168
      vertex 55.728092 90.891817 14.691943
    endloop
  endfacet
  facet normal 0.488475 -0.804965 0.336785
    outer loop
      vertex 54.557610 89.896292 14.010168
      vertex 55.728092 90.891817 14.691943
      vertex 54.207871 89.969306 14.691943
    endloop
  endfacet
  facet normal -0.488034 0.808895 -0.327891
    outer loop
      vertex 52.481447 90.329727 14.932040
      vertex 50.736054 89.276671 14.932040
      vertex 50.325645 89.313866 15.634652
    endloop
  endfacet
  facet normal -0.488034 0.808895 -0.327891
    outer loop
      vertex 52.481447 90.329727 14.932040
      vertex 50.325645 89.313866 15.634652
      vertex 52.130741 90.402942 15.634652
    endloop
  endfacet
  facet normal 0.486566 -0.806461 0.335967
    outer loop
      vertex 53.165659 89.056480 14.010168
      vertex 54.557610 89.896292 14.010168
      vertex 54.207871 89.969306 14.691943
    endloop
  endfacet
  facet normal 0.486566 -0.806461 0.335967
    outer loop
      vertex 53.165659 89.056480 14.010168
      vertex 54.207871 89.969306 14.691943
      vertex 52.756382 89.093572 14.691943
    endloop
  endfacet
  facet normal -0.483725 0.812416 -0.325560
    outer loop
      vertex 50.736054 89.276671 14.932040
      vertex 49.051672 88.273764 14.932040
      vertex 48.583647 88.276653 15.634652
    endloop
  endfacet
  facet normal -0.483725 0.812416 -0.325560
    outer loop
      vertex 50.736054 89.276671 14.932040
      vertex 48.583647 88.276653 15.634652
      vertex 50.325645 89.313866 15.634652
    endloop
  endfacet
  facet normal 0.482291 -0.810007 0.333593
    outer loop
      vertex 51.822364 88.256662 14.010168
      vertex 53.165659 89.056480 14.010168
      vertex 52.756382 89.093572 14.691943
    endloop
  endfacet
  facet normal 0.482291 -0.810007 0.333593
    outer loop
      vertex 51.822364 88.256662 14.010168
      vertex 52.756382 89.093572 14.691943
      vertex 51.355630 88.259543 14.691943
    endloop
  endfacet
  facet normal -0.360039 -0.928819 -0.087568
    outer loop
      vertex 48.583647 88.276653 15.634652
      vertex 51.437002 87.170605 15.634652
      vertex 51.302163 87.158447 16.318014
    endloop
  endfacet
  facet normal -0.360039 -0.928819 -0.087568
    outer loop
      vertex 48.583647 88.276653 15.634652
      vertex 51.302163 87.158447 16.318014
      vertex 48.414751 88.277696 16.318014
    endloop
  endfacet
  facet normal 0.359987 0.928685 0.089188
    outer loop
      vertex 53.650031 87.370163 14.691943
      vertex 51.355630 88.259543 14.691943
      vertex 51.185420 88.260594 15.368014
    endloop
  endfacet
  facet normal 0.359987 0.928685 0.089188
    outer loop
      vertex 53.650031 87.370163 14.691943
      vertex 51.185420 88.260594 15.368014
      vertex 53.514143 87.357909 15.368014
    endloop
  endfacet
  facet normal -0.372594 -0.923624 -0.089953
    outer loop
      vertex 51.437002 87.170605 15.634652
      vertex 54.454438 85.953357 15.634652
      vertex 54.355614 85.926669 16.318014
    endloop
  endfacet
  facet normal -0.372594 -0.923624 -0.089953
    outer loop
      vertex 51.437002 87.170605 15.634652
      vertex 54.355614 85.926669 16.318014
      vertex 51.302163 87.158447 16.318014
    endloop
  endfacet
  facet normal 0.372538 0.923484 0.091617
    outer loop
      vertex 56.076371 86.391366 14.691943
      vertex 53.650031 87.370163 14.691943
      vertex 53.514143 87.357909 15.368014
    endloop
  endfacet
  facet normal 0.372538 0.923484 0.091617
    outer loop
      vertex 56.076371 86.391366 14.691943
      vertex 53.514143 87.357909 15.368014
      vertex 55.976778 86.364470 15.368014
    endloop
  endfacet
  facet normal -0.382269 -0.919540 -0.091192
    outer loop
      vertex 54.454438 85.953357 15.634652
      vertex 57.759089 84.579556 15.634652
      vertex 57.699709 84.536471 16.318014
    endloop
  endfacet
  facet normal -0.382269 -0.919540 -0.091192
    outer loop
      vertex 54.454438 85.953357 15.634652
      vertex 57.699709 84.536471 16.318014
      vertex 54.355614 85.926669 16.318014
    endloop
  endfacet
  facet normal 0.382209 0.919396 0.092879
    outer loop
      vertex 58.733662 85.286684 14.691943
      vertex 56.076371 86.391366 14.691943
      vertex 55.976778 86.364470 15.368014
    endloop
  endfacet
  facet normal 0.382209 0.919396 0.092879
    outer loop
      vertex 58.733662 85.286684 14.691943
      vertex 55.976778 86.364470 15.368014
      vertex 58.673820 85.243263 15.368014
    endloop
  endfacet
  facet normal -0.345835 -0.934070 -0.088943
    outer loop
      vertex 57.759089 84.579556 15.634652
      vertex 61.533938 83.181938 15.634652
      vertex 61.519613 83.122172 16.318014
    endloop
  endfacet
  facet normal -0.345835 -0.934070 -0.088943
    outer loop
      vertex 57.759089 84.579556 15.634652
      vertex 61.519613 83.122172 16.318014
      vertex 57.699709 84.536471 16.318014
    endloop
  endfacet
  facet normal 0.345783 0.933931 0.090588
    outer loop
      vertex 61.769043 84.162850 14.691943
      vertex 58.733662 85.286684 14.691943
      vertex 58.673820 85.243263 15.368014
    endloop
  endfacet
  facet normal 0.345783 0.933931 0.090588
    outer loop
      vertex 61.769043 84.162850 14.691943
      vertex 58.673820 85.243263 15.368014
      vertex 61.754606 84.102618 15.368014
    endloop
  endfacet
  facet normal -0.255842 -0.962562 -0.089548
    outer loop
      vertex 61.533938 83.181938 15.634652
      vertex 65.354345 82.166504 15.634652
      vertex 65.385619 82.094617 16.318014
    endloop
  endfacet
  facet normal -0.255842 -0.962562 -0.089548
    outer loop
      vertex 61.533938 83.181938 15.634652
      vertex 65.385619 82.094617 16.318014
      vertex 61.519613 83.122172 16.318014
    endloop
  endfacet
  facet normal 0.255803 0.962417 0.091204
    outer loop
      vertex 64.841056 83.346332 14.691943
      vertex 61.769043 84.162850 14.691943
      vertex 61.754606 84.102618 15.368014
    endloop
  endfacet
  facet normal 0.255803 0.962417 0.091204
    outer loop
      vertex 64.841056 83.346332 14.691943
      vertex 61.754606 84.102618 15.368014
      vertex 64.872574 83.273887 15.368014
    endloop
  endfacet
  facet normal -0.232622 -0.968281 -0.091212
    outer loop
      vertex 65.354345 82.166504 15.634652
      vertex 68.759757 81.348378 15.634652
      vertex 68.831677 81.266727 16.318014
    endloop
  endfacet
  facet normal -0.232622 -0.968281 -0.091212
    outer loop
      vertex 65.354345 82.166504 15.634652
      vertex 68.831677 81.266727 16.318014
      vertex 65.385619 82.094617 16.318014
    endloop
  endfacet
  facet normal 0.232586 0.968129 0.092899
    outer loop
      vertex 67.579370 82.688473 14.691943
      vertex 64.841056 83.346332 14.691943
      vertex 64.872574 83.273887 15.368014
    endloop
  endfacet
  facet normal 0.232586 0.968129 0.092899
    outer loop
      vertex 67.579370 82.688473 14.691943
      vertex 64.872574 83.273887 15.368014
      vertex 67.651850 82.606186 15.368014
    endloop
  endfacet
  facet normal -0.245047 -0.965366 -0.089556
    outer loop
      vertex 68.759757 81.348378 15.634652
      vertex 71.870618 80.558722 15.634652
      vertex 71.979669 80.467646 16.318014
    endloop
  endfacet
  facet normal -0.245047 -0.965366 -0.089556
    outer loop
      vertex 68.759757 81.348378 15.634652
      vertex 71.979669 80.467646 16.318014
      vertex 68.831677 81.266727 16.318014
    endloop
  endfacet
  facet normal 0.245010 0.965220 0.091213
    outer loop
      vertex 70.080834 82.053505 14.691943
      vertex 67.579370 82.688473 14.691943
      vertex 67.651850 82.606186 15.368014
    endloop
  endfacet
  facet normal 0.245010 0.965220 0.091213
    outer loop
      vertex 70.080834 82.053505 14.691943
      vertex 67.651850 82.606186 15.368014
      vertex 70.190733 81.961720 15.368014
    endloop
  endfacet
  facet normal -0.257667 -0.962297 -0.087133
    outer loop
      vertex 71.870618 80.558722 15.634652
      vertex 74.799313 79.774529 15.634652
      vertex 74.943320 79.674093 16.318014
    endloop
  endfacet
  facet normal -0.257667 -0.962297 -0.087133
    outer loop
      vertex 71.870618 80.558722 15.634652
      vertex 74.943320 79.674093 16.318014
      vertex 71.979669 80.467646 16.318014
    endloop
  endfacet
  facet normal 0.257630 0.962160 0.088746
    outer loop
      vertex 72.435816 81.422930 14.691943
      vertex 70.080834 82.053505 14.691943
      vertex 70.190733 81.961720 15.368014
    endloop
  endfacet
  facet normal 0.257630 0.962160 0.088746
    outer loop
      vertex 72.435816 81.422930 14.691943
      vertex 70.190733 81.961720 15.368014
      vertex 72.580944 81.321712 15.368014
    endloop
  endfacet
  facet normal 0.880359 0.459395 -0.118001
    outer loop
      vertex 74.799313 79.774529 15.634652
      vertex 73.800554 81.688496 15.634652
      vertex 73.932640 81.610904 16.318014
    endloop
  endfacet
  facet normal 0.880359 0.459395 -0.118001
    outer loop
      vertex 74.799313 79.774529 15.634652
      vertex 73.932640 81.610904 16.318014
      vertex 74.943320 79.674093 16.318014
    endloop
  endfacet
  facet normal -0.880128 -0.459274 0.120171
    outer loop
      vertex 71.632708 82.961963 14.691943
      vertex 72.435816 81.422930 14.691943
      vertex 72.580944 81.321712 15.368014
    endloop
  endfacet
  facet normal -0.880128 -0.459274 0.120171
    outer loop
      vertex 71.632708 82.961963 14.691943
      vertex 72.580944 81.321712 15.368014
      vertex 71.765821 82.883768 15.368014
    endloop
  endfacet
  facet normal 0.883602 0.452765 -0.119381
    outer loop
      vertex 73.800554 81.688496 15.634652
      vertex 72.776398 83.687204 15.634652
      vertex 72.896259 83.633469 16.318014
    endloop
  endfacet
  facet normal 0.883602 0.452765 -0.119381
    outer loop
      vertex 73.800554 81.688496 15.634652
      vertex 72.896259 83.633469 16.318014
      vertex 73.932640 81.610904 16.318014
    endloop
  endfacet
  facet normal -0.883365 -0.452644 0.121575
    outer loop
      vertex 70.809177 84.569138 14.691943
      vertex 71.632708 82.961963 14.691943
      vertex 71.765821 82.883768 15.368014
    endloop
  endfacet
  facet normal -0.883365 -0.452644 0.121575
    outer loop
      vertex 70.809177 84.569138 14.691943
      vertex 71.765821 82.883768 15.368014
      vertex 70.929971 84.514984 15.368014
    endloop
  endfacet
  facet normal 0.886014 0.447809 -0.120194
    outer loop
      vertex 72.776398 83.687204 15.634652
      vertex 71.711399 85.794362 15.634652
      vertex 71.818549 85.765777 16.318014
    endloop
  endfacet
  facet normal 0.886014 0.447809 -0.120194
    outer loop
      vertex 72.776398 83.687204 15.634652
      vertex 71.818549 85.765777 16.318014
      vertex 72.896259 83.633469 16.318014
    endloop
  endfacet
  facet normal -0.885773 -0.447687 0.122402
    outer loop
      vertex 69.952805 86.263517 14.691943
      vertex 70.809177 84.569138 14.691943
      vertex 70.929971 84.514984 15.368014
    endloop
  endfacet
  facet normal -0.885773 -0.447687 0.122402
    outer loop
      vertex 69.952805 86.263517 14.691943
      vertex 70.929971 84.514984 15.368014
      vertex 70.060789 86.234709 15.368014
    endloop
  endfacet
  facet normal 0.884792 0.450298 -0.119898
    outer loop
      vertex 71.711399 85.794362 15.634652
      vertex 70.572223 88.032736 15.634652
      vertex 70.665776 88.030867 16.318014
    endloop
  endfacet
  facet normal 0.884792 0.450298 -0.119898
    outer loop
      vertex 71.711399 85.794362 15.634652
      vertex 70.665776 88.030867 16.318014
      vertex 71.818549 85.765777 16.318014
    endloop
  endfacet
  facet normal -0.884553 -0.450176 0.122101
    outer loop
      vertex 69.036786 88.063408 14.691943
      vertex 69.952805 86.263517 14.691943
      vertex 70.060789 86.234709 15.368014
    endloop
  endfacet
  facet normal -0.884553 -0.450176 0.122101
    outer loop
      vertex 69.036786 88.063408 14.691943
      vertex 70.060789 86.234709 15.368014
      vertex 69.131067 88.061524 15.368014
    endloop
  endfacet
  facet normal 0.873912 0.471456 -0.118351
    outer loop
      vertex 70.572223 88.032736 15.634652
      vertex 69.301175 90.388808 15.634652
      vertex 69.379557 90.415060 16.318014
    endloop
  endfacet
  facet normal 0.873912 0.471456 -0.118351
    outer loop
      vertex 70.572223 88.032736 15.634652
      vertex 69.379557 90.415060 16.318014
      vertex 70.665776 88.030867 16.318014
    endloop
  endfacet
  facet normal -0.873682 -0.471332 0.120526
    outer loop
      vertex 68.014728 89.957940 14.691943
      vertex 69.036786 88.063408 14.691943
      vertex 69.131067 88.061524 15.368014
    endloop
  endfacet
  facet normal -0.873682 -0.471332 0.120526
    outer loop
      vertex 68.014728 89.957940 14.691943
      vertex 69.131067 88.061524 15.368014
      vertex 68.093720 89.984397 15.368014
    endloop
  endfacet
  facet normal 0.848790 0.515585 -0.117164
    outer loop
      vertex 69.301175 90.388808 15.634652
      vertex 67.866247 92.751078 15.634652
      vertex 67.927503 92.805526 16.318014
    endloop
  endfacet
  facet normal 0.848790 0.515585 -0.117164
    outer loop
      vertex 69.301175 90.388808 15.634652
      vertex 67.927503 92.805526 16.318014
      vertex 69.379557 90.415060 16.318014
    endloop
  endfacet
  facet normal -0.848571 -0.515452 0.119319
    outer loop
      vertex 66.860893 91.857457 14.691943
      vertex 68.014728 89.957940 14.691943
      vertex 68.093720 89.984397 15.368014
    endloop
  endfacet
  facet normal -0.848571 -0.515452 0.119319
    outer loop
      vertex 66.860893 91.857457 14.691943
      vertex 68.093720 89.984397 15.368014
      vertex 66.922625 91.912329 15.368014
    endloop
  endfacet
  facet normal 0.820416 0.559435 -0.118115
    outer loop
      vertex 67.866247 92.751078 15.634652
      vertex 66.351644 94.972256 15.634652
      vertex 66.394822 95.053215 16.318014
    endloop
  endfacet
  facet normal 0.820416 0.559435 -0.118115
    outer loop
      vertex 67.866247 92.751078 15.634652
      vertex 66.394822 95.053215 16.318014
      vertex 67.927503 92.805526 16.318014
    endloop
  endfacet
  facet normal -0.820200 -0.559288 0.120286
    outer loop
      vertex 65.642991 93.643521 14.691943
      vertex 66.860893 91.857457 14.691943
      vertex 66.922625 91.912329 15.368014
    endloop
  endfacet
  facet normal -0.820200 -0.559288 0.120286
    outer loop
      vertex 65.642991 93.643521 14.691943
      vertex 66.922625 91.912329 15.368014
      vertex 65.686505 93.725110 15.368014
    endloop
  endfacet
  facet normal 0.805339 0.580610 -0.119671
    outer loop
      vertex 66.351644 94.972256 15.634652
      vertex 64.875163 97.020221 15.634652
      vertex 64.900718 97.125624 16.318014
    endloop
  endfacet
  facet normal 0.805339 0.580610 -0.119671
    outer loop
      vertex 66.351644 94.972256 15.634652
      vertex 64.900718 97.125624 16.318014
      vertex 66.394822 95.053215 16.318014
    endloop
  endfacet
  facet normal -0.805122 -0.580453 0.121870
    outer loop
      vertex 64.455743 95.290302 14.691943
      vertex 65.642991 93.643521 14.691943
      vertex 65.686505 93.725110 15.368014
    endloop
  endfacet
  facet normal -0.805122 -0.580453 0.121870
    outer loop
      vertex 64.455743 95.290302 14.691943
      vertex 65.686505 93.725110 15.368014
      vertex 64.481497 95.396526 15.368014
    endloop
  endfacet
  facet normal -0.379767 0.916305 -0.127131
    outer loop
      vertex 64.875163 97.020221 15.634652
      vertex 62.697048 96.117492 15.634652
      vertex 62.696606 96.212120 16.318014
    endloop
  endfacet
  facet normal -0.379767 0.916305 -0.127131
    outer loop
      vertex 64.875163 97.020221 15.634652
      vertex 62.696606 96.212120 16.318014
      vertex 64.900718 97.125624 16.318014
    endloop
  endfacet
  facet normal 0.379651 -0.916026 0.129463
    outer loop
      vertex 62.704307 94.564412 14.691943
      vertex 64.455743 95.290302 14.691943
      vertex 64.481497 95.396526 15.368014
    endloop
  endfacet
  facet normal 0.379651 -0.916026 0.129463
    outer loop
      vertex 62.704307 94.564412 14.691943
      vertex 64.481497 95.396526 15.368014
      vertex 62.703861 94.659777 15.368014
    endloop
  endfacet
  facet normal -0.405675 0.905343 -0.125629
    outer loop
      vertex 62.697048 96.117492 15.634652
      vertex 60.433099 95.103040 15.634652
      vertex 60.405635 95.185560 16.318014
    endloop
  endfacet
  facet normal -0.405675 0.905343 -0.125629
    outer loop
      vertex 62.697048 96.117492 15.634652
      vertex 60.405635 95.185560 16.318014
      vertex 62.696606 96.212120 16.318014
    endloop
  endfacet
  facet normal 0.405554 -0.905074 0.127935
    outer loop
      vertex 60.883851 93.748685 14.691943
      vertex 62.704307 94.564412 14.691943
      vertex 62.703861 94.659777 15.368014
    endloop
  endfacet
  facet normal 0.405554 -0.905074 0.127935
    outer loop
      vertex 60.883851 93.748685 14.691943
      vertex 62.703861 94.659777 15.368014
      vertex 60.856173 93.831847 15.368014
    endloop
  endfacet
  facet normal -0.447894 0.885319 -0.124908
    outer loop
      vertex 60.433099 95.103040 15.634652
      vertex 58.175515 93.960901 15.634652
      vertex 58.121105 94.029789 16.318014
    endloop
  endfacet
  facet normal -0.447894 0.885319 -0.124908
    outer loop
      vertex 60.433099 95.103040 15.634652
      vertex 58.121105 94.029789 16.318014
      vertex 60.405635 95.185560 16.318014
    endloop
  endfacet
  facet normal 0.447762 -0.885059 0.127201
    outer loop
      vertex 59.068513 92.830284 14.691943
      vertex 60.883851 93.748685 14.691943
      vertex 60.856173 93.831847 15.368014
    endloop
  endfacet
  facet normal 0.447762 -0.885059 0.127201
    outer loop
      vertex 59.068513 92.830284 14.691943
      vertex 60.856173 93.831847 15.368014
      vertex 59.013680 92.899708 15.368014
    endloop
  endfacet
  facet normal -0.487409 0.864048 -0.125910
    outer loop
      vertex 58.175515 93.960901 15.634652
      vertex 56.028171 92.749585 15.634652
      vertex 55.948131 92.804015 16.318014
    endloop
  endfacet
  facet normal -0.487409 0.864048 -0.125910
    outer loop
      vertex 58.175515 93.960901 15.634652
      vertex 55.948131 92.804015 16.318014
      vertex 58.121105 94.029789 16.318014
    endloop
  endfacet
  facet normal 0.487264 -0.863790 0.128220
    outer loop
      vertex 57.341820 91.856256 14.691943
      vertex 59.068513 92.830284 14.691943
      vertex 59.013680 92.899708 15.368014
    endloop
  endfacet
  facet normal 0.487264 -0.863790 0.128220
    outer loop
      vertex 57.341820 91.856256 14.691943
      vertex 59.013680 92.899708 15.368014
      vertex 57.261157 91.911110 15.368014
    endloop
  endfacet
  facet normal -0.508829 0.851387 -0.127411
    outer loop
      vertex 56.028171 92.749585 15.634652
      vertex 54.021313 91.550193 15.634652
      vertex 53.917320 91.590307 16.318014
    endloop
  endfacet
  facet normal -0.508829 0.851387 -0.127411
    outer loop
      vertex 56.028171 92.749585 15.634652
      vertex 53.917320 91.590307 16.318014
      vertex 55.948131 92.804015 16.318014
    endloop
  endfacet
  facet normal 0.508673 -0.851127 0.129747
    outer loop
      vertex 55.728092 90.891817 14.691943
      vertex 57.341820 91.856256 14.691943
      vertex 57.261157 91.911110 15.368014
    endloop
  endfacet
  facet normal 0.508673 -0.851127 0.129747
    outer loop
      vertex 55.728092 90.891817 14.691943
      vertex 57.261157 91.911110 15.368014
      vertex 55.623290 90.932244 15.368014
    endloop
  endfacet
  facet normal -0.514509 0.847867 -0.128068
    outer loop
      vertex 54.021313 91.550193 15.634652
      vertex 52.130741 90.402942 15.634652
      vertex 52.004183 90.429364 16.318014
    endloop
  endfacet
  facet normal -0.514509 0.847867 -0.128068
    outer loop
      vertex 54.021313 91.550193 15.634652
      vertex 52.004183 90.429364 16.318014
      vertex 53.917320 91.590307 16.318014
    endloop
  endfacet
  facet normal 0.514350 -0.847606 0.130417
    outer loop
      vertex 54.207871 89.969306 14.691943
      vertex 55.728092 90.891817 14.691943
      vertex 55.623290 90.932244 15.368014
    endloop
  endfacet
  facet normal 0.514350 -0.847606 0.130417
    outer loop
      vertex 54.207871 89.969306 14.691943
      vertex 55.623290 90.932244 15.368014
      vertex 54.080328 89.995933 15.368014
    endloop
  endfacet
  facet normal -0.512363 0.849218 -0.127723
    outer loop
      vertex 52.130741 90.402942 15.634652
      vertex 50.325645 89.313866 15.634652
      vertex 50.177542 89.327288 16.318014
    endloop
  endfacet
  facet normal -0.512363 0.849218 -0.127723
    outer loop
      vertex 52.130741 90.402942 15.634652
      vertex 50.177542 89.327288 16.318014
      vertex 52.004183 90.429364 16.318014
    endloop
  endfacet
  facet normal 0.512205 -0.848957 0.130065
    outer loop
      vertex 52.756382 89.093572 14.691943
      vertex 54.207871 89.969306 14.691943
      vertex 54.080328 89.995933 15.368014
    endloop
  endfacet
  facet normal 0.512205 -0.848957 0.130065
    outer loop
      vertex 52.756382 89.093572 14.691943
      vertex 54.080328 89.995933 15.368014
      vertex 52.607126 89.107099 15.368014
    endloop
  endfacet
  facet normal -0.507472 0.852299 -0.126724
    outer loop
      vertex 50.325645 89.313866 15.634652
      vertex 48.583647 88.276653 15.634652
      vertex 48.414751 88.277696 16.318014
    endloop
  endfacet
  facet normal -0.507472 0.852299 -0.126724
    outer loop
      vertex 50.325645 89.313866 15.634652
      vertex 48.414751 88.277696 16.318014
      vertex 50.177542 89.327288 16.318014
    endloop
  endfacet
  facet normal 0.507318 -0.852041 0.129048
    outer loop
      vertex 51.355630 88.259543 14.691943
      vertex 52.756382 89.093572 14.691943
      vertex 52.607126 89.107099 15.368014
    endloop
  endfacet
  facet normal 0.507318 -0.852041 0.129048
    outer loop
      vertex 51.355630 88.259543 14.691943
      vertex 52.607126 89.107099 15.368014
      vertex 51.185420 88.260594 15.368014
    endloop
  endfacet
  facet normal 0.000000 0.000000 1.000000
    outer loop
      vertex 56.719975 88.226432 4.311286
      vertex 59.215138 87.239001 4.311286
      vertex 57.932688 87.756347 4.311286
    endloop
  endfacet
  facet normal 0.000000 0.000000 1.000000
    outer loop
      vertex 56.719975 88.226432 4.311286
      vertex 60.619658 86.655117 4.311286
      vertex 59.215138 87.239001 4.311286
    endloop
  endfacet
  facet normal 0.000000 0.000000 -1.000000
    outer loop
      vertex 56.719975 88.226432 4.311286
      vertex 62.224018 86.061112 4.311286
      vertex 60.619658 86.655117 4.311286
    endloop
  endfacet
  facet normal 0.000000 0.000000 -1.000000
    outer loop
      vertex 56.719975 88.226432 4.311286
      vertex 63.847740 85.629539 4.311286
      vertex 62.224018 86.061112 4.311286
    endloop
  endfacet
  facet normal 0.000000 0.000000 -1.000000
    outer loop
      vertex 56.719975 88.226432 4.311286
      vertex 65.295084 85.281825 4.311286
      vertex 63.847740 85.629539 4.311286
    endloop
  endfacet
  facet normal 0.000000 0.000000 -1.000000
    outer loop
      vertex 56.719975 88.226432 4.311286
      vertex 66.617241 84.946211 4.311286
      vertex 65.295084 85.281825 4.311286
    endloop
  endfacet
  facet normal 0.000000 0.000000 -1.000000
    outer loop
      vertex 56.719975 88.226432 4.311286
      vertex 67.861974 84.612918 4.311286
      vertex 66.617241 84.946211 4.311286
    endloop
  endfacet
  facet normal 0.000000 0.000000 -1.000000
    outer loop
      vertex 56.719975 88.226432 4.311286
      vertex 67.437489 85.426379 4.311286
      vertex 67.861974 84.612918 4.311286
    endloop
  endfacet
  facet normal 0.000000 0.000000 -1.000000
    outer loop
      vertex 56.719975 88.226432 4.311286
      vertex 67.002209 86.275856 4.311286
      vertex 67.437489 85.426379 4.311286
    endloop
  endfacet
  facet normal 0.000000 0.000000 -1.000000
    outer loop
      vertex 56.719975 88.226432 4.311286
      vertex 66.549571 87.171426 4.311286
      vertex 67.002209 86.275856 4.311286
    endloop
  endfacet
  facet normal 0.000000 0.000000 -1.000000
    outer loop
      vertex 56.719975 88.226432 4.311286
      vertex 66.065406 88.122764 4.311286
      vertex 66.549571 87.171426 4.311286
    endloop
  endfacet
  facet normal 0.000000 0.000000 -1.000000
    outer loop
      vertex 56.719975 88.226432 4.311286
      vertex 65.525194 89.124125 4.311286
      vertex 66.065406 88.122764 4.311286
    endloop
  endfacet
  facet normal 0.000000 0.000000 -1.000000
    outer loop
      vertex 56.719975 88.226432 4.311286
      vertex 64.915331 90.128120 4.311286
      vertex 65.525194 89.124125 4.311286
    endloop
  endfacet
  facet normal 0.000000 0.000000 -1.000000
    outer loop
      vertex 56.719975 88.226432 4.311286
      vertex 64.271605 91.072150 4.311286
      vertex 64.915331 90.128120 4.311286
    endloop
  endfacet
  facet normal 0.000000 0.000000 -1.000000
    outer loop
      vertex 56.719975 88.226432 4.311286
      vertex 63.644081 91.942561 4.311286
      vertex 64.271605 91.072150 4.311286
    endloop
  endfacet
  facet normal 0.000000 0.000000 -1.000000
    outer loop
      vertex 56.719975 88.226432 4.311286
      vertex 62.718354 91.558890 4.311286
      vertex 63.644081 91.942561 4.311286
    endloop
  endfacet
  facet normal 0.000000 0.000000 -1.000000
    outer loop
      vertex 56.719975 88.226432 4.311286
      vertex 61.756147 91.127735 4.311286
      vertex 62.718354 91.558890 4.311286
    endloop
  endfacet
  facet normal 0.000000 0.000000 -1.000000
    outer loop
      vertex 56.719975 88.226432 4.311286
      vertex 60.796644 90.642311 4.311286
      vertex 61.756147 91.127735 4.311286
    endloop
  endfacet
  facet normal 0.000000 0.000000 -1.000000
    outer loop
      vertex 56.719975 88.226432 4.311286
      vertex 59.883995 90.127486 4.311286
      vertex 60.796644 90.642311 4.311286
    endloop
  endfacet
  facet normal 0.000000 0.000000 -1.000000
    outer loop
      vertex 56.719975 88.226432 4.311286
      vertex 59.031054 89.617728 4.311286
      vertex 59.883995 90.127486 4.311286
    endloop
  endfacet
  facet normal 0.000000 0.000000 1.000000
    outer loop
      vertex 56.719975 88.226432 4.311286
      vertex 58.227537 89.130132 4.311286
      vertex 59.031054 89.617728 4.311286
    endloop
  endfacet
  facet normal 0.000000 0.000000 1.000000
    outer loop
      vertex 56.719975 88.226432 4.311286
      vertex 57.460348 88.667260 4.311286
      vertex 58.227537 89.130132 4.311286
    endloop
  endfacet
  facet normal 0.250845 0.647123 0.719937
    outer loop
      vertex 48.414751 88.277696 16.318014
      vertex 51.302163 87.158447 16.318014
      vertex 53.514143 87.357909 15.368014
    endloop
  endfacet
  facet normal 0.250845 0.647123 0.719937
    outer loop
      vertex 48.414751 88.277696 16.318014
      vertex 53.514143 87.357909 15.368014
      vertex 51.185420 88.260594 15.368014
    endloop
  endfacet
  facet normal 0.255981 0.634552 0.729258
    outer loop
      vertex 51.302163 87.158447 16.318014
      vertex 54.355614 85.926669 16.318014
      vertex 55.976778 86.364470 15.368014
    endloop
  endfacet
  facet normal 0.255981 0.634552 0.729258
    outer loop
      vertex 51.302163 87.158447 16.318014
      vertex 55.976778 86.364470 15.368014
      vertex 53.514143 87.357909 15.368014
    endloop
  endfacet
  facet normal 0.260725 0.627168 0.733950
    outer loop
      vertex 54.355614 85.926669 16.318014
      vertex 57.699709 84.536471 16.318014
      vertex 58.673820 85.243263 15.368014
    endloop
  endfacet
  facet normal 0.260725 0.627168 0.733950
    outer loop
      vertex 54.355614 85.926669 16.318014
      vertex 58.673820 85.243263 15.368014
      vertex 55.976778 86.364470 15.368014
    endloop
  endfacet
  facet normal 0.239010 0.645547 0.725358
    outer loop
      vertex 57.699709 84.536471 16.318014
      vertex 61.519613 83.122172 16.318014
      vertex 61.754606 84.102618 15.368014
    endloop
  endfacet
  facet normal 0.239010 0.645547 0.725358
    outer loop
      vertex 57.699709 84.536471 16.318014
      vertex 61.754606 84.102618 15.368014
      vertex 58.673820 85.243263 15.368014
    endloop
  endfacet
  facet normal 0.176188 0.662877 0.727703
    outer loop
      vertex 61.519613 83.122172 16.318014
      vertex 65.385619 82.094617 16.318014
      vertex 64.872574 83.273887 15.368014
    endloop
  endfacet
  facet normal 0.176188 0.662877 0.727703
    outer loop
      vertex 61.519613 83.122172 16.318014
      vertex 64.872574 83.273887 15.368014
      vertex 61.754606 84.102618 15.368014
    endloop
  endfacet
  facet normal 0.158641 0.660335 0.734024
    outer loop
      vertex 65.385619 82.094617 16.318014
      vertex 68.831677 81.266727 16.318014
      vertex 67.651850 82.606186 15.368014
    endloop
  endfacet
  facet normal 0.158641 0.660335 0.734024
    outer loop
      vertex 65.385619 82.094617 16.318014
      vertex 67.651850 82.606186 15.368014
      vertex 64.872574 83.273887 15.368014
    endloop
  endfacet
  facet normal 0.168745 0.664775 0.727735
    outer loop
      vertex 68.831677 81.266727 16.318014
      vertex 71.979669 80.467646 16.318014
      vertex 70.190733 81.961720 15.368014
    endloop
  endfacet
  facet normal 0.168745 0.664775 0.727735
    outer loop
      vertex 68.831677 81.266727 16.318014
      vertex 70.190733 81.961720 15.368014
      vertex 67.651850 82.606186 15.368014
    endloop
  endfacet
  facet normal 0.179979 0.672161 0.718197
    outer loop
      vertex 71.979669 80.467646 16.318014
      vertex 74.943320 79.674093 16.318014
      vertex 72.580944 81.321712 15.368014
    endloop
  endfacet
  facet normal 0.179979 0.672161 0.718197
    outer loop
      vertex 71.979669 80.467646 16.318014
      vertex 72.580944 81.321712 15.368014
      vertex 70.190733 81.961720 15.368014
    endloop
  endfacet
  facet normal -0.514750 -0.268610 0.814175
    outer loop
      vertex 74.943320 79.674093 16.318014
      vertex 73.932640 81.610904 16.318014
      vertex 71.765821 82.883768 15.368014
    endloop
  endfacet
  facet normal -0.514750 -0.268610 0.814175
    outer loop
      vertex 74.943320 79.674093 16.318014
      vertex 71.765821 82.883768 15.368014
      vertex 72.580944 81.321712 15.368014
    endloop
  endfacet
  facet normal -0.512694 -0.262709 0.817391
    outer loop
      vertex 73.932640 81.610904 16.318014
      vertex 72.896259 83.633469 16.318014
      vertex 70.929971 84.514984 15.368014
    endloop
  endfacet
  facet normal -0.512694 -0.262709 0.817391
    outer loop
      vertex 73.932640 81.610904 16.318014
      vertex 70.929971 84.514984 15.368014
      vertex 71.765821 82.883768 15.368014
    endloop
  endfacet
  facet normal -0.511779 -0.258663 0.819253
    outer loop
      vertex 72.896259 83.633469 16.318014
      vertex 71.818549 85.765777 16.318014
      vertex 70.060789 86.234709 15.368014
    endloop
  endfacet
  facet normal -0.511779 -0.258663 0.819253
    outer loop
      vertex 72.896259 83.633469 16.318014
      vertex 70.060789 86.234709 15.368014
      vertex 70.929971 84.514984 15.368014
    endloop
  endfacet
  facet normal -0.511912 -0.260528 0.818579
    outer loop
      vertex 71.818549 85.765777 16.318014
      vertex 70.665776 88.030867 16.318014
      vertex 69.131067 88.061524 15.368014
    endloop
  endfacet
  facet normal -0.511912 -0.260528 0.818579
    outer loop
      vertex 71.818549 85.765777 16.318014
      vertex 69.131067 88.061524 15.368014
      vertex 70.060789 86.234709 15.368014
    endloop
  endfacet
  facet normal -0.509987 -0.275126 0.814996
    outer loop
      vertex 70.665776 88.030867 16.318014
      vertex 69.379557 90.415060 16.318014
      vertex 68.093720 89.984397 15.368014
    endloop
  endfacet
  facet normal -0.509987 -0.275126 0.814996
    outer loop
      vertex 70.665776 88.030867 16.318014
      vertex 68.093720 89.984397 15.368014
      vertex 69.131067 88.061524 15.368014
    endloop
  endfacet
  facet normal -0.498616 -0.302877 0.812187
    outer loop
      vertex 69.379557 90.415060 16.318014
      vertex 67.927503 92.805526 16.318014
      vertex 66.922625 91.912329 15.368014
    endloop
  endfacet
  facet normal -0.498616 -0.302877 0.812187
    outer loop
      vertex 69.379557 90.415060 16.318014
      vertex 66.922625 91.912329 15.368014
      vertex 68.093720 89.984397 15.368014
    endloop
  endfacet
  facet normal -0.479398 -0.326897 0.814442
    outer loop
      vertex 67.927503 92.805526 16.318014
      vertex 66.394822 95.053215 16.318014
      vertex 65.686505 93.725110 15.368014
    endloop
  endfacet
  facet normal -0.479398 -0.326897 0.814442
    outer loop
      vertex 67.927503 92.805526 16.318014
      vertex 65.686505 93.725110 15.368014
      vertex 66.922625 91.912329 15.368014
    endloop
  endfacet
  facet normal -0.466532 -0.336346 0.818058
    outer loop
      vertex 66.394822 95.053215 16.318014
      vertex 64.900718 97.125624 16.318014
      vertex 64.481497 95.396526 15.368014
    endloop
  endfacet
  facet normal -0.466532 -0.336346 0.818058
    outer loop
      vertex 66.394822 95.053215 16.318014
      vertex 64.481497 95.396526 15.368014
      vertex 65.686505 93.725110 15.368014
    endloop
  endfacet
  facet normal 0.211164 -0.509500 0.834158
    outer loop
      vertex 64.900718 97.125624 16.318014
      vertex 62.696606 96.212120 16.318014
      vertex 62.703861 94.659777 15.368014
    endloop
  endfacet
  facet normal 0.211164 -0.509500 0.834158
    outer loop
      vertex 64.900718 97.125624 16.318014
      vertex 62.703861 94.659777 15.368014
      vertex 64.481497 95.396526 15.368014
    endloop
  endfacet
  facet normal 0.227422 -0.507537 0.831075
    outer loop
      vertex 62.696606 96.212120 16.318014
      vertex 60.405635 95.185560 16.318014
      vertex 60.856173 93.831847 15.368014
    endloop
  endfacet
  facet normal 0.227422 -0.507537 0.831075
    outer loop
      vertex 62.696606 96.212120 16.318014
      vertex 60.856173 93.831847 15.368014
      vertex 62.703861 94.659777 15.368014
    endloop
  endfacet
  facet normal 0.252081 -0.498271 0.829567
    outer loop
      vertex 60.405635 95.185560 16.318014
      vertex 58.121105 94.029789 16.318014
      vertex 59.013680 92.899708 15.368014
    endloop
  endfacet
  facet normal 0.252081 -0.498271 0.829567
    outer loop
      vertex 60.405635 95.185560 16.318014
      vertex 59.013680 92.899708 15.368014
      vertex 60.856173 93.831847 15.368014
    endloop
  endfacet
  facet normal 0.272824 -0.483645 0.831657
    outer loop
      vertex 58.121105 94.029789 16.318014
      vertex 55.948131 92.804015 16.318014
      vertex 57.261157 91.911110 15.368014
    endloop
  endfacet
  facet normal 0.272824 -0.483645 0.831657
    outer loop
      vertex 58.121105 94.029789 16.318014
      vertex 57.261157 91.911110 15.368014
      vertex 59.013680 92.899708 15.368014
    endloop
  endfacet
  facet normal 0.282498 -0.472684 0.834725
    outer loop
      vertex 55.948131 92.804015 16.318014
      vertex 53.917320 91.590307 16.318014
      vertex 55.623290 90.932244 15.368014
    endloop
  endfacet
  facet normal 0.282498 -0.472684 0.834725
    outer loop
      vertex 55.948131 92.804015 16.318014
      vertex 55.623290 90.932244 15.368014
      vertex 57.261157 91.911110 15.368014
    endloop
  endfacet
  facet normal 0.284634 -0.469053 0.836046
    outer loop
      vertex 53.917320 91.590307 16.318014
      vertex 52.004183 90.429364 16.318014
      vertex 54.080328 89.995933 15.368014
    endloop
  endfacet
  facet normal 0.284634 -0.469053 0.836046
    outer loop
      vertex 53.917320 91.590307 16.318014
      vertex 54.080328 89.995933 15.368014
      vertex 55.623290 90.932244 15.368014
    endloop
  endfacet
  facet normal 0.283978 -0.470680 0.835354
    outer loop
      vertex 52.004183 90.429364 16.318014
      vertex 50.177542 89.327288 16.318014
      vertex 52.607126 89.107099 15.368014
    endloop
  endfacet
  facet normal 0.283978 -0.470680 0.835354
    outer loop
      vertex 52.004183 90.429364 16.318014
      vertex 52.607126 89.107099 15.368014
      vertex 54.080328 89.995933 15.368014
    endloop
  endfacet
  facet normal 0.282798 -0.474960 0.833330
    outer loop
      vertex 50.177542 89.327288 16.318014
      vertex 48.414751 88.277696 16.318014
      vertex 51.185420 88.260594 15.368014
    endloop
  endfacet
  facet normal 0.282798 -0.474960 0.833330
    outer loop
      vertex 50.177542 89.327288 16.318014
      vertex 51.185420 88.260594 15.368014
      vertex 52.607126 89.107099 15.368014
    endloop
  endfacet
  facet normal 0.000000 0.000000 -1.000000
    outer loop
      vertex 59.355685 88.210163 5.622236
      vertex 60.036923 87.946094 5.622236
      vertex 60.757335 87.655476 5.622236
    endloop
  endfacet
  facet normal 0.000000 0.000000 -1.000000
    outer loop
      vertex 59.355685 88.210163 5.622236
      vertex 60.757335 87.655476 5.622236
      vertex 61.546320 87.327482 5.622236
    endloop
  endfacet
  facet normal 0.000000 0.000000 1.000000
    outer loop
      vertex 59.355685 88.210163 5.622236
      vertex 61.546320 87.327482 5.622236
      vertex 62.447564 86.993801 5.622236
    endloop
  endfacet
  facet normal 0.000000 0.000000 1.000000
    outer loop
      vertex 59.355685 88.210163 5.622236
      vertex 62.447564 86.993801 5.622236
      vertex 63.359685 86.751366 5.622236
    endloop
  endfacet
  facet normal 0.000000 0.000000 1.000000
    outer loop
      vertex 59.355685 88.210163 5.622236
      vertex 63.359685 86.751366 5.622236
      vertex 64.172727 86.556039 5.622236
    endloop
  endfacet
  facet normal 0.000000 0.000000 1.000000
    outer loop
      vertex 59.355685 88.210163 5.622236
      vertex 64.172727 86.556039 5.622236
      vertex 64.915444 86.367508 5.622236
    endloop
  endfacet
  facet normal 0.000000 0.000000 1.000000
    outer loop
      vertex 59.355685 88.210163 5.622236
      vertex 64.915444 86.367508 5.622236
      vertex 65.614669 86.180282 5.622236
    endloop
  endfacet
  facet normal 0.000000 0.000000 1.000000
    outer loop
      vertex 59.355685 88.210163 5.622236
      vertex 65.614669 86.180282 5.622236
      vertex 65.376216 86.637242 5.622236
    endloop
  endfacet
  facet normal 0.000000 0.000000 1.000000
    outer loop
      vertex 59.355685 88.210163 5.622236
      vertex 65.376216 86.637242 5.622236
      vertex 65.131699 87.114433 5.622236
    endloop
  endfacet
  facet normal 0.000000 0.000000 1.000000
    outer loop
      vertex 59.355685 88.210163 5.622236
      vertex 65.131699 87.114433 5.622236
      vertex 64.877431 87.617516 5.622236
    endloop
  endfacet
  facet normal 0.000000 0.000000 1.000000
    outer loop
      vertex 59.355685 88.210163 5.622236
      vertex 64.877431 87.617516 5.622236
      vertex 64.605452 88.151928 5.622236
    endloop
  endfacet
  facet normal -0.000000 0.000000 1.000000
    outer loop
      vertex 59.355685 88.210163 5.622236
      vertex 64.605452 88.151928 5.622236
      vertex 64.301990 88.714439 5.622236
    endloop
  endfacet
  facet normal 0.000000 0.000000 1.000000
    outer loop
      vertex 59.355685 88.210163 5.622236
      vertex 64.301990 88.714439 5.622236
      vertex 63.959401 89.278431 5.622236
    endloop
  endfacet
  facet normal 0.000000 0.000000 1.000000
    outer loop
      vertex 59.355685 88.210163 5.622236
      vertex 63.959401 89.278431 5.622236
      vertex 63.597790 89.808736 5.622236
    endloop
  endfacet
  facet normal 0.000000 0.000000 1.000000
    outer loop
      vertex 59.355685 88.210163 5.622236
      vertex 63.597790 89.808736 5.622236
      vertex 63.245281 90.297687 5.622236
    endloop
  endfacet
  facet normal 0.000000 0.000000 1.000000
    outer loop
      vertex 59.355685 88.210163 5.622236
      vertex 63.245281 90.297687 5.622236
      vertex 62.725256 90.082161 5.622236
    endloop
  endfacet
  facet normal 0.000000 0.000000 1.000000
    outer loop
      vertex 59.355685 88.210163 5.622236
      vertex 62.725256 90.082161 5.622236
      vertex 62.184739 89.839961 5.622236
    endloop
  endfacet
  facet normal 0.000000 0.000000 1.000000
    outer loop
      vertex 59.355685 88.210163 5.622236
      vertex 62.184739 89.839961 5.622236
      vertex 61.645742 89.567276 5.622236
    endloop
  endfacet
  facet normal 0.000000 0.000000 1.000000
    outer loop
      vertex 59.355685 88.210163 5.622236
      vertex 61.645742 89.567276 5.622236
      vertex 61.133064 89.278074 5.622236
    endloop
  endfacet
  facet normal 0.000000 0.000000 1.000000
    outer loop
      vertex 59.355685 88.210163 5.622236
      vertex 61.133064 89.278074 5.622236
      vertex 60.653927 88.991719 5.622236
    endloop
  endfacet
  facet normal 0.000000 0.000000 -1.000000
    outer loop
      vertex 59.355685 88.210163 5.622236
      vertex 60.653927 88.991719 5.622236
      vertex 60.202553 88.717814 5.622236
    endloop
  endfacet
  facet normal 0.000000 0.000000 -1.000000
    outer loop
      vertex 59.355685 88.210163 5.622236
      vertex 60.202553 88.717814 5.622236
      vertex 59.771587 88.457797 5.622236
    endloop
  endfacet
  facet normal -0.276276 -0.960991 -0.012938
    outer loop
      vertex 89.696214 60.326356 4.311286
      vertex 90.583153 60.071370 4.311286
      vertex 90.573539 60.066081 4.909443
    endloop
  endfacet
  facet normal -0.276276 -0.960991 -0.012938
    outer loop
      vertex 89.696214 60.326356 4.311286
      vertex 90.573539 60.066081 4.909443
      vertex 89.683998 60.321815 4.909443
    endloop
  endfacet
  facet normal -0.277552 -0.960623 -0.012955
    outer loop
      vertex 90.583153 60.071370 4.311286
      vertex 91.525327 59.799148 4.311286
      vertex 91.518478 59.793060 4.909443
    endloop
  endfacet
  facet normal -0.277552 -0.960623 -0.012955
    outer loop
      vertex 90.583153 60.071370 4.311286
      vertex 91.518478 59.793060 4.909443
      vertex 90.573539 60.066081 4.909443
    endloop
  endfacet
  facet normal -0.261253 -0.965185 -0.012815
    outer loop
      vertex 91.525327 59.799148 4.311286
      vertex 92.539375 59.524669 4.311286
      vertex 92.535501 59.517776 4.909443
    endloop
  endfacet
  facet normal -0.261253 -0.965185 -0.012815
    outer loop
      vertex 91.525327 59.799148 4.311286
      vertex 92.535501 59.517776 4.909443
      vertex 91.518478 59.793060 4.909443
    endloop
  endfacet
  facet normal -0.215171 -0.976494 -0.012647
    outer loop
      vertex 92.539375 59.524669 4.311286
      vertex 93.613581 59.287967 4.311286
      vertex 93.612860 59.280379 4.909443
    endloop
  endfacet
  facet normal -0.215171 -0.976494 -0.012647
    outer loop
      vertex 92.539375 59.524669 4.311286
      vertex 93.612860 59.280379 4.909443
      vertex 92.535501 59.517776 4.909443
    endloop
  endfacet
  facet normal -0.158297 -0.987310 -0.012716
    outer loop
      vertex 93.613581 59.287967 4.311286
      vertex 94.681809 59.116696 4.311286
      vertex 94.684223 59.108606 4.909443
    endloop
  endfacet
  facet normal -0.158297 -0.987310 -0.012716
    outer loop
      vertex 93.613581 59.287967 4.311286
      vertex 94.684223 59.108606 4.909443
      vertex 93.612860 59.280379 4.909443
    endloop
  endfacet
  facet normal -0.126440 -0.991890 -0.012906
    outer loop
      vertex 94.681809 59.116696 4.311286
      vertex 95.689463 58.988247 4.311286
      vertex 95.694833 58.979779 4.909443
    endloop
  endfacet
  facet normal -0.126440 -0.991890 -0.012906
    outer loop
      vertex 94.681809 59.116696 4.311286
      vertex 95.694833 58.979779 4.909443
      vertex 94.684223 59.108606 4.909443
    endloop
  endfacet
  facet normal -0.120582 -0.992619 -0.012969
    outer loop
      vertex 95.689463 58.988247 4.311286
      vertex 96.632818 58.873649 4.311286
      vertex 96.640956 58.864845 4.909443
    endloop
  endfacet
  facet normal -0.120582 -0.992619 -0.012969
    outer loop
      vertex 95.689463 58.988247 4.311286
      vertex 96.640956 58.864845 4.909443
      vertex 95.694833 58.979779 4.909443
    endloop
  endfacet
  facet normal -0.125725 -0.991981 -0.012890
    outer loop
      vertex 96.632818 58.873649 4.311286
      vertex 97.525819 58.760469 4.311286
      vertex 97.536578 58.751333 4.909443
    endloop
  endfacet
  facet normal -0.125725 -0.991981 -0.012890
    outer loop
      vertex 96.632818 58.873649 4.311286
      vertex 97.536578 58.751333 4.909443
      vertex 96.640956 58.864845 4.909443
    endloop
  endfacet
  facet normal 0.949417 0.313778 -0.012284
    outer loop
      vertex 97.525819 58.760469 4.311286
      vertex 97.228023 59.661526 4.311286
      vertex 97.237908 59.655034 4.909443
    endloop
  endfacet
  facet normal 0.949417 0.313778 -0.012284
    outer loop
      vertex 97.525819 58.760469 4.311286
      vertex 97.237908 59.655034 4.909443
      vertex 97.536578 58.751333 4.909443
    endloop
  endfacet
  facet normal 0.951496 0.307413 -0.012388
    outer loop
      vertex 97.228023 59.661526 4.311286
      vertex 96.918901 60.618313 4.311286
      vertex 96.927879 60.614629 4.909443
    endloop
  endfacet
  facet normal 0.951496 0.307413 -0.012388
    outer loop
      vertex 97.228023 59.661526 4.311286
      vertex 96.927879 60.614629 4.909443
      vertex 97.237908 59.655034 4.909443
    endloop
  endfacet
  facet normal 0.949802 0.312610 -0.012330
    outer loop
      vertex 96.918901 60.618313 4.311286
      vertex 96.580580 61.646232 4.311286
      vertex 96.588565 61.645564 4.909443
    endloop
  endfacet
  facet normal 0.949802 0.312610 -0.012330
    outer loop
      vertex 96.918901 60.618313 4.311286
      vertex 96.588565 61.645564 4.909443
      vertex 96.927879 60.614629 4.909443
    endloop
  endfacet
  facet normal 0.937409 0.348019 -0.012125
    outer loop
      vertex 96.580580 61.646232 4.311286
      vertex 96.177339 62.732383 4.311286
      vertex 96.184141 62.734902 4.909443
    endloop
  endfacet
  facet normal 0.937409 0.348019 -0.012125
    outer loop
      vertex 96.580580 61.646232 4.311286
      vertex 96.184141 62.734902 4.909443
      vertex 96.588565 61.645564 4.909443
    endloop
  endfacet
  facet normal 0.912847 0.408122 -0.012099
    outer loop
      vertex 96.177339 62.732383 4.311286
      vertex 95.701400 63.796917 4.311286
      vertex 95.706805 63.802559 4.909443
    endloop
  endfacet
  facet normal 0.912847 0.408122 -0.012099
    outer loop
      vertex 96.177339 62.732383 4.311286
      vertex 95.706805 63.802559 4.909443
      vertex 96.184141 62.734902 4.909443
    endloop
  endfacet
  facet normal 0.894205 0.447489 -0.012302
    outer loop
      vertex 95.701400 63.796917 4.311286
      vertex 95.211223 64.776424 4.311286
      vertex 95.215189 64.784941 4.909443
    endloop
  endfacet
  facet normal 0.894205 0.447489 -0.012302
    outer loop
      vertex 95.701400 63.796917 4.311286
      vertex 95.215189 64.784941 4.909443
      vertex 95.706805 63.802559 4.909443
    endloop
  endfacet
  facet normal 0.890113 0.455571 -0.012390
    outer loop
      vertex 95.211223 64.776424 4.311286
      vertex 94.748295 65.680911 4.311286
      vertex 94.750903 65.692083 4.909443
    endloop
  endfacet
  facet normal 0.890113 0.455571 -0.012390
    outer loop
      vertex 95.211223 64.776424 4.311286
      vertex 94.750903 65.692083 4.909443
      vertex 95.215189 64.784941 4.909443
    endloop
  endfacet
  facet normal 0.892723 0.450439 -0.012306
    outer loop
      vertex 94.748295 65.680911 4.311286
      vertex 94.317390 66.534919 4.311286
      vertex 94.318734 66.548596 4.909443
    endloop
  endfacet
  facet normal 0.892723 0.450439 -0.012306
    outer loop
      vertex 94.748295 65.680911 4.311286
      vertex 94.318734 66.548596 4.909443
      vertex 94.750903 65.692083 4.909443
    endloop
  endfacet
  facet normal -0.755352 0.655184 -0.013284
    outer loop
      vertex 94.317390 66.534919 4.311286
      vertex 93.741087 65.870508 4.311286
      vertex 93.740740 65.882236 4.909443
    endloop
  endfacet
  facet normal -0.755352 0.655184 -0.013284
    outer loop
      vertex 94.317390 66.534919 4.311286
      vertex 93.740740 65.882236 4.909443
      vertex 94.318734 66.548596 4.909443
    endloop
  endfacet
  facet normal -0.753273 0.657573 -0.013330
    outer loop
      vertex 93.741087 65.870508 4.311286
      vertex 93.130451 65.171003 4.311286
      vertex 93.128312 65.180678 4.909443
    endloop
  endfacet
  facet normal -0.753273 0.657573 -0.013330
    outer loop
      vertex 93.741087 65.870508 4.311286
      vertex 93.128312 65.180678 4.909443
      vertex 93.740740 65.882236 4.909443
    endloop
  endfacet
  facet normal -0.759421 0.650465 -0.013237
    outer loop
      vertex 93.130451 65.171003 4.311286
      vertex 92.486494 64.419179 4.311286
      vertex 92.482465 64.426648 4.909443
    endloop
  endfacet
  facet normal -0.759421 0.650465 -0.013237
    outer loop
      vertex 93.130451 65.171003 4.311286
      vertex 92.482465 64.426648 4.909443
      vertex 93.128312 65.180678 4.909443
    endloop
  endfacet
  facet normal -0.781525 0.623737 -0.013052
    outer loop
      vertex 92.486494 64.419179 4.311286
      vertex 91.833594 63.601114 4.311286
      vertex 91.827649 63.606182 4.909443
    endloop
  endfacet
  facet normal -0.781525 0.623737 -0.013052
    outer loop
      vertex 92.486494 64.419179 4.311286
      vertex 91.827649 63.606182 4.909443
      vertex 92.482465 64.426648 4.909443
    endloop
  endfacet
  facet normal -0.814857 0.579516 -0.013008
    outer loop
      vertex 91.833594 63.601114 4.311286
      vertex 91.220729 62.739365 4.311286
      vertex 91.212986 62.741905 4.909443
    endloop
  endfacet
  facet normal -0.814857 0.579516 -0.013008
    outer loop
      vertex 91.833594 63.601114 4.311286
      vertex 91.212986 62.741905 4.909443
      vertex 91.827649 63.606182 4.909443
    endloop
  endfacet
  facet normal -0.839555 0.543115 -0.013173
    outer loop
      vertex 91.220729 62.739365 4.311286
      vertex 90.671349 61.890126 4.311286
      vertex 90.661994 61.890174 4.909443
    endloop
  endfacet
  facet normal -0.839555 0.543115 -0.013173
    outer loop
      vertex 91.220729 62.739365 4.311286
      vertex 90.661994 61.890174 4.909443
      vertex 91.212986 62.741905 4.909443
    endloop
  endfacet
  facet normal -0.848526 0.528986 -0.013313
    outer loop
      vertex 90.671349 61.890126 4.311286
      vertex 90.169695 61.085442 4.311286
      vertex 90.158868 61.083129 4.909443
    endloop
  endfacet
  facet normal -0.848526 0.528986 -0.013313
    outer loop
      vertex 90.671349 61.890126 4.311286
      vertex 90.158868 61.083129 4.909443
      vertex 90.661994 61.890174 4.909443
    endloop
  endfacet
  facet normal -0.848399 0.529189 -0.013310
    outer loop
      vertex 90.169695 61.085442 4.311286
      vertex 89.696214 60.326356 4.311286
      vertex 89.683998 60.321815 4.909443
    endloop
  endfacet
  facet normal -0.848399 0.529189 -0.013310
    outer loop
      vertex 90.169695 61.085442 4.311286
      vertex 89.683998 60.321815 4.909443
      vertex 90.158868 61.083129 4.909443
    endloop
  endfacet
  facet normal -0.276049 -0.960203 -0.042507
    outer loop
      vertex 89.683998 60.321815 4.909443
      vertex 90.573539 60.066081 4.909443
      vertex 90.541311 60.048349 5.519276
    endloop
  endfacet
  facet normal -0.276049 -0.960203 -0.042507
    outer loop
      vertex 89.683998 60.321815 4.909443
      vertex 90.541311 60.048349 5.519276
      vertex 89.643045 60.306592 5.519276
    endloop
  endfacet
  facet normal -0.277324 -0.959833 -0.042564
    outer loop
      vertex 90.573539 60.066081 4.909443
      vertex 91.518478 59.793060 4.909443
      vertex 91.495519 59.772651 5.519276
    endloop
  endfacet
  facet normal -0.277324 -0.959833 -0.042564
    outer loop
      vertex 90.573539 60.066081 4.909443
      vertex 91.495519 59.772651 5.519276
      vertex 90.541311 60.048349 5.519276
    endloop
  endfacet
  facet normal -0.261043 -0.964409 -0.042104
    outer loop
      vertex 91.518478 59.793060 4.909443
      vertex 92.535501 59.517776 4.909443
      vertex 92.522517 59.494667 5.519276
    endloop
  endfacet
  facet normal -0.261043 -0.964409 -0.042104
    outer loop
      vertex 91.518478 59.793060 4.909443
      vertex 92.522517 59.494667 5.519276
      vertex 91.495519 59.772651 5.519276
    endloop
  endfacet
  facet normal -0.215003 -0.975729 -0.041553
    outer loop
      vertex 92.535501 59.517776 4.909443
      vertex 93.612860 59.280379 4.909443
      vertex 93.610442 59.254941 5.519276
    endloop
  endfacet
  facet normal -0.215003 -0.975729 -0.041553
    outer loop
      vertex 92.535501 59.517776 4.909443
      vertex 93.610442 59.254941 5.519276
      vertex 92.522517 59.494667 5.519276
    endloop
  endfacet
  facet normal -0.158172 -0.986527 -0.041778
    outer loop
      vertex 93.612860 59.280379 4.909443
      vertex 94.684223 59.108606 4.909443
      vertex 94.692313 59.081483 5.519276
    endloop
  endfacet
  facet normal -0.158172 -0.986527 -0.041778
    outer loop
      vertex 93.612860 59.280379 4.909443
      vertex 94.692313 59.081483 5.519276
      vertex 93.610442 59.254941 5.519276
    endloop
  endfacet
  facet normal -0.126337 -0.991081 -0.042403
    outer loop
      vertex 94.684223 59.108606 4.909443
      vertex 95.694833 58.979779 4.909443
      vertex 95.712836 58.951393 5.519276
    endloop
  endfacet
  facet normal -0.126337 -0.991081 -0.042403
    outer loop
      vertex 94.684223 59.108606 4.909443
      vertex 95.712836 58.951393 5.519276
      vertex 94.692313 59.081483 5.519276
    endloop
  endfacet
  facet normal -0.120483 -0.991801 -0.042609
    outer loop
      vertex 95.694833 58.979779 4.909443
      vertex 96.640956 58.864845 4.909443
      vertex 96.668239 58.835331 5.519276
    endloop
  endfacet
  facet normal -0.120483 -0.991801 -0.042609
    outer loop
      vertex 95.694833 58.979779 4.909443
      vertex 96.668239 58.835331 5.519276
      vertex 95.712836 58.951393 5.519276
    endloop
  endfacet
  facet normal -0.125623 -0.991174 -0.042349
    outer loop
      vertex 96.640956 58.864845 4.909443
      vertex 97.536578 58.751333 4.909443
      vertex 97.572645 58.720706 5.519276
    endloop
  endfacet
  facet normal -0.125623 -0.991174 -0.042349
    outer loop
      vertex 96.640956 58.864845 4.909443
      vertex 97.572645 58.720706 5.519276
      vertex 96.668239 58.835331 5.519276
    endloop
  endfacet
  facet normal 0.948715 0.313546 -0.040363
    outer loop
      vertex 97.536578 58.751333 4.909443
      vertex 97.237908 59.655034 4.909443
      vertex 97.271047 59.633270 5.519276
    endloop
  endfacet
  facet normal 0.948715 0.313546 -0.040363
    outer loop
      vertex 97.536578 58.751333 4.909443
      vertex 97.271047 59.633270 5.519276
      vertex 97.572645 58.720706 5.519276
    endloop
  endfacet
  facet normal 0.950780 0.307182 -0.040703
    outer loop
      vertex 97.237908 59.655034 4.909443
      vertex 96.927879 60.614629 4.909443
      vertex 96.957976 60.602277 5.519276
    endloop
  endfacet
  facet normal 0.950780 0.307182 -0.040703
    outer loop
      vertex 97.237908 59.655034 4.909443
      vertex 96.957976 60.602277 5.519276
      vertex 97.271047 59.633270 5.519276
    endloop
  endfacet
  facet normal 0.949094 0.312377 -0.040514
    outer loop
      vertex 96.927879 60.614629 4.909443
      vertex 96.588565 61.645564 4.909443
      vertex 96.615334 61.643324 5.519276
    endloop
  endfacet
  facet normal 0.949094 0.312377 -0.040514
    outer loop
      vertex 96.927879 60.614629 4.909443
      vertex 96.615334 61.643324 5.519276
      vertex 96.957976 60.602277 5.519276
    endloop
  endfacet
  facet normal 0.936733 0.347769 -0.039842
    outer loop
      vertex 96.588565 61.645564 4.909443
      vertex 96.184141 62.734902 4.909443
      vertex 96.206943 62.743348 5.519276
    endloop
  endfacet
  facet normal 0.936733 0.347769 -0.039842
    outer loop
      vertex 96.588565 61.645564 4.909443
      vertex 96.206943 62.743348 5.519276
      vertex 96.615334 61.643324 5.519276
    endloop
  endfacet
  facet normal 0.912192 0.407829 -0.039756
    outer loop
      vertex 96.184141 62.734902 4.909443
      vertex 95.706805 63.802559 4.909443
      vertex 95.724926 63.821477 5.519276
    endloop
  endfacet
  facet normal 0.912192 0.407829 -0.039756
    outer loop
      vertex 96.184141 62.734902 4.909443
      vertex 95.724926 63.821477 5.519276
      vertex 96.206943 62.743348 5.519276
    endloop
  endfacet
  facet normal 0.893541 0.447158 -0.040422
    outer loop
      vertex 95.706805 63.802559 4.909443
      vertex 95.215189 64.784941 4.909443
      vertex 95.228488 64.813494 5.519276
    endloop
  endfacet
  facet normal 0.893541 0.447158 -0.040422
    outer loop
      vertex 95.706805 63.802559 4.909443
      vertex 95.228488 64.813494 5.519276
      vertex 95.724926 63.821477 5.519276
    endloop
  endfacet
  facet normal 0.889444 0.455228 -0.040710
    outer loop
      vertex 95.215189 64.784941 4.909443
      vertex 94.750903 65.692083 4.909443
      vertex 94.759648 65.729533 5.519276
    endloop
  endfacet
  facet normal 0.889444 0.455228 -0.040710
    outer loop
      vertex 95.215189 64.784941 4.909443
      vertex 94.759648 65.729533 5.519276
      vertex 95.228488 64.813494 5.519276
    endloop
  endfacet
  facet normal 0.892060 0.450105 -0.040433
    outer loop
      vertex 94.750903 65.692083 4.909443
      vertex 94.318734 66.548596 4.909443
      vertex 94.323240 66.594448 5.519276
    endloop
  endfacet
  facet normal 0.892060 0.450105 -0.040433
    outer loop
      vertex 94.750903 65.692083 4.909443
      vertex 94.323240 66.594448 5.519276
      vertex 94.759648 65.729533 5.519276
    endloop
  endfacet
  facet normal -0.754699 0.654618 -0.043642
    outer loop
      vertex 94.318734 66.548596 4.909443
      vertex 93.740740 65.882236 4.909443
      vertex 93.739577 65.921551 5.519276
    endloop
  endfacet
  facet normal -0.754699 0.654618 -0.043642
    outer loop
      vertex 94.318734 66.548596 4.909443
      vertex 93.739577 65.921551 5.519276
      vertex 94.323240 66.594448 5.519276
    endloop
  endfacet
  facet normal -0.752617 0.657001 -0.043792
    outer loop
      vertex 93.740740 65.882236 4.909443
      vertex 93.128312 65.180678 4.909443
      vertex 93.121142 65.213112 5.519276
    endloop
  endfacet
  facet normal -0.752617 0.657001 -0.043792
    outer loop
      vertex 93.740740 65.882236 4.909443
      vertex 93.121142 65.213112 5.519276
      vertex 93.739577 65.921551 5.519276
    endloop
  endfacet
  facet normal -0.758769 0.649906 -0.043487
    outer loop
      vertex 93.128312 65.180678 4.909443
      vertex 92.482465 64.426648 4.909443
      vertex 92.468960 64.451687 5.519276
    endloop
  endfacet
  facet normal -0.758769 0.649906 -0.043487
    outer loop
      vertex 93.128312 65.180678 4.909443
      vertex 92.468960 64.451687 5.519276
      vertex 93.121142 65.213112 5.519276
    endloop
  endfacet
  facet normal -0.780873 0.623216 -0.042881
    outer loop
      vertex 92.482465 64.426648 4.909443
      vertex 91.827649 63.606182 4.909443
      vertex 91.807722 63.623173 5.519276
    endloop
  endfacet
  facet normal -0.780873 0.623216 -0.042881
    outer loop
      vertex 92.482465 64.426648 4.909443
      vertex 91.807722 63.623173 5.519276
      vertex 92.468960 64.451687 5.519276
    endloop
  endfacet
  facet normal -0.814181 0.579036 -0.042738
    outer loop
      vertex 91.827649 63.606182 4.909443
      vertex 91.212986 62.741905 4.909443
      vertex 91.187030 62.750419 5.519276
    endloop
  endfacet
  facet normal -0.814181 0.579036 -0.042738
    outer loop
      vertex 91.827649 63.606182 4.909443
      vertex 91.187030 62.750419 5.519276
      vertex 91.807722 63.623173 5.519276
    endloop
  endfacet
  facet normal -0.838841 0.542653 -0.043280
    outer loop
      vertex 91.212986 62.741905 4.909443
      vertex 90.661994 61.890174 4.909443
      vertex 90.630633 61.890334 5.519276
    endloop
  endfacet
  facet normal -0.838841 0.542653 -0.043280
    outer loop
      vertex 91.212986 62.741905 4.909443
      vertex 90.630633 61.890334 5.519276
      vertex 91.187030 62.750419 5.519276
    endloop
  endfacet
  facet normal -0.847789 0.528527 -0.043736
    outer loop
      vertex 90.661994 61.890174 4.909443
      vertex 90.158868 61.083129 4.909443
      vertex 90.122572 61.075373 5.519276
    endloop
  endfacet
  facet normal -0.847789 0.528527 -0.043736
    outer loop
      vertex 90.661994 61.890174 4.909443
      vertex 90.122572 61.075373 5.519276
      vertex 90.630633 61.890334 5.519276
    endloop
  endfacet
  facet normal -0.847663 0.528730 -0.043726
    outer loop
      vertex 90.158868 61.083129 4.909443
      vertex 89.683998 60.321815 4.909443
      vertex 89.643045 60.306592 5.519276
    endloop
  endfacet
  facet normal -0.847663 0.528730 -0.043726
    outer loop
      vertex 90.158868 61.083129 4.909443
      vertex 89.643045 60.306592 5.519276
      vertex 90.122572 61.075373 5.519276
    endloop
  endfacet
  facet normal -0.275321 -0.957669 -0.084078
    outer loop
      vertex 89.643045 60.306592 5.519276
      vertex 90.541311 60.048349 5.519276
      vertex 90.476403 60.012638 6.138576
    endloop
  endfacet
  facet normal -0.275321 -0.957669 -0.084078
    outer loop
      vertex 89.643045 60.306592 5.519276
      vertex 90.476403 60.012638 6.138576
      vertex 89.560565 60.275933 6.138576
    endloop
  endfacet
  facet normal 0.275082 0.956839 0.093749
    outer loop
      vertex 91.843588 60.764840 5.338220
      vertex 91.297878 60.921727 5.338220
      vertex 91.215068 60.890944 5.895378
    endloop
  endfacet
  facet normal 0.275082 0.956839 0.093749
    outer loop
      vertex 91.843588 60.764840 5.338220
      vertex 91.215068 60.890944 5.895378
      vertex 91.778420 60.728986 5.895378
    endloop
  endfacet
  facet normal -0.276590 -0.957293 -0.084190
    outer loop
      vertex 90.541311 60.048349 5.519276
      vertex 91.495519 59.772651 5.519276
      vertex 91.449277 59.731547 6.138576
    endloop
  endfacet
  facet normal -0.276590 -0.957293 -0.084190
    outer loop
      vertex 90.541311 60.048349 5.519276
      vertex 91.449277 59.731547 6.138576
      vertex 90.476403 60.012638 6.138576
    endloop
  endfacet
  facet normal 0.276350 0.956462 0.093873
    outer loop
      vertex 92.423283 60.597349 5.338220
      vertex 91.843588 60.764840 5.338220
      vertex 91.778420 60.728986 5.895378
    endloop
  endfacet
  facet normal 0.276350 0.956462 0.093873
    outer loop
      vertex 92.423283 60.597349 5.338220
      vertex 91.778420 60.728986 5.895378
      vertex 92.376856 60.556080 5.895378
    endloop
  endfacet
  facet normal -0.260367 -0.961911 -0.083285
    outer loop
      vertex 91.495519 59.772651 5.519276
      vertex 92.522517 59.494667 5.519276
      vertex 92.496366 59.448124 6.138576
    endloop
  endfacet
  facet normal -0.260367 -0.961911 -0.083285
    outer loop
      vertex 91.495519 59.772651 5.519276
      vertex 92.496366 59.448124 6.138576
      vertex 91.449277 59.731547 6.138576
    endloop
  endfacet
  facet normal 0.260145 0.961093 0.092866
    outer loop
      vertex 93.047199 60.428470 5.338220
      vertex 92.423283 60.597349 5.338220
      vertex 92.376856 60.556080 5.895378
    endloop
  endfacet
  facet normal 0.260145 0.961093 0.092866
    outer loop
      vertex 93.047199 60.428470 5.338220
      vertex 92.376856 60.556080 5.895378
      vertex 93.020944 60.381741 5.895378
    endloop
  endfacet
  facet normal -0.214460 -0.973268 -0.082200
    outer loop
      vertex 92.522517 59.494667 5.519276
      vertex 93.610442 59.254941 5.519276
      vertex 93.605573 59.203710 6.138576
    endloop
  endfacet
  facet normal -0.214460 -0.973268 -0.082200
    outer loop
      vertex 92.522517 59.494667 5.519276
      vertex 93.605573 59.203710 6.138576
      vertex 92.496366 59.448124 6.138576
    endloop
  endfacet
  facet normal 0.214283 0.972462 0.091658
    outer loop
      vertex 93.708130 60.282833 5.338220
      vertex 93.047199 60.428470 5.338220
      vertex 93.020944 60.381741 5.895378
    endloop
  endfacet
  facet normal 0.214283 0.972462 0.091658
    outer loop
      vertex 93.708130 60.282833 5.338220
      vertex 93.020944 60.381741 5.895378
      vertex 93.703242 60.231396 5.895378
    endloop
  endfacet
  facet normal -0.157769 -0.984012 -0.082643
    outer loop
      vertex 93.610442 59.254941 5.519276
      vertex 94.692313 59.081483 5.519276
      vertex 94.708608 59.026858 6.138576
    endloop
  endfacet
  facet normal -0.157769 -0.984012 -0.082643
    outer loop
      vertex 93.610442 59.254941 5.519276
      vertex 94.708608 59.026858 6.138576
      vertex 93.605573 59.203710 6.138576
    endloop
  endfacet
  facet normal 0.157636 0.983188 0.092151
    outer loop
      vertex 94.365383 60.177455 5.338220
      vertex 93.708130 60.282833 5.338220
      vertex 93.703242 60.231396 5.895378
    endloop
  endfacet
  facet normal 0.157636 0.983188 0.092151
    outer loop
      vertex 94.365383 60.177455 5.338220
      vertex 93.703242 60.231396 5.895378
      vertex 94.381743 60.122611 5.895378
    endloop
  endfacet
  facet normal -0.126005 -0.988478 -0.083873
    outer loop
      vertex 94.692313 59.081483 5.519276
      vertex 95.712836 58.951393 5.519276
      vertex 95.749094 58.894223 6.138576
    endloop
  endfacet
  facet normal -0.126005 -0.988478 -0.083873
    outer loop
      vertex 94.692313 59.081483 5.519276
      vertex 95.749094 58.894223 6.138576
      vertex 94.708608 59.026858 6.138576
    endloop
  endfacet
  facet normal 0.125897 0.987625 0.093520
    outer loop
      vertex 94.985365 60.098423 5.338220
      vertex 94.365383 60.177455 5.338220
      vertex 94.381743 60.122611 5.895378
    endloop
  endfacet
  facet normal 0.125897 0.987625 0.093520
    outer loop
      vertex 94.985365 60.098423 5.338220
      vertex 94.381743 60.122611 5.895378
      vertex 95.021769 60.041024 5.895378
    endloop
  endfacet
  facet normal -0.120163 -0.989170 -0.084279
    outer loop
      vertex 95.712836 58.951393 5.519276
      vertex 96.668239 58.835331 5.519276
      vertex 96.723187 58.775891 6.138576
    endloop
  endfacet
  facet normal -0.120163 -0.989170 -0.084279
    outer loop
      vertex 95.712836 58.951393 5.519276
      vertex 96.723187 58.775891 6.138576
      vertex 95.749094 58.894223 6.138576
    endloop
  endfacet
  facet normal 0.120059 0.988309 0.093972
    outer loop
      vertex 95.565787 60.027914 5.338220
      vertex 94.985365 60.098423 5.338220
      vertex 95.021769 60.041024 5.895378
    endloop
  endfacet
  facet normal 0.120059 0.988309 0.093972
    outer loop
      vertex 95.565787 60.027914 5.338220
      vertex 95.021769 60.041024 5.895378
      vertex 95.620955 59.968236 5.895378
    endloop
  endfacet
  facet normal -0.125294 -0.988577 -0.083766
    outer loop
      vertex 96.668239 58.835331 5.519276
      vertex 97.572645 58.720706 5.519276
      vertex 97.645285 58.659023 6.138576
    endloop
  endfacet
  facet normal -0.125294 -0.988577 -0.083766
    outer loop
      vertex 96.668239 58.835331 5.519276
      vertex 97.645285 58.659023 6.138576
      vertex 96.723187 58.775891 6.138576
    endloop
  endfacet
  facet normal 0.125186 0.987727 0.093402
    outer loop
      vertex 96.115226 59.958277 5.338220
      vertex 95.565787 60.027914 5.338220
      vertex 95.620955 59.968236 5.895378
    endloop
  endfacet
  facet normal 0.125186 0.987727 0.093402
    outer loop
      vertex 96.115226 59.958277 5.338220
      vertex 95.620955 59.968236 5.895378
      vertex 96.188158 59.896348 5.895378
    endloop
  endfacet
  facet normal 0.946456 0.312800 -0.079858
    outer loop
      vertex 97.572645 58.720706 5.519276
      vertex 97.271047 59.633270 5.519276
      vertex 97.337787 59.589440 6.138576
    endloop
  endfacet
  facet normal 0.946456 0.312800 -0.079858
    outer loop
      vertex 97.572645 58.720706 5.519276
      vertex 97.337787 59.589440 6.138576
      vertex 97.645285 58.659023 6.138576
    endloop
  endfacet
  facet normal -0.945716 -0.312555 0.089051
    outer loop
      vertex 95.932001 60.512674 5.338220
      vertex 96.115226 59.958277 5.338220
      vertex 96.188158 59.896348 5.895378
    endloop
  endfacet
  facet normal -0.945716 -0.312555 0.089051
    outer loop
      vertex 95.932001 60.512674 5.338220
      vertex 96.188158 59.896348 5.895378
      vertex 95.999008 60.468667 5.895378
    endloop
  endfacet
  facet normal 0.948478 0.306438 -0.080527
    outer loop
      vertex 97.271047 59.633270 5.519276
      vertex 96.957976 60.602277 5.519276
      vertex 97.018592 60.577402 6.138576
    endloop
  endfacet
  facet normal 0.948478 0.306438 -0.080527
    outer loop
      vertex 97.271047 59.633270 5.519276
      vertex 97.018592 60.577402 6.138576
      vertex 97.337787 59.589440 6.138576
    endloop
  endfacet
  facet normal -0.947724 -0.306195 0.089795
    outer loop
      vertex 95.741806 61.101360 5.338220
      vertex 95.932001 60.512674 5.338220
      vertex 95.999008 60.468667 5.895378
    endloop
  endfacet
  facet normal -0.947724 -0.306195 0.089795
    outer loop
      vertex 95.741806 61.101360 5.338220
      vertex 95.999008 60.468667 5.895378
      vertex 95.802665 61.076385 5.895378
    endloop
  endfacet
  facet normal 0.946817 0.311628 -0.080156
    outer loop
      vertex 96.957976 60.602277 5.519276
      vertex 96.615334 61.643324 5.519276
      vertex 96.669247 61.638814 6.138576
    endloop
  endfacet
  facet normal 0.946817 0.311628 -0.080156
    outer loop
      vertex 96.957976 60.602277 5.519276
      vertex 96.669247 61.638814 6.138576
      vertex 97.018592 60.577402 6.138576
    endloop
  endfacet
  facet normal -0.946072 -0.311382 0.089382
    outer loop
      vertex 95.533646 61.733811 5.338220
      vertex 95.741806 61.101360 5.338220
      vertex 95.802665 61.076385 5.895378
    endloop
  endfacet
  facet normal -0.946072 -0.311382 0.089382
    outer loop
      vertex 95.533646 61.733811 5.338220
      vertex 95.802665 61.076385 5.895378
      vertex 95.587775 61.729283 5.895378
    endloop
  endfacet
  facet normal 0.934560 0.346962 -0.078831
    outer loop
      vertex 96.615334 61.643324 5.519276
      vertex 96.206943 62.743348 5.519276
      vertex 96.252867 62.760356 6.138576
    endloop
  endfacet
  facet normal 0.934560 0.346962 -0.078831
    outer loop
      vertex 96.615334 61.643324 5.519276
      vertex 96.252867 62.760356 6.138576
      vertex 96.669247 61.638814 6.138576
    endloop
  endfacet
  facet normal -0.933848 -0.346698 0.087908
    outer loop
      vertex 95.285542 62.402091 5.338220
      vertex 95.533646 61.733811 5.338220
      vertex 95.587775 61.729283 5.895378
    endloop
  endfacet
  facet normal -0.933848 -0.346698 0.087908
    outer loop
      vertex 95.285542 62.402091 5.338220
      vertex 95.587775 61.729283 5.895378
      vertex 95.331650 62.419168 5.895378
    endloop
  endfacet
  facet normal 0.910085 0.406887 -0.078662
    outer loop
      vertex 96.206943 62.743348 5.519276
      vertex 95.724926 63.821477 5.519276
      vertex 95.761421 63.859576 6.138576
    endloop
  endfacet
  facet normal 0.910085 0.406887 -0.078662
    outer loop
      vertex 96.206943 62.743348 5.519276
      vertex 95.761421 63.859576 6.138576
      vertex 96.252867 62.760356 6.138576
    endloop
  endfacet
  facet normal -0.909395 -0.406578 0.087719
    outer loop
      vertex 94.992710 63.057071 5.338220
      vertex 95.285542 62.402091 5.338220
      vertex 95.331650 62.419168 5.895378
    endloop
  endfacet
  facet normal -0.909395 -0.406578 0.087719
    outer loop
      vertex 94.992710 63.057071 5.338220
      vertex 95.331650 62.419168 5.895378
      vertex 95.029351 63.095322 5.895378
    endloop
  endfacet
  facet normal 0.891408 0.446090 -0.079973
    outer loop
      vertex 95.724926 63.821477 5.519276
      vertex 95.228488 64.813494 5.519276
      vertex 95.255272 64.870999 6.138576
    endloop
  endfacet
  facet normal 0.891408 0.446090 -0.079973
    outer loop
      vertex 95.724926 63.821477 5.519276
      vertex 95.255272 64.870999 6.138576
      vertex 95.761421 63.859576 6.138576
    endloop
  endfacet
  facet normal -0.890709 -0.445740 0.089179
    outer loop
      vertex 94.691117 63.659735 5.338220
      vertex 94.992710 63.057071 5.338220
      vertex 95.029351 63.095322 5.895378
    endloop
  endfacet
  facet normal -0.890709 -0.445740 0.089179
    outer loop
      vertex 94.691117 63.659735 5.338220
      vertex 95.029351 63.095322 5.895378
      vertex 94.718007 63.717471 5.895378
    endloop
  endfacet
  facet normal 0.887290 0.454126 -0.080541
    outer loop
      vertex 95.228488 64.813494 5.519276
      vertex 94.759648 65.729533 5.519276
      vertex 94.777260 65.804958 6.138576
    endloop
  endfacet
  facet normal 0.887290 0.454126 -0.080541
    outer loop
      vertex 95.228488 64.813494 5.519276
      vertex 94.777260 65.804958 6.138576
      vertex 95.255272 64.870999 6.138576
    endloop
  endfacet
  facet normal -0.886584 -0.453765 0.089812
    outer loop
      vertex 94.406289 64.216243 5.338220
      vertex 94.691117 63.659735 5.338220
      vertex 94.718007 63.717471 5.895378
    endloop
  endfacet
  facet normal -0.886584 -0.453765 0.089812
    outer loop
      vertex 94.406289 64.216243 5.338220
      vertex 94.718007 63.717471 5.895378
      vertex 94.423972 64.291970 5.895378
    endloop
  endfacet
  facet normal 0.889929 0.449029 -0.079996
    outer loop
      vertex 94.759648 65.729533 5.519276
      vertex 94.323240 66.594448 5.519276
      vertex 94.332315 66.686792 6.138576
    endloop
  endfacet
  facet normal 0.889929 0.449029 -0.079996
    outer loop
      vertex 94.759648 65.729533 5.519276
      vertex 94.332315 66.686792 6.138576
      vertex 94.777260 65.804958 6.138576
    endloop
  endfacet
  facet normal -0.889231 -0.448677 0.089204
    outer loop
      vertex 94.141165 64.741691 5.338220
      vertex 94.406289 64.216243 5.338220
      vertex 94.423972 64.291970 5.895378
    endloop
  endfacet
  facet normal -0.889231 -0.448677 0.089204
    outer loop
      vertex 94.141165 64.741691 5.338220
      vertex 94.423972 64.291970 5.895378
      vertex 94.150276 64.834405 5.895378
    endloop
  endfacet
  facet normal -0.752600 0.652797 -0.086311
    outer loop
      vertex 94.323240 66.594448 5.519276
      vertex 93.739577 65.921551 5.519276
      vertex 93.737234 66.000732 6.138576
    endloop
  endfacet
  facet normal -0.752600 0.652797 -0.086311
    outer loop
      vertex 94.323240 66.594448 5.519276
      vertex 93.737234 66.000732 6.138576
      vertex 94.332315 66.686792 6.138576
    endloop
  endfacet
  facet normal 0.751913 -0.652201 0.096234
    outer loop
      vertex 93.786581 64.332897 5.338220
      vertex 94.141165 64.741691 5.338220
      vertex 94.150276 64.834405 5.895378
    endloop
  endfacet
  facet normal 0.751913 -0.652201 0.096234
    outer loop
      vertex 93.786581 64.332897 5.338220
      vertex 94.150276 64.834405 5.895378
      vertex 93.784229 64.412395 5.895378
    endloop
  endfacet
  facet normal -0.750509 0.655161 -0.086605
    outer loop
      vertex 93.739577 65.921551 5.519276
      vertex 93.121142 65.213112 5.519276
      vertex 93.106701 65.278435 6.138576
    endloop
  endfacet
  facet normal -0.750509 0.655161 -0.086605
    outer loop
      vertex 93.739577 65.921551 5.519276
      vertex 93.106701 65.278435 6.138576
      vertex 93.737234 66.000732 6.138576
    endloop
  endfacet
  facet normal 0.749819 -0.654558 0.096561
    outer loop
      vertex 93.410873 63.902509 5.338220
      vertex 93.786581 64.332897 5.338220
      vertex 93.784229 64.412395 5.895378
    endloop
  endfacet
  facet normal 0.749819 -0.654558 0.096561
    outer loop
      vertex 93.410873 63.902509 5.338220
      vertex 93.784229 64.412395 5.895378
      vertex 93.396374 63.968094 5.895378
    endloop
  endfacet
  facet normal -0.756674 0.648111 -0.086005
    outer loop
      vertex 93.121142 65.213112 5.519276
      vertex 92.468960 64.451687 5.519276
      vertex 92.441762 64.502114 6.138576
    endloop
  endfacet
  facet normal -0.756674 0.648111 -0.086005
    outer loop
      vertex 93.121142 65.213112 5.519276
      vertex 92.441762 64.502114 6.138576
      vertex 93.106701 65.278435 6.138576
    endloop
  endfacet
  facet normal 0.755988 -0.647524 0.095894
    outer loop
      vertex 93.014663 63.439932 5.338220
      vertex 93.410873 63.902509 5.338220
      vertex 93.396374 63.968094 5.895378
    endloop
  endfacet
  facet normal 0.755988 -0.647524 0.095894
    outer loop
      vertex 93.014663 63.439932 5.338220
      vertex 93.396374 63.968094 5.895378
      vertex 92.987355 63.490562 5.895378
    endloop
  endfacet
  facet normal -0.778776 0.621543 -0.084813
    outer loop
      vertex 92.468960 64.451687 5.519276
      vertex 91.807722 63.623173 5.519276
      vertex 91.767588 63.657393 6.138576
    endloop
  endfacet
  facet normal -0.778776 0.621543 -0.084813
    outer loop
      vertex 92.468960 64.451687 5.519276
      vertex 91.767588 63.657393 6.138576
      vertex 92.441762 64.502114 6.138576
    endloop
  endfacet
  facet normal 0.778089 -0.620995 0.094566
    outer loop
      vertex 92.612951 62.936598 5.338220
      vertex 93.014663 63.439932 5.338220
      vertex 92.987355 63.490562 5.895378
    endloop
  endfacet
  facet normal 0.778089 -0.620995 0.094566
    outer loop
      vertex 92.612951 62.936598 5.338220
      vertex 92.987355 63.490562 5.895378
      vertex 92.572656 62.970955 5.895378
    endloop
  endfacet
  facet normal -0.812009 0.577491 -0.084532
    outer loop
      vertex 91.807722 63.623173 5.519276
      vertex 91.187030 62.750419 5.519276
      vertex 91.134754 62.767566 6.138576
    endloop
  endfacet
  facet normal -0.812009 0.577491 -0.084532
    outer loop
      vertex 91.807722 63.623173 5.519276
      vertex 91.134754 62.767566 6.138576
      vertex 91.767588 63.657393 6.138576
    endloop
  endfacet
  facet normal 0.811298 -0.576985 0.094254
    outer loop
      vertex 92.235871 62.406387 5.338220
      vertex 92.612951 62.936598 5.338220
      vertex 92.572656 62.970955 5.895378
    endloop
  endfacet
  facet normal 0.811298 -0.576985 0.094254
    outer loop
      vertex 92.235871 62.406387 5.338220
      vertex 92.572656 62.970955 5.895378
      vertex 92.183386 62.423603 5.895378
    endloop
  endfacet
  facet normal -0.836546 0.541169 -0.085598
    outer loop
      vertex 91.187030 62.750419 5.519276
      vertex 90.630633 61.890334 5.519276
      vertex 90.567473 61.890656 6.138576
    endloop
  endfacet
  facet normal -0.836546 0.541169 -0.085598
    outer loop
      vertex 91.187030 62.750419 5.519276
      vertex 90.567473 61.890656 6.138576
      vertex 91.134754 62.767566 6.138576
    endloop
  endfacet
  facet normal 0.835795 -0.540683 0.095440
    outer loop
      vertex 91.897852 61.883873 5.338220
      vertex 92.235871 62.406387 5.338220
      vertex 92.183386 62.423603 5.895378
    endloop
  endfacet
  facet normal 0.835795 -0.540683 0.095440
    outer loop
      vertex 91.897852 61.883873 5.338220
      vertex 92.183386 62.423603 5.895378
      vertex 91.834439 61.884196 5.895378
    endloop
  endfacet
  facet normal -0.845421 0.527050 -0.086495
    outer loop
      vertex 90.630633 61.890334 5.519276
      vertex 90.122572 61.075373 5.519276
      vertex 90.049473 61.059753 6.138576
    endloop
  endfacet
  facet normal -0.845421 0.527050 -0.086495
    outer loop
      vertex 90.630633 61.890334 5.519276
      vertex 90.049473 61.059753 6.138576
      vertex 90.567473 61.890656 6.138576
    endloop
  endfacet
  facet normal 0.844646 -0.526567 0.096439
    outer loop
      vertex 91.589198 61.388772 5.338220
      vertex 91.897852 61.883873 5.338220
      vertex 91.834439 61.884196 5.895378
    endloop
  endfacet
  facet normal 0.844646 -0.526567 0.096439
    outer loop
      vertex 91.589198 61.388772 5.338220
      vertex 91.834439 61.884196 5.895378
      vertex 91.515806 61.373089 5.895378
    endloop
  endfacet
  facet normal -0.845296 0.527254 -0.086476
    outer loop
      vertex 90.122572 61.075373 5.519276
      vertex 89.643045 60.306592 5.519276
      vertex 89.560565 60.275933 6.138576
    endloop
  endfacet
  facet normal -0.845296 0.527254 -0.086476
    outer loop
      vertex 90.122572 61.075373 5.519276
      vertex 89.560565 60.275933 6.138576
      vertex 90.049473 61.059753 6.138576
    endloop
  endfacet
  facet normal 0.844521 -0.526771 0.096417
    outer loop
      vertex 91.297878 60.921727 5.338220
      vertex 91.589198 61.388772 5.338220
      vertex 91.515806 61.373089 5.895378
    endloop
  endfacet
  facet normal 0.844521 -0.526771 0.096417
    outer loop
      vertex 91.297878 60.921727 5.338220
      vertex 91.515806 61.373089 5.895378
      vertex 91.215068 60.890944 5.895378
    endloop
  endfacet
  facet normal -0.273527 -0.951432 -0.141281
    outer loop
      vertex 89.560565 60.275933 6.138576
      vertex 90.476403 60.012638 6.138576
      vertex 90.365334 59.951530 6.765134
    endloop
  endfacet
  facet normal -0.273527 -0.951432 -0.141281
    outer loop
      vertex 89.560565 60.275933 6.138576
      vertex 90.365334 59.951530 6.765134
      vertex 89.419428 60.223469 6.765134
    endloop
  endfacet
  facet normal 0.272839 0.949037 0.157757
    outer loop
      vertex 91.778420 60.728986 5.895378
      vertex 91.215068 60.890944 5.895378
      vertex 91.074031 60.838518 6.454687
    endloop
  endfacet
  facet normal 0.272839 0.949037 0.157757
    outer loop
      vertex 91.778420 60.728986 5.895378
      vertex 91.074031 60.838518 6.454687
      vertex 91.667431 60.667922 6.454687
    endloop
  endfacet
  facet normal -0.274784 -0.951042 -0.141466
    outer loop
      vertex 90.476403 60.012638 6.138576
      vertex 91.449277 59.731547 6.138576
      vertex 91.370150 59.661210 6.765134
    endloop
  endfacet
  facet normal -0.274784 -0.951042 -0.141466
    outer loop
      vertex 90.476403 60.012638 6.138576
      vertex 91.370150 59.661210 6.765134
      vertex 90.365334 59.951530 6.765134
    endloop
  endfacet
  facet normal 0.274090 0.948642 0.157962
    outer loop
      vertex 92.376856 60.556080 5.895378
      vertex 91.778420 60.728986 5.895378
      vertex 91.667431 60.667922 6.454687
    endloop
  endfacet
  facet normal 0.274090 0.948642 0.157962
    outer loop
      vertex 92.376856 60.556080 5.895378
      vertex 91.667431 60.667922 6.454687
      vertex 92.297786 60.485794 6.454687
    endloop
  endfacet
  facet normal -0.258703 -0.955763 -0.139965
    outer loop
      vertex 91.449277 59.731547 6.138576
      vertex 92.496366 59.448124 6.138576
      vertex 92.451616 59.368482 6.765134
    endloop
  endfacet
  facet normal -0.258703 -0.955763 -0.139965
    outer loop
      vertex 91.449277 59.731547 6.138576
      vertex 92.451616 59.368482 6.765134
      vertex 91.370150 59.661210 6.765134
    endloop
  endfacet
  facet normal 0.258064 0.953402 0.156294
    outer loop
      vertex 93.020944 60.381741 5.895378
      vertex 92.376856 60.556080 5.895378
      vertex 92.297786 60.485794 6.454687
    endloop
  endfacet
  facet normal 0.258064 0.953402 0.156294
    outer loop
      vertex 93.020944 60.381741 5.895378
      vertex 92.297786 60.485794 6.454687
      vertex 92.976226 60.302156 6.454687
    endloop
  endfacet
  facet normal -0.213125 -0.967207 -0.138164
    outer loop
      vertex 92.496366 59.448124 6.138576
      vertex 93.605573 59.203710 6.138576
      vertex 93.597242 59.116043 6.765134
    endloop
  endfacet
  facet normal -0.213125 -0.967207 -0.138164
    outer loop
      vertex 92.496366 59.448124 6.138576
      vertex 93.597242 59.116043 6.765134
      vertex 92.451616 59.368482 6.765134
    endloop
  endfacet
  facet normal 0.212612 0.964878 0.154293
    outer loop
      vertex 93.703242 60.231396 5.895378
      vertex 93.020944 60.381741 5.895378
      vertex 92.976226 60.302156 6.454687
    endloop
  endfacet
  facet normal 0.212612 0.964878 0.154293
    outer loop
      vertex 93.703242 60.231396 5.895378
      vertex 92.976226 60.302156 6.454687
      vertex 93.694916 60.143792 6.454687
    endloop
  endfacet
  facet normal -0.156775 -0.977818 -0.138900
    outer loop
      vertex 93.605573 59.203710 6.138576
      vertex 94.708608 59.026858 6.138576
      vertex 94.736491 58.933385 6.765134
    endloop
  endfacet
  facet normal -0.156775 -0.977818 -0.138900
    outer loop
      vertex 93.605573 59.203710 6.138576
      vertex 94.736491 58.933385 6.765134
      vertex 93.597242 59.116043 6.765134
    endloop
  endfacet
  facet normal 0.156394 0.975439 0.155111
    outer loop
      vertex 94.381743 60.122611 5.895378
      vertex 93.703242 60.231396 5.895378
      vertex 93.694916 60.143792 6.454687
    endloop
  endfacet
  facet normal 0.156394 0.975439 0.155111
    outer loop
      vertex 94.381743 60.122611 5.895378
      vertex 93.694916 60.143792 6.454687
      vertex 94.409606 60.029204 6.454687
    endloop
  endfacet
  facet normal -0.125189 -0.982071 -0.140940
    outer loop
      vertex 94.708608 59.026858 6.138576
      vertex 95.749094 58.894223 6.138576
      vertex 95.811139 58.796395 6.765134
    endloop
  endfacet
  facet normal -0.125189 -0.982071 -0.140940
    outer loop
      vertex 94.708608 59.026858 6.138576
      vertex 95.811139 58.796395 6.765134
      vertex 94.736491 58.933385 6.765134
    endloop
  endfacet
  facet normal 0.124875 0.979611 0.157378
    outer loop
      vertex 95.021769 60.041024 5.895378
      vertex 94.381743 60.122611 5.895378
      vertex 94.409606 60.029204 6.454687
    endloop
  endfacet
  facet normal 0.124875 0.979611 0.157378
    outer loop
      vertex 95.021769 60.041024 5.895378
      vertex 94.409606 60.029204 6.454687
      vertex 95.083769 59.943266 6.454687
    endloop
  endfacet
  facet normal -0.119377 -0.982698 -0.141613
    outer loop
      vertex 95.749094 58.894223 6.138576
      vertex 96.723187 58.775891 6.138576
      vertex 96.817213 58.674178 6.765134
    endloop
  endfacet
  facet normal -0.119377 -0.982698 -0.141613
    outer loop
      vertex 95.749094 58.894223 6.138576
      vertex 96.817213 58.674178 6.765134
      vertex 95.811139 58.796395 6.765134
    endloop
  endfacet
  facet normal 0.119075 0.980213 0.158126
    outer loop
      vertex 95.620955 59.968236 5.895378
      vertex 95.021769 60.041024 5.895378
      vertex 95.083769 59.943266 6.454687
    endloop
  endfacet
  facet normal 0.119075 0.980213 0.158126
    outer loop
      vertex 95.620955 59.968236 5.895378
      vertex 95.083769 59.943266 6.454687
      vertex 95.714914 59.866595 6.454687
    endloop
  endfacet
  facet normal -0.124484 -0.982186 -0.140764
    outer loop
      vertex 96.723187 58.775891 6.138576
      vertex 97.645285 58.659023 6.138576
      vertex 97.769586 58.553473 6.765134
    endloop
  endfacet
  facet normal -0.124484 -0.982186 -0.140764
    outer loop
      vertex 96.723187 58.775891 6.138576
      vertex 97.769586 58.553473 6.765134
      vertex 96.817213 58.674178 6.765134
    endloop
  endfacet
  facet normal 0.124173 0.979732 0.157182
    outer loop
      vertex 96.188158 59.896348 5.895378
      vertex 95.620955 59.968236 5.895378
      vertex 95.714914 59.866595 6.454687
    endloop
  endfacet
  facet normal 0.124173 0.979732 0.157182
    outer loop
      vertex 96.188158 59.896348 5.895378
      vertex 95.714914 59.866595 6.454687
      vertex 96.312369 59.790873 6.454687
    endloop
  endfacet
  facet normal 0.940890 0.310960 -0.134275
    outer loop
      vertex 97.645285 58.659023 6.138576
      vertex 97.337787 59.589440 6.138576
      vertex 97.451991 59.514437 6.765134
    endloop
  endfacet
  facet normal 0.940890 0.310960 -0.134275
    outer loop
      vertex 97.645285 58.659023 6.138576
      vertex 97.451991 59.514437 6.765134
      vertex 97.769586 58.553473 6.765134
    endloop
  endfacet
  facet normal -0.938750 -0.310253 0.149971
    outer loop
      vertex 95.999008 60.468667 5.895378
      vertex 96.188158 59.896348 5.895378
      vertex 96.312369 59.790873 6.454687
    endloop
  endfacet
  facet normal -0.938750 -0.310253 0.149971
    outer loop
      vertex 95.999008 60.468667 5.895378
      vertex 96.312369 59.790873 6.454687
      vertex 96.113131 60.393718 6.454687
    endloop
  endfacet
  facet normal 0.942808 0.304606 -0.135385
    outer loop
      vertex 97.337787 59.589440 6.138576
      vertex 97.018592 60.577402 6.138576
      vertex 97.122317 60.534837 6.765134
    endloop
  endfacet
  facet normal 0.942808 0.304606 -0.135385
    outer loop
      vertex 97.337787 59.589440 6.138576
      vertex 97.122317 60.534837 6.765134
      vertex 97.451991 59.514437 6.765134
    endloop
  endfacet
  facet normal -0.940628 -0.303902 0.151205
    outer loop
      vertex 95.802665 61.076385 5.895378
      vertex 95.999008 60.468667 5.895378
      vertex 96.113131 60.393718 6.454687
    endloop
  endfacet
  facet normal -0.940628 -0.303902 0.151205
    outer loop
      vertex 95.802665 61.076385 5.895378
      vertex 96.113131 60.393718 6.454687
      vertex 95.906315 61.033850 6.454687
    endloop
  endfacet
  facet normal 0.941208 0.309782 -0.134769
    outer loop
      vertex 97.018592 60.577402 6.138576
      vertex 96.669247 61.638814 6.138576
      vertex 96.761502 61.631097 6.765134
    endloop
  endfacet
  facet normal 0.941208 0.309782 -0.134769
    outer loop
      vertex 97.018592 60.577402 6.138576
      vertex 96.761502 61.631097 6.765134
      vertex 97.122317 60.534837 6.765134
    endloop
  endfacet
  facet normal -0.939052 -0.309072 0.150520
    outer loop
      vertex 95.587775 61.729283 5.895378
      vertex 95.802665 61.076385 5.895378
      vertex 95.906315 61.033850 6.454687
    endloop
  endfacet
  facet normal -0.939052 -0.309072 0.150520
    outer loop
      vertex 95.587775 61.729283 5.895378
      vertex 95.906315 61.033850 6.454687
      vertex 95.679964 61.721571 6.454687
    endloop
  endfacet
  facet normal 0.929204 0.344973 -0.132568
    outer loop
      vertex 96.669247 61.638814 6.138576
      vertex 96.252867 62.760356 6.138576
      vertex 96.331452 62.789462 6.765134
    endloop
  endfacet
  facet normal 0.929204 0.344973 -0.132568
    outer loop
      vertex 96.669247 61.638814 6.138576
      vertex 96.331452 62.789462 6.765134
      vertex 96.761502 61.631097 6.765134
    endloop
  endfacet
  facet normal -0.927144 -0.344208 0.148072
    outer loop
      vertex 95.331650 62.419168 5.895378
      vertex 95.587775 61.729283 5.895378
      vertex 95.679964 61.721571 6.454687
    endloop
  endfacet
  facet normal -0.927144 -0.344208 0.148072
    outer loop
      vertex 95.331650 62.419168 5.895378
      vertex 95.679964 61.721571 6.454687
      vertex 95.410179 62.448253 6.454687
    endloop
  endfacet
  facet normal 0.904891 0.404565 -0.132287
    outer loop
      vertex 96.252867 62.760356 6.138576
      vertex 95.761421 63.859576 6.138576
      vertex 95.823870 63.924771 6.765134
    endloop
  endfacet
  facet normal 0.904891 0.404565 -0.132287
    outer loop
      vertex 96.252867 62.760356 6.138576
      vertex 95.823870 63.924771 6.765134
      vertex 96.331452 62.789462 6.765134
    endloop
  endfacet
  facet normal -0.902893 -0.403672 0.147760
    outer loop
      vertex 95.029351 63.095322 5.895378
      vertex 95.331650 62.419168 5.895378
      vertex 95.410179 62.448253 6.454687
    endloop
  endfacet
  facet normal -0.902893 -0.403672 0.147760
    outer loop
      vertex 95.029351 63.095322 5.895378
      vertex 95.410179 62.448253 6.454687
      vertex 95.091756 63.160471 6.454687
    endloop
  endfacet
  facet normal 0.886151 0.443459 -0.134466
    outer loop
      vertex 95.761421 63.859576 6.138576
      vertex 95.255272 64.870999 6.138576
      vertex 95.301103 64.969401 6.765134
    endloop
  endfacet
  facet normal 0.886151 0.443459 -0.134466
    outer loop
      vertex 95.761421 63.859576 6.138576
      vertex 95.301103 64.969401 6.765134
      vertex 95.823870 63.924771 6.765134
    endloop
  endfacet
  facet normal -0.884130 -0.442448 0.150183
    outer loop
      vertex 94.718007 63.717471 5.895378
      vertex 95.029351 63.095322 5.895378
      vertex 95.091756 63.160471 6.454687
    endloop
  endfacet
  facet normal -0.884130 -0.442448 0.150183
    outer loop
      vertex 94.718007 63.717471 5.895378
      vertex 95.091756 63.160471 6.454687
      vertex 94.763806 63.815802 6.454687
    endloop
  endfacet
  facet normal 0.881983 0.451410 -0.135410
    outer loop
      vertex 95.255272 64.870999 6.138576
      vertex 94.777260 65.804958 6.138576
      vertex 94.807397 65.934023 6.765134
    endloop
  endfacet
  facet normal 0.881983 0.451410 -0.135410
    outer loop
      vertex 95.255272 64.870999 6.138576
      vertex 94.807397 65.934023 6.765134
      vertex 95.301103 64.969401 6.765134
    endloop
  endfacet
  facet normal -0.879943 -0.450366 0.151232
    outer loop
      vertex 94.423972 64.291970 5.895378
      vertex 94.718007 63.717471 5.895378
      vertex 94.763806 63.815802 6.454687
    endloop
  endfacet
  facet normal -0.879943 -0.450366 0.151232
    outer loop
      vertex 94.423972 64.291970 5.895378
      vertex 94.763806 63.815802 6.454687
      vertex 94.454088 64.420943 6.454687
    endloop
  endfacet
  facet normal 0.884677 0.446379 -0.134503
    outer loop
      vertex 94.777260 65.804958 6.138576
      vertex 94.332315 66.686792 6.138576
      vertex 94.347844 66.844810 6.765134
    endloop
  endfacet
  facet normal 0.884677 0.446379 -0.134503
    outer loop
      vertex 94.777260 65.804958 6.138576
      vertex 94.347844 66.844810 6.765134
      vertex 94.807397 65.934023 6.765134
    endloop
  endfacet
  facet normal -0.882659 -0.445361 0.150224
    outer loop
      vertex 94.150276 64.834405 5.895378
      vertex 94.423972 64.291970 5.895378
      vertex 94.454088 64.420943 6.454687
    endloop
  endfacet
  facet normal -0.882659 -0.445361 0.150224
    outer loop
      vertex 94.150276 64.834405 5.895378
      vertex 94.454088 64.420943 6.454687
      vertex 94.165794 64.992311 6.454687
    endloop
  endfacet
  facet normal -0.747437 0.648319 -0.144982
    outer loop
      vertex 94.332315 66.686792 6.138576
      vertex 93.737234 66.000732 6.138576
      vertex 93.733225 66.136226 6.765134
    endloop
  endfacet
  facet normal -0.747437 0.648319 -0.144982
    outer loop
      vertex 94.332315 66.686792 6.138576
      vertex 93.733225 66.136226 6.765134
      vertex 94.347844 66.844810 6.765134
    endloop
  endfacet
  facet normal 0.745457 -0.646601 0.161867
    outer loop
      vertex 93.784229 64.412395 5.895378
      vertex 94.150276 64.834405 5.895378
      vertex 94.165794 64.992311 6.454687
    endloop
  endfacet
  facet normal 0.745457 -0.646601 0.161867
    outer loop
      vertex 93.784229 64.412395 5.895378
      vertex 94.165794 64.992311 6.454687
      vertex 93.780223 64.547791 6.454687
    endloop
  endfacet
  facet normal -0.745326 0.650636 -0.145469
    outer loop
      vertex 93.737234 66.000732 6.138576
      vertex 93.106701 65.278435 6.138576
      vertex 93.081991 65.390214 6.765134
    endloop
  endfacet
  facet normal -0.745326 0.650636 -0.145469
    outer loop
      vertex 93.737234 66.000732 6.138576
      vertex 93.081991 65.390214 6.765134
      vertex 93.733225 66.136226 6.765134
    endloop
  endfacet
  facet normal 0.743338 -0.648901 0.162409
    outer loop
      vertex 93.396374 63.968094 5.895378
      vertex 93.784229 64.412395 5.895378
      vertex 93.780223 64.547791 6.454687
    endloop
  endfacet
  facet normal 0.743338 -0.648901 0.162409
    outer loop
      vertex 93.396374 63.968094 5.895378
      vertex 93.780223 64.547791 6.454687
      vertex 93.371681 64.079793 6.454687
    endloop
  endfacet
  facet normal -0.751519 0.643697 -0.144475
    outer loop
      vertex 93.106701 65.278435 6.138576
      vertex 92.441762 64.502114 6.138576
      vertex 92.395220 64.588405 6.765134
    endloop
  endfacet
  facet normal -0.751519 0.643697 -0.144475
    outer loop
      vertex 93.106701 65.278435 6.138576
      vertex 92.395220 64.588405 6.765134
      vertex 93.081991 65.390214 6.765134
    endloop
  endfacet
  facet normal 0.749542 -0.642003 0.161305
    outer loop
      vertex 92.987355 63.490562 5.895378
      vertex 93.396374 63.968094 5.895378
      vertex 93.371681 64.079793 6.454687
    endloop
  endfacet
  facet normal 0.749542 -0.642003 0.161305
    outer loop
      vertex 92.987355 63.490562 5.895378
      vertex 93.371681 64.079793 6.454687
      vertex 92.940847 63.576791 6.454687
    endloop
  endfacet
  facet normal -0.773616 0.617424 -0.142499
    outer loop
      vertex 92.441762 64.502114 6.138576
      vertex 91.767588 63.657393 6.138576
      vertex 91.698912 63.715950 6.765134
    endloop
  endfacet
  facet normal -0.773616 0.617424 -0.142499
    outer loop
      vertex 92.441762 64.502114 6.138576
      vertex 91.698912 63.715950 6.765134
      vertex 92.395220 64.588405 6.765134
    endloop
  endfacet
  facet normal 0.771635 -0.615844 0.159109
    outer loop
      vertex 92.572656 62.970955 5.895378
      vertex 92.987355 63.490562 5.895378
      vertex 92.940847 63.576791 6.454687
    endloop
  endfacet
  facet normal 0.771635 -0.615844 0.159109
    outer loop
      vertex 92.572656 62.970955 5.895378
      vertex 92.940847 63.576791 6.454687
      vertex 92.504029 63.029470 6.454687
    endloop
  endfacet
  facet normal -0.806664 0.573690 -0.142034
    outer loop
      vertex 91.767588 63.657393 6.138576
      vertex 91.134754 62.767566 6.138576
      vertex 91.045300 62.796908 6.765134
    endloop
  endfacet
  facet normal -0.806664 0.573690 -0.142034
    outer loop
      vertex 91.767588 63.657393 6.138576
      vertex 91.045300 62.796908 6.765134
      vertex 91.698912 63.715950 6.765134
    endloop
  endfacet
  facet normal 0.804612 -0.572230 0.158593
    outer loop
      vertex 92.183386 62.423603 5.895378
      vertex 92.572656 62.970955 5.895378
      vertex 92.504029 63.029470 6.454687
    endloop
  endfacet
  facet normal 0.804612 -0.572230 0.158593
    outer loop
      vertex 92.183386 62.423603 5.895378
      vertex 92.504029 63.029470 6.454687
      vertex 92.093996 62.452924 6.454687
    endloop
  endfacet
  facet normal -0.830901 0.537517 -0.143800
    outer loop
      vertex 91.134754 62.767566 6.138576
      vertex 90.567473 61.890656 6.138576
      vertex 90.459394 61.891207 6.765134
    endloop
  endfacet
  facet normal -0.830901 0.537517 -0.143800
    outer loop
      vertex 91.134754 62.767566 6.138576
      vertex 90.459394 61.891207 6.765134
      vertex 91.045300 62.796908 6.765134
    endloop
  endfacet
  facet normal 0.828735 -0.536116 0.160555
    outer loop
      vertex 91.834439 61.884196 5.895378
      vertex 92.183386 62.423603 5.895378
      vertex 92.093996 62.452924 6.454687
    endloop
  endfacet
  facet normal 0.828735 -0.536116 0.160555
    outer loop
      vertex 91.834439 61.884196 5.895378
      vertex 92.093996 62.452924 6.454687
      vertex 91.726438 61.884747 6.454687
    endloop
  endfacet
  facet normal -0.839597 0.523420 -0.145288
    outer loop
      vertex 90.567473 61.890656 6.138576
      vertex 90.049473 61.059753 6.138576
      vertex 89.924387 61.033024 6.765134
    endloop
  endfacet
  facet normal -0.839597 0.523420 -0.145288
    outer loop
      vertex 90.567473 61.890656 6.138576
      vertex 89.924387 61.033024 6.765134
      vertex 90.459394 61.891207 6.765134
    endloop
  endfacet
  facet normal 0.837363 -0.522027 0.162207
    outer loop
      vertex 91.515806 61.373089 5.895378
      vertex 91.834439 61.884196 5.895378
      vertex 91.726438 61.884747 6.454687
    endloop
  endfacet
  facet normal 0.837363 -0.522027 0.162207
    outer loop
      vertex 91.515806 61.373089 5.895378
      vertex 91.726438 61.884747 6.454687
      vertex 91.390810 61.346379 6.454687
    endloop
  endfacet
  facet normal -0.839476 0.523623 -0.145255
    outer loop
      vertex 90.049473 61.059753 6.138576
      vertex 89.560565 60.275933 6.138576
      vertex 89.419428 60.223469 6.765134
    endloop
  endfacet
  facet normal -0.839476 0.523623 -0.145255
    outer loop
      vertex 90.049473 61.059753 6.138576
      vertex 89.419428 60.223469 6.765134
      vertex 89.924387 61.033024 6.765134
    endloop
  endfacet
  facet normal 0.837243 -0.522231 0.162171
    outer loop
      vertex 91.215068 60.890944 5.895378
      vertex 91.515806 61.373089 5.895378
      vertex 91.390810 61.346379 6.454687
    endloop
  endfacet
  facet normal 0.837243 -0.522231 0.162171
    outer loop
      vertex 91.215068 60.890944 5.895378
      vertex 91.390810 61.346379 6.454687
      vertex 91.074031 60.838518 6.454687
    endloop
  endfacet
  facet normal -0.269987 -0.939118 -0.212519
    outer loop
      vertex 89.419428 60.223469 6.765134
      vertex 90.365334 59.951530 6.765134
      vertex 90.194707 59.857654 7.396741
    endloop
  endfacet
  facet normal -0.269987 -0.939118 -0.212519
    outer loop
      vertex 89.419428 60.223469 6.765134
      vertex 90.194707 59.857654 7.396741
      vertex 89.202607 60.142873 7.396741
    endloop
  endfacet
  facet normal 0.268344 0.933402 0.238227
    outer loop
      vertex 91.667431 60.667922 6.454687
      vertex 91.074031 60.838518 6.454687
      vertex 90.856906 60.757809 7.015492
    endloop
  endfacet
  facet normal 0.268344 0.933402 0.238227
    outer loop
      vertex 91.667431 60.667922 6.454687
      vertex 90.856906 60.757809 7.015492
      vertex 91.496563 60.573913 7.015492
    endloop
  endfacet
  facet normal -0.271218 -0.938702 -0.212789
    outer loop
      vertex 90.365334 59.951530 6.765134
      vertex 91.370150 59.661210 6.765134
      vertex 91.248592 59.553156 7.396741
    endloop
  endfacet
  facet normal -0.271218 -0.938702 -0.212789
    outer loop
      vertex 90.365334 59.951530 6.765134
      vertex 91.248592 59.553156 7.396741
      vertex 90.194707 59.857654 7.396741
    endloop
  endfacet
  facet normal 0.269563 0.932974 0.238527
    outer loop
      vertex 92.297786 60.485794 6.454687
      vertex 91.667431 60.667922 6.454687
      vertex 91.496563 60.573913 7.015492
    endloop
  endfacet
  facet normal 0.269563 0.932974 0.238527
    outer loop
      vertex 92.297786 60.485794 6.454687
      vertex 91.496563 60.573913 7.015492
      vertex 92.176057 60.377588 7.015492
    endloop
  endfacet
  facet normal -0.255415 -0.943618 -0.210589
    outer loop
      vertex 91.370150 59.661210 6.765134
      vertex 92.451616 59.368482 6.765134
      vertex 92.382871 59.246133 7.396741
    endloop
  endfacet
  facet normal -0.255415 -0.943618 -0.210589
    outer loop
      vertex 91.370150 59.661210 6.765134
      vertex 92.382871 59.246133 7.396741
      vertex 91.248592 59.553156 7.396741
    endloop
  endfacet
  facet normal 0.253889 0.937978 0.236090
    outer loop
      vertex 92.976226 60.302156 6.454687
      vertex 92.297786 60.485794 6.454687
      vertex 92.176057 60.377588 7.015492
    endloop
  endfacet
  facet normal 0.253889 0.937978 0.236090
    outer loop
      vertex 92.976226 60.302156 6.454687
      vertex 92.176057 60.377588 7.015492
      vertex 92.907385 60.179635 7.015492
    endloop
  endfacet
  facet normal -0.210484 -0.955225 -0.207947
    outer loop
      vertex 92.451616 59.368482 6.765134
      vertex 93.597242 59.116043 6.765134
      vertex 93.584442 58.981366 7.396741
    endloop
  endfacet
  facet normal -0.210484 -0.955225 -0.207947
    outer loop
      vertex 92.451616 59.368482 6.765134
      vertex 93.584442 58.981366 7.396741
      vertex 92.382871 59.246133 7.396741
    endloop
  endfacet
  facet normal 0.209257 0.949656 0.233162
    outer loop
      vertex 93.694916 60.143792 6.454687
      vertex 92.976226 60.302156 6.454687
      vertex 92.907385 60.179635 7.015492
    endloop
  endfacet
  facet normal 0.209257 0.949656 0.233162
    outer loop
      vertex 93.694916 60.143792 6.454687
      vertex 92.907385 60.179635 7.015492
      vertex 93.682099 60.008926 7.015492
    endloop
  endfacet
  facet normal -0.154813 -0.965578 -0.209026
    outer loop
      vertex 93.597242 59.116043 6.765134
      vertex 94.736491 58.933385 6.765134
      vertex 94.779327 58.789788 7.396741
    endloop
  endfacet
  facet normal -0.154813 -0.965578 -0.209026
    outer loop
      vertex 93.597242 59.116043 6.765134
      vertex 94.779327 58.789788 7.396741
      vertex 93.584442 58.981366 7.396741
    endloop
  endfacet
  facet normal 0.153901 0.959891 0.234359
    outer loop
      vertex 94.409606 60.029204 6.454687
      vertex 93.694916 60.143792 6.454687
      vertex 93.682099 60.008926 7.015492
    endloop
  endfacet
  facet normal 0.153901 0.959891 0.234359
    outer loop
      vertex 94.409606 60.029204 6.454687
      vertex 93.682099 60.008926 7.015492
      vertex 94.452502 59.885406 7.015492
    endloop
  endfacet
  facet normal -0.123576 -0.969421 -0.212019
    outer loop
      vertex 94.736491 58.933385 6.765134
      vertex 95.811139 58.796395 6.765134
      vertex 95.906454 58.646108 7.396741
    endloop
  endfacet
  facet normal -0.123576 -0.969421 -0.212019
    outer loop
      vertex 94.736491 58.933385 6.765134
      vertex 95.906454 58.646108 7.396741
      vertex 94.779327 58.789788 7.396741
    endloop
  endfacet
  facet normal 0.122827 0.963548 0.237673
    outer loop
      vertex 95.083769 59.943266 6.454687
      vertex 94.409606 60.029204 6.454687
      vertex 94.452502 59.885406 7.015492
    endloop
  endfacet
  facet normal 0.122827 0.963548 0.237673
    outer loop
      vertex 95.083769 59.943266 6.454687
      vertex 94.452502 59.885406 7.015492
      vertex 95.179218 59.792768 7.015492
    endloop
  endfacet
  facet normal -0.117825 -0.969921 -0.213005
    outer loop
      vertex 95.811139 58.796395 6.765134
      vertex 96.817213 58.674178 6.765134
      vertex 96.961659 58.517923 7.396741
    endloop
  endfacet
  facet normal -0.117825 -0.969921 -0.213005
    outer loop
      vertex 95.811139 58.796395 6.765134
      vertex 96.961659 58.517923 7.396741
      vertex 95.906454 58.646108 7.396741
    endloop
  endfacet
  facet normal 0.117104 0.963990 0.238766
    outer loop
      vertex 95.714914 59.866595 6.454687
      vertex 95.083769 59.943266 6.454687
      vertex 95.179218 59.792768 7.015492
    endloop
  endfacet
  facet normal 0.117104 0.963990 0.238766
    outer loop
      vertex 95.714914 59.866595 6.454687
      vertex 95.179218 59.792768 7.015492
      vertex 95.859563 59.710121 7.015492
    endloop
  endfacet
  facet normal -0.122884 -0.969565 -0.211760
    outer loop
      vertex 96.817213 58.674178 6.765134
      vertex 97.769586 58.553473 6.765134
      vertex 97.960540 58.391323 7.396741
    endloop
  endfacet
  facet normal -0.122884 -0.969565 -0.211760
    outer loop
      vertex 96.817213 58.674178 6.765134
      vertex 97.960540 58.391323 7.396741
      vertex 96.961659 58.517923 7.396741
    endloop
  endfacet
  facet normal 0.122142 0.963706 0.237387
    outer loop
      vertex 96.312369 59.790873 6.454687
      vertex 95.714914 59.866595 6.454687
      vertex 95.859563 59.710121 7.015492
    endloop
  endfacet
  facet normal 0.122142 0.963706 0.237387
    outer loop
      vertex 96.312369 59.790873 6.454687
      vertex 95.859563 59.710121 7.015492
      vertex 96.503592 59.628495 7.015492
    endloop
  endfacet
  facet normal 0.929870 0.307318 -0.202232
    outer loop
      vertex 97.769586 58.553473 6.765134
      vertex 97.451991 59.514437 6.765134
      vertex 97.627436 59.399215 7.396741
    endloop
  endfacet
  facet normal 0.929870 0.307318 -0.202232
    outer loop
      vertex 97.769586 58.553473 6.765134
      vertex 97.627436 59.399215 7.396741
      vertex 97.960540 58.391323 7.396741
    endloop
  endfacet
  facet normal -0.924740 -0.305623 0.226826
    outer loop
      vertex 96.113131 60.393718 6.454687
      vertex 96.312369 59.790873 6.454687
      vertex 96.503592 59.628495 7.015492
    endloop
  endfacet
  facet normal -0.924740 -0.305623 0.226826
    outer loop
      vertex 96.113131 60.393718 6.454687
      vertex 96.503592 59.628495 7.015492
      vertex 96.288823 60.278335 7.015492
    endloop
  endfacet
  facet normal 0.931585 0.300980 -0.203865
    outer loop
      vertex 97.451991 59.514437 6.765134
      vertex 97.122317 60.534837 6.765134
      vertex 97.281662 60.469446 7.396741
    endloop
  endfacet
  facet normal 0.931585 0.300980 -0.203865
    outer loop
      vertex 97.451991 59.514437 6.765134
      vertex 97.281662 60.469446 7.396741
      vertex 97.627436 59.399215 7.396741
    endloop
  endfacet
  facet normal -0.926363 -0.299293 0.228637
    outer loop
      vertex 95.906315 61.033850 6.454687
      vertex 96.113131 60.393718 6.454687
      vertex 96.288823 60.278335 7.015492
    endloop
  endfacet
  facet normal -0.926363 -0.299293 0.228637
    outer loop
      vertex 95.906315 61.033850 6.454687
      vertex 96.288823 60.278335 7.015492
      vertex 96.065885 60.968367 7.015492
    endloop
  endfacet
  facet normal 0.930104 0.306127 -0.202959
    outer loop
      vertex 97.122317 60.534837 6.765134
      vertex 96.761502 61.631097 6.765134
      vertex 96.903228 61.619241 7.396741
    endloop
  endfacet
  facet normal 0.930104 0.306127 -0.202959
    outer loop
      vertex 97.122317 60.534837 6.765134
      vertex 96.903228 61.619241 7.396741
      vertex 97.281662 60.469446 7.396741
    endloop
  endfacet
  facet normal -0.924937 -0.304426 0.227632
    outer loop
      vertex 95.679964 61.721571 6.454687
      vertex 95.906315 61.033850 6.454687
      vertex 96.065885 60.968367 7.015492
    endloop
  endfacet
  facet normal -0.924937 -0.304426 0.227632
    outer loop
      vertex 95.679964 61.721571 6.454687
      vertex 96.065885 60.968367 7.015492
      vertex 95.821889 61.709699 7.015492
    endloop
  endfacet
  facet normal 0.918591 0.341033 -0.199720
    outer loop
      vertex 96.761502 61.631097 6.765134
      vertex 96.331452 62.789462 6.765134
      vertex 96.452176 62.834174 7.396741
    endloop
  endfacet
  facet normal 0.918591 0.341033 -0.199720
    outer loop
      vertex 96.761502 61.631097 6.765134
      vertex 96.452176 62.834174 7.396741
      vertex 96.903228 61.619241 7.396741
    endloop
  endfacet
  facet normal -0.913647 -0.339198 0.224039
    outer loop
      vertex 95.410179 62.448253 6.454687
      vertex 95.679964 61.721571 6.454687
      vertex 95.821889 61.709699 7.015492
    endloop
  endfacet
  facet normal -0.913647 -0.339198 0.224039
    outer loop
      vertex 95.410179 62.448253 6.454687
      vertex 95.821889 61.709699 7.015492
      vertex 95.531073 62.493028 7.015492
    endloop
  endfacet
  facet normal 0.894599 0.399963 -0.199306
    outer loop
      vertex 96.331452 62.789462 6.765134
      vertex 95.823870 63.924771 6.765134
      vertex 95.919807 64.024925 7.396741
    endloop
  endfacet
  facet normal 0.894599 0.399963 -0.199306
    outer loop
      vertex 96.331452 62.789462 6.765134
      vertex 95.919807 64.024925 7.396741
      vertex 96.452176 62.834174 7.396741
    endloop
  endfacet
  facet normal -0.889804 -0.397820 0.223579
    outer loop
      vertex 95.091756 63.160471 6.454687
      vertex 95.410179 62.448253 6.454687
      vertex 95.531073 62.493028 7.015492
    endloop
  endfacet
  facet normal -0.889804 -0.397820 0.223579
    outer loop
      vertex 95.091756 63.160471 6.454687
      vertex 95.531073 62.493028 7.015492
      vertex 95.187827 63.260766 7.015492
    endloop
  endfacet
  facet normal 0.875743 0.438250 -0.202513
    outer loop
      vertex 95.823870 63.924771 6.765134
      vertex 95.301103 64.969401 6.765134
      vertex 95.371511 65.120569 7.396741
    endloop
  endfacet
  facet normal 0.875743 0.438250 -0.202513
    outer loop
      vertex 95.823870 63.924771 6.765134
      vertex 95.371511 65.120569 7.396741
      vertex 95.919807 64.024925 7.396741
    endloop
  endfacet
  facet normal -0.870898 -0.435826 0.227138
    outer loop
      vertex 94.763806 63.815802 6.454687
      vertex 95.091756 63.160471 6.454687
      vertex 95.187827 63.260766 7.015492
    endloop
  endfacet
  facet normal -0.870898 -0.435826 0.227138
    outer loop
      vertex 94.763806 63.815802 6.454687
      vertex 95.187827 63.260766 7.015492
      vertex 94.834313 63.967183 7.015492
    endloop
  endfacet
  facet normal 0.871480 0.446034 -0.203901
    outer loop
      vertex 95.301103 64.969401 6.765134
      vertex 94.807397 65.934023 6.765134
      vertex 94.853695 66.132298 7.396741
    endloop
  endfacet
  facet normal 0.871480 0.446034 -0.203901
    outer loop
      vertex 95.301103 64.969401 6.765134
      vertex 94.853695 66.132298 7.396741
      vertex 95.371511 65.120569 7.396741
    endloop
  endfacet
  facet normal -0.866594 -0.443533 0.228677
    outer loop
      vertex 94.454088 64.420943 6.454687
      vertex 94.763806 63.815802 6.454687
      vertex 94.834313 63.967183 7.015492
    endloop
  endfacet
  facet normal -0.866594 -0.443533 0.228677
    outer loop
      vertex 94.454088 64.420943 6.454687
      vertex 94.834313 63.967183 7.015492
      vertex 94.500451 64.619497 7.015492
    endloop
  endfacet
  facet normal 0.874281 0.441134 -0.202568
    outer loop
      vertex 94.807397 65.934023 6.765134
      vertex 94.347844 66.844810 6.765134
      vertex 94.371700 67.087563 7.396741
    endloop
  endfacet
  facet normal 0.874281 0.441134 -0.202568
    outer loop
      vertex 94.807397 65.934023 6.765134
      vertex 94.371700 67.087563 7.396741
      vertex 94.853695 66.132298 7.396741
    endloop
  endfacet
  facet normal -0.869442 -0.438692 0.227198
    outer loop
      vertex 94.165794 64.992311 6.454687
      vertex 94.454088 64.420943 6.454687
      vertex 94.500451 64.619497 7.015492
    endloop
  endfacet
  facet normal -0.869442 -0.438692 0.227198
    outer loop
      vertex 94.165794 64.992311 6.454687
      vertex 94.500451 64.619497 7.015492
      vertex 94.189684 65.235404 7.015492
    endloop
  endfacet
  facet normal -0.737261 0.639492 -0.217937
    outer loop
      vertex 94.347844 66.844810 6.765134
      vertex 93.733225 66.136226 6.765134
      vertex 93.727067 66.344375 7.396741
    endloop
  endfacet
  facet normal -0.737261 0.639492 -0.217937
    outer loop
      vertex 94.347844 66.844810 6.765134
      vertex 93.727067 66.344375 7.396741
      vertex 94.371700 67.087563 7.396741
    endloop
  endfacet
  facet normal 0.732544 -0.635401 0.244224
    outer loop
      vertex 93.780223 64.547791 6.454687
      vertex 94.165794 64.992311 6.454687
      vertex 94.189684 65.235404 7.015492
    endloop
  endfacet
  facet normal 0.732544 -0.635401 0.244224
    outer loop
      vertex 93.780223 64.547791 6.454687
      vertex 94.189684 65.235404 7.015492
      vertex 93.774056 64.756233 7.015492
    endloop
  endfacet
  facet normal -0.735112 0.641719 -0.218650
    outer loop
      vertex 93.733225 66.136226 6.765134
      vertex 93.081991 65.390214 6.765134
      vertex 93.044029 65.561932 7.396741
    endloop
  endfacet
  facet normal -0.735112 0.641719 -0.218650
    outer loop
      vertex 93.733225 66.136226 6.765134
      vertex 93.044029 65.561932 7.396741
      vertex 93.727067 66.344375 7.396741
    endloop
  endfacet
  facet normal 0.730378 -0.637587 0.245013
    outer loop
      vertex 93.371681 64.079793 6.454687
      vertex 93.780223 64.547791 6.454687
      vertex 93.774056 64.756233 7.015492
    endloop
  endfacet
  facet normal 0.730378 -0.637587 0.245013
    outer loop
      vertex 93.371681 64.079793 6.454687
      vertex 93.774056 64.756233 7.015492
      vertex 93.333667 64.251752 7.015492
    endloop
  endfacet
  facet normal -0.741357 0.634992 -0.217196
    outer loop
      vertex 93.081991 65.390214 6.765134
      vertex 92.395220 64.588405 6.765134
      vertex 92.323720 64.720967 7.396741
    endloop
  endfacet
  facet normal -0.741357 0.634992 -0.217196
    outer loop
      vertex 93.081991 65.390214 6.765134
      vertex 92.323720 64.720967 7.396741
      vertex 93.044029 65.561932 7.396741
    endloop
  endfacet
  facet normal 0.736646 -0.630957 0.243405
    outer loop
      vertex 92.940847 63.576791 6.454687
      vertex 93.371681 64.079793 6.454687
      vertex 93.333667 64.251752 7.015492
    endloop
  endfacet
  facet normal 0.736646 -0.630957 0.243405
    outer loop
      vertex 92.940847 63.576791 6.454687
      vertex 93.333667 64.251752 7.015492
      vertex 92.869247 63.709540 7.015492
    endloop
  endfacet
  facet normal -0.763433 0.609298 -0.214303
    outer loop
      vertex 92.395220 64.588405 6.765134
      vertex 91.698912 63.715950 6.765134
      vertex 91.593408 63.805907 7.396741
    endloop
  endfacet
  facet normal -0.763433 0.609298 -0.214303
    outer loop
      vertex 92.395220 64.588405 6.765134
      vertex 91.593408 63.805907 7.396741
      vertex 92.323720 64.720967 7.396741
    endloop
  endfacet
  facet normal 0.758709 -0.605527 0.240202
    outer loop
      vertex 92.504029 63.029470 6.454687
      vertex 92.940847 63.576791 6.454687
      vertex 92.869247 63.709540 7.015492
    endloop
  endfacet
  facet normal 0.758709 -0.605527 0.240202
    outer loop
      vertex 92.504029 63.029470 6.454687
      vertex 92.869247 63.709540 7.015492
      vertex 92.398378 63.119553 7.015492
    endloop
  endfacet
  facet normal -0.796114 0.566187 -0.213621
    outer loop
      vertex 91.698912 63.715950 6.765134
      vertex 91.045300 62.796908 6.765134
      vertex 90.907878 62.841984 7.396741
    endloop
  endfacet
  facet normal -0.796114 0.566187 -0.213621
    outer loop
      vertex 91.698912 63.715950 6.765134
      vertex 90.907878 62.841984 7.396741
      vertex 91.593408 63.805907 7.396741
    endloop
  endfacet
  facet normal 0.791219 -0.562705 0.239448
    outer loop
      vertex 92.093996 62.452924 6.454687
      vertex 92.504029 63.029470 6.454687
      vertex 92.398378 63.119553 7.015492
    endloop
  endfacet
  facet normal 0.791219 -0.562705 0.239448
    outer loop
      vertex 92.093996 62.452924 6.454687
      vertex 92.398378 63.119553 7.015492
      vertex 91.956381 62.498063 7.015492
    endloop
  endfacet
  facet normal -0.819768 0.530315 -0.216208
    outer loop
      vertex 91.045300 62.796908 6.765134
      vertex 90.459394 61.891207 6.765134
      vertex 90.293360 61.892053 7.396741
    endloop
  endfacet
  facet normal -0.819768 0.530315 -0.216208
    outer loop
      vertex 91.045300 62.796908 6.765134
      vertex 90.293360 61.892053 7.396741
      vertex 90.907878 62.841984 7.396741
    endloop
  endfacet
  facet normal 0.814606 -0.526975 0.242311
    outer loop
      vertex 91.726438 61.884747 6.454687
      vertex 92.093996 62.452924 6.454687
      vertex 91.956381 62.498063 7.015492
    endloop
  endfacet
  facet normal 0.814606 -0.526975 0.242311
    outer loop
      vertex 91.726438 61.884747 6.454687
      vertex 91.956381 62.498063 7.015492
      vertex 91.560170 61.885595 7.015492
    endloop
  endfacet
  facet normal -0.828118 0.516264 -0.218384
    outer loop
      vertex 90.459394 61.891207 6.765134
      vertex 89.924387 61.033024 6.765134
      vertex 89.732227 60.991961 7.396741
    endloop
  endfacet
  facet normal -0.828118 0.516264 -0.218384
    outer loop
      vertex 90.459394 61.891207 6.765134
      vertex 89.732227 60.991961 7.396741
      vertex 90.293360 61.892053 7.396741
    endloop
  endfacet
  facet normal 0.822799 -0.512947 0.244719
    outer loop
      vertex 91.390810 61.346379 6.454687
      vertex 91.726438 61.884747 6.454687
      vertex 91.560170 61.885595 7.015492
    endloop
  endfacet
  facet normal 0.822799 -0.512947 0.244719
    outer loop
      vertex 91.390810 61.346379 6.454687
      vertex 91.560170 61.885595 7.015492
      vertex 91.198379 61.305259 7.015492
    endloop
  endfacet
  facet normal -0.828004 0.516468 -0.218336
    outer loop
      vertex 89.924387 61.033024 6.765134
      vertex 89.419428 60.223469 6.765134
      vertex 89.202607 60.142873 7.396741
    endloop
  endfacet
  facet normal -0.828004 0.516468 -0.218336
    outer loop
      vertex 89.924387 61.033024 6.765134
      vertex 89.202607 60.142873 7.396741
      vertex 89.732227 60.991961 7.396741
    endloop
  endfacet
  facet normal 0.822687 -0.513151 0.244666
    outer loop
      vertex 91.074031 60.838518 6.454687
      vertex 91.390810 61.346379 6.454687
      vertex 91.198379 61.305259 7.015492
    endloop
  endfacet
  facet normal 0.822687 -0.513151 0.244666
    outer loop
      vertex 91.074031 60.838518 6.454687
      vertex 91.198379 61.305259 7.015492
      vertex 90.856906 60.757809 7.015492
    endloop
  endfacet
  facet normal -0.264254 -0.919177 -0.292034
    outer loop
      vertex 89.202607 60.142873 7.396741
      vertex 90.194707 59.857654 7.396741
      vertex 89.954074 59.725262 8.031188
    endloop
  endfacet
  facet normal -0.264254 -0.919177 -0.292034
    outer loop
      vertex 89.202607 60.142873 7.396741
      vertex 89.954074 59.725262 8.031188
      vertex 88.896830 60.029209 8.031188
    endloop
  endfacet
  facet normal 0.261229 0.908651 0.325749
    outer loop
      vertex 91.496563 60.573913 7.015492
      vertex 90.856906 60.757809 7.015492
      vertex 90.551468 60.644271 7.577138
    endloop
  endfacet
  facet normal 0.261229 0.908651 0.325749
    outer loop
      vertex 91.496563 60.573913 7.015492
      vertex 90.551468 60.644271 7.577138
      vertex 91.256197 60.441668 7.577138
    endloop
  endfacet
  facet normal -0.265445 -0.918720 -0.292390
    outer loop
      vertex 90.194707 59.857654 7.396741
      vertex 91.248592 59.553156 7.396741
      vertex 91.077161 59.400769 8.031188
    endloop
  endfacet
  facet normal -0.265445 -0.918720 -0.292390
    outer loop
      vertex 90.194707 59.857654 7.396741
      vertex 91.077161 59.400769 8.031188
      vertex 89.954074 59.725262 8.031188
    endloop
  endfacet
  facet normal 0.262398 0.908175 0.326137
    outer loop
      vertex 92.176057 60.377588 7.015492
      vertex 91.496563 60.573913 7.015492
      vertex 91.256197 60.441668 7.577138
    endloop
  endfacet
  facet normal 0.262398 0.908175 0.326137
    outer loop
      vertex 92.176057 60.377588 7.015492
      vertex 91.256197 60.441668 7.577138
      vertex 92.004816 60.225370 7.577138
    endloop
  endfacet
  facet normal -0.250087 -0.923932 -0.289492
    outer loop
      vertex 91.248592 59.553156 7.396741
      vertex 92.382871 59.246133 7.396741
      vertex 92.285921 59.073586 8.031188
    endloop
  endfacet
  facet normal -0.250087 -0.923932 -0.289492
    outer loop
      vertex 91.248592 59.553156 7.396741
      vertex 92.285921 59.073586 8.031188
      vertex 91.077161 59.400769 8.031188
    endloop
  endfacet
  facet normal 0.247272 0.913533 0.322977
    outer loop
      vertex 92.907385 60.179635 7.015492
      vertex 92.176057 60.377588 7.015492
      vertex 92.004816 60.225370 7.577138
    endloop
  endfacet
  facet normal 0.247272 0.913533 0.322977
    outer loop
      vertex 92.907385 60.179635 7.015492
      vertex 92.004816 60.225370 7.577138
      vertex 92.810542 60.007279 7.577138
    endloop
  endfacet
  facet normal -0.206199 -0.935779 -0.286007
    outer loop
      vertex 92.382871 59.246133 7.396741
      vertex 93.584442 58.981366 7.396741
      vertex 93.566392 58.791433 8.031188
    endloop
  endfacet
  facet normal -0.206199 -0.935779 -0.286007
    outer loop
      vertex 92.382871 59.246133 7.396741
      vertex 93.566392 58.791433 8.031188
      vertex 92.285921 59.073586 8.031188
    endloop
  endfacet
  facet normal 0.203933 0.925494 0.319175
    outer loop
      vertex 93.682099 60.008926 7.015492
      vertex 92.907385 60.179635 7.015492
      vertex 92.810542 60.007279 7.577138
    endloop
  endfacet
  facet normal 0.203933 0.925494 0.319175
    outer loop
      vertex 93.682099 60.008926 7.015492
      vertex 92.810542 60.007279 7.577138
      vertex 93.664068 59.819204 7.577138
    endloop
  endfacet
  facet normal -0.151630 -0.945723 -0.287432
    outer loop
      vertex 93.584442 58.981366 7.396741
      vertex 94.779327 58.789788 7.396741
      vertex 94.839737 58.587276 8.031188
    endloop
  endfacet
  facet normal -0.151630 -0.945723 -0.287432
    outer loop
      vertex 93.584442 58.981366 7.396741
      vertex 94.839737 58.587276 8.031188
      vertex 93.566392 58.791433 8.031188
    endloop
  endfacet
  facet normal 0.149947 0.935226 0.320730
    outer loop
      vertex 94.452502 59.885406 7.015492
      vertex 93.682099 60.008926 7.015492
      vertex 93.664068 59.819204 7.577138
    endloop
  endfacet
  facet normal 0.149947 0.935226 0.320730
    outer loop
      vertex 94.452502 59.885406 7.015492
      vertex 93.664068 59.819204 7.577138
      vertex 94.512844 59.683118 7.577138
    endloop
  endfacet
  facet normal -0.120964 -0.948930 -0.291375
    outer loop
      vertex 94.779327 58.789788 7.396741
      vertex 95.906454 58.646108 7.396741
      vertex 96.040875 58.434162 8.031188
    endloop
  endfacet
  facet normal -0.120964 -0.948930 -0.291375
    outer loop
      vertex 94.779327 58.789788 7.396741
      vertex 96.040875 58.434162 8.031188
      vertex 94.839737 58.587276 8.031188
    endloop
  endfacet
  facet normal 0.119585 0.938112 0.325031
    outer loop
      vertex 95.179218 59.792768 7.015492
      vertex 94.452502 59.885406 7.015492
      vertex 94.512844 59.683118 7.577138
    endloop
  endfacet
  facet normal 0.119585 0.938112 0.325031
    outer loop
      vertex 95.179218 59.792768 7.015492
      vertex 94.512844 59.683118 7.577138
      vertex 95.313490 59.581057 7.577138
    endloop
  endfacet
  facet normal -0.115312 -0.949234 -0.292674
    outer loop
      vertex 95.906454 58.646108 7.396741
      vertex 96.961659 58.517923 7.396741
      vertex 97.165369 58.297560 8.031188
    endloop
  endfacet
  facet normal -0.115312 -0.949234 -0.292674
    outer loop
      vertex 95.906454 58.646108 7.396741
      vertex 97.165369 58.297560 8.031188
      vertex 96.040875 58.434162 8.031188
    endloop
  endfacet
  facet normal 0.113986 0.938317 0.326447
    outer loop
      vertex 95.859563 59.710121 7.015492
      vertex 95.179218 59.792768 7.015492
      vertex 95.313490 59.581057 7.577138
    endloop
  endfacet
  facet normal 0.113986 0.938317 0.326447
    outer loop
      vertex 95.859563 59.710121 7.015492
      vertex 95.313490 59.581057 7.577138
      vertex 96.063046 59.490001 7.577138
    endloop
  endfacet
  facet normal -0.120293 -0.949120 -0.291035
    outer loop
      vertex 96.961659 58.517923 7.396741
      vertex 97.960540 58.391323 7.396741
      vertex 98.229840 58.162647 8.031188
    endloop
  endfacet
  facet normal -0.120293 -0.949120 -0.291035
    outer loop
      vertex 96.961659 58.517923 7.396741
      vertex 98.229840 58.162647 8.031188
      vertex 97.165369 58.297560 8.031188
    endloop
  endfacet
  facet normal 0.118925 0.938324 0.324660
    outer loop
      vertex 96.503592 59.628495 7.015492
      vertex 95.859563 59.710121 7.015492
      vertex 96.063046 59.490001 7.577138
    endloop
  endfacet
  facet normal 0.118925 0.938324 0.324660
    outer loop
      vertex 96.503592 59.628495 7.015492
      vertex 96.063046 59.490001 7.577138
      vertex 96.772593 59.400072 7.577138
    endloop
  endfacet
  facet normal 0.911936 0.301391 -0.278452
    outer loop
      vertex 97.960540 58.391323 7.396741
      vertex 97.627436 59.399215 7.396741
      vertex 97.874863 59.236721 8.031188
    endloop
  endfacet
  facet normal 0.911936 0.301391 -0.278452
    outer loop
      vertex 97.960540 58.391323 7.396741
      vertex 97.874863 59.236721 8.031188
      vertex 98.229840 58.162647 8.031188
    endloop
  endfacet
  facet normal -0.902428 -0.298248 0.310921
    outer loop
      vertex 96.288823 60.278335 7.015492
      vertex 96.503592 59.628495 7.015492
      vertex 96.772593 59.400072 7.577138
    endloop
  endfacet
  facet normal -0.902428 -0.298248 0.310921
    outer loop
      vertex 96.288823 60.278335 7.015492
      vertex 96.772593 59.400072 7.577138
      vertex 96.535976 60.116020 7.577138
    endloop
  endfacet
  facet normal 0.913336 0.295084 -0.280613
    outer loop
      vertex 97.627436 59.399215 7.396741
      vertex 97.281662 60.469446 7.396741
      vertex 97.506384 60.377226 8.031188
    endloop
  endfacet
  facet normal 0.913336 0.295084 -0.280613
    outer loop
      vertex 97.627436 59.399215 7.396741
      vertex 97.506384 60.377226 8.031188
      vertex 97.874863 59.236721 8.031188
    endloop
  endfacet
  facet normal -0.903667 -0.291960 0.313283
    outer loop
      vertex 96.065885 60.968367 7.015492
      vertex 96.288823 60.278335 7.015492
      vertex 96.535976 60.116020 7.577138
    endloop
  endfacet
  facet normal -0.903667 -0.291960 0.313283
    outer loop
      vertex 96.065885 60.968367 7.015492
      vertex 96.535976 60.116020 7.577138
      vertex 96.290358 60.876249 7.577138
    endloop
  endfacet
  facet normal 0.912041 0.300182 -0.279413
    outer loop
      vertex 97.281662 60.469446 7.396741
      vertex 96.903228 61.619241 7.396741
      vertex 97.103101 61.602521 8.031188
    endloop
  endfacet
  facet normal 0.912041 0.300182 -0.279413
    outer loop
      vertex 97.281662 60.469446 7.396741
      vertex 97.103101 61.602521 8.031188
      vertex 97.506384 60.377226 8.031188
    endloop
  endfacet
  facet normal -0.902467 -0.297031 0.311972
    outer loop
      vertex 95.821889 61.709699 7.015492
      vertex 96.065885 60.968367 7.015492
      vertex 96.290358 60.876249 7.577138
    endloop
  endfacet
  facet normal -0.902467 -0.297031 0.311972
    outer loop
      vertex 95.821889 61.709699 7.015492
      vertex 96.290358 60.876249 7.577138
      vertex 96.021540 61.692997 7.577138
    endloop
  endfacet
  facet normal 0.901300 0.334614 -0.275122
    outer loop
      vertex 96.903228 61.619241 7.396741
      vertex 96.452176 62.834174 7.396741
      vertex 96.622431 62.897231 8.031188
    endloop
  endfacet
  facet normal 0.901300 0.334614 -0.275122
    outer loop
      vertex 96.903228 61.619241 7.396741
      vertex 96.622431 62.897231 8.031188
      vertex 97.103101 61.602521 8.031188
    endloop
  endfacet
  facet normal -0.892122 -0.331206 0.307278
    outer loop
      vertex 95.531073 62.493028 7.015492
      vertex 95.821889 61.709699 7.015492
      vertex 96.021540 61.692997 7.577138
    endloop
  endfacet
  facet normal -0.892122 -0.331206 0.307278
    outer loop
      vertex 95.531073 62.493028 7.015492
      vertex 96.021540 61.692997 7.577138
      vertex 95.701139 62.556015 7.577138
    endloop
  endfacet
  facet normal 0.877827 0.392465 -0.274573
    outer loop
      vertex 96.452176 62.834174 7.396741
      vertex 95.919807 64.024925 7.396741
      vertex 96.055105 64.166171 8.031188
    endloop
  endfacet
  facet normal 0.877827 0.392465 -0.274573
    outer loop
      vertex 96.452176 62.834174 7.396741
      vertex 96.055105 64.166171 8.031188
      vertex 96.622431 62.897231 8.031188
    endloop
  endfacet
  facet normal -0.868924 -0.388484 0.306677
    outer loop
      vertex 95.187827 63.260766 7.015492
      vertex 95.531073 62.493028 7.015492
      vertex 95.701139 62.556015 7.577138
    endloop
  endfacet
  facet normal -0.868924 -0.388484 0.306677
    outer loop
      vertex 95.187827 63.260766 7.015492
      vertex 95.701139 62.556015 7.577138
      vertex 95.322975 63.401855 7.577138
    endloop
  endfacet
  facet normal 0.858808 0.429776 -0.278823
    outer loop
      vertex 95.919807 64.024925 7.396741
      vertex 95.371511 65.120569 7.396741
      vertex 95.470805 65.333758 8.031188
    endloop
  endfacet
  facet normal 0.858808 0.429776 -0.278823
    outer loop
      vertex 95.919807 64.024925 7.396741
      vertex 95.470805 65.333758 8.031188
      vertex 96.055105 64.166171 8.031188
    endloop
  endfacet
  facet normal -0.849830 -0.425283 0.311327
    outer loop
      vertex 94.834313 63.967183 7.015492
      vertex 95.187827 63.260766 7.015492
      vertex 95.322975 63.401855 7.577138
    endloop
  endfacet
  facet normal -0.849830 -0.425283 0.311327
    outer loop
      vertex 94.834313 63.967183 7.015492
      vertex 95.322975 63.401855 7.577138
      vertex 94.933497 64.180136 7.577138
    endloop
  endfacet
  facet normal 0.854403 0.437294 -0.280660
    outer loop
      vertex 95.371511 65.120569 7.396741
      vertex 94.853695 66.132298 7.396741
      vertex 94.918988 66.411922 8.031188
    endloop
  endfacet
  facet normal 0.854403 0.437294 -0.280660
    outer loop
      vertex 95.371511 65.120569 7.396741
      vertex 94.918988 66.411922 8.031188
      vertex 95.470805 65.333758 8.031188
    endloop
  endfacet
  facet normal -0.845355 -0.432663 0.313335
    outer loop
      vertex 94.500451 64.619497 7.015492
      vertex 94.834313 63.967183 7.015492
      vertex 94.933497 64.180136 7.577138
    endloop
  endfacet
  facet normal -0.845355 -0.432663 0.313335
    outer loop
      vertex 94.500451 64.619497 7.015492
      vertex 94.933497 64.180136 7.577138
      vertex 94.565671 64.898810 7.577138
    endloop
  endfacet
  facet normal 0.857365 0.432599 -0.278896
    outer loop
      vertex 94.853695 66.132298 7.396741
      vertex 94.371700 67.087563 7.396741
      vertex 94.405343 67.429912 8.031188
    endloop
  endfacet
  facet normal 0.857365 0.432599 -0.278896
    outer loop
      vertex 94.853695 66.132298 7.396741
      vertex 94.405343 67.429912 8.031188
      vertex 94.918988 66.411922 8.031188
    endloop
  endfacet
  facet normal -0.848398 -0.428074 0.311406
    outer loop
      vertex 94.189684 65.235404 7.015492
      vertex 94.500451 64.619497 7.015492
      vertex 94.565671 64.898810 7.577138
    endloop
  endfacet
  facet normal -0.848398 -0.428074 0.311406
    outer loop
      vertex 94.189684 65.235404 7.015492
      vertex 94.565671 64.898810 7.577138
      vertex 94.223290 65.577374 7.577138
    endloop
  endfacet
  facet normal -0.720824 0.625235 -0.299155
    outer loop
      vertex 94.371700 67.087563 7.396741
      vertex 93.727067 66.344375 7.396741
      vertex 93.718381 66.637924 8.031188
    endloop
  endfacet
  facet normal -0.720824 0.625235 -0.299155
    outer loop
      vertex 94.371700 67.087563 7.396741
      vertex 93.718381 66.637924 8.031188
      vertex 94.405343 67.429912 8.031188
    endloop
  endfacet
  facet normal 0.712170 -0.617729 0.333504
    outer loop
      vertex 93.774056 64.756233 7.015492
      vertex 94.189684 65.235404 7.015492
      vertex 94.223290 65.577374 7.577138
    endloop
  endfacet
  facet normal 0.712170 -0.617729 0.333504
    outer loop
      vertex 93.774056 64.756233 7.015492
      vertex 94.223290 65.577374 7.577138
      vertex 93.765380 65.049457 7.577138
    endloop
  endfacet
  facet normal -0.718619 0.627322 -0.300090
    outer loop
      vertex 93.727067 66.344375 7.396741
      vertex 93.044029 65.561932 7.396741
      vertex 92.990493 65.804103 8.031188
    endloop
  endfacet
  facet normal -0.718619 0.627322 -0.300090
    outer loop
      vertex 93.727067 66.344375 7.396741
      vertex 92.990493 65.804103 8.031188
      vertex 93.718381 66.637924 8.031188
    endloop
  endfacet
  facet normal 0.709938 -0.619744 0.334522
    outer loop
      vertex 93.333667 64.251752 7.015492
      vertex 93.774056 64.756233 7.015492
      vertex 93.765380 65.049457 7.577138
    endloop
  endfacet
  facet normal 0.709938 -0.619744 0.334522
    outer loop
      vertex 93.333667 64.251752 7.015492
      vertex 93.765380 65.049457 7.577138
      vertex 93.280190 64.493655 7.577138
    endloop
  endfacet
  facet normal -0.724938 0.620929 -0.298183
    outer loop
      vertex 93.044029 65.561932 7.396741
      vertex 92.323720 64.720967 7.396741
      vertex 92.222886 64.907918 8.031188
    endloop
  endfacet
  facet normal -0.724938 0.620929 -0.298183
    outer loop
      vertex 93.044029 65.561932 7.396741
      vertex 92.222886 64.907918 8.031188
      vertex 92.990493 65.804103 8.031188
    endloop
  endfacet
  facet normal 0.716290 -0.613521 0.332447
    outer loop
      vertex 92.869247 63.709540 7.015492
      vertex 93.333667 64.251752 7.015492
      vertex 93.280190 64.493655 7.577138
    endloop
  endfacet
  facet normal 0.716290 -0.613521 0.332447
    outer loop
      vertex 92.869247 63.709540 7.015492
      vertex 93.280190 64.493655 7.577138
      vertex 92.768525 63.896283 7.577138
    endloop
  endfacet
  facet normal -0.746958 0.596149 -0.294381
    outer loop
      vertex 92.323720 64.720967 7.396741
      vertex 91.593408 63.805907 7.396741
      vertex 91.444619 63.932771 8.031188
    endloop
  endfacet
  facet normal -0.746958 0.596149 -0.294381
    outer loop
      vertex 92.323720 64.720967 7.396741
      vertex 91.444619 63.932771 8.031188
      vertex 92.222886 64.907918 8.031188
    endloop
  endfacet
  facet normal 0.738269 -0.589214 0.328306
    outer loop
      vertex 92.398378 63.119553 7.015492
      vertex 92.869247 63.709540 7.015492
      vertex 92.768525 63.896283 7.577138
    endloop
  endfacet
  facet normal 0.738269 -0.589214 0.328306
    outer loop
      vertex 92.398378 63.119553 7.015492
      vertex 92.768525 63.896283 7.577138
      vertex 92.249753 63.246277 7.577138
    endloop
  endfacet
  facet normal -0.779039 0.554043 -0.293485
    outer loop
      vertex 91.593408 63.805907 7.396741
      vertex 90.907878 62.841984 7.396741
      vertex 90.714075 62.905553 8.031188
    endloop
  endfacet
  facet normal -0.779039 0.554043 -0.293485
    outer loop
      vertex 91.593408 63.805907 7.396741
      vertex 90.714075 62.905553 8.031188
      vertex 91.444619 63.932771 8.031188
    endloop
  endfacet
  facet normal 0.770032 -0.547637 0.327330
    outer loop
      vertex 91.956381 62.498063 7.015492
      vertex 92.398378 63.119553 7.015492
      vertex 92.249753 63.246277 7.577138
    endloop
  endfacet
  facet normal 0.770032 -0.547637 0.327330
    outer loop
      vertex 91.956381 62.498063 7.015492
      vertex 92.249753 63.246277 7.577138
      vertex 91.762793 62.561562 7.577138
    endloop
  endfacet
  facet normal -0.801772 0.518673 -0.296885
    outer loop
      vertex 90.907878 62.841984 7.396741
      vertex 90.293360 61.892053 7.396741
      vertex 90.059205 61.893247 8.031188
    endloop
  endfacet
  facet normal -0.801772 0.518673 -0.296885
    outer loop
      vertex 90.907878 62.841984 7.396741
      vertex 90.059205 61.893247 8.031188
      vertex 90.714075 62.905553 8.031188
    endloop
  endfacet
  facet normal 0.792289 -0.512538 0.331034
    outer loop
      vertex 91.560170 61.885595 7.015492
      vertex 91.956381 62.498063 7.015492
      vertex 91.762793 62.561562 7.577138
    endloop
  endfacet
  facet normal 0.792289 -0.512538 0.331034
    outer loop
      vertex 91.560170 61.885595 7.015492
      vertex 91.762793 62.561562 7.577138
      vertex 91.326275 61.886787 7.577138
    endloop
  endfacet
  facet normal -0.809583 0.504708 -0.299742
    outer loop
      vertex 90.293360 61.892053 7.396741
      vertex 89.732227 60.991961 7.396741
      vertex 89.461226 60.934052 8.031188
    endloop
  endfacet
  facet normal -0.809583 0.504708 -0.299742
    outer loop
      vertex 90.293360 61.892053 7.396741
      vertex 89.461226 60.934052 8.031188
      vertex 90.059205 61.893247 8.031188
    endloop
  endfacet
  facet normal 0.799826 -0.498626 0.334143
    outer loop
      vertex 91.198379 61.305259 7.015492
      vertex 91.560170 61.885595 7.015492
      vertex 91.326275 61.886787 7.577138
    endloop
  endfacet
  facet normal 0.799826 -0.498626 0.334143
    outer loop
      vertex 91.198379 61.305259 7.015492
      vertex 91.326275 61.886787 7.577138
      vertex 90.927678 61.247414 7.577138
    endloop
  endfacet
  facet normal -0.809479 0.504913 -0.299679
    outer loop
      vertex 89.732227 60.991961 7.396741
      vertex 89.202607 60.142873 7.396741
      vertex 88.896830 60.029209 8.031188
    endloop
  endfacet
  facet normal -0.809479 0.504913 -0.299679
    outer loop
      vertex 89.732227 60.991961 7.396741
      vertex 88.896830 60.029209 8.031188
      vertex 89.461226 60.934052 8.031188
    endloop
  endfacet
  facet normal 0.799727 -0.498830 0.334074
    outer loop
      vertex 90.856906 60.757809 7.015492
      vertex 91.198379 61.305259 7.015492
      vertex 90.927678 61.247414 7.577138
    endloop
  endfacet
  facet normal 0.799727 -0.498830 0.334074
    outer loop
      vertex 90.856906 60.757809 7.015492
      vertex 90.927678 61.247414 7.577138
      vertex 90.551468 60.644271 7.577138
    endloop
  endfacet
  facet normal -0.256496 -0.892191 -0.371759
    outer loop
      vertex 88.896830 60.029209 8.031188
      vertex 89.954074 59.725262 8.031188
      vertex 89.638169 59.551456 8.666266
    endloop
  endfacet
  facet normal -0.256496 -0.892191 -0.371759
    outer loop
      vertex 88.896830 60.029209 8.031188
      vertex 89.638169 59.551456 8.666266
      vertex 88.495402 59.879991 8.666266
    endloop
  endfacet
  facet normal 0.251670 0.875404 0.412711
    outer loop
      vertex 91.256197 60.441668 7.577138
      vertex 90.551468 60.644271 7.577138
      vertex 90.149658 60.494910 8.138971
    endloop
  endfacet
  facet normal 0.251670 0.875404 0.412711
    outer loop
      vertex 91.256197 60.441668 7.577138
      vertex 90.149658 60.494910 8.138971
      vertex 90.939992 60.267697 8.138971
    endloop
  endfacet
  facet normal -0.257634 -0.891685 -0.372187
    outer loop
      vertex 89.954074 59.725262 8.031188
      vertex 91.077161 59.400769 8.031188
      vertex 90.852105 59.200715 8.666266
    endloop
  endfacet
  facet normal -0.257634 -0.891685 -0.372187
    outer loop
      vertex 89.954074 59.725262 8.031188
      vertex 90.852105 59.200715 8.666266
      vertex 89.638169 59.551456 8.666266
    endloop
  endfacet
  facet normal 0.252775 0.874870 0.413167
    outer loop
      vertex 92.004816 60.225370 7.577138
      vertex 91.256197 60.441668 7.577138
      vertex 90.939992 60.267697 8.138971
    endloop
  endfacet
  facet normal 0.252775 0.874870 0.413167
    outer loop
      vertex 92.004816 60.225370 7.577138
      vertex 90.939992 60.267697 8.138971
      vertex 91.779546 60.025125 8.138971
    endloop
  endfacet
  facet normal -0.242866 -0.897257 -0.368709
    outer loop
      vertex 91.077161 59.400769 8.031188
      vertex 92.285921 59.073586 8.031188
      vertex 92.158644 58.847065 8.666266
    endloop
  endfacet
  facet normal -0.242866 -0.897257 -0.368709
    outer loop
      vertex 91.077161 59.400769 8.031188
      vertex 92.158644 58.847065 8.666266
      vertex 90.852105 59.200715 8.666266
    endloop
  endfacet
  facet normal 0.238369 0.880643 0.409449
    outer loop
      vertex 92.810542 60.007279 7.577138
      vertex 92.004816 60.225370 7.577138
      vertex 91.779546 60.025125 8.138971
    endloop
  endfacet
  facet normal 0.238369 0.880643 0.409449
    outer loop
      vertex 92.810542 60.007279 7.577138
      vertex 91.779546 60.025125 8.138971
      vertex 92.683144 59.780542 8.138971
    endloop
  endfacet
  facet normal -0.200383 -0.909381 -0.364519
    outer loop
      vertex 92.285921 59.073586 8.031188
      vertex 93.566392 58.791433 8.031188
      vertex 93.542695 58.542089 8.666266
    endloop
  endfacet
  facet normal -0.200383 -0.909381 -0.364519
    outer loop
      vertex 92.285921 59.073586 8.031188
      vertex 93.542695 58.542089 8.666266
      vertex 92.158644 58.847065 8.666266
    endloop
  endfacet
  facet normal 0.196754 0.892912 0.404964
    outer loop
      vertex 93.664068 59.819204 7.577138
      vertex 92.810542 60.007279 7.577138
      vertex 92.683144 59.780542 8.138971
    endloop
  endfacet
  facet normal 0.196754 0.892912 0.404964
    outer loop
      vertex 93.664068 59.819204 7.577138
      vertex 92.683144 59.780542 8.138971
      vertex 93.640349 59.569622 8.138971
    endloop
  endfacet
  facet normal -0.147311 -0.918789 -0.366232
    outer loop
      vertex 93.566392 58.791433 8.031188
      vertex 94.839737 58.587276 8.031188
      vertex 94.919043 58.321416 8.666266
    endloop
  endfacet
  facet normal -0.147311 -0.918789 -0.366232
    outer loop
      vertex 93.566392 58.791433 8.031188
      vertex 94.919043 58.321416 8.666266
      vertex 93.542695 58.542089 8.666266
    endloop
  endfacet
  facet normal 0.144619 0.901998 0.406799
    outer loop
      vertex 94.512844 59.683118 7.577138
      vertex 93.664068 59.819204 7.577138
      vertex 93.640349 59.569622 8.138971
    endloop
  endfacet
  facet normal 0.144619 0.901998 0.406799
    outer loop
      vertex 94.512844 59.683118 7.577138
      vertex 93.640349 59.569622 8.138971
      vertex 94.592226 59.417005 8.138971
    endloop
  endfacet
  facet normal -0.117428 -0.921191 -0.370969
    outer loop
      vertex 94.839737 58.587276 8.031188
      vertex 96.040875 58.434162 8.031188
      vertex 96.217344 58.155916 8.666266
    endloop
  endfacet
  facet normal -0.117428 -0.921191 -0.370969
    outer loop
      vertex 94.839737 58.587276 8.031188
      vertex 96.217344 58.155916 8.666266
      vertex 94.919043 58.321416 8.666266
    endloop
  endfacet
  facet normal 0.115228 0.903930 0.411866
    outer loop
      vertex 95.313490 59.581057 7.577138
      vertex 94.512844 59.683118 7.577138
      vertex 94.592226 59.417005 8.138971
    endloop
  endfacet
  facet normal 0.115228 0.903930 0.411866
    outer loop
      vertex 95.313490 59.581057 7.577138
      vertex 94.592226 59.417005 8.138971
      vertex 95.490127 59.302546 8.138971
    endloop
  endfacet
  facet normal -0.111912 -0.921249 -0.372527
    outer loop
      vertex 96.040875 58.434162 8.031188
      vertex 97.165369 58.297560 8.031188
      vertex 97.432801 58.008264 8.666266
    endloop
  endfacet
  facet normal -0.111912 -0.921249 -0.372527
    outer loop
      vertex 96.040875 58.434162 8.031188
      vertex 97.432801 58.008264 8.666266
      vertex 96.217344 58.155916 8.666266
    endloop
  endfacet
  facet normal 0.109798 0.903845 0.413532
    outer loop
      vertex 96.063046 59.490001 7.577138
      vertex 95.313490 59.581057 7.577138
      vertex 95.490127 59.302546 8.138971
    endloop
  endfacet
  facet normal 0.109798 0.903845 0.413532
    outer loop
      vertex 96.063046 59.490001 7.577138
      vertex 95.490127 59.302546 8.138971
      vertex 96.330733 59.200431 8.138971
    endloop
  endfacet
  facet normal -0.116784 -0.921437 -0.370561
    outer loop
      vertex 97.165369 58.297560 8.031188
      vertex 98.229840 58.162647 8.031188
      vertex 98.583379 57.862438 8.666266
    endloop
  endfacet
  facet normal -0.116784 -0.921437 -0.370561
    outer loop
      vertex 97.165369 58.297560 8.031188
      vertex 98.583379 57.862438 8.666266
      vertex 97.432801 58.008264 8.666266
    endloop
  endfacet
  facet normal 0.114601 0.904208 0.411430
    outer loop
      vertex 96.772593 59.400072 7.577138
      vertex 96.063046 59.490001 7.577138
      vertex 96.330733 59.200431 8.138971
    endloop
  endfacet
  facet normal 0.114601 0.904208 0.411430
    outer loop
      vertex 96.772593 59.400072 7.577138
      vertex 96.330733 59.200431 8.138971
      vertex 97.126469 59.099578 8.138971
    endloop
  endfacet
  facet normal 0.887499 0.293314 -0.355405
    outer loop
      vertex 98.229840 58.162647 8.031188
      vertex 97.874863 59.236721 8.031188
      vertex 98.199687 59.023396 8.666266
    endloop
  endfacet
  facet normal 0.887499 0.293314 -0.355405
    outer loop
      vertex 98.229840 58.162647 8.031188
      vertex 98.199687 59.023396 8.666266
      vertex 98.583379 57.862438 8.666266
    endloop
  endfacet
  facet normal -0.872200 -0.288258 0.395189
    outer loop
      vertex 96.535976 60.116020 7.577138
      vertex 96.772593 59.400072 7.577138
      vertex 97.126469 59.099578 8.138971
    endloop
  endfacet
  facet normal -0.872200 -0.288258 0.395189
    outer loop
      vertex 96.535976 60.116020 7.577138
      vertex 97.126469 59.099578 8.138971
      vertex 96.861109 59.902492 8.138971
    endloop
  endfacet
  facet normal 0.888494 0.287058 -0.358016
    outer loop
      vertex 97.874863 59.236721 8.031188
      vertex 97.506384 60.377226 8.031188
      vertex 97.801401 60.256159 8.666266
    endloop
  endfacet
  facet normal 0.888494 0.287058 -0.358016
    outer loop
      vertex 97.874863 59.236721 8.031188
      vertex 97.801401 60.256159 8.666266
      vertex 98.199687 59.023396 8.666266
    endloop
  endfacet
  facet normal -0.872959 -0.282039 0.397992
    outer loop
      vertex 96.290358 60.876249 7.577138
      vertex 96.535976 60.116020 7.577138
      vertex 96.861109 59.902492 8.138971
    endloop
  endfacet
  facet normal -0.872959 -0.282039 0.397992
    outer loop
      vertex 96.290358 60.876249 7.577138
      vertex 96.861109 59.902492 8.138971
      vertex 96.585656 60.755067 8.138971
    endloop
  endfacet
  facet normal 0.887438 0.292084 -0.356567
    outer loop
      vertex 97.506384 60.377226 8.031188
      vertex 97.103101 61.602521 8.031188
      vertex 97.365495 61.580571 8.666266
    endloop
  endfacet
  facet normal 0.887438 0.292084 -0.356567
    outer loop
      vertex 97.506384 60.377226 8.031188
      vertex 97.365495 61.580571 8.666266
      vertex 97.801401 60.256159 8.666266
    endloop
  endfacet
  facet normal -0.872043 -0.287017 0.396437
    outer loop
      vertex 96.021540 61.692997 7.577138
      vertex 96.290358 60.876249 7.577138
      vertex 96.585656 60.755067 8.138971
    endloop
  endfacet
  facet normal -0.872043 -0.287017 0.396437
    outer loop
      vertex 96.021540 61.692997 7.577138
      vertex 96.585656 60.755067 8.138971
      vertex 96.284185 61.671026 8.138971
    endloop
  endfacet
  facet normal 0.877699 0.325852 -0.351376
    outer loop
      vertex 97.103101 61.602521 8.031188
      vertex 96.622431 62.897231 8.031188
      vertex 96.845943 62.980012 8.666266
    endloop
  endfacet
  facet normal 0.877699 0.325852 -0.351376
    outer loop
      vertex 97.103101 61.602521 8.031188
      vertex 96.845943 62.980012 8.666266
      vertex 97.365495 61.580571 8.666266
    endloop
  endfacet
  facet normal -0.862902 -0.320358 0.390860
    outer loop
      vertex 95.701139 62.556015 7.577138
      vertex 96.021540 61.692997 7.577138
      vertex 96.284185 61.671026 8.138971
    endloop
  endfacet
  facet normal -0.862902 -0.320358 0.390860
    outer loop
      vertex 95.701139 62.556015 7.577138
      vertex 96.284185 61.671026 8.138971
      vertex 95.924864 62.638875 8.138971
    endloop
  endfacet
  facet normal 0.854929 0.382227 -0.350711
    outer loop
      vertex 96.622431 62.897231 8.031188
      vertex 96.055105 64.166171 8.031188
      vertex 96.232725 64.351600 8.666266
    endloop
  endfacet
  facet normal 0.854929 0.382227 -0.350711
    outer loop
      vertex 96.622431 62.897231 8.031188
      vertex 96.232725 64.351600 8.666266
      vertex 96.845943 62.980012 8.666266
    endloop
  endfacet
  facet normal -0.840569 -0.375807 0.390144
    outer loop
      vertex 95.322975 63.401855 7.577138
      vertex 95.701139 62.556015 7.577138
      vertex 95.924864 62.638875 8.138971
    endloop
  endfacet
  facet normal -0.840569 -0.375807 0.390144
    outer loop
      vertex 95.322975 63.401855 7.577138
      vertex 95.924864 62.638875 8.138971
      vertex 95.500764 63.587460 8.138971
    endloop
  endfacet
  facet normal 0.835735 0.418229 -0.355854
    outer loop
      vertex 96.055105 64.166171 8.031188
      vertex 95.470805 65.333758 8.031188
      vertex 95.601160 65.613636 8.666266
    endloop
  endfacet
  facet normal 0.835735 0.418229 -0.355854
    outer loop
      vertex 96.055105 64.166171 8.031188
      vertex 95.601160 65.613636 8.666266
      vertex 96.232725 64.351600 8.666266
    endloop
  endfacet
  facet normal -0.821293 -0.411002 0.395671
    outer loop
      vertex 94.933497 64.180136 7.577138
      vertex 95.322975 63.401855 7.577138
      vertex 95.500764 63.587460 8.138971
    endloop
  endfacet
  facet normal -0.821293 -0.411002 0.395671
    outer loop
      vertex 94.933497 64.180136 7.577138
      vertex 95.500764 63.587460 8.138971
      vertex 95.063976 64.460280 8.138971
    endloop
  endfacet
  facet normal 0.831157 0.425396 -0.358073
    outer loop
      vertex 95.470805 65.333758 8.031188
      vertex 94.918988 66.411922 8.031188
      vertex 95.004705 66.779014 8.666266
    endloop
  endfacet
  facet normal 0.831157 0.425396 -0.358073
    outer loop
      vertex 95.470805 65.333758 8.031188
      vertex 95.004705 66.779014 8.666266
      vertex 95.601160 65.613636 8.666266
    endloop
  endfacet
  facet normal -0.816619 -0.417956 0.398053
    outer loop
      vertex 94.565671 64.898810 7.577138
      vertex 94.933497 64.180136 7.577138
      vertex 95.063976 64.460280 8.138971
    endloop
  endfacet
  facet normal -0.816619 -0.417956 0.398053
    outer loop
      vertex 94.565671 64.898810 7.577138
      vertex 95.063976 64.460280 8.138971
      vertex 94.651470 65.266252 8.138971
    endloop
  endfacet
  facet normal 0.834320 0.420971 -0.355941
    outer loop
      vertex 94.918988 66.411922 8.031188
      vertex 94.405343 67.429912 8.031188
      vertex 94.449511 67.879352 8.666266
    endloop
  endfacet
  facet normal 0.834320 0.420971 -0.355941
    outer loop
      vertex 94.918988 66.411922 8.031188
      vertex 94.449511 67.879352 8.666266
      vertex 95.004705 66.779014 8.666266
    endloop
  endfacet
  facet normal -0.819895 -0.413693 0.395765
    outer loop
      vertex 94.223290 65.577374 7.577138
      vertex 94.565671 64.898810 7.577138
      vertex 94.651470 65.266252 8.138971
    endloop
  endfacet
  facet normal -0.819895 -0.413693 0.395765
    outer loop
      vertex 94.223290 65.577374 7.577138
      vertex 94.651470 65.266252 8.138971
      vertex 94.267499 66.027242 8.138971
    endloop
  endfacet
  facet normal -0.698665 0.606014 -0.380282
    outer loop
      vertex 94.405343 67.429912 8.031188
      vertex 93.718381 66.637924 8.031188
      vertex 93.706979 67.023298 8.666266
    endloop
  endfacet
  facet normal -0.698665 0.606014 -0.380282
    outer loop
      vertex 94.405343 67.429912 8.031188
      vertex 93.706979 67.023298 8.666266
      vertex 94.449511 67.879352 8.666266
    endloop
  endfacet
  facet normal 0.684927 -0.594098 0.421807
    outer loop
      vertex 93.765380 65.049457 7.577138
      vertex 94.223290 65.577374 7.577138
      vertex 94.267499 66.027242 8.138971
    endloop
  endfacet
  facet normal 0.684927 -0.594098 0.421807
    outer loop
      vertex 93.765380 65.049457 7.577138
      vertex 94.267499 66.027242 8.138971
      vertex 93.753967 65.435198 8.138971
    endloop
  endfacet
  facet normal -0.696395 0.607922 -0.381398
    outer loop
      vertex 93.718381 66.637924 8.031188
      vertex 92.990493 65.804103 8.031188
      vertex 92.920211 66.122028 8.666266
    endloop
  endfacet
  facet normal -0.696395 0.607922 -0.381398
    outer loop
      vertex 93.718381 66.637924 8.031188
      vertex 92.920211 66.122028 8.666266
      vertex 93.706979 67.023298 8.666266
    endloop
  endfacet
  facet normal 0.682624 -0.595900 0.422998
    outer loop
      vertex 93.280190 64.493655 7.577138
      vertex 93.765380 65.049457 7.577138
      vertex 93.753967 65.435198 8.138971
    endloop
  endfacet
  facet normal 0.682624 -0.595900 0.422998
    outer loop
      vertex 93.280190 64.493655 7.577138
      vertex 93.753967 65.435198 8.138971
      vertex 93.209840 64.811882 8.138971
    endloop
  endfacet
  facet normal -0.702790 0.601958 -0.379121
    outer loop
      vertex 92.990493 65.804103 8.031188
      vertex 92.222886 64.907918 8.031188
      vertex 92.090510 65.153348 8.666266
    endloop
  endfacet
  facet normal -0.702790 0.601958 -0.379121
    outer loop
      vertex 92.990493 65.804103 8.031188
      vertex 92.090510 65.153348 8.666266
      vertex 92.920211 66.122028 8.666266
    endloop
  endfacet
  facet normal 0.689053 -0.590193 0.420570
    outer loop
      vertex 92.768525 63.896283 7.577138
      vertex 93.280190 64.493655 7.577138
      vertex 93.209840 64.811882 8.138971
    endloop
  endfacet
  facet normal 0.689053 -0.590193 0.420570
    outer loop
      vertex 92.768525 63.896283 7.577138
      vertex 93.209840 64.811882 8.138971
      vertex 92.636023 64.141947 8.138971
    endloop
  endfacet
  facet normal -0.724690 0.578377 -0.374572
    outer loop
      vertex 92.222886 64.907918 8.031188
      vertex 91.444619 63.932771 8.031188
      vertex 91.249288 64.099320 8.666266
    endloop
  endfacet
  facet normal -0.724690 0.578377 -0.374572
    outer loop
      vertex 92.222886 64.907918 8.031188
      vertex 91.249288 64.099320 8.666266
      vertex 92.090510 65.153348 8.666266
    endloop
  endfacet
  facet normal 0.710854 -0.567334 0.415716
    outer loop
      vertex 92.249753 63.246277 7.577138
      vertex 92.768525 63.896283 7.577138
      vertex 92.636023 64.141947 8.138971
    endloop
  endfacet
  facet normal 0.710854 -0.567334 0.415716
    outer loop
      vertex 92.249753 63.246277 7.577138
      vertex 92.636023 64.141947 8.138971
      vertex 92.054236 63.412984 8.138971
    endloop
  endfacet
  facet normal -0.755950 0.537622 -0.373499
    outer loop
      vertex 91.444619 63.932771 8.031188
      vertex 90.714075 62.905553 8.031188
      vertex 90.459648 62.989008 8.666266
    endloop
  endfacet
  facet normal -0.755950 0.537622 -0.373499
    outer loop
      vertex 91.444619 63.932771 8.031188
      vertex 90.459648 62.989008 8.666266
      vertex 91.249288 64.099320 8.666266
    endloop
  endfacet
  facet normal 0.741597 -0.527415 0.414570
    outer loop
      vertex 91.762793 62.561562 7.577138
      vertex 92.249753 63.246277 7.577138
      vertex 92.054236 63.412984 8.138971
    endloop
  endfacet
  facet normal 0.741597 -0.527415 0.414570
    outer loop
      vertex 91.762793 62.561562 7.577138
      vertex 92.054236 63.412984 8.138971
      vertex 91.508124 62.645097 8.138971
    endloop
  endfacet
  facet normal -0.777480 0.502958 -0.377569
    outer loop
      vertex 90.714075 62.905553 8.031188
      vertex 90.059205 61.893247 8.031188
      vertex 89.751805 61.894815 8.666266
    endloop
  endfacet
  facet normal -0.777480 0.502958 -0.377569
    outer loop
      vertex 90.714075 62.905553 8.031188
      vertex 89.751805 61.894815 8.666266
      vertex 90.459648 62.989008 8.666266
    endloop
  endfacet
  facet normal 0.762403 -0.493205 0.418915
    outer loop
      vertex 91.326275 61.886787 7.577138
      vertex 91.762793 62.561562 7.577138
      vertex 91.508124 62.645097 8.138971
    endloop
  endfacet
  facet normal 0.762403 -0.493205 0.418915
    outer loop
      vertex 91.326275 61.886787 7.577138
      vertex 91.508124 62.645097 8.138971
      vertex 91.018581 61.888356 8.138971
    endloop
  endfacet
  facet normal -0.784602 0.489135 -0.380982
    outer loop
      vertex 90.059205 61.893247 8.031188
      vertex 89.461226 60.934052 8.031188
      vertex 89.105453 60.858028 8.666266
    endloop
  endfacet
  facet normal -0.784602 0.489135 -0.380982
    outer loop
      vertex 90.059205 61.893247 8.031188
      vertex 89.105453 60.858028 8.666266
      vertex 89.751805 61.894815 8.666266
    endloop
  endfacet
  facet normal 0.769119 -0.479483 0.422554
    outer loop
      vertex 90.927678 61.247414 7.577138
      vertex 91.326275 61.886787 7.577138
      vertex 91.018581 61.888356 8.138971
    endloop
  endfacet
  facet normal 0.769119 -0.479483 0.422554
    outer loop
      vertex 90.927678 61.247414 7.577138
      vertex 91.018581 61.888356 8.138971
      vertex 90.571567 61.171318 8.138971
    endloop
  endfacet
  facet normal -0.784511 0.489339 -0.380907
    outer loop
      vertex 89.461226 60.934052 8.031188
      vertex 88.896830 60.029209 8.031188
      vertex 88.495402 59.879991 8.666266
    endloop
  endfacet
  facet normal -0.784511 0.489339 -0.380907
    outer loop
      vertex 89.461226 60.934052 8.031188
      vertex 88.495402 59.879991 8.666266
      vertex 89.105453 60.858028 8.666266
    endloop
  endfacet
  facet normal 0.769036 -0.479686 0.422474
    outer loop
      vertex 90.551468 60.644271 7.577138
      vertex 90.927678 61.247414 7.577138
      vertex 90.571567 61.171318 8.138971
    endloop
  endfacet
  facet normal 0.769036 -0.479686 0.422474
    outer loop
      vertex 90.551468 60.644271 7.577138
      vertex 90.571567 61.171318 8.138971
      vertex 90.149658 60.494910 8.138971
    endloop
  endfacet
  facet normal -0.247603 -0.861255 -0.443771
    outer loop
      vertex 88.495402 59.879991 8.666266
      vertex 89.638169 59.551456 8.666266
      vertex 89.248497 59.337065 9.299767
    endloop
  endfacet
  facet normal -0.247603 -0.861255 -0.443771
    outer loop
      vertex 88.495402 59.879991 8.666266
      vertex 89.248497 59.337065 9.299767
      vertex 88.000237 59.695928 9.299767
    endloop
  endfacet
  facet normal 0.241218 0.839048 0.487660
    outer loop
      vertex 90.939992 60.267697 8.138971
      vertex 90.149658 60.494910 8.138971
      vertex 89.654718 60.310931 8.700337
    endloop
  endfacet
  facet normal 0.241218 0.839048 0.487660
    outer loop
      vertex 90.939992 60.267697 8.138971
      vertex 89.654718 60.310931 8.700337
      vertex 90.550497 60.053403 8.700337
    endloop
  endfacet
  facet normal -0.248681 -0.860699 -0.444246
    outer loop
      vertex 89.638169 59.551456 8.666266
      vertex 90.852105 59.200715 8.666266
      vertex 90.574496 58.953945 9.299767
    endloop
  endfacet
  facet normal -0.248681 -0.860699 -0.444246
    outer loop
      vertex 89.638169 59.551456 8.666266
      vertex 90.574496 58.953945 9.299767
      vertex 89.248497 59.337065 9.299767
    endloop
  endfacet
  facet normal 0.242256 0.838460 0.488156
    outer loop
      vertex 91.779546 60.025125 8.138971
      vertex 90.939992 60.267697 8.138971
      vertex 90.550497 60.053403 8.700337
    endloop
  endfacet
  facet normal 0.242256 0.838460 0.488156
    outer loop
      vertex 91.779546 60.025125 8.138971
      vertex 90.550497 60.053403 8.700337
      vertex 91.502063 59.778468 8.700337
    endloop
  endfacet
  facet normal -0.234576 -0.866628 -0.440375
    outer loop
      vertex 90.852105 59.200715 8.666266
      vertex 92.158644 58.847065 8.666266
      vertex 92.001647 58.567649 9.299767
    endloop
  endfacet
  facet normal -0.234576 -0.866628 -0.440375
    outer loop
      vertex 90.852105 59.200715 8.666266
      vertex 92.001647 58.567649 9.299767
      vertex 90.574496 58.953945 9.299767
    endloop
  endfacet
  facet normal 0.228616 0.844610 0.484116
    outer loop
      vertex 92.683144 59.780542 8.138971
      vertex 91.779546 60.025125 8.138971
      vertex 91.502063 59.778468 8.700337
    endloop
  endfacet
  facet normal 0.228616 0.844610 0.484116
    outer loop
      vertex 92.683144 59.780542 8.138971
      vertex 91.502063 59.778468 8.700337
      vertex 92.526218 59.501253 8.700337
    endloop
  endfacet
  facet normal -0.193689 -0.879005 -0.435701
    outer loop
      vertex 92.158644 58.847065 8.666266
      vertex 93.542695 58.542089 8.666266
      vertex 93.513464 58.234519 9.299767
    endloop
  endfacet
  facet normal -0.193689 -0.879005 -0.435701
    outer loop
      vertex 92.158644 58.847065 8.666266
      vertex 93.513464 58.234519 9.299767
      vertex 92.001647 58.567649 9.299767
    endloop
  endfacet
  facet normal 0.188868 0.857126 0.479232
    outer loop
      vertex 93.640349 59.569622 8.138971
      vertex 92.683144 59.780542 8.138971
      vertex 92.526218 59.501253 8.700337
    endloop
  endfacet
  facet normal 0.188868 0.857126 0.479232
    outer loop
      vertex 93.640349 59.569622 8.138971
      vertex 92.526218 59.501253 8.700337
      vertex 93.611131 59.262192 8.700337
    endloop
  endfacet
  facet normal -0.142347 -0.887824 -0.437614
    outer loop
      vertex 93.542695 58.542089 8.666266
      vertex 94.919043 58.321416 8.666266
      vertex 95.016868 57.993475 9.299767
    endloop
  endfacet
  facet normal -0.142347 -0.887824 -0.437614
    outer loop
      vertex 93.542695 58.542089 8.666266
      vertex 95.016868 57.993475 9.299767
      vertex 93.513464 58.234519 9.299767
    endloop
  endfacet
  facet normal 0.138774 0.865539 0.481232
    outer loop
      vertex 94.592226 59.417005 8.138971
      vertex 93.640349 59.569622 8.138971
      vertex 93.611131 59.262192 8.700337
    endloop
  endfacet
  facet normal 0.138774 0.865539 0.481232
    outer loop
      vertex 94.592226 59.417005 8.138971
      vertex 93.611131 59.262192 8.700337
      vertex 94.690007 59.089214 8.700337
    endloop
  endfacet
  facet normal -0.113373 -0.889378 -0.442892
    outer loop
      vertex 94.919043 58.321416 8.666266
      vertex 96.217344 58.155916 8.666266
      vertex 96.435021 57.812698 9.299767
    endloop
  endfacet
  facet normal -0.113373 -0.889378 -0.442892
    outer loop
      vertex 94.919043 58.321416 8.666266
      vertex 96.435021 57.812698 9.299767
      vertex 95.016868 57.993475 9.299767
    endloop
  endfacet
  facet normal 0.110460 0.866533 0.486744
    outer loop
      vertex 95.490127 59.302546 8.138971
      vertex 94.592226 59.417005 8.138971
      vertex 94.690007 59.089214 8.700337
    endloop
  endfacet
  facet normal 0.110460 0.866533 0.486744
    outer loop
      vertex 95.490127 59.302546 8.138971
      vertex 94.690007 59.089214 8.700337
      vertex 95.707705 58.959484 8.700337
    endloop
  endfacet
  facet normal -0.108017 -0.889180 -0.444625
    outer loop
      vertex 96.217344 58.155916 8.666266
      vertex 97.432801 58.008264 8.666266
      vertex 97.762681 57.651415 9.299767
    endloop
  endfacet
  facet normal -0.108017 -0.889180 -0.444625
    outer loop
      vertex 96.217344 58.155916 8.666266
      vertex 97.762681 57.651415 9.299767
      vertex 96.435021 57.812698 9.299767
    endloop
  endfacet
  facet normal 0.105221 0.866168 0.488551
    outer loop
      vertex 96.330733 59.200431 8.138971
      vertex 95.490127 59.302546 8.138971
      vertex 95.707705 58.959484 8.700337
    endloop
  endfacet
  facet normal 0.105221 0.866168 0.488551
    outer loop
      vertex 96.330733 59.200431 8.138971
      vertex 95.707705 58.959484 8.700337
      vertex 96.660463 58.843744 8.700337
    endloop
  endfacet
  facet normal -0.112760 -0.889682 -0.442438
    outer loop
      vertex 97.432801 58.008264 8.666266
      vertex 98.583379 57.862438 8.666266
      vertex 99.019473 57.492127 9.299767
    endloop
  endfacet
  facet normal -0.112760 -0.889682 -0.442438
    outer loop
      vertex 97.432801 58.008264 8.666266
      vertex 99.019473 57.492127 9.299767
      vertex 97.762681 57.651415 9.299767
    endloop
  endfacet
  facet normal 0.109869 0.866874 0.486270
    outer loop
      vertex 97.126469 59.099578 8.138971
      vertex 96.330733 59.200431 8.138971
      vertex 96.660463 58.843744 8.700337
    endloop
  endfacet
  facet normal 0.109869 0.866874 0.486270
    outer loop
      vertex 97.126469 59.099578 8.138971
      vertex 96.660463 58.843744 8.700337
      vertex 97.562365 58.729435 8.700337
    endloop
  endfacet
  facet normal 0.859248 0.283978 -0.425498
    outer loop
      vertex 98.583379 57.862438 8.666266
      vertex 98.199687 59.023396 8.666266
      vertex 98.600362 58.760258 9.299767
    endloop
  endfacet
  facet normal 0.859248 0.283978 -0.425498
    outer loop
      vertex 98.583379 57.862438 8.666266
      vertex 98.600362 58.760258 9.299767
      vertex 99.019473 57.492127 9.299767
    endloop
  endfacet
  facet normal -0.838817 -0.277225 0.468543
    outer loop
      vertex 96.861109 59.902492 8.138971
      vertex 97.126469 59.099578 8.138971
      vertex 97.562365 58.729435 8.700337
    endloop
  endfacet
  facet normal -0.838817 -0.277225 0.468543
    outer loop
      vertex 96.861109 59.902492 8.138971
      vertex 97.562365 58.729435 8.700337
      vertex 97.261601 59.639474 8.700337
    endloop
  endfacet
  facet normal 0.859815 0.277792 -0.428426
    outer loop
      vertex 98.199687 59.023396 8.666266
      vertex 97.801401 60.256159 8.666266
      vertex 98.165308 60.106822 9.299767
    endloop
  endfacet
  facet normal 0.859815 0.277792 -0.428426
    outer loop
      vertex 98.199687 59.023396 8.666266
      vertex 98.165308 60.106822 9.299767
      vertex 98.600362 58.760258 9.299767
    endloop
  endfacet
  facet normal -0.839098 -0.271099 0.471614
    outer loop
      vertex 96.585656 60.755067 8.138971
      vertex 96.861109 59.902492 8.138971
      vertex 97.261601 59.639474 8.700337
    endloop
  endfacet
  facet normal -0.839098 -0.271099 0.471614
    outer loop
      vertex 96.585656 60.755067 8.138971
      vertex 97.261601 59.639474 8.700337
      vertex 96.949397 60.605798 8.700337
    endloop
  endfacet
  facet normal 0.859014 0.282729 -0.426802
    outer loop
      vertex 97.801401 60.256159 8.666266
      vertex 97.365495 61.580571 8.666266
      vertex 97.689162 61.553495 9.299767
    endloop
  endfacet
  facet normal 0.859014 0.282729 -0.426802
    outer loop
      vertex 97.801401 60.256159 8.666266
      vertex 97.689162 61.553495 9.299767
      vertex 98.165308 60.106822 9.299767
    endloop
  endfacet
  facet normal -0.838467 -0.275966 0.469911
    outer loop
      vertex 96.284185 61.671026 8.138971
      vertex 96.585656 60.755067 8.138971
      vertex 96.949397 60.605798 8.700337
    endloop
  endfacet
  facet normal -0.838467 -0.275966 0.469911
    outer loop
      vertex 96.284185 61.671026 8.138971
      vertex 96.949397 60.605798 8.700337
      vertex 96.607704 61.643963 8.700337
    endloop
  endfacet
  facet normal 0.850361 0.315702 -0.420972
    outer loop
      vertex 97.365495 61.580571 8.666266
      vertex 96.845943 62.980012 8.666266
      vertex 97.121648 63.082124 9.299767
    endloop
  endfacet
  facet normal 0.850361 0.315702 -0.420972
    outer loop
      vertex 97.365495 61.580571 8.666266
      vertex 97.121648 63.082124 9.299767
      vertex 97.689162 61.553495 9.299767
    endloop
  endfacet
  facet normal -0.830554 -0.308349 0.463790
    outer loop
      vertex 95.924864 62.638875 8.138971
      vertex 96.284185 61.671026 8.138971
      vertex 96.607704 61.643963 8.700337
    endloop
  endfacet
  facet normal -0.830554 -0.308349 0.463790
    outer loop
      vertex 95.924864 62.638875 8.138971
      vertex 96.607704 61.643963 8.700337
      vertex 96.200444 62.740941 8.700337
    endloop
  endfacet
  facet normal 0.828397 0.370365 -0.420224
    outer loop
      vertex 96.845943 62.980012 8.666266
      vertex 96.232725 64.351600 8.666266
      vertex 96.451821 64.580328 9.299767
    endloop
  endfacet
  facet normal 0.828397 0.370365 -0.420224
    outer loop
      vertex 96.845943 62.980012 8.666266
      vertex 96.451821 64.580328 9.299767
      vertex 97.121648 63.082124 9.299767
    endloop
  endfacet
  facet normal -0.809168 -0.361768 0.463003
    outer loop
      vertex 95.500764 63.587460 8.138971
      vertex 95.924864 62.638875 8.138971
      vertex 96.200444 62.740941 8.700337
    endloop
  endfacet
  facet normal -0.809168 -0.361768 0.463003
    outer loop
      vertex 95.500764 63.587460 8.138971
      vertex 96.200444 62.740941 8.700337
      vertex 95.719761 63.816085 8.700337
    endloop
  endfacet
  facet normal 0.809068 0.404884 -0.426002
    outer loop
      vertex 96.232725 64.351600 8.666266
      vertex 95.601160 65.613636 8.666266
      vertex 95.761955 65.958868 9.299767
    endloop
  endfacet
  facet normal 0.809068 0.404884 -0.426002
    outer loop
      vertex 96.232725 64.351600 8.666266
      vertex 95.761955 65.958868 9.299767
      vertex 96.451821 64.580328 9.299767
    endloop
  endfacet
  facet normal -0.789786 -0.395235 0.469072
    outer loop
      vertex 95.063976 64.460280 8.138971
      vertex 95.500764 63.587460 8.138971
      vertex 95.719761 63.816085 8.700337
    endloop
  endfacet
  facet normal -0.789786 -0.395235 0.469072
    outer loop
      vertex 95.063976 64.460280 8.138971
      vertex 95.719761 63.816085 8.700337
      vertex 95.224698 64.805355 8.700337
    endloop
  endfacet
  facet normal 0.804320 0.411661 -0.428490
    outer loop
      vertex 95.601160 65.613636 8.666266
      vertex 95.004705 66.779014 8.666266
      vertex 95.110439 67.231826 9.299767
    endloop
  endfacet
  facet normal 0.804320 0.411661 -0.428490
    outer loop
      vertex 95.601160 65.613636 8.666266
      vertex 95.110439 67.231826 9.299767
      vertex 95.761955 65.958868 9.299767
    endloop
  endfacet
  facet normal -0.784935 -0.401739 0.471681
    outer loop
      vertex 94.651470 65.266252 8.138971
      vertex 95.063976 64.460280 8.138971
      vertex 95.224698 64.805355 8.700337
    endloop
  endfacet
  facet normal -0.784935 -0.401739 0.471681
    outer loop
      vertex 94.651470 65.266252 8.138971
      vertex 95.224698 64.805355 8.700337
      vertex 94.757155 65.718858 8.700337
    endloop
  endfacet
  facet normal 0.807686 0.407532 -0.426100
    outer loop
      vertex 95.004705 66.779014 8.666266
      vertex 94.449511 67.879352 8.666266
      vertex 94.503992 68.433741 9.299767
    endloop
  endfacet
  facet normal 0.807686 0.407532 -0.426100
    outer loop
      vertex 95.004705 66.779014 8.666266
      vertex 94.503992 68.433741 9.299767
      vertex 95.110439 67.231826 9.299767
    endloop
  endfacet
  facet normal -0.788428 -0.397815 0.469175
    outer loop
      vertex 94.267499 66.027242 8.138971
      vertex 94.651470 65.266252 8.138971
      vertex 94.757155 65.718858 8.700337
    endloop
  endfacet
  facet normal -0.788428 -0.397815 0.469175
    outer loop
      vertex 94.267499 66.027242 8.138971
      vertex 94.757155 65.718858 8.700337
      vertex 94.321956 66.581379 8.700337
    endloop
  endfacet
  facet normal -0.673376 0.584079 -0.453229
    outer loop
      vertex 94.449511 67.879352 8.666266
      vertex 93.706979 67.023298 8.666266
      vertex 93.692914 67.498661 9.299767
    endloop
  endfacet
  facet normal -0.673376 0.584079 -0.453229
    outer loop
      vertex 94.449511 67.879352 8.666266
      vertex 93.692914 67.498661 9.299767
      vertex 94.503992 68.433741 9.299767
    endloop
  endfacet
  facet normal 0.655295 -0.568396 0.497508
    outer loop
      vertex 93.753967 65.435198 8.138971
      vertex 94.267499 66.027242 8.138971
      vertex 94.321956 66.581379 8.700337
    endloop
  endfacet
  facet normal 0.655295 -0.568396 0.497508
    outer loop
      vertex 93.753967 65.435198 8.138971
      vertex 94.321956 66.581379 8.700337
      vertex 93.739909 65.910345 8.700337
    endloop
  endfacet
  facet normal -0.671049 0.585795 -0.454465
    outer loop
      vertex 93.706979 67.023298 8.666266
      vertex 92.920211 66.122028 8.666266
      vertex 92.833516 66.514191 9.299767
    endloop
  endfacet
  facet normal -0.671049 0.585795 -0.454465
    outer loop
      vertex 93.706979 67.023298 8.666266
      vertex 92.833516 66.514191 9.299767
      vertex 93.692914 67.498661 9.299767
    endloop
  endfacet
  facet normal 0.652936 -0.569983 0.498793
    outer loop
      vertex 93.209840 64.811882 8.138971
      vertex 93.753967 65.435198 8.138971
      vertex 93.739909 65.910345 8.700337
    endloop
  endfacet
  facet normal 0.652936 -0.569983 0.498793
    outer loop
      vertex 93.209840 64.811882 8.138971
      vertex 93.739909 65.910345 8.700337
      vertex 93.123185 65.203867 8.700337
    endloop
  endfacet
  facet normal -0.677499 0.580296 -0.451943
    outer loop
      vertex 92.920211 66.122028 8.666266
      vertex 92.090510 65.153348 8.666266
      vertex 91.927223 65.456089 9.299767
    endloop
  endfacet
  facet normal -0.677499 0.580296 -0.451943
    outer loop
      vertex 92.920211 66.122028 8.666266
      vertex 91.927223 65.456089 9.299767
      vertex 92.833516 66.514191 9.299767
    endloop
  endfacet
  facet normal 0.659406 -0.564799 0.496171
    outer loop
      vertex 92.636023 64.141947 8.138971
      vertex 93.209840 64.811882 8.138971
      vertex 93.123185 65.203867 8.700337
    endloop
  endfacet
  facet normal 0.659406 -0.564799 0.496171
    outer loop
      vertex 92.636023 64.141947 8.138971
      vertex 93.123185 65.203867 8.700337
      vertex 92.472810 64.444550 8.700337
    endloop
  endfacet
  facet normal -0.699200 0.558033 -0.446898
    outer loop
      vertex 92.090510 65.153348 8.666266
      vertex 91.249288 64.099320 8.666266
      vertex 91.008344 64.304759 9.299767
    endloop
  endfacet
  facet normal -0.699200 0.558033 -0.446898
    outer loop
      vertex 92.090510 65.153348 8.666266
      vertex 91.008344 64.304759 9.299767
      vertex 91.927223 65.456089 9.299767
    endloop
  endfacet
  facet normal 0.680927 -0.543449 0.490920
    outer loop
      vertex 92.054236 63.412984 8.138971
      vertex 92.636023 64.141947 8.138971
      vertex 92.472810 64.444550 8.700337
    endloop
  endfacet
  facet normal 0.680927 -0.543449 0.490920
    outer loop
      vertex 92.054236 63.412984 8.138971
      vertex 92.472810 64.444550 8.700337
      vertex 91.813402 63.618330 8.700337
    endloop
  endfacet
  facet normal -0.729505 0.518815 -0.445706
    outer loop
      vertex 91.249288 64.099320 8.666266
      vertex 90.459648 62.989008 8.666266
      vertex 90.145810 63.091951 9.299767
    endloop
  endfacet
  facet normal -0.729505 0.518815 -0.445706
    outer loop
      vertex 91.249288 64.099320 8.666266
      vertex 90.145810 63.091951 9.299767
      vertex 91.008344 64.304759 9.299767
    endloop
  endfacet
  facet normal 0.710537 -0.505325 0.489677
    outer loop
      vertex 91.508124 62.645097 8.138971
      vertex 92.054236 63.412984 8.138971
      vertex 91.813402 63.618330 8.700337
    endloop
  endfacet
  facet normal 0.710537 -0.505325 0.489677
    outer loop
      vertex 91.508124 62.645097 8.138971
      vertex 91.813402 63.618330 8.700337
      vertex 91.194428 62.747992 8.700337
    endloop
  endfacet
  facet normal -0.749717 0.484998 -0.450224
    outer loop
      vertex 90.459648 62.989008 8.666266
      vertex 89.751805 61.894815 8.666266
      vertex 89.372623 61.896748 9.299767
    endloop
  endfacet
  facet normal -0.749717 0.484998 -0.450224
    outer loop
      vertex 90.459648 62.989008 8.666266
      vertex 89.372623 61.896748 9.299767
      vertex 90.145810 63.091951 9.299767
    endloop
  endfacet
  facet normal 0.729842 -0.472141 0.494382
    outer loop
      vertex 91.018581 61.888356 8.138971
      vertex 91.508124 62.645097 8.138971
      vertex 91.194428 62.747992 8.700337
    endloop
  endfacet
  facet normal 0.729842 -0.472141 0.494382
    outer loop
      vertex 91.018581 61.888356 8.138971
      vertex 91.194428 62.747992 8.700337
      vertex 90.639572 61.890288 8.700337
    endloop
  endfacet
  facet normal -0.756103 0.471368 -0.454004
    outer loop
      vertex 89.751805 61.894815 8.666266
      vertex 89.105453 60.858028 8.666266
      vertex 88.666604 60.764251 9.299767
    endloop
  endfacet
  facet normal -0.756103 0.471368 -0.454004
    outer loop
      vertex 89.751805 61.894815 8.666266
      vertex 88.666604 60.764251 9.299767
      vertex 89.372623 61.896748 9.299767
    endloop
  endfacet
  facet normal 0.735734 -0.458670 0.498314
    outer loop
      vertex 90.571567 61.171318 8.138971
      vertex 91.018581 61.888356 8.138971
      vertex 90.639572 61.890288 8.700337
    endloop
  endfacet
  facet normal 0.735734 -0.458670 0.498314
    outer loop
      vertex 90.571567 61.171318 8.138971
      vertex 90.639572 61.890288 8.700337
      vertex 90.132918 61.077584 8.700337
    endloop
  endfacet
  facet normal -0.756026 0.471572 -0.453921
    outer loop
      vertex 89.105453 60.858028 8.666266
      vertex 88.495402 59.879991 8.666266
      vertex 88.000237 59.695928 9.299767
    endloop
  endfacet
  facet normal -0.756026 0.471572 -0.453921
    outer loop
      vertex 89.105453 60.858028 8.666266
      vertex 88.000237 59.695928 9.299767
      vertex 88.666604 60.764251 9.299767
    endloop
  endfacet
  facet normal 0.735667 -0.458872 0.498228
    outer loop
      vertex 90.149658 60.494910 8.138971
      vertex 90.571567 61.171318 8.138971
      vertex 90.132918 61.077584 8.700337
    endloop
  endfacet
  facet normal 0.735667 -0.458872 0.498228
    outer loop
      vertex 90.149658 60.494910 8.138971
      vertex 90.132918 61.077584 8.700337
      vertex 89.654718 60.310931 8.700337
    endloop
  endfacet
  facet normal -0.238936 -0.831109 -0.502162
    outer loop
      vertex 88.000237 59.695928 9.299767
      vertex 89.248497 59.337065 9.299767
      vertex 88.794290 59.087168 9.929480
    endloop
  endfacet
  facet normal -0.238936 -0.831109 -0.502162
    outer loop
      vertex 88.000237 59.695928 9.299767
      vertex 88.794290 59.087168 9.929480
      vertex 87.423065 59.481381 9.929480
    endloop
  endfacet
  facet normal 0.231451 0.805075 0.546155
    outer loop
      vertex 90.550497 60.053403 8.700337
      vertex 89.654718 60.310931 8.700337
      vertex 89.078174 60.096618 9.260580
    endloop
  endfacet
  facet normal 0.231451 0.805075 0.546155
    outer loop
      vertex 90.550497 60.053403 8.700337
      vertex 89.078174 60.096618 9.260580
      vertex 90.096784 59.803778 9.260580
    endloop
  endfacet
  facet normal -0.239959 -0.830512 -0.502663
    outer loop
      vertex 89.248497 59.337065 9.299767
      vertex 90.574496 58.953945 9.299767
      vertex 90.250911 58.666307 9.929480
    endloop
  endfacet
  facet normal -0.239959 -0.830512 -0.502663
    outer loop
      vertex 89.248497 59.337065 9.299767
      vertex 90.250911 58.666307 9.929480
      vertex 88.794290 59.087168 9.929480
    endloop
  endfacet
  facet normal 0.232428 0.804446 0.546666
    outer loop
      vertex 91.502063 59.778468 8.700337
      vertex 90.550497 60.053403 8.700337
      vertex 90.096784 59.803778 9.260580
    endloop
  endfacet
  facet normal 0.232428 0.804446 0.546666
    outer loop
      vertex 91.502063 59.778468 8.700337
      vertex 90.096784 59.803778 9.260580
      vertex 91.178830 59.491143 9.260580
    endloop
  endfacet
  facet normal -0.226484 -0.836733 -0.498581
    outer loop
      vertex 90.574496 58.953945 9.299767
      vertex 92.001647 58.567649 9.299767
      vertex 91.818648 58.241957 9.929480
    endloop
  endfacet
  facet normal -0.226484 -0.836733 -0.498581
    outer loop
      vertex 90.574496 58.953945 9.299767
      vertex 91.818648 58.241957 9.929480
      vertex 90.250911 58.666307 9.929480
    endloop
  endfacet
  facet normal 0.219486 0.810878 0.542497
    outer loop
      vertex 92.526218 59.501253 8.700337
      vertex 91.502063 59.778468 8.700337
      vertex 91.178830 59.491143 9.260580
    endloop
  endfacet
  facet normal 0.219486 0.810878 0.542497
    outer loop
      vertex 92.526218 59.501253 8.700337
      vertex 91.178830 59.491143 9.260580
      vertex 92.343418 59.175916 9.260580
    endloop
  endfacet
  facet normal -0.187142 -0.849291 -0.493643
    outer loop
      vertex 92.001647 58.567649 9.299767
      vertex 93.513464 58.234519 9.299767
      vertex 93.479393 57.876011 9.929480
    endloop
  endfacet
  facet normal -0.187142 -0.849291 -0.493643
    outer loop
      vertex 92.001647 58.567649 9.299767
      vertex 93.479393 57.876011 9.929480
      vertex 91.818648 58.241957 9.929480
    endloop
  endfacet
  facet normal 0.181468 0.823542 0.537446
    outer loop
      vertex 93.611131 59.262192 8.700337
      vertex 92.526218 59.501253 8.700337
      vertex 92.343418 59.175916 9.260580
    endloop
  endfacet
  facet normal 0.181468 0.823542 0.537446
    outer loop
      vertex 93.611131 59.262192 8.700337
      vertex 92.343418 59.175916 9.260580
      vertex 93.577097 58.904074 9.260580
    endloop
  endfacet
  facet normal -0.137494 -0.857561 -0.495665
    outer loop
      vertex 93.513464 58.234519 9.299767
      vertex 95.016868 57.993475 9.299767
      vertex 95.130895 57.611223 9.929480
    endloop
  endfacet
  facet normal -0.137494 -0.857561 -0.495665
    outer loop
      vertex 93.513464 58.234519 9.299767
      vertex 95.130895 57.611223 9.929480
      vertex 93.479393 57.876011 9.929480
    endloop
  endfacet
  facet normal 0.133293 0.831358 0.539516
    outer loop
      vertex 94.690007 59.089214 8.700337
      vertex 93.611131 59.262192 8.700337
      vertex 93.577097 58.904074 9.260580
    endloop
  endfacet
  facet normal 0.133293 0.831358 0.539516
    outer loop
      vertex 94.690007 59.089214 8.700337
      vertex 93.577097 58.904074 9.260580
      vertex 94.803910 58.707377 9.260580
    endloop
  endfacet
  facet normal -0.109419 -0.858365 -0.501236
    outer loop
      vertex 95.016868 57.993475 9.299767
      vertex 96.435021 57.812698 9.299767
      vertex 96.688748 57.412637 9.929480
    endloop
  endfacet
  facet normal -0.109419 -0.858365 -0.501236
    outer loop
      vertex 95.016868 57.993475 9.299767
      vertex 96.688748 57.412637 9.929480
      vertex 95.130895 57.611223 9.929480
    endloop
  endfacet
  facet normal 0.106004 0.831571 0.545209
    outer loop
      vertex 95.707705 58.959484 8.700337
      vertex 94.690007 59.089214 8.700337
      vertex 94.803910 58.707377 9.260580
    endloop
  endfacet
  facet normal 0.106004 0.831571 0.545209
    outer loop
      vertex 95.707705 58.959484 8.700337
      vertex 94.803910 58.707377 9.260580
      vertex 95.961155 58.559858 9.260580
    endloop
  endfacet
  facet normal -0.104222 -0.857943 -0.503063
    outer loop
      vertex 96.435021 57.812698 9.299767
      vertex 97.762681 57.651415 9.299767
      vertex 98.147193 57.235467 9.929480
    endloop
  endfacet
  facet normal -0.104222 -0.857943 -0.503063
    outer loop
      vertex 96.435021 57.812698 9.299767
      vertex 98.147193 57.235467 9.929480
      vertex 96.688748 57.412637 9.929480
    endloop
  endfacet
  facet normal 0.100946 0.830976 0.547073
    outer loop
      vertex 96.660463 58.843744 8.700337
      vertex 95.707705 58.959484 8.700337
      vertex 95.961155 58.559858 9.260580
    endloop
  endfacet
  facet normal 0.100946 0.830976 0.547073
    outer loop
      vertex 96.660463 58.843744 8.700337
      vertex 95.961155 58.559858 9.260580
      vertex 97.044557 58.428248 9.260580
    endloop
  endfacet
  facet normal -0.108835 -0.858718 -0.500758
    outer loop
      vertex 97.762681 57.651415 9.299767
      vertex 99.019473 57.492127 9.299767
      vertex 99.527791 57.060488 9.929480
    endloop
  endfacet
  facet normal -0.108835 -0.858718 -0.500758
    outer loop
      vertex 97.762681 57.651415 9.299767
      vertex 99.527791 57.060488 9.929480
      vertex 98.147193 57.235467 9.929480
    endloop
  endfacet
  facet normal 0.105444 0.831962 0.544721
    outer loop
      vertex 97.562365 58.729435 8.700337
      vertex 96.660463 58.843744 8.700337
      vertex 97.044557 58.428248 9.260580
    endloop
  endfacet
  facet normal 0.105444 0.831962 0.544721
    outer loop
      vertex 97.562365 58.729435 8.700337
      vertex 97.044557 58.428248 9.260580
      vertex 98.070129 58.298265 9.260580
    endloop
  endfacet
  facet normal 0.831482 0.274801 -0.482826
    outer loop
      vertex 99.019473 57.492127 9.299767
      vertex 98.600362 58.760258 9.299767
      vertex 99.067393 58.453540 9.929480
    endloop
  endfacet
  facet normal 0.831482 0.274801 -0.482826
    outer loop
      vertex 99.019473 57.492127 9.299767
      vertex 99.067393 58.453540 9.929480
      vertex 99.527791 57.060488 9.929480
    endloop
  endfacet
  facet normal -0.807319 -0.266815 0.526352
    outer loop
      vertex 97.261601 59.639474 8.700337
      vertex 97.562365 58.729435 8.700337
      vertex 98.070129 58.298265 9.260580
    endloop
  endfacet
  facet normal -0.807319 -0.266815 0.526352
    outer loop
      vertex 97.261601 59.639474 8.700337
      vertex 98.070129 58.298265 9.260580
      vertex 97.728125 59.333090 9.260580
    endloop
  endfacet
  facet normal 0.831666 0.268698 -0.485935
    outer loop
      vertex 98.600362 58.760258 9.299767
      vertex 98.165308 60.106822 9.299767
      vertex 98.589484 59.932752 9.929480
    endloop
  endfacet
  facet normal 0.831666 0.268698 -0.485935
    outer loop
      vertex 98.600362 58.760258 9.299767
      vertex 98.589484 59.932752 9.929480
      vertex 99.067393 58.453540 9.929480
    endloop
  endfacet
  facet normal -0.807198 -0.260793 0.529545
    outer loop
      vertex 96.949397 60.605798 8.700337
      vertex 97.261601 59.639474 8.700337
      vertex 97.728125 59.333090 9.260580
    endloop
  endfacet
  facet normal -0.807198 -0.260793 0.529545
    outer loop
      vertex 96.949397 60.605798 8.700337
      vertex 97.728125 59.333090 9.260580
      vertex 97.373111 60.431918 9.260580
    endloop
  endfacet
  facet normal 0.831093 0.273539 -0.484211
    outer loop
      vertex 98.165308 60.106822 9.299767
      vertex 97.689162 61.553495 9.299767
      vertex 98.066433 61.521935 9.929480
    endloop
  endfacet
  facet normal 0.831093 0.273539 -0.484211
    outer loop
      vertex 98.165308 60.106822 9.299767
      vertex 98.066433 61.521935 9.929480
      vertex 98.589484 59.932752 9.929480
    endloop
  endfacet
  facet normal -0.806808 -0.265546 0.527774
    outer loop
      vertex 96.607704 61.643963 8.700337
      vertex 96.949397 60.605798 8.700337
      vertex 97.373111 60.431918 9.260580
    endloop
  endfacet
  facet normal -0.806808 -0.265546 0.527774
    outer loop
      vertex 96.607704 61.643963 8.700337
      vertex 97.373111 60.431918 9.260580
      vertex 96.984564 61.612437 9.260580
    endloop
  endfacet
  facet normal 0.823437 0.305707 -0.478012
    outer loop
      vertex 97.689162 61.553495 9.299767
      vertex 97.121648 63.082124 9.299767
      vertex 97.443014 63.201147 9.929480
    endloop
  endfacet
  facet normal 0.823437 0.305707 -0.478012
    outer loop
      vertex 97.689162 61.553495 9.299767
      vertex 97.443014 63.201147 9.929480
      vertex 98.066433 61.521935 9.929480
    endloop
  endfacet
  facet normal -0.799962 -0.296991 0.521400
    outer loop
      vertex 96.200444 62.740941 8.700337
      vertex 96.607704 61.643963 8.700337
      vertex 96.984564 61.612437 9.260580
    endloop
  endfacet
  facet normal -0.799962 -0.296991 0.521400
    outer loop
      vertex 96.200444 62.740941 8.700337
      vertex 96.984564 61.612437 9.260580
      vertex 96.521460 62.859834 9.260580
    endloop
  endfacet
  facet normal 0.802257 0.358678 -0.477215
    outer loop
      vertex 97.121648 63.082124 9.299767
      vertex 96.451821 64.580328 9.299767
      vertex 96.707203 64.846937 9.929480
    endloop
  endfacet
  facet normal 0.802257 0.358678 -0.477215
    outer loop
      vertex 97.121648 63.082124 9.299767
      vertex 96.707203 64.846937 9.929480
      vertex 97.443014 63.201147 9.929480
    endloop
  endfacet
  facet normal -0.779458 -0.348485 0.520579
    outer loop
      vertex 95.719761 63.816085 8.700337
      vertex 96.200444 62.740941 8.700337
      vertex 96.521460 62.859834 9.260580
    endloop
  endfacet
  facet normal -0.779458 -0.348485 0.520579
    outer loop
      vertex 95.719761 63.816085 8.700337
      vertex 96.521460 62.859834 9.260580
      vertex 95.974865 64.082404 9.260580
    endloop
  endfacet
  facet normal 0.782865 0.391771 -0.483362
    outer loop
      vertex 96.451821 64.580328 9.299767
      vertex 95.761955 65.958868 9.299767
      vertex 95.949379 66.361275 9.929480
    endloop
  endfacet
  facet normal 0.782865 0.391771 -0.483362
    outer loop
      vertex 96.451821 64.580328 9.299767
      vertex 95.949379 66.361275 9.929480
      vertex 96.707203 64.846937 9.929480
    endloop
  endfacet
  facet normal -0.760065 -0.380362 0.526902
    outer loop
      vertex 95.224698 64.805355 8.700337
      vertex 95.719761 63.816085 8.700337
      vertex 95.974865 64.082404 9.260580
    endloop
  endfacet
  facet normal -0.760065 -0.380362 0.526902
    outer loop
      vertex 95.224698 64.805355 8.700337
      vertex 95.974865 64.082404 9.260580
      vertex 95.411918 65.207324 9.260580
    endloop
  endfacet
  facet normal 0.777980 0.398180 -0.486003
    outer loop
      vertex 95.761955 65.958868 9.299767
      vertex 95.110439 67.231826 9.299767
      vertex 95.233683 67.759631 9.929480
    endloop
  endfacet
  facet normal 0.777980 0.398180 -0.486003
    outer loop
      vertex 95.761955 65.958868 9.299767
      vertex 95.233683 67.759631 9.929480
      vertex 95.949379 66.361275 9.929480
    endloop
  endfacet
  facet normal -0.755086 -0.386462 0.529615
    outer loop
      vertex 94.757155 65.718858 8.700337
      vertex 95.224698 64.805355 8.700337
      vertex 95.411918 65.207324 9.260580
    endloop
  endfacet
  facet normal -0.755086 -0.386462 0.529615
    outer loop
      vertex 94.757155 65.718858 8.700337
      vertex 95.411918 65.207324 9.260580
      vertex 94.880265 66.246089 9.260580
    endloop
  endfacet
  facet normal 0.781516 0.394327 -0.483466
    outer loop
      vertex 95.110439 67.231826 9.299767
      vertex 94.503992 68.433741 9.299767
      vertex 94.567496 69.079944 9.929480
    endloop
  endfacet
  facet normal 0.781516 0.394327 -0.483466
    outer loop
      vertex 95.110439 67.231826 9.299767
      vertex 94.567496 69.079944 9.929480
      vertex 95.233683 67.759631 9.929480
    endloop
  endfacet
  facet normal -0.758746 -0.382839 0.527009
    outer loop
      vertex 94.321956 66.581379 8.700337
      vertex 94.757155 65.718858 8.700337
      vertex 94.880265 66.246089 9.260580
    endloop
  endfacet
  facet normal -0.758746 -0.382839 0.527009
    outer loop
      vertex 94.321956 66.581379 8.700337
      vertex 94.880265 66.246089 9.260580
      vertex 94.385391 67.226879 9.260580
    endloop
  endfacet
  facet normal -0.648846 0.562802 -0.512106
    outer loop
      vertex 94.503992 68.433741 9.299767
      vertex 93.692914 67.498661 9.299767
      vertex 93.676520 68.052752 9.929480
    endloop
  endfacet
  facet normal -0.648846 0.562802 -0.512106
    outer loop
      vertex 94.503992 68.433741 9.299767
      vertex 93.676520 68.052752 9.929480
      vertex 94.567496 69.079944 9.929480
    endloop
  endfacet
  facet normal 0.627747 -0.544501 0.556284
    outer loop
      vertex 93.739909 65.910345 8.700337
      vertex 94.321956 66.581379 8.700337
      vertex 94.385391 67.226879 9.260580
    endloop
  endfacet
  facet normal 0.627747 -0.544501 0.556284
    outer loop
      vertex 93.739909 65.910345 8.700337
      vertex 94.385391 67.226879 9.260580
      vertex 93.723532 66.463832 9.260580
    endloop
  endfacet
  facet normal -0.646477 0.564345 -0.513403
    outer loop
      vertex 93.692914 67.498661 9.299767
      vertex 92.833516 66.514191 9.299767
      vertex 92.732464 66.971302 9.929480
    endloop
  endfacet
  facet normal -0.646477 0.564345 -0.513403
    outer loop
      vertex 93.692914 67.498661 9.299767
      vertex 92.732464 66.971302 9.929480
      vertex 93.676520 68.052752 9.929480
    endloop
  endfacet
  facet normal 0.625354 -0.545906 0.557602
    outer loop
      vertex 93.123185 65.203867 8.700337
      vertex 93.739909 65.910345 8.700337
      vertex 93.723532 66.463832 9.260580
    endloop
  endfacet
  facet normal 0.625354 -0.545906 0.557602
    outer loop
      vertex 93.123185 65.203867 8.700337
      vertex 93.723532 66.463832 9.260580
      vertex 93.022243 65.660481 9.260580
    endloop
  endfacet
  facet normal -0.652951 0.559270 -0.510757
    outer loop
      vertex 92.833516 66.514191 9.299767
      vertex 91.927223 65.456089 9.299767
      vertex 91.736893 65.808968 9.929480
    endloop
  endfacet
  facet normal -0.652951 0.559270 -0.510757
    outer loop
      vertex 92.833516 66.514191 9.299767
      vertex 91.736893 65.808968 9.929480
      vertex 92.732464 66.971302 9.929480
    endloop
  endfacet
  facet normal 0.631825 -0.541175 0.554912
    outer loop
      vertex 92.472810 64.444550 8.700337
      vertex 93.123185 65.203867 8.700337
      vertex 93.022243 65.660481 9.260580
    endloop
  endfacet
  facet normal 0.631825 -0.541175 0.554912
    outer loop
      vertex 92.472810 64.444550 8.700337
      vertex 93.022243 65.660481 9.260580
      vertex 92.282687 64.797045 9.260580
    endloop
  endfacet
  facet normal -0.674399 0.538239 -0.505455
    outer loop
      vertex 91.927223 65.456089 9.299767
      vertex 91.008344 64.304759 9.299767
      vertex 90.727497 64.544222 9.929480
    endloop
  endfacet
  facet normal -0.674399 0.538239 -0.505455
    outer loop
      vertex 91.927223 65.456089 9.299767
      vertex 90.727497 64.544222 9.929480
      vertex 91.736893 65.808968 9.929480
    endloop
  endfacet
  facet normal 0.653009 -0.521168 0.549513
    outer loop
      vertex 91.813402 63.618330 8.700337
      vertex 92.472810 64.444550 8.700337
      vertex 92.282687 64.797045 9.260580
    endloop
  endfacet
  facet normal 0.653009 -0.521168 0.549513
    outer loop
      vertex 91.813402 63.618330 8.700337
      vertex 92.282687 64.797045 9.260580
      vertex 91.532860 63.857533 9.260580
    endloop
  endfacet
  facet normal -0.703759 0.500505 -0.504200
    outer loop
      vertex 91.008344 64.304759 9.299767
      vertex 90.145810 63.091951 9.299767
      vertex 89.779995 63.211942 9.929480
    endloop
  endfacet
  facet normal -0.703759 0.500505 -0.504200
    outer loop
      vertex 91.008344 64.304759 9.299767
      vertex 89.779995 63.211942 9.929480
      vertex 90.727497 64.544222 9.929480
    endloop
  endfacet
  facet normal 0.681543 -0.484705 0.548233
    outer loop
      vertex 91.194428 62.747992 8.700337
      vertex 91.813402 63.618330 8.700337
      vertex 91.532860 63.857533 9.260580
    endloop
  endfacet
  facet normal 0.681543 -0.484705 0.548233
    outer loop
      vertex 91.194428 62.747992 8.700337
      vertex 91.532860 63.857533 9.260580
      vertex 90.829012 62.867853 9.260580
    endloop
  endfacet
  facet normal -0.722748 0.467552 -0.508951
    outer loop
      vertex 90.145810 63.091951 9.299767
      vertex 89.372623 61.896748 9.299767
      vertex 88.930642 61.899001 9.929480
    endloop
  endfacet
  facet normal -0.722748 0.467552 -0.508951
    outer loop
      vertex 90.145810 63.091951 9.299767
      vertex 88.930642 61.899001 9.929480
      vertex 89.779995 63.211942 9.929480
    endloop
  endfacet
  facet normal 0.699521 -0.452526 0.553074
    outer loop
      vertex 90.639572 61.890288 8.700337
      vertex 91.194428 62.747992 8.700337
      vertex 90.829012 62.867853 9.260580
    endloop
  endfacet
  facet normal 0.699521 -0.452526 0.553074
    outer loop
      vertex 90.639572 61.890288 8.700337
      vertex 90.829012 62.867853 9.260580
      vertex 90.198073 61.892539 9.260580
    endloop
  endfacet
  facet normal -0.728470 0.454141 -0.512920
    outer loop
      vertex 89.372623 61.896748 9.299767
      vertex 88.666604 60.764251 9.299767
      vertex 88.155075 60.654944 9.929480
    endloop
  endfacet
  facet normal -0.728470 0.454141 -0.512920
    outer loop
      vertex 89.372623 61.896748 9.299767
      vertex 88.155075 60.654944 9.929480
      vertex 88.930642 61.899001 9.929480
    endloop
  endfacet
  facet normal 0.704711 -0.439329 0.557111
    outer loop
      vertex 90.132918 61.077584 8.700337
      vertex 90.639572 61.890288 8.700337
      vertex 90.198073 61.892539 9.260580
    endloop
  endfacet
  facet normal 0.704711 -0.439329 0.557111
    outer loop
      vertex 90.132918 61.077584 8.700337
      vertex 90.198073 61.892539 9.260580
      vertex 89.621945 60.968395 9.260580
    endloop
  endfacet
  facet normal -0.728406 0.454343 -0.512833
    outer loop
      vertex 88.666604 60.764251 9.299767
      vertex 88.000237 59.695928 9.299767
      vertex 87.423065 59.481381 9.929480
    endloop
  endfacet
  facet normal -0.728406 0.454343 -0.512833
    outer loop
      vertex 88.666604 60.764251 9.299767
      vertex 87.423065 59.481381 9.929480
      vertex 88.155075 60.654944 9.929480
    endloop
  endfacet
  facet normal 0.704656 -0.439529 0.557022
    outer loop
      vertex 89.654718 60.310931 8.700337
      vertex 90.132918 61.077584 8.700337
      vertex 89.621945 60.968395 9.260580
    endloop
  endfacet
  facet normal 0.704656 -0.439529 0.557022
    outer loop
      vertex 89.654718 60.310931 8.700337
      vertex 89.621945 60.968395 9.260580
      vertex 89.078174 60.096618 9.260580
    endloop
  endfacet
  facet normal -0.231950 -0.806810 -0.543375
    outer loop
      vertex 87.423065 59.481381 9.929480
      vertex 88.794290 59.087168 9.929480
      vertex 88.292824 58.811270 10.553198
    endloop
  endfacet
  facet normal -0.231950 -0.806810 -0.543375
    outer loop
      vertex 87.423065 59.481381 9.929480
      vertex 88.292824 58.811270 10.553198
      vertex 86.785841 59.244513 10.553198
    endloop
  endfacet
  facet normal 0.223870 0.778704 0.586090
    outer loop
      vertex 90.096784 59.803778 9.260580
      vertex 89.078174 60.096618 9.260580
      vertex 88.440549 59.859601 9.819047
    endloop
  endfacet
  facet normal 0.223870 0.778704 0.586090
    outer loop
      vertex 90.096784 59.803778 9.260580
      vertex 88.440549 59.859601 9.819047
      vertex 89.595002 59.527706 9.819047
    endloop
  endfacet
  facet normal -0.232930 -0.806184 -0.543885
    outer loop
      vertex 88.794290 59.087168 9.929480
      vertex 90.250911 58.666307 9.929480
      vertex 89.893658 58.348742 10.553198
    endloop
  endfacet
  facet normal -0.232930 -0.806184 -0.543885
    outer loop
      vertex 88.794290 59.087168 9.929480
      vertex 89.893658 58.348742 10.553198
      vertex 88.292824 58.811270 10.553198
    endloop
  endfacet
  facet normal 0.224801 0.778050 0.586603
    outer loop
      vertex 91.178830 59.491143 9.260580
      vertex 90.096784 59.803778 9.260580
      vertex 89.595002 59.527706 9.819047
    endloop
  endfacet
  facet normal 0.224801 0.778050 0.586603
    outer loop
      vertex 91.178830 59.491143 9.260580
      vertex 89.595002 59.527706 9.819047
      vertex 90.821352 59.173378 9.819047
    endloop
  endfacet
  facet normal -0.219953 -0.812603 -0.539720
    outer loop
      vertex 90.250911 58.666307 9.929480
      vertex 91.818648 58.241957 9.929480
      vertex 91.616610 57.882379 10.553198
    endloop
  endfacet
  facet normal -0.219953 -0.812603 -0.539720
    outer loop
      vertex 90.250911 58.666307 9.929480
      vertex 91.616610 57.882379 10.553198
      vertex 89.893658 58.348742 10.553198
    endloop
  endfacet
  facet normal 0.212388 0.784655 0.582416
    outer loop
      vertex 92.343418 59.175916 9.260580
      vertex 91.178830 59.491143 9.260580
      vertex 90.821352 59.173378 9.819047
    endloop
  endfacet
  facet normal 0.212388 0.784655 0.582416
    outer loop
      vertex 92.343418 59.175916 9.260580
      vertex 90.821352 59.173378 9.819047
      vertex 92.141252 58.816112 9.819047
    endloop
  endfacet
  facet normal -0.181847 -0.825261 -0.534674
    outer loop
      vertex 91.818648 58.241957 9.929480
      vertex 93.479393 57.876011 9.929480
      vertex 93.441776 57.480203 10.553198
    endloop
  endfacet
  facet normal -0.181847 -0.825261 -0.534674
    outer loop
      vertex 91.818648 58.241957 9.929480
      vertex 93.441776 57.480203 10.553198
      vertex 91.616610 57.882379 10.553198
    endloop
  endfacet
  facet normal 0.175703 0.797380 0.577334
    outer loop
      vertex 93.577097 58.904074 9.260580
      vertex 92.343418 59.175916 9.260580
      vertex 92.141252 58.816112 9.819047
    endloop
  endfacet
  facet normal 0.175703 0.797380 0.577334
    outer loop
      vertex 93.577097 58.904074 9.260580
      vertex 92.141252 58.816112 9.819047
      vertex 93.539457 58.508017 9.819047
    endloop
  endfacet
  facet normal -0.133574 -0.833107 -0.536742
    outer loop
      vertex 93.479393 57.876011 9.929480
      vertex 95.130895 57.611223 9.929480
      vertex 95.256786 57.189199 10.553198
    endloop
  endfacet
  facet normal -0.133574 -0.833107 -0.536742
    outer loop
      vertex 93.479393 57.876011 9.929480
      vertex 95.256786 57.189199 10.553198
      vertex 93.441776 57.480203 10.553198
    endloop
  endfacet
  facet normal 0.129028 0.804753 0.579417
    outer loop
      vertex 94.803910 58.707377 9.260580
      vertex 93.577097 58.904074 9.260580
      vertex 93.539457 58.508017 9.819047
    endloop
  endfacet
  facet normal 0.129028 0.804753 0.579417
    outer loop
      vertex 94.803910 58.707377 9.260580
      vertex 93.539457 58.508017 9.819047
      vertex 94.929880 58.285087 9.819047
    endloop
  endfacet
  facet normal -0.106231 -0.833357 -0.542430
    outer loop
      vertex 95.130895 57.611223 9.929480
      vertex 96.688748 57.412637 9.929480
      vertex 96.968874 56.970952 10.553198
    endloop
  endfacet
  facet normal -0.106231 -0.833357 -0.542430
    outer loop
      vertex 95.130895 57.611223 9.929480
      vertex 96.968874 56.970952 10.553198
      vertex 95.256786 57.189199 10.553198
    endloop
  endfacet
  facet normal 0.102543 0.804422 0.585141
    outer loop
      vertex 95.961155 58.559858 9.260580
      vertex 94.803910 58.707377 9.260580
      vertex 94.929880 58.285087 9.819047
    endloop
  endfacet
  facet normal 0.102543 0.804422 0.585141
    outer loop
      vertex 95.961155 58.559858 9.260580
      vertex 94.929880 58.285087 9.819047
      vertex 96.241458 58.117895 9.819047
    endloop
  endfacet
  facet normal -0.101164 -0.832773 -0.544292
    outer loop
      vertex 96.688748 57.412637 9.929480
      vertex 98.147193 57.235467 9.929480
      vertex 98.571713 56.776241 10.553198
    endloop
  endfacet
  facet normal -0.101164 -0.832773 -0.544292
    outer loop
      vertex 96.688748 57.412637 9.929480
      vertex 98.571713 56.776241 10.553198
      vertex 96.968874 56.970952 10.553198
    endloop
  endfacet
  facet normal 0.097629 0.803670 0.587012
    outer loop
      vertex 97.044557 58.428248 9.260580
      vertex 95.961155 58.559858 9.260580
      vertex 96.241458 58.117895 9.819047
    endloop
  endfacet
  facet normal 0.097629 0.803670 0.587012
    outer loop
      vertex 97.044557 58.428248 9.260580
      vertex 96.241458 58.117895 9.819047
      vertex 97.469344 57.968733 9.819047
    endloop
  endfacet
  facet normal -0.105670 -0.833746 -0.541942
    outer loop
      vertex 98.147193 57.235467 9.929480
      vertex 99.527791 57.060488 9.929480
      vertex 100.088997 56.583938 10.553198
    endloop
  endfacet
  facet normal -0.105670 -0.833746 -0.541942
    outer loop
      vertex 98.147193 57.235467 9.929480
      vertex 100.088997 56.583938 10.553198
      vertex 98.571713 56.776241 10.553198
    endloop
  endfacet
  facet normal 0.102008 0.804847 0.584650
    outer loop
      vertex 98.070129 58.298265 9.260580
      vertex 97.044557 58.428248 9.260580
      vertex 97.469344 57.968733 9.819047
    endloop
  endfacet
  facet normal 0.102008 0.804847 0.584650
    outer loop
      vertex 98.070129 58.298265 9.260580
      vertex 97.469344 57.968733 9.819047
      vertex 98.631688 57.821416 9.819047
    endloop
  endfacet
  facet normal 0.808935 0.267349 -0.523592
    outer loop
      vertex 99.527791 57.060488 9.929480
      vertex 99.067393 58.453540 9.929480
      vertex 99.583017 58.114909 10.553198
    endloop
  endfacet
  facet normal 0.808935 0.267349 -0.523592
    outer loop
      vertex 99.527791 57.060488 9.929480
      vertex 99.583017 58.114909 10.553198
      vertex 100.088997 56.583938 10.553198
    endloop
  endfacet
  facet normal -0.782672 -0.258670 0.566139
    outer loop
      vertex 97.728125 59.333090 9.260580
      vertex 98.070129 58.298265 9.260580
      vertex 98.631688 57.821416 9.819047
    endloop
  endfacet
  facet normal -0.782672 -0.258670 0.566139
    outer loop
      vertex 97.728125 59.333090 9.260580
      vertex 98.631688 57.821416 9.819047
      vertex 98.244073 58.994246 9.819047
    endloop
  endfacet
  facet normal 0.808834 0.261321 -0.526781
    outer loop
      vertex 99.067393 58.453540 9.929480
      vertex 98.589484 59.932752 9.929480
      vertex 99.057792 59.740571 10.553198
    endloop
  endfacet
  facet normal 0.808834 0.261321 -0.526781
    outer loop
      vertex 99.067393 58.453540 9.929480
      vertex 99.057792 59.740571 10.553198
      vertex 99.583017 58.114909 10.553198
    endloop
  endfacet
  facet normal -0.782270 -0.252739 0.569366
    outer loop
      vertex 97.373111 60.431918 9.260580
      vertex 97.728125 59.333090 9.260580
      vertex 98.244073 58.994246 9.819047
    endloop
  endfacet
  facet normal -0.782270 -0.252739 0.569366
    outer loop
      vertex 97.373111 60.431918 9.260580
      vertex 98.244073 58.994246 9.819047
      vertex 97.841714 60.239616 9.819047
    endloop
  endfacet
  facet normal 0.808432 0.266081 -0.525013
    outer loop
      vertex 98.589484 59.932752 9.929480
      vertex 98.066433 61.521935 9.929480
      vertex 98.482957 61.487092 10.553198
    endloop
  endfacet
  facet normal 0.808432 0.266081 -0.525013
    outer loop
      vertex 98.589484 59.932752 9.929480
      vertex 98.482957 61.487092 10.553198
      vertex 99.057792 59.740571 10.553198
    endloop
  endfacet
  facet normal -0.782050 -0.257398 0.567577
    outer loop
      vertex 96.984564 61.612437 9.260580
      vertex 97.373111 60.431918 9.260580
      vertex 97.841714 60.239616 9.819047
    endloop
  endfacet
  facet normal -0.782050 -0.257398 0.567577
    outer loop
      vertex 96.984564 61.612437 9.260580
      vertex 97.841714 60.239616 9.819047
      vertex 97.401350 61.577572 9.819047
    endloop
  endfacet
  facet normal 0.801533 0.297575 -0.518646
    outer loop
      vertex 98.066433 61.521935 9.929480
      vertex 97.443014 63.201147 9.929480
      vertex 97.797816 63.332554 10.553198
    endloop
  endfacet
  facet normal 0.801533 0.297575 -0.518646
    outer loop
      vertex 98.066433 61.521935 9.929480
      vertex 97.797816 63.332554 10.553198
      vertex 98.482957 61.487092 10.553198
    endloop
  endfacet
  facet normal -0.775977 -0.288087 0.561129
    outer loop
      vertex 96.521460 62.859834 9.260580
      vertex 96.984564 61.612437 9.260580
      vertex 97.401350 61.577572 9.819047
    endloop
  endfacet
  facet normal -0.775977 -0.288087 0.561129
    outer loop
      vertex 96.521460 62.859834 9.260580
      vertex 97.401350 61.577572 9.819047
      vertex 96.876485 62.991324 9.819047
    endloop
  endfacet
  facet normal 0.780985 0.349168 -0.517827
    outer loop
      vertex 97.443014 63.201147 9.929480
      vertex 96.707203 64.846937 9.929480
      vertex 96.989156 65.141286 10.553198
    endloop
  endfacet
  facet normal 0.780985 0.349168 -0.517827
    outer loop
      vertex 97.443014 63.201147 9.929480
      vertex 96.989156 65.141286 10.553198
      vertex 97.797816 63.332554 10.553198
    endloop
  endfacet
  facet normal -0.756159 -0.338068 0.560298
    outer loop
      vertex 95.974865 64.082404 9.260580
      vertex 96.521460 62.859834 9.260580
      vertex 96.876485 62.991324 9.819047
    endloop
  endfacet
  facet normal -0.756159 -0.338068 0.560298
    outer loop
      vertex 95.974865 64.082404 9.260580
      vertex 96.876485 62.991324 9.819047
      vertex 96.256996 64.376938 9.819047
    endloop
  endfacet
  facet normal 0.761590 0.381125 -0.524141
    outer loop
      vertex 96.707203 64.846937 9.929480
      vertex 95.949379 66.361275 9.929480
      vertex 96.156304 66.805551 10.553198
    endloop
  endfacet
  facet normal 0.761590 0.381125 -0.524141
    outer loop
      vertex 96.707203 64.846937 9.929480
      vertex 96.156304 66.805551 10.553198
      vertex 96.989156 65.141286 10.553198
    endloop
  endfacet
  facet normal -0.736815 -0.368727 0.566695
    outer loop
      vertex 95.411918 65.207324 9.260580
      vertex 95.974865 64.082404 9.260580
      vertex 96.256996 64.376938 9.819047
    endloop
  endfacet
  facet normal -0.736815 -0.368727 0.566695
    outer loop
      vertex 95.411918 65.207324 9.260580
      vertex 96.256996 64.376938 9.819047
      vertex 95.618973 65.651880 9.819047
    endloop
  endfacet
  facet normal 0.756617 0.387246 -0.526851
    outer loop
      vertex 95.949379 66.361275 9.929480
      vertex 95.233683 67.759631 9.929480
      vertex 95.369750 68.342351 10.553198
    endloop
  endfacet
  facet normal 0.756617 0.387246 -0.526851
    outer loop
      vertex 95.949379 66.361275 9.929480
      vertex 95.369750 68.342351 10.553198
      vertex 96.156304 66.805551 10.553198
    endloop
  endfacet
  facet normal -0.731761 -0.374524 0.569436
    outer loop
      vertex 94.880265 66.246089 9.260580
      vertex 95.411918 65.207324 9.260580
      vertex 95.618973 65.651880 9.819047
    endloop
  endfacet
  facet normal -0.731761 -0.374524 0.569436
    outer loop
      vertex 94.880265 66.246089 9.260580
      vertex 95.618973 65.651880 9.819047
      vertex 95.016418 66.829176 9.819047
    endloop
  endfacet
  facet normal 0.760269 0.383607 -0.524249
    outer loop
      vertex 95.233683 67.759631 9.929480
      vertex 94.567496 69.079944 9.929480
      vertex 94.637607 69.793382 10.553198
    endloop
  endfacet
  facet normal 0.760269 0.383607 -0.524249
    outer loop
      vertex 95.233683 67.759631 9.929480
      vertex 94.637607 69.793382 10.553198
      vertex 95.369750 68.342351 10.553198
    endloop
  endfacet
  facet normal -0.735528 -0.371123 0.566804
    outer loop
      vertex 94.385391 67.226879 9.260580
      vertex 94.880265 66.246089 9.260580
      vertex 95.016418 66.829176 9.819047
    endloop
  endfacet
  facet normal -0.735528 -0.371123 0.566804
    outer loop
      vertex 94.385391 67.226879 9.260580
      vertex 95.016418 66.829176 9.819047
      vertex 94.455546 67.940766 9.819047
    endloop
  endfacet
  facet normal -0.629152 0.545719 -0.553497
    outer loop
      vertex 94.567496 69.079944 9.929480
      vertex 93.676520 68.052752 9.929480
      vertex 93.658420 68.664492 10.553198
    endloop
  endfacet
  facet normal -0.629152 0.545719 -0.553497
    outer loop
      vertex 94.567496 69.079944 9.929480
      vertex 93.658420 68.664492 10.553198
      vertex 94.637607 69.793382 10.553198
    endloop
  endfacet
  facet normal 0.606454 -0.526032 0.596241
    outer loop
      vertex 93.723532 66.463832 9.260580
      vertex 94.385391 67.226879 9.260580
      vertex 94.455546 67.940766 9.819047
    endloop
  endfacet
  facet normal 0.606454 -0.526032 0.596241
    outer loop
      vertex 93.723532 66.463832 9.260580
      vertex 94.455546 67.940766 9.819047
      vertex 93.705421 67.075958 9.819047
    endloop
  endfacet
  facet normal -0.626759 0.547133 -0.554814
    outer loop
      vertex 93.676520 68.052752 9.929480
      vertex 92.732464 66.971302 9.929480
      vertex 92.620898 67.475974 10.553198
    endloop
  endfacet
  facet normal -0.626759 0.547133 -0.554814
    outer loop
      vertex 93.676520 68.052752 9.929480
      vertex 92.620898 67.475974 10.553198
      vertex 93.658420 68.664492 10.553198
    endloop
  endfacet
  facet normal 0.604047 -0.527305 0.597559
    outer loop
      vertex 93.022243 65.660481 9.260580
      vertex 93.723532 66.463832 9.260580
      vertex 93.705421 67.075958 9.819047
    endloop
  endfacet
  facet normal 0.604047 -0.527305 0.597559
    outer loop
      vertex 93.022243 65.660481 9.260580
      vertex 93.705421 67.075958 9.819047
      vertex 92.910607 66.165471 9.819047
    endloop
  endfacet
  facet normal -0.633231 0.542380 -0.552126
    outer loop
      vertex 92.732464 66.971302 9.929480
      vertex 91.736893 65.808968 9.929480
      vertex 91.526760 66.198563 10.553198
    endloop
  endfacet
  facet normal -0.633231 0.542380 -0.552126
    outer loop
      vertex 92.732464 66.971302 9.929480
      vertex 91.526760 66.198563 10.553198
      vertex 92.620898 67.475974 10.553198
    endloop
  endfacet
  facet normal 0.610494 -0.522904 0.594868
    outer loop
      vertex 92.282687 64.797045 9.260580
      vertex 93.022243 65.660481 9.260580
      vertex 92.910607 66.165471 9.819047
    endloop
  endfacet
  facet normal 0.610494 -0.522904 0.594868
    outer loop
      vertex 92.282687 64.797045 9.260580
      vertex 92.910607 66.165471 9.819047
      vertex 92.072422 65.186885 9.819047
    endloop
  endfacet
  facet normal -0.654434 0.522305 -0.546730
    outer loop
      vertex 91.736893 65.808968 9.929480
      vertex 90.727497 64.544222 9.929480
      vertex 90.417429 64.808601 10.553198
    endloop
  endfacet
  facet normal -0.654434 0.522305 -0.546730
    outer loop
      vertex 91.736893 65.808968 9.929480
      vertex 90.417429 64.808601 10.553198
      vertex 91.526760 66.198563 10.553198
    endloop
  endfacet
  facet normal 0.631368 -0.503896 0.589459
    outer loop
      vertex 91.532860 63.857533 9.260580
      vertex 92.282687 64.797045 9.260580
      vertex 92.072422 65.186885 9.819047
    endloop
  endfacet
  facet normal 0.631368 -0.503896 0.589459
    outer loop
      vertex 91.532860 63.857533 9.260580
      vertex 92.072422 65.186885 9.819047
      vertex 91.222597 64.122078 9.819047
    endloop
  endfacet
  facet normal -0.683024 0.485758 -0.545452
    outer loop
      vertex 90.727497 64.544222 9.929480
      vertex 89.779995 63.211942 9.929480
      vertex 89.376120 63.344418 10.553198
    endloop
  endfacet
  facet normal -0.683024 0.485758 -0.545452
    outer loop
      vertex 90.727497 64.544222 9.929480
      vertex 89.376120 63.344418 10.553198
      vertex 90.417429 64.808601 10.553198
    endloop
  endfacet
  facet normal 0.659057 -0.468713 0.588176
    outer loop
      vertex 90.829012 62.867853 9.260580
      vertex 91.532860 63.857533 9.260580
      vertex 91.222597 64.122078 9.819047
    endloop
  endfacet
  facet normal 0.659057 -0.468713 0.588176
    outer loop
      vertex 90.829012 62.867853 9.260580
      vertex 91.222597 64.122078 9.819047
      vertex 90.424882 63.000412 9.819047
    endloop
  endfacet
  facet normal -0.701067 0.453527 -0.550289
    outer loop
      vertex 89.779995 63.211942 9.929480
      vertex 88.930642 61.899001 9.929480
      vertex 88.442677 61.901489 10.553198
    endloop
  endfacet
  facet normal -0.701067 0.453527 -0.550289
    outer loop
      vertex 89.779995 63.211942 9.929480
      vertex 88.442677 61.901489 10.553198
      vertex 89.376120 63.344418 10.553198
    endloop
  endfacet
  facet normal 0.676053 -0.437344 0.593029
    outer loop
      vertex 90.198073 61.892539 9.260580
      vertex 90.829012 62.867853 9.260580
      vertex 90.424882 63.000412 9.819047
    endloop
  endfacet
  facet normal 0.676053 -0.437344 0.593029
    outer loop
      vertex 90.198073 61.892539 9.260580
      vertex 90.424882 63.000412 9.819047
      vertex 89.709800 61.895029 9.819047
    endloop
  endfacet
  facet normal -0.706292 0.440315 -0.554324
    outer loop
      vertex 88.930642 61.899001 9.929480
      vertex 88.155075 60.654944 9.929480
      vertex 87.590324 60.534264 10.553198
    endloop
  endfacet
  facet normal -0.706292 0.440315 -0.554324
    outer loop
      vertex 88.930642 61.899001 9.929480
      vertex 87.590324 60.534264 10.553198
      vertex 88.442677 61.901489 10.553198
    endloop
  endfacet
  facet normal 0.680739 -0.424385 0.597069
    outer loop
      vertex 89.621945 60.968395 9.260580
      vertex 90.198073 61.892539 9.260580
      vertex 89.709800 61.895029 9.819047
    endloop
  endfacet
  facet normal 0.680739 -0.424385 0.597069
    outer loop
      vertex 89.621945 60.968395 9.260580
      vertex 89.709800 61.895029 9.819047
      vertex 89.056839 60.847639 9.819047
    endloop
  endfacet
  facet normal -0.706236 0.440515 -0.554235
    outer loop
      vertex 88.155075 60.654944 9.929480
      vertex 87.423065 59.481381 9.929480
      vertex 86.785841 59.244513 10.553198
    endloop
  endfacet
  facet normal -0.706236 0.440515 -0.554235
    outer loop
      vertex 88.155075 60.654944 9.929480
      vertex 86.785841 59.244513 10.553198
      vertex 87.590324 60.534264 10.553198
    endloop
  endfacet
  facet normal 0.680694 -0.424583 0.596980
    outer loop
      vertex 89.078174 60.096618 9.260580
      vertex 89.621945 60.968395 9.260580
      vertex 89.056839 60.847639 9.819047
    endloop
  endfacet
  facet normal 0.680694 -0.424583 0.596980
    outer loop
      vertex 89.078174 60.096618 9.260580
      vertex 89.056839 60.847639 9.819047
      vertex 88.440549 59.859601 9.819047
    endloop
  endfacet
  facet normal -0.227947 -0.792887 -0.565129
    outer loop
      vertex 86.785841 59.244513 10.553198
      vertex 88.292824 58.811270 10.553198
      vertex 87.769105 58.523128 11.168711
    endloop
  endfacet
  facet normal -0.227947 -0.792887 -0.565129
    outer loop
      vertex 86.785841 59.244513 10.553198
      vertex 87.769105 58.523128 11.168711
      vertex 86.120340 58.997132 11.168711
    endloop
  endfacet
  facet normal 0.220252 0.766120 0.603778
    outer loop
      vertex 89.595002 59.527706 9.819047
      vertex 88.440549 59.859601 9.819047
      vertex 87.775797 59.612499 10.375083
    endloop
  endfacet
  facet normal 0.220252 0.766120 0.603778
    outer loop
      vertex 89.595002 59.527706 9.819047
      vertex 87.775797 59.612499 10.375083
      vertex 89.071874 59.239890 10.375083
    endloop
  endfacet
  facet normal -0.228903 -0.792246 -0.565641
    outer loop
      vertex 88.292824 58.811270 10.553198
      vertex 89.893658 58.348742 10.553198
      vertex 89.520552 58.017084 11.168711
    endloop
  endfacet
  facet normal -0.228903 -0.792246 -0.565641
    outer loop
      vertex 88.292824 58.811270 10.553198
      vertex 89.520552 58.017084 11.168711
      vertex 87.769105 58.523128 11.168711
    endloop
  endfacet
  facet normal 0.221162 0.765455 0.604290
    outer loop
      vertex 90.821352 59.173378 9.819047
      vertex 89.595002 59.527706 9.819047
      vertex 89.071874 59.239890 10.375083
    endloop
  endfacet
  facet normal 0.221162 0.765455 0.604290
    outer loop
      vertex 90.821352 59.173378 9.819047
      vertex 89.071874 59.239890 10.375083
      vertex 90.448666 58.842094 10.375083
    endloop
  endfacet
  facet normal -0.216206 -0.798762 -0.561456
    outer loop
      vertex 89.893658 58.348742 10.553198
      vertex 91.616610 57.882379 10.553198
      vertex 91.405605 57.506844 11.168711
    endloop
  endfacet
  facet normal -0.216206 -0.798762 -0.561456
    outer loop
      vertex 89.893658 58.348742 10.553198
      vertex 91.405605 57.506844 11.168711
      vertex 89.520552 58.017084 11.168711
    endloop
  endfacet
  facet normal 0.208997 0.772130 0.600113
    outer loop
      vertex 92.141252 58.816112 9.819047
      vertex 90.821352 59.173378 9.819047
      vertex 90.448666 58.842094 10.375083
    endloop
  endfacet
  facet normal 0.208997 0.772130 0.600113
    outer loop
      vertex 92.141252 58.816112 9.819047
      vertex 90.448666 58.842094 10.375083
      vertex 91.930486 58.441000 10.375083
    endloop
  endfacet
  facet normal -0.178806 -0.811460 -0.556382
    outer loop
      vertex 91.616610 57.882379 10.553198
      vertex 93.441776 57.480203 10.553198
      vertex 93.402491 57.066829 11.168711
    endloop
  endfacet
  facet normal -0.178806 -0.811460 -0.556382
    outer loop
      vertex 91.616610 57.882379 10.553198
      vertex 93.402491 57.066829 11.168711
      vertex 91.405605 57.506844 11.168711
    endloop
  endfacet
  facet normal 0.172946 0.784867 0.595041
    outer loop
      vertex 93.539457 58.508017 9.819047
      vertex 92.141252 58.816112 9.819047
      vertex 91.930486 58.441000 10.375083
    endloop
  endfacet
  facet normal 0.172946 0.784867 0.595041
    outer loop
      vertex 93.539457 58.508017 9.819047
      vertex 91.930486 58.441000 10.375083
      vertex 93.500215 58.095109 10.375083
    endloop
  endfacet
  facet normal -0.131323 -0.819069 -0.558462
    outer loop
      vertex 93.441776 57.480203 10.553198
      vertex 95.256786 57.189199 10.553198
      vertex 95.388263 56.748447 11.168711
    endloop
  endfacet
  facet normal -0.131323 -0.819069 -0.558462
    outer loop
      vertex 93.441776 57.480203 10.553198
      vertex 95.388263 56.748447 11.168711
      vertex 93.402491 57.066829 11.168711
    endloop
  endfacet
  facet normal 0.126989 0.792036 0.597121
    outer loop
      vertex 94.929880 58.285087 9.819047
      vertex 93.539457 58.508017 9.819047
      vertex 93.500215 58.095109 10.375083
    endloop
  endfacet
  facet normal 0.126989 0.792036 0.597121
    outer loop
      vertex 94.929880 58.285087 9.819047
      vertex 93.500215 58.095109 10.375083
      vertex 95.061209 57.844832 10.375083
    endloop
  endfacet
  facet normal -0.104404 -0.819024 -0.564180
    outer loop
      vertex 95.256786 57.189199 10.553198
      vertex 96.968874 56.970952 10.553198
      vertex 97.261431 56.509666 11.168711
    endloop
  endfacet
  facet normal -0.104404 -0.819024 -0.564180
    outer loop
      vertex 95.256786 57.189199 10.553198
      vertex 97.261431 56.509666 11.168711
      vertex 95.388263 56.748447 11.168711
    endloop
  endfacet
  facet normal 0.100891 0.791464 0.602832
    outer loop
      vertex 96.241458 58.117895 9.819047
      vertex 94.929880 58.285087 9.819047
      vertex 95.061209 57.844832 10.375083
    endloop
  endfacet
  facet normal 0.100891 0.791464 0.602832
    outer loop
      vertex 96.241458 58.117895 9.819047
      vertex 95.061209 57.844832 10.375083
      vertex 96.533685 57.657130 10.375083
    endloop
  endfacet
  facet normal -0.099413 -0.818355 -0.566050
    outer loop
      vertex 96.968874 56.970952 10.553198
      vertex 98.571713 56.776241 10.553198
      vertex 99.015071 56.296636 11.168711
    endloop
  endfacet
  facet normal -0.099413 -0.818355 -0.566050
    outer loop
      vertex 96.968874 56.970952 10.553198
      vertex 99.015071 56.296636 11.168711
      vertex 97.261431 56.509666 11.168711
    endloop
  endfacet
  facet normal 0.096046 0.790643 0.604698
    outer loop
      vertex 97.469344 57.968733 9.819047
      vertex 96.241458 58.117895 9.819047
      vertex 96.533685 57.657130 10.375083
    endloop
  endfacet
  facet normal 0.096046 0.790643 0.604698
    outer loop
      vertex 97.469344 57.968733 9.819047
      vertex 96.533685 57.657130 10.375083
      vertex 97.912203 57.489669 10.375083
    endloop
  endfacet
  facet normal -0.103856 -0.819432 -0.563689
    outer loop
      vertex 98.571713 56.776241 10.553198
      vertex 100.088997 56.583938 10.553198
      vertex 100.675107 56.086241 11.168711
    endloop
  endfacet
  facet normal -0.103856 -0.819432 -0.563689
    outer loop
      vertex 98.571713 56.776241 10.553198
      vertex 100.675107 56.086241 11.168711
      vertex 99.015071 56.296636 11.168711
    endloop
  endfacet
  facet normal 0.100367 0.791903 0.602342
    outer loop
      vertex 98.631688 57.821416 9.819047
      vertex 97.469344 57.968733 9.819047
      vertex 97.912203 57.489669 10.375083
    endloop
  endfacet
  facet normal 0.100367 0.791903 0.602342
    outer loop
      vertex 98.631688 57.821416 9.819047
      vertex 97.912203 57.489669 10.375083
      vertex 99.217138 57.324279 10.375083
    endloop
  endfacet
  facet normal 0.795949 0.263058 -0.545221
    outer loop
      vertex 100.088997 56.583938 10.553198
      vertex 99.583017 58.114909 10.553198
      vertex 100.121523 57.761252 11.168711
    endloop
  endfacet
  facet normal 0.795949 0.263058 -0.545221
    outer loop
      vertex 100.088997 56.583938 10.553198
      vertex 100.121523 57.761252 11.168711
      vertex 100.675107 56.086241 11.168711
    endloop
  endfacet
  facet normal -0.770852 -0.254763 0.583852
    outer loop
      vertex 98.244073 58.994246 9.819047
      vertex 98.631688 57.821416 9.819047
      vertex 99.217138 57.324279 10.375083
    endloop
  endfacet
  facet normal -0.770852 -0.254763 0.583852
    outer loop
      vertex 98.244073 58.994246 9.819047
      vertex 99.217138 57.324279 10.375083
      vertex 98.781972 58.640987 10.375083
    endloop
  endfacet
  facet normal 0.795695 0.257076 -0.548436
    outer loop
      vertex 99.583017 58.114909 10.553198
      vertex 99.057792 59.740571 10.553198
      vertex 99.546883 59.539862 11.168711
    endloop
  endfacet
  facet normal 0.795695 0.257076 -0.548436
    outer loop
      vertex 99.583017 58.114909 10.553198
      vertex 99.546883 59.539862 11.168711
      vertex 100.121523 57.761252 11.168711
    endloop
  endfacet
  facet normal -0.770323 -0.248879 0.587079
    outer loop
      vertex 97.841714 60.239616 9.819047
      vertex 98.244073 58.994246 9.819047
      vertex 98.781972 58.640987 10.375083
    endloop
  endfacet
  facet normal -0.770323 -0.248879 0.587079
    outer loop
      vertex 97.841714 60.239616 9.819047
      vertex 98.781972 58.640987 10.375083
      vertex 98.330254 60.039133 10.375083
    endloop
  endfacet
  facet normal 0.795385 0.261787 -0.546654
    outer loop
      vertex 99.057792 59.740571 10.553198
      vertex 98.482957 61.487092 10.553198
      vertex 98.917964 61.450702 11.168711
    endloop
  endfacet
  facet normal 0.795385 0.261787 -0.546654
    outer loop
      vertex 99.057792 59.740571 10.553198
      vertex 98.917964 61.450702 11.168711
      vertex 99.546883 59.539862 11.168711
    endloop
  endfacet
  facet normal -0.770180 -0.253491 0.585291
    outer loop
      vertex 97.401350 61.577572 9.819047
      vertex 97.841714 60.239616 9.819047
      vertex 98.330254 60.039133 10.375083
    endloop
  endfacet
  facet normal -0.770180 -0.253491 0.585291
    outer loop
      vertex 97.401350 61.577572 9.819047
      vertex 98.330254 60.039133 10.375083
      vertex 97.835868 61.541223 10.375083
    endloop
  endfacet
  facet normal 0.788902 0.292885 -0.540233
    outer loop
      vertex 98.482957 61.487092 10.553198
      vertex 97.797816 63.332554 10.553198
      vertex 98.168363 63.469793 11.168711
    endloop
  endfacet
  facet normal 0.788902 0.292885 -0.540233
    outer loop
      vertex 98.482957 61.487092 10.553198
      vertex 98.168363 63.469793 11.168711
      vertex 98.917964 61.450702 11.168711
    endloop
  endfacet
  facet normal -0.764459 -0.283811 0.578838
    outer loop
      vertex 96.876485 62.991324 9.819047
      vertex 97.401350 61.577572 9.819047
      vertex 97.835868 61.541223 10.375083
    endloop
  endfacet
  facet normal -0.764459 -0.283811 0.578838
    outer loop
      vertex 96.876485 62.991324 9.819047
      vertex 97.835868 61.541223 10.375083
      vertex 97.246615 63.128408 10.375083
    endloop
  endfacet
  facet normal 0.768715 0.343682 -0.539406
    outer loop
      vertex 97.797816 63.332554 10.553198
      vertex 96.989156 65.141286 10.553198
      vertex 97.283622 65.448697 11.168711
    endloop
  endfacet
  facet normal 0.768715 0.343682 -0.539406
    outer loop
      vertex 97.797816 63.332554 10.553198
      vertex 97.283622 65.448697 11.168711
      vertex 98.168363 63.469793 11.168711
    endloop
  endfacet
  facet normal -0.744968 -0.333065 0.578006
    outer loop
      vertex 96.256996 64.376938 9.819047
      vertex 96.876485 62.991324 9.819047
      vertex 97.246615 63.128408 10.375083
    endloop
  endfacet
  facet normal -0.744968 -0.333065 0.578006
    outer loop
      vertex 96.256996 64.376938 9.819047
      vertex 97.246615 63.128408 10.375083
      vertex 96.551129 64.684002 10.375083
    endloop
  endfacet
  facet normal 0.749339 0.374994 -0.545775
    outer loop
      vertex 96.989156 65.141286 10.553198
      vertex 96.156304 66.805551 10.553198
      vertex 96.372411 67.269542 11.168711
    endloop
  endfacet
  facet normal 0.749339 0.374994 -0.545775
    outer loop
      vertex 96.989156 65.141286 10.553198
      vertex 96.372411 67.269542 11.168711
      vertex 97.283622 65.448697 11.168711
    endloop
  endfacet
  facet normal -0.725666 -0.363147 0.584408
    outer loop
      vertex 95.618973 65.651880 9.819047
      vertex 96.256996 64.376938 9.819047
      vertex 96.551129 64.684002 10.375083
    endloop
  endfacet
  facet normal -0.725666 -0.363147 0.584408
    outer loop
      vertex 95.618973 65.651880 9.819047
      vertex 96.551129 64.684002 10.375083
      vertex 95.834837 66.115348 10.375083
    endloop
  endfacet
  facet normal 0.744322 0.380953 -0.548506
    outer loop
      vertex 96.156304 66.805551 10.553198
      vertex 95.369750 68.342351 10.553198
      vertex 95.511855 68.950931 11.168711
    endloop
  endfacet
  facet normal 0.744322 0.380953 -0.548506
    outer loop
      vertex 96.156304 66.805551 10.553198
      vertex 95.511855 68.950931 11.168711
      vertex 96.372411 67.269542 11.168711
    endloop
  endfacet
  facet normal -0.720583 -0.368803 0.587150
    outer loop
      vertex 95.016418 66.829176 9.819047
      vertex 95.618973 65.651880 9.819047
      vertex 95.834837 66.115348 10.375083
    endloop
  endfacet
  facet normal -0.720583 -0.368803 0.587150
    outer loop
      vertex 95.016418 66.829176 9.819047
      vertex 95.834837 66.115348 10.375083
      vertex 95.158364 67.437069 10.375083
    endloop
  endfacet
  facet normal 0.748034 0.377434 -0.545883
    outer loop
      vertex 95.369750 68.342351 10.553198
      vertex 94.637607 69.793382 10.553198
      vertex 94.710830 70.538480 11.168711
    endloop
  endfacet
  facet normal 0.748034 0.377434 -0.545883
    outer loop
      vertex 95.369750 68.342351 10.553198
      vertex 94.710830 70.538480 11.168711
      vertex 95.511855 68.950931 11.168711
    endloop
  endfacet
  facet normal -0.724393 -0.365505 0.584517
    outer loop
      vertex 94.455546 67.940766 9.819047
      vertex 95.016418 66.829176 9.819047
      vertex 95.158364 67.437069 10.375083
    endloop
  endfacet
  facet normal -0.724393 -0.365505 0.584517
    outer loop
      vertex 94.455546 67.940766 9.819047
      vertex 95.158364 67.437069 10.375083
      vertex 94.528686 68.685024 10.375083
    endloop
  endfacet
  facet normal -0.617897 0.535957 -0.575286
    outer loop
      vertex 94.637607 69.793382 10.553198
      vertex 93.658420 68.664492 10.553198
      vertex 93.639517 69.303380 11.168711
    endloop
  endfacet
  facet normal -0.617897 0.535957 -0.575286
    outer loop
      vertex 94.637607 69.793382 10.553198
      vertex 93.639517 69.303380 11.168711
      vertex 94.710830 70.538480 11.168711
    endloop
  endfacet
  facet normal 0.596320 -0.517241 0.613892
    outer loop
      vertex 93.705421 67.075958 9.819047
      vertex 94.455546 67.940766 9.819047
      vertex 94.528686 68.685024 10.375083
    endloop
  endfacet
  facet normal 0.596320 -0.517241 0.613892
    outer loop
      vertex 93.705421 67.075958 9.819047
      vertex 94.528686 68.685024 10.375083
      vertex 93.686539 67.714125 10.375083
    endloop
  endfacet
  facet normal -0.615495 0.537299 -0.576606
    outer loop
      vertex 93.658420 68.664492 10.553198
      vertex 92.620898 67.475974 10.553198
      vertex 92.504380 68.003041 11.168711
    endloop
  endfacet
  facet normal -0.615495 0.537299 -0.576606
    outer loop
      vertex 93.658420 68.664492 10.553198
      vertex 92.504380 68.003041 11.168711
      vertex 93.639517 69.303380 11.168711
    endloop
  endfacet
  facet normal 0.593909 -0.518456 0.615204
    outer loop
      vertex 92.910607 66.165471 9.819047
      vertex 93.705421 67.075958 9.819047
      vertex 93.686539 67.714125 10.375083
    endloop
  endfacet
  facet normal 0.593909 -0.518456 0.615204
    outer loop
      vertex 92.910607 66.165471 9.819047
      vertex 93.686539 67.714125 10.375083
      vertex 92.794221 66.691944 10.375083
    endloop
  endfacet
  facet normal -0.621958 0.532724 -0.573911
    outer loop
      vertex 92.620898 67.475974 10.553198
      vertex 91.526760 66.198563 10.553198
      vertex 91.307302 66.605446 11.168711
    endloop
  endfacet
  facet normal -0.621958 0.532724 -0.573911
    outer loop
      vertex 92.620898 67.475974 10.553198
      vertex 91.307302 66.605446 11.168711
      vertex 92.504380 68.003041 11.168711
    endloop
  endfacet
  facet normal 0.600338 -0.514205 0.612525
    outer loop
      vertex 92.072422 65.186885 9.819047
      vertex 92.910607 66.165471 9.819047
      vertex 92.794221 66.691944 10.375083
    endloop
  endfacet
  facet normal 0.600338 -0.514205 0.612525
    outer loop
      vertex 92.072422 65.186885 9.819047
      vertex 92.794221 66.691944 10.375083
      vertex 91.853211 65.593310 10.375083
    endloop
  endfacet
  facet normal -0.643004 0.513183 -0.568498
    outer loop
      vertex 91.526760 66.198563 10.553198
      vertex 90.417429 64.808601 10.553198
      vertex 90.093600 65.084711 11.168711
    endloop
  endfacet
  facet normal -0.643004 0.513183 -0.568498
    outer loop
      vertex 91.526760 66.198563 10.553198
      vertex 90.093600 65.084711 11.168711
      vertex 91.307302 66.605446 11.168711
    endloop
  endfacet
  facet normal 0.621051 -0.495662 0.607137
    outer loop
      vertex 91.222597 64.122078 9.819047
      vertex 92.072422 65.186885 9.819047
      vertex 91.853211 65.593310 10.375083
    endloop
  endfacet
  facet normal 0.621051 -0.495662 0.607137
    outer loop
      vertex 91.222597 64.122078 9.819047
      vertex 91.853211 65.593310 10.375083
      vertex 90.899134 64.397877 10.375083
    endloop
  endfacet
  facet normal -0.671149 0.477313 -0.567214
    outer loop
      vertex 90.417429 64.808601 10.553198
      vertex 89.376120 63.344418 10.553198
      vertex 88.954321 63.482772 11.168711
    endloop
  endfacet
  facet normal -0.671149 0.477313 -0.567214
    outer loop
      vertex 90.417429 64.808601 10.553198
      vertex 88.954321 63.482772 11.168711
      vertex 90.093600 65.084711 11.168711
    endloop
  endfacet
  facet normal 0.648333 -0.461086 0.605858
    outer loop
      vertex 90.424882 63.000412 9.819047
      vertex 91.222597 64.122078 9.819047
      vertex 90.899134 64.397877 10.375083
    endloop
  endfacet
  facet normal 0.648333 -0.461086 0.605858
    outer loop
      vertex 90.424882 63.000412 9.819047
      vertex 90.899134 64.397877 10.375083
      vertex 90.003559 63.138611 10.375083
    endloop
  endfacet
  facet normal -0.688667 0.445505 -0.572070
    outer loop
      vertex 89.376120 63.344418 10.553198
      vertex 88.442677 61.901489 10.553198
      vertex 87.933056 61.904088 11.168711
    endloop
  endfacet
  facet normal -0.688667 0.445505 -0.572070
    outer loop
      vertex 89.376120 63.344418 10.553198
      vertex 87.933056 61.904088 11.168711
      vertex 88.954321 63.482772 11.168711
    endloop
  endfacet
  facet normal 0.664874 -0.430113 0.610693
    outer loop
      vertex 89.709800 61.895029 9.819047
      vertex 90.424882 63.000412 9.819047
      vertex 90.003559 63.138611 10.375083
    endloop
  endfacet
  facet normal 0.664874 -0.430113 0.610693
    outer loop
      vertex 89.709800 61.895029 9.819047
      vertex 90.003559 63.138611 10.375083
      vertex 89.200754 61.897624 10.375083
    endloop
  endfacet
  facet normal -0.693620 0.432415 -0.576115
    outer loop
      vertex 88.442677 61.901489 10.553198
      vertex 87.590324 60.534264 10.553198
      vertex 87.000511 60.408228 11.168711
    endloop
  endfacet
  facet normal -0.693620 0.432415 -0.576115
    outer loop
      vertex 88.442677 61.901489 10.553198
      vertex 87.000511 60.408228 11.168711
      vertex 87.933056 61.904088 11.168711
    endloop
  endfacet
  facet normal 0.669333 -0.417274 0.614716
    outer loop
      vertex 89.056839 60.847639 9.819047
      vertex 89.709800 61.895029 9.819047
      vertex 89.200754 61.897624 10.375083
    endloop
  endfacet
  facet normal 0.669333 -0.417274 0.614716
    outer loop
      vertex 89.056839 60.847639 9.819047
      vertex 89.200754 61.897624 10.375083
      vertex 88.467691 60.721746 10.375083
    endloop
  endfacet
  facet normal -0.693570 0.432614 -0.576026
    outer loop
      vertex 87.590324 60.534264 10.553198
      vertex 86.785841 59.244513 10.553198
      vertex 86.120340 58.997132 11.168711
    endloop
  endfacet
  facet normal -0.693570 0.432614 -0.576026
    outer loop
      vertex 87.590324 60.534264 10.553198
      vertex 86.120340 58.997132 11.168711
      vertex 87.000511 60.408228 11.168711
    endloop
  endfacet
  facet normal 0.669292 -0.417471 0.614627
    outer loop
      vertex 88.440549 59.859601 9.819047
      vertex 89.056839 60.847639 9.819047
      vertex 88.467691 60.721746 10.375083
    endloop
  endfacet
  facet normal 0.669292 -0.417471 0.614627
    outer loop
      vertex 88.440549 59.859601 9.819047
      vertex 88.467691 60.721746 10.375083
      vertex 87.775797 59.612499 10.375083
    endloop
  endfacet
  facet normal -0.228041 -0.793213 -0.564634
    outer loop
      vertex 86.120340 58.997132 11.168711
      vertex 87.769105 58.523128 11.168711
      vertex 87.254909 58.240226 11.773810
    endloop
  endfacet
  facet normal -0.228041 -0.793213 -0.564634
    outer loop
      vertex 86.120340 58.997132 11.168711
      vertex 87.254909 58.240226 11.773810
      vertex 85.466939 58.754250 11.773810
    endloop
  endfacet
  facet normal 0.221018 0.768784 0.600102
    outer loop
      vertex 89.071874 59.239890 10.375083
      vertex 87.775797 59.612499 10.375083
      vertex 87.121036 59.369111 10.928034
    endloop
  endfacet
  facet normal 0.221018 0.768784 0.600102
    outer loop
      vertex 89.071874 59.239890 10.375083
      vertex 87.121036 59.369111 10.928034
      vertex 88.556607 58.956398 10.928034
    endloop
  endfacet
  facet normal -0.228997 -0.792572 -0.565147
    outer loop
      vertex 87.769105 58.523128 11.168711
      vertex 89.520552 58.017084 11.168711
      vertex 89.154230 57.691457 11.773810
    endloop
  endfacet
  facet normal -0.228997 -0.792572 -0.565147
    outer loop
      vertex 87.769105 58.523128 11.168711
      vertex 89.154230 57.691457 11.773810
      vertex 87.254909 58.240226 11.773810
    endloop
  endfacet
  facet normal 0.221932 0.768120 0.600614
    outer loop
      vertex 90.448666 58.842094 10.375083
      vertex 89.071874 59.239890 10.375083
      vertex 88.556607 58.956398 10.928034
    endloop
  endfacet
  facet normal 0.221932 0.768120 0.600614
    outer loop
      vertex 90.448666 58.842094 10.375083
      vertex 88.556607 58.956398 10.928034
      vertex 90.081582 58.515789 10.928034
    endloop
  endfacet
  facet normal -0.216294 -0.799086 -0.560962
    outer loop
      vertex 89.520552 58.017084 11.168711
      vertex 91.405605 57.506844 11.168711
      vertex 91.198437 57.138138 11.773810
    endloop
  endfacet
  facet normal -0.216294 -0.799086 -0.560962
    outer loop
      vertex 89.520552 58.017084 11.168711
      vertex 91.198437 57.138138 11.773810
      vertex 89.154230 57.691457 11.773810
    endloop
  endfacet
  facet normal 0.209715 0.774781 0.596434
    outer loop
      vertex 91.930486 58.441000 10.375083
      vertex 90.448666 58.842094 10.375083
      vertex 90.081582 58.515789 10.928034
    endloop
  endfacet
  facet normal 0.209715 0.774781 0.596434
    outer loop
      vertex 91.930486 58.441000 10.375083
      vertex 90.081582 58.515789 10.928034
      vertex 91.722887 58.071526 10.928034
    endloop
  endfacet
  facet normal -0.178877 -0.811783 -0.555888
    outer loop
      vertex 91.405605 57.506844 11.168711
      vertex 93.402491 57.066829 11.168711
      vertex 93.363919 56.660972 11.773810
    endloop
  endfacet
  facet normal -0.178877 -0.811783 -0.555888
    outer loop
      vertex 91.405605 57.506844 11.168711
      vertex 93.363919 56.660972 11.773810
      vertex 91.198437 57.138138 11.773810
    endloop
  endfacet
  facet normal 0.173530 0.787517 0.591358
    outer loop
      vertex 93.500215 58.095109 10.375083
      vertex 91.930486 58.441000 10.375083
      vertex 91.722887 58.071526 10.928034
    endloop
  endfacet
  facet normal 0.173530 0.787517 0.591358
    outer loop
      vertex 93.500215 58.095109 10.375083
      vertex 91.722887 58.071526 10.928034
      vertex 93.461564 57.688407 10.928034
    endloop
  endfacet
  facet normal -0.131376 -0.819398 -0.557968
    outer loop
      vertex 93.402491 57.066829 11.168711
      vertex 95.388263 56.748447 11.168711
      vertex 95.517350 56.315709 11.773810
    endloop
  endfacet
  facet normal -0.131376 -0.819398 -0.557968
    outer loop
      vertex 93.402491 57.066829 11.168711
      vertex 95.517350 56.315709 11.773810
      vertex 93.363919 56.660972 11.773810
    endloop
  endfacet
  facet normal 0.127420 0.794729 0.593440
    outer loop
      vertex 95.061209 57.844832 10.375083
      vertex 93.500215 58.095109 10.375083
      vertex 93.461564 57.688407 10.928034
    endloop
  endfacet
  facet normal 0.127420 0.794729 0.593440
    outer loop
      vertex 95.061209 57.844832 10.375083
      vertex 93.461564 57.688407 10.928034
      vertex 95.190564 57.411193 10.928034
    endloop
  endfacet
  facet normal -0.104447 -0.819360 -0.563685
    outer loop
      vertex 95.388263 56.748447 11.168711
      vertex 97.261431 56.509666 11.168711
      vertex 97.548668 56.056768 11.773810
    endloop
  endfacet
  facet normal -0.104447 -0.819360 -0.563685
    outer loop
      vertex 95.388263 56.748447 11.168711
      vertex 97.548668 56.056768 11.773810
      vertex 95.517350 56.315709 11.773810
    endloop
  endfacet
  facet normal 0.101241 0.794207 0.599155
    outer loop
      vertex 96.533685 57.657130 10.375083
      vertex 95.061209 57.844832 10.375083
      vertex 95.190564 57.411193 10.928034
    endloop
  endfacet
  facet normal 0.101241 0.794207 0.599155
    outer loop
      vertex 96.533685 57.657130 10.375083
      vertex 95.190564 57.411193 10.928034
      vertex 96.821521 57.203289 10.928034
    endloop
  endfacet
  facet normal -0.099454 -0.818692 -0.565555
    outer loop
      vertex 97.261431 56.509666 11.168711
      vertex 99.015071 56.296636 11.168711
      vertex 99.450368 55.825752 11.773810
    endloop
  endfacet
  facet normal -0.099454 -0.818692 -0.565555
    outer loop
      vertex 97.261431 56.509666 11.168711
      vertex 99.450368 55.825752 11.773810
      vertex 97.548668 56.056768 11.773810
    endloop
  endfacet
  facet normal 0.096381 0.793400 0.601022
    outer loop
      vertex 97.912203 57.489669 10.375083
      vertex 96.533685 57.657130 10.375083
      vertex 96.821521 57.203289 10.928034
    endloop
  endfacet
  facet normal 0.096381 0.793400 0.601022
    outer loop
      vertex 97.912203 57.489669 10.375083
      vertex 96.821521 57.203289 10.928034
      vertex 98.348406 57.017805 10.928034
    endloop
  endfacet
  facet normal -0.103899 -0.819767 -0.563194
    outer loop
      vertex 99.015071 56.296636 11.168711
      vertex 100.675107 56.086241 11.168711
      vertex 101.250560 55.597593 11.773810
    endloop
  endfacet
  facet normal -0.103899 -0.819767 -0.563194
    outer loop
      vertex 99.015071 56.296636 11.168711
      vertex 101.250560 55.597593 11.773810
      vertex 99.450368 55.825752 11.773810
    endloop
  endfacet
  facet normal 0.100714 0.794643 0.598665
    outer loop
      vertex 99.217138 57.324279 10.375083
      vertex 97.912203 57.489669 10.375083
      vertex 98.348406 57.017805 10.928034
    endloop
  endfacet
  facet normal 0.100714 0.794643 0.598665
    outer loop
      vertex 99.217138 57.324279 10.375083
      vertex 98.348406 57.017805 10.928034
      vertex 99.793789 56.834614 10.928034
    endloop
  endfacet
  facet normal 0.796253 0.263158 -0.544728
    outer loop
      vertex 100.675107 56.086241 11.168711
      vertex 100.121523 57.761252 11.168711
      vertex 100.650238 57.414024 11.773810
    endloop
  endfacet
  facet normal 0.796253 0.263158 -0.544728
    outer loop
      vertex 100.675107 56.086241 11.168711
      vertex 100.650238 57.414024 11.773810
      vertex 101.250560 55.597593 11.773810
    endloop
  endfacet
  facet normal -0.773357 -0.255591 0.580166
    outer loop
      vertex 98.781972 58.640987 10.375083
      vertex 99.217138 57.324279 10.375083
      vertex 99.793789 56.834614 10.928034
    endloop
  endfacet
  facet normal -0.773357 -0.255591 0.580166
    outer loop
      vertex 98.781972 58.640987 10.375083
      vertex 99.793789 56.834614 10.928034
      vertex 99.311787 58.293037 10.928034
    endloop
  endfacet
  facet normal 0.796002 0.257176 -0.547942
    outer loop
      vertex 100.121523 57.761252 11.168711
      vertex 99.546883 59.539862 11.168711
      vertex 100.027080 59.342803 11.773810
    endloop
  endfacet
  facet normal 0.796002 0.257176 -0.547942
    outer loop
      vertex 100.121523 57.761252 11.168711
      vertex 100.027080 59.342803 11.773810
      vertex 100.650238 57.414024 11.773810
    endloop
  endfacet
  facet normal -0.772854 -0.249697 0.583393
    outer loop
      vertex 98.330254 60.039133 10.375083
      vertex 98.781972 58.640987 10.375083
      vertex 99.311787 58.293037 10.928034
    endloop
  endfacet
  facet normal -0.772854 -0.249697 0.583393
    outer loop
      vertex 98.330254 60.039133 10.375083
      vertex 99.311787 58.293037 10.928034
      vertex 98.811451 59.841663 10.928034
    endloop
  endfacet
  facet normal 0.795691 0.261887 -0.546161
    outer loop
      vertex 99.546883 59.539862 11.168711
      vertex 98.917964 61.450702 11.168711
      vertex 99.345063 61.414974 11.773810
    endloop
  endfacet
  facet normal 0.795691 0.261887 -0.546161
    outer loop
      vertex 99.546883 59.539862 11.168711
      vertex 99.345063 61.414974 11.773810
      vertex 100.027080 59.342803 11.773810
    endloop
  endfacet
  facet normal -0.772695 -0.254319 0.581605
    outer loop
      vertex 97.835868 61.541223 10.375083
      vertex 98.330254 60.039133 10.375083
      vertex 98.811451 59.841663 10.928034
    endloop
  endfacet
  facet normal -0.772695 -0.254319 0.581605
    outer loop
      vertex 97.835868 61.541223 10.375083
      vertex 98.811451 59.841663 10.928034
      vertex 98.263855 61.505420 10.928034
    endloop
  endfacet
  facet normal 0.789198 0.292995 -0.539741
    outer loop
      vertex 98.917964 61.450702 11.168711
      vertex 98.168363 63.469793 11.168711
      vertex 98.532173 63.604536 11.773810
    endloop
  endfacet
  facet normal 0.789198 0.292995 -0.539741
    outer loop
      vertex 98.917964 61.450702 11.168711
      vertex 98.532173 63.604536 11.773810
      vertex 99.345063 61.414974 11.773810
    endloop
  endfacet
  facet normal -0.766901 -0.284717 0.575151
    outer loop
      vertex 97.246615 63.128408 10.375083
      vertex 97.835868 61.541223 10.375083
      vertex 98.263855 61.505420 10.928034
    endloop
  endfacet
  facet normal -0.766901 -0.284717 0.575151
    outer loop
      vertex 97.246615 63.128408 10.375083
      vertex 98.263855 61.505420 10.928034
      vertex 97.611182 63.263431 10.928034
    endloop
  endfacet
  facet normal 0.769003 0.343811 -0.538914
    outer loop
      vertex 98.168363 63.469793 11.168711
      vertex 97.283622 65.448697 11.168711
      vertex 97.572733 65.750518 11.773810
    endloop
  endfacet
  facet normal 0.769003 0.343811 -0.538914
    outer loop
      vertex 98.168363 63.469793 11.168711
      vertex 97.572733 65.750518 11.773810
      vertex 98.532173 63.604536 11.773810
    endloop
  endfacet
  facet normal -0.747340 -0.334126 0.574320
    outer loop
      vertex 96.551129 64.684002 10.375083
      vertex 97.246615 63.128408 10.375083
      vertex 97.611182 63.263431 10.928034
    endloop
  endfacet
  facet normal -0.747340 -0.334126 0.574320
    outer loop
      vertex 96.551129 64.684002 10.375083
      vertex 97.611182 63.263431 10.928034
      vertex 96.840842 64.986452 10.928034
    endloop
  endfacet
  facet normal 0.749626 0.375138 -0.545282
    outer loop
      vertex 97.283622 65.448697 11.168711
      vertex 96.372411 67.269542 11.168711
      vertex 96.584589 67.725097 11.773810
    endloop
  endfacet
  facet normal 0.749626 0.375138 -0.545282
    outer loop
      vertex 97.283622 65.448697 11.168711
      vertex 96.584589 67.725097 11.773810
      vertex 97.572733 65.750518 11.773810
    endloop
  endfacet
  facet normal -0.728029 -0.364330 0.580722
    outer loop
      vertex 95.834837 66.115348 10.375083
      vertex 96.551129 64.684002 10.375083
      vertex 96.840842 64.986452 10.928034
    endloop
  endfacet
  facet normal -0.728029 -0.364330 0.580722
    outer loop
      vertex 95.834837 66.115348 10.375083
      vertex 96.840842 64.986452 10.928034
      vertex 96.047456 66.571851 10.928034
    endloop
  endfacet
  facet normal 0.744610 0.381101 -0.548013
    outer loop
      vertex 96.372411 67.269542 11.168711
      vertex 95.511855 68.950931 11.168711
      vertex 95.651377 69.548444 11.773810
    endloop
  endfacet
  facet normal 0.744610 0.381101 -0.548013
    outer loop
      vertex 96.372411 67.269542 11.168711
      vertex 95.651377 69.548444 11.773810
      vertex 96.584589 67.725097 11.773810
    endloop
  endfacet
  facet normal -0.722951 -0.370015 0.583464
    outer loop
      vertex 95.158364 67.437069 10.375083
      vertex 95.834837 66.115348 10.375083
      vertex 96.047456 66.571851 10.928034
    endloop
  endfacet
  facet normal -0.722951 -0.370015 0.583464
    outer loop
      vertex 95.158364 67.437069 10.375083
      vertex 96.047456 66.571851 10.928034
      vertex 95.298175 68.035827 10.928034
    endloop
  endfacet
  facet normal 0.748321 0.377578 -0.545390
    outer loop
      vertex 95.511855 68.950931 11.168711
      vertex 94.710830 70.538480 11.168711
      vertex 94.782721 71.270030 11.773810
    endloop
  endfacet
  facet normal 0.748321 0.377578 -0.545390
    outer loop
      vertex 95.511855 68.950931 11.168711
      vertex 94.782721 71.270030 11.773810
      vertex 95.651377 69.548444 11.773810
    endloop
  endfacet
  facet normal -0.726753 -0.366696 0.580831
    outer loop
      vertex 94.528686 68.685024 10.375083
      vertex 95.158364 67.437069 10.375083
      vertex 95.298175 68.035827 10.928034
    endloop
  endfacet
  facet normal -0.726753 -0.366696 0.580831
    outer loop
      vertex 94.528686 68.685024 10.375083
      vertex 95.298175 68.035827 10.928034
      vertex 94.600727 69.418097 10.928034
    endloop
  endfacet
  facet normal -0.618159 0.536185 -0.574791
    outer loop
      vertex 94.710830 70.538480 11.168711
      vertex 93.639517 69.303380 11.168711
      vertex 93.620958 69.930651 11.773810
    endloop
  endfacet
  facet normal -0.618159 0.536185 -0.574791
    outer loop
      vertex 94.710830 70.538480 11.168711
      vertex 93.620958 69.930651 11.773810
      vertex 94.782721 71.270030 11.773810
    endloop
  endfacet
  facet normal 0.598464 -0.519101 0.610226
    outer loop
      vertex 93.686539 67.714125 10.375083
      vertex 94.528686 68.685024 10.375083
      vertex 94.600727 69.418097 10.928034
    endloop
  endfacet
  facet normal 0.598464 -0.519101 0.610226
    outer loop
      vertex 93.686539 67.714125 10.375083
      vertex 94.600727 69.418097 10.928034
      vertex 93.667941 68.342702 10.928034
    endloop
  endfacet
  facet normal -0.615758 0.537529 -0.576111
    outer loop
      vertex 93.639517 69.303380 11.168711
      vertex 92.504380 68.003041 11.168711
      vertex 92.389982 68.520525 11.773810
    endloop
  endfacet
  facet normal -0.615758 0.537529 -0.576111
    outer loop
      vertex 93.639517 69.303380 11.168711
      vertex 92.389982 68.520525 11.773810
      vertex 93.620958 69.930651 11.773810
    endloop
  endfacet
  facet normal 0.596053 -0.520327 0.611539
    outer loop
      vertex 92.794221 66.691944 10.375083
      vertex 93.686539 67.714125 10.375083
      vertex 93.667941 68.342702 10.928034
    endloop
  endfacet
  facet normal 0.596053 -0.520327 0.611539
    outer loop
      vertex 92.794221 66.691944 10.375083
      vertex 93.667941 68.342702 10.928034
      vertex 92.679584 67.210505 10.928034
    endloop
  endfacet
  facet normal -0.622221 0.532949 -0.573416
    outer loop
      vertex 92.504380 68.003041 11.168711
      vertex 91.307302 66.605446 11.168711
      vertex 91.091835 67.004932 11.773810
    endloop
  endfacet
  facet normal -0.622221 0.532949 -0.573416
    outer loop
      vertex 92.504380 68.003041 11.168711
      vertex 91.091835 67.004932 11.773810
      vertex 92.389982 68.520525 11.773810
    endloop
  endfacet
  facet normal 0.602486 -0.516046 0.608858
    outer loop
      vertex 91.853211 65.593310 10.375083
      vertex 92.794221 66.691944 10.375083
      vertex 92.679584 67.210505 10.928034
    endloop
  endfacet
  facet normal 0.602486 -0.516046 0.608858
    outer loop
      vertex 91.853211 65.593310 10.375083
      vertex 92.679584 67.210505 10.928034
      vertex 91.637295 65.993627 10.928034
    endloop
  endfacet
  facet normal -0.643271 0.513396 -0.568003
    outer loop
      vertex 91.307302 66.605446 11.168711
      vertex 90.093600 65.084711 11.168711
      vertex 89.775661 65.355801 11.773810
    endloop
  endfacet
  facet normal -0.643271 0.513396 -0.568003
    outer loop
      vertex 91.307302 66.605446 11.168711
      vertex 89.775661 65.355801 11.773810
      vertex 91.091835 67.004932 11.773810
    endloop
  endfacet
  facet normal 0.623234 -0.497404 0.603464
    outer loop
      vertex 90.899134 64.397877 10.375083
      vertex 91.853211 65.593310 10.375083
      vertex 91.637295 65.993627 10.928034
    endloop
  endfacet
  facet normal 0.623234 -0.497404 0.603464
    outer loop
      vertex 90.899134 64.397877 10.375083
      vertex 91.637295 65.993627 10.928034
      vertex 90.580532 64.669531 10.928034
    endloop
  endfacet
  facet normal -0.671426 0.477510 -0.566719
    outer loop
      vertex 90.093600 65.084711 11.168711
      vertex 88.954321 63.482772 11.168711
      vertex 88.540192 63.618611 11.773810
    endloop
  endfacet
  facet normal -0.671426 0.477510 -0.566719
    outer loop
      vertex 90.093600 65.084711 11.168711
      vertex 88.540192 63.618611 11.773810
      vertex 89.775661 65.355801 11.773810
    endloop
  endfacet
  facet normal 0.650602 -0.462700 0.602184
    outer loop
      vertex 90.003559 63.138611 10.375083
      vertex 90.899134 64.397877 10.375083
      vertex 90.580532 64.669531 10.928034
    endloop
  endfacet
  facet normal 0.650602 -0.462700 0.602184
    outer loop
      vertex 90.003559 63.138611 10.375083
      vertex 90.580532 64.669531 10.928034
      vertex 89.588568 63.274732 10.928034
    endloop
  endfacet
  facet normal -0.688957 0.445692 -0.571574
    outer loop
      vertex 88.954321 63.482772 11.168711
      vertex 87.933056 61.904088 11.168711
      vertex 87.432702 61.906639 11.773810
    endloop
  endfacet
  facet normal -0.688957 0.445692 -0.571574
    outer loop
      vertex 88.954321 63.482772 11.168711
      vertex 87.432702 61.906639 11.773810
      vertex 88.540192 63.618611 11.773810
    endloop
  endfacet
  facet normal 0.667239 -0.431642 0.607024
    outer loop
      vertex 89.200754 61.897624 10.375083
      vertex 90.003559 63.138611 10.375083
      vertex 89.588568 63.274732 10.928034
    endloop
  endfacet
  facet normal 0.667239 -0.431642 0.607024
    outer loop
      vertex 89.200754 61.897624 10.375083
      vertex 89.588568 63.274732 10.928034
      vertex 88.699358 61.900180 10.928034
    endloop
  endfacet
  facet normal -0.693916 0.432599 -0.575620
    outer loop
      vertex 87.933056 61.904088 11.168711
      vertex 87.000511 60.408228 11.168711
      vertex 86.421423 60.284485 11.773810
    endloop
  endfacet
  facet normal -0.693916 0.432599 -0.575620
    outer loop
      vertex 87.933056 61.904088 11.168711
      vertex 86.421423 60.284485 11.773810
      vertex 87.432702 61.906639 11.773810
    endloop
  endfacet
  facet normal 0.671745 -0.418778 0.611051
    outer loop
      vertex 88.467691 60.721746 10.375083
      vertex 89.200754 61.897624 10.375083
      vertex 88.699358 61.900180 10.928034
    endloop
  endfacet
  facet normal 0.671745 -0.418778 0.611051
    outer loop
      vertex 88.467691 60.721746 10.375083
      vertex 88.699358 61.900180 10.928034
      vertex 87.887396 60.597744 10.928034
    endloop
  endfacet
  facet normal -0.693865 0.432799 -0.575531
    outer loop
      vertex 87.000511 60.408228 11.168711
      vertex 86.120340 58.997132 11.168711
      vertex 85.466939 58.754250 11.773810
    endloop
  endfacet
  facet normal -0.693865 0.432799 -0.575531
    outer loop
      vertex 87.000511 60.408228 11.168711
      vertex 85.466939 58.754250 11.773810
      vertex 86.421423 60.284485 11.773810
    endloop
  endfacet
  facet normal 0.671703 -0.418975 0.610962
    outer loop
      vertex 87.775797 59.612499 10.375083
      vertex 88.467691 60.721746 10.375083
      vertex 87.887396 60.597744 10.928034
    endloop
  endfacet
  facet normal 0.671703 -0.418975 0.610962
    outer loop
      vertex 87.775797 59.612499 10.375083
      vertex 87.887396 60.597744 10.928034
      vertex 87.121036 59.369111 10.928034
    endloop
  endfacet
  facet normal -0.233190 -0.811121 -0.536381
    outer loop
      vertex 85.466939 58.754250 11.773810
      vertex 87.254909 58.240226 11.773810
      vertex 86.787191 57.982895 12.366287
    endloop
  endfacet
  facet normal -0.233190 -0.811121 -0.536381
    outer loop
      vertex 85.466939 58.754250 11.773810
      vertex 86.787191 57.982895 12.366287
      vertex 84.872599 58.533322 12.366287
    endloop
  endfacet
  facet normal 0.227907 0.792748 0.565340
    outer loop
      vertex 88.556607 58.956398 10.928034
      vertex 87.121036 59.369111 10.928034
      vertex 86.526896 59.148257 11.477244
    endloop
  endfacet
  facet normal 0.227907 0.792748 0.565340
    outer loop
      vertex 88.556607 58.956398 10.928034
      vertex 86.526896 59.148257 11.477244
      vertex 88.089046 58.699154 11.477244
    endloop
  endfacet
  facet normal -0.234177 -0.810500 -0.536891
    outer loop
      vertex 87.254909 58.240226 11.773810
      vertex 89.154230 57.691457 11.773810
      vertex 88.821019 57.395263 12.366287
    endloop
  endfacet
  facet normal -0.234177 -0.810500 -0.536891
    outer loop
      vertex 87.254909 58.240226 11.773810
      vertex 88.821019 57.395263 12.366287
      vertex 86.787191 57.982895 12.366287
    endloop
  endfacet
  facet normal 0.228863 0.792107 0.565852
    outer loop
      vertex 90.081582 58.515789 10.928034
      vertex 88.556607 58.956398 10.928034
      vertex 88.089046 58.699154 11.477244
    endloop
  endfacet
  facet normal 0.228863 0.792107 0.565852
    outer loop
      vertex 90.081582 58.515789 10.928034
      vertex 88.089046 58.699154 11.477244
      vertex 89.748483 58.219695 11.477244
    endloop
  endfacet
  facet normal -0.221112 -0.816886 -0.532735
    outer loop
      vertex 89.154230 57.691457 11.773810
      vertex 91.198437 57.138138 11.773810
      vertex 91.009995 56.802759 12.366287
    endloop
  endfacet
  facet normal -0.221112 -0.816886 -0.532735
    outer loop
      vertex 89.154230 57.691457 11.773810
      vertex 91.009995 56.802759 12.366287
      vertex 88.821019 57.395263 12.366287
    endloop
  endfacet
  facet normal 0.216169 0.798624 0.561667
    outer loop
      vertex 91.722887 58.071526 10.928034
      vertex 90.081582 58.515789 10.928034
      vertex 89.748483 58.219695 11.477244
    endloop
  endfacet
  facet normal 0.216169 0.798624 0.561667
    outer loop
      vertex 91.722887 58.071526 10.928034
      vertex 89.748483 58.219695 11.477244
      vertex 91.534508 57.736259 11.477244
    endloop
  endfacet
  facet normal -0.182787 -0.829529 -0.527703
    outer loop
      vertex 91.198437 57.138138 11.773810
      vertex 93.363919 56.660972 11.773810
      vertex 93.328834 56.291801 12.366287
    endloop
  endfacet
  facet normal -0.182787 -0.829529 -0.527703
    outer loop
      vertex 91.198437 57.138138 11.773810
      vertex 93.328834 56.291801 12.366287
      vertex 91.009995 56.802759 12.366287
    endloop
  endfacet
  facet normal 0.178775 0.811322 0.556593
    outer loop
      vertex 93.461564 57.688407 10.928034
      vertex 91.722887 58.071526 10.928034
      vertex 91.534508 57.736259 11.477244
    endloop
  endfacet
  facet normal 0.178775 0.811322 0.556593
    outer loop
      vertex 93.461564 57.688407 10.928034
      vertex 91.534508 57.736259 11.477244
      vertex 93.426490 57.319360 11.477244
    endloop
  endfacet
  facet normal -0.134270 -0.837449 -0.529765
    outer loop
      vertex 93.363919 56.660972 11.773810
      vertex 95.517350 56.315709 11.773810
      vertex 95.634768 55.922086 12.366287
    endloop
  endfacet
  facet normal -0.134270 -0.837449 -0.529765
    outer loop
      vertex 93.363919 56.660972 11.773810
      vertex 95.634768 55.922086 12.366287
      vertex 93.328834 56.291801 12.366287
    endloop
  endfacet
  facet normal 0.131300 0.818929 0.558673
    outer loop
      vertex 95.190564 57.411193 10.928034
      vertex 93.461564 57.688407 10.928034
      vertex 93.426490 57.319360 11.477244
    endloop
  endfacet
  facet normal 0.131300 0.818929 0.558673
    outer loop
      vertex 95.190564 57.411193 10.928034
      vertex 93.426490 57.319360 11.477244
      vertex 95.307943 57.017703 11.477244
    endloop
  endfacet
  facet normal -0.106797 -0.837795 -0.535439
    outer loop
      vertex 95.517350 56.315709 11.773810
      vertex 97.548668 56.056768 11.773810
      vertex 97.809942 55.644808 12.366287
    endloop
  endfacet
  facet normal -0.106797 -0.837795 -0.535439
    outer loop
      vertex 95.517350 56.315709 11.773810
      vertex 97.809942 55.644808 12.366287
      vertex 95.634768 55.922086 12.366287
    endloop
  endfacet
  facet normal 0.104386 0.818881 0.564391
    outer loop
      vertex 96.821521 57.203289 10.928034
      vertex 95.190564 57.411193 10.928034
      vertex 95.307943 57.017703 11.477244
    endloop
  endfacet
  facet normal 0.104386 0.818881 0.564391
    outer loop
      vertex 96.821521 57.203289 10.928034
      vertex 95.307943 57.017703 11.477244
      vertex 97.082707 56.791467 11.477244
    endloop
  endfacet
  facet normal -0.101707 -0.837238 -0.537297
    outer loop
      vertex 97.548668 56.056768 11.773810
      vertex 99.450368 55.825752 11.773810
      vertex 99.846319 55.397431 12.366287
    endloop
  endfacet
  facet normal -0.101707 -0.837238 -0.537297
    outer loop
      vertex 97.548668 56.056768 11.773810
      vertex 99.846319 55.397431 12.366287
      vertex 97.809942 55.644808 12.366287
    endloop
  endfacet
  facet normal 0.099395 0.818211 0.566261
    outer loop
      vertex 98.348406 57.017805 10.928034
      vertex 96.821521 57.203289 10.928034
      vertex 97.082707 56.791467 11.477244
    endloop
  endfacet
  facet normal 0.099395 0.818211 0.566261
    outer loop
      vertex 98.348406 57.017805 10.928034
      vertex 97.082707 56.791467 11.477244
      vertex 98.744223 56.589628 11.477244
    endloop
  endfacet
  facet normal -0.106232 -0.838178 -0.534952
    outer loop
      vertex 99.450368 55.825752 11.773810
      vertex 101.250560 55.597593 11.773810
      vertex 101.773998 55.153114 12.366287
    endloop
  endfacet
  facet normal -0.106232 -0.838178 -0.534952
    outer loop
      vertex 99.450368 55.825752 11.773810
      vertex 101.773998 55.153114 12.366287
      vertex 99.846319 55.397431 12.366287
    endloop
  endfacet
  facet normal 0.103838 0.819289 0.563900
    outer loop
      vertex 99.793789 56.834614 10.928034
      vertex 98.348406 57.017805 10.928034
      vertex 98.744223 56.589628 11.477244
    endloop
  endfacet
  facet normal 0.103838 0.819289 0.563900
    outer loop
      vertex 99.793789 56.834614 10.928034
      vertex 98.744223 56.589628 11.477244
      vertex 100.317051 56.390285 11.477244
    endloop
  endfacet
  facet normal 0.812946 0.268675 -0.516655
    outer loop
      vertex 101.250560 55.597593 11.773810
      vertex 100.650238 57.414024 11.773810
      vertex 101.131161 57.098183 12.366287
    endloop
  endfacet
  facet normal 0.812946 0.268675 -0.516655
    outer loop
      vertex 101.250560 55.597593 11.773810
      vertex 101.131161 57.098183 12.366287
      vertex 101.773998 55.153114 12.366287
    endloop
  endfacet
  facet normal -0.795819 -0.263015 0.545431
    outer loop
      vertex 99.311787 58.293037 10.928034
      vertex 99.793789 56.834614 10.928034
      vertex 100.317051 56.390285 11.477244
    endloop
  endfacet
  facet normal -0.795819 -0.263015 0.545431
    outer loop
      vertex 99.311787 58.293037 10.928034
      vertex 100.317051 56.390285 11.477244
      vertex 99.792549 57.977302 11.477244
    endloop
  endfacet
  facet normal 0.812894 0.262633 -0.519834
    outer loop
      vertex 100.650238 57.414024 11.773810
      vertex 100.027080 59.342803 11.773810
      vertex 100.463873 59.163555 12.366287
    endloop
  endfacet
  facet normal 0.812894 0.262633 -0.519834
    outer loop
      vertex 100.650238 57.414024 11.773810
      vertex 100.463873 59.163555 12.366287
      vertex 101.131161 57.098183 12.366287
    endloop
  endfacet
  facet normal -0.795563 -0.257034 0.548646
    outer loop
      vertex 98.811451 59.841663 10.928034
      vertex 99.311787 58.293037 10.928034
      vertex 99.792549 57.977302 11.477244
    endloop
  endfacet
  facet normal -0.795563 -0.257034 0.548646
    outer loop
      vertex 98.811451 59.841663 10.928034
      vertex 99.792549 57.977302 11.477244
      vertex 99.248096 59.662476 11.477244
    endloop
  endfacet
  facet normal 0.812462 0.267407 -0.518072
    outer loop
      vertex 100.027080 59.342803 11.773810
      vertex 99.345063 61.414974 11.773810
      vertex 99.733555 61.382475 12.366287
    endloop
  endfacet
  facet normal 0.812462 0.267407 -0.518072
    outer loop
      vertex 100.027080 59.342803 11.773810
      vertex 99.733555 61.382475 12.366287
      vertex 100.463873 59.163555 12.366287
    endloop
  endfacet
  facet normal -0.795255 -0.261744 0.546864
    outer loop
      vertex 98.263855 61.505420 10.928034
      vertex 98.811451 59.841663 10.928034
      vertex 99.248096 59.662476 11.477244
    endloop
  endfacet
  facet normal -0.795255 -0.261744 0.546864
    outer loop
      vertex 98.263855 61.505420 10.928034
      vertex 99.248096 59.662476 11.477244
      vertex 98.652217 61.472933 11.477244
    endloop
  endfacet
  facet normal 0.805432 0.299022 -0.511727
    outer loop
      vertex 99.345063 61.414974 11.773810
      vertex 98.532173 63.604536 11.773810
      vertex 98.863098 63.727100 12.366287
    endloop
  endfacet
  facet normal 0.805432 0.299022 -0.511727
    outer loop
      vertex 99.345063 61.414974 11.773810
      vertex 98.863098 63.727100 12.366287
      vertex 99.733555 61.382475 12.366287
    endloop
  endfacet
  facet normal -0.788776 -0.292838 0.540443
    outer loop
      vertex 97.611182 63.263431 10.928034
      vertex 98.263855 61.505420 10.928034
      vertex 98.652217 61.472933 11.477244
    endloop
  endfacet
  facet normal -0.788776 -0.292838 0.540443
    outer loop
      vertex 97.611182 63.263431 10.928034
      vertex 98.652217 61.472933 11.477244
      vertex 97.941995 63.385954 11.477244
    endloop
  endfacet
  facet normal 0.784771 0.350861 -0.510911
    outer loop
      vertex 98.532173 63.604536 11.773810
      vertex 97.572733 65.750518 11.773810
      vertex 97.835711 66.025058 12.366287
    endloop
  endfacet
  facet normal 0.784771 0.350861 -0.510911
    outer loop
      vertex 98.532173 63.604536 11.773810
      vertex 97.835711 66.025058 12.366287
      vertex 98.863098 63.727100 12.366287
    endloop
  endfacet
  facet normal -0.768593 -0.343627 0.539616
    outer loop
      vertex 96.840842 64.986452 10.928034
      vertex 97.611182 63.263431 10.928034
      vertex 97.941995 63.385954 11.477244
    endloop
  endfacet
  facet normal -0.768593 -0.343627 0.539616
    outer loop
      vertex 96.840842 64.986452 10.928034
      vertex 97.941995 63.385954 11.477244
      vertex 97.103732 65.260899 11.477244
    endloop
  endfacet
  facet normal 0.765374 0.383019 -0.517203
    outer loop
      vertex 97.572733 65.750518 11.773810
      vertex 96.584589 67.725097 11.773810
      vertex 96.777588 68.139473 12.366287
    endloop
  endfacet
  facet normal 0.765374 0.383019 -0.517203
    outer loop
      vertex 97.572733 65.750518 11.773810
      vertex 96.777588 68.139473 12.366287
      vertex 97.835711 66.025058 12.366287
    endloop
  endfacet
  facet normal -0.749217 -0.374933 0.545985
    outer loop
      vertex 96.047456 66.571851 10.928034
      vertex 96.840842 64.986452 10.928034
      vertex 97.103732 65.260899 11.477244
    endloop
  endfacet
  facet normal -0.749217 -0.374933 0.545985
    outer loop
      vertex 96.047456 66.571851 10.928034
      vertex 97.103732 65.260899 11.477244
      vertex 96.240390 66.986089 11.477244
    endloop
  endfacet
  facet normal 0.760415 0.389190 -0.519904
    outer loop
      vertex 96.584589 67.725097 11.773810
      vertex 95.651377 69.548444 11.773810
      vertex 95.778287 70.091948 12.366287
    endloop
  endfacet
  facet normal 0.760415 0.389190 -0.519904
    outer loop
      vertex 96.584589 67.725097 11.773810
      vertex 95.778287 70.091948 12.366287
      vertex 96.777588 68.139473 12.366287
    endloop
  endfacet
  facet normal -0.744199 -0.380890 0.548716
    outer loop
      vertex 95.298175 68.035827 10.928034
      vertex 96.047456 66.571851 10.928034
      vertex 96.240390 66.986089 11.477244
    endloop
  endfacet
  facet normal -0.744199 -0.380890 0.548716
    outer loop
      vertex 95.298175 68.035827 10.928034
      vertex 96.240390 66.986089 11.477244
      vertex 95.425043 68.579148 11.477244
    endloop
  endfacet
  facet normal 0.764048 0.385514 -0.517310
    outer loop
      vertex 95.651377 69.548444 11.773810
      vertex 94.782721 71.270030 11.773810
      vertex 94.848114 71.935455 12.366287
    endloop
  endfacet
  facet normal 0.764048 0.385514 -0.517310
    outer loop
      vertex 95.651377 69.548444 11.773810
      vertex 94.848114 71.935455 12.366287
      vertex 95.778287 70.091948 12.366287
    endloop
  endfacet
  facet normal -0.747912 -0.377372 0.546093
    outer loop
      vertex 94.600727 69.418097 10.928034
      vertex 95.298175 68.035827 10.928034
      vertex 95.425043 68.579148 11.477244
    endloop
  endfacet
  facet normal -0.747912 -0.377372 0.546093
    outer loop
      vertex 94.600727 69.418097 10.928034
      vertex 95.425043 68.579148 11.477244
      vertex 94.666098 70.083298 11.477244
    endloop
  endfacet
  facet normal -0.632641 0.548745 -0.546484
    outer loop
      vertex 94.782721 71.270030 11.773810
      vertex 93.620958 69.930651 11.773810
      vertex 93.604076 70.501222 12.366287
    endloop
  endfacet
  facet normal -0.632641 0.548745 -0.546484
    outer loop
      vertex 94.782721 71.270030 11.773810
      vertex 93.604076 70.501222 12.366287
      vertex 94.848114 71.935455 12.366287
    endloop
  endfacet
  facet normal 0.617784 -0.535859 0.575497
    outer loop
      vertex 93.667941 68.342702 10.928034
      vertex 94.600727 69.418097 10.928034
      vertex 94.666098 70.083298 11.477244
    endloop
  endfacet
  facet normal 0.617784 -0.535859 0.575497
    outer loop
      vertex 93.667941 68.342702 10.928034
      vertex 94.666098 70.083298 11.477244
      vertex 93.651065 68.913082 11.477244
    endloop
  endfacet
  facet normal -0.630252 0.550181 -0.547798
    outer loop
      vertex 93.620958 69.930651 11.773810
      vertex 92.389982 68.520525 11.773810
      vertex 92.285924 68.991233 12.366287
    endloop
  endfacet
  facet normal -0.630252 0.550181 -0.547798
    outer loop
      vertex 93.620958 69.930651 11.773810
      vertex 92.285924 68.991233 12.366287
      vertex 93.604076 70.501222 12.366287
    endloop
  endfacet
  facet normal 0.615383 -0.537201 0.576818
    outer loop
      vertex 92.679584 67.210505 10.928034
      vertex 93.667941 68.342702 10.928034
      vertex 93.651065 68.913082 11.477244
    endloop
  endfacet
  facet normal 0.615383 -0.537201 0.576818
    outer loop
      vertex 92.679584 67.210505 10.928034
      vertex 93.651065 68.913082 11.477244
      vertex 92.575561 67.681055 11.477244
    endloop
  endfacet
  facet normal -0.636725 0.545372 -0.545115
    outer loop
      vertex 92.389982 68.520525 11.773810
      vertex 91.091835 67.004932 11.773810
      vertex 90.895844 67.368307 12.366287
    endloop
  endfacet
  facet normal -0.636725 0.545372 -0.545115
    outer loop
      vertex 92.389982 68.520525 11.773810
      vertex 90.895844 67.368307 12.366287
      vertex 92.285924 68.991233 12.366287
    endloop
  endfacet
  facet normal 0.621845 -0.532627 0.574123
    outer loop
      vertex 91.637295 65.993627 10.928034
      vertex 92.679584 67.210505 10.928034
      vertex 92.575561 67.681055 11.477244
    endloop
  endfacet
  facet normal 0.621845 -0.532627 0.574123
    outer loop
      vertex 91.637295 65.993627 10.928034
      vertex 92.575561 67.681055 11.477244
      vertex 91.441370 66.356880 11.477244
    endloop
  endfacet
  facet normal -0.657974 0.525131 -0.539729
    outer loop
      vertex 91.091835 67.004932 11.773810
      vertex 89.775661 65.355801 11.773810
      vertex 89.486459 65.602387 12.366287
    endloop
  endfacet
  facet normal -0.657974 0.525131 -0.539729
    outer loop
      vertex 91.091835 67.004932 11.773810
      vertex 89.486459 65.602387 12.366287
      vertex 90.895844 67.368307 12.366287
    endloop
  endfacet
  facet normal 0.642890 -0.513092 0.568709
    outer loop
      vertex 90.580532 64.669531 10.928034
      vertex 91.637295 65.993627 10.928034
      vertex 91.441370 66.356880 11.477244
    endloop
  endfacet
  facet normal 0.642890 -0.513092 0.568709
    outer loop
      vertex 90.580532 64.669531 10.928034
      vertex 91.441370 66.356880 11.477244
      vertex 90.291428 64.916035 11.477244
    endloop
  endfacet
  facet normal -0.686702 0.488374 -0.538453
    outer loop
      vertex 89.775661 65.355801 11.773810
      vertex 88.540192 63.618611 11.773810
      vertex 88.163497 63.742172 12.366287
    endloop
  endfacet
  facet normal -0.686702 0.488374 -0.538453
    outer loop
      vertex 89.775661 65.355801 11.773810
      vertex 88.163497 63.742172 12.366287
      vertex 89.486459 65.602387 12.366287
    endloop
  endfacet
  facet normal 0.671030 -0.477228 0.567425
    outer loop
      vertex 89.588568 63.274732 10.928034
      vertex 90.580532 64.669531 10.928034
      vertex 90.291428 64.916035 11.477244
    endloop
  endfacet
  facet normal 0.671030 -0.477228 0.567425
    outer loop
      vertex 89.588568 63.274732 10.928034
      vertex 90.291428 64.916035 11.477244
      vertex 89.211999 63.398251 11.477244
    endloop
  endfacet
  facet normal -0.704910 0.456012 -0.543281
    outer loop
      vertex 88.540192 63.618611 11.773810
      vertex 87.432702 61.906639 11.773810
      vertex 86.977576 61.908959 12.366287
    endloop
  endfacet
  facet normal -0.704910 0.456012 -0.543281
    outer loop
      vertex 88.540192 63.618611 11.773810
      vertex 86.977576 61.908959 12.366287
      vertex 88.163497 63.742172 12.366287
    endloop
  endfacet
  facet normal 0.688543 -0.445425 0.572281
    outer loop
      vertex 88.699358 61.900180 10.928034
      vertex 89.588568 63.274732 10.928034
      vertex 89.211999 63.398251 11.477244
    endloop
  endfacet
  facet normal 0.688543 -0.445425 0.572281
    outer loop
      vertex 88.699358 61.900180 10.928034
      vertex 89.211999 63.398251 11.477244
      vertex 88.244384 61.902500 11.477244
    endloop
  endfacet
  facet normal -0.710220 0.442764 -0.547309
    outer loop
      vertex 87.432702 61.906639 11.773810
      vertex 86.421423 60.284485 11.773810
      vertex 85.894678 60.171926 12.366287
    endloop
  endfacet
  facet normal -0.710220 0.442764 -0.547309
    outer loop
      vertex 87.432702 61.906639 11.773810
      vertex 85.894678 60.171926 12.366287
      vertex 86.977576 61.908959 12.366287
    endloop
  endfacet
  facet normal 0.693494 -0.432336 0.576326
    outer loop
      vertex 87.887396 60.597744 10.928034
      vertex 88.699358 61.900180 10.928034
      vertex 88.244384 61.902500 11.477244
    endloop
  endfacet
  facet normal 0.693494 -0.432336 0.576326
    outer loop
      vertex 87.887396 60.597744 10.928034
      vertex 88.244384 61.902500 11.477244
      vertex 87.360829 60.485224 11.477244
    endloop
  endfacet
  facet normal -0.710164 0.442965 -0.547220
    outer loop
      vertex 86.421423 60.284485 11.773810
      vertex 85.466939 58.754250 11.773810
      vertex 84.872599 58.533322 12.366287
    endloop
  endfacet
  facet normal -0.710164 0.442965 -0.547220
    outer loop
      vertex 86.421423 60.284485 11.773810
      vertex 84.872599 58.533322 12.366287
      vertex 85.894678 60.171926 12.366287
    endloop
  endfacet
  facet normal 0.693443 -0.432535 0.576237
    outer loop
      vertex 87.121036 59.369111 10.928034
      vertex 87.887396 60.597744 10.928034
      vertex 87.360829 60.485224 11.477244
    endloop
  endfacet
  facet normal 0.693443 -0.432535 0.576237
    outer loop
      vertex 87.121036 59.369111 10.928034
      vertex 87.360829 60.485224 11.477244
      vertex 86.526896 59.148257 11.477244
    endloop
  endfacet
  facet normal -0.243982 -0.848662 -0.469303
    outer loop
      vertex 84.872599 58.533322 12.366287
      vertex 86.787191 57.982895 12.366287
      vertex 86.405858 57.773093 12.943932
    endloop
  endfacet
  facet normal -0.243982 -0.848662 -0.469303
    outer loop
      vertex 84.872599 58.533322 12.366287
      vertex 86.405858 57.773093 12.943932
      vertex 84.388031 58.353199 12.943932
    endloop
  endfacet
  facet normal 0.240724 0.837327 0.490851
    outer loop
      vertex 88.089046 58.699154 11.477244
      vertex 86.526896 59.148257 11.477244
      vertex 86.042411 58.968165 12.022060
    endloop
  endfacet
  facet normal 0.240724 0.837327 0.490851
    outer loop
      vertex 88.089046 58.699154 11.477244
      vertex 86.042411 58.968165 12.022060
      vertex 87.707779 58.489387 12.022060
    endloop
  endfacet
  facet normal -0.245037 -0.848088 -0.469791
    outer loop
      vertex 86.787191 57.982895 12.366287
      vertex 88.821019 57.395263 12.366287
      vertex 88.549351 57.153775 12.943932
    endloop
  endfacet
  facet normal -0.245037 -0.848088 -0.469791
    outer loop
      vertex 86.787191 57.982895 12.366287
      vertex 88.549351 57.153775 12.943932
      vertex 86.405858 57.773093 12.943932
    endloop
  endfacet
  facet normal 0.241758 0.836738 0.491348
    outer loop
      vertex 89.748483 58.219695 11.477244
      vertex 88.089046 58.699154 11.477244
      vertex 87.707779 58.489387 12.022060
    endloop
  endfacet
  facet normal 0.241758 0.836738 0.491348
    outer loop
      vertex 89.748483 58.219695 11.477244
      vertex 87.707779 58.489387 12.022060
      vertex 89.476862 57.978248 12.022060
    endloop
  endfacet
  facet normal -0.231197 -0.854146 -0.465814
    outer loop
      vertex 88.821019 57.395263 12.366287
      vertex 91.009995 56.802759 12.366287
      vertex 90.856358 56.529322 12.943932
    endloop
  endfacet
  facet normal -0.231197 -0.854146 -0.465814
    outer loop
      vertex 88.821019 57.395263 12.366287
      vertex 90.856358 56.529322 12.943932
      vertex 88.549351 57.153775 12.943932
    endloop
  endfacet
  facet normal 0.228154 0.842903 0.487298
    outer loop
      vertex 91.534508 57.736259 11.477244
      vertex 89.748483 58.219695 11.477244
      vertex 89.476862 57.978248 12.022060
    endloop
  endfacet
  facet normal 0.228154 0.842903 0.487298
    outer loop
      vertex 91.534508 57.736259 11.477244
      vertex 89.476862 57.978248 12.022060
      vertex 91.380897 57.462870 12.022060
    endloop
  endfacet
  facet normal -0.190957 -0.866606 -0.461009
    outer loop
      vertex 91.009995 56.802759 12.366287
      vertex 93.328834 56.291801 12.366287
      vertex 93.300229 55.990814 12.943932
    endloop
  endfacet
  facet normal -0.190957 -0.866606 -0.461009
    outer loop
      vertex 91.009995 56.802759 12.366287
      vertex 93.300229 55.990814 12.943932
      vertex 90.856358 56.529322 12.943932
    endloop
  endfacet
  facet normal 0.188494 0.855429 0.482402
    outer loop
      vertex 93.426490 57.319360 11.477244
      vertex 91.534508 57.736259 11.477244
      vertex 91.380897 57.462870 12.022060
    endloop
  endfacet
  facet normal 0.188494 0.855429 0.482402
    outer loop
      vertex 93.426490 57.319360 11.477244
      vertex 91.380897 57.462870 12.022060
      vertex 93.397890 57.018424 12.022060
    endloop
  endfacet
  facet normal -0.140321 -0.875193 -0.462976
    outer loop
      vertex 93.328834 56.291801 12.366287
      vertex 95.634768 55.922086 12.366287
      vertex 95.730500 55.601164 12.943932
    endloop
  endfacet
  facet normal -0.140321 -0.875193 -0.462976
    outer loop
      vertex 93.328834 56.291801 12.366287
      vertex 95.730500 55.601164 12.943932
      vertex 93.300229 55.990814 12.943932
    endloop
  endfacet
  facet normal 0.138496 0.863811 0.484407
    outer loop
      vertex 95.307943 57.017703 11.477244
      vertex 93.426490 57.319360 11.477244
      vertex 93.397890 57.018424 12.022060
    endloop
  endfacet
  facet normal 0.138496 0.863811 0.484407
    outer loop
      vertex 95.307943 57.017703 11.477244
      vertex 93.397890 57.018424 12.022060
      vertex 95.403659 56.696836 12.022060
    endloop
  endfacet
  facet normal -0.111721 -0.876424 -0.468400
    outer loop
      vertex 95.634768 55.922086 12.366287
      vertex 97.809942 55.644808 12.366287
      vertex 98.022960 55.308935 12.943932
    endloop
  endfacet
  facet normal -0.111721 -0.876424 -0.468400
    outer loop
      vertex 95.634768 55.922086 12.366287
      vertex 98.022960 55.308935 12.943932
      vertex 95.730500 55.601164 12.943932
    endloop
  endfacet
  facet normal 0.110235 0.864763 0.489932
    outer loop
      vertex 97.082707 56.791467 11.477244
      vertex 95.307943 57.017703 11.477244
      vertex 95.403659 56.696836 12.022060
    endloop
  endfacet
  facet normal 0.110235 0.864763 0.489932
    outer loop
      vertex 97.082707 56.791467 11.477244
      vertex 95.403659 56.696836 12.022060
      vertex 97.295688 56.455651 12.022060
    endloop
  endfacet
  facet normal -0.106431 -0.876130 -0.470180
    outer loop
      vertex 97.809942 55.644808 12.366287
      vertex 99.846319 55.397431 12.366287
      vertex 100.169139 55.048219 12.943932
    endloop
  endfacet
  facet normal -0.106431 -0.876130 -0.470180
    outer loop
      vertex 97.809942 55.644808 12.366287
      vertex 100.169139 55.048219 12.943932
      vertex 98.022960 55.308935 12.943932
    endloop
  endfacet
  facet normal 0.105004 0.864385 0.491744
    outer loop
      vertex 98.744223 56.589628 11.477244
      vertex 97.082707 56.791467 11.477244
      vertex 97.295688 56.455651 12.022060
    endloop
  endfacet
  facet normal 0.105004 0.864385 0.491744
    outer loop
      vertex 98.744223 56.589628 11.477244
      vertex 97.295688 56.455651 12.022060
      vertex 99.066988 56.240476 12.022060
    endloop
  endfacet
  facet normal -0.111121 -0.876750 -0.467934
    outer loop
      vertex 99.846319 55.397431 12.366287
      vertex 101.773998 55.153114 12.366287
      vertex 102.200759 54.790728 12.943932
    endloop
  endfacet
  facet normal -0.111121 -0.876750 -0.467934
    outer loop
      vertex 99.846319 55.397431 12.366287
      vertex 102.200759 54.790728 12.943932
      vertex 100.169139 55.048219 12.943932
    endloop
  endfacet
  facet normal 0.109645 0.865107 0.489458
    outer loop
      vertex 100.317051 56.390285 11.477244
      vertex 98.744223 56.589628 11.477244
      vertex 99.066988 56.240476 12.022060
    endloop
  endfacet
  facet normal 0.109645 0.865107 0.489458
    outer loop
      vertex 100.317051 56.390285 11.477244
      vertex 99.066988 56.240476 12.022060
      vertex 100.743739 56.027961 12.022060
    endloop
  endfacet
  facet normal 0.847678 0.280154 -0.450506
    outer loop
      vertex 101.773998 55.153114 12.366287
      vertex 101.131161 57.098183 12.366287
      vertex 101.523260 56.840677 12.943932
    endloop
  endfacet
  facet normal 0.847678 0.280154 -0.450506
    outer loop
      vertex 101.773998 55.153114 12.366287
      vertex 101.523260 56.840677 12.943932
      vertex 102.200759 54.790728 12.943932
    endloop
  endfacet
  facet normal -0.837229 -0.276700 0.471683
    outer loop
      vertex 99.792549 57.977302 11.477244
      vertex 100.317051 56.390285 11.477244
      vertex 100.743739 56.027961 12.022060
    endloop
  endfacet
  facet normal -0.837229 -0.276700 0.471683
    outer loop
      vertex 99.792549 57.977302 11.477244
      vertex 100.743739 56.027961 12.022060
      vertex 100.184581 57.719839 12.022060
    endloop
  endfacet
  facet normal 0.848081 0.274001 -0.453522
    outer loop
      vertex 101.131161 57.098183 12.366287
      vertex 100.463873 59.163555 12.366287
      vertex 100.819991 59.017414 12.943932
    endloop
  endfacet
  facet normal 0.848081 0.274001 -0.453522
    outer loop
      vertex 101.131161 57.098183 12.366287
      vertex 100.819991 59.017414 12.943932
      vertex 101.523260 56.840677 12.943932
    endloop
  endfacet
  facet normal -0.837489 -0.270579 0.474763
    outer loop
      vertex 99.248096 59.662476 11.477244
      vertex 99.792549 57.977302 11.477244
      vertex 100.184581 57.719839 12.022060
    endloop
  endfacet
  facet normal -0.837489 -0.270579 0.474763
    outer loop
      vertex 99.248096 59.662476 11.477244
      vertex 100.184581 57.719839 12.022060
      vertex 99.604154 59.516360 12.022060
    endloop
  endfacet
  facet normal 0.847377 0.278899 -0.451849
    outer loop
      vertex 100.463873 59.163555 12.366287
      vertex 99.733555 61.382475 12.366287
      vertex 100.050295 61.355979 12.943932
    endloop
  endfacet
  facet normal 0.847377 0.278899 -0.451849
    outer loop
      vertex 100.463873 59.163555 12.366287
      vertex 100.050295 61.355979 12.943932
      vertex 100.819991 59.017414 12.943932
    endloop
  endfacet
  facet normal -0.836870 -0.275441 0.473055
    outer loop
      vertex 98.652217 61.472933 11.477244
      vertex 99.248096 59.662476 11.477244
      vertex 99.604154 59.516360 12.022060
    endloop
  endfacet
  facet normal -0.836870 -0.275441 0.473055
    outer loop
      vertex 98.652217 61.472933 11.477244
      vertex 99.604154 59.516360 12.022060
      vertex 98.968903 61.446441 12.022060
    endloop
  endfacet
  facet normal 0.839148 0.311540 -0.445840
    outer loop
      vertex 99.733555 61.382475 12.366287
      vertex 98.863098 63.727100 12.366287
      vertex 99.132902 63.827026 12.943932
    endloop
  endfacet
  facet normal 0.839148 0.311540 -0.445840
    outer loop
      vertex 99.733555 61.382475 12.366287
      vertex 99.132902 63.827026 12.943932
      vertex 100.050295 61.355979 12.943932
    endloop
  endfacet
  facet normal -0.829013 -0.307777 0.466916
    outer loop
      vertex 97.941995 63.385954 11.477244
      vertex 98.652217 61.472933 11.477244
      vertex 98.968903 61.446441 12.022060
    endloop
  endfacet
  facet normal -0.829013 -0.307777 0.466916
    outer loop
      vertex 97.941995 63.385954 11.477244
      vertex 98.968903 61.446441 12.022060
      vertex 98.211753 63.485863 12.022060
    endloop
  endfacet
  facet normal 0.817512 0.365498 -0.445068
    outer loop
      vertex 98.863098 63.727100 12.366287
      vertex 97.835711 66.025058 12.366287
      vertex 98.050119 66.248891 12.943932
    endloop
  endfacet
  facet normal 0.817512 0.365498 -0.445068
    outer loop
      vertex 98.863098 63.727100 12.366287
      vertex 98.050119 66.248891 12.943932
      vertex 99.132902 63.827026 12.943932
    endloop
  endfacet
  facet normal -0.807671 -0.361099 0.466127
    outer loop
      vertex 97.103732 65.260899 11.477244
      vertex 97.941995 63.385954 11.477244
      vertex 98.211753 63.485863 12.022060
    endloop
  endfacet
  facet normal -0.807671 -0.361099 0.466127
    outer loop
      vertex 97.103732 65.260899 11.477244
      vertex 98.211753 63.485863 12.022060
      vertex 97.318103 65.484694 12.022060
    endloop
  endfacet
  facet normal 0.798148 0.399420 -0.451025
    outer loop
      vertex 97.835711 66.025058 12.366287
      vertex 96.777588 68.139473 12.366287
      vertex 96.934941 68.477317 12.943932
    endloop
  endfacet
  facet normal 0.798148 0.399420 -0.451025
    outer loop
      vertex 97.835711 66.025058 12.366287
      vertex 96.934941 68.477317 12.943932
      vertex 98.050119 66.248891 12.943932
    endloop
  endfacet
  facet normal -0.788287 -0.394485 0.472213
    outer loop
      vertex 96.240390 66.986089 11.477244
      vertex 97.103732 65.260899 11.477244
      vertex 97.318103 65.484694 12.022060
    endloop
  endfacet
  facet normal -0.788287 -0.394485 0.472213
    outer loop
      vertex 96.240390 66.986089 11.477244
      vertex 97.318103 65.484694 12.022060
      vertex 96.397717 67.323874 12.022060
    endloop
  endfacet
  facet normal 0.793340 0.406041 -0.453588
    outer loop
      vertex 96.777588 68.139473 12.366287
      vertex 95.778287 70.091948 12.366287
      vertex 95.881757 70.535070 12.943932
    endloop
  endfacet
  facet normal 0.793340 0.406041 -0.453588
    outer loop
      vertex 96.777588 68.139473 12.366287
      vertex 95.881757 70.535070 12.943932
      vertex 96.934941 68.477317 12.943932
    endloop
  endfacet
  facet normal -0.783429 -0.400968 0.474830
    outer loop
      vertex 95.425043 68.579148 11.477244
      vertex 96.240390 66.986089 11.477244
      vertex 96.397717 67.323874 12.022060
    endloop
  endfacet
  facet normal -0.783429 -0.400968 0.474830
    outer loop
      vertex 95.425043 68.579148 11.477244
      vertex 96.397717 67.323874 12.022060
      vertex 95.528496 69.022194 12.022060
    endloop
  endfacet
  facet normal 0.796779 0.402029 -0.451126
    outer loop
      vertex 95.778287 70.091948 12.366287
      vertex 94.848114 71.935455 12.366287
      vertex 94.901429 72.477979 12.943932
    endloop
  endfacet
  facet normal 0.796779 0.402029 -0.451126
    outer loop
      vertex 95.778287 70.091948 12.366287
      vertex 94.901429 72.477979 12.943932
      vertex 95.881757 70.535070 12.943932
    endloop
  endfacet
  facet normal -0.786931 -0.397060 0.472317
    outer loop
      vertex 94.666098 70.083298 11.477244
      vertex 95.425043 68.579148 11.477244
      vertex 95.528496 69.022194 12.022060
    endloop
  endfacet
  facet normal -0.786931 -0.397060 0.472317
    outer loop
      vertex 94.666098 70.083298 11.477244
      vertex 95.528496 69.022194 12.022060
      vertex 94.719404 70.625729 12.022060
    endloop
  endfacet
  facet normal -0.663116 0.575180 -0.479005
    outer loop
      vertex 94.848114 71.935455 12.366287
      vertex 93.604076 70.501222 12.366287
      vertex 93.590312 70.966412 12.943932
    endloop
  endfacet
  facet normal -0.663116 0.575180 -0.479005
    outer loop
      vertex 94.848114 71.935455 12.366287
      vertex 93.590312 70.966412 12.943932
      vertex 94.901429 72.477979 12.943932
    endloop
  endfacet
  facet normal 0.653897 -0.567183 0.500722
    outer loop
      vertex 93.651065 68.913082 11.477244
      vertex 94.666098 70.083298 11.477244
      vertex 94.719404 70.625729 12.022060
    endloop
  endfacet
  facet normal 0.653897 -0.567183 0.500722
    outer loop
      vertex 93.651065 68.913082 11.477244
      vertex 94.719404 70.625729 12.022060
      vertex 93.637304 69.378192 12.022060
    endloop
  endfacet
  facet normal -0.660769 0.576822 -0.480271
    outer loop
      vertex 93.604076 70.501222 12.366287
      vertex 92.285924 68.991233 12.366287
      vertex 92.201085 69.375004 12.943932
    endloop
  endfacet
  facet normal -0.660769 0.576822 -0.480271
    outer loop
      vertex 93.604076 70.501222 12.366287
      vertex 92.201085 69.375004 12.943932
      vertex 93.590312 70.966412 12.943932
    endloop
  endfacet
  facet normal 0.651535 -0.568761 0.502009
    outer loop
      vertex 92.575561 67.681055 11.477244
      vertex 93.651065 68.913082 11.477244
      vertex 93.637304 69.378192 12.022060
    endloop
  endfacet
  facet normal 0.651535 -0.568761 0.502009
    outer loop
      vertex 92.575561 67.681055 11.477244
      vertex 93.637304 69.378192 12.022060
      vertex 92.490736 68.064760 12.022060
    endloop
  endfacet
  facet normal -0.667233 0.571503 -0.477687
    outer loop
      vertex 92.285924 68.991233 12.366287
      vertex 90.895844 67.368307 12.366287
      vertex 90.736051 67.664569 12.943932
    endloop
  endfacet
  facet normal -0.667233 0.571503 -0.477687
    outer loop
      vertex 92.285924 68.991233 12.366287
      vertex 90.736051 67.664569 12.943932
      vertex 92.201085 69.375004 12.943932
    endloop
  endfacet
  facet normal 0.658006 -0.563600 0.499382
    outer loop
      vertex 91.441370 66.356880 11.477244
      vertex 92.575561 67.681055 11.477244
      vertex 92.490736 68.064760 12.022060
    endloop
  endfacet
  facet normal 0.658006 -0.563600 0.499382
    outer loop
      vertex 91.441370 66.356880 11.477244
      vertex 92.490736 68.064760 12.022060
      vertex 91.281604 66.653091 12.022060
    endloop
  endfacet
  facet normal -0.688836 0.549761 -0.472512
    outer loop
      vertex 90.895844 67.368307 12.366287
      vertex 89.486459 65.602387 12.366287
      vertex 89.250672 65.803430 12.943932
    endloop
  endfacet
  facet normal -0.688836 0.549761 -0.472512
    outer loop
      vertex 90.895844 67.368307 12.366287
      vertex 89.250672 65.803430 12.943932
      vertex 90.736051 67.664569 12.943932
    endloop
  endfacet
  facet normal 0.679512 -0.542320 0.494118
    outer loop
      vertex 90.291428 64.916035 11.477244
      vertex 91.441370 66.356880 11.477244
      vertex 91.281604 66.653091 12.022060
    endloop
  endfacet
  facet normal 0.679512 -0.542320 0.494118
    outer loop
      vertex 90.291428 64.916035 11.477244
      vertex 91.281604 66.653091 12.022060
      vertex 90.055681 65.117043 12.022060
    endloop
  endfacet
  facet normal -0.718748 0.511164 -0.471289
    outer loop
      vertex 89.486459 65.602387 12.366287
      vertex 88.163497 63.742172 12.366287
      vertex 87.856375 63.842911 12.943932
    endloop
  endfacet
  facet normal -0.718748 0.511164 -0.471289
    outer loop
      vertex 89.486459 65.602387 12.366287
      vertex 87.856375 63.842911 12.943932
      vertex 89.250672 65.803430 12.943932
    endloop
  endfacet
  facet normal 0.709068 -0.504280 0.492873
    outer loop
      vertex 89.211999 63.398251 11.477244
      vertex 90.291428 64.916035 11.477244
      vertex 90.055681 65.117043 12.022060
    endloop
  endfacet
  facet normal 0.709068 -0.504280 0.492873
    outer loop
      vertex 89.211999 63.398251 11.477244
      vertex 90.055681 65.117043 12.022060
      vertex 88.904929 63.498973 12.022060
    endloop
  endfacet
  facet normal -0.738441 0.477704 -0.475924
    outer loop
      vertex 88.163497 63.742172 12.366287
      vertex 86.977576 61.908959 12.366287
      vertex 86.606509 61.910851 12.943932
    endloop
  endfacet
  facet normal -0.738441 0.477704 -0.475924
    outer loop
      vertex 88.163497 63.742172 12.366287
      vertex 86.606509 61.910851 12.943932
      vertex 87.856375 63.842911 12.943932
    endloop
  endfacet
  facet normal 0.728304 -0.471146 0.497589
    outer loop
      vertex 88.244384 61.902500 11.477244
      vertex 89.211999 63.398251 11.477244
      vertex 88.904929 63.498973 12.022060
    endloop
  endfacet
  facet normal 0.728304 -0.471146 0.497589
    outer loop
      vertex 88.244384 61.902500 11.477244
      vertex 88.904929 63.498973 12.022060
      vertex 87.873381 61.904392 12.022060
    endloop
  endfacet
  facet normal -0.744544 0.464162 -0.479800
    outer loop
      vertex 86.977576 61.908959 12.366287
      vertex 85.894678 60.171926 12.366287
      vertex 85.465221 60.080156 12.943932
    endloop
  endfacet
  facet normal -0.744544 0.464162 -0.479800
    outer loop
      vertex 86.977576 61.908959 12.366287
      vertex 85.465221 60.080156 12.943932
      vertex 86.606509 61.910851 12.943932
    endloop
  endfacet
  facet normal 0.734159 -0.457688 0.501530
    outer loop
      vertex 87.360829 60.485224 11.477244
      vertex 88.244384 61.902500 11.477244
      vertex 87.873381 61.904392 12.022060
    endloop
  endfacet
  facet normal 0.734159 -0.457688 0.501530
    outer loop
      vertex 87.360829 60.485224 11.477244
      vertex 87.873381 61.904392 12.022060
      vertex 86.931445 60.393470 12.022060
    endloop
  endfacet
  facet normal -0.744472 0.464365 -0.479714
    outer loop
      vertex 85.894678 60.171926 12.366287
      vertex 84.872599 58.533322 12.366287
      vertex 84.388031 58.353199 12.943932
    endloop
  endfacet
  facet normal -0.744472 0.464365 -0.479714
    outer loop
      vertex 85.894678 60.171926 12.366287
      vertex 84.388031 58.353199 12.943932
      vertex 85.465221 60.080156 12.943932
    endloop
  endfacet
  facet normal 0.734092 -0.457890 0.501443
    outer loop
      vertex 86.526896 59.148257 11.477244
      vertex 87.360829 60.485224 11.477244
      vertex 86.931445 60.393470 12.022060
    endloop
  endfacet
  facet normal 0.734092 -0.457890 0.501443
    outer loop
      vertex 86.526896 59.148257 11.477244
      vertex 86.931445 60.393470 12.022060
      vertex 86.042411 58.968165 12.022060
    endloop
  endfacet
  facet normal -0.259455 -0.902483 -0.343813
    outer loop
      vertex 84.388031 58.353199 12.943932
      vertex 86.405858 57.773093 12.943932
      vertex 86.150902 57.632820 13.504536
    endloop
  endfacet
  facet normal -0.259455 -0.902483 -0.343813
    outer loop
      vertex 84.388031 58.353199 12.943932
      vertex 86.150902 57.632820 13.504536
      vertex 84.064052 58.232769 13.504536
    endloop
  endfacet
  facet normal 0.258229 0.898217 0.355703
    outer loop
      vertex 87.707779 58.489387 12.022060
      vertex 86.042411 58.968165 12.022060
      vertex 85.718155 58.847632 12.561827
    endloop
  endfacet
  facet normal 0.258229 0.898217 0.355703
    outer loop
      vertex 87.707779 58.489387 12.022060
      vertex 85.718155 58.847632 12.561827
      vertex 87.452604 58.348995 12.561827
    endloop
  endfacet
  facet normal -0.260613 -0.901995 -0.344218
    outer loop
      vertex 86.405858 57.773093 12.943932
      vertex 88.549351 57.153775 12.943932
      vertex 88.367717 56.992318 13.504536
    endloop
  endfacet
  facet normal -0.260613 -0.901995 -0.344218
    outer loop
      vertex 86.405858 57.773093 12.943932
      vertex 88.367717 56.992318 13.504536
      vertex 86.150902 57.632820 13.504536
    endloop
  endfacet
  facet normal 0.259378 0.897721 0.356117
    outer loop
      vertex 89.476862 57.978248 12.022060
      vertex 87.707779 58.489387 12.022060
      vertex 87.452604 58.348995 12.561827
    endloop
  endfacet
  facet normal 0.259378 0.897721 0.356117
    outer loop
      vertex 89.476862 57.978248 12.022060
      vertex 87.452604 58.348995 12.561827
      vertex 89.295071 57.816652 12.561827
    endloop
  endfacet
  facet normal -0.245621 -0.907435 -0.340927
    outer loop
      vertex 88.549351 57.153775 12.943932
      vertex 90.856358 56.529322 12.943932
      vertex 90.753637 56.346505 13.504536
    endloop
  endfacet
  facet normal -0.245621 -0.907435 -0.340927
    outer loop
      vertex 88.549351 57.153775 12.943932
      vertex 90.753637 56.346505 13.504536
      vertex 88.367717 56.992318 13.504536
    endloop
  endfacet
  facet normal 0.244480 0.903217 0.352745
    outer loop
      vertex 91.380897 57.462870 12.022060
      vertex 89.476862 57.978248 12.022060
      vertex 89.295071 57.816652 12.561827
    endloop
  endfacet
  facet normal 0.244480 0.903217 0.352745
    outer loop
      vertex 91.380897 57.462870 12.022060
      vertex 89.295071 57.816652 12.561827
      vertex 91.278088 57.279896 12.561827
    endloop
  endfacet
  facet normal -0.202604 -0.919459 -0.336966
    outer loop
      vertex 90.856358 56.529322 12.943932
      vertex 93.300229 55.990814 12.943932
      vertex 93.281104 55.789576 13.504536
    endloop
  endfacet
  facet normal -0.202604 -0.919459 -0.336966
    outer loop
      vertex 90.856358 56.529322 12.943932
      vertex 93.281104 55.789576 13.504536
      vertex 90.753637 56.346505 13.504536
    endloop
  endfacet
  facet normal 0.201683 0.915283 0.348684
    outer loop
      vertex 93.397890 57.018424 12.022060
      vertex 91.380897 57.462870 12.022060
      vertex 91.278088 57.279896 12.561827
    endloop
  endfacet
  facet normal 0.201683 0.915283 0.348684
    outer loop
      vertex 93.397890 57.018424 12.022060
      vertex 91.278088 57.279896 12.561827
      vertex 93.378749 56.817014 12.561827
    endloop
  endfacet
  facet normal -0.148960 -0.929070 -0.338586
    outer loop
      vertex 93.300229 55.990814 12.943932
      vertex 95.730500 55.601164 12.943932
      vertex 95.794506 55.386597 13.504536
    endloop
  endfacet
  facet normal -0.148960 -0.929070 -0.338586
    outer loop
      vertex 93.300229 55.990814 12.943932
      vertex 95.794506 55.386597 13.504536
      vertex 93.281104 55.789576 13.504536
    endloop
  endfacet
  facet normal 0.148276 0.924810 0.350345
    outer loop
      vertex 95.403659 56.696836 12.022060
      vertex 93.397890 57.018424 12.022060
      vertex 93.378749 56.817014 12.561827
    endloop
  endfacet
  facet normal 0.148276 0.924810 0.350345
    outer loop
      vertex 95.403659 56.696836 12.022060
      vertex 93.378749 56.817014 12.561827
      vertex 95.467719 56.482085 12.561827
    endloop
  endfacet
  facet normal -0.118777 -0.931771 -0.343066
    outer loop
      vertex 95.730500 55.601164 12.943932
      vertex 98.022960 55.308935 12.943932
      vertex 98.165382 55.084372 13.504536
    endloop
  endfacet
  facet normal -0.118777 -0.931771 -0.343066
    outer loop
      vertex 95.730500 55.601164 12.943932
      vertex 98.165382 55.084372 13.504536
      vertex 95.794506 55.386597 13.504536
    endloop
  endfacet
  facet normal 0.118218 0.927386 0.354937
    outer loop
      vertex 97.295688 56.455651 12.022060
      vertex 95.403659 56.696836 12.022060
      vertex 95.467719 56.482085 12.561827
    endloop
  endfacet
  facet normal 0.118218 0.927386 0.354937
    outer loop
      vertex 97.295688 56.455651 12.022060
      vertex 95.467719 56.482085 12.561827
      vertex 97.438233 56.230896 12.561827
    endloop
  endfacet
  facet normal -0.113209 -0.931920 -0.344540
    outer loop
      vertex 98.022960 55.308935 12.943932
      vertex 100.169139 55.048219 12.943932
      vertex 100.384973 54.814739 13.504536
    endloop
  endfacet
  facet normal -0.113209 -0.931920 -0.344540
    outer loop
      vertex 98.022960 55.308935 12.943932
      vertex 100.384973 54.814739 13.504536
      vertex 98.165382 55.084372 13.504536
    endloop
  endfacet
  facet normal 0.112671 0.927497 0.356448
    outer loop
      vertex 99.066988 56.240476 12.022060
      vertex 97.295688 56.455651 12.022060
      vertex 97.438233 56.230896 12.561827
    endloop
  endfacet
  facet normal 0.112671 0.927497 0.356448
    outer loop
      vertex 99.066988 56.240476 12.022060
      vertex 97.438233 56.230896 12.561827
      vertex 99.283008 56.006795 12.561827
    endloop
  endfacet
  facet normal -0.118123 -0.931996 -0.342680
    outer loop
      vertex 100.169139 55.048219 12.943932
      vertex 102.200759 54.790728 12.943932
      vertex 102.486088 54.548440 13.504536
    endloop
  endfacet
  facet normal -0.118123 -0.931996 -0.342680
    outer loop
      vertex 100.169139 55.048219 12.943932
      vertex 102.486088 54.548440 13.504536
      vertex 100.384973 54.814739 13.504536
    endloop
  endfacet
  facet normal 0.117568 0.927620 0.354541
    outer loop
      vertex 100.743739 56.027961 12.022060
      vertex 99.066988 56.240476 12.022060
      vertex 99.283008 56.006795 12.561827
    endloop
  endfacet
  facet normal 0.117568 0.927620 0.354541
    outer loop
      vertex 100.743739 56.027961 12.022060
      vertex 99.283008 56.006795 12.561827
      vertex 101.029313 55.785465 12.561827
    endloop
  endfacet
  facet normal 0.896842 0.296402 -0.328361
    outer loop
      vertex 102.200759 54.790728 12.943932
      vertex 101.523260 56.840677 12.943932
      vertex 101.785415 56.668510 13.504536
    endloop
  endfacet
  facet normal 0.896842 0.296402 -0.328361
    outer loop
      vertex 102.200759 54.790728 12.943932
      vertex 101.785415 56.668510 13.504536
      vertex 102.486088 54.548440 13.504536
    endloop
  endfacet
  facet normal -0.892972 -0.295123 0.339857
    outer loop
      vertex 100.184581 57.719839 12.022060
      vertex 100.743739 56.027961 12.022060
      vertex 101.029313 55.785465 12.561827
    endloop
  endfacet
  facet normal -0.892972 -0.295123 0.339857
    outer loop
      vertex 100.184581 57.719839 12.022060
      vertex 101.029313 55.785465 12.561827
      vertex 100.446960 57.547525 12.561827
    endloop
  endfacet
  facet normal 0.897988 0.290125 -0.330824
    outer loop
      vertex 101.523260 56.840677 12.943932
      vertex 100.819991 59.017414 12.943932
      vertex 101.058090 58.919705 13.504536
    endloop
  endfacet
  facet normal 0.897988 0.290125 -0.330824
    outer loop
      vertex 101.523260 56.840677 12.943932
      vertex 101.058090 58.919705 13.504536
      vertex 101.785415 56.668510 13.504536
    endloop
  endfacet
  facet normal -0.894056 -0.288855 0.342384
    outer loop
      vertex 99.604154 59.516360 12.022060
      vertex 100.184581 57.719839 12.022060
      vertex 100.446960 57.547525 12.561827
    endloop
  endfacet
  facet normal -0.894056 -0.288855 0.342384
    outer loop
      vertex 99.604154 59.516360 12.022060
      vertex 100.446960 57.547525 12.561827
      vertex 99.842457 59.418567 12.561827
    endloop
  endfacet
  facet normal 0.896843 0.295180 -0.329457
    outer loop
      vertex 100.819991 59.017414 12.943932
      vertex 100.050295 61.355979 12.943932
      vertex 100.262065 61.338264 13.504536
    endloop
  endfacet
  facet normal 0.896843 0.295180 -0.329457
    outer loop
      vertex 100.819991 59.017414 12.943932
      vertex 100.262065 61.338264 13.504536
      vertex 101.058090 58.919705 13.504536
    endloop
  endfacet
  facet normal -0.892948 -0.293898 0.340982
    outer loop
      vertex 98.968903 61.446441 12.022060
      vertex 99.604154 59.516360 12.022060
      vertex 99.842457 59.418567 12.561827
    endloop
  endfacet
  facet normal -0.892948 -0.293898 0.340982
    outer loop
      vertex 98.968903 61.446441 12.022060
      vertex 99.842457 59.418567 12.561827
      vertex 99.180854 61.428711 12.561827
    endloop
  endfacet
  facet normal 0.886727 0.329204 -0.324561
    outer loop
      vertex 100.050295 61.355979 12.943932
      vertex 99.132902 63.827026 12.943932
      vertex 99.313291 63.893836 13.504536
    endloop
  endfacet
  facet normal 0.886727 0.329204 -0.324561
    outer loop
      vertex 100.050295 61.355979 12.943932
      vertex 99.313291 63.893836 13.504536
      vertex 100.262065 61.338264 13.504536
    endloop
  endfacet
  facet normal -0.882989 -0.327816 0.335957
    outer loop
      vertex 98.211753 63.485863 12.022060
      vertex 98.968903 61.446441 12.022060
      vertex 99.180854 61.428711 12.561827
    endloop
  endfacet
  facet normal -0.882989 -0.327816 0.335957
    outer loop
      vertex 98.211753 63.485863 12.022060
      vertex 99.180854 61.428711 12.561827
      vertex 98.392297 63.552731 12.561827
    endloop
  endfacet
  facet normal 0.863690 0.386144 -0.323934
    outer loop
      vertex 99.132902 63.827026 12.943932
      vertex 98.050119 66.248891 12.943932
      vertex 98.193470 66.398544 13.504536
    endloop
  endfacet
  facet normal 0.863690 0.386144 -0.323934
    outer loop
      vertex 99.132902 63.827026 12.943932
      vertex 98.193470 66.398544 13.504536
      vertex 99.313291 63.893836 13.504536
    endloop
  endfacet
  facet normal -0.860062 -0.384522 0.335313
    outer loop
      vertex 97.318103 65.484694 12.022060
      vertex 98.211753 63.485863 12.022060
      vertex 98.392297 63.552731 12.561827
    endloop
  endfacet
  facet normal -0.860062 -0.384522 0.335313
    outer loop
      vertex 97.318103 65.484694 12.022060
      vertex 98.392297 63.552731 12.561827
      vertex 97.461577 65.634475 12.561827
    endloop
  endfacet
  facet normal 0.844555 0.422643 -0.328784
    outer loop
      vertex 98.050119 66.248891 12.943932
      vertex 96.934941 68.477317 12.943932
      vertex 97.040146 68.703196 13.504536
    endloop
  endfacet
  facet normal 0.844555 0.422643 -0.328784
    outer loop
      vertex 98.050119 66.248891 12.943932
      vertex 97.040146 68.703196 13.504536
      vertex 98.193470 66.398544 13.504536
    endloop
  endfacet
  facet normal -0.840902 -0.420815 0.340291
    outer loop
      vertex 96.397717 67.323874 12.022060
      vertex 97.318103 65.484694 12.022060
      vertex 97.461577 65.634475 12.561827
    endloop
  endfacet
  facet normal -0.840902 -0.420815 0.340291
    outer loop
      vertex 96.397717 67.323874 12.022060
      vertex 97.461577 65.634475 12.561827
      vertex 96.503012 67.549947 12.561827
    endloop
  endfacet
  facet normal 0.840041 0.429943 -0.330878
    outer loop
      vertex 96.934941 68.477317 12.943932
      vertex 95.881757 70.535070 12.943932
      vertex 95.950937 70.831337 13.504536
    endloop
  endfacet
  facet normal 0.840041 0.429943 -0.330878
    outer loop
      vertex 96.934941 68.477317 12.943932
      vertex 95.950937 70.831337 13.504536
      vertex 97.040146 68.703196 13.504536
    endloop
  endfacet
  facet normal -0.836361 -0.428060 0.342440
    outer loop
      vertex 95.528496 69.022194 12.022060
      vertex 96.397717 67.323874 12.022060
      vertex 96.503012 67.549947 12.561827
    endloop
  endfacet
  facet normal -0.836361 -0.428060 0.342440
    outer loop
      vertex 95.528496 69.022194 12.022060
      vertex 96.503012 67.549947 12.561827
      vertex 95.597734 69.318715 12.561827
    endloop
  endfacet
  facet normal 0.843130 0.425416 -0.328867
    outer loop
      vertex 95.881757 70.535070 12.943932
      vertex 94.901429 72.477979 12.943932
      vertex 94.937075 72.840706 13.504536
    endloop
  endfacet
  facet normal 0.843130 0.425416 -0.328867
    outer loop
      vertex 95.881757 70.535070 12.943932
      vertex 94.937075 72.840706 13.504536
      vertex 95.950937 70.831337 13.504536
    endloop
  endfacet
  facet normal -0.839481 -0.423575 0.340376
    outer loop
      vertex 94.719404 70.625729 12.022060
      vertex 95.528496 69.022194 12.022060
      vertex 95.597734 69.318715 12.561827
    endloop
  endfacet
  facet normal -0.839481 -0.423575 0.340376
    outer loop
      vertex 94.719404 70.625729 12.022060
      vertex 95.597734 69.318715 12.561827
      vertex 94.755080 70.988768 12.561827
    endloop
  endfacet
  facet normal -0.707105 0.613335 -0.351884
    outer loop
      vertex 94.901429 72.477979 12.943932
      vertex 93.590312 70.966412 12.943932
      vertex 93.581110 71.277434 13.504536
    endloop
  endfacet
  facet normal -0.707105 0.613335 -0.351884
    outer loop
      vertex 94.901429 72.477979 12.943932
      vertex 93.581110 71.277434 13.504536
      vertex 94.937075 72.840706 13.504536
    endloop
  endfacet
  facet normal 0.703605 -0.610299 0.363972
    outer loop
      vertex 93.637304 69.378192 12.022060
      vertex 94.719404 70.625729 12.022060
      vertex 94.755080 70.988768 12.561827
    endloop
  endfacet
  facet normal 0.703605 -0.610299 0.363972
    outer loop
      vertex 93.637304 69.378192 12.022060
      vertex 94.755080 70.988768 12.561827
      vertex 93.628093 69.689481 12.561827
    endloop
  endfacet
  facet normal -0.704858 0.615310 -0.352943
    outer loop
      vertex 93.590312 70.966412 12.943932
      vertex 92.201085 69.375004 12.943932
      vertex 92.144362 69.631590 13.504536
    endloop
  endfacet
  facet normal -0.704858 0.615310 -0.352943
    outer loop
      vertex 93.590312 70.966412 12.943932
      vertex 92.144362 69.631590 13.504536
      vertex 93.581110 71.277434 13.504536
    endloop
  endfacet
  facet normal 0.701349 -0.612246 0.365056
    outer loop
      vertex 92.490736 68.064760 12.022060
      vertex 93.637304 69.378192 12.022060
      vertex 93.628093 69.689481 12.561827
    endloop
  endfacet
  facet normal 0.701349 -0.612246 0.365056
    outer loop
      vertex 92.490736 68.064760 12.022060
      vertex 93.628093 69.689481 12.561827
      vertex 92.433965 68.321566 12.561827
    endloop
  endfacet
  facet normal -0.711227 0.609185 -0.350784
    outer loop
      vertex 92.201085 69.375004 12.943932
      vertex 90.736051 67.664569 12.943932
      vertex 90.629215 67.862647 13.504536
    endloop
  endfacet
  facet normal -0.711227 0.609185 -0.350784
    outer loop
      vertex 92.201085 69.375004 12.943932
      vertex 90.629215 67.862647 13.504536
      vertex 92.144362 69.631590 13.504536
    endloop
  endfacet
  facet normal 0.707728 -0.606188 0.362845
    outer loop
      vertex 91.281604 66.653091 12.022060
      vertex 92.490736 68.064760 12.022060
      vertex 92.433965 68.321566 12.561827
    endloop
  endfacet
  facet normal 0.707728 -0.606188 0.362845
    outer loop
      vertex 91.281604 66.653091 12.022060
      vertex 92.433965 68.321566 12.561827
      vertex 91.174677 66.851340 12.561827
    endloop
  endfacet
  facet normal -0.733179 0.585152 -0.346476
    outer loop
      vertex 90.736051 67.664569 12.943932
      vertex 89.250672 65.803430 12.943932
      vertex 89.093027 65.937846 13.504536
    endloop
  endfacet
  facet normal -0.733179 0.585152 -0.346476
    outer loop
      vertex 90.736051 67.664569 12.943932
      vertex 89.093027 65.937846 13.504536
      vertex 90.629215 67.862647 13.504536
    endloop
  endfacet
  facet normal 0.729660 -0.582343 0.358431
    outer loop
      vertex 90.055681 65.117043 12.022060
      vertex 91.281604 66.653091 12.022060
      vertex 91.174677 66.851340 12.561827
    endloop
  endfacet
  facet normal 0.729660 -0.582343 0.358431
    outer loop
      vertex 90.055681 65.117043 12.022060
      vertex 91.174677 66.851340 12.561827
      vertex 89.897900 65.251574 12.561827
    endloop
  endfacet
  facet normal -0.764754 0.543883 -0.345460
    outer loop
      vertex 89.250672 65.803430 12.943932
      vertex 87.856375 63.842911 12.943932
      vertex 87.651036 63.910264 13.504536
    endloop
  endfacet
  facet normal -0.764754 0.543883 -0.345460
    outer loop
      vertex 89.250672 65.803430 12.943932
      vertex 87.651036 63.910264 13.504536
      vertex 89.093027 65.937846 13.504536
    endloop
  endfacet
  facet normal 0.761104 -0.541288 0.357390
    outer loop
      vertex 88.904929 63.498973 12.022060
      vertex 90.055681 65.117043 12.022060
      vertex 89.897900 65.251574 12.561827
    endloop
  endfacet
  facet normal 0.761104 -0.541288 0.357390
    outer loop
      vertex 88.904929 63.498973 12.022060
      vertex 89.897900 65.251574 12.561827
      vertex 88.699414 63.566385 12.561827
    endloop
  endfacet
  facet normal -0.786736 0.508946 -0.349314
    outer loop
      vertex 87.856375 63.842911 12.943932
      vertex 86.606509 61.910851 12.943932
      vertex 86.358416 61.912116 13.504536
    endloop
  endfacet
  facet normal -0.786736 0.508946 -0.349314
    outer loop
      vertex 87.856375 63.842911 12.943932
      vertex 86.358416 61.912116 13.504536
      vertex 87.651036 63.910264 13.504536
    endloop
  endfacet
  facet normal 0.782898 -0.506463 0.361339
    outer loop
      vertex 87.873381 61.904392 12.022060
      vertex 88.904929 63.498973 12.022060
      vertex 88.699414 63.566385 12.561827
    endloop
  endfacet
  facet normal 0.782898 -0.506463 0.361339
    outer loop
      vertex 87.873381 61.904392 12.022060
      vertex 88.699414 63.566385 12.561827
      vertex 87.625076 61.905658 12.561827
    endloop
  endfacet
  facet normal -0.794115 0.495066 -0.352549
    outer loop
      vertex 86.606509 61.910851 12.943932
      vertex 85.465221 60.080156 12.943932
      vertex 85.178090 60.018800 13.504536
    endloop
  endfacet
  facet normal -0.794115 0.495066 -0.352549
    outer loop
      vertex 86.606509 61.910851 12.943932
      vertex 85.178090 60.018800 13.504536
      vertex 86.358416 61.912116 13.504536
    endloop
  endfacet
  facet normal 0.790170 -0.492606 0.364652
    outer loop
      vertex 86.931445 60.393470 12.022060
      vertex 87.873381 61.904392 12.022060
      vertex 87.625076 61.905658 12.561827
    endloop
  endfacet
  facet normal 0.790170 -0.492606 0.364652
    outer loop
      vertex 86.931445 60.393470 12.022060
      vertex 87.625076 61.905658 12.561827
      vertex 86.644068 60.332061 12.561827
    endloop
  endfacet
  facet normal -0.794020 0.495270 -0.352477
    outer loop
      vertex 85.465221 60.080156 12.943932
      vertex 84.388031 58.353199 12.943932
      vertex 84.064052 58.232769 13.504536
    endloop
  endfacet
  facet normal -0.794020 0.495270 -0.352477
    outer loop
      vertex 85.465221 60.080156 12.943932
      vertex 84.064052 58.232769 13.504536
      vertex 85.178090 60.018800 13.504536
    endloop
  endfacet
  facet normal 0.790076 -0.492810 0.364579
    outer loop
      vertex 86.042411 58.968165 12.022060
      vertex 86.931445 60.393470 12.022060
      vertex 86.644068 60.332061 12.561827
    endloop
  endfacet
  facet normal 0.790076 -0.492810 0.364579
    outer loop
      vertex 86.042411 58.968165 12.022060
      vertex 86.644068 60.332061 12.561827
      vertex 85.718155 58.847632 12.561827
    endloop
  endfacet
  facet normal -0.273748 -0.952200 -0.135561
    outer loop
      vertex 84.064052 58.232769 13.504536
      vertex 86.150902 57.632820 13.504536
      vertex 86.058897 57.582200 14.045890
    endloop
  endfacet
  facet normal -0.273748 -0.952200 -0.135561
    outer loop
      vertex 84.064052 58.232769 13.504536
      vertex 86.058897 57.582200 14.045890
      vertex 83.947139 58.189310 14.045890
    endloop
  endfacet
  facet normal 0.273762 0.952247 0.135205
    outer loop
      vertex 87.452604 58.348995 12.561827
      vertex 85.718155 58.847632 12.561827
      vertex 85.603125 58.804873 13.095890
    endloop
  endfacet
  facet normal 0.273762 0.952247 0.135205
    outer loop
      vertex 87.452604 58.348995 12.561827
      vertex 85.603125 58.804873 13.095890
      vertex 87.362081 58.299190 13.095890
    endloop
  endfacet
  facet normal -0.275006 -0.951812 -0.135739
    outer loop
      vertex 86.150902 57.632820 13.504536
      vertex 88.367717 56.992318 13.504536
      vertex 88.302170 56.934053 14.045890
    endloop
  endfacet
  facet normal -0.275006 -0.951812 -0.135739
    outer loop
      vertex 86.150902 57.632820 13.504536
      vertex 88.302170 56.934053 14.045890
      vertex 86.058897 57.582200 14.045890
    endloop
  endfacet
  facet normal 0.275020 0.951859 0.135382
    outer loop
      vertex 89.295071 57.816652 12.561827
      vertex 87.452604 58.348995 12.561827
      vertex 87.362081 58.299190 13.095890
    endloop
  endfacet
  facet normal 0.275020 0.951859 0.135382
    outer loop
      vertex 89.295071 57.816652 12.561827
      vertex 87.362081 58.299190 13.095890
      vertex 89.230581 57.759326 13.095890
    endloop
  endfacet
  facet normal -0.258908 -0.956520 -0.134296
    outer loop
      vertex 88.367717 56.992318 13.504536
      vertex 90.753637 56.346505 13.504536
      vertex 90.716568 56.280532 14.045890
    endloop
  endfacet
  facet normal -0.258908 -0.956520 -0.134296
    outer loop
      vertex 88.367717 56.992318 13.504536
      vertex 90.716568 56.280532 14.045890
      vertex 88.302170 56.934053 14.045890
    endloop
  endfacet
  facet normal 0.258920 0.956567 0.133943
    outer loop
      vertex 91.278088 57.279896 12.561827
      vertex 89.295071 57.816652 12.561827
      vertex 89.230581 57.759326 13.095890
    endloop
  endfacet
  facet normal 0.258920 0.956567 0.133943
    outer loop
      vertex 91.278088 57.279896 12.561827
      vertex 89.230581 57.759326 13.095890
      vertex 91.241616 57.214986 13.095890
    endloop
  endfacet
  facet normal -0.213289 -0.967954 -0.132566
    outer loop
      vertex 90.753637 56.346505 13.504536
      vertex 93.281104 55.789576 13.504536
      vertex 93.274203 55.716956 14.045890
    endloop
  endfacet
  facet normal -0.213289 -0.967954 -0.132566
    outer loop
      vertex 90.753637 56.346505 13.504536
      vertex 93.274203 55.716956 14.045890
      vertex 90.716568 56.280532 14.045890
    endloop
  endfacet
  facet normal 0.213299 0.967999 0.132217
    outer loop
      vertex 93.378749 56.817014 12.561827
      vertex 91.278088 57.279896 12.561827
      vertex 91.241616 57.214986 13.095890
    endloop
  endfacet
  facet normal 0.213299 0.967999 0.132217
    outer loop
      vertex 93.378749 56.817014 12.561827
      vertex 91.241616 57.214986 13.095890
      vertex 93.371958 56.745564 13.095890
    endloop
  endfacet
  facet normal -0.156898 -0.978581 -0.133272
    outer loop
      vertex 93.281104 55.789576 13.504536
      vertex 95.794506 55.386597 13.504536
      vertex 95.817603 55.309167 14.045890
    endloop
  endfacet
  facet normal -0.156898 -0.978581 -0.133272
    outer loop
      vertex 93.281104 55.789576 13.504536
      vertex 95.817603 55.309167 14.045890
      vertex 93.274203 55.716956 14.045890
    endloop
  endfacet
  facet normal 0.156905 0.978628 0.132922
    outer loop
      vertex 95.467719 56.482085 12.561827
      vertex 93.378749 56.817014 12.561827
      vertex 93.371958 56.745564 13.095890
    endloop
  endfacet
  facet normal 0.156905 0.978628 0.132922
    outer loop
      vertex 95.467719 56.482085 12.561827
      vertex 93.371958 56.745564 13.095890
      vertex 95.490445 56.405903 13.095890
    endloop
  endfacet
  facet normal -0.125289 -0.982860 -0.135233
    outer loop
      vertex 95.794506 55.386597 13.504536
      vertex 98.165382 55.084372 13.504536
      vertex 98.216778 55.003335 14.045890
    endloop
  endfacet
  facet normal -0.125289 -0.982860 -0.135233
    outer loop
      vertex 95.794506 55.386597 13.504536
      vertex 98.216778 55.003335 14.045890
      vertex 95.817603 55.309167 14.045890
    endloop
  endfacet
  facet normal 0.125295 0.982908 0.134878
    outer loop
      vertex 97.438233 56.230896 12.561827
      vertex 95.467719 56.482085 12.561827
      vertex 95.490445 56.405903 13.095890
    endloop
  endfacet
  facet normal 0.125295 0.982908 0.134878
    outer loop
      vertex 97.438233 56.230896 12.561827
      vertex 95.490445 56.405903 13.095890
      vertex 97.488800 56.151164 13.095890
    endloop
  endfacet
  facet normal -0.119474 -0.983495 -0.135880
    outer loop
      vertex 98.165382 55.084372 13.504536
      vertex 100.384973 54.814739 13.504536
      vertex 100.462861 54.730483 14.045890
    endloop
  endfacet
  facet normal -0.119474 -0.983495 -0.135880
    outer loop
      vertex 98.165382 55.084372 13.504536
      vertex 100.462861 54.730483 14.045890
      vertex 98.216778 55.003335 14.045890
    endloop
  endfacet
  facet normal 0.119480 0.983544 0.135523
    outer loop
      vertex 99.283008 56.006795 12.561827
      vertex 97.438233 56.230896 12.561827
      vertex 97.488800 56.151164 13.095890
    endloop
  endfacet
  facet normal 0.119480 0.983544 0.135523
    outer loop
      vertex 99.283008 56.006795 12.561827
      vertex 97.488800 56.151164 13.095890
      vertex 99.359641 55.923897 13.095890
    endloop
  endfacet
  facet normal -0.124584 -0.982973 -0.135064
    outer loop
      vertex 100.384973 54.814739 13.504536
      vertex 102.486088 54.548440 13.504536
      vertex 102.589054 54.461006 14.045890
    endloop
  endfacet
  facet normal -0.124584 -0.982973 -0.135064
    outer loop
      vertex 100.384973 54.814739 13.504536
      vertex 102.589054 54.461006 14.045890
      vertex 100.462861 54.730483 14.045890
    endloop
  endfacet
  facet normal 0.124590 0.983021 0.134709
    outer loop
      vertex 101.029313 55.785465 12.561827
      vertex 99.283008 56.006795 12.561827
      vertex 99.359641 55.923897 13.095890
    endloop
  endfacet
  facet normal 0.124590 0.983021 0.134709
    outer loop
      vertex 101.029313 55.785465 12.561827
      vertex 99.359641 55.923897 13.095890
      vertex 101.130620 55.699440 13.095890
    endloop
  endfacet
  facet normal 0.941576 0.311187 -0.128829
    outer loop
      vertex 102.486088 54.548440 13.504536
      vertex 101.785415 56.668510 13.504536
      vertex 101.880018 56.606380 14.045890
    endloop
  endfacet
  facet normal 0.941576 0.311187 -0.128829
    outer loop
      vertex 102.486088 54.548440 13.504536
      vertex 101.880018 56.606380 14.045890
      vertex 102.589054 54.461006 14.045890
    endloop
  endfacet
  facet normal -0.941618 -0.311201 0.128490
    outer loop
      vertex 100.446960 57.547525 12.561827
      vertex 101.029313 55.785465 12.561827
      vertex 101.130620 55.699440 13.095890
    endloop
  endfacet
  facet normal -0.941618 -0.311201 0.128490
    outer loop
      vertex 100.446960 57.547525 12.561827
      vertex 101.130620 55.699440 13.095890
      vertex 100.540039 57.486396 13.095890
    endloop
  endfacet
  facet normal 0.943507 0.304832 -0.129896
    outer loop
      vertex 101.785415 56.668510 13.504536
      vertex 101.058090 58.919705 13.504536
      vertex 101.144012 58.884445 14.045890
    endloop
  endfacet
  facet normal 0.943507 0.304832 -0.129896
    outer loop
      vertex 101.785415 56.668510 13.504536
      vertex 101.144012 58.884445 14.045890
      vertex 101.880018 56.606380 14.045890
    endloop
  endfacet
  facet normal -0.943549 -0.304846 0.129554
    outer loop
      vertex 99.842457 59.418567 12.561827
      vertex 100.446960 57.547525 12.561827
      vertex 100.540039 57.486396 13.095890
    endloop
  endfacet
  facet normal -0.943549 -0.304846 0.129554
    outer loop
      vertex 99.842457 59.418567 12.561827
      vertex 100.540039 57.486396 13.095890
      vertex 99.926994 59.383875 13.095890
    endloop
  endfacet
  facet normal 0.941900 0.310009 -0.129303
    outer loop
      vertex 101.058090 58.919705 13.504536
      vertex 100.262065 61.338264 13.504536
      vertex 100.338486 61.331871 14.045890
    endloop
  endfacet
  facet normal 0.941900 0.310009 -0.129303
    outer loop
      vertex 101.058090 58.919705 13.504536
      vertex 100.338486 61.331871 14.045890
      vertex 101.144012 58.884445 14.045890
    endloop
  endfacet
  facet normal -0.941942 -0.310023 0.128963
    outer loop
      vertex 99.180854 61.428711 12.561827
      vertex 99.842457 59.418567 12.561827
      vertex 99.926994 59.383875 13.095890
    endloop
  endfacet
  facet normal -0.941942 -0.310023 0.128963
    outer loop
      vertex 99.180854 61.428711 12.561827
      vertex 99.926994 59.383875 13.095890
      vertex 99.256044 61.422421 13.095890
    endloop
  endfacet
  facet normal 0.929864 0.345218 -0.127189
    outer loop
      vertex 100.262065 61.338264 13.504536
      vertex 99.313291 63.893836 13.504536
      vertex 99.378388 63.917946 14.045890
    endloop
  endfacet
  facet normal 0.929864 0.345218 -0.127189
    outer loop
      vertex 100.262065 61.338264 13.504536
      vertex 99.378388 63.917946 14.045890
      vertex 100.338486 61.331871 14.045890
    endloop
  endfacet
  facet normal -0.929904 -0.345233 0.126854
    outer loop
      vertex 98.392297 63.552731 12.561827
      vertex 99.180854 61.428711 12.561827
      vertex 99.256044 61.422421 13.095890
    endloop
  endfacet
  facet normal -0.929904 -0.345233 0.126854
    outer loop
      vertex 98.392297 63.552731 12.561827
      vertex 99.256044 61.422421 13.095890
      vertex 98.456345 63.576452 13.095890
    endloop
  endfacet
  facet normal 0.905532 0.404851 -0.126918
    outer loop
      vertex 99.313291 63.893836 13.504536
      vertex 98.193470 66.398544 13.504536
      vertex 98.245201 66.452549 14.045890
    endloop
  endfacet
  facet normal 0.905532 0.404851 -0.126918
    outer loop
      vertex 99.313291 63.893836 13.504536
      vertex 98.245201 66.452549 14.045890
      vertex 99.378388 63.917946 14.045890
    endloop
  endfacet
  facet normal -0.905571 -0.404868 0.126584
    outer loop
      vertex 97.461577 65.634475 12.561827
      vertex 98.392297 63.552731 12.561827
      vertex 98.456345 63.576452 13.095890
    endloop
  endfacet
  facet normal -0.905571 -0.404868 0.126584
    outer loop
      vertex 97.461577 65.634475 12.561827
      vertex 98.456345 63.576452 13.095890
      vertex 97.512475 65.687610 13.095890
    endloop
  endfacet
  facet normal 0.886799 0.443783 -0.129012
    outer loop
      vertex 98.193470 66.398544 13.504536
      vertex 97.040146 68.703196 13.504536
      vertex 97.078111 68.784709 14.045890
    endloop
  endfacet
  facet normal 0.886799 0.443783 -0.129012
    outer loop
      vertex 98.193470 66.398544 13.504536
      vertex 97.078111 68.784709 14.045890
      vertex 98.245201 66.452549 14.045890
    endloop
  endfacet
  facet normal -0.886838 -0.443803 0.128673
    outer loop
      vertex 96.503012 67.549947 12.561827
      vertex 97.461577 65.634475 12.561827
      vertex 97.512475 65.687610 13.095890
    endloop
  endfacet
  facet normal -0.886838 -0.443803 0.128673
    outer loop
      vertex 96.503012 67.549947 12.561827
      vertex 97.512475 65.687610 13.095890
      vertex 96.540365 67.630147 13.095890
    endloop
  endfacet
  facet normal 0.882637 0.451744 -0.129919
    outer loop
      vertex 97.040146 68.703196 13.504536
      vertex 95.950937 70.831337 13.504536
      vertex 95.975902 70.938251 14.045890
    endloop
  endfacet
  facet normal 0.882637 0.451744 -0.129919
    outer loop
      vertex 97.040146 68.703196 13.504536
      vertex 95.975902 70.938251 14.045890
      vertex 97.078111 68.784709 14.045890
    endloop
  endfacet
  facet normal -0.882677 -0.451765 0.129577
    outer loop
      vertex 95.597734 69.318715 12.561827
      vertex 96.503012 67.549947 12.561827
      vertex 96.540365 67.630147 13.095890
    endloop
  endfacet
  facet normal -0.882677 -0.451765 0.129577
    outer loop
      vertex 95.597734 69.318715 12.561827
      vertex 96.540365 67.630147 13.095890
      vertex 95.622297 69.423907 13.095890
    endloop
  endfacet
  facet normal 0.885325 0.446706 -0.129048
    outer loop
      vertex 95.950937 70.831337 13.504536
      vertex 94.937075 72.840706 13.504536
      vertex 94.949938 72.971603 14.045890
    endloop
  endfacet
  facet normal 0.885325 0.446706 -0.129048
    outer loop
      vertex 95.950937 70.831337 13.504536
      vertex 94.949938 72.971603 14.045890
      vertex 95.975902 70.938251 14.045890
    endloop
  endfacet
  facet normal -0.885364 -0.446726 0.128708
    outer loop
      vertex 94.755080 70.988768 12.561827
      vertex 95.597734 69.318715 12.561827
      vertex 95.622297 69.423907 13.095890
    endloop
  endfacet
  facet normal -0.885364 -0.446726 0.128708
    outer loop
      vertex 94.755080 70.988768 12.561827
      vertex 95.622297 69.423907 13.095890
      vertex 94.767737 71.117556 13.095890
    endloop
  endfacet
  facet normal -0.748073 0.648870 -0.139118
    outer loop
      vertex 94.937075 72.840706 13.504536
      vertex 93.581110 71.277434 13.504536
      vertex 93.577789 71.389672 14.045890
    endloop
  endfacet
  facet normal -0.748073 0.648870 -0.139118
    outer loop
      vertex 94.937075 72.840706 13.504536
      vertex 93.577789 71.389672 14.045890
      vertex 94.949938 72.971603 14.045890
    endloop
  endfacet
  facet normal 0.748112 -0.648904 0.138753
    outer loop
      vertex 93.628093 69.689481 12.561827
      vertex 94.755080 70.988768 12.561827
      vertex 94.767737 71.117556 13.095890
    endloop
  endfacet
  facet normal 0.748112 -0.648904 0.138753
    outer loop
      vertex 93.628093 69.689481 12.561827
      vertex 94.767737 71.117556 13.095890
      vertex 93.624826 69.799911 13.095890
    endloop
  endfacet
  facet normal -0.745964 0.651193 -0.139587
    outer loop
      vertex 93.581110 71.277434 13.504536
      vertex 92.144362 69.631590 13.504536
      vertex 92.123893 69.724183 14.045890
    endloop
  endfacet
  facet normal -0.745964 0.651193 -0.139587
    outer loop
      vertex 93.581110 71.277434 13.504536
      vertex 92.123893 69.724183 14.045890
      vertex 93.577789 71.389672 14.045890
    endloop
  endfacet
  facet normal 0.746003 -0.651227 0.139220
    outer loop
      vertex 92.433965 68.321566 12.561827
      vertex 93.628093 69.689481 12.561827
      vertex 93.624826 69.799911 13.095890
    endloop
  endfacet
  facet normal 0.746003 -0.651227 0.139220
    outer loop
      vertex 92.433965 68.321566 12.561827
      vertex 93.624826 69.799911 13.095890
      vertex 92.413826 68.412668 13.095890
    endloop
  endfacet
  facet normal -0.752154 0.644240 -0.138631
    outer loop
      vertex 92.144362 69.631590 13.504536
      vertex 90.629215 67.862647 13.504536
      vertex 90.590661 67.934127 14.045890
    endloop
  endfacet
  facet normal -0.752154 0.644240 -0.138631
    outer loop
      vertex 92.144362 69.631590 13.504536
      vertex 90.590661 67.934127 14.045890
      vertex 92.123893 69.724183 14.045890
    endloop
  endfacet
  facet normal 0.752193 -0.644273 0.138267
    outer loop
      vertex 91.174677 66.851340 12.561827
      vertex 92.433965 68.321566 12.561827
      vertex 92.413826 68.412668 13.095890
    endloop
  endfacet
  facet normal 0.752193 -0.644273 0.138267
    outer loop
      vertex 91.174677 66.851340 12.561827
      vertex 92.413826 68.412668 13.095890
      vertex 91.136744 66.921668 13.095890
    endloop
  endfacet
  facet normal -0.774251 0.617932 -0.136731
    outer loop
      vertex 90.629215 67.862647 13.504536
      vertex 89.093027 65.937846 13.504536
      vertex 89.036138 65.986352 14.045890
    endloop
  endfacet
  facet normal -0.774251 0.617932 -0.136731
    outer loop
      vertex 90.629215 67.862647 13.504536
      vertex 89.036138 65.986352 14.045890
      vertex 90.590661 67.934127 14.045890
    endloop
  endfacet
  facet normal 0.774290 -0.617963 0.136372
    outer loop
      vertex 89.897900 65.251574 12.561827
      vertex 91.174677 66.851340 12.561827
      vertex 91.136744 66.921668 13.095890
    endloop
  endfacet
  facet normal 0.774290 -0.617963 0.136372
    outer loop
      vertex 89.897900 65.251574 12.561827
      vertex 91.136744 66.921668 13.095890
      vertex 89.841928 65.299299 13.095890
    endloop
  endfacet
  facet normal -0.807322 0.574158 -0.136284
    outer loop
      vertex 89.093027 65.937846 13.504536
      vertex 87.651036 63.910264 13.504536
      vertex 87.576935 63.934570 14.045890
    endloop
  endfacet
  facet normal -0.807322 0.574158 -0.136284
    outer loop
      vertex 89.093027 65.937846 13.504536
      vertex 87.576935 63.934570 14.045890
      vertex 89.036138 65.986352 14.045890
    endloop
  endfacet
  facet normal 0.807362 -0.574186 0.135926
    outer loop
      vertex 88.699414 63.566385 12.561827
      vertex 89.897900 65.251574 12.561827
      vertex 89.841928 65.299299 13.095890
    endloop
  endfacet
  facet normal 0.807362 -0.574186 0.135926
    outer loop
      vertex 88.699414 63.566385 12.561827
      vertex 89.841928 65.299299 13.095890
      vertex 88.626508 63.590299 13.095890
    endloop
  endfacet
  facet normal -0.831596 0.537967 -0.137982
    outer loop
      vertex 87.651036 63.910264 13.504536
      vertex 86.358416 61.912116 13.504536
      vertex 86.268888 61.912572 14.045890
    endloop
  endfacet
  facet normal -0.831596 0.537967 -0.137982
    outer loop
      vertex 87.651036 63.910264 13.504536
      vertex 86.268888 61.912572 14.045890
      vertex 87.576935 63.934570 14.045890
    endloop
  endfacet
  facet normal 0.831639 -0.537994 0.137620
    outer loop
      vertex 87.625076 61.905658 12.561827
      vertex 88.699414 63.566385 12.561827
      vertex 88.626508 63.590299 13.095890
    endloop
  endfacet
  facet normal 0.831639 -0.537994 0.137620
    outer loop
      vertex 87.625076 61.905658 12.561827
      vertex 88.626508 63.590299 13.095890
      vertex 87.536989 61.906107 13.095890
    endloop
  endfacet
  facet normal -0.840314 0.523867 -0.139412
    outer loop
      vertex 86.358416 61.912116 13.504536
      vertex 85.178090 60.018800 13.504536
      vertex 85.074473 59.996659 14.045890
    endloop
  endfacet
  facet normal -0.840314 0.523867 -0.139412
    outer loop
      vertex 86.358416 61.912116 13.504536
      vertex 85.074473 59.996659 14.045890
      vertex 86.268888 61.912572 14.045890
    endloop
  endfacet
  facet normal 0.840358 -0.523894 0.139046
    outer loop
      vertex 86.644068 60.332061 12.561827
      vertex 87.625076 61.905658 12.561827
      vertex 87.536989 61.906107 13.095890
    endloop
  endfacet
  facet normal 0.840358 -0.523894 0.139046
    outer loop
      vertex 86.644068 60.332061 12.561827
      vertex 87.536989 61.906107 13.095890
      vertex 86.542120 60.310276 13.095890
    endloop
  endfacet
  facet normal -0.840192 0.524070 -0.139380
    outer loop
      vertex 85.178090 60.018800 13.504536
      vertex 84.064052 58.232769 13.504536
      vertex 83.947139 58.189310 14.045890
    endloop
  endfacet
  facet normal -0.840192 0.524070 -0.139380
    outer loop
      vertex 85.178090 60.018800 13.504536
      vertex 83.947139 58.189310 14.045890
      vertex 85.074473 59.996659 14.045890
    endloop
  endfacet
  facet normal 0.840236 -0.524098 0.139014
    outer loop
      vertex 85.718155 58.847632 12.561827
      vertex 86.644068 60.332061 12.561827
      vertex 86.542120 60.310276 13.095890
    endloop
  endfacet
  facet normal 0.840236 -0.524098 0.139014
    outer loop
      vertex 85.718155 58.847632 12.561827
      vertex 86.542120 60.310276 13.095890
      vertex 85.603125 58.804873 13.095890
    endloop
  endfacet
  facet normal 0.000000 0.000000 1.000000
    outer loop
      vertex 89.696214 60.326356 4.311286
      vertex 91.525327 59.799148 4.311286
      vertex 90.583153 60.071370 4.311286
    endloop
  endfacet
  facet normal 0.000000 0.000000 -1.000000
    outer loop
      vertex 89.696214 60.326356 4.311286
      vertex 92.539375 59.524669 4.311286
      vertex 91.525327 59.799148 4.311286
    endloop
  endfacet
  facet normal 0.000000 0.000000 -1.000000
    outer loop
      vertex 89.696214 60.326356 4.311286
      vertex 93.613581 59.287967 4.311286
      vertex 92.539375 59.524669 4.311286
    endloop
  endfacet
  facet normal 0.000000 0.000000 -1.000000
    outer loop
      vertex 89.696214 60.326356 4.311286
      vertex 94.681809 59.116696 4.311286
      vertex 93.613581 59.287967 4.311286
    endloop
  endfacet
  facet normal 0.000000 0.000000 -1.000000
    outer loop
      vertex 89.696214 60.326356 4.311286
      vertex 95.689463 58.988247 4.311286
      vertex 94.681809 59.116696 4.311286
    endloop
  endfacet
  facet normal 0.000000 0.000000 -1.000000
    outer loop
      vertex 89.696214 60.326356 4.311286
      vertex 96.632818 58.873649 4.311286
      vertex 95.689463 58.988247 4.311286
    endloop
  endfacet
  facet normal 0.000000 0.000000 -1.000000
    outer loop
      vertex 89.696214 60.326356 4.311286
      vertex 97.525819 58.760469 4.311286
      vertex 96.632818 58.873649 4.311286
    endloop
  endfacet
  facet normal 0.000000 0.000000 -1.000000
    outer loop
      vertex 89.696214 60.326356 4.311286
      vertex 97.228023 59.661526 4.311286
      vertex 97.525819 58.760469 4.311286
    endloop
  endfacet
  facet normal 0.000000 0.000000 -1.000000
    outer loop
      vertex 89.696214 60.326356 4.311286
      vertex 96.918901 60.618313 4.311286
      vertex 97.228023 59.661526 4.311286
    endloop
  endfacet
  facet normal 0.000000 0.000000 -1.000000
    outer loop
      vertex 89.696214 60.326356 4.311286
      vertex 96.580580 61.646232 4.311286
      vertex 96.918901 60.618313 4.311286
    endloop
  endfacet
  facet normal 0.000000 0.000000 -1.000000
    outer loop
      vertex 89.696214 60.326356 4.311286
      vertex 96.177339 62.732383 4.311286
      vertex 96.580580 61.646232 4.311286
    endloop
  endfacet
  facet normal 0.000000 0.000000 -1.000000
    outer loop
      vertex 89.696214 60.326356 4.311286
      vertex 95.701400 63.796917 4.311286
      vertex 96.177339 62.732383 4.311286
    endloop
  endfacet
  facet normal 0.000000 0.000000 -1.000000
    outer loop
      vertex 89.696214 60.326356 4.311286
      vertex 95.211223 64.776424 4.311286
      vertex 95.701400 63.796917 4.311286
    endloop
  endfacet
  facet normal 0.000000 0.000000 -1.000000
    outer loop
      vertex 89.696214 60.326356 4.311286
      vertex 94.748295 65.680911 4.311286
      vertex 95.211223 64.776424 4.311286
    endloop
  endfacet
  facet normal 0.000000 0.000000 -1.000000
    outer loop
      vertex 89.696214 60.326356 4.311286
      vertex 94.317390 66.534919 4.311286
      vertex 94.748295 65.680911 4.311286
    endloop
  endfacet
  facet normal 0.000000 0.000000 -1.000000
    outer loop
      vertex 89.696214 60.326356 4.311286
      vertex 93.741087 65.870508 4.311286
      vertex 94.317390 66.534919 4.311286
    endloop
  endfacet
  facet normal 0.000000 0.000000 -1.000000
    outer loop
      vertex 89.696214 60.326356 4.311286
      vertex 93.130451 65.171003 4.311286
      vertex 93.741087 65.870508 4.311286
    endloop
  endfacet
  facet normal 0.000000 0.000000 -1.000000
    outer loop
      vertex 89.696214 60.326356 4.311286
      vertex 92.486494 64.419179 4.311286
      vertex 93.130451 65.171003 4.311286
    endloop
  endfacet
  facet normal 0.000000 0.000000 -1.000000
    outer loop
      vertex 89.696214 60.326356 4.311286
      vertex 91.833594 63.601114 4.311286
      vertex 92.486494 64.419179 4.311286
    endloop
  endfacet
  facet normal 0.000000 0.000000 -1.000000
    outer loop
      vertex 89.696214 60.326356 4.311286
      vertex 91.220729 62.739365 4.311286
      vertex 91.833594 63.601114 4.311286
    endloop
  endfacet
  facet normal 0.000000 0.000000 -1.000000
    outer loop
      vertex 89.696214 60.326356 4.311286
      vertex 90.671349 61.890126 4.311286
      vertex 91.220729 62.739365 4.311286
    endloop
  endfacet
  facet normal 0.000000 0.000000 1.000000
    outer loop
      vertex 89.696214 60.326356 4.311286
      vertex 90.169695 61.085442 4.311286
      vertex 90.671349 61.890126 4.311286
    endloop
  endfacet
  facet normal 0.185455 0.645084 0.741264
    outer loop
      vertex 83.947139 58.189310 14.045890
      vertex 86.058897 57.582200 14.045890
      vertex 87.362081 58.299190 13.095890
    endloop
  endfacet
  facet normal 0.185455 0.645084 0.741264
    outer loop
      vertex 83.947139 58.189310 14.045890
      vertex 87.362081 58.299190 13.095890
      vertex 85.603125 58.804873 13.095890
    endloop
  endfacet
  facet normal 0.186176 0.644364 0.741710
    outer loop
      vertex 86.058897 57.582200 14.045890
      vertex 88.302170 56.934053 14.045890
      vertex 89.230581 57.759326 13.095890
    endloop
  endfacet
  facet normal 0.186176 0.644364 0.741710
    outer loop
      vertex 86.058897 57.582200 14.045890
      vertex 89.230581 57.759326 13.095890
      vertex 87.362081 58.299190 13.095890
    endloop
  endfacet
  facet normal 0.176289 0.651292 0.738066
    outer loop
      vertex 88.302170 56.934053 14.045890
      vertex 90.716568 56.280532 14.045890
      vertex 91.241616 57.214986 13.095890
    endloop
  endfacet
  facet normal 0.176289 0.651292 0.738066
    outer loop
      vertex 88.302170 56.934053 14.045890
      vertex 91.241616 57.214986 13.095890
      vertex 89.230581 57.759326 13.095890
    endloop
  endfacet
  facet normal 0.146236 0.663649 0.733611
    outer loop
      vertex 90.716568 56.280532 14.045890
      vertex 93.274203 55.716956 14.045890
      vertex 93.371958 56.745564 13.095890
    endloop
  endfacet
  facet normal 0.146236 0.663649 0.733611
    outer loop
      vertex 90.716568 56.280532 14.045890
      vertex 93.371958 56.745564 13.095890
      vertex 91.241616 57.214986 13.095890
    endloop
  endfacet
  facet normal 0.107269 0.669043 0.735442
    outer loop
      vertex 93.274203 55.716956 14.045890
      vertex 95.817603 55.309167 14.045890
      vertex 95.490445 56.405903 13.095890
    endloop
  endfacet
  facet normal 0.107269 0.669043 0.735442
    outer loop
      vertex 93.274203 55.716956 14.045890
      vertex 95.490445 56.405903 13.095890
      vertex 93.371958 56.745564 13.095890
    endloop
  endfacet
  facet normal 0.084990 0.666727 0.740440
    outer loop
      vertex 95.817603 55.309167 14.045890
      vertex 98.216778 55.003335 14.045890
      vertex 97.488800 56.151164 13.095890
    endloop
  endfacet
  facet normal 0.084990 0.666727 0.740440
    outer loop
      vertex 95.817603 55.309167 14.045890
      vertex 97.488800 56.151164 13.095890
      vertex 95.490445 56.405903 13.095890
    endloop
  endfacet
  facet normal 0.080837 0.665437 0.742064
    outer loop
      vertex 98.216778 55.003335 14.045890
      vertex 100.462861 54.730483 14.045890
      vertex 99.359641 55.923897 13.095890
    endloop
  endfacet
  facet normal 0.080837 0.665437 0.742064
    outer loop
      vertex 98.216778 55.003335 14.045890
      vertex 99.359641 55.923897 13.095890
      vertex 97.488800 56.151164 13.095890
    endloop
  endfacet
  facet normal 0.084569 0.667255 0.740013
    outer loop
      vertex 100.462861 54.730483 14.045890
      vertex 102.589054 54.461006 14.045890
      vertex 101.130620 55.699440 13.095890
    endloop
  endfacet
  facet normal 0.084569 0.667255 0.740013
    outer loop
      vertex 100.462861 54.730483 14.045890
      vertex 101.130620 55.699440 13.095890
      vertex 99.359641 55.923897 13.095890
    endloop
  endfacet
  facet normal -0.655287 -0.216569 0.723669
    outer loop
      vertex 102.589054 54.461006 14.045890
      vertex 101.880018 56.606380 14.045890
      vertex 100.540039 57.486396 13.095890
    endloop
  endfacet
  facet normal -0.655287 -0.216569 0.723669
    outer loop
      vertex 102.589054 54.461006 14.045890
      vertex 100.540039 57.486396 13.095890
      vertex 101.130620 55.699440 13.095890
    endloop
  endfacet
  facet normal -0.653833 -0.211243 0.726553
    outer loop
      vertex 101.880018 56.606380 14.045890
      vertex 101.144012 58.884445 14.045890
      vertex 99.926994 59.383875 13.095890
    endloop
  endfacet
  facet normal -0.653833 -0.211243 0.726553
    outer loop
      vertex 101.880018 56.606380 14.045890
      vertex 99.926994 59.383875 13.095890
      vertex 100.540039 57.486396 13.095890
    endloop
  endfacet
  facet normal -0.654268 -0.215341 0.724956
    outer loop
      vertex 101.144012 58.884445 14.045890
      vertex 100.338486 61.331871 14.045890
      vertex 99.256044 61.422421 13.095890
    endloop
  endfacet
  facet normal -0.654268 -0.215341 0.724956
    outer loop
      vertex 101.144012 58.884445 14.045890
      vertex 99.256044 61.422421 13.095890
      vertex 99.926994 59.383875 13.095890
    endloop
  endfacet
  facet normal -0.651400 -0.241837 0.719162
    outer loop
      vertex 100.338486 61.331871 14.045890
      vertex 99.378388 63.917946 14.045890
      vertex 98.456345 63.576452 13.095890
    endloop
  endfacet
  facet normal -0.651400 -0.241837 0.719162
    outer loop
      vertex 100.338486 61.331871 14.045890
      vertex 98.456345 63.576452 13.095890
      vertex 99.256044 61.422421 13.095890
    endloop
  endfacet
  facet normal -0.635040 -0.283918 0.718411
    outer loop
      vertex 99.378388 63.917946 14.045890
      vertex 98.245201 66.452549 14.045890
      vertex 97.512475 65.687610 13.095890
    endloop
  endfacet
  facet normal -0.635040 -0.283918 0.718411
    outer loop
      vertex 99.378388 63.917946 14.045890
      vertex 97.512475 65.687610 13.095890
      vertex 98.456345 63.576452 13.095890
    endloop
  endfacet
  facet normal -0.616712 -0.308623 0.724167
    outer loop
      vertex 98.245201 66.452549 14.045890
      vertex 97.078111 68.784709 14.045890
      vertex 96.540365 67.630147 13.095890
    endloop
  endfacet
  facet normal -0.616712 -0.308623 0.724167
    outer loop
      vertex 98.245201 66.452549 14.045890
      vertex 96.540365 67.630147 13.095890
      vertex 97.512475 65.687610 13.095890
    endloop
  endfacet
  facet normal -0.611594 -0.313021 0.726616
    outer loop
      vertex 97.078111 68.784709 14.045890
      vertex 95.975902 70.938251 14.045890
      vertex 95.622297 69.423907 13.095890
    endloop
  endfacet
  facet normal -0.611594 -0.313021 0.726616
    outer loop
      vertex 97.078111 68.784709 14.045890
      vertex 95.622297 69.423907 13.095890
      vertex 96.540365 67.630147 13.095890
    endloop
  endfacet
  facet normal -0.615599 -0.310611 0.724264
    outer loop
      vertex 95.975902 70.938251 14.045890
      vertex 94.949938 72.971603 14.045890
      vertex 94.767737 71.117556 13.095890
    endloop
  endfacet
  facet normal -0.615599 -0.310611 0.724264
    outer loop
      vertex 95.975902 70.938251 14.045890
      vertex 94.767737 71.117556 13.095890
      vertex 95.622297 69.423907 13.095890
    endloop
  endfacet
  facet normal 0.499659 -0.433399 0.750004
    outer loop
      vertex 94.949938 72.971603 14.045890
      vertex 93.577789 71.389672 14.045890
      vertex 93.624826 69.799911 13.095890
    endloop
  endfacet
  facet normal 0.499659 -0.433399 0.750004
    outer loop
      vertex 94.949938 72.971603 14.045890
      vertex 93.624826 69.799911 13.095890
      vertex 94.767737 71.117556 13.095890
    endloop
  endfacet
  facet normal 0.497322 -0.434140 0.751128
    outer loop
      vertex 93.577789 71.389672 14.045890
      vertex 92.123893 69.724183 14.045890
      vertex 92.413826 68.412668 13.095890
    endloop
  endfacet
  facet normal 0.497322 -0.434140 0.751128
    outer loop
      vertex 93.577789 71.389672 14.045890
      vertex 92.413826 68.412668 13.095890
      vertex 93.624826 69.799911 13.095890
    endloop
  endfacet
  facet normal 0.503360 -0.431141 0.748830
    outer loop
      vertex 92.123893 69.724183 14.045890
      vertex 90.590661 67.934127 14.045890
      vertex 91.136744 66.921668 13.095890
    endloop
  endfacet
  facet normal 0.503360 -0.431141 0.748830
    outer loop
      vertex 92.123893 69.724183 14.045890
      vertex 91.136744 66.921668 13.095890
      vertex 92.413826 68.412668 13.095890
    endloop
  endfacet
  facet normal 0.522086 -0.416678 0.744181
    outer loop
      vertex 90.590661 67.934127 14.045890
      vertex 89.036138 65.986352 14.045890
      vertex 89.841928 65.299299 13.095890
    endloop
  endfacet
  facet normal 0.522086 -0.416678 0.744181
    outer loop
      vertex 90.590661 67.934127 14.045890
      vertex 89.841928 65.299299 13.095890
      vertex 91.136744 66.921668 13.095890
    endloop
  endfacet
  facet normal 0.545358 -0.387852 0.743072
    outer loop
      vertex 89.036138 65.986352 14.045890
      vertex 87.576935 63.934570 14.045890
      vertex 88.626508 63.590299 13.095890
    endloop
  endfacet
  facet normal 0.545358 -0.387852 0.743072
    outer loop
      vertex 89.036138 65.986352 14.045890
      vertex 88.626508 63.590299 13.095890
      vertex 89.841928 65.299299 13.095890
    endloop
  endfacet
  facet normal 0.557965 -0.360953 0.747253
    outer loop
      vertex 87.576935 63.934570 14.045890
      vertex 86.268888 61.912572 14.045890
      vertex 87.536989 61.906107 13.095890
    endloop
  endfacet
  facet normal 0.557965 -0.360953 0.747253
    outer loop
      vertex 87.576935 63.934570 14.045890
      vertex 87.536989 61.906107 13.095890
      vertex 88.626508 63.590299 13.095890
    endloop
  endfacet
  facet normal 0.560613 -0.349496 0.750710
    outer loop
      vertex 86.268888 61.912572 14.045890
      vertex 85.074473 59.996659 14.045890
      vertex 86.542120 60.310276 13.095890
    endloop
  endfacet
  facet normal 0.560613 -0.349496 0.750710
    outer loop
      vertex 86.268888 61.912572 14.045890
      vertex 86.542120 60.310276 13.095890
      vertex 87.536989 61.906107 13.095890
    endloop
  endfacet
  facet normal 0.560603 -0.349676 0.750634
    outer loop
      vertex 85.074473 59.996659 14.045890
      vertex 83.947139 58.189310 14.045890
      vertex 85.603125 58.804873 13.095890
    endloop
  endfacet
  facet normal 0.560603 -0.349676 0.750634
    outer loop
      vertex 85.074473 59.996659 14.045890
      vertex 85.603125 58.804873 13.095890
      vertex 86.542120 60.310276 13.095890
    endloop
  endfacet
  facet normal 0.000000 0.000000 -1.000000
    outer loop
      vertex 91.297878 60.921727 5.338220
      vertex 91.843588 60.764840 5.338220
      vertex 92.423283 60.597349 5.338220
    endloop
  endfacet
  facet normal 0.000000 0.000000 1.000000
    outer loop
      vertex 91.297878 60.921727 5.338220
      vertex 92.423283 60.597349 5.338220
      vertex 93.047199 60.428470 5.338220
    endloop
  endfacet
  facet normal 0.000000 0.000000 1.000000
    outer loop
      vertex 91.297878 60.921727 5.338220
      vertex 93.047199 60.428470 5.338220
      vertex 93.708130 60.282833 5.338220
    endloop
  endfacet
  facet normal 0.000000 0.000000 1.000000
    outer loop
      vertex 91.297878 60.921727 5.338220
      vertex 93.708130 60.282833 5.338220
      vertex 94.365383 60.177455 5.338220
    endloop
  endfacet
  facet normal 0.000000 0.000000 1.000000
    outer loop
      vertex 91.297878 60.921727 5.338220
      vertex 94.365383 60.177455 5.338220
      vertex 94.985365 60.098423 5.338220
    endloop
  endfacet
  facet normal 0.000000 0.000000 1.000000
    outer loop
      vertex 91.297878 60.921727 5.338220
      vertex 94.985365 60.098423 5.338220
      vertex 95.565787 60.027914 5.338220
    endloop
  endfacet
  facet normal 0.000000 0.000000 1.000000
    outer loop
      vertex 91.297878 60.921727 5.338220
      vertex 95.565787 60.027914 5.338220
      vertex 96.115226 59.958277 5.338220
    endloop
  endfacet
  facet normal 0.000000 0.000000 1.000000
    outer loop
      vertex 91.297878 60.921727 5.338220
      vertex 96.115226 59.958277 5.338220
      vertex 95.932001 60.512674 5.338220
    endloop
  endfacet
  facet normal -0.000000 0.000000 1.000000
    outer loop
      vertex 91.297878 60.921727 5.338220
      vertex 95.932001 60.512674 5.338220
      vertex 95.741806 61.101360 5.338220
    endloop
  endfacet
  facet normal 0.000000 0.000000 1.000000
    outer loop
      vertex 91.297878 60.921727 5.338220
      vertex 95.741806 61.101360 5.338220
      vertex 95.533646 61.733811 5.338220
    endloop
  endfacet
  facet normal 0.000000 0.000000 1.000000
    outer loop
      vertex 91.297878 60.921727 5.338220
      vertex 95.533646 61.733811 5.338220
      vertex 95.285542 62.402091 5.338220
    endloop
  endfacet
  facet normal 0.000000 0.000000 1.000000
    outer loop
      vertex 91.297878 60.921727 5.338220
      vertex 95.285542 62.402091 5.338220
      vertex 94.992710 63.057071 5.338220
    endloop
  endfacet
  facet normal 0.000000 0.000000 1.000000
    outer loop
      vertex 91.297878 60.921727 5.338220
      vertex 94.992710 63.057071 5.338220
      vertex 94.691117 63.659735 5.338220
    endloop
  endfacet
  facet normal 0.000000 0.000000 1.000000
    outer loop
      vertex 91.297878 60.921727 5.338220
      vertex 94.691117 63.659735 5.338220
      vertex 94.406289 64.216243 5.338220
    endloop
  endfacet
  facet normal 0.000000 0.000000 1.000000
    outer loop
      vertex 91.297878 60.921727 5.338220
      vertex 94.406289 64.216243 5.338220
      vertex 94.141165 64.741691 5.338220
    endloop
  endfacet
  facet normal 0.000000 0.000000 1.000000
    outer loop
      vertex 91.297878 60.921727 5.338220
      vertex 94.141165 64.741691 5.338220
      vertex 93.786581 64.332897 5.338220
    endloop
  endfacet
  facet normal 0.000000 0.000000 1.000000
    outer loop
      vertex 91.297878 60.921727 5.338220
      vertex 93.786581 64.332897 5.338220
      vertex 93.410873 63.902509 5.338220
    endloop
  endfacet
  facet normal 0.000000 0.000000 1.000000
    outer loop
      vertex 91.297878 60.921727 5.338220
      vertex 93.410873 63.902509 5.338220
      vertex 93.014663 63.439932 5.338220
    endloop
  endfacet
  facet normal 0.000000 0.000000 1.000000
    outer loop
      vertex 91.297878 60.921727 5.338220
      vertex 93.014663 63.439932 5.338220
      vertex 92.612951 62.936598 5.338220
    endloop
  endfacet
  facet normal 0.000000 0.000000 1.000000
    outer loop
      vertex 91.297878 60.921727 5.338220
      vertex 92.612951 62.936598 5.338220
      vertex 92.235871 62.406387 5.338220
    endloop
  endfacet
  facet normal 0.000000 0.000000 1.000000
    outer loop
      vertex 91.297878 60.921727 5.338220
      vertex 92.235871 62.406387 5.338220
      vertex 91.897852 61.883873 5.338220
    endloop
  endfacet
  facet normal 0.000000 0.000000 -1.000000
    outer loop
      vertex 91.297878 60.921727 5.338220
      vertex 91.897852 61.883873 5.338220
      vertex 91.589198 61.388772 5.338220
    endloop
  endfacet
  facet normal -0.459330 0.888225 -0.008530
    outer loop
      vertex 28.383916 37.507058 4.311286
      vertex 27.338828 36.966609 4.311286
      vertex 27.345392 36.978610 5.207575
    endloop
  endfacet
  facet normal -0.459330 0.888225 -0.008530
    outer loop
      vertex 28.383916 37.507058 4.311286
      vertex 27.345392 36.978610 5.207575
      vertex 28.393546 37.520645 5.207575
    endloop
  endfacet
  facet normal -0.450349 0.892810 -0.008657
    outer loop
      vertex 27.338828 36.966609 4.311286
      vertex 26.222411 36.403468 4.311286
      vertex 26.225698 36.413817 5.207575
    endloop
  endfacet
  facet normal -0.450349 0.892810 -0.008657
    outer loop
      vertex 27.338828 36.966609 4.311286
      vertex 26.225698 36.413817 5.207575
      vertex 27.345392 36.978610 5.207575
    endloop
  endfacet
  facet normal -0.450785 0.892590 -0.008653
    outer loop
      vertex 26.222411 36.403468 4.311286
      vertex 25.008626 35.790470 4.311286
      vertex 25.008352 35.799020 5.207575
    endloop
  endfacet
  facet normal -0.450785 0.892590 -0.008653
    outer loop
      vertex 26.222411 36.403468 4.311286
      vertex 25.008352 35.799020 5.207575
      vertex 26.225698 36.413817 5.207575
    endloop
  endfacet
  facet normal -0.487131 0.873288 -0.008480
    outer loop
      vertex 25.008626 35.790470 4.311286
      vertex 23.717431 35.070224 4.311286
      vertex 23.713368 35.076661 5.207575
    endloop
  endfacet
  facet normal -0.487131 0.873288 -0.008480
    outer loop
      vertex 25.008626 35.790470 4.311286
      vertex 23.713368 35.076661 5.207575
      vertex 25.008352 35.799020 5.207575
    endloop
  endfacet
  facet normal -0.552217 0.833657 -0.008490
    outer loop
      vertex 23.717431 35.070224 4.311286
      vertex 22.489183 34.256629 4.311286
      vertex 22.481515 34.260678 5.207575
    endloop
  endfacet
  facet normal -0.552217 0.833657 -0.008490
    outer loop
      vertex 23.717431 35.070224 4.311286
      vertex 22.481515 34.260678 5.207575
      vertex 23.713368 35.076661 5.207575
    endloop
  endfacet
  facet normal -0.583370 0.812161 -0.008660
    outer loop
      vertex 22.489183 34.256629 4.311286
      vertex 21.391042 33.467841 4.311286
      vertex 21.380152 33.469576 5.207575
    endloop
  endfacet
  facet normal -0.583370 0.812161 -0.008660
    outer loop
      vertex 22.489183 34.256629 4.311286
      vertex 21.380152 33.469576 5.207575
      vertex 22.481515 34.260678 5.207575
    endloop
  endfacet
  facet normal -0.582692 0.812647 -0.008653
    outer loop
      vertex 21.391042 33.467841 4.311286
      vertex 20.379261 32.742365 4.311286
      vertex 20.365402 32.741971 5.207575
    endloop
  endfacet
  facet normal -0.582692 0.812647 -0.008653
    outer loop
      vertex 21.391042 33.467841 4.311286
      vertex 20.365402 32.741971 5.207575
      vertex 21.380152 33.469576 5.207575
    endloop
  endfacet
  facet normal -0.574350 0.818566 -0.008521
    outer loop
      vertex 20.379261 32.742365 4.311286
      vertex 19.419120 32.068678 4.311286
      vertex 19.402443 32.066307 5.207575
    endloop
  endfacet
  facet normal -0.574350 0.818566 -0.008521
    outer loop
      vertex 20.379261 32.742365 4.311286
      vertex 19.402443 32.066307 5.207575
      vertex 20.365402 32.741971 5.207575
    endloop
  endfacet
  facet normal -0.414148 -0.910153 -0.010113
    outer loop
      vertex 19.419120 32.068678 4.311286
      vertex 20.303292 31.666352 4.311286
      vertex 20.289210 31.662801 5.207575
    endloop
  endfacet
  facet normal -0.414148 -0.910153 -0.010113
    outer loop
      vertex 19.419120 32.068678 4.311286
      vertex 20.289210 31.662801 5.207575
      vertex 19.402443 32.066307 5.207575
    endloop
  endfacet
  facet normal -0.419181 -0.907845 -0.010183
    outer loop
      vertex 20.303292 31.666352 4.311286
      vertex 21.228559 31.239127 4.311286
      vertex 21.217192 31.234322 5.207575
    endloop
  endfacet
  facet normal -0.419181 -0.907845 -0.010183
    outer loop
      vertex 20.303292 31.666352 4.311286
      vertex 21.217192 31.234322 5.207575
      vertex 20.289210 31.662801 5.207575
    endloop
  endfacet
  facet normal -0.417591 -0.908578 -0.010167
    outer loop
      vertex 21.228559 31.239127 4.311286
      vertex 22.211013 30.787582 4.311286
      vertex 22.202529 30.781451 5.207575
    endloop
  endfacet
  facet normal -0.417591 -0.908578 -0.010167
    outer loop
      vertex 21.228559 31.239127 4.311286
      vertex 22.202529 30.781451 5.207575
      vertex 21.217192 31.234322 5.207575
    endloop
  endfacet
  facet normal -0.398921 -0.916930 -0.010047
    outer loop
      vertex 22.211013 30.787582 4.311286
      vertex 23.266756 30.328268 4.311286
      vertex 23.261370 30.320790 5.207575
    endloop
  endfacet
  facet normal -0.398921 -0.916930 -0.010047
    outer loop
      vertex 22.211013 30.787582 4.311286
      vertex 23.261370 30.320790 5.207575
      vertex 22.202529 30.781451 5.207575
    endloop
  endfacet
  facet normal -0.355555 -0.934603 -0.009934
    outer loop
      vertex 23.266756 30.328268 4.311286
      vertex 24.384065 29.903205 4.311286
      vertex 24.381958 29.894480 5.207575
    endloop
  endfacet
  facet normal -0.355555 -0.934603 -0.009934
    outer loop
      vertex 23.266756 30.328268 4.311286
      vertex 24.381958 29.894480 5.207575
      vertex 23.261370 30.320790 5.207575
    endloop
  endfacet
  facet normal -0.305130 -0.952258 -0.009988
    outer loop
      vertex 24.384065 29.903205 4.311286
      vertex 25.502483 29.544833 4.311286
      vertex 25.503657 29.535056 5.207575
    endloop
  endfacet
  facet normal -0.305130 -0.952258 -0.009988
    outer loop
      vertex 24.384065 29.903205 4.311286
      vertex 25.503657 29.535056 5.207575
      vertex 24.381958 29.894480 5.207575
    endloop
  endfacet
  facet normal -0.275578 -0.961225 -0.010124
    outer loop
      vertex 25.502483 29.544833 4.311286
      vertex 26.568233 29.239289 4.311286
      vertex 26.572535 29.228615 5.207575
    endloop
  endfacet
  facet normal -0.275578 -0.961225 -0.010124
    outer loop
      vertex 25.502483 29.544833 4.311286
      vertex 26.572535 29.228615 5.207575
      vertex 25.503657 29.535056 5.207575
    endloop
  endfacet
  facet normal -0.268437 -0.963243 -0.010182
    outer loop
      vertex 26.568233 29.239289 4.311286
      vertex 27.571574 28.959677 4.311286
      vertex 27.578820 28.948183 5.207575
    endloop
  endfacet
  facet normal -0.268437 -0.963243 -0.010182
    outer loop
      vertex 26.568233 29.239289 4.311286
      vertex 27.578820 28.948183 5.207575
      vertex 26.572535 29.228615 5.207575
    endloop
  endfacet
  facet normal 0.982499 -0.185980 -0.010328
    outer loop
      vertex 27.571574 28.959677 4.311286
      vertex 27.762293 29.967213 4.311286
      vertex 27.770099 29.958676 5.207575
    endloop
  endfacet
  facet normal 0.982499 -0.185980 -0.010328
    outer loop
      vertex 27.571574 28.959677 4.311286
      vertex 27.770099 29.958676 5.207575
      vertex 27.578820 28.948183 5.207575
    endloop
  endfacet
  facet normal 0.983965 -0.178069 -0.010266
    outer loop
      vertex 27.762293 29.967213 4.311286
      vertex 27.956330 31.039416 4.311286
      vertex 27.964705 31.034025 5.207575
    endloop
  endfacet
  facet normal 0.983965 -0.178069 -0.010266
    outer loop
      vertex 27.762293 29.967213 4.311286
      vertex 27.964705 31.034025 5.207575
      vertex 27.770099 29.958676 5.207575
    endloop
  endfacet
  facet normal 0.988928 -0.148049 -0.010131
    outer loop
      vertex 27.956330 31.039416 4.311286
      vertex 28.126848 32.178436 4.311286
      vertex 28.135724 32.176387 5.207575
    endloop
  endfacet
  facet normal 0.988928 -0.148049 -0.010131
    outer loop
      vertex 27.956330 31.039416 4.311286
      vertex 28.135724 32.176387 5.207575
      vertex 27.964705 31.034025 5.207575
    endloop
  endfacet
  facet normal 0.995258 -0.096749 -0.010077
    outer loop
      vertex 28.126848 32.178436 4.311286
      vertex 28.240288 33.345398 4.311286
      vertex 28.249497 33.346774 5.207575
    endloop
  endfacet
  facet normal 0.995258 -0.096749 -0.010077
    outer loop
      vertex 28.126848 32.178436 4.311286
      vertex 28.249497 33.346774 5.207575
      vertex 28.135724 32.176387 5.207575
    endloop
  endfacet
  facet normal 0.998669 -0.050559 -0.010183
    outer loop
      vertex 28.240288 33.345398 4.311286
      vertex 28.297559 34.476628 4.311286
      vertex 28.306935 34.481323 5.207575
    endloop
  endfacet
  facet normal 0.998669 -0.050559 -0.010183
    outer loop
      vertex 28.240288 33.345398 4.311286
      vertex 28.306935 34.481323 5.207575
      vertex 28.249497 33.346774 5.207575
    endloop
  endfacet
  facet normal 0.999529 -0.028918 -0.010305
    outer loop
      vertex 28.297559 34.476628 4.311286
      vertex 28.328401 35.542659 4.311286
      vertex 28.337868 35.550482 5.207575
    endloop
  endfacet
  facet normal 0.999529 -0.028918 -0.010305
    outer loop
      vertex 28.297559 34.476628 4.311286
      vertex 28.337868 35.550482 5.207575
      vertex 28.306935 34.481323 5.207575
    endloop
  endfacet
  facet normal 0.999611 -0.025901 -0.010332
    outer loop
      vertex 28.328401 35.542659 4.311286
      vertex 28.354462 36.548453 4.311286
      vertex 28.364006 36.559228 5.207575
    endloop
  endfacet
  facet normal 0.999611 -0.025901 -0.010332
    outer loop
      vertex 28.328401 35.542659 4.311286
      vertex 28.364006 36.559228 5.207575
      vertex 28.337868 35.550482 5.207575
    endloop
  endfacet
  facet normal 0.999476 -0.030710 -0.010273
    outer loop
      vertex 28.354462 36.548453 4.311286
      vertex 28.383916 37.507058 4.311286
      vertex 28.393546 37.520645 5.207575
    endloop
  endfacet
  facet normal 0.999476 -0.030710 -0.010273
    outer loop
      vertex 28.354462 36.548453 4.311286
      vertex 28.393546 37.520645 5.207575
      vertex 28.364006 36.559228 5.207575
    endloop
  endfacet
  facet normal -0.459164 0.887903 -0.028218
    outer loop
      vertex 28.393546 37.520645 5.207575
      vertex 27.345392 36.978610 5.207575
      vertex 27.367394 37.018844 6.115540
    endloop
  endfacet
  facet normal -0.459164 0.887903 -0.028218
    outer loop
      vertex 28.393546 37.520645 5.207575
      vertex 27.367394 37.018844 6.115540
      vertex 28.425829 37.566195 6.115540
    endloop
  endfacet
  facet normal -0.450182 0.892478 -0.028638
    outer loop
      vertex 27.345392 36.978610 5.207575
      vertex 26.225698 36.413817 5.207575
      vertex 26.236718 36.448511 6.115540
    endloop
  endfacet
  facet normal -0.450182 0.892478 -0.028638
    outer loop
      vertex 27.345392 36.978610 5.207575
      vertex 26.236718 36.448511 6.115540
      vertex 27.367394 37.018844 6.115540
    endloop
  endfacet
  facet normal -0.450618 0.892258 -0.028624
    outer loop
      vertex 26.225698 36.413817 5.207575
      vertex 25.008352 35.799020 5.207575
      vertex 25.007431 35.827683 6.115540
    endloop
  endfacet
  facet normal -0.450618 0.892258 -0.028624
    outer loop
      vertex 26.225698 36.413817 5.207575
      vertex 25.007431 35.827683 6.115540
      vertex 26.236718 36.448511 6.115540
    endloop
  endfacet
  facet normal -0.486957 0.872975 -0.028052
    outer loop
      vertex 25.008352 35.799020 5.207575
      vertex 23.713368 35.076661 5.207575
      vertex 23.699746 35.098240 6.115540
    endloop
  endfacet
  facet normal -0.486957 0.872975 -0.028052
    outer loop
      vertex 25.008352 35.799020 5.207575
      vertex 23.699746 35.098240 6.115540
      vertex 25.007431 35.827683 6.115540
    endloop
  endfacet
  facet normal -0.552019 0.833358 -0.028087
    outer loop
      vertex 23.713368 35.076661 5.207575
      vertex 22.481515 34.260678 5.207575
      vertex 22.455811 34.274253 6.115540
    endloop
  endfacet
  facet normal -0.552019 0.833358 -0.028087
    outer loop
      vertex 23.713368 35.076661 5.207575
      vertex 22.455811 34.274253 6.115540
      vertex 23.699746 35.098240 6.115540
    endloop
  endfacet
  facet normal -0.583152 0.811858 -0.028647
    outer loop
      vertex 22.481515 34.260678 5.207575
      vertex 21.380152 33.469576 5.207575
      vertex 21.343645 33.475392 6.115540
    endloop
  endfacet
  facet normal -0.583152 0.811858 -0.028647
    outer loop
      vertex 22.481515 34.260678 5.207575
      vertex 21.343645 33.475392 6.115540
      vertex 22.455811 34.274253 6.115540
    endloop
  endfacet
  facet normal -0.582475 0.812344 -0.028623
    outer loop
      vertex 21.380152 33.469576 5.207575
      vertex 20.365402 32.741971 5.207575
      vertex 20.318942 32.740650 6.115540
    endloop
  endfacet
  facet normal -0.582475 0.812344 -0.028623
    outer loop
      vertex 21.380152 33.469576 5.207575
      vertex 20.318942 32.740650 6.115540
      vertex 21.343645 33.475392 6.115540
    endloop
  endfacet
  facet normal -0.574142 0.818270 -0.028188
    outer loop
      vertex 20.365402 32.741971 5.207575
      vertex 19.402443 32.066307 5.207575
      vertex 19.346538 32.058359 6.115540
    endloop
  endfacet
  facet normal -0.574142 0.818270 -0.028188
    outer loop
      vertex 20.365402 32.741971 5.207575
      vertex 19.346538 32.058359 6.115540
      vertex 20.318942 32.740650 6.115540
    endloop
  endfacet
  facet normal -0.413937 -0.909691 -0.033450
    outer loop
      vertex 19.402443 32.066307 5.207575
      vertex 20.289210 31.662801 5.207575
      vertex 20.242003 31.650895 6.115540
    endloop
  endfacet
  facet normal -0.413937 -0.909691 -0.033450
    outer loop
      vertex 19.402443 32.066307 5.207575
      vertex 20.242003 31.650895 6.115540
      vertex 19.346538 32.058359 6.115540
    endloop
  endfacet
  facet normal -0.418965 -0.907377 -0.033681
    outer loop
      vertex 20.289210 31.662801 5.207575
      vertex 21.217192 31.234322 5.207575
      vertex 21.179087 31.218213 6.115540
    endloop
  endfacet
  facet normal -0.418965 -0.907377 -0.033681
    outer loop
      vertex 20.289210 31.662801 5.207575
      vertex 21.179087 31.218213 6.115540
      vertex 20.242003 31.650895 6.115540
    endloop
  endfacet
  facet normal -0.417377 -0.908111 -0.033628
    outer loop
      vertex 21.217192 31.234322 5.207575
      vertex 22.202529 30.781451 5.207575
      vertex 22.174088 30.760901 6.115540
    endloop
  endfacet
  facet normal -0.417377 -0.908111 -0.033628
    outer loop
      vertex 21.217192 31.234322 5.207575
      vertex 22.174088 30.760901 6.115540
      vertex 21.179087 31.218213 6.115540
    endloop
  endfacet
  facet normal -0.398721 -0.916470 -0.033232
    outer loop
      vertex 22.202529 30.781451 5.207575
      vertex 23.261370 30.320790 5.207575
      vertex 23.243315 30.295721 6.115540
    endloop
  endfacet
  facet normal -0.398721 -0.916470 -0.033232
    outer loop
      vertex 22.202529 30.781451 5.207575
      vertex 23.243315 30.295721 6.115540
      vertex 22.174088 30.760901 6.115540
    endloop
  endfacet
  facet normal -0.355380 -0.934144 -0.032859
    outer loop
      vertex 23.261370 30.320790 5.207575
      vertex 24.381958 29.894480 5.207575
      vertex 24.374894 29.865230 6.115540
    endloop
  endfacet
  facet normal -0.355380 -0.934144 -0.032859
    outer loop
      vertex 23.261370 30.320790 5.207575
      vertex 24.374894 29.865230 6.115540
      vertex 23.243315 30.295721 6.115540
    endloop
  endfacet
  facet normal -0.304979 -0.951786 -0.033035
    outer loop
      vertex 24.381958 29.894480 5.207575
      vertex 25.503657 29.535056 5.207575
      vertex 25.507595 29.502280 6.115540
    endloop
  endfacet
  facet normal -0.304979 -0.951786 -0.033035
    outer loop
      vertex 24.381958 29.894480 5.207575
      vertex 25.507595 29.502280 6.115540
      vertex 24.374894 29.865230 6.115540
    endloop
  endfacet
  facet normal -0.275437 -0.960736 -0.033486
    outer loop
      vertex 25.503657 29.535056 5.207575
      vertex 26.572535 29.228615 5.207575
      vertex 26.586957 29.192834 6.115540
    endloop
  endfacet
  facet normal -0.275437 -0.960736 -0.033486
    outer loop
      vertex 25.503657 29.535056 5.207575
      vertex 26.586957 29.192834 6.115540
      vertex 25.507595 29.502280 6.115540
    endloop
  endfacet
  facet normal -0.268299 -0.962747 -0.033679
    outer loop
      vertex 26.572535 29.228615 5.207575
      vertex 27.578820 28.948183 5.207575
      vertex 27.603112 28.909651 6.115540
    endloop
  endfacet
  facet normal -0.268299 -0.962747 -0.033679
    outer loop
      vertex 26.572535 29.228615 5.207575
      vertex 27.603112 28.909651 6.115540
      vertex 26.586957 29.192834 6.115540
    endloop
  endfacet
  facet normal 0.981978 -0.185881 -0.034160
    outer loop
      vertex 27.578820 28.948183 5.207575
      vertex 27.770099 29.958676 5.207575
      vertex 27.796267 29.930055 6.115540
    endloop
  endfacet
  facet normal 0.981978 -0.185881 -0.034160
    outer loop
      vertex 27.578820 28.948183 5.207575
      vertex 27.796267 29.930055 6.115540
      vertex 27.603112 28.909651 6.115540
    endloop
  endfacet
  facet normal 0.983449 -0.177975 -0.033954
    outer loop
      vertex 27.770099 29.958676 5.207575
      vertex 27.964705 31.034025 5.207575
      vertex 27.992782 31.015952 6.115540
    endloop
  endfacet
  facet normal 0.983449 -0.177975 -0.033954
    outer loop
      vertex 27.770099 29.958676 5.207575
      vertex 27.992782 31.015952 6.115540
      vertex 27.796267 29.930055 6.115540
    endloop
  endfacet
  facet normal 0.988423 -0.147973 -0.033510
    outer loop
      vertex 27.964705 31.034025 5.207575
      vertex 28.135724 32.176387 5.207575
      vertex 28.165478 32.169519 6.115540
    endloop
  endfacet
  facet normal 0.988423 -0.147973 -0.033510
    outer loop
      vertex 27.964705 31.034025 5.207575
      vertex 28.165478 32.169519 6.115540
      vertex 27.992782 31.015952 6.115540
    endloop
  endfacet
  facet normal 0.994755 -0.096700 -0.033330
    outer loop
      vertex 28.135724 32.176387 5.207575
      vertex 28.249497 33.346774 5.207575
      vertex 28.280367 33.351385 6.115540
    endloop
  endfacet
  facet normal 0.994755 -0.096700 -0.033330
    outer loop
      vertex 28.135724 32.176387 5.207575
      vertex 28.280367 33.351385 6.115540
      vertex 28.165478 32.169519 6.115540
    endloop
  endfacet
  facet normal 0.998154 -0.050533 -0.033680
    outer loop
      vertex 28.249497 33.346774 5.207575
      vertex 28.306935 34.481323 5.207575
      vertex 28.338369 34.497062 6.115540
    endloop
  endfacet
  facet normal 0.998154 -0.050533 -0.033680
    outer loop
      vertex 28.249497 33.346774 5.207575
      vertex 28.338369 34.497062 6.115540
      vertex 28.280367 33.351385 6.115540
    endloop
  endfacet
  facet normal 0.999001 -0.028903 -0.034084
    outer loop
      vertex 28.306935 34.481323 5.207575
      vertex 28.337868 35.550482 5.207575
      vertex 28.369605 35.576708 6.115540
    endloop
  endfacet
  facet normal 0.999001 -0.028903 -0.034084
    outer loop
      vertex 28.306935 34.481323 5.207575
      vertex 28.369605 35.576708 6.115540
      vertex 28.338369 34.497062 6.115540
    endloop
  endfacet
  facet normal 0.999081 -0.025887 -0.034174
    outer loop
      vertex 28.337868 35.550482 5.207575
      vertex 28.364006 36.559228 5.207575
      vertex 28.395999 36.595348 6.115540
    endloop
  endfacet
  facet normal 0.999081 -0.025887 -0.034174
    outer loop
      vertex 28.337868 35.550482 5.207575
      vertex 28.395999 36.595348 6.115540
      vertex 28.369605 35.576708 6.115540
    endloop
  endfacet
  facet normal 0.998951 -0.030694 -0.033978
    outer loop
      vertex 28.364006 36.559228 5.207575
      vertex 28.393546 37.520645 5.207575
      vertex 28.425829 37.566195 6.115540
    endloop
  endfacet
  facet normal 0.998951 -0.030694 -0.033978
    outer loop
      vertex 28.364006 36.559228 5.207575
      vertex 28.425829 37.566195 6.115540
      vertex 28.395999 36.595348 6.115540
    endloop
  endfacet
  facet normal -0.458621 0.886854 -0.056177
    outer loop
      vertex 28.425829 37.566195 6.115540
      vertex 27.367394 37.018844 6.115540
      vertex 27.411707 37.099873 7.032972
    endloop
  endfacet
  facet normal -0.458621 0.886854 -0.056177
    outer loop
      vertex 28.425829 37.566195 6.115540
      vertex 27.411707 37.099873 7.032972
      vertex 28.490847 37.657932 7.032972
    endloop
  endfacet
  facet normal 0.458509 -0.886637 0.060362
    outer loop
      vertex 26.520953 35.471047 5.934484
      vertex 27.183886 35.813871 5.934484
      vertex 27.249031 35.905788 6.789774
    endloop
  endfacet
  facet normal 0.458509 -0.886637 0.060362
    outer loop
      vertex 26.520953 35.471047 5.934484
      vertex 27.249031 35.905788 6.789774
      vertex 26.565352 35.552235 6.789774
    endloop
  endfacet
  facet normal -0.449634 0.891392 -0.057012
    outer loop
      vertex 27.367394 37.018844 6.115540
      vertex 26.236718 36.448511 6.115540
      vertex 26.258912 36.518383 7.032972
    endloop
  endfacet
  facet normal -0.449634 0.891392 -0.057012
    outer loop
      vertex 27.367394 37.018844 6.115540
      vertex 26.258912 36.518383 7.032972
      vertex 27.411707 37.099873 7.032972
    endloop
  endfacet
  facet normal 0.449521 -0.891167 0.061259
    outer loop
      vertex 25.812773 35.113829 5.934484
      vertex 26.520953 35.471047 5.934484
      vertex 26.565352 35.552235 6.789774
    endloop
  endfacet
  facet normal 0.449521 -0.891167 0.061259
    outer loop
      vertex 25.812773 35.113829 5.934484
      vertex 26.565352 35.552235 6.789774
      vertex 25.835011 35.183838 6.789774
    endloop
  endfacet
  facet normal -0.450070 0.891173 -0.056985
    outer loop
      vertex 26.236718 36.448511 6.115540
      vertex 25.007431 35.827683 6.115540
      vertex 25.005578 35.885411 7.032972
    endloop
  endfacet
  facet normal -0.450070 0.891173 -0.056985
    outer loop
      vertex 26.236718 36.448511 6.115540
      vertex 25.005578 35.885411 7.032972
      vertex 26.258912 36.518383 7.032972
    endloop
  endfacet
  facet normal 0.449956 -0.890949 0.061230
    outer loop
      vertex 25.042830 34.724984 5.934484
      vertex 25.812773 35.113829 5.934484
      vertex 25.835011 35.183838 6.789774
    endloop
  endfacet
  facet normal 0.449956 -0.890949 0.061230
    outer loop
      vertex 25.042830 34.724984 5.934484
      vertex 25.835011 35.183838 6.789774
      vertex 25.040974 34.782825 6.789774
    endloop
  endfacet
  facet normal -0.486388 0.871956 -0.055849
    outer loop
      vertex 25.007431 35.827683 6.115540
      vertex 23.699746 35.098240 6.115540
      vertex 23.672312 35.141698 7.032972
    endloop
  endfacet
  facet normal -0.486388 0.871956 -0.055849
    outer loop
      vertex 25.007431 35.827683 6.115540
      vertex 23.672312 35.141698 7.032972
      vertex 25.005578 35.885411 7.032972
    endloop
  endfacet
  facet normal 0.486271 -0.871745 0.060010
    outer loop
      vertex 24.223784 34.268109 5.934484
      vertex 25.042830 34.724984 5.934484
      vertex 25.040974 34.782825 6.789774
    endloop
  endfacet
  facet normal 0.486271 -0.871745 0.060010
    outer loop
      vertex 24.223784 34.268109 5.934484
      vertex 25.040974 34.782825 6.789774
      vertex 24.196296 34.311653 6.789774
    endloop
  endfacet
  facet normal -0.551373 0.832383 -0.055918
    outer loop
      vertex 23.699746 35.098240 6.115540
      vertex 22.455811 34.274253 6.115540
      vertex 22.404043 34.301593 7.032972
    endloop
  endfacet
  facet normal -0.551373 0.832383 -0.055918
    outer loop
      vertex 23.699746 35.098240 6.115540
      vertex 22.404043 34.301593 7.032972
      vertex 23.672312 35.141698 7.032972
    endloop
  endfacet
  facet normal 0.551239 -0.832181 0.060083
    outer loop
      vertex 23.444666 33.752019 5.934484
      vertex 24.223784 34.268109 5.934484
      vertex 24.196296 34.311653 6.789774
    endloop
  endfacet
  facet normal 0.551239 -0.832181 0.060083
    outer loop
      vertex 23.444666 33.752019 5.934484
      vertex 24.196296 34.311653 6.789774
      vertex 23.392797 33.779413 6.789774
    endloop
  endfacet
  facet normal -0.582442 0.810869 -0.057030
    outer loop
      vertex 22.455811 34.274253 6.115540
      vertex 21.343645 33.475392 6.115540
      vertex 21.270121 33.487104 7.032972
    endloop
  endfacet
  facet normal -0.582442 0.810869 -0.057030
    outer loop
      vertex 22.455811 34.274253 6.115540
      vertex 21.270121 33.487104 7.032972
      vertex 22.404043 34.301593 7.032972
    endloop
  endfacet
  facet normal 0.582295 -0.810665 0.061278
    outer loop
      vertex 22.748080 33.251666 5.934484
      vertex 23.444666 33.752019 5.934484
      vertex 23.392797 33.779413 6.789774
    endloop
  endfacet
  facet normal 0.582295 -0.810665 0.061278
    outer loop
      vertex 22.748080 33.251666 5.934484
      vertex 23.392797 33.779413 6.789774
      vertex 22.674412 33.263401 6.789774
    endloop
  endfacet
  facet normal -0.581767 0.811357 -0.056982
    outer loop
      vertex 21.343645 33.475392 6.115540
      vertex 20.318942 32.740650 6.115540
      vertex 20.225373 32.737989 7.032972
    endloop
  endfacet
  facet normal -0.581767 0.811357 -0.056982
    outer loop
      vertex 21.343645 33.475392 6.115540
      vertex 20.225373 32.737989 7.032972
      vertex 21.270121 33.487104 7.032972
    endloop
  endfacet
  facet normal 0.581621 -0.811153 0.061226
    outer loop
      vertex 22.106275 32.791473 5.934484
      vertex 22.748080 33.251666 5.934484
      vertex 22.674412 33.263401 6.789774
    endloop
  endfacet
  facet normal 0.581621 -0.811153 0.061226
    outer loop
      vertex 22.106275 32.791473 5.934484
      vertex 22.674412 33.263401 6.789774
      vertex 22.012522 32.788807 6.789774
    endloop
  endfacet
  facet normal -0.573465 0.817305 -0.056118
    outer loop
      vertex 20.318942 32.740650 6.115540
      vertex 19.346538 32.058359 6.115540
      vertex 19.233946 32.042351 7.032972
    endloop
  endfacet
  facet normal -0.573465 0.817305 -0.056118
    outer loop
      vertex 20.318942 32.740650 6.115540
      vertex 19.233946 32.042351 7.032972
      vertex 20.225373 32.737989 7.032972
    endloop
  endfacet
  facet normal 0.573325 -0.817106 0.060298
    outer loop
      vertex 21.497226 32.364132 5.934484
      vertex 22.106275 32.791473 5.934484
      vertex 22.012522 32.788807 6.789774
    endloop
  endfacet
  facet normal 0.573325 -0.817106 0.060298
    outer loop
      vertex 21.497226 32.364132 5.934484
      vertex 22.012522 32.788807 6.789774
      vertex 21.384414 32.348092 6.789774
    endloop
  endfacet
  facet normal -0.413251 -0.908181 -0.066562
    outer loop
      vertex 19.346538 32.058359 6.115540
      vertex 20.242003 31.650895 6.115540
      vertex 20.146928 31.626916 7.032972
    endloop
  endfacet
  facet normal -0.413251 -0.908181 -0.066562
    outer loop
      vertex 19.346538 32.058359 6.115540
      vertex 20.146928 31.626916 7.032972
      vertex 19.233946 32.042351 7.032972
    endloop
  endfacet
  facet normal 0.413109 0.907870 0.071514
    outer loop
      vertex 22.058085 32.108923 5.934484
      vertex 21.497226 32.364132 5.934484
      vertex 21.384414 32.348092 6.789774
    endloop
  endfacet
  facet normal 0.413109 0.907870 0.071514
    outer loop
      vertex 22.058085 32.108923 5.934484
      vertex 21.384414 32.348092 6.789774
      vertex 21.962824 32.084898 6.789774
    endloop
  endfacet
  facet normal -0.418260 -0.905851 -0.067021
    outer loop
      vertex 20.242003 31.650895 6.115540
      vertex 21.179087 31.218213 6.115540
      vertex 21.102344 31.185770 7.032972
    endloop
  endfacet
  facet normal -0.418260 -0.905851 -0.067021
    outer loop
      vertex 20.242003 31.650895 6.115540
      vertex 21.102344 31.185770 7.032972
      vertex 20.146928 31.626916 7.032972
    endloop
  endfacet
  facet normal 0.418115 0.905536 0.072006
    outer loop
      vertex 22.645012 31.837921 5.934484
      vertex 22.058085 32.108923 5.934484
      vertex 21.962824 32.084898 6.789774
    endloop
  endfacet
  facet normal 0.418115 0.905536 0.072006
    outer loop
      vertex 22.645012 31.837921 5.934484
      vertex 21.962824 32.084898 6.789774
      vertex 22.568118 31.805414 6.789774
    endloop
  endfacet
  facet normal -0.416677 -0.906589 -0.066914
    outer loop
      vertex 21.179087 31.218213 6.115540
      vertex 22.174088 30.760901 6.115540
      vertex 22.116809 30.719512 7.032972
    endloop
  endfacet
  facet normal -0.416677 -0.906589 -0.066914
    outer loop
      vertex 21.179087 31.218213 6.115540
      vertex 22.116809 30.719512 7.032972
      vertex 21.102344 31.185770 7.032972
    endloop
  endfacet
  facet normal 0.416532 0.906274 0.071892
    outer loop
      vertex 23.268214 31.551491 5.934484
      vertex 22.645012 31.837921 5.934484
      vertex 22.568118 31.805414 6.789774
    endloop
  endfacet
  facet normal 0.416532 0.906274 0.071892
    outer loop
      vertex 23.268214 31.551491 5.934484
      vertex 22.568118 31.805414 6.789774
      vertex 23.210823 31.510021 6.789774
    endloop
  endfacet
  facet normal -0.398068 -0.914969 -0.066131
    outer loop
      vertex 22.174088 30.760901 6.115540
      vertex 23.243315 30.295721 6.115540
      vertex 23.206952 30.245232 7.032972
    endloop
  endfacet
  facet normal -0.398068 -0.914969 -0.066131
    outer loop
      vertex 22.174088 30.760901 6.115540
      vertex 23.206952 30.245232 7.032972
      vertex 22.116809 30.719512 7.032972
    endloop
  endfacet
  facet normal 0.397933 0.914659 0.071050
    outer loop
      vertex 23.937906 31.260133 5.934484
      vertex 23.268214 31.551491 5.934484
      vertex 23.210823 31.510021 6.789774
    endloop
  endfacet
  facet normal 0.397933 0.914659 0.071050
    outer loop
      vertex 23.937906 31.260133 5.934484
      vertex 23.210823 31.510021 6.789774
      vertex 23.901472 31.209546 6.789774
    endloop
  endfacet
  facet normal -0.354811 -0.932649 -0.065389
    outer loop
      vertex 23.243315 30.295721 6.115540
      vertex 24.374894 29.865230 6.115540
      vertex 24.360667 29.806320 7.032972
    endloop
  endfacet
  facet normal -0.354811 -0.932649 -0.065389
    outer loop
      vertex 23.243315 30.295721 6.115540
      vertex 24.360667 29.806320 7.032972
      vertex 23.206952 30.245232 7.032972
    endloop
  endfacet
  facet normal 0.354694 0.932339 0.070254
    outer loop
      vertex 24.646651 30.990502 5.934484
      vertex 23.937906 31.260133 5.934484
      vertex 23.901472 31.209546 6.789774
    endloop
  endfacet
  facet normal 0.354694 0.932339 0.070254
    outer loop
      vertex 24.646651 30.990502 5.934484
      vertex 23.901472 31.209546 6.789774
      vertex 24.632397 30.931477 6.789774
    endloop
  endfacet
  facet normal -0.304486 -0.950246 -0.065739
    outer loop
      vertex 24.374894 29.865230 6.115540
      vertex 25.507595 29.502280 6.115540
      vertex 25.515526 29.436270 7.032972
    endloop
  endfacet
  facet normal -0.304486 -0.950246 -0.065739
    outer loop
      vertex 24.374894 29.865230 6.115540
      vertex 25.515526 29.436270 7.032972
      vertex 24.360667 29.806320 7.032972
    endloop
  endfacet
  facet normal 0.304384 0.949927 0.070629
    outer loop
      vertex 25.356100 30.763175 5.934484
      vertex 24.646651 30.990502 5.934484
      vertex 24.632397 30.931477 6.789774
    endloop
  endfacet
  facet normal 0.304384 0.949927 0.070629
    outer loop
      vertex 25.356100 30.763175 5.934484
      vertex 24.632397 30.931477 6.789774
      vertex 25.364046 30.697036 6.789774
    endloop
  endfacet
  facet normal -0.274979 -0.959138 -0.066634
    outer loop
      vertex 25.507595 29.502280 6.115540
      vertex 26.586957 29.192834 6.115540
      vertex 26.616002 29.120771 7.032972
    endloop
  endfacet
  facet normal -0.274979 -0.959138 -0.066634
    outer loop
      vertex 25.507595 29.502280 6.115540
      vertex 26.616002 29.120771 7.032972
      vertex 25.515526 29.436270 7.032972
    endloop
  endfacet
  facet normal 0.274885 0.958808 0.071590
    outer loop
      vertex 26.032139 30.569359 5.934484
      vertex 25.356100 30.763175 5.934484
      vertex 25.364046 30.697036 6.789774
    endloop
  endfacet
  facet normal 0.274885 0.958808 0.071590
    outer loop
      vertex 26.032139 30.569359 5.934484
      vertex 25.364046 30.697036 6.789774
      vertex 26.061242 30.497154 6.789774
    endloop
  endfacet
  facet normal -0.267848 -0.961128 -0.067016
    outer loop
      vertex 26.586957 29.192834 6.115540
      vertex 27.603112 28.909651 6.115540
      vertex 27.652035 28.832048 7.032972
    endloop
  endfacet
  facet normal -0.267848 -0.961128 -0.067016
    outer loop
      vertex 26.586957 29.192834 6.115540
      vertex 27.652035 28.832048 7.032972
      vertex 26.616002 29.120771 7.032972
    endloop
  endfacet
  facet normal 0.267754 0.960793 0.072000
    outer loop
      vertex 26.668591 30.391992 5.934484
      vertex 26.032139 30.569359 5.934484
      vertex 26.061242 30.497154 6.789774
    endloop
  endfacet
  facet normal 0.267754 0.960793 0.072000
    outer loop
      vertex 26.668591 30.391992 5.934484
      vertex 26.061242 30.497154 6.789774
      vertex 26.717610 30.314237 6.789774
    endloop
  endfacet
  facet normal 0.980279 -0.185560 -0.067971
    outer loop
      vertex 27.603112 28.909651 6.115540
      vertex 27.796267 29.930055 6.115540
      vertex 27.848969 29.872413 7.032972
    endloop
  endfacet
  facet normal 0.980279 -0.185560 -0.067971
    outer loop
      vertex 27.603112 28.909651 6.115540
      vertex 27.848969 29.872413 7.032972
      vertex 27.652035 28.832048 7.032972
    endloop
  endfacet
  facet normal -0.979928 0.185493 0.073026
    outer loop
      vertex 26.789570 31.031105 5.934484
      vertex 26.668591 30.391992 5.934484
      vertex 26.717610 30.314237 6.789774
    endloop
  endfacet
  facet normal -0.979928 0.185493 0.073026
    outer loop
      vertex 26.789570 31.031105 5.934484
      vertex 26.717610 30.314237 6.789774
      vertex 26.842375 30.973350 6.789774
    endloop
  endfacet
  facet normal 0.981768 -0.177671 -0.067561
    outer loop
      vertex 27.796267 29.930055 6.115540
      vertex 27.992782 31.015952 6.115540
      vertex 28.049328 30.979553 7.032972
    endloop
  endfacet
  facet normal 0.981768 -0.177671 -0.067561
    outer loop
      vertex 27.796267 29.930055 6.115540
      vertex 28.049328 30.979553 7.032972
      vertex 27.848969 29.872413 7.032972
    endloop
  endfacet
  facet normal -0.981421 0.177608 0.072586
    outer loop
      vertex 26.912654 31.711238 5.934484
      vertex 26.789570 31.031105 5.934484
      vertex 26.842375 30.973350 6.789774
    endloop
  endfacet
  facet normal -0.981421 0.177608 0.072586
    outer loop
      vertex 26.912654 31.711238 5.934484
      vertex 26.842375 30.973350 6.789774
      vertex 26.969311 31.674767 6.789774
    endloop
  endfacet
  facet normal 0.986778 -0.147727 -0.066682
    outer loop
      vertex 27.992782 31.015952 6.115540
      vertex 28.165478 32.169519 6.115540
      vertex 28.225403 32.155685 7.032972
    endloop
  endfacet
  facet normal 0.986778 -0.147727 -0.066682
    outer loop
      vertex 27.992782 31.015952 6.115540
      vertex 28.225403 32.155685 7.032972
      vertex 28.049328 30.979553 7.032972
    endloop
  endfacet
  facet normal -0.986438 0.147676 0.071642
    outer loop
      vertex 27.020819 32.433755 5.934484
      vertex 26.912654 31.711238 5.934484
      vertex 26.969311 31.674767 6.789774
    endloop
  endfacet
  facet normal -0.986438 0.147676 0.071642
    outer loop
      vertex 27.020819 32.433755 5.934484
      vertex 26.969311 31.674767 6.789774
      vertex 27.080861 32.419894 6.789774
    endloop
  endfacet
  facet normal 0.993117 -0.096540 -0.066324
    outer loop
      vertex 28.165478 32.169519 6.115540
      vertex 28.280367 33.351385 6.115540
      vertex 28.342539 33.360671 7.032972
    endloop
  endfacet
  facet normal 0.993117 -0.096540 -0.066324
    outer loop
      vertex 28.165478 32.169519 6.115540
      vertex 28.342539 33.360671 7.032972
      vertex 28.225403 32.155685 7.032972
    endloop
  endfacet
  facet normal -0.992778 0.096508 0.071258
    outer loop
      vertex 27.092778 33.173996 5.934484
      vertex 27.020819 32.433755 5.934484
      vertex 27.080861 32.419894 6.789774
    endloop
  endfacet
  facet normal -0.992778 0.096508 0.071258
    outer loop
      vertex 27.092778 33.173996 5.934484
      vertex 27.080861 32.419894 6.789774
      vertex 27.155072 33.183301 6.789774
    endloop
  endfacet
  facet normal 0.996476 -0.050448 -0.067018
    outer loop
      vertex 28.280367 33.351385 6.115540
      vertex 28.338369 34.497062 6.115540
      vertex 28.401676 34.528761 7.032972
    endloop
  endfacet
  facet normal 0.996476 -0.050448 -0.067018
    outer loop
      vertex 28.280367 33.351385 6.115540
      vertex 28.401676 34.528761 7.032972
      vertex 28.342539 33.360671 7.032972
    endloop
  endfacet
  facet normal -0.996129 0.050431 0.072003
    outer loop
      vertex 27.129106 33.891572 5.934484
      vertex 27.092778 33.173996 5.934484
      vertex 27.155072 33.183301 6.789774
    endloop
  endfacet
  facet normal -0.996129 0.050431 0.072003
    outer loop
      vertex 27.129106 33.891572 5.934484
      vertex 27.155072 33.183301 6.789774
      vertex 27.192537 33.923333 6.789774
    endloop
  endfacet
  facet normal 0.997280 -0.028853 -0.067820
    outer loop
      vertex 28.338369 34.497062 6.115540
      vertex 28.369605 35.576708 6.115540
      vertex 28.433523 35.629526 7.032972
    endloop
  endfacet
  facet normal 0.997280 -0.028853 -0.067820
    outer loop
      vertex 28.338369 34.497062 6.115540
      vertex 28.433523 35.629526 7.032972
      vertex 28.401676 34.528761 7.032972
    endloop
  endfacet
  facet normal -0.996925 0.028843 0.072864
    outer loop
      vertex 27.148671 34.567790 5.934484
      vertex 27.129106 33.891572 5.934484
      vertex 27.192537 33.923333 6.789774
    endloop
  endfacet
  facet normal -0.996925 0.028843 0.072864
    outer loop
      vertex 27.148671 34.567790 5.934484
      vertex 27.192537 33.923333 6.789774
      vertex 27.212714 34.620712 6.789774
    endloop
  endfacet
  facet normal 0.997351 -0.025843 -0.067998
    outer loop
      vertex 28.369605 35.576708 6.115540
      vertex 28.395999 36.595348 6.115540
      vertex 28.460433 36.668093 7.032972
    endloop
  endfacet
  facet normal 0.997351 -0.025843 -0.067998
    outer loop
      vertex 28.369605 35.576708 6.115540
      vertex 28.460433 36.668093 7.032972
      vertex 28.433523 35.629526 7.032972
    endloop
  endfacet
  facet normal -0.996993 0.025833 0.073055
    outer loop
      vertex 27.165202 35.205797 5.934484
      vertex 27.148671 34.567790 5.934484
      vertex 27.212714 34.620712 6.789774
    endloop
  endfacet
  facet normal -0.996993 0.025833 0.073055
    outer loop
      vertex 27.165202 35.205797 5.934484
      vertex 27.212714 34.620712 6.789774
      vertex 27.229762 35.278685 6.789774
    endloop
  endfacet
  facet normal 0.997241 -0.030641 -0.067610
    outer loop
      vertex 28.395999 36.595348 6.115540
      vertex 28.425829 37.566195 6.115540
      vertex 28.490847 37.657932 7.032972
    endloop
  endfacet
  facet normal 0.997241 -0.030641 -0.067610
    outer loop
      vertex 28.395999 36.595348 6.115540
      vertex 28.490847 37.657932 7.032972
      vertex 28.460433 36.668093 7.032972
    endloop
  endfacet
  facet normal -0.996888 0.030630 0.072638
    outer loop
      vertex 27.183886 35.813871 5.934484
      vertex 27.165202 35.205797 5.934484
      vertex 27.229762 35.278685 6.789774
    endloop
  endfacet
  facet normal -0.996888 0.030630 0.072638
    outer loop
      vertex 27.183886 35.813871 5.934484
      vertex 27.229762 35.278685 6.789774
      vertex 27.249031 35.905788 6.789774
    endloop
  endfacet
  facet normal -0.457265 0.884232 -0.095093
    outer loop
      vertex 28.490847 37.657932 7.032972
      vertex 27.411707 37.099873 7.032972
      vertex 27.487534 37.238530 7.957662
    endloop
  endfacet
  facet normal -0.457265 0.884232 -0.095093
    outer loop
      vertex 28.490847 37.657932 7.032972
      vertex 27.487534 37.238530 7.957662
      vertex 28.602104 37.814911 7.957662
    endloop
  endfacet
  facet normal 0.456934 -0.883592 0.102355
    outer loop
      vertex 26.565352 35.552235 6.789774
      vertex 27.249031 35.905788 6.789774
      vertex 27.360156 36.062580 7.647215
    endloop
  endfacet
  facet normal 0.456934 -0.883592 0.102355
    outer loop
      vertex 26.565352 35.552235 6.789774
      vertex 27.360156 36.062580 7.647215
      vertex 26.641089 35.690727 7.647215
    endloop
  endfacet
  facet normal -0.448265 0.888677 -0.096498
    outer loop
      vertex 27.411707 37.099873 7.032972
      vertex 26.258912 36.518383 7.032972
      vertex 26.296891 36.637949 7.957662
    endloop
  endfacet
  facet normal -0.448265 0.888677 -0.096498
    outer loop
      vertex 27.411707 37.099873 7.032972
      vertex 26.296891 36.637949 7.957662
      vertex 27.487534 37.238530 7.957662
    endloop
  endfacet
  facet normal 0.447931 -0.888015 0.103865
    outer loop
      vertex 25.835011 35.183838 6.789774
      vertex 26.565352 35.552235 6.789774
      vertex 26.641089 35.690727 7.647215
    endloop
  endfacet
  facet normal 0.447931 -0.888015 0.103865
    outer loop
      vertex 25.835011 35.183838 6.789774
      vertex 26.641089 35.690727 7.647215
      vertex 25.872944 35.303261 7.647215
    endloop
  endfacet
  facet normal -0.448700 0.888462 -0.096452
    outer loop
      vertex 26.258912 36.518383 7.032972
      vertex 25.005578 35.885411 7.032972
      vertex 25.002407 35.984195 7.957662
    endloop
  endfacet
  facet normal -0.448700 0.888462 -0.096452
    outer loop
      vertex 26.258912 36.518383 7.032972
      vertex 25.002407 35.984195 7.957662
      vertex 26.296891 36.637949 7.957662
    endloop
  endfacet
  facet normal 0.448366 -0.887801 0.103816
    outer loop
      vertex 25.040974 34.782825 6.789774
      vertex 25.835011 35.183838 6.789774
      vertex 25.872944 35.303261 7.647215
    endloop
  endfacet
  facet normal 0.448366 -0.887801 0.103816
    outer loop
      vertex 25.040974 34.782825 6.789774
      vertex 25.872944 35.303261 7.647215
      vertex 25.037806 34.881491 7.647215
    endloop
  endfacet
  facet normal -0.484967 0.869407 -0.094541
    outer loop
      vertex 25.005578 35.885411 7.032972
      vertex 23.672312 35.141698 7.032972
      vertex 23.625367 35.216064 7.957662
    endloop
  endfacet
  facet normal -0.484967 0.869407 -0.094541
    outer loop
      vertex 25.005578 35.885411 7.032972
      vertex 23.625367 35.216064 7.957662
      vertex 25.002407 35.984195 7.957662
    endloop
  endfacet
  facet normal 0.484620 -0.868786 0.101762
    outer loop
      vertex 24.196296 34.311653 6.789774
      vertex 25.040974 34.782825 6.789774
      vertex 25.037806 34.881491 7.647215
    endloop
  endfacet
  facet normal 0.484620 -0.868786 0.101762
    outer loop
      vertex 24.196296 34.311653 6.789774
      vertex 25.037806 34.881491 7.647215
      vertex 24.149407 34.385930 7.647215
    endloop
  endfacet
  facet normal -0.549758 0.829944 -0.094657
    outer loop
      vertex 23.672312 35.141698 7.032972
      vertex 22.404043 34.301593 7.032972
      vertex 22.315458 34.348376 7.957662
    endloop
  endfacet
  facet normal -0.549758 0.829944 -0.094657
    outer loop
      vertex 23.672312 35.141698 7.032972
      vertex 22.315458 34.348376 7.957662
      vertex 23.625367 35.216064 7.957662
    endloop
  endfacet
  facet normal 0.549363 -0.829349 0.101886
    outer loop
      vertex 23.392797 33.779413 6.789774
      vertex 24.196296 34.311653 6.789774
      vertex 24.149407 34.385930 7.647215
    endloop
  endfacet
  facet normal 0.549363 -0.829349 0.101886
    outer loop
      vertex 23.392797 33.779413 6.789774
      vertex 24.149407 34.385930 7.647215
      vertex 23.304317 33.826140 7.647215
    endloop
  endfacet
  facet normal -0.580667 0.808398 -0.096528
    outer loop
      vertex 22.404043 34.301593 7.032972
      vertex 21.270121 33.487104 7.032972
      vertex 21.144306 33.507146 7.957662
    endloop
  endfacet
  facet normal -0.580667 0.808398 -0.096528
    outer loop
      vertex 22.404043 34.301593 7.032972
      vertex 21.144306 33.507146 7.957662
      vertex 22.315458 34.348376 7.957662
    endloop
  endfacet
  facet normal 0.580234 -0.807796 0.103897
    outer loop
      vertex 22.674412 33.263401 6.789774
      vertex 23.392797 33.779413 6.789774
      vertex 23.304317 33.826140 7.647215
    endloop
  endfacet
  facet normal 0.580234 -0.807796 0.103897
    outer loop
      vertex 22.674412 33.263401 6.789774
      vertex 23.304317 33.826140 7.647215
      vertex 22.548747 33.283420 7.647215
    endloop
  endfacet
  facet normal -0.579997 0.808889 -0.096447
    outer loop
      vertex 21.270121 33.487104 7.032972
      vertex 20.225373 32.737989 7.032972
      vertex 20.065257 32.733436 7.957662
    endloop
  endfacet
  facet normal -0.579997 0.808889 -0.096447
    outer loop
      vertex 21.270121 33.487104 7.032972
      vertex 20.065257 32.733436 7.957662
      vertex 21.144306 33.507146 7.957662
    endloop
  endfacet
  facet normal 0.579565 -0.808287 0.103810
    outer loop
      vertex 22.012522 32.788807 6.789774
      vertex 22.674412 33.263401 6.789774
      vertex 22.548747 33.283420 7.647215
    endloop
  endfacet
  facet normal 0.579565 -0.808287 0.103810
    outer loop
      vertex 22.012522 32.788807 6.789774
      vertex 22.548747 33.283420 7.647215
      vertex 21.852597 32.784259 7.647215
    endloop
  endfacet
  facet normal -0.571773 0.814894 -0.094993
    outer loop
      vertex 20.225373 32.737989 7.032972
      vertex 19.233946 32.042351 7.032972
      vertex 19.041281 32.014959 7.957662
    endloop
  endfacet
  facet normal -0.571773 0.814894 -0.094993
    outer loop
      vertex 20.225373 32.737989 7.032972
      vertex 19.041281 32.014959 7.957662
      vertex 20.065257 32.733436 7.957662
    endloop
  endfacet
  facet normal 0.571360 -0.814305 0.102248
    outer loop
      vertex 21.384414 32.348092 6.789774
      vertex 22.012522 32.788807 6.789774
      vertex 21.852597 32.784259 7.647215
    endloop
  endfacet
  facet normal 0.571360 -0.814305 0.102248
    outer loop
      vertex 21.384414 32.348092 6.789774
      vertex 21.852597 32.784259 7.647215
      vertex 21.191977 32.320733 7.647215
    endloop
  endfacet
  facet normal -0.411538 -0.904418 -0.112539
    outer loop
      vertex 19.233946 32.042351 7.032972
      vertex 20.146928 31.626916 7.032972
      vertex 19.984237 31.585885 7.957662
    endloop
  endfacet
  facet normal -0.411538 -0.904418 -0.112539
    outer loop
      vertex 19.233946 32.042351 7.032972
      vertex 19.984237 31.585885 7.957662
      vertex 19.041281 32.014959 7.957662
    endloop
  endfacet
  facet normal 0.411121 0.903501 0.121098
    outer loop
      vertex 21.962824 32.084898 6.789774
      vertex 21.384414 32.348092 6.789774
      vertex 21.191977 32.320733 7.647215
    endloop
  endfacet
  facet normal 0.411121 0.903501 0.121098
    outer loop
      vertex 21.962824 32.084898 6.789774
      vertex 21.191977 32.320733 7.647215
      vertex 21.800327 32.043915 7.647215
    endloop
  endfacet
  facet normal -0.416503 -0.902046 -0.113307
    outer loop
      vertex 20.146928 31.626916 7.032972
      vertex 21.102344 31.185770 7.032972
      vertex 20.971021 31.130255 7.957662
    endloop
  endfacet
  facet normal -0.416503 -0.902046 -0.113307
    outer loop
      vertex 20.146928 31.626916 7.032972
      vertex 20.971021 31.130255 7.957662
      vertex 19.984237 31.585885 7.957662
    endloop
  endfacet
  facet normal 0.416076 0.901119 0.121923
    outer loop
      vertex 22.568118 31.805414 6.789774
      vertex 21.962824 32.084898 6.789774
      vertex 21.800327 32.043915 7.647215
    endloop
  endfacet
  facet normal 0.416076 0.901119 0.121923
    outer loop
      vertex 22.568118 31.805414 6.789774
      vertex 21.800327 32.043915 7.647215
      vertex 22.436952 31.749965 7.647215
    endloop
  endfacet
  facet normal -0.414932 -0.902792 -0.113129
    outer loop
      vertex 21.102344 31.185770 7.032972
      vertex 22.116809 30.719512 7.032972
      vertex 22.018793 30.648689 7.957662
    endloop
  endfacet
  facet normal -0.414932 -0.902792 -0.113129
    outer loop
      vertex 21.102344 31.185770 7.032972
      vertex 22.018793 30.648689 7.957662
      vertex 20.971021 31.130255 7.957662
    endloop
  endfacet
  facet normal 0.414507 0.901868 0.121731
    outer loop
      vertex 23.210823 31.510021 6.789774
      vertex 22.568118 31.805414 6.789774
      vertex 22.436952 31.749965 7.647215
    endloop
  endfacet
  facet normal 0.414507 0.901868 0.121731
    outer loop
      vertex 23.210823 31.510021 6.789774
      vertex 22.436952 31.749965 7.647215
      vertex 23.112924 31.439282 7.647215
    endloop
  endfacet
  facet normal -0.396440 -0.911226 -0.111814
    outer loop
      vertex 22.116809 30.719512 7.032972
      vertex 23.206952 30.245232 7.032972
      vertex 23.144728 30.158837 7.957662
    endloop
  endfacet
  facet normal -0.396440 -0.911226 -0.111814
    outer loop
      vertex 22.116809 30.719512 7.032972
      vertex 23.144728 30.158837 7.957662
      vertex 22.018793 30.648689 7.957662
    endloop
  endfacet
  facet normal 0.396043 0.910315 0.120320
    outer loop
      vertex 23.901472 31.209546 6.789774
      vertex 23.210823 31.510021 6.789774
      vertex 23.112924 31.439282 7.647215
    endloop
  endfacet
  facet normal 0.396043 0.910315 0.120320
    outer loop
      vertex 23.901472 31.209546 6.789774
      vertex 23.112924 31.439282 7.647215
      vertex 23.839322 31.123253 7.647215
    endloop
  endfacet
  facet normal -0.353392 -0.928918 -0.110571
    outer loop
      vertex 23.206952 30.245232 7.032972
      vertex 24.360667 29.806320 7.032972
      vertex 24.336322 29.705514 7.957662
    endloop
  endfacet
  facet normal -0.353392 -0.928918 -0.110571
    outer loop
      vertex 23.206952 30.245232 7.032972
      vertex 24.336322 29.705514 7.957662
      vertex 23.144728 30.158837 7.957662
    endloop
  endfacet
  facet normal 0.353046 0.928009 0.118984
    outer loop
      vertex 24.632397 30.931477 6.789774
      vertex 23.901472 31.209546 6.789774
      vertex 23.839322 31.123253 7.647215
    endloop
  endfacet
  facet normal 0.353046 0.928009 0.118984
    outer loop
      vertex 24.632397 30.931477 6.789774
      vertex 23.839322 31.123253 7.647215
      vertex 24.608081 30.830792 7.647215
    endloop
  endfacet
  facet normal -0.303255 -0.946404 -0.111157
    outer loop
      vertex 24.360667 29.806320 7.032972
      vertex 25.515526 29.436270 7.032972
      vertex 25.529098 29.323315 7.957662
    endloop
  endfacet
  facet normal -0.303255 -0.946404 -0.111157
    outer loop
      vertex 24.360667 29.806320 7.032972
      vertex 25.529098 29.323315 7.957662
      vertex 24.336322 29.705514 7.957662
    endloop
  endfacet
  facet normal 0.302955 0.945469 0.119614
    outer loop
      vertex 25.364046 30.697036 6.789774
      vertex 24.632397 30.931477 6.789774
      vertex 24.608081 30.830792 7.647215
    endloop
  endfacet
  facet normal 0.302955 0.945469 0.119614
    outer loop
      vertex 25.364046 30.697036 6.789774
      vertex 24.608081 30.830792 7.647215
      vertex 25.377602 30.584215 7.647215
    endloop
  endfacet
  facet normal -0.273837 -0.955155 -0.112658
    outer loop
      vertex 25.515526 29.436270 7.032972
      vertex 26.616002 29.120771 7.032972
      vertex 26.665705 28.997457 7.957662
    endloop
  endfacet
  facet normal -0.273837 -0.955155 -0.112658
    outer loop
      vertex 25.515526 29.436270 7.032972
      vertex 26.665705 28.997457 7.957662
      vertex 25.529098 29.323315 7.957662
    endloop
  endfacet
  facet normal 0.273559 0.954185 0.121226
    outer loop
      vertex 26.061242 30.497154 6.789774
      vertex 25.364046 30.697036 6.789774
      vertex 25.377602 30.584215 7.647215
    endloop
  endfacet
  facet normal 0.273559 0.954185 0.121226
    outer loop
      vertex 26.061242 30.497154 6.789774
      vertex 25.377602 30.584215 7.647215
      vertex 26.110885 30.373987 7.647215
    endloop
  endfacet
  facet normal -0.266723 -0.957091 -0.113298
    outer loop
      vertex 26.616002 29.120771 7.032972
      vertex 27.652035 28.832048 7.032972
      vertex 27.735753 28.699255 7.957662
    endloop
  endfacet
  facet normal -0.266723 -0.957091 -0.113298
    outer loop
      vertex 26.616002 29.120771 7.032972
      vertex 27.735753 28.699255 7.957662
      vertex 26.665705 28.997457 7.957662
    endloop
  endfacet
  facet normal 0.266449 0.956108 0.121913
    outer loop
      vertex 26.717610 30.314237 6.789774
      vertex 26.061242 30.497154 6.789774
      vertex 26.110885 30.373987 7.647215
    endloop
  endfacet
  facet normal 0.266449 0.956108 0.121913
    outer loop
      vertex 26.717610 30.314237 6.789774
      vertex 26.110885 30.373987 7.647215
      vertex 26.801228 30.181602 7.647215
    endloop
  endfacet
  facet normal 0.976044 -0.184758 -0.114900
    outer loop
      vertex 27.652035 28.832048 7.032972
      vertex 27.848969 29.872413 7.032972
      vertex 27.939152 29.773778 7.957662
    endloop
  endfacet
  facet normal 0.976044 -0.184758 -0.114900
    outer loop
      vertex 27.652035 28.832048 7.032972
      vertex 27.939152 29.773778 7.957662
      vertex 27.735753 28.699255 7.957662
    endloop
  endfacet
  facet normal -0.975014 0.184563 0.123633
    outer loop
      vertex 26.842375 30.973350 6.789774
      vertex 26.717610 30.314237 6.789774
      vertex 26.801228 30.181602 7.647215
    endloop
  endfacet
  facet normal -0.975014 0.184563 0.123633
    outer loop
      vertex 26.842375 30.973350 6.789774
      vertex 26.801228 30.181602 7.647215
      vertex 26.932451 30.874832 7.647215
    endloop
  endfacet
  facet normal 0.977577 -0.176913 -0.114212
    outer loop
      vertex 27.848969 29.872413 7.032972
      vertex 28.049328 30.979553 7.032972
      vertex 28.146090 30.917266 7.957662
    endloop
  endfacet
  facet normal 0.977577 -0.176913 -0.114212
    outer loop
      vertex 27.848969 29.872413 7.032972
      vertex 28.146090 30.917266 7.957662
      vertex 27.939152 29.773778 7.957662
    endloop
  endfacet
  facet normal -0.976557 0.176728 0.122895
    outer loop
      vertex 26.969311 31.674767 6.789774
      vertex 26.842375 30.973350 6.789774
      vertex 26.932451 30.874832 7.647215
    endloop
  endfacet
  facet normal -0.976557 0.176728 0.122895
    outer loop
      vertex 26.969311 31.674767 6.789774
      vertex 26.932451 30.874832 7.647215
      vertex 27.065957 31.612555 7.647215
    endloop
  endfacet
  facet normal 0.982674 -0.147113 -0.112738
    outer loop
      vertex 28.049328 30.979553 7.032972
      vertex 28.225403 32.155685 7.032972
      vertex 28.327945 32.132014 7.957662
    endloop
  endfacet
  facet normal 0.982674 -0.147113 -0.112738
    outer loop
      vertex 28.049328 30.979553 7.032972
      vertex 28.327945 32.132014 7.957662
      vertex 28.146090 30.917266 7.957662
    endloop
  endfacet
  facet normal -0.981675 0.146963 0.121312
    outer loop
      vertex 27.080861 32.419894 6.789774
      vertex 26.969311 31.674767 6.789774
      vertex 27.065957 31.612555 7.647215
    endloop
  endfacet
  facet normal -0.981675 0.146963 0.121312
    outer loop
      vertex 27.080861 32.419894 6.789774
      vertex 27.065957 31.612555 7.647215
      vertex 27.183282 32.396251 7.647215
    endloop
  endfacet
  facet normal 0.989031 -0.096143 -0.112139
    outer loop
      vertex 28.225403 32.155685 7.032972
      vertex 28.342539 33.360671 7.032972
      vertex 28.448927 33.376562 7.957662
    endloop
  endfacet
  facet normal 0.989031 -0.096143 -0.112139
    outer loop
      vertex 28.225403 32.155685 7.032972
      vertex 28.448927 33.376562 7.957662
      vertex 28.327945 32.132014 7.957662
    endloop
  endfacet
  facet normal -0.988036 0.096047 0.120668
    outer loop
      vertex 27.155072 33.183301 6.789774
      vertex 27.080861 32.419894 6.789774
      vertex 27.183282 32.396251 7.647215
    endloop
  endfacet
  facet normal -0.988036 0.096047 0.120668
    outer loop
      vertex 27.155072 33.183301 6.789774
      vertex 27.183282 32.396251 7.647215
      vertex 27.261333 33.199173 7.647215
    endloop
  endfacet
  facet normal 0.992290 -0.050236 -0.113302
    outer loop
      vertex 28.342539 33.360671 7.032972
      vertex 28.401676 34.528761 7.032972
      vertex 28.510005 34.583003 7.957662
    endloop
  endfacet
  facet normal 0.992290 -0.050236 -0.113302
    outer loop
      vertex 28.342539 33.360671 7.032972
      vertex 28.510005 34.583003 7.957662
      vertex 28.448927 33.376562 7.957662
    endloop
  endfacet
  facet normal -0.991271 0.050185 0.121918
    outer loop
      vertex 27.192537 33.923333 6.789774
      vertex 27.155072 33.183301 6.789774
      vertex 27.261333 33.199173 7.647215
    endloop
  endfacet
  facet normal -0.991271 0.050185 0.121918
    outer loop
      vertex 27.192537 33.923333 6.789774
      vertex 27.261333 33.199173 7.647215
      vertex 27.300738 33.977510 7.647215
    endloop
  endfacet
  facet normal 0.992991 -0.028729 -0.114646
    outer loop
      vertex 28.401676 34.528761 7.032972
      vertex 28.433523 35.629526 7.032972
      vertex 28.542898 35.719909 7.957662
    endloop
  endfacet
  facet normal 0.992991 -0.028729 -0.114646
    outer loop
      vertex 28.401676 34.528761 7.032972
      vertex 28.542898 35.719909 7.957662
      vertex 28.510005 34.583003 7.957662
    endloop
  endfacet
  facet normal -0.991947 0.028699 0.123361
    outer loop
      vertex 27.212714 34.620712 6.789774
      vertex 27.192537 33.923333 6.789774
      vertex 27.300738 33.977510 7.647215
    endloop
  endfacet
  facet normal -0.991947 0.028699 0.123361
    outer loop
      vertex 27.212714 34.620712 6.789774
      vertex 27.300738 33.977510 7.647215
      vertex 27.321959 34.710986 7.647215
    endloop
  endfacet
  facet normal 0.993039 -0.025731 -0.114945
    outer loop
      vertex 28.433523 35.629526 7.032972
      vertex 28.460433 36.668093 7.032972
      vertex 28.570692 36.792573 7.957662
    endloop
  endfacet
  facet normal 0.993039 -0.025731 -0.114945
    outer loop
      vertex 28.433523 35.629526 7.032972
      vertex 28.570692 36.792573 7.957662
      vertex 28.542898 35.719909 7.957662
    endloop
  endfacet
  facet normal -0.991989 0.025704 0.123682
    outer loop
      vertex 27.229762 35.278685 6.789774
      vertex 27.212714 34.620712 6.789774
      vertex 27.321959 34.710986 7.647215
    endloop
  endfacet
  facet normal -0.991989 0.025704 0.123682
    outer loop
      vertex 27.229762 35.278685 6.789774
      vertex 27.321959 34.710986 7.647215
      vertex 27.339890 35.403017 7.647215
    endloop
  endfacet
  facet normal 0.992978 -0.030510 -0.114294
    outer loop
      vertex 28.460433 36.668093 7.032972
      vertex 28.490847 37.657932 7.032972
      vertex 28.602104 37.814911 7.957662
    endloop
  endfacet
  facet normal 0.992978 -0.030510 -0.114294
    outer loop
      vertex 28.460433 36.668093 7.032972
      vertex 28.602104 37.814911 7.957662
      vertex 28.570692 36.792573 7.957662
    endloop
  endfacet
  facet normal -0.991941 0.030478 0.122983
    outer loop
      vertex 27.249031 35.905788 6.789774
      vertex 27.229762 35.278685 6.789774
      vertex 27.339890 35.403017 7.647215
    endloop
  endfacet
  facet normal -0.991941 0.030478 0.122983
    outer loop
      vertex 27.249031 35.905788 6.789774
      vertex 27.339890 35.403017 7.647215
      vertex 27.360156 36.062580 7.647215
    endloop
  endfacet
  facet normal -0.454531 0.878945 -0.144423
    outer loop
      vertex 28.602104 37.814911 7.957662
      vertex 27.487534 37.238530 7.957662
      vertex 27.604022 37.451539 8.887401
    endloop
  endfacet
  facet normal -0.454531 0.878945 -0.144423
    outer loop
      vertex 28.602104 37.814911 7.957662
      vertex 27.604022 37.451539 8.887401
      vertex 28.773022 38.056068 8.887401
    endloop
  endfacet
  facet normal 0.453745 -0.877424 0.155702
    outer loop
      vertex 26.641089 35.690727 7.647215
      vertex 27.360156 36.062580 7.647215
      vertex 27.530684 36.303188 8.506152
    endloop
  endfacet
  facet normal 0.453745 -0.877424 0.155702
    outer loop
      vertex 26.641089 35.690727 7.647215
      vertex 27.530684 36.303188 8.506152
      vertex 26.757312 35.903252 8.506152
    endloop
  endfacet
  facet normal -0.445505 0.883207 -0.146530
    outer loop
      vertex 27.487534 37.238530 7.957662
      vertex 26.296891 36.637949 7.957662
      vertex 26.355234 36.821629 8.887401
    endloop
  endfacet
  facet normal -0.445505 0.883207 -0.146530
    outer loop
      vertex 27.487534 37.238530 7.957662
      vertex 26.355234 36.821629 8.887401
      vertex 27.604022 37.451539 8.887401
    endloop
  endfacet
  facet normal 0.444712 -0.881634 0.157966
    outer loop
      vertex 25.872944 35.303261 7.647215
      vertex 26.641089 35.690727 7.647215
      vertex 26.757312 35.903252 8.506152
    endloop
  endfacet
  facet normal 0.444712 -0.881634 0.157966
    outer loop
      vertex 25.872944 35.303261 7.647215
      vertex 26.757312 35.903252 8.506152
      vertex 25.931155 35.486523 8.506152
    endloop
  endfacet
  facet normal -0.445941 0.882998 -0.146462
    outer loop
      vertex 26.296891 36.637949 7.957662
      vertex 25.002407 35.984195 7.957662
      vertex 24.997535 36.135950 8.887401
    endloop
  endfacet
  facet normal -0.445941 0.882998 -0.146462
    outer loop
      vertex 26.296891 36.637949 7.957662
      vertex 24.997535 36.135950 8.887401
      vertex 26.355234 36.821629 8.887401
    endloop
  endfacet
  facet normal 0.445148 -0.881427 0.157893
    outer loop
      vertex 25.037806 34.881491 7.647215
      vertex 25.872944 35.303261 7.647215
      vertex 25.931155 35.486523 8.506152
    endloop
  endfacet
  facet normal 0.445148 -0.881427 0.157893
    outer loop
      vertex 25.037806 34.881491 7.647215
      vertex 25.931155 35.486523 8.506152
      vertex 25.032946 35.032900 8.506152
    endloop
  endfacet
  facet normal -0.482100 0.864269 -0.143594
    outer loop
      vertex 25.002407 35.984195 7.957662
      vertex 23.625367 35.216064 7.957662
      vertex 23.553248 35.330307 8.887401
    endloop
  endfacet
  facet normal -0.482100 0.864269 -0.143594
    outer loop
      vertex 25.002407 35.984195 7.957662
      vertex 23.553248 35.330307 8.887401
      vertex 24.997535 36.135950 8.887401
    endloop
  endfacet
  facet normal 0.481276 -0.862790 0.154812
    outer loop
      vertex 24.149407 34.385930 7.647215
      vertex 25.037806 34.881491 7.647215
      vertex 25.032946 35.032900 8.506152
    endloop
  endfacet
  facet normal 0.481276 -0.862790 0.154812
    outer loop
      vertex 24.149407 34.385930 7.647215
      vertex 25.032946 35.032900 8.506152
      vertex 24.077452 34.499914 8.506152
    endloop
  endfacet
  facet normal -0.546500 0.825026 -0.143768
    outer loop
      vertex 23.625367 35.216064 7.957662
      vertex 22.315458 34.348376 7.957662
      vertex 22.179371 34.420246 8.887401
    endloop
  endfacet
  facet normal -0.546500 0.825026 -0.143768
    outer loop
      vertex 23.625367 35.216064 7.957662
      vertex 22.179371 34.420246 8.887401
      vertex 23.553248 35.330307 8.887401
    endloop
  endfacet
  facet normal 0.545563 -0.823612 0.154998
    outer loop
      vertex 23.304317 33.826140 7.647215
      vertex 24.149407 34.385930 7.647215
      vertex 24.077452 34.499914 8.506152
    endloop
  endfacet
  facet normal 0.545563 -0.823612 0.154998
    outer loop
      vertex 23.304317 33.826140 7.647215
      vertex 24.077452 34.499914 8.506152
      vertex 23.168540 33.897847 8.506152
    endloop
  endfacet
  facet normal -0.577091 0.803419 -0.146575
    outer loop
      vertex 22.315458 34.348376 7.957662
      vertex 21.144306 33.507146 7.957662
      vertex 20.951027 33.537935 8.887401
    endloop
  endfacet
  facet normal -0.577091 0.803419 -0.146575
    outer loop
      vertex 22.315458 34.348376 7.957662
      vertex 20.951027 33.537935 8.887401
      vertex 22.179371 34.420246 8.887401
    endloop
  endfacet
  facet normal 0.576062 -0.801987 0.158014
    outer loop
      vertex 22.548747 33.283420 7.647215
      vertex 23.304317 33.826140 7.647215
      vertex 23.168540 33.897847 8.506152
    endloop
  endfacet
  facet normal 0.576062 -0.801987 0.158014
    outer loop
      vertex 22.548747 33.283420 7.647215
      vertex 23.168540 33.897847 8.506152
      vertex 22.355908 33.314139 8.506152
    endloop
  endfacet
  facet normal -0.576431 0.803915 -0.146454
    outer loop
      vertex 21.144306 33.507146 7.957662
      vertex 20.065257 32.733436 7.957662
      vertex 19.819283 32.726442 8.887401
    endloop
  endfacet
  facet normal -0.576431 0.803915 -0.146454
    outer loop
      vertex 21.144306 33.507146 7.957662
      vertex 19.819283 32.726442 8.887401
      vertex 20.951027 33.537935 8.887401
    endloop
  endfacet
  facet normal 0.575405 -0.802485 0.157884
    outer loop
      vertex 21.852597 32.784259 7.647215
      vertex 22.548747 33.283420 7.647215
      vertex 22.355908 33.314139 8.506152
    endloop
  endfacet
  facet normal 0.575405 -0.802485 0.157884
    outer loop
      vertex 21.852597 32.784259 7.647215
      vertex 22.355908 33.314139 8.506152
      vertex 21.607183 32.777281 8.506152
    endloop
  endfacet
  facet normal -0.568361 0.810031 -0.144273
    outer loop
      vertex 20.065257 32.733436 7.957662
      vertex 19.041281 32.014959 7.957662
      vertex 18.745301 31.972878 8.887401
    endloop
  endfacet
  facet normal -0.568361 0.810031 -0.144273
    outer loop
      vertex 20.065257 32.733436 7.957662
      vertex 18.745301 31.972878 8.887401
      vertex 19.819283 32.726442 8.887401
    endloop
  endfacet
  facet normal 0.567380 -0.808633 0.155542
    outer loop
      vertex 21.191977 32.320733 7.647215
      vertex 21.852597 32.784259 7.647215
      vertex 21.607183 32.777281 8.506152
    endloop
  endfacet
  facet normal 0.567380 -0.808633 0.155542
    outer loop
      vertex 21.191977 32.320733 7.647215
      vertex 21.607183 32.777281 8.506152
      vertex 20.896671 32.278748 8.506152
    endloop
  endfacet
  facet normal -0.408104 -0.896871 -0.170512
    outer loop
      vertex 19.041281 32.014959 7.957662
      vertex 19.984237 31.585885 7.957662
      vertex 19.734306 31.522850 8.887401
    endloop
  endfacet
  facet normal -0.408104 -0.896871 -0.170512
    outer loop
      vertex 19.041281 32.014959 7.957662
      vertex 19.734306 31.522850 8.887401
      vertex 18.745301 31.972878 8.887401
    endloop
  endfacet
  facet normal 0.407121 0.894710 0.183703
    outer loop
      vertex 21.800327 32.043915 7.647215
      vertex 21.191977 32.320733 7.647215
      vertex 20.896671 32.278748 8.506152
    endloop
  endfacet
  facet normal 0.407121 0.894710 0.183703
    outer loop
      vertex 21.800327 32.043915 7.647215
      vertex 20.896671 32.278748 8.506152
      vertex 21.550965 31.981024 8.506152
    endloop
  endfacet
  facet normal -0.412981 -0.894417 -0.171656
    outer loop
      vertex 19.984237 31.585885 7.957662
      vertex 20.971021 31.130255 7.957662
      vertex 20.769279 31.044970 8.887401
    endloop
  endfacet
  facet normal -0.412981 -0.894417 -0.171656
    outer loop
      vertex 19.984237 31.585885 7.957662
      vertex 20.769279 31.044970 8.887401
      vertex 19.734306 31.522850 8.887401
    endloop
  endfacet
  facet normal 0.411972 0.892233 0.184930
    outer loop
      vertex 22.436952 31.749965 7.647215
      vertex 21.800327 32.043915 7.647215
      vertex 21.550965 31.981024 8.506152
    endloop
  endfacet
  facet normal 0.411972 0.892233 0.184930
    outer loop
      vertex 22.436952 31.749965 7.647215
      vertex 21.550965 31.981024 8.506152
      vertex 22.235669 31.664874 8.506152
    endloop
  endfacet
  facet normal -0.411434 -0.895180 -0.171391
    outer loop
      vertex 20.971021 31.130255 7.957662
      vertex 22.018793 30.648689 7.957662
      vertex 21.868219 30.539887 8.887401
    endloop
  endfacet
  facet normal -0.411434 -0.895180 -0.171391
    outer loop
      vertex 20.971021 31.130255 7.957662
      vertex 21.868219 30.539887 8.887401
      vertex 20.769279 31.044970 8.887401
    endloop
  endfacet
  facet normal 0.410432 0.893001 0.184646
    outer loop
      vertex 23.112924 31.439282 7.647215
      vertex 22.436952 31.749965 7.647215
      vertex 22.235669 31.664874 8.506152
    endloop
  endfacet
  facet normal 0.410432 0.893001 0.184646
    outer loop
      vertex 23.112924 31.439282 7.647215
      vertex 22.235669 31.664874 8.506152
      vertex 22.962692 31.330728 8.506152
    endloop
  endfacet
  facet normal -0.393174 -0.903719 -0.169433
    outer loop
      vertex 22.018793 30.648689 7.957662
      vertex 23.144728 30.158837 7.957662
      vertex 23.049138 30.026114 8.887401
    endloop
  endfacet
  facet normal -0.393174 -0.903719 -0.169433
    outer loop
      vertex 22.018793 30.648689 7.957662
      vertex 23.049138 30.026114 8.887401
      vertex 21.868219 30.539887 8.887401
    endloop
  endfacet
  facet normal 0.392238 0.901569 0.182546
    outer loop
      vertex 23.839322 31.123253 7.647215
      vertex 23.112924 31.439282 7.647215
      vertex 22.962692 31.330728 8.506152
    endloop
  endfacet
  facet normal 0.392238 0.901569 0.182546
    outer loop
      vertex 23.839322 31.123253 7.647215
      vertex 22.962692 31.330728 8.506152
      vertex 23.743950 30.990832 8.506152
    endloop
  endfacet
  facet normal -0.350544 -0.921432 -0.167578
    outer loop
      vertex 23.144728 30.158837 7.957662
      vertex 24.336322 29.705514 7.957662
      vertex 24.298923 29.550653 8.887401
    endloop
  endfacet
  facet normal -0.350544 -0.921432 -0.167578
    outer loop
      vertex 23.144728 30.158837 7.957662
      vertex 24.298923 29.550653 8.887401
      vertex 23.049138 30.026114 8.887401
    endloop
  endfacet
  facet normal 0.349728 0.919287 0.180558
    outer loop
      vertex 24.608081 30.830792 7.647215
      vertex 23.839322 31.123253 7.647215
      vertex 23.743950 30.990832 8.506152
    endloop
  endfacet
  facet normal 0.349728 0.919287 0.180558
    outer loop
      vertex 24.608081 30.830792 7.647215
      vertex 23.743950 30.990832 8.506152
      vertex 24.570766 30.676283 8.506152
    endloop
  endfacet
  facet normal -0.300785 -0.938697 -0.168452
    outer loop
      vertex 24.336322 29.705514 7.957662
      vertex 25.529098 29.323315 7.957662
      vertex 25.549947 29.149790 8.887401
    endloop
  endfacet
  facet normal -0.300785 -0.938697 -0.168452
    outer loop
      vertex 24.336322 29.705514 7.957662
      vertex 25.549947 29.149790 8.887401
      vertex 24.298923 29.550653 8.887401
    endloop
  endfacet
  facet normal 0.300078 0.936490 0.181495
    outer loop
      vertex 25.377602 30.584215 7.647215
      vertex 24.608081 30.830792 7.647215
      vertex 24.570766 30.676283 8.506152
    endloop
  endfacet
  facet normal 0.300078 0.936490 0.181495
    outer loop
      vertex 25.377602 30.584215 7.647215
      vertex 24.570766 30.676283 8.506152
      vertex 25.398403 30.411085 8.506152
    endloop
  endfacet
  facet normal -0.271548 -0.947168 -0.170689
    outer loop
      vertex 25.529098 29.323315 7.957662
      vertex 26.665705 28.997457 7.957662
      vertex 26.742059 28.808018 8.887401
    endloop
  endfacet
  facet normal -0.271548 -0.947168 -0.170689
    outer loop
      vertex 25.529098 29.323315 7.957662
      vertex 26.742059 28.808018 8.887401
      vertex 25.549947 29.149790 8.887401
    endloop
  endfacet
  facet normal 0.270892 0.944881 0.183893
    outer loop
      vertex 26.110885 30.373987 7.647215
      vertex 25.377602 30.584215 7.647215
      vertex 25.398403 30.411085 8.506152
    endloop
  endfacet
  facet normal 0.270892 0.944881 0.183893
    outer loop
      vertex 26.110885 30.373987 7.647215
      vertex 25.398403 30.411085 8.506152
      vertex 26.187066 30.184980 8.506152
    endloop
  endfacet
  facet normal -0.264467 -0.948997 -0.171643
    outer loop
      vertex 26.665705 28.997457 7.957662
      vertex 27.735753 28.699255 7.957662
      vertex 27.864363 28.495254 8.887401
    endloop
  endfacet
  facet normal -0.264467 -0.948997 -0.171643
    outer loop
      vertex 26.665705 28.997457 7.957662
      vertex 27.864363 28.495254 8.887401
      vertex 26.742059 28.808018 8.887401
    endloop
  endfacet
  facet normal 0.263822 0.946681 0.184916
    outer loop
      vertex 26.801228 30.181602 7.647215
      vertex 26.110885 30.373987 7.647215
      vertex 26.187066 30.184980 8.506152
    endloop
  endfacet
  facet normal 0.263822 0.946681 0.184916
    outer loop
      vertex 26.801228 30.181602 7.647215
      vertex 26.187066 30.184980 8.506152
      vertex 26.929545 29.978065 8.506152
    endloop
  endfacet
  facet normal 0.967559 -0.183152 -0.174028
    outer loop
      vertex 27.735753 28.699255 7.957662
      vertex 27.939152 29.773778 7.957662
      vertex 28.077695 29.622250 8.887401
    endloop
  endfacet
  facet normal 0.967559 -0.183152 -0.174028
    outer loop
      vertex 27.735753 28.699255 7.957662
      vertex 28.077695 29.622250 8.887401
      vertex 27.864363 28.495254 8.887401
    endloop
  endfacet
  facet normal -0.965131 0.182692 0.187473
    outer loop
      vertex 26.932451 30.874832 7.647215
      vertex 26.801228 30.181602 7.647215
      vertex 26.929545 29.978065 8.506152
    endloop
  endfacet
  facet normal -0.965131 0.182692 0.187473
    outer loop
      vertex 26.932451 30.874832 7.647215
      vertex 26.929545 29.978065 8.506152
      vertex 27.070679 30.723649 8.506152
    endloop
  endfacet
  facet normal 0.969178 -0.175393 -0.173005
    outer loop
      vertex 27.939152 29.773778 7.957662
      vertex 28.146090 30.917266 7.957662
      vertex 28.294738 30.821581 8.887401
    endloop
  endfacet
  facet normal 0.969178 -0.175393 -0.173005
    outer loop
      vertex 27.939152 29.773778 7.957662
      vertex 28.294738 30.821581 8.887401
      vertex 28.077695 29.622250 8.887401
    endloop
  endfacet
  facet normal -0.966775 0.174958 0.186376
    outer loop
      vertex 27.065957 31.612555 7.647215
      vertex 26.932451 30.874832 7.647215
      vertex 27.070679 30.723649 8.506152
    endloop
  endfacet
  facet normal -0.966775 0.174958 0.186376
    outer loop
      vertex 27.065957 31.612555 7.647215
      vertex 27.070679 30.723649 8.506152
      vertex 27.214267 31.517087 8.506152
    endloop
  endfacet
  facet normal 0.974445 -0.145881 -0.170809
    outer loop
      vertex 28.146090 30.917266 7.957662
      vertex 28.327945 32.132014 7.957662
      vertex 28.485474 32.095650 8.887401
    endloop
  endfacet
  facet normal 0.974445 -0.145881 -0.170809
    outer loop
      vertex 28.146090 30.917266 7.957662
      vertex 28.485474 32.095650 8.887401
      vertex 28.294738 30.821581 8.887401
    endloop
  endfacet
  facet normal -0.972089 0.145528 0.184023
    outer loop
      vertex 27.183282 32.396251 7.647215
      vertex 27.065957 31.612555 7.647215
      vertex 27.214267 31.517087 8.506152
    endloop
  endfacet
  facet normal -0.972089 0.145528 0.184023
    outer loop
      vertex 27.183282 32.396251 7.647215
      vertex 27.214267 31.517087 8.506152
      vertex 27.340452 32.359970 8.506152
    endloop
  endfacet
  facet normal 0.980835 -0.095347 -0.169916
    outer loop
      vertex 28.327945 32.132014 7.957662
      vertex 28.448927 33.376562 7.957662
      vertex 28.612364 33.400975 8.887401
    endloop
  endfacet
  facet normal 0.980835 -0.095347 -0.169916
    outer loop
      vertex 28.327945 32.132014 7.957662
      vertex 28.612364 33.400975 8.887401
      vertex 28.485474 32.095650 8.887401
    endloop
  endfacet
  facet normal -0.978489 0.095118 0.183064
    outer loop
      vertex 27.261333 33.199173 7.647215
      vertex 27.183282 32.396251 7.647215
      vertex 27.340452 32.359970 8.506152
    endloop
  endfacet
  facet normal -0.978489 0.095118 0.183064
    outer loop
      vertex 27.261333 33.199173 7.647215
      vertex 27.340452 32.359970 8.506152
      vertex 27.424399 33.223530 8.506152
    endloop
  endfacet
  facet normal 0.983898 -0.049811 -0.171650
    outer loop
      vertex 28.448927 33.376562 7.957662
      vertex 28.510005 34.583003 7.957662
      vertex 28.676425 34.666331 8.887401
    endloop
  endfacet
  facet normal 0.983898 -0.049811 -0.171650
    outer loop
      vertex 28.448927 33.376562 7.957662
      vertex 28.676425 34.666331 8.887401
      vertex 28.612364 33.400975 8.887401
    endloop
  endfacet
  facet normal -0.981496 0.049690 0.184923
    outer loop
      vertex 27.300738 33.977510 7.647215
      vertex 27.261333 33.199173 7.647215
      vertex 27.424399 33.223530 8.506152
    endloop
  endfacet
  facet normal -0.981496 0.049690 0.184923
    outer loop
      vertex 27.300738 33.977510 7.647215
      vertex 27.424399 33.223530 8.506152
      vertex 27.466779 34.060648 8.506152
    endloop
  endfacet
  facet normal 0.984395 -0.028480 -0.173650
    outer loop
      vertex 28.510005 34.583003 7.957662
      vertex 28.542898 35.719909 7.957662
      vertex 28.710924 35.858757 8.887401
    endloop
  endfacet
  facet normal 0.984395 -0.028480 -0.173650
    outer loop
      vertex 28.510005 34.583003 7.957662
      vertex 28.710924 35.858757 8.887401
      vertex 28.676425 34.666331 8.887401
    endloop
  endfacet
  facet normal -0.981936 0.028409 0.187068
    outer loop
      vertex 27.321959 34.710986 7.647215
      vertex 27.300738 33.977510 7.647215
      vertex 27.466779 34.060648 8.506152
    endloop
  endfacet
  facet normal -0.981936 0.028409 0.187068
    outer loop
      vertex 27.321959 34.710986 7.647215
      vertex 27.466779 34.060648 8.506152
      vertex 27.489602 34.849518 8.506152
    endloop
  endfacet
  facet normal 0.984398 -0.025507 -0.174095
    outer loop
      vertex 28.542898 35.719909 7.957662
      vertex 28.570692 36.792573 7.957662
      vertex 28.740075 36.983804 8.887401
    endloop
  endfacet
  facet normal 0.984398 -0.025507 -0.174095
    outer loop
      vertex 28.542898 35.719909 7.957662
      vertex 28.740075 36.983804 8.887401
      vertex 28.710924 35.858757 8.887401
    endloop
  endfacet
  facet normal -0.981926 0.025443 0.187545
    outer loop
      vertex 27.339890 35.403017 7.647215
      vertex 27.321959 34.710986 7.647215
      vertex 27.489602 34.849518 8.506152
    endloop
  endfacet
  facet normal -0.981926 0.025443 0.187545
    outer loop
      vertex 27.339890 35.403017 7.647215
      vertex 27.489602 34.849518 8.506152
      vertex 27.508888 35.593813 8.506152
    endloop
  endfacet
  facet normal 0.984435 -0.030248 -0.173127
    outer loop
      vertex 28.570692 36.792573 7.957662
      vertex 28.602104 37.814911 7.957662
      vertex 28.773022 38.056068 8.887401
    endloop
  endfacet
  facet normal 0.984435 -0.030248 -0.173127
    outer loop
      vertex 28.570692 36.792573 7.957662
      vertex 28.773022 38.056068 8.887401
      vertex 28.740075 36.983804 8.887401
    endloop
  endfacet
  facet normal -0.981990 0.030172 0.186507
    outer loop
      vertex 27.360156 36.062580 7.647215
      vertex 27.339890 35.403017 7.647215
      vertex 27.508888 35.593813 8.506152
    endloop
  endfacet
  facet normal -0.981990 0.030172 0.186507
    outer loop
      vertex 27.360156 36.062580 7.647215
      vertex 27.508888 35.593813 8.506152
      vertex 27.530684 36.303188 8.506152
    endloop
  endfacet
  facet normal -0.449970 0.870125 -0.201019
    outer loop
      vertex 28.773022 38.056068 8.887401
      vertex 27.604022 37.451539 8.887401
      vertex 27.768302 37.751942 9.819980
    endloop
  endfacet
  facet normal -0.449970 0.870125 -0.201019
    outer loop
      vertex 28.773022 38.056068 8.887401
      vertex 27.768302 37.751942 9.819980
      vertex 29.014063 38.396166 9.819980
    endloop
  endfacet
  facet normal 0.448317 -0.866927 0.217828
    outer loop
      vertex 26.757312 35.903252 8.506152
      vertex 27.530684 36.303188 8.506152
      vertex 27.772379 36.644208 9.365930
    endloop
  endfacet
  facet normal 0.448317 -0.866927 0.217828
    outer loop
      vertex 26.757312 35.903252 8.506152
      vertex 27.772379 36.644208 9.365930
      vertex 26.922038 36.204469 9.365930
    endloop
  endfacet
  facet normal -0.440906 0.874088 -0.203893
    outer loop
      vertex 27.604022 37.451539 8.887401
      vertex 26.355234 36.821629 8.887401
      vertex 26.437515 37.080670 9.819980
    endloop
  endfacet
  facet normal -0.440906 0.874088 -0.203893
    outer loop
      vertex 27.604022 37.451539 8.887401
      vertex 26.437515 37.080670 9.819980
      vertex 27.768302 37.751942 9.819980
    endloop
  endfacet
  facet normal 0.439239 -0.870784 0.220919
    outer loop
      vertex 25.931155 35.486523 8.506152
      vertex 26.757312 35.903252 8.506152
      vertex 26.922038 36.204469 9.365930
    endloop
  endfacet
  facet normal 0.439239 -0.870784 0.220919
    outer loop
      vertex 25.931155 35.486523 8.506152
      vertex 26.922038 36.204469 9.365930
      vertex 26.013659 35.746267 9.365930
    endloop
  endfacet
  facet normal -0.441341 0.873890 -0.203799
    outer loop
      vertex 26.355234 36.821629 8.887401
      vertex 24.997535 36.135950 8.887401
      vertex 24.990665 36.349966 9.819980
    endloop
  endfacet
  facet normal -0.441341 0.873890 -0.203799
    outer loop
      vertex 26.355234 36.821629 8.887401
      vertex 24.990665 36.349966 9.819980
      vertex 26.437515 37.080670 9.819980
    endloop
  endfacet
  facet normal 0.439674 -0.870589 0.220818
    outer loop
      vertex 25.032946 35.032900 8.506152
      vertex 25.931155 35.486523 8.506152
      vertex 26.013659 35.746267 9.365930
    endloop
  endfacet
  facet normal 0.439674 -0.870589 0.220818
    outer loop
      vertex 25.032946 35.032900 8.506152
      vertex 26.013659 35.746267 9.365930
      vertex 25.026057 35.247497 9.365930
    endloop
  endfacet
  facet normal -0.477317 0.855694 -0.199889
    outer loop
      vertex 24.997535 36.135950 8.887401
      vertex 23.553248 35.330307 8.887401
      vertex 23.451541 35.491423 9.819980
    endloop
  endfacet
  facet normal -0.477317 0.855694 -0.199889
    outer loop
      vertex 24.997535 36.135950 8.887401
      vertex 23.451541 35.491423 9.819980
      vertex 24.990665 36.349966 9.819980
    endloop
  endfacet
  facet normal 0.475583 -0.852585 0.216612
    outer loop
      vertex 24.077452 34.499914 8.506152
      vertex 25.032946 35.032900 8.506152
      vertex 25.026057 35.247497 9.365930
    endloop
  endfacet
  facet normal 0.475583 -0.852585 0.216612
    outer loop
      vertex 24.077452 34.499914 8.506152
      vertex 25.026057 35.247497 9.365930
      vertex 23.975469 34.661466 9.365930
    endloop
  endfacet
  facet normal -0.541065 0.816822 -0.200125
    outer loop
      vertex 23.553248 35.330307 8.887401
      vertex 22.179371 34.420246 8.887401
      vertex 21.987450 34.521604 9.819980
    endloop
  endfacet
  facet normal -0.541065 0.816822 -0.200125
    outer loop
      vertex 23.553248 35.330307 8.887401
      vertex 21.987450 34.521604 9.819980
      vertex 23.451541 35.491423 9.819980
    endloop
  endfacet
  facet normal 0.539095 -0.813846 0.216867
    outer loop
      vertex 23.168540 33.897847 8.506152
      vertex 24.077452 34.499914 8.506152
      vertex 23.975469 34.661466 9.365930
    endloop
  endfacet
  facet normal 0.539095 -0.813846 0.216867
    outer loop
      vertex 23.168540 33.897847 8.506152
      vertex 23.975469 34.661466 9.365930
      vertex 22.976098 33.999479 9.365930
    endloop
  endfacet
  facet normal -0.571129 0.795119 -0.203954
    outer loop
      vertex 22.179371 34.420246 8.887401
      vertex 20.951027 33.537935 8.887401
      vertex 20.678448 33.581357 9.819980
    endloop
  endfacet
  facet normal -0.571129 0.795119 -0.203954
    outer loop
      vertex 22.179371 34.420246 8.887401
      vertex 20.678448 33.581357 9.819980
      vertex 21.987450 34.521604 9.819980
    endloop
  endfacet
  facet normal 0.568968 -0.792112 0.220984
    outer loop
      vertex 22.355908 33.314139 8.506152
      vertex 23.168540 33.897847 8.506152
      vertex 22.976098 33.999479 9.365930
    endloop
  endfacet
  facet normal 0.568968 -0.792112 0.220984
    outer loop
      vertex 22.355908 33.314139 8.506152
      vertex 22.976098 33.999479 9.365930
      vertex 22.082590 33.357678 9.365930
    endloop
  endfacet
  facet normal -0.570485 0.795623 -0.203789
    outer loop
      vertex 20.951027 33.537935 8.887401
      vertex 19.819283 32.726442 8.887401
      vertex 19.472390 32.716578 9.819980
    endloop
  endfacet
  facet normal -0.570485 0.795623 -0.203789
    outer loop
      vertex 20.951027 33.537935 8.887401
      vertex 19.472390 32.716578 9.819980
      vertex 20.678448 33.581357 9.819980
    endloop
  endfacet
  facet normal 0.568331 -0.792619 0.220807
    outer loop
      vertex 21.607183 32.777281 8.506152
      vertex 22.355908 33.314139 8.506152
      vertex 22.082590 33.357678 9.365930
    endloop
  endfacet
  facet normal 0.568331 -0.792619 0.220807
    outer loop
      vertex 21.607183 32.777281 8.506152
      vertex 22.082590 33.357678 9.365930
      vertex 21.259349 32.767390 9.365930
    endloop
  endfacet
  facet normal -0.562670 0.801920 -0.200815
    outer loop
      vertex 19.819283 32.726442 8.887401
      vertex 18.745301 31.972878 8.887401
      vertex 18.327887 31.913533 9.819980
    endloop
  endfacet
  facet normal -0.562670 0.801920 -0.200815
    outer loop
      vertex 19.819283 32.726442 8.887401
      vertex 18.327887 31.913533 9.819980
      vertex 19.472390 32.716578 9.819980
    endloop
  endfacet
  facet normal 0.560606 -0.798979 0.217609
    outer loop
      vertex 20.896671 32.278748 8.506152
      vertex 21.607183 32.777281 8.506152
      vertex 21.259349 32.767390 9.365930
    endloop
  endfacet
  facet normal 0.560606 -0.798979 0.217609
    outer loop
      vertex 20.896671 32.278748 8.506152
      vertex 21.259349 32.767390 9.365930
      vertex 20.478125 32.219241 9.365930
    endloop
  endfacet
  facet normal -0.402429 -0.884400 -0.236404
    outer loop
      vertex 18.745301 31.972878 8.887401
      vertex 19.734306 31.522850 8.887401
      vertex 19.381834 31.433954 9.819980
    endloop
  endfacet
  facet normal -0.402429 -0.884400 -0.236404
    outer loop
      vertex 18.745301 31.972878 8.887401
      vertex 19.381834 31.433954 9.819980
      vertex 18.327887 31.913533 9.819980
    endloop
  endfacet
  facet normal 0.400388 0.879914 0.255812
    outer loop
      vertex 21.550965 31.981024 8.506152
      vertex 20.896671 32.278748 8.506152
      vertex 20.478125 32.219241 9.365930
    endloop
  endfacet
  facet normal 0.400388 0.879914 0.255812
    outer loop
      vertex 21.550965 31.981024 8.506152
      vertex 20.478125 32.219241 9.365930
      vertex 21.197536 31.891887 9.365930
    endloop
  endfacet
  facet normal -0.407163 -0.881816 -0.237946
    outer loop
      vertex 19.734306 31.522850 8.887401
      vertex 20.769279 31.044970 8.887401
      vertex 20.484767 30.924695 9.819980
    endloop
  endfacet
  facet normal -0.407163 -0.881816 -0.237946
    outer loop
      vertex 19.734306 31.522850 8.887401
      vertex 20.484767 30.924695 9.819980
      vertex 19.381834 31.433954 9.819980
    endloop
  endfacet
  facet normal 0.405071 0.877285 0.257465
    outer loop
      vertex 22.235669 31.664874 8.506152
      vertex 21.550965 31.981024 8.506152
      vertex 21.197536 31.891887 9.365930
    endloop
  endfacet
  facet normal 0.405071 0.877285 0.257465
    outer loop
      vertex 22.235669 31.664874 8.506152
      vertex 21.197536 31.891887 9.365930
      vertex 21.950385 31.544273 9.365930
    endloop
  endfacet
  facet normal -0.405655 -0.882607 -0.237588
    outer loop
      vertex 20.769279 31.044970 8.887401
      vertex 21.868219 30.539887 8.887401
      vertex 21.655866 30.386446 9.819980
    endloop
  endfacet
  facet normal -0.405655 -0.882607 -0.237588
    outer loop
      vertex 20.769279 31.044970 8.887401
      vertex 21.655866 30.386446 9.819980
      vertex 20.484767 30.924695 9.819980
    endloop
  endfacet
  facet normal 0.403577 0.878086 0.257081
    outer loop
      vertex 22.962692 31.330728 8.506152
      vertex 22.235669 31.664874 8.506152
      vertex 21.950385 31.544273 9.365930
    endloop
  endfacet
  facet normal 0.403577 0.878086 0.257081
    outer loop
      vertex 22.962692 31.330728 8.506152
      vertex 21.950385 31.544273 9.365930
      vertex 22.749763 31.176871 9.365930
    endloop
  endfacet
  facet normal -0.387774 -0.891308 -0.234948
    outer loop
      vertex 21.868219 30.539887 8.887401
      vertex 23.049138 30.026114 8.887401
      vertex 22.914329 29.838937 9.819980
    endloop
  endfacet
  facet normal -0.387774 -0.891308 -0.234948
    outer loop
      vertex 21.868219 30.539887 8.887401
      vertex 22.914329 29.838937 9.819980
      vertex 21.655866 30.386446 9.819980
    endloop
  endfacet
  facet normal 0.385831 0.886842 0.254253
    outer loop
      vertex 23.743950 30.990832 8.506152
      vertex 22.962692 31.330728 8.506152
      vertex 22.749763 31.176871 9.365930
    endloop
  endfacet
  facet normal 0.385831 0.886842 0.254253
    outer loop
      vertex 23.743950 30.990832 8.506152
      vertex 22.749763 31.176871 9.365930
      vertex 23.608775 30.803147 9.365930
    endloop
  endfacet
  facet normal -0.345833 -0.909048 -0.232446
    outer loop
      vertex 23.049138 30.026114 8.887401
      vertex 24.298923 29.550653 8.887401
      vertex 24.246179 29.332256 9.819980
    endloop
  endfacet
  facet normal -0.345833 -0.909048 -0.232446
    outer loop
      vertex 23.049138 30.026114 8.887401
      vertex 24.246179 29.332256 9.819980
      vertex 22.914329 29.838937 9.819980
    endloop
  endfacet
  facet normal 0.344136 0.904589 0.251572
    outer loop
      vertex 24.570766 30.676283 8.506152
      vertex 23.743950 30.990832 8.506152
      vertex 23.608775 30.803147 9.365930
    endloop
  endfacet
  facet normal 0.344136 0.904589 0.251572
    outer loop
      vertex 24.570766 30.676283 8.506152
      vertex 23.608775 30.803147 9.365930
      vertex 24.517880 30.457293 9.365930
    endloop
  endfacet
  facet normal -0.296701 -0.925952 -0.233626
    outer loop
      vertex 24.298923 29.550653 8.887401
      vertex 25.549947 29.149790 8.887401
      vertex 25.579350 28.905070 9.819980
    endloop
  endfacet
  facet normal -0.296701 -0.925952 -0.233626
    outer loop
      vertex 24.298923 29.550653 8.887401
      vertex 25.579350 28.905070 9.819980
      vertex 24.246179 29.332256 9.819980
    endloop
  endfacet
  facet normal 0.295231 0.921364 0.252837
    outer loop
      vertex 25.398403 30.411085 8.506152
      vertex 24.570766 30.676283 8.506152
      vertex 24.517880 30.457293 9.365930
    endloop
  endfacet
  facet normal 0.295231 0.921364 0.252837
    outer loop
      vertex 25.398403 30.411085 8.506152
      vertex 24.517880 30.457293 9.365930
      vertex 25.427886 30.165701 9.365930
    endloop
  endfacet
  facet normal -0.267764 -0.933971 -0.236643
    outer loop
      vertex 25.549947 29.149790 8.887401
      vertex 26.742059 28.808018 8.887401
      vertex 26.849740 28.540857 9.819980
    endloop
  endfacet
  facet normal -0.267764 -0.933971 -0.236643
    outer loop
      vertex 25.549947 29.149790 8.887401
      vertex 26.849740 28.540857 9.819980
      vertex 25.579350 28.905070 9.819980
    endloop
  endfacet
  facet normal 0.266403 0.929225 0.256068
    outer loop
      vertex 26.187066 30.184980 8.506152
      vertex 25.398403 30.411085 8.506152
      vertex 25.427886 30.165701 9.365930
    endloop
  endfacet
  facet normal 0.266403 0.929225 0.256068
    outer loop
      vertex 26.187066 30.184980 8.506152
      vertex 25.427886 30.165701 9.365930
      vertex 26.295039 29.917094 9.365930
    endloop
  endfacet
  facet normal -0.260742 -0.935630 -0.237929
    outer loop
      vertex 26.742059 28.808018 8.887401
      vertex 27.864363 28.495254 8.887401
      vertex 28.045738 28.207555 9.819980
    endloop
  endfacet
  facet normal -0.260742 -0.935630 -0.237929
    outer loop
      vertex 26.742059 28.808018 8.887401
      vertex 28.045738 28.207555 9.819980
      vertex 26.849740 28.540857 9.819980
    endloop
  endfacet
  facet normal 0.259402 0.930823 0.257446
    outer loop
      vertex 26.929545 29.978065 8.506152
      vertex 26.187066 30.184980 8.506152
      vertex 26.295039 29.917094 9.365930
    endloop
  endfacet
  facet normal 0.259402 0.930823 0.257446
    outer loop
      vertex 26.929545 29.978065 8.506152
      vertex 26.295039 29.917094 9.365930
      vertex 27.111413 29.689586 9.365930
    endloop
  endfacet
  facet normal 0.953557 -0.180501 -0.241140
    outer loop
      vertex 27.864363 28.495254 8.887401
      vertex 28.077695 29.622250 8.887401
      vertex 28.273078 29.408554 9.819980
    endloop
  endfacet
  facet normal 0.953557 -0.180501 -0.241140
    outer loop
      vertex 27.864363 28.495254 8.887401
      vertex 28.273078 29.408554 9.819980
      vertex 28.045738 28.207555 9.819980
    endloop
  endfacet
  facet normal -0.948526 0.179549 0.260884
    outer loop
      vertex 27.070679 30.723649 8.506152
      vertex 26.929545 29.978065 8.506152
      vertex 27.111413 29.689586 9.365930
    endloop
  endfacet
  facet normal -0.948526 0.179549 0.260884
    outer loop
      vertex 27.070679 30.723649 8.506152
      vertex 27.111413 29.689586 9.365930
      vertex 27.266592 30.509373 9.365930
    endloop
  endfacet
  facet normal 0.955314 -0.172884 -0.239763
    outer loop
      vertex 28.077695 29.622250 8.887401
      vertex 28.294738 30.821581 8.887401
      vertex 28.504374 30.686637 9.819980
    endloop
  endfacet
  facet normal 0.955314 -0.172884 -0.239763
    outer loop
      vertex 28.077695 29.622250 8.887401
      vertex 28.504374 30.686637 9.819980
      vertex 28.273078 29.408554 9.819980
    endloop
  endfacet
  facet normal -0.950331 0.171982 0.259409
    outer loop
      vertex 27.214267 31.517087 8.506152
      vertex 27.070679 30.723649 8.506152
      vertex 27.266592 30.509373 9.365930
    endloop
  endfacet
  facet normal -0.950331 0.171982 0.259409
    outer loop
      vertex 27.214267 31.517087 8.506152
      vertex 27.266592 30.509373 9.365930
      vertex 27.424472 31.381777 9.365930
    endloop
  endfacet
  facet normal 0.960850 -0.143845 -0.236805
    outer loop
      vertex 28.294738 30.821581 8.887401
      vertex 28.485474 32.095650 8.887401
      vertex 28.707634 32.044366 9.819980
    endloop
  endfacet
  facet normal 0.960850 -0.143845 -0.236805
    outer loop
      vertex 28.294738 30.821581 8.887401
      vertex 28.707634 32.044366 9.819980
      vertex 28.504374 30.686637 9.819980
    endloop
  endfacet
  facet normal -0.955959 0.143113 0.256242
    outer loop
      vertex 27.340452 32.359970 8.506152
      vertex 27.214267 31.517087 8.506152
      vertex 27.424472 31.381777 9.365930
    endloop
  endfacet
  facet normal -0.955959 0.143113 0.256242
    outer loop
      vertex 27.340452 32.359970 8.506152
      vertex 27.424472 31.381777 9.365930
      vertex 27.563215 32.308547 9.365930
    endloop
  endfacet
  facet normal 0.967291 -0.094030 -0.235600
    outer loop
      vertex 28.485474 32.095650 8.887401
      vertex 28.612364 33.400975 8.887401
      vertex 28.842857 33.435403 9.819980
    endloop
  endfacet
  facet normal 0.967291 -0.094030 -0.235600
    outer loop
      vertex 28.485474 32.095650 8.887401
      vertex 28.842857 33.435403 9.819980
      vertex 28.707634 32.044366 9.819980
    endloop
  endfacet
  facet normal -0.962417 0.093556 0.254951
    outer loop
      vertex 27.424399 33.223530 8.506152
      vertex 27.340452 32.359970 8.506152
      vertex 27.563215 32.308547 9.365930
    endloop
  endfacet
  facet normal -0.962417 0.093556 0.254951
    outer loop
      vertex 27.424399 33.223530 8.506152
      vertex 27.563215 32.308547 9.365930
      vertex 27.655516 33.258052 9.365930
    endloop
  endfacet
  facet normal 0.970038 -0.049110 -0.237937
    outer loop
      vertex 28.612364 33.400975 8.887401
      vertex 28.676425 34.666331 8.887401
      vertex 28.911124 34.783847 9.819980
    endloop
  endfacet
  facet normal 0.970038 -0.049110 -0.237937
    outer loop
      vertex 28.612364 33.400975 8.887401
      vertex 28.911124 34.783847 9.819980
      vertex 28.842857 33.435403 9.819980
    endloop
  endfacet
  facet normal -0.965054 0.048857 0.257455
    outer loop
      vertex 27.466779 34.060648 8.506152
      vertex 27.424399 33.223530 8.506152
      vertex 27.655516 33.258052 9.365930
    endloop
  endfacet
  facet normal -0.965054 0.048857 0.257455
    outer loop
      vertex 27.466779 34.060648 8.506152
      vertex 27.655516 33.258052 9.365930
      vertex 27.702114 34.178483 9.365930
    endloop
  endfacet
  facet normal 0.970210 -0.028070 -0.240632
    outer loop
      vertex 28.676425 34.666331 8.887401
      vertex 28.710924 35.858757 8.887401
      vertex 28.947888 36.054572 9.819980
    endloop
  endfacet
  facet normal 0.970210 -0.028070 -0.240632
    outer loop
      vertex 28.676425 34.666331 8.887401
      vertex 28.947888 36.054572 9.819980
      vertex 28.911124 34.783847 9.819980
    endloop
  endfacet
  facet normal -0.965113 0.027922 0.260340
    outer loop
      vertex 27.489602 34.849518 8.506152
      vertex 27.466779 34.060648 8.506152
      vertex 27.702114 34.178483 9.365930
    endloop
  endfacet
  facet normal -0.965113 0.027922 0.260340
    outer loop
      vertex 27.489602 34.849518 8.506152
      vertex 27.702114 34.178483 9.365930
      vertex 27.727209 35.045865 9.365930
    endloop
  endfacet
  facet normal 0.970142 -0.025138 -0.241230
    outer loop
      vertex 28.710924 35.858757 8.887401
      vertex 28.740075 36.983804 8.887401
      vertex 28.978953 37.253494 9.819980
    endloop
  endfacet
  facet normal 0.970142 -0.025138 -0.241230
    outer loop
      vertex 28.710924 35.858757 8.887401
      vertex 28.978953 37.253494 9.819980
      vertex 28.947888 36.054572 9.819980
    endloop
  endfacet
  facet normal -0.965020 0.025005 0.260981
    outer loop
      vertex 27.508888 35.593813 8.506152
      vertex 27.489602 34.849518 8.506152
      vertex 27.727209 35.045865 9.365930
    endloop
  endfacet
  facet normal -0.965020 0.025005 0.260981
    outer loop
      vertex 27.508888 35.593813 8.506152
      vertex 27.727209 35.045865 9.365930
      vertex 27.748414 35.864234 9.365930
    endloop
  endfacet
  facet normal 0.970333 -0.029814 -0.239927
    outer loop
      vertex 28.740075 36.983804 8.887401
      vertex 28.773022 38.056068 8.887401
      vertex 29.014063 38.396166 9.819980
    endloop
  endfacet
  facet normal 0.970333 -0.029814 -0.239927
    outer loop
      vertex 28.740075 36.983804 8.887401
      vertex 29.014063 38.396166 9.819980
      vertex 28.978953 37.253494 9.819980
    endloop
  endfacet
  facet normal -0.965265 0.029659 0.259585
    outer loop
      vertex 27.530684 36.303188 8.506152
      vertex 27.508888 35.593813 8.506152
      vertex 27.748414 35.864234 9.365930
    endloop
  endfacet
  facet normal -0.965265 0.029659 0.259585
    outer loop
      vertex 27.530684 36.303188 8.506152
      vertex 27.748414 35.864234 9.365930
      vertex 27.772379 36.644208 9.365930
    endloop
  endfacet
  facet normal -0.443554 0.857718 -0.259961
    outer loop
      vertex 29.014063 38.396166 9.819980
      vertex 27.768302 37.751942 9.819980
      vertex 27.983972 38.146314 10.753191
    endloop
  endfacet
  facet normal -0.443554 0.857718 -0.259961
    outer loop
      vertex 29.014063 38.396166 9.819980
      vertex 27.983972 38.146314 10.753191
      vertex 29.330505 38.842650 10.753191
    endloop
  endfacet
  facet normal 0.440977 -0.852734 0.279971
    outer loop
      vertex 26.922038 36.204469 9.365930
      vertex 27.772379 36.644208 9.365930
      vertex 28.088265 37.089908 10.225895
    endloop
  endfacet
  facet normal 0.440977 -0.852734 0.279971
    outer loop
      vertex 26.922038 36.204469 9.365930
      vertex 28.088265 37.089908 10.225895
      vertex 27.137329 36.598148 10.225895
    endloop
  endfacet
  facet normal -0.434442 0.861273 -0.263570
    outer loop
      vertex 27.768302 37.751942 9.819980
      vertex 26.437515 37.080670 9.819980
      vertex 26.545535 37.420741 10.753191
    endloop
  endfacet
  facet normal -0.434442 0.861273 -0.263570
    outer loop
      vertex 27.768302 37.751942 9.819980
      vertex 26.545535 37.420741 10.753191
      vertex 27.983972 38.146314 10.753191
    endloop
  endfacet
  facet normal 0.431847 -0.856130 0.283811
    outer loop
      vertex 26.013659 35.746267 9.365930
      vertex 26.922038 36.204469 9.365930
      vertex 27.137329 36.598148 10.225895
    endloop
  endfacet
  facet normal 0.431847 -0.856130 0.283811
    outer loop
      vertex 26.013659 35.746267 9.365930
      vertex 27.137329 36.598148 10.225895
      vertex 26.121489 36.085740 10.225895
    endloop
  endfacet
  facet normal -0.434877 0.861090 -0.263452
    outer loop
      vertex 26.437515 37.080670 9.819980
      vertex 24.990665 36.349966 9.819980
      vertex 24.981646 36.630929 10.753191
    endloop
  endfacet
  facet normal -0.434877 0.861090 -0.263452
    outer loop
      vertex 26.437515 37.080670 9.819980
      vertex 24.981646 36.630929 10.753191
      vertex 26.545535 37.420741 10.753191
    endloop
  endfacet
  facet normal 0.432282 -0.855952 0.283686
    outer loop
      vertex 25.026057 35.247497 9.365930
      vertex 26.013659 35.746267 9.365930
      vertex 26.121489 36.085740 10.225895
    endloop
  endfacet
  facet normal 0.432282 -0.855952 0.283686
    outer loop
      vertex 25.026057 35.247497 9.365930
      vertex 26.121489 36.085740 10.225895
      vertex 25.017053 35.527966 10.225895
    endloop
  endfacet
  facet normal -0.470586 0.843627 -0.258540
    outer loop
      vertex 24.990665 36.349966 9.819980
      vertex 23.451541 35.491423 9.819980
      vertex 23.318018 35.702936 10.753191
    endloop
  endfacet
  facet normal -0.470586 0.843627 -0.258540
    outer loop
      vertex 24.990665 36.349966 9.819980
      vertex 23.318018 35.702936 10.753191
      vertex 24.981646 36.630929 10.753191
    endloop
  endfacet
  facet normal 0.467881 -0.838778 0.278458
    outer loop
      vertex 23.975469 34.661466 9.365930
      vertex 25.026057 35.247497 9.365930
      vertex 25.017053 35.527966 10.225895
    endloop
  endfacet
  facet normal 0.467881 -0.838778 0.278458
    outer loop
      vertex 23.975469 34.661466 9.365930
      vertex 25.017053 35.527966 10.225895
      vertex 23.842181 34.872607 10.225895
    endloop
  endfacet
  facet normal -0.533417 0.805276 -0.258838
    outer loop
      vertex 23.451541 35.491423 9.819980
      vertex 21.987450 34.521604 9.819980
      vertex 21.735494 34.654667 10.753191
    endloop
  endfacet
  facet normal -0.533417 0.805276 -0.258838
    outer loop
      vertex 23.451541 35.491423 9.819980
      vertex 21.735494 34.654667 10.753191
      vertex 23.318018 35.702936 10.753191
    endloop
  endfacet
  facet normal 0.530345 -0.800637 0.278774
    outer loop
      vertex 22.976098 33.999479 9.365930
      vertex 23.975469 34.661466 9.365930
      vertex 23.842181 34.872607 10.225895
    endloop
  endfacet
  facet normal 0.530345 -0.800637 0.278774
    outer loop
      vertex 22.976098 33.999479 9.365930
      vertex 23.842181 34.872607 10.225895
      vertex 22.724585 34.132308 10.225895
    endloop
  endfacet
  facet normal -0.562751 0.783455 -0.263646
    outer loop
      vertex 21.987450 34.521604 9.819980
      vertex 20.678448 33.581357 9.819980
      vertex 20.320605 33.638361 10.753191
    endloop
  endfacet
  facet normal -0.562751 0.783455 -0.263646
    outer loop
      vertex 21.987450 34.521604 9.819980
      vertex 20.320605 33.638361 10.753191
      vertex 21.735494 34.654667 10.753191
    endloop
  endfacet
  facet normal 0.559388 -0.778775 0.283892
    outer loop
      vertex 22.082590 33.357678 9.365930
      vertex 22.976098 33.999479 9.365930
      vertex 22.724585 34.132308 10.225895
    endloop
  endfacet
  facet normal 0.559388 -0.778775 0.283892
    outer loop
      vertex 22.082590 33.357678 9.365930
      vertex 22.724585 34.132308 10.225895
      vertex 21.725375 33.414582 10.225895
    endloop
  endfacet
  facet normal -0.562130 0.783970 -0.263439
    outer loop
      vertex 20.678448 33.581357 9.819980
      vertex 19.472390 32.716578 9.819980
      vertex 19.016986 32.703628 10.753191
    endloop
  endfacet
  facet normal -0.562130 0.783970 -0.263439
    outer loop
      vertex 20.678448 33.581357 9.819980
      vertex 19.016986 32.703628 10.753191
      vertex 20.320605 33.638361 10.753191
    endloop
  endfacet
  facet normal 0.558777 -0.779294 0.283672
    outer loop
      vertex 21.259349 32.767390 9.365930
      vertex 22.082590 33.357678 9.365930
      vertex 21.725375 33.414582 10.225895
    endloop
  endfacet
  facet normal 0.558777 -0.779294 0.283672
    outer loop
      vertex 21.259349 32.767390 9.365930
      vertex 21.725375 33.414582 10.225895
      vertex 20.804745 32.754463 10.225895
    endloop
  endfacet
  facet normal -0.554663 0.790508 -0.259705
    outer loop
      vertex 19.472390 32.716578 9.819980
      vertex 18.327887 31.913533 9.819980
      vertex 17.779901 31.835623 10.753191
    endloop
  endfacet
  facet normal -0.554663 0.790508 -0.259705
    outer loop
      vertex 19.472390 32.716578 9.819980
      vertex 17.779901 31.835623 10.753191
      vertex 19.016986 32.703628 10.753191
    endloop
  endfacet
  facet normal 0.551446 -0.785924 0.279698
    outer loop
      vertex 20.478125 32.219241 9.365930
      vertex 21.259349 32.767390 9.365930
      vertex 20.804745 32.754463 10.225895
    endloop
  endfacet
  facet normal 0.551446 -0.785924 0.279698
    outer loop
      vertex 20.478125 32.219241 9.365930
      vertex 20.804745 32.754463 10.225895
      vertex 19.931102 32.141469 10.225895
    endloop
  endfacet
  facet normal -0.394557 -0.867100 -0.304076
    outer loop
      vertex 18.327887 31.913533 9.819980
      vertex 19.381834 31.433954 9.819980
      vertex 18.919104 31.317251 10.753191
    endloop
  endfacet
  facet normal -0.394557 -0.867100 -0.304076
    outer loop
      vertex 18.327887 31.913533 9.819980
      vertex 18.919104 31.317251 10.753191
      vertex 17.779901 31.835623 10.753191
    endloop
  endfacet
  facet normal 0.391431 0.860229 0.326785
    outer loop
      vertex 21.197536 31.891887 9.365930
      vertex 20.478125 32.219241 9.365930
      vertex 19.931102 32.141469 10.225895
    endloop
  endfacet
  facet normal 0.391431 0.860229 0.326785
    outer loop
      vertex 21.197536 31.891887 9.365930
      vertex 19.931102 32.141469 10.225895
      vertex 20.735620 31.775388 10.225895
    endloop
  endfacet
  facet normal -0.399097 -0.864347 -0.305983
    outer loop
      vertex 19.381834 31.433954 9.819980
      vertex 20.484767 30.924695 9.819980
      vertex 20.111256 30.766796 10.753191
    endloop
  endfacet
  facet normal -0.399097 -0.864347 -0.305983
    outer loop
      vertex 19.381834 31.433954 9.819980
      vertex 20.111256 30.766796 10.753191
      vertex 18.919104 31.317251 10.753191
    endloop
  endfacet
  facet normal 0.395895 0.857413 0.328801
    outer loop
      vertex 21.950385 31.544273 9.365930
      vertex 21.197536 31.891887 9.365930
      vertex 20.735620 31.775388 10.225895
    endloop
  endfacet
  facet normal 0.395895 0.857413 0.328801
    outer loop
      vertex 21.950385 31.544273 9.365930
      vertex 20.735620 31.775388 10.225895
      vertex 21.577530 31.386652 10.225895
    endloop
  endfacet
  facet normal -0.397642 -0.865174 -0.305540
    outer loop
      vertex 20.484767 30.924695 9.819980
      vertex 21.655866 30.386446 9.819980
      vertex 21.377088 30.185007 10.753191
    endloop
  endfacet
  facet normal -0.397642 -0.865174 -0.305540
    outer loop
      vertex 20.484767 30.924695 9.819980
      vertex 21.377088 30.185007 10.753191
      vertex 20.111256 30.766796 10.753191
    endloop
  endfacet
  facet normal 0.394461 0.858253 0.328334
    outer loop
      vertex 22.749763 31.176871 9.365930
      vertex 21.950385 31.544273 9.365930
      vertex 21.577530 31.386652 10.225895
    endloop
  endfacet
  facet normal 0.394461 0.858253 0.328334
    outer loop
      vertex 22.749763 31.176871 9.365930
      vertex 21.577530 31.386652 10.225895
      vertex 22.471475 30.975786 10.225895
    endloop
  endfacet
  facet normal -0.380279 -0.874081 -0.302276
    outer loop
      vertex 21.655866 30.386446 9.819980
      vertex 22.914329 29.838937 9.819980
      vertex 22.737350 29.593209 10.753191
    endloop
  endfacet
  facet normal -0.380279 -0.874081 -0.302276
    outer loop
      vertex 21.655866 30.386446 9.819980
      vertex 22.737350 29.593209 10.753191
      vertex 21.377088 30.185007 10.753191
    endloop
  endfacet
  facet normal 0.377301 0.867235 0.324881
    outer loop
      vertex 23.608775 30.803147 9.365930
      vertex 22.749763 31.176871 9.365930
      vertex 22.471475 30.975786 10.225895
    endloop
  endfacet
  facet normal 0.377301 0.867235 0.324881
    outer loop
      vertex 23.608775 30.803147 9.365930
      vertex 22.471475 30.975786 10.225895
      vertex 23.432107 30.557851 10.225895
    endloop
  endfacet
  facet normal -0.339286 -0.891839 -0.299178
    outer loop
      vertex 22.914329 29.838937 9.819980
      vertex 24.246179 29.332256 9.819980
      vertex 24.176937 29.045541 10.753191
    endloop
  endfacet
  facet normal -0.339286 -0.891839 -0.299178
    outer loop
      vertex 22.914329 29.838937 9.819980
      vertex 24.176937 29.045541 10.753191
      vertex 22.737350 29.593209 10.753191
    endloop
  endfacet
  facet normal 0.336682 0.884995 0.321602
    outer loop
      vertex 24.517880 30.457293 9.365930
      vertex 23.608775 30.803147 9.365930
      vertex 23.432107 30.557851 10.225895
    endloop
  endfacet
  facet normal 0.336682 0.884995 0.321602
    outer loop
      vertex 24.517880 30.457293 9.365930
      vertex 23.432107 30.557851 10.225895
      vertex 24.448759 30.171083 10.225895
    endloop
  endfacet
  facet normal -0.291029 -0.908250 -0.300639
    outer loop
      vertex 24.246179 29.332256 9.819980
      vertex 25.579350 28.905070 9.819980
      vertex 25.617950 28.583800 10.753191
    endloop
  endfacet
  facet normal -0.291029 -0.908250 -0.300639
    outer loop
      vertex 24.246179 29.332256 9.819980
      vertex 25.617950 28.583800 10.753191
      vertex 24.176937 29.045541 10.753191
    endloop
  endfacet
  facet normal 0.288774 0.901213 0.323149
    outer loop
      vertex 25.427886 30.165701 9.365930
      vertex 24.517880 30.457293 9.365930
      vertex 24.448759 30.171083 10.225895
    endloop
  endfacet
  facet normal 0.288774 0.901213 0.323149
    outer loop
      vertex 25.427886 30.165701 9.365930
      vertex 24.448759 30.171083 10.225895
      vertex 25.466418 29.844996 10.225895
    endloop
  endfacet
  facet normal -0.262516 -0.915665 -0.304372
    outer loop
      vertex 25.579350 28.905070 9.819980
      vertex 26.849740 28.540857 9.819980
      vertex 26.991105 28.190124 10.753191
    endloop
  endfacet
  facet normal -0.262516 -0.915665 -0.304372
    outer loop
      vertex 25.579350 28.905070 9.819980
      vertex 26.991105 28.190124 10.753191
      vertex 25.617950 28.583800 10.753191
    endloop
  endfacet
  facet normal 0.260432 0.908396 0.327098
    outer loop
      vertex 26.295039 29.917094 9.365930
      vertex 25.427886 30.165701 9.365930
      vertex 25.466418 29.844996 10.225895
    endloop
  endfacet
  facet normal 0.260432 0.908396 0.327098
    outer loop
      vertex 26.295039 29.917094 9.365930
      vertex 25.466418 29.844996 10.225895
      vertex 26.436155 29.566978 10.225895
    endloop
  endfacet
  facet normal -0.255577 -0.917098 -0.305961
    outer loop
      vertex 26.849740 28.540857 9.819980
      vertex 28.045738 28.207555 9.819980
      vertex 28.283850 27.829861 10.753191
    endloop
  endfacet
  facet normal -0.255577 -0.917098 -0.305961
    outer loop
      vertex 26.849740 28.540857 9.819980
      vertex 28.283850 27.829861 10.753191
      vertex 26.991105 28.190124 10.753191
    endloop
  endfacet
  facet normal 0.253527 0.909741 0.328778
    outer loop
      vertex 27.111413 29.689586 9.365930
      vertex 26.295039 29.917094 9.365930
      vertex 26.436155 29.566978 10.225895
    endloop
  endfacet
  facet normal 0.253527 0.909741 0.328778
    outer loop
      vertex 27.111413 29.689586 9.365930
      vertex 26.436155 29.566978 10.225895
      vertex 27.349106 29.312556 10.225895
    endloop
  endfacet
  facet normal 0.934172 -0.176832 -0.309925
    outer loop
      vertex 28.045738 28.207555 9.819980
      vertex 28.273078 29.408554 9.819980
      vertex 28.529580 29.128012 10.753191
    endloop
  endfacet
  facet normal 0.934172 -0.176832 -0.309925
    outer loop
      vertex 28.045738 28.207555 9.819980
      vertex 28.529580 29.128012 10.753191
      vertex 28.283850 27.829861 10.753191
    endloop
  endfacet
  facet normal -0.926485 0.175377 0.332969
    outer loop
      vertex 27.266592 30.509373 9.365930
      vertex 27.111413 29.689586 9.365930
      vertex 27.349106 29.312556 10.225895
    endloop
  endfacet
  facet normal -0.926485 0.175377 0.332969
    outer loop
      vertex 27.266592 30.509373 9.365930
      vertex 27.349106 29.312556 10.225895
      vertex 27.522643 30.229324 10.225895
    endloop
  endfacet
  facet normal 0.936108 -0.169408 -0.308226
    outer loop
      vertex 28.273078 29.408554 9.819980
      vertex 28.504374 30.686637 9.819980
      vertex 28.779585 30.509481 10.753191
    endloop
  endfacet
  facet normal 0.936108 -0.169408 -0.308226
    outer loop
      vertex 28.273078 29.408554 9.819980
      vertex 28.779585 30.509481 10.753191
      vertex 28.529580 29.128012 10.753191
    endloop
  endfacet
  facet normal -0.928489 0.168029 0.331172
    outer loop
      vertex 27.424472 31.381777 9.365930
      vertex 27.266592 30.509373 9.365930
      vertex 27.522643 30.229324 10.225895
    endloop
  endfacet
  facet normal -0.928489 0.168029 0.331172
    outer loop
      vertex 27.424472 31.381777 9.365930
      vertex 27.522643 30.229324 10.225895
      vertex 27.699200 31.204933 10.225895
    endloop
  endfacet
  facet normal 0.941992 -0.141022 -0.304572
    outer loop
      vertex 28.504374 30.686637 9.819980
      vertex 28.707634 32.044366 9.819980
      vertex 28.999288 31.977040 10.753191
    endloop
  endfacet
  facet normal 0.941992 -0.141022 -0.304572
    outer loop
      vertex 28.504374 30.686637 9.819980
      vertex 28.999288 31.977040 10.753191
      vertex 28.779585 30.509481 10.753191
    endloop
  endfacet
  facet normal -0.934503 0.139901 0.327310
    outer loop
      vertex 27.563215 32.308547 9.365930
      vertex 27.424472 31.381777 9.365930
      vertex 27.699200 31.204933 10.225895
    endloop
  endfacet
  facet normal -0.934503 0.139901 0.327310
    outer loop
      vertex 27.563215 32.308547 9.365930
      vertex 27.699200 31.204933 10.225895
      vertex 27.854356 32.241339 10.225895
    endloop
  endfacet
  facet normal 0.948493 -0.092203 -0.303082
    outer loop
      vertex 28.707634 32.044366 9.819980
      vertex 28.842857 33.435403 9.819980
      vertex 29.145449 33.480601 10.753191
    endloop
  endfacet
  facet normal 0.948493 -0.092203 -0.303082
    outer loop
      vertex 28.707634 32.044366 9.819980
      vertex 29.145449 33.480601 10.753191
      vertex 28.999288 31.977040 10.753191
    endloop
  endfacet
  facet normal -0.941026 0.091477 0.325733
    outer loop
      vertex 27.655516 33.258052 9.365930
      vertex 27.563215 32.308547 9.365930
      vertex 27.854356 32.241339 10.225895
    endloop
  endfacet
  facet normal -0.941026 0.091477 0.325733
    outer loop
      vertex 27.655516 33.258052 9.365930
      vertex 27.854356 32.241339 10.225895
      vertex 27.957576 33.303170 10.225895
    endloop
  endfacet
  facet normal 0.950823 -0.048137 -0.305972
    outer loop
      vertex 28.842857 33.435403 9.819980
      vertex 28.911124 34.783847 9.819980
      vertex 29.219238 34.938123 10.753191
    endloop
  endfacet
  facet normal 0.950823 -0.048137 -0.305972
    outer loop
      vertex 28.842857 33.435403 9.819980
      vertex 29.219238 34.938123 10.753191
      vertex 29.145449 33.480601 10.753191
    endloop
  endfacet
  facet normal -0.943195 0.047751 0.328790
    outer loop
      vertex 27.702114 34.178483 9.365930
      vertex 27.655516 33.258052 9.365930
      vertex 27.957576 33.303170 10.225895
    endloop
  endfacet
  facet normal -0.943195 0.047751 0.328790
    outer loop
      vertex 27.702114 34.178483 9.365930
      vertex 27.957576 33.303170 10.225895
      vertex 28.009687 34.332488 10.225895
    endloop
  endfacet
  facet normal 0.950567 -0.027502 -0.309299
    outer loop
      vertex 28.911124 34.783847 9.819980
      vertex 28.947888 36.054572 9.819980
      vertex 29.258976 36.311639 10.753191
    endloop
  endfacet
  facet normal 0.950567 -0.027502 -0.309299
    outer loop
      vertex 28.911124 34.783847 9.819980
      vertex 29.258976 36.311639 10.753191
      vertex 29.219238 34.938123 10.753191
    endloop
  endfacet
  facet normal -0.942777 0.027276 0.332307
    outer loop
      vertex 27.727209 35.045865 9.365930
      vertex 27.702114 34.178483 9.365930
      vertex 28.009687 34.332488 10.225895
    endloop
  endfacet
  facet normal -0.942777 0.027276 0.332307
    outer loop
      vertex 27.727209 35.045865 9.365930
      vertex 28.009687 34.332488 10.225895
      vertex 28.037751 35.302481 10.225895
    endloop
  endfacet
  facet normal 0.950406 -0.024626 -0.310037
    outer loop
      vertex 28.947888 36.054572 9.819980
      vertex 28.978953 37.253494 9.819980
      vertex 29.292555 37.607545 10.753191
    endloop
  endfacet
  facet normal 0.950406 -0.024626 -0.310037
    outer loop
      vertex 28.947888 36.054572 9.819980
      vertex 29.292555 37.607545 10.753191
      vertex 29.258976 36.311639 10.753191
    endloop
  endfacet
  facet normal -0.942580 0.024423 0.333087
    outer loop
      vertex 27.748414 35.864234 9.365930
      vertex 27.727209 35.045865 9.365930
      vertex 28.037751 35.302481 10.225895
    endloop
  endfacet
  facet normal -0.942580 0.024423 0.333087
    outer loop
      vertex 27.748414 35.864234 9.365930
      vertex 28.037751 35.302481 10.225895
      vertex 28.061464 36.217663 10.225895
    endloop
  endfacet
  facet normal 0.950799 -0.029214 -0.308428
    outer loop
      vertex 28.978953 37.253494 9.819980
      vertex 29.014063 38.396166 9.819980
      vertex 29.330505 38.842650 10.753191
    endloop
  endfacet
  facet normal 0.950799 -0.029214 -0.308428
    outer loop
      vertex 28.978953 37.253494 9.819980
      vertex 29.330505 38.842650 10.753191
      vertex 29.292555 37.607545 10.753191
    endloop
  endfacet
  facet normal -0.943050 0.028976 0.331387
    outer loop
      vertex 27.772379 36.644208 9.365930
      vertex 27.748414 35.864234 9.365930
      vertex 28.061464 36.217663 10.225895
    endloop
  endfacet
  facet normal -0.943050 0.028976 0.331387
    outer loop
      vertex 27.772379 36.644208 9.365930
      vertex 28.061464 36.217663 10.225895
      vertex 28.088265 37.089908 10.225895
    endloop
  endfacet
  facet normal -0.435865 0.842848 -0.315640
    outer loop
      vertex 29.330505 38.842650 10.753191
      vertex 27.983972 38.146314 10.753191
      vertex 28.250002 38.632775 11.684823
    endloop
  endfacet
  facet normal -0.435865 0.842848 -0.315640
    outer loop
      vertex 29.330505 38.842650 10.753191
      vertex 28.250002 38.632775 11.684823
      vertex 29.720839 39.393393 11.684823
    endloop
  endfacet
  facet normal 0.432119 -0.835605 0.339172
    outer loop
      vertex 27.137329 36.598148 10.225895
      vertex 28.088265 37.089908 10.225895
      vertex 28.478578 37.640622 11.085393
    endloop
  endfacet
  facet normal 0.432119 -0.835605 0.339172
    outer loop
      vertex 27.137329 36.598148 10.225895
      vertex 28.478578 37.640622 11.085393
      vertex 27.403345 37.084583 11.085393
    endloop
  endfacet
  facet normal -0.426705 0.845936 -0.319867
    outer loop
      vertex 27.983972 38.146314 10.753191
      vertex 26.545535 37.420741 10.753191
      vertex 26.678778 37.840222 11.684823
    endloop
  endfacet
  facet normal -0.426705 0.845936 -0.319867
    outer loop
      vertex 27.983972 38.146314 10.753191
      vertex 26.678778 37.840222 11.684823
      vertex 28.250002 38.632775 11.684823
    endloop
  endfacet
  facet normal 0.422940 -0.838472 0.343635
    outer loop
      vertex 26.121489 36.085740 10.225895
      vertex 27.137329 36.598148 10.225895
      vertex 27.403345 37.084583 11.085393
    endloop
  endfacet
  facet normal 0.422940 -0.838472 0.343635
    outer loop
      vertex 26.121489 36.085740 10.225895
      vertex 27.403345 37.084583 11.085393
      vertex 26.254724 36.505199 11.085393
    endloop
  endfacet
  facet normal -0.427139 0.845769 -0.319730
    outer loop
      vertex 26.545535 37.420741 10.753191
      vertex 24.981646 36.630929 10.753191
      vertex 24.970520 36.977500 11.684823
    endloop
  endfacet
  facet normal -0.427139 0.845769 -0.319730
    outer loop
      vertex 26.545535 37.420741 10.753191
      vertex 24.970520 36.977500 11.684823
      vertex 26.678778 37.840222 11.684823
    endloop
  endfacet
  facet normal 0.423374 -0.838313 0.343490
    outer loop
      vertex 25.017053 35.527966 10.225895
      vertex 26.121489 36.085740 10.225895
      vertex 26.254724 36.505199 11.085393
    endloop
  endfacet
  facet normal 0.423374 -0.838313 0.343490
    outer loop
      vertex 25.017053 35.527966 10.225895
      vertex 26.254724 36.505199 11.085393
      vertex 25.005928 35.874518 11.085393
    endloop
  endfacet
  facet normal -0.462514 0.829157 -0.313973
    outer loop
      vertex 24.981646 36.630929 10.753191
      vertex 23.318018 35.702936 10.753191
      vertex 23.153317 35.963840 11.684823
    endloop
  endfacet
  facet normal -0.462514 0.829157 -0.313973
    outer loop
      vertex 24.981646 36.630929 10.753191
      vertex 23.153317 35.963840 11.684823
      vertex 24.970520 36.977500 11.684823
    endloop
  endfacet
  facet normal 0.458581 -0.822105 0.337411
    outer loop
      vertex 23.842181 34.872607 10.225895
      vertex 25.017053 35.527966 10.225895
      vertex 25.005928 35.874518 11.085393
    endloop
  endfacet
  facet normal 0.458581 -0.822105 0.337411
    outer loop
      vertex 23.842181 34.872607 10.225895
      vertex 25.005928 35.874518 11.085393
      vertex 23.677489 35.133498 11.085393
    endloop
  endfacet
  facet normal -0.524248 0.791433 -0.314322
    outer loop
      vertex 23.318018 35.702936 10.753191
      vertex 21.735494 34.654667 10.753191
      vertex 21.424703 34.818801 11.684823
    endloop
  endfacet
  facet normal -0.524248 0.791433 -0.314322
    outer loop
      vertex 23.318018 35.702936 10.753191
      vertex 21.424703 34.818801 11.684823
      vertex 23.153317 35.963840 11.684823
    endloop
  endfacet
  facet normal 0.519779 -0.784687 0.337780
    outer loop
      vertex 22.724585 34.132308 10.225895
      vertex 23.842181 34.872607 10.225895
      vertex 23.677489 35.133498 11.085393
    endloop
  endfacet
  facet normal 0.519779 -0.784687 0.337780
    outer loop
      vertex 22.724585 34.132308 10.225895
      vertex 23.677489 35.133498 11.085393
      vertex 22.413811 34.296434 11.085393
    endloop
  endfacet
  facet normal -0.552724 0.769496 -0.319957
    outer loop
      vertex 21.735494 34.654667 10.753191
      vertex 20.320605 33.638361 10.753191
      vertex 19.879200 33.708677 11.684823
    endloop
  endfacet
  facet normal -0.552724 0.769496 -0.319957
    outer loop
      vertex 21.735494 34.654667 10.753191
      vertex 19.879200 33.708677 11.684823
      vertex 21.424703 34.818801 11.684823
    endloop
  endfacet
  facet normal 0.547845 -0.762703 0.343730
    outer loop
      vertex 21.725375 33.414582 10.225895
      vertex 22.724585 34.132308 10.225895
      vertex 22.413811 34.296434 11.085393
    endloop
  endfacet
  facet normal 0.547845 -0.762703 0.343730
    outer loop
      vertex 21.725375 33.414582 10.225895
      vertex 22.413811 34.296434 11.085393
      vertex 21.283994 33.484894 11.085393
    endloop
  endfacet
  facet normal -0.552129 0.770023 -0.319715
    outer loop
      vertex 20.320605 33.638361 10.753191
      vertex 19.016986 32.703628 10.753191
      vertex 18.455240 32.687655 11.684823
    endloop
  endfacet
  facet normal -0.552129 0.770023 -0.319715
    outer loop
      vertex 20.320605 33.638361 10.753191
      vertex 18.455240 32.687655 11.684823
      vertex 19.879200 33.708677 11.684823
    endloop
  endfacet
  facet normal 0.547263 -0.763236 0.343474
    outer loop
      vertex 20.804745 32.754463 10.225895
      vertex 21.725375 33.414582 10.225895
      vertex 21.283994 33.484894 11.085393
    endloop
  endfacet
  facet normal 0.547263 -0.763236 0.343474
    outer loop
      vertex 20.804745 32.754463 10.225895
      vertex 21.283994 33.484894 11.085393
      vertex 20.243029 32.738491 11.085393
    endloop
  endfacet
  facet normal -0.545066 0.776830 -0.315339
    outer loop
      vertex 19.016986 32.703628 10.753191
      vertex 17.779901 31.835623 10.753191
      vertex 17.103955 31.739521 11.684823
    endloop
  endfacet
  facet normal -0.545066 0.776830 -0.315339
    outer loop
      vertex 19.016986 32.703628 10.753191
      vertex 17.103955 31.739521 11.684823
      vertex 18.455240 32.687655 11.684823
    endloop
  endfacet
  facet normal 0.540390 -0.770167 0.338854
    outer loop
      vertex 19.931102 32.141469 10.225895
      vertex 20.804745 32.754463 10.225895
      vertex 20.243029 32.738491 11.085393
    endloop
  endfacet
  facet normal 0.540390 -0.770167 0.338854
    outer loop
      vertex 19.931102 32.141469 10.225895
      vertex 20.243029 32.738491 11.085393
      vertex 19.255192 32.045372 11.085393
    endloop
  endfacet
  facet normal -0.385287 -0.846727 -0.366889
    outer loop
      vertex 17.779901 31.835623 10.753191
      vertex 18.919104 31.317251 10.753191
      vertex 18.348322 31.173295 11.684823
    endloop
  endfacet
  facet normal -0.385287 -0.846727 -0.366889
    outer loop
      vertex 17.779901 31.835623 10.753191
      vertex 18.348322 31.173295 11.684823
      vertex 17.103955 31.739521 11.684823
    endloop
  endfacet
  facet normal 0.380833 0.836940 0.393063
    outer loop
      vertex 20.735620 31.775388 10.225895
      vertex 19.931102 32.141469 10.225895
      vertex 19.255192 32.045372 11.085393
    endloop
  endfacet
  facet normal 0.380833 0.836940 0.393063
    outer loop
      vertex 20.735620 31.775388 10.225895
      vertex 19.255192 32.045372 11.085393
      vertex 20.164868 31.631441 11.085393
    endloop
  endfacet
  facet normal -0.389606 -0.843793 -0.369082
    outer loop
      vertex 18.919104 31.317251 10.753191
      vertex 20.111256 30.766796 10.753191
      vertex 19.650526 30.572026 11.684823
    endloop
  endfacet
  facet normal -0.389606 -0.843793 -0.369082
    outer loop
      vertex 18.919104 31.317251 10.753191
      vertex 19.650526 30.572026 11.684823
      vertex 18.348322 31.173295 11.684823
    endloop
  endfacet
  facet normal 0.385049 0.833924 0.395357
    outer loop
      vertex 21.577530 31.386652 10.225895
      vertex 20.735620 31.775388 10.225895
      vertex 20.164868 31.631441 11.085393
    endloop
  endfacet
  facet normal 0.385049 0.833924 0.395357
    outer loop
      vertex 21.577530 31.386652 10.225895
      vertex 20.164868 31.631441 11.085393
      vertex 21.116825 31.191892 11.085393
    endloop
  endfacet
  facet normal -0.388212 -0.844657 -0.368573
    outer loop
      vertex 20.111256 30.766796 10.753191
      vertex 21.377088 30.185007 10.753191
      vertex 21.033212 29.936530 11.684823
    endloop
  endfacet
  facet normal -0.388212 -0.844657 -0.368573
    outer loop
      vertex 20.111256 30.766796 10.753191
      vertex 21.033212 29.936530 11.684823
      vertex 19.650526 30.572026 11.684823
    endloop
  endfacet
  facet normal 0.383684 0.834805 0.394825
    outer loop
      vertex 22.471475 30.975786 10.225895
      vertex 21.577530 31.386652 10.225895
      vertex 21.116825 31.191892 11.085393
    endloop
  endfacet
  facet normal 0.383684 0.834805 0.394825
    outer loop
      vertex 22.471475 30.975786 10.225895
      vertex 21.116825 31.191892 11.085393
      vertex 22.127617 30.727322 11.085393
    endloop
  endfacet
  facet normal -0.371446 -0.853778 -0.364817
    outer loop
      vertex 21.377088 30.185007 10.753191
      vertex 22.737350 29.593209 10.753191
      vertex 22.519045 29.290101 11.684823
    endloop
  endfacet
  facet normal -0.371446 -0.853778 -0.364817
    outer loop
      vertex 21.377088 30.185007 10.753191
      vertex 22.519045 29.290101 11.684823
      vertex 21.033212 29.936530 11.684823
    endloop
  endfacet
  facet normal 0.367200 0.844018 0.390894
    outer loop
      vertex 23.432107 30.557851 10.225895
      vertex 22.471475 30.975786 10.225895
      vertex 22.127617 30.727322 11.085393
    endloop
  endfacet
  facet normal 0.367200 0.844018 0.390894
    outer loop
      vertex 23.432107 30.557851 10.225895
      vertex 22.127617 30.727322 11.085393
      vertex 23.213814 30.254760 11.085393
    endloop
  endfacet
  facet normal -0.331560 -0.871532 -0.361247
    outer loop
      vertex 22.737350 29.593209 10.753191
      vertex 24.176937 29.045541 10.753191
      vertex 24.091525 28.691876 11.684823
    endloop
  endfacet
  facet normal -0.331560 -0.871532 -0.361247
    outer loop
      vertex 22.737350 29.593209 10.753191
      vertex 24.091525 28.691876 11.684823
      vertex 22.519045 29.290101 11.684823
    endloop
  endfacet
  facet normal 0.327843 0.861760 0.387154
    outer loop
      vertex 24.448759 30.171083 10.225895
      vertex 23.432107 30.557851 10.225895
      vertex 23.213814 30.254760 11.085393
    endloop
  endfacet
  facet normal 0.327843 0.861760 0.387154
    outer loop
      vertex 24.448759 30.171083 10.225895
      vertex 23.213814 30.254760 11.085393
      vertex 24.363352 29.817436 11.085393
    endloop
  endfacet
  facet normal -0.284340 -0.887373 -0.362932
    outer loop
      vertex 24.176937 29.045541 10.753191
      vertex 25.617950 28.583800 10.753191
      vertex 25.665564 28.187509 11.684823
    endloop
  endfacet
  facet normal -0.284340 -0.887373 -0.362932
    outer loop
      vertex 24.176937 29.045541 10.753191
      vertex 25.665564 28.187509 11.684823
      vertex 24.091525 28.691876 11.684823
    endloop
  endfacet
  facet normal 0.281122 0.877332 0.388919
    outer loop
      vertex 25.466418 29.844996 10.225895
      vertex 24.448759 30.171083 10.225895
      vertex 24.363352 29.817436 11.085393
    endloop
  endfacet
  facet normal 0.281122 0.877332 0.388919
    outer loop
      vertex 25.466418 29.844996 10.225895
      vertex 24.363352 29.817436 11.085393
      vertex 25.514030 29.448726 11.085393
    endloop
  endfacet
  facet normal -0.256336 -0.894111 -0.367229
    outer loop
      vertex 25.617950 28.583800 10.753191
      vertex 26.991105 28.190124 10.753191
      vertex 27.165481 27.757492 11.684823
    endloop
  endfacet
  facet normal -0.256336 -0.894111 -0.367229
    outer loop
      vertex 25.617950 28.583800 10.753191
      vertex 27.165481 27.757492 11.684823
      vertex 25.665564 28.187509 11.684823
    endloop
  endfacet
  facet normal 0.253368 0.883757 0.393419
    outer loop
      vertex 26.436155 29.566978 10.225895
      vertex 25.466418 29.844996 10.225895
      vertex 25.514030 29.448726 11.085393
    endloop
  endfacet
  facet normal 0.253368 0.883757 0.393419
    outer loop
      vertex 26.436155 29.566978 10.225895
      vertex 25.514030 29.448726 11.085393
      vertex 26.610521 29.134369 11.085393
    endloop
  endfacet
  facet normal -0.249500 -0.895291 -0.369057
    outer loop
      vertex 26.991105 28.190124 10.753191
      vertex 28.283850 27.829861 10.753191
      vertex 28.577563 27.363972 11.684823
    endloop
  endfacet
  facet normal -0.249500 -0.895291 -0.369057
    outer loop
      vertex 26.991105 28.190124 10.753191
      vertex 28.577563 27.363972 11.684823
      vertex 27.165481 27.757492 11.684823
    endloop
  endfacet
  facet normal 0.246583 0.884822 0.395331
    outer loop
      vertex 27.349106 29.312556 10.225895
      vertex 26.436155 29.566978 10.225895
      vertex 26.610521 29.134369 11.085393
    endloop
  endfacet
  facet normal 0.246583 0.884822 0.395331
    outer loop
      vertex 27.349106 29.312556 10.225895
      vertex 26.610521 29.134369 11.085393
      vertex 27.642804 28.846692 11.085393
    endloop
  endfacet
  facet normal 0.911401 -0.172521 -0.373609
    outer loop
      vertex 28.283850 27.829861 10.753191
      vertex 28.529580 29.128012 10.753191
      vertex 28.845978 28.781959 11.684823
    endloop
  endfacet
  facet normal 0.911401 -0.172521 -0.373609
    outer loop
      vertex 28.283850 27.829861 10.753191
      vertex 28.845978 28.781959 11.684823
      vertex 28.577563 27.363972 11.684823
    endloop
  endfacet
  facet normal -0.900484 0.170455 0.400093
    outer loop
      vertex 27.522643 30.229324 10.225895
      vertex 27.349106 29.312556 10.225895
      vertex 27.642804 28.846692 11.085393
    endloop
  endfacet
  facet normal -0.900484 0.170455 0.400093
    outer loop
      vertex 27.522643 30.229324 10.225895
      vertex 27.642804 28.846692 11.085393
      vertex 27.839024 29.883290 11.085393
    endloop
  endfacet
  facet normal 0.913531 -0.165322 -0.371659
    outer loop
      vertex 28.529580 29.128012 10.753191
      vertex 28.779585 30.509481 10.753191
      vertex 29.119062 30.290958 11.684823
    endloop
  endfacet
  facet normal 0.913531 -0.165322 -0.371659
    outer loop
      vertex 28.529580 29.128012 10.753191
      vertex 29.119062 30.290958 11.684823
      vertex 28.845978 28.781959 11.684823
    endloop
  endfacet
  facet normal -0.902700 0.163362 0.398053
    outer loop
      vertex 27.699200 31.204933 10.225895
      vertex 27.522643 30.229324 10.225895
      vertex 27.839024 29.883290 11.085393
    endloop
  endfacet
  facet normal -0.902700 0.163362 0.398053
    outer loop
      vertex 27.699200 31.204933 10.225895
      vertex 27.839024 29.883290 11.085393
      vertex 28.038658 30.986421 11.085393
    endloop
  endfacet
  facet normal 0.919789 -0.137698 -0.367460
    outer loop
      vertex 28.779585 30.509481 10.753191
      vertex 28.999288 31.977040 10.753191
      vertex 29.359047 31.893992 11.684823
    endloop
  endfacet
  facet normal 0.919789 -0.137698 -0.367460
    outer loop
      vertex 28.779585 30.509481 10.753191
      vertex 29.359047 31.893992 11.684823
      vertex 29.119062 30.290958 11.684823
    endloop
  endfacet
  facet normal -0.909125 0.136102 0.393660
    outer loop
      vertex 27.854356 32.241339 10.225895
      vertex 27.699200 31.204933 10.225895
      vertex 28.038658 30.986421 11.085393
    endloop
  endfacet
  facet normal -0.909125 0.136102 0.393660
    outer loop
      vertex 27.854356 32.241339 10.225895
      vertex 28.038658 30.986421 11.085393
      vertex 28.214095 32.158296 11.085393
    endloop
  endfacet
  facet normal 0.926349 -0.090050 -0.365745
    outer loop
      vertex 28.999288 31.977040 10.753191
      vertex 29.145449 33.480601 10.753191
      vertex 29.518700 33.536352 11.684823
    endloop
  endfacet
  facet normal 0.926349 -0.090050 -0.365745
    outer loop
      vertex 28.999288 31.977040 10.753191
      vertex 29.518700 33.536352 11.684823
      vertex 29.359047 31.893992 11.684823
    endloop
  endfacet
  facet normal -0.915706 0.089015 0.391865
    outer loop
      vertex 27.957576 33.303170 10.225895
      vertex 27.854356 32.241339 10.225895
      vertex 28.214095 32.158296 11.085393
    endloop
  endfacet
  facet normal -0.915706 0.089015 0.391865
    outer loop
      vertex 27.957576 33.303170 10.225895
      vertex 28.214095 32.158296 11.085393
      vertex 28.330807 33.358919 11.085393
    endloop
  endfacet
  facet normal 0.928213 -0.046992 -0.369069
    outer loop
      vertex 29.145449 33.480601 10.753191
      vertex 29.219238 34.938123 10.753191
      vertex 29.599301 35.128424 11.684823
    endloop
  endfacet
  facet normal 0.928213 -0.046992 -0.369069
    outer loop
      vertex 29.145449 33.480601 10.753191
      vertex 29.599301 35.128424 11.684823
      vertex 29.518700 33.536352 11.684823
    endloop
  endfacet
  facet normal -0.917358 0.046443 0.395344
    outer loop
      vertex 28.009687 34.332488 10.225895
      vertex 27.957576 33.303170 10.225895
      vertex 28.330807 33.358919 11.085393
    endloop
  endfacet
  facet normal -0.917358 0.046443 0.395344
    outer loop
      vertex 28.009687 34.332488 10.225895
      vertex 28.330807 33.358919 11.085393
      vertex 28.389730 34.522779 11.085393
    endloop
  endfacet
  facet normal 0.927487 -0.026834 -0.372890
    outer loop
      vertex 29.219238 34.938123 10.753191
      vertex 29.258976 36.311639 10.753191
      vertex 29.642707 36.628735 11.684823
    endloop
  endfacet
  facet normal 0.927487 -0.026834 -0.372890
    outer loop
      vertex 29.219238 34.938123 10.753191
      vertex 29.642707 36.628735 11.684823
      vertex 29.599301 35.128424 11.684823
    endloop
  endfacet
  facet normal -0.916419 0.026514 0.399341
    outer loop
      vertex 28.037751 35.302481 10.225895
      vertex 28.009687 34.332488 10.225895
      vertex 28.389730 34.522779 11.085393
    endloop
  endfacet
  facet normal -0.916419 0.026514 0.399341
    outer loop
      vertex 28.037751 35.302481 10.225895
      vertex 28.389730 34.522779 11.085393
      vertex 28.421461 35.619559 11.085393
    endloop
  endfacet
  facet normal 0.927223 -0.024026 -0.373738
    outer loop
      vertex 29.258976 36.311639 10.753191
      vertex 29.292555 37.607545 10.753191
      vertex 29.679386 38.044271 11.684823
    endloop
  endfacet
  facet normal 0.927223 -0.024026 -0.373738
    outer loop
      vertex 29.258976 36.311639 10.753191
      vertex 29.679386 38.044271 11.684823
      vertex 29.642707 36.628735 11.684823
    endloop
  endfacet
  facet normal -0.916109 0.023738 0.400227
    outer loop
      vertex 28.061464 36.217663 10.225895
      vertex 28.037751 35.302481 10.225895
      vertex 28.421461 35.619559 11.085393
    endloop
  endfacet
  facet normal -0.916109 0.023738 0.400227
    outer loop
      vertex 28.061464 36.217663 10.225895
      vertex 28.421461 35.619559 11.085393
      vertex 28.448274 36.654366 11.085393
    endloop
  endfacet
  facet normal 0.927838 -0.028509 -0.371891
    outer loop
      vertex 29.292555 37.607545 10.753191
      vertex 29.330505 38.842650 10.753191
      vertex 29.720839 39.393393 11.684823
    endloop
  endfacet
  facet normal 0.927838 -0.028509 -0.371891
    outer loop
      vertex 29.292555 37.607545 10.753191
      vertex 29.720839 39.393393 11.684823
      vertex 29.679386 38.044271 11.684823
    endloop
  endfacet
  facet normal -0.916824 0.028170 0.398296
    outer loop
      vertex 28.088265 37.089908 10.225895
      vertex 28.061464 36.217663 10.225895
      vertex 28.448274 36.654366 11.085393
    endloop
  endfacet
  facet normal -0.916824 0.028170 0.398296
    outer loop
      vertex 28.088265 37.089908 10.225895
      vertex 28.448274 36.654366 11.085393
      vertex 28.478578 37.640622 11.085393
    endloop
  endfacet
  facet normal -0.428051 0.827740 -0.362794
    outer loop
      vertex 29.720839 39.393393 11.684823
      vertex 28.250002 38.632775 11.684823
      vertex 28.560091 39.199802 12.612669
    endloop
  endfacet
  facet normal -0.428051 0.827740 -0.362794
    outer loop
      vertex 29.720839 39.393393 11.684823
      vertex 28.560091 39.199802 12.612669
      vertex 30.175818 40.035348 12.612669
    endloop
  endfacet
  facet normal 0.423310 -0.818572 0.388263
    outer loop
      vertex 27.403345 37.084583 11.085393
      vertex 28.478578 37.640622 11.085393
      vertex 28.934086 38.283322 11.943769
    endloop
  endfacet
  facet normal 0.423310 -0.818572 0.388263
    outer loop
      vertex 27.403345 37.084583 11.085393
      vertex 28.934086 38.283322 11.943769
      vertex 27.713794 37.652269 11.943769
    endloop
  endfacet
  facet normal -0.418855 0.830374 -0.367477
    outer loop
      vertex 28.250002 38.632775 11.684823
      vertex 26.678778 37.840222 11.684823
      vertex 26.834087 38.329175 12.612669
    endloop
  endfacet
  facet normal -0.418855 0.830374 -0.367477
    outer loop
      vertex 28.250002 38.632775 11.684823
      vertex 26.834087 38.329175 12.612669
      vertex 28.560091 39.199802 12.612669
    endloop
  endfacet
  facet normal 0.414098 -0.820942 0.393162
    outer loop
      vertex 26.254724 36.505199 11.085393
      vertex 27.403345 37.084583 11.085393
      vertex 27.713794 37.652269 11.943769
    endloop
  endfacet
  facet normal 0.414098 -0.820942 0.393162
    outer loop
      vertex 26.254724 36.505199 11.085393
      vertex 27.713794 37.652269 11.943769
      vertex 26.410215 36.994720 11.943769
    endloop
  endfacet
  facet normal -0.419288 0.830223 -0.367325
    outer loop
      vertex 26.678778 37.840222 11.684823
      vertex 24.970520 36.977500 11.684823
      vertex 24.957552 37.381467 12.612669
    endloop
  endfacet
  facet normal -0.419288 0.830223 -0.367325
    outer loop
      vertex 26.678778 37.840222 11.684823
      vertex 24.957552 37.381467 12.612669
      vertex 26.834087 38.329175 12.612669
    endloop
  endfacet
  facet normal 0.414529 -0.820801 0.393003
    outer loop
      vertex 25.005928 35.874518 11.085393
      vertex 26.254724 36.505199 11.085393
      vertex 26.410215 36.994720 11.943769
    endloop
  endfacet
  facet normal 0.414529 -0.820801 0.393003
    outer loop
      vertex 25.005928 35.874518 11.085393
      vertex 26.410215 36.994720 11.943769
      vertex 24.992945 36.278956 11.943769
    endloop
  endfacet
  facet normal -0.454308 0.814446 -0.360945
    outer loop
      vertex 24.970520 36.977500 11.684823
      vertex 23.153317 35.963840 11.684823
      vertex 22.961338 36.267954 12.612669
    endloop
  endfacet
  facet normal -0.454308 0.814446 -0.360945
    outer loop
      vertex 24.970520 36.977500 11.684823
      vertex 22.961338 36.267954 12.612669
      vertex 24.957552 37.381467 12.612669
    endloop
  endfacet
  facet normal 0.449327 -0.805516 0.386328
    outer loop
      vertex 23.677489 35.133498 11.085393
      vertex 25.005928 35.874518 11.085393
      vertex 24.992945 36.278956 11.943769
    endloop
  endfacet
  facet normal 0.449327 -0.805516 0.386328
    outer loop
      vertex 23.677489 35.133498 11.085393
      vertex 24.992945 36.278956 11.943769
      vertex 23.485287 35.437965 11.943769
    endloop
  endfacet
  facet normal -0.514926 0.777361 -0.361332
    outer loop
      vertex 23.153317 35.963840 11.684823
      vertex 21.424703 34.818801 11.684823
      vertex 21.062442 35.010118 12.612669
    endloop
  endfacet
  facet normal -0.514926 0.777361 -0.361332
    outer loop
      vertex 23.153317 35.963840 11.684823
      vertex 21.062442 35.010118 12.612669
      vertex 22.961338 36.267954 12.612669
    endloop
  endfacet
  facet normal 0.509268 -0.768819 0.386733
    outer loop
      vertex 22.413811 34.296434 11.085393
      vertex 23.677489 35.133498 11.085393
      vertex 23.485287 35.437965 11.943769
    endloop
  endfacet
  facet normal 0.509268 -0.768819 0.386733
    outer loop
      vertex 22.413811 34.296434 11.085393
      vertex 23.485287 35.437965 11.943769
      vertex 22.051129 34.487974 11.943769
    endloop
  endfacet
  facet normal -0.542550 0.755333 -0.367576
    outer loop
      vertex 21.424703 34.818801 11.684823
      vertex 19.879200 33.708677 11.684823
      vertex 19.364693 33.790637 12.612669
    endloop
  endfacet
  facet normal -0.542550 0.755333 -0.367576
    outer loop
      vertex 21.424703 34.818801 11.684823
      vertex 19.364693 33.790637 12.612669
      vertex 21.062442 35.010118 12.612669
    endloop
  endfacet
  facet normal 0.536385 -0.746749 0.393266
    outer loop
      vertex 21.283994 33.484894 11.085393
      vertex 22.413811 34.296434 11.085393
      vertex 22.051129 34.487974 11.943769
    endloop
  endfacet
  facet normal 0.536385 -0.746749 0.393266
    outer loop
      vertex 21.283994 33.484894 11.085393
      vertex 22.051129 34.487974 11.943769
      vertex 20.768889 33.566950 11.943769
    endloop
  endfacet
  facet normal -0.541982 0.755871 -0.367308
    outer loop
      vertex 19.879200 33.708677 11.684823
      vertex 18.455240 32.687655 11.684823
      vertex 17.800460 32.669036 12.612669
    endloop
  endfacet
  facet normal -0.541982 0.755871 -0.367308
    outer loop
      vertex 19.879200 33.708677 11.684823
      vertex 17.800460 32.669036 12.612669
      vertex 19.364693 33.790637 12.612669
    endloop
  endfacet
  facet normal 0.535831 -0.747293 0.392986
    outer loop
      vertex 20.243029 32.738491 11.085393
      vertex 21.283994 33.484894 11.085393
      vertex 20.768889 33.566950 11.943769
    endloop
  endfacet
  facet normal 0.535831 -0.747293 0.392986
    outer loop
      vertex 20.243029 32.738491 11.085393
      vertex 20.768889 33.566950 11.943769
      vertex 19.587488 32.719850 11.943769
    endloop
  endfacet
  facet normal -0.535313 0.762930 -0.362460
    outer loop
      vertex 18.455240 32.687655 11.684823
      vertex 17.103955 31.739521 11.684823
      vertex 16.316062 31.627503 12.612669
    endloop
  endfacet
  facet normal -0.535313 0.762930 -0.362460
    outer loop
      vertex 18.455240 32.687655 11.684823
      vertex 16.316062 31.627503 12.612669
      vertex 17.800460 32.669036 12.612669
    endloop
  endfacet
  facet normal 0.529395 -0.754496 0.387914
    outer loop
      vertex 19.255192 32.045372 11.085393
      vertex 20.243029 32.738491 11.085393
      vertex 19.587488 32.719850 11.943769
    endloop
  endfacet
  facet normal 0.529395 -0.754496 0.387914
    outer loop
      vertex 19.255192 32.045372 11.085393
      vertex 19.587488 32.719850 11.943769
      vertex 18.466384 31.933223 11.943769
    endloop
  endfacet
  facet normal -0.376042 -0.826410 -0.419093
    outer loop
      vertex 17.103955 31.739521 11.684823
      vertex 18.348322 31.173295 11.684823
      vertex 17.683010 31.005499 12.612669
    endloop
  endfacet
  facet normal -0.376042 -0.826410 -0.419093
    outer loop
      vertex 17.103955 31.739521 11.684823
      vertex 17.683010 31.005499 12.612669
      vertex 16.316062 31.627503 12.612669
    endloop
  endfacet
  facet normal 0.370515 0.814263 0.446871
    outer loop
      vertex 20.164868 31.631441 11.085393
      vertex 19.255192 32.045372 11.085393
      vertex 18.466384 31.933223 11.943769
    endloop
  endfacet
  facet normal 0.370515 0.814263 0.446871
    outer loop
      vertex 20.164868 31.631441 11.085393
      vertex 18.466384 31.933223 11.943769
      vertex 19.498783 31.463450 11.943769
    endloop
  endfacet
  facet normal -0.380149 -0.823312 -0.421478
    outer loop
      vertex 18.348322 31.173295 11.684823
      vertex 19.650526 30.572026 11.684823
      vertex 19.113492 30.345000 12.612669
    endloop
  endfacet
  facet normal -0.380149 -0.823312 -0.421478
    outer loop
      vertex 18.348322 31.173295 11.684823
      vertex 19.113492 30.345000 12.612669
      vertex 17.683010 31.005499 12.612669
    endloop
  endfacet
  facet normal 0.374500 0.811076 0.449340
    outer loop
      vertex 21.116825 31.191892 11.085393
      vertex 20.164868 31.631441 11.085393
      vertex 19.498783 31.463450 11.943769
    endloop
  endfacet
  facet normal 0.374500 0.811076 0.449340
    outer loop
      vertex 21.116825 31.191892 11.085393
      vertex 19.498783 31.463450 11.943769
      vertex 20.579167 30.964602 11.943769
    endloop
  endfacet
  facet normal -0.378815 -0.824210 -0.420925
    outer loop
      vertex 19.650526 30.572026 11.684823
      vertex 21.033212 29.936530 11.684823
      vertex 20.632385 29.646902 12.612669
    endloop
  endfacet
  facet normal -0.378815 -0.824210 -0.420925
    outer loop
      vertex 19.650526 30.572026 11.684823
      vertex 20.632385 29.646902 12.612669
      vertex 19.113492 30.345000 12.612669
    endloop
  endfacet
  facet normal 0.373199 0.811991 0.448768
    outer loop
      vertex 22.127617 30.727322 11.085393
      vertex 21.116825 31.191892 11.085393
      vertex 20.579167 30.964602 11.943769
    endloop
  endfacet
  facet normal 0.373199 0.811991 0.448768
    outer loop
      vertex 22.127617 30.727322 11.085393
      vertex 20.579167 30.964602 11.943769
      vertex 21.726324 30.437357 11.943769
    endloop
  endfacet
  facet normal -0.362630 -0.833514 -0.416838
    outer loop
      vertex 21.033212 29.936530 11.684823
      vertex 22.519045 29.290101 11.684823
      vertex 22.264586 28.936794 12.612669
    endloop
  endfacet
  facet normal -0.362630 -0.833514 -0.416838
    outer loop
      vertex 21.033212 29.936530 11.684823
      vertex 22.264586 28.936794 12.612669
      vertex 20.632385 29.646902 12.612669
    endloop
  endfacet
  facet normal 0.357356 0.821391 0.444536
    outer loop
      vertex 23.213814 30.254760 11.085393
      vertex 22.127617 30.727322 11.085393
      vertex 21.726324 30.437357 11.943769
    endloop
  endfacet
  facet normal 0.357356 0.821391 0.444536
    outer loop
      vertex 23.213814 30.254760 11.085393
      vertex 21.726324 30.437357 11.943769
      vertex 22.959058 29.901042 11.943769
    endloop
  endfacet
  facet normal -0.323839 -0.851236 -0.412948
    outer loop
      vertex 22.519045 29.290101 11.684823
      vertex 24.091525 28.691876 11.684823
      vertex 23.991968 28.279639 12.612669
    endloop
  endfacet
  facet normal -0.323839 -0.851236 -0.412948
    outer loop
      vertex 22.519045 29.290101 11.684823
      vertex 23.991968 28.279639 12.612669
      vertex 22.264586 28.936794 12.612669
    endloop
  endfacet
  facet normal 0.319215 0.839081 0.440506
    outer loop
      vertex 24.363352 29.817436 11.085393
      vertex 23.213814 30.254760 11.085393
      vertex 22.959058 29.901042 11.943769
    endloop
  endfacet
  facet normal 0.319215 0.839081 0.440506
    outer loop
      vertex 24.363352 29.817436 11.085393
      vertex 22.959058 29.901042 11.943769
      vertex 24.263679 29.404720 11.943769
    endloop
  endfacet
  facet normal -0.277658 -0.866522 -0.414784
    outer loop
      vertex 24.091525 28.691876 11.684823
      vertex 25.665564 28.187509 11.684823
      vertex 25.721064 27.725587 12.612669
    endloop
  endfacet
  facet normal -0.277658 -0.866522 -0.414784
    outer loop
      vertex 24.091525 28.691876 11.684823
      vertex 25.721064 27.725587 12.612669
      vertex 23.991968 28.279639 12.612669
    endloop
  endfacet
  facet normal 0.273659 0.854041 0.442409
    outer loop
      vertex 25.514030 29.448726 11.085393
      vertex 24.363352 29.817436 11.085393
      vertex 24.263679 29.404720 11.943769
    endloop
  endfacet
  facet normal 0.273659 0.854041 0.442409
    outer loop
      vertex 25.514030 29.448726 11.085393
      vertex 24.263679 29.404720 11.943769
      vertex 25.569594 28.986268 11.943769
    endloop
  endfacet
  facet normal -0.250175 -0.872619 -0.419463
    outer loop
      vertex 25.665564 28.187509 11.684823
      vertex 27.165481 27.757492 11.684823
      vertex 27.368735 27.253210 12.612669
    endloop
  endfacet
  facet normal -0.250175 -0.872619 -0.419463
    outer loop
      vertex 25.665564 28.187509 11.684823
      vertex 27.368735 27.253210 12.612669
      vertex 25.721064 27.725587 12.612669
    endloop
  endfacet
  facet normal 0.246491 0.859771 0.447255
    outer loop
      vertex 26.610521 29.134369 11.085393
      vertex 25.514030 29.448726 11.085393
      vertex 25.569594 28.986268 11.943769
    endloop
  endfacet
  facet normal 0.246491 0.859771 0.447255
    outer loop
      vertex 26.610521 29.134369 11.085393
      vertex 25.569594 28.986268 11.943769
      vertex 26.814012 28.629500 11.943769
    endloop
  endfacet
  facet normal -0.243445 -0.873564 -0.421451
    outer loop
      vertex 27.165481 27.757492 11.684823
      vertex 28.577563 27.363972 11.684823
      vertex 28.919920 26.820925 12.612669
    endloop
  endfacet
  facet normal -0.243445 -0.873564 -0.421451
    outer loop
      vertex 27.165481 27.757492 11.684823
      vertex 28.919920 26.820925 12.612669
      vertex 27.368735 27.253210 12.612669
    endloop
  endfacet
  facet normal 0.239828 0.860582 0.449312
    outer loop
      vertex 27.642804 28.846692 11.085393
      vertex 26.610521 29.134369 11.085393
      vertex 26.814012 28.629500 11.943769
    endloop
  endfacet
  facet normal 0.239828 0.860582 0.449312
    outer loop
      vertex 27.642804 28.846692 11.085393
      vertex 26.814012 28.629500 11.943769
      vertex 27.985558 28.303013 11.943769
    endloop
  endfacet
  facet normal 0.888754 -0.168234 -0.426396
    outer loop
      vertex 28.577563 27.363972 11.684823
      vertex 28.845978 28.781959 11.684823
      vertex 29.214776 28.378596 12.612669
    endloop
  endfacet
  facet normal 0.888754 -0.168234 -0.426396
    outer loop
      vertex 28.577563 27.363972 11.684823
      vertex 29.214776 28.378596 12.612669
      vertex 28.919920 26.820925 12.612669
    endloop
  endfacet
  facet normal -0.875242 0.165677 0.454426
    outer loop
      vertex 27.839024 29.883290 11.085393
      vertex 27.642804 28.846692 11.085393
      vertex 27.985558 28.303013 11.943769
    endloop
  endfacet
  facet normal -0.875242 0.165677 0.454426
    outer loop
      vertex 27.839024 29.883290 11.085393
      vertex 27.985558 28.303013 11.943769
      vertex 28.208251 29.479458 11.943769
    endloop
  endfacet
  facet normal 0.891058 -0.161255 -0.424278
    outer loop
      vertex 28.845978 28.781959 11.684823
      vertex 29.119062 30.290958 11.684823
      vertex 29.514761 30.036243 12.612669
    endloop
  endfacet
  facet normal 0.891058 -0.161255 -0.424278
    outer loop
      vertex 28.845978 28.781959 11.684823
      vertex 29.514761 30.036243 12.612669
      vertex 29.214776 28.378596 12.612669
    endloop
  endfacet
  facet normal -0.877642 0.158827 0.452236
    outer loop
      vertex 28.038658 30.986421 11.085393
      vertex 27.839024 29.883290 11.085393
      vertex 28.208251 29.479458 11.943769
    endloop
  endfacet
  facet normal -0.877642 0.158827 0.452236
    outer loop
      vertex 28.038658 30.986421 11.085393
      vertex 28.208251 29.479458 11.943769
      vertex 28.434817 30.731411 11.943769
    endloop
  endfacet
  facet normal 0.897653 -0.134384 -0.419714
    outer loop
      vertex 29.119062 30.290958 11.684823
      vertex 29.359047 31.893992 11.684823
      vertex 29.778386 31.797191 12.612669
    endloop
  endfacet
  facet normal 0.897653 -0.134384 -0.419714
    outer loop
      vertex 29.119062 30.290958 11.684823
      vertex 29.778386 31.797191 12.612669
      vertex 29.514761 30.036243 12.612669
    endloop
  endfacet
  facet normal -0.884421 0.132404 0.447514
    outer loop
      vertex 28.214095 32.158296 11.085393
      vertex 28.038658 30.986421 11.085393
      vertex 28.434817 30.731411 11.943769
    endloop
  endfacet
  facet normal -0.884421 0.132404 0.447514
    outer loop
      vertex 28.214095 32.158296 11.085393
      vertex 28.434817 30.731411 11.943769
      vertex 28.633922 32.061382 11.943769
    endloop
  endfacet
  facet normal 0.904254 -0.087902 -0.417848
    outer loop
      vertex 29.359047 31.893992 11.684823
      vertex 29.518700 33.536352 11.684823
      vertex 29.953766 33.601338 12.612669
    endloop
  endfacet
  facet normal 0.904254 -0.087902 -0.417848
    outer loop
      vertex 29.359047 31.893992 11.684823
      vertex 29.953766 33.601338 12.612669
      vertex 29.778386 31.797191 12.612669
    endloop
  endfacet
  facet normal -0.891041 0.086618 0.445583
    outer loop
      vertex 28.330807 33.358919 11.085393
      vertex 28.214095 32.158296 11.085393
      vertex 28.633922 32.061382 11.943769
    endloop
  endfacet
  facet normal -0.891041 0.086618 0.445583
    outer loop
      vertex 28.330807 33.358919 11.085393
      vertex 28.633922 32.061382 11.943769
      vertex 28.766380 33.423980 11.943769
    endloop
  endfacet
  facet normal 0.905685 -0.045852 -0.421464
    outer loop
      vertex 29.518700 33.536352 11.684823
      vertex 29.599301 35.128424 11.684823
      vertex 30.042308 35.350242 12.612669
    endloop
  endfacet
  facet normal 0.905685 -0.045852 -0.421464
    outer loop
      vertex 29.518700 33.536352 11.684823
      vertex 30.042308 35.350242 12.612669
      vertex 29.953766 33.601338 12.612669
    endloop
  endfacet
  facet normal -0.892225 0.045170 0.449325
    outer loop
      vertex 28.389730 34.522779 11.085393
      vertex 28.330807 33.358919 11.085393
      vertex 28.766380 33.423980 11.943769
    endloop
  endfacet
  facet normal -0.892225 0.045170 0.449325
    outer loop
      vertex 28.389730 34.522779 11.085393
      vertex 28.766380 33.423980 11.943769
      vertex 28.833251 34.744855 11.943769
    endloop
  endfacet
  facet normal 0.904525 -0.026169 -0.425616
    outer loop
      vertex 29.599301 35.128424 11.684823
      vertex 29.642707 36.628735 11.684823
      vertex 30.089990 36.998347 12.612669
    endloop
  endfacet
  facet normal 0.904525 -0.026169 -0.425616
    outer loop
      vertex 29.599301 35.128424 11.684823
      vertex 30.089990 36.998347 12.612669
      vertex 30.042308 35.350242 12.612669
    endloop
  endfacet
  facet normal -0.890823 0.025773 0.453619
    outer loop
      vertex 28.421461 35.619559 11.085393
      vertex 28.389730 34.522779 11.085393
      vertex 28.833251 34.744855 11.943769
    endloop
  endfacet
  facet normal -0.890823 0.025773 0.453619
    outer loop
      vertex 28.421461 35.619559 11.085393
      vertex 28.833251 34.744855 11.943769
      vertex 28.869264 35.989601 11.943769
    endloop
  endfacet
  facet normal 0.904167 -0.023428 -0.426535
    outer loop
      vertex 29.642707 36.628735 11.684823
      vertex 29.679386 38.044271 11.684823
      vertex 30.130281 38.553325 12.612669
    endloop
  endfacet
  facet normal 0.904167 -0.023428 -0.426535
    outer loop
      vertex 29.642707 36.628735 11.684823
      vertex 30.130281 38.553325 12.612669
      vertex 30.089990 36.998347 12.612669
    endloop
  endfacet
  facet normal -0.890412 0.023072 0.454570
    outer loop
      vertex 28.448274 36.654366 11.085393
      vertex 28.421461 35.619559 11.085393
      vertex 28.869264 35.989601 11.943769
    endloop
  endfacet
  facet normal -0.890412 0.023072 0.454570
    outer loop
      vertex 28.448274 36.654366 11.085393
      vertex 28.869264 35.989601 11.943769
      vertex 28.899694 37.164012 11.943769
    endloop
  endfacet
  facet normal 0.904986 -0.027806 -0.424531
    outer loop
      vertex 29.679386 38.044271 11.684823
      vertex 29.720839 39.393393 11.684823
      vertex 30.175818 40.035348 12.612669
    endloop
  endfacet
  facet normal 0.904986 -0.027806 -0.424531
    outer loop
      vertex 29.679386 38.044271 11.684823
      vertex 30.175818 40.035348 12.612669
      vertex 30.130281 38.553325 12.612669
    endloop
  endfacet
  facet normal -0.891345 0.027387 0.452498
    outer loop
      vertex 28.478578 37.640622 11.085393
      vertex 28.448274 36.654366 11.085393
      vertex 28.899694 37.164012 11.943769
    endloop
  endfacet
  facet normal -0.891345 0.027387 0.452498
    outer loop
      vertex 28.478578 37.640622 11.085393
      vertex 28.899694 37.164012 11.943769
      vertex 28.934086 38.283322 11.943769
    endloop
  endfacet
  facet normal -0.421586 0.815237 -0.397056
    outer loop
      vertex 30.175818 40.035348 12.612669
      vertex 28.560091 39.199802 12.612669
      vertex 28.902443 39.825825 13.534519
    endloop
  endfacet
  facet normal -0.421586 0.815237 -0.397056
    outer loop
      vertex 30.175818 40.035348 12.612669
      vertex 28.902443 39.825825 13.534519
      vertex 30.678135 40.744094 13.534519
    endloop
  endfacet
  facet normal 0.416448 -0.805302 0.421971
    outer loop
      vertex 27.713794 37.652269 11.943769
      vertex 28.934086 38.283322 11.943769
      vertex 29.436257 38.991862 12.800368
    endloop
  endfacet
  facet normal 0.416448 -0.805302 0.421971
    outer loop
      vertex 27.713794 37.652269 11.943769
      vertex 29.436257 38.991862 12.800368
      vertex 28.056047 38.278110 12.800368
    endloop
  endfacet
  facet normal -0.412368 0.817513 -0.402025
    outer loop
      vertex 28.560091 39.199802 12.612669
      vertex 26.834087 38.329175 12.612669
      vertex 27.005556 38.869002 13.534519
    endloop
  endfacet
  facet normal -0.412368 0.817513 -0.402025
    outer loop
      vertex 28.560091 39.199802 12.612669
      vertex 27.005556 38.869002 13.534519
      vertex 28.902443 39.825825 13.534519
    endloop
  endfacet
  facet normal 0.407219 -0.807304 0.427122
    outer loop
      vertex 26.410215 36.994720 11.943769
      vertex 27.713794 37.652269 11.943769
      vertex 28.056047 38.278110 12.800368
    endloop
  endfacet
  facet normal 0.407219 -0.807304 0.427122
    outer loop
      vertex 26.410215 36.994720 11.943769
      vertex 28.056047 38.278110 12.800368
      vertex 26.581634 37.534389 12.800368
    endloop
  endfacet
  facet normal -0.412799 0.817375 -0.401864
    outer loop
      vertex 26.834087 38.329175 12.612669
      vertex 24.957552 37.381467 12.612669
      vertex 24.943234 37.827466 13.534519
    endloop
  endfacet
  facet normal -0.412799 0.817375 -0.401864
    outer loop
      vertex 26.834087 38.329175 12.612669
      vertex 24.943234 37.827466 13.534519
      vertex 27.005556 38.869002 13.534519
    endloop
  endfacet
  facet normal 0.407648 -0.807176 0.426955
    outer loop
      vertex 24.992945 36.278956 11.943769
      vertex 26.410215 36.994720 11.943769
      vertex 26.581634 37.534389 12.800368
    endloop
  endfacet
  facet normal 0.407648 -0.807176 0.426955
    outer loop
      vertex 24.992945 36.278956 11.943769
      vertex 26.581634 37.534389 12.800368
      vertex 24.978631 36.724824 12.800368
    endloop
  endfacet
  facet normal -0.447515 0.802267 -0.395094
    outer loop
      vertex 24.957552 37.381467 12.612669
      vertex 22.961338 36.267954 12.612669
      vertex 22.749386 36.603709 13.534519
    endloop
  endfacet
  facet normal -0.447515 0.802267 -0.395094
    outer loop
      vertex 24.957552 37.381467 12.612669
      vertex 22.749386 36.603709 13.534519
      vertex 24.943234 37.827466 13.534519
    endloop
  endfacet
  facet normal 0.442114 -0.792584 0.419936
    outer loop
      vertex 23.485287 35.437965 11.943769
      vertex 24.992945 36.278956 11.943769
      vertex 24.978631 36.724824 12.800368
    endloop
  endfacet
  facet normal 0.442114 -0.792584 0.419936
    outer loop
      vertex 23.485287 35.437965 11.943769
      vertex 24.978631 36.724824 12.800368
      vertex 23.273396 35.773622 12.800368
    endloop
  endfacet
  facet normal -0.507210 0.765711 -0.395505
    outer loop
      vertex 22.961338 36.267954 12.612669
      vertex 21.062442 35.010118 12.612669
      vertex 20.662488 35.221341 13.534519
    endloop
  endfacet
  facet normal -0.507210 0.765711 -0.395505
    outer loop
      vertex 22.961338 36.267954 12.612669
      vertex 20.662488 35.221341 13.534519
      vertex 22.749386 36.603709 13.534519
    endloop
  endfacet
  facet normal 0.501076 -0.756451 0.420362
    outer loop
      vertex 22.051129 34.487974 11.943769
      vertex 23.485287 35.437965 11.943769
      vertex 23.273396 35.773622 12.800368
    endloop
  endfacet
  facet normal 0.501076 -0.756451 0.420362
    outer loop
      vertex 22.051129 34.487974 11.943769
      vertex 23.273396 35.773622 12.800368
      vertex 21.651292 34.699135 12.800368
    endloop
  endfacet
  facet normal -0.534143 0.743628 -0.402130
    outer loop
      vertex 21.062442 35.010118 12.612669
      vertex 19.364693 33.790637 12.612669
      vertex 18.796654 33.881126 13.534519
    endloop
  endfacet
  facet normal -0.534143 0.743628 -0.402130
    outer loop
      vertex 21.062442 35.010118 12.612669
      vertex 18.796654 33.881126 13.534519
      vertex 20.662488 35.221341 13.534519
    endloop
  endfacet
  facet normal 0.527469 -0.734337 0.427230
    outer loop
      vertex 20.768889 33.566950 11.943769
      vertex 22.051129 34.487974 11.943769
      vertex 21.651292 34.699135 12.800368
    endloop
  endfacet
  facet normal 0.527469 -0.734337 0.427230
    outer loop
      vertex 20.768889 33.566950 11.943769
      vertex 21.651292 34.699135 12.800368
      vertex 20.201016 33.657412 12.800368
    endloop
  endfacet
  facet normal -0.533595 0.744175 -0.401846
    outer loop
      vertex 19.364693 33.790637 12.612669
      vertex 17.800460 32.669036 12.612669
      vertex 17.077554 32.648480 13.534519
    endloop
  endfacet
  facet normal -0.533595 0.744175 -0.401846
    outer loop
      vertex 19.364693 33.790637 12.612669
      vertex 17.077554 32.648480 13.534519
      vertex 18.796654 33.881126 13.534519
    endloop
  endfacet
  facet normal 0.526937 -0.734889 0.426936
    outer loop
      vertex 19.587488 32.719850 11.943769
      vertex 20.768889 33.566950 11.943769
      vertex 20.201016 33.657412 12.800368
    endloop
  endfacet
  facet normal 0.526937 -0.734889 0.426936
    outer loop
      vertex 19.587488 32.719850 11.943769
      vertex 20.201016 33.657412 12.800368
      vertex 18.864794 32.699300 12.800368
    endloop
  endfacet
  facet normal -0.527242 0.751428 -0.396702
    outer loop
      vertex 17.800460 32.669036 12.612669
      vertex 16.316062 31.627503 12.612669
      vertex 15.446193 31.503829 13.534519
    endloop
  endfacet
  facet normal -0.527242 0.751428 -0.396702
    outer loop
      vertex 17.800460 32.669036 12.612669
      vertex 15.446193 31.503829 13.534519
      vertex 17.077554 32.648480 13.534519
    endloop
  endfacet
  facet normal 0.520828 -0.742286 0.421604
    outer loop
      vertex 18.466384 31.933223 11.943769
      vertex 19.587488 32.719850 11.943769
      vertex 18.864794 32.699300 12.800368
    endloop
  endfacet
  facet normal 0.520828 -0.742286 0.421604
    outer loop
      vertex 18.466384 31.933223 11.943769
      vertex 18.864794 32.699300 12.800368
      vertex 17.596769 31.809586 12.800368
    endloop
  endfacet
  facet normal -0.368519 -0.809877 -0.456390
    outer loop
      vertex 16.316062 31.627503 12.612669
      vertex 17.683010 31.005499 12.612669
      vertex 16.948476 30.820245 13.534519
    endloop
  endfacet
  facet normal -0.368519 -0.809877 -0.456390
    outer loop
      vertex 16.316062 31.627503 12.612669
      vertex 16.948476 30.820245 13.534519
      vertex 15.446193 31.503829 13.534519
    endloop
  endfacet
  facet normal 0.362620 0.796913 0.483152
    outer loop
      vertex 19.498783 31.463450 11.943769
      vertex 18.466384 31.933223 11.943769
      vertex 17.596769 31.809586 12.800368
    endloop
  endfacet
  facet normal 0.362620 0.796913 0.483152
    outer loop
      vertex 19.498783 31.463450 11.943769
      vertex 17.596769 31.809586 12.800368
      vertex 18.764464 31.278249 12.800368
    endloop
  endfacet
  facet normal -0.372460 -0.806659 -0.458884
    outer loop
      vertex 17.683010 31.005499 12.612669
      vertex 19.113492 30.345000 12.612669
      vertex 18.520583 30.094353 13.534519
    endloop
  endfacet
  facet normal -0.372460 -0.806659 -0.458884
    outer loop
      vertex 17.683010 31.005499 12.612669
      vertex 18.520583 30.094353 13.534519
      vertex 16.948476 30.820245 13.534519
    endloop
  endfacet
  facet normal 0.366434 0.793608 0.485707
    outer loop
      vertex 20.579167 30.964602 11.943769
      vertex 19.498783 31.463450 11.943769
      vertex 18.764464 31.278249 12.800368
    endloop
  endfacet
  facet normal 0.366434 0.793608 0.485707
    outer loop
      vertex 20.579167 30.964602 11.943769
      vertex 18.764464 31.278249 12.800368
      vertex 19.986431 30.714028 12.800368
    endloop
  endfacet
  facet normal -0.371172 -0.807581 -0.458306
    outer loop
      vertex 19.113492 30.345000 12.612669
      vertex 20.632385 29.646902 12.612669
      vertex 20.189854 29.327139 13.534519
    endloop
  endfacet
  facet normal -0.371172 -0.807581 -0.458306
    outer loop
      vertex 19.113492 30.345000 12.612669
      vertex 20.189854 29.327139 13.534519
      vertex 18.520583 30.094353 13.534519
    endloop
  endfacet
  facet normal 0.365182 0.794547 0.485115
    outer loop
      vertex 21.726324 30.437357 11.943769
      vertex 20.579167 30.964602 11.943769
      vertex 19.986431 30.714028 12.800368
    endloop
  endfacet
  facet normal 0.365182 0.794547 0.485115
    outer loop
      vertex 21.726324 30.437357 11.943769
      vertex 19.986431 30.714028 12.800368
      vertex 21.283923 30.117688 12.800368
    endloop
  endfacet
  facet normal -0.355451 -0.817013 -0.454031
    outer loop
      vertex 20.632385 29.646902 12.612669
      vertex 22.264586 28.936794 12.612669
      vertex 21.983651 28.546727 13.534519
    endloop
  endfacet
  facet normal -0.355451 -0.817013 -0.454031
    outer loop
      vertex 20.632385 29.646902 12.612669
      vertex 21.983651 28.546727 13.534519
      vertex 20.189854 29.327139 13.534519
    endloop
  endfacet
  facet normal 0.349819 0.804066 0.480733
    outer loop
      vertex 22.959058 29.901042 11.943769
      vertex 21.726324 30.437357 11.943769
      vertex 21.283923 30.117688 12.800368
    endloop
  endfacet
  facet normal 0.349819 0.804066 0.480733
    outer loop
      vertex 22.959058 29.901042 11.943769
      vertex 21.283923 30.117688 12.800368
      vertex 22.678206 29.511089 12.800368
    endloop
  endfacet
  facet normal -0.317544 -0.834688 -0.449958
    outer loop
      vertex 22.264586 28.936794 12.612669
      vertex 23.991968 28.279639 12.612669
      vertex 23.882053 27.824510 13.534519
    endloop
  endfacet
  facet normal -0.317544 -0.834688 -0.449958
    outer loop
      vertex 22.264586 28.936794 12.612669
      vertex 23.882053 27.824510 13.534519
      vertex 21.983651 28.546727 13.534519
    endloop
  endfacet
  facet normal 0.312600 0.821692 0.476554
    outer loop
      vertex 24.263679 29.404720 11.943769
      vertex 22.959058 29.901042 11.943769
      vertex 22.678206 29.511089 12.800368
    endloop
  endfacet
  facet normal 0.312600 0.821692 0.476554
    outer loop
      vertex 24.263679 29.404720 11.943769
      vertex 22.678206 29.511089 12.800368
      vertex 24.153796 28.949724 12.800368
    endloop
  endfacet
  facet normal -0.272214 -0.849531 -0.451881
    outer loop
      vertex 23.991968 28.279639 12.612669
      vertex 25.721064 27.725587 12.612669
      vertex 25.782338 27.215605 13.534519
    endloop
  endfacet
  facet normal -0.272214 -0.849531 -0.451881
    outer loop
      vertex 23.991968 28.279639 12.612669
      vertex 25.782338 27.215605 13.534519
      vertex 23.882053 27.824510 13.534519
    endloop
  endfacet
  facet normal 0.267940 0.836193 0.478528
    outer loop
      vertex 25.569594 28.986268 11.943769
      vertex 24.263679 29.404720 11.943769
      vertex 24.153796 28.949724 12.800368
    endloop
  endfacet
  facet normal 0.267940 0.836193 0.478528
    outer loop
      vertex 25.569594 28.986268 11.943769
      vertex 24.153796 28.949724 12.800368
      vertex 25.630850 28.476434 12.800368
    endloop
  endfacet
  facet normal -0.245161 -0.855132 -0.456777
    outer loop
      vertex 25.721064 27.725587 12.612669
      vertex 27.368735 27.253210 12.612669
      vertex 27.593137 26.696460 13.534519
    endloop
  endfacet
  facet normal -0.245161 -0.855132 -0.456777
    outer loop
      vertex 25.721064 27.725587 12.612669
      vertex 27.593137 26.696460 13.534519
      vertex 25.782338 27.215605 13.534519
    endloop
  endfacet
  facet normal 0.241230 0.841420 0.483549
    outer loop
      vertex 26.814012 28.629500 11.943769
      vertex 25.569594 28.986268 11.943769
      vertex 25.630850 28.476434 12.800368
    endloop
  endfacet
  facet normal 0.241230 0.841420 0.483549
    outer loop
      vertex 26.814012 28.629500 11.943769
      vertex 25.630850 28.476434 12.800368
      vertex 27.038348 28.072912 12.800368
    endloop
  endfacet
  facet normal -0.238522 -0.855897 -0.458856
    outer loop
      vertex 27.368735 27.253210 12.612669
      vertex 28.919920 26.820925 12.612669
      vertex 29.297897 26.221376 13.534519
    endloop
  endfacet
  facet normal -0.238522 -0.855897 -0.458856
    outer loop
      vertex 27.368735 27.253210 12.612669
      vertex 29.297897 26.221376 13.534519
      vertex 27.593137 26.696460 13.534519
    endloop
  endfacet
  facet normal 0.234663 0.842051 0.485678
    outer loop
      vertex 27.985558 28.303013 11.943769
      vertex 26.814012 28.629500 11.943769
      vertex 27.038348 28.072912 12.800368
    endloop
  endfacet
  facet normal 0.234663 0.842051 0.485678
    outer loop
      vertex 27.985558 28.303013 11.943769
      vertex 27.038348 28.072912 12.800368
      vertex 28.363425 27.703639 12.800368
    endloop
  endfacet
  facet normal 0.870368 -0.164754 -0.464021
    outer loop
      vertex 28.919920 26.820925 12.612669
      vertex 29.214776 28.378596 12.612669
      vertex 29.621945 27.933265 13.534519
    endloop
  endfacet
  facet normal 0.870368 -0.164754 -0.464021
    outer loop
      vertex 28.919920 26.820925 12.612669
      vertex 29.621945 27.933265 13.534519
      vertex 29.297897 26.221376 13.534519
    endloop
  endfacet
  facet normal -0.855977 0.162030 0.490967
    outer loop
      vertex 28.208251 29.479458 11.943769
      vertex 27.985558 28.303013 11.943769
      vertex 28.363425 27.703639 12.800368
    endloop
  endfacet
  facet normal -0.855977 0.162030 0.490967
    outer loop
      vertex 28.208251 29.479458 11.943769
      vertex 28.363425 27.703639 12.800368
      vertex 28.615301 29.034257 12.800368
    endloop
  endfacet
  facet normal 0.872802 -0.157951 -0.461809
    outer loop
      vertex 29.214776 28.378596 12.612669
      vertex 29.514761 30.036243 12.612669
      vertex 29.951630 29.755028 13.534519
    endloop
  endfacet
  facet normal 0.872802 -0.157951 -0.461809
    outer loop
      vertex 29.214776 28.378596 12.612669
      vertex 29.951630 29.755028 13.534519
      vertex 29.621945 27.933265 13.534519
    endloop
  endfacet
  facet normal -0.858505 0.155364 0.488704
    outer loop
      vertex 28.434817 30.731411 11.943769
      vertex 28.208251 29.479458 11.943769
      vertex 28.615301 29.034257 12.800368
    endloop
  endfacet
  facet normal -0.858505 0.155364 0.488704
    outer loop
      vertex 28.434817 30.731411 11.943769
      vertex 28.615301 29.034257 12.800368
      vertex 28.871559 30.450277 12.800368
    endloop
  endfacet
  facet normal 0.879644 -0.131688 -0.457040
    outer loop
      vertex 29.514761 30.036243 12.612669
      vertex 29.778386 31.797191 12.612669
      vertex 30.241356 31.690318 13.534519
    endloop
  endfacet
  facet normal 0.879644 -0.131688 -0.457040
    outer loop
      vertex 29.514761 30.036243 12.612669
      vertex 30.241356 31.690318 13.534519
      vertex 29.951630 29.755028 13.534519
    endloop
  endfacet
  facet normal -0.865523 0.129574 0.483818
    outer loop
      vertex 28.633922 32.061382 11.943769
      vertex 28.434817 30.731411 11.943769
      vertex 28.871559 30.450277 12.800368
    endloop
  endfacet
  facet normal -0.865523 0.129574 0.483818
    outer loop
      vertex 28.633922 32.061382 11.943769
      vertex 28.871559 30.450277 12.800368
      vertex 29.096757 31.954540 12.800368
    endloop
  endfacet
  facet normal 0.886269 -0.086154 -0.455088
    outer loop
      vertex 29.778386 31.797191 12.612669
      vertex 29.953766 33.601338 12.612669
      vertex 30.434100 33.673084 13.534519
    endloop
  endfacet
  facet normal 0.886269 -0.086154 -0.455088
    outer loop
      vertex 29.778386 31.797191 12.612669
      vertex 30.434100 33.673084 13.534519
      vertex 30.241356 31.690318 13.534519
    endloop
  endfacet
  facet normal -0.872161 0.084782 0.481817
    outer loop
      vertex 28.766380 33.423980 11.943769
      vertex 28.633922 32.061382 11.943769
      vertex 29.096757 31.954540 12.800368
    endloop
  endfacet
  facet normal -0.872161 0.084782 0.481817
    outer loop
      vertex 28.766380 33.423980 11.943769
      vertex 29.096757 31.954540 12.800368
      vertex 29.246573 33.495705 12.800368
    endloop
  endfacet
  facet normal 0.887367 -0.044924 -0.458869
    outer loop
      vertex 29.953766 33.601338 12.612669
      vertex 30.042308 35.350242 12.612669
      vertex 30.531407 35.595140 13.534519
    endloop
  endfacet
  facet normal 0.887367 -0.044924 -0.458869
    outer loop
      vertex 29.953766 33.601338 12.612669
      vertex 30.531407 35.595140 13.534519
      vertex 30.434100 33.673084 13.534519
    endloop
  endfacet
  facet normal -0.873012 0.044198 0.485693
    outer loop
      vertex 28.833251 34.744855 11.943769
      vertex 28.766380 33.423980 11.943769
      vertex 29.246573 33.495705 12.800368
    endloop
  endfacet
  facet normal -0.873012 0.044198 0.485693
    outer loop
      vertex 28.833251 34.744855 11.943769
      vertex 29.246573 33.495705 12.800368
      vertex 29.322208 34.989681 12.800368
    endloop
  endfacet
  facet normal 0.885880 -0.025630 -0.463206
    outer loop
      vertex 30.042308 35.350242 12.612669
      vertex 30.089990 36.998347 12.612669
      vertex 30.583810 37.406415 13.534519
    endloop
  endfacet
  facet normal 0.885880 -0.025630 -0.463206
    outer loop
      vertex 30.042308 35.350242 12.612669
      vertex 30.583810 37.406415 13.534519
      vertex 30.531407 35.595140 13.534519
    endloop
  endfacet
  facet normal -0.871283 0.025208 0.490133
    outer loop
      vertex 28.869264 35.989601 11.943769
      vertex 28.833251 34.744855 11.943769
      vertex 29.322208 34.989681 12.800368
    endloop
  endfacet
  facet normal -0.871283 0.025208 0.490133
    outer loop
      vertex 28.869264 35.989601 11.943769
      vertex 29.322208 34.989681 12.800368
      vertex 29.362940 36.397549 12.800368
    endloop
  endfacet
  facet normal 0.885451 -0.022943 -0.464166
    outer loop
      vertex 30.089990 36.998347 12.612669
      vertex 30.130281 38.553325 12.612669
      vertex 30.628090 39.115344 13.534519
    endloop
  endfacet
  facet normal 0.885451 -0.022943 -0.464166
    outer loop
      vertex 30.089990 36.998347 12.612669
      vertex 30.628090 39.115344 13.534519
      vertex 30.583810 37.406415 13.534519
    endloop
  endfacet
  facet normal -0.870802 0.022564 0.491116
    outer loop
      vertex 28.899694 37.164012 11.943769
      vertex 28.869264 35.989601 11.943769
      vertex 29.362940 36.397549 12.800368
    endloop
  endfacet
  facet normal -0.870802 0.022564 0.491116
    outer loop
      vertex 28.899694 37.164012 11.943769
      vertex 29.362940 36.397549 12.800368
      vertex 29.397358 37.725866 12.800368
    endloop
  endfacet
  facet normal 0.886423 -0.027236 -0.462073
    outer loop
      vertex 30.130281 38.553325 12.612669
      vertex 30.175818 40.035348 12.612669
      vertex 30.678135 40.744094 13.534519
    endloop
  endfacet
  facet normal 0.886423 -0.027236 -0.462073
    outer loop
      vertex 30.130281 38.553325 12.612669
      vertex 30.678135 40.744094 13.534519
      vertex 30.628090 39.115344 13.534519
    endloop
  endfacet
  facet normal -0.871887 0.026789 0.488974
    outer loop
      vertex 28.934086 38.283322 11.943769
      vertex 28.899694 37.164012 11.943769
      vertex 29.397358 37.725866 12.800368
    endloop
  endfacet
  facet normal -0.871887 0.026789 0.488974
    outer loop
      vertex 28.934086 38.283322 11.943769
      vertex 29.397358 37.725866 12.800368
      vertex 29.436257 38.991862 12.800368
    endloop
  endfacet
  facet normal -0.417964 0.808234 -0.414806
    outer loop
      vertex 30.678135 40.744094 13.534519
      vertex 28.902443 39.825825 13.534519
      vertex 29.259988 40.479630 14.448164
    endloop
  endfacet
  facet normal -0.417964 0.808234 -0.414806
    outer loop
      vertex 30.678135 40.744094 13.534519
      vertex 29.259988 40.479630 14.448164
      vertex 31.202744 41.484292 14.448164
    endloop
  endfacet
  facet normal 0.413000 -0.798634 0.437738
    outer loop
      vertex 28.056047 38.278110 12.800368
      vertex 29.436257 38.991862 12.800368
      vertex 29.960049 39.730908 13.654536
    endloop
  endfacet
  facet normal 0.413000 -0.798634 0.437738
    outer loop
      vertex 28.056047 38.278110 12.800368
      vertex 29.960049 39.730908 13.654536
      vertex 28.413035 38.930896 13.654536
    endloop
  endfacet
  facet normal -0.408738 0.810316 -0.419907
    outer loop
      vertex 28.902443 39.825825 13.534519
      vertex 27.005556 38.869002 13.534519
      vertex 27.184635 39.432784 14.448164
    endloop
  endfacet
  facet normal -0.408738 0.810316 -0.419907
    outer loop
      vertex 28.902443 39.825825 13.534519
      vertex 27.184635 39.432784 14.448164
      vertex 29.259988 40.479630 14.448164
    endloop
  endfacet
  facet normal 0.403765 -0.800458 0.442991
    outer loop
      vertex 26.581634 37.534389 12.800368
      vertex 28.056047 38.278110 12.800368
      vertex 28.413035 38.930896 13.654536
    endloop
  endfacet
  facet normal 0.403765 -0.800458 0.442991
    outer loop
      vertex 26.581634 37.534389 12.800368
      vertex 28.413035 38.930896 13.654536
      vertex 26.760433 38.097294 13.654536
    endloop
  endfacet
  facet normal -0.409168 0.810184 -0.419741
    outer loop
      vertex 27.005556 38.869002 13.534519
      vertex 24.943234 37.827466 13.534519
      vertex 24.928281 38.293257 14.448164
    endloop
  endfacet
  facet normal -0.409168 0.810184 -0.419741
    outer loop
      vertex 27.005556 38.869002 13.534519
      vertex 24.928281 38.293257 14.448164
      vertex 27.184635 39.432784 14.448164
    endloop
  endfacet
  facet normal 0.404194 -0.800336 0.442821
    outer loop
      vertex 24.978631 36.724824 12.800368
      vertex 26.581634 37.534389 12.800368
      vertex 26.760433 38.097294 13.654536
    endloop
  endfacet
  facet normal 0.404194 -0.800336 0.442821
    outer loop
      vertex 24.978631 36.724824 12.800368
      vertex 26.760433 38.097294 13.654536
      vertex 24.963702 37.189890 13.654536
    endloop
  endfacet
  facet normal -0.443708 0.795442 -0.412791
    outer loop
      vertex 24.943234 37.827466 13.534519
      vertex 22.749386 36.603709 13.534519
      vertex 22.528027 36.954364 14.448164
    endloop
  endfacet
  facet normal -0.443708 0.795442 -0.412791
    outer loop
      vertex 24.943234 37.827466 13.534519
      vertex 22.528027 36.954364 14.448164
      vertex 24.928281 38.293257 14.448164
    endloop
  endfacet
  facet normal 0.438488 -0.786084 0.435660
    outer loop
      vertex 23.273396 35.773622 12.800368
      vertex 24.978631 36.724824 12.800368
      vertex 24.963702 37.189890 13.654536
    endloop
  endfacet
  facet normal 0.438488 -0.786084 0.435660
    outer loop
      vertex 23.273396 35.773622 12.800368
      vertex 24.963702 37.189890 13.654536
      vertex 23.052382 36.123731 13.654536
    endloop
  endfacet
  facet normal -0.502886 0.759184 -0.413213
    outer loop
      vertex 22.749386 36.603709 13.534519
      vertex 20.662488 35.221341 13.534519
      vertex 20.244786 35.441938 14.448164
    endloop
  endfacet
  facet normal -0.502886 0.759184 -0.413213
    outer loop
      vertex 22.749386 36.603709 13.534519
      vertex 20.244786 35.441938 14.448164
      vertex 22.528027 36.954364 14.448164
    endloop
  endfacet
  facet normal 0.496958 -0.750235 0.436096
    outer loop
      vertex 21.651292 34.699135 12.800368
      vertex 23.273396 35.773622 12.800368
      vertex 23.052382 36.123731 13.654536
    endloop
  endfacet
  facet normal 0.496958 -0.750235 0.436096
    outer loop
      vertex 21.651292 34.699135 12.800368
      vertex 23.052382 36.123731 13.654536
      vertex 21.234240 34.919388 13.654536
    endloop
  endfacet
  facet normal -0.529438 0.737078 -0.420014
    outer loop
      vertex 20.662488 35.221341 13.534519
      vertex 18.796654 33.881126 13.534519
      vertex 18.203408 33.975629 14.448164
    endloop
  endfacet
  facet normal -0.529438 0.737078 -0.420014
    outer loop
      vertex 20.662488 35.221341 13.534519
      vertex 18.203408 33.975629 14.448164
      vertex 20.244786 35.441938 14.448164
    endloop
  endfacet
  facet normal 0.522994 -0.728106 0.443102
    outer loop
      vertex 20.201016 33.657412 12.800368
      vertex 21.651292 34.699135 12.800368
      vertex 21.234240 34.919388 13.654536
    endloop
  endfacet
  facet normal 0.522994 -0.728106 0.443102
    outer loop
      vertex 20.201016 33.657412 12.800368
      vertex 21.234240 34.919388 13.654536
      vertex 19.608693 33.751768 13.654536
    endloop
  endfacet
  facet normal -0.528901 0.737629 -0.419723
    outer loop
      vertex 18.796654 33.881126 13.534519
      vertex 17.077554 32.648480 13.534519
      vertex 16.322568 32.627012 14.448164
    endloop
  endfacet
  facet normal -0.528901 0.737629 -0.419723
    outer loop
      vertex 18.796654 33.881126 13.534519
      vertex 16.322568 32.627012 14.448164
      vertex 18.203408 33.975629 14.448164
    endloop
  endfacet
  facet normal 0.522473 -0.728663 0.442802
    outer loop
      vertex 18.864794 32.699300 12.800368
      vertex 20.201016 33.657412 12.800368
      vertex 19.608693 33.751768 13.654536
    endloop
  endfacet
  facet normal 0.522473 -0.728663 0.442802
    outer loop
      vertex 18.864794 32.699300 12.800368
      vertex 19.608693 33.751768 13.654536
      vertex 18.110982 32.677866 13.654536
    endloop
  endfacet
  facet normal -0.522720 0.744984 -0.414443
    outer loop
      vertex 17.077554 32.648480 13.534519
      vertex 15.446193 31.503829 13.534519
      vertex 14.537722 31.374668 14.448164
    endloop
  endfacet
  facet normal -0.522720 0.744984 -0.414443
    outer loop
      vertex 17.077554 32.648480 13.534519
      vertex 14.537722 31.374668 14.448164
      vertex 16.322568 32.627012 14.448164
    endloop
  endfacet
  facet normal 0.516523 -0.736151 0.437363
    outer loop
      vertex 17.596769 31.809586 12.800368
      vertex 18.864794 32.699300 12.800368
      vertex 18.110982 32.677866 13.654536
    endloop
  endfacet
  facet normal 0.516523 -0.736151 0.437363
    outer loop
      vertex 17.596769 31.809586 12.800368
      vertex 18.110982 32.677866 13.654536
      vertex 16.689712 31.680626 13.654536
    endloop
  endfacet
  facet normal -0.364354 -0.800723 -0.475488
    outer loop
      vertex 15.446193 31.503829 13.534519
      vertex 16.948476 30.820245 13.534519
      vertex 16.181346 30.626769 14.448164
    endloop
  endfacet
  facet normal -0.364354 -0.800723 -0.475488
    outer loop
      vertex 15.446193 31.503829 13.534519
      vertex 16.181346 30.626769 14.448164
      vertex 14.537722 31.374668 14.448164
    endloop
  endfacet
  facet normal 0.358699 0.788296 0.499924
    outer loop
      vertex 18.764464 31.278249 12.800368
      vertex 17.596769 31.809586 12.800368
      vertex 16.689712 31.680626 13.654536
    endloop
  endfacet
  facet normal 0.358699 0.788296 0.499924
    outer loop
      vertex 18.764464 31.278249 12.800368
      vertex 16.689712 31.680626 13.654536
      vertex 17.998527 31.085075 13.654536
    endloop
  endfacet
  facet normal -0.368205 -0.797443 -0.478027
    outer loop
      vertex 16.948476 30.820245 13.534519
      vertex 18.520583 30.094353 13.534519
      vertex 17.901362 29.832582 14.448164
    endloop
  endfacet
  facet normal -0.368205 -0.797443 -0.478027
    outer loop
      vertex 16.948476 30.820245 13.534519
      vertex 17.901362 29.832582 14.448164
      vertex 16.181346 30.626769 14.448164
    endloop
  endfacet
  facet normal 0.362431 0.784937 0.502511
    outer loop
      vertex 19.986431 30.714028 12.800368
      vertex 18.764464 31.278249 12.800368
      vertex 17.998527 31.085075 13.654536
    endloop
  endfacet
  facet normal 0.362431 0.784937 0.502511
    outer loop
      vertex 19.986431 30.714028 12.800368
      vertex 17.998527 31.085075 13.654536
      vertex 19.368174 30.452665 13.654536
    endloop
  endfacet
  facet normal -0.366942 -0.798377 -0.477439
    outer loop
      vertex 18.520583 30.094353 13.534519
      vertex 20.189854 29.327139 13.534519
      vertex 19.727685 28.993187 14.448164
    endloop
  endfacet
  facet normal -0.366942 -0.798377 -0.477439
    outer loop
      vertex 18.520583 30.094353 13.534519
      vertex 19.727685 28.993187 14.448164
      vertex 17.901362 29.832582 14.448164
    endloop
  endfacet
  facet normal 0.361201 0.785887 0.501912
    outer loop
      vertex 21.283923 30.117688 12.800368
      vertex 19.986431 30.714028 12.800368
      vertex 19.368174 30.452665 13.654536
    endloop
  endfacet
  facet normal 0.361201 0.785887 0.501912
    outer loop
      vertex 21.283923 30.117688 12.800368
      vertex 19.368174 30.452665 13.654536
      vertex 20.822473 29.784255 13.654536
    endloop
  endfacet
  facet normal -0.351474 -0.807872 -0.473085
    outer loop
      vertex 20.189854 29.327139 13.534519
      vertex 21.983651 28.546727 13.534519
      vertex 21.690249 28.139350 14.448164
    endloop
  endfacet
  facet normal -0.351474 -0.807872 -0.473085
    outer loop
      vertex 20.189854 29.327139 13.534519
      vertex 21.690249 28.139350 14.448164
      vertex 19.727685 28.993187 14.448164
    endloop
  endfacet
  facet normal 0.346073 0.795457 0.497475
    outer loop
      vertex 22.678206 29.511089 12.800368
      vertex 21.283923 30.117688 12.800368
      vertex 20.822473 29.784255 13.654536
    endloop
  endfacet
  facet normal 0.346073 0.795457 0.497475
    outer loop
      vertex 22.678206 29.511089 12.800368
      vertex 20.822473 29.784255 13.654536
      vertex 22.385260 29.104346 13.654536
    endloop
  endfacet
  facet normal -0.314053 -0.825513 -0.468934
    outer loop
      vertex 21.983651 28.546727 13.534519
      vertex 23.882053 27.824510 13.534519
      vertex 23.767260 27.349184 14.448164
    endloop
  endfacet
  facet normal -0.314053 -0.825513 -0.468934
    outer loop
      vertex 21.983651 28.546727 13.534519
      vertex 23.767260 27.349184 14.448164
      vertex 21.690249 28.139350 14.448164
    endloop
  endfacet
  facet normal 0.309310 0.813044 0.493241
    outer loop
      vertex 24.153796 28.949724 12.800368
      vertex 22.678206 29.511089 12.800368
      vertex 22.385260 29.104346 13.654536
    endloop
  endfacet
  facet normal 0.309310 0.813044 0.493241
    outer loop
      vertex 24.153796 28.949724 12.800368
      vertex 22.385260 29.104346 13.654536
      vertex 24.039182 28.475138 13.654536
    endloop
  endfacet
  facet normal -0.269196 -0.840114 -0.470894
    outer loop
      vertex 23.882053 27.824510 13.534519
      vertex 25.782338 27.215605 13.534519
      vertex 25.846331 26.682991 14.448164
    endloop
  endfacet
  facet normal -0.269196 -0.840114 -0.470894
    outer loop
      vertex 23.882053 27.824510 13.534519
      vertex 25.846331 26.682991 14.448164
      vertex 23.767260 27.349184 14.448164
    endloop
  endfacet
  facet normal 0.265097 0.827321 0.495241
    outer loop
      vertex 25.630850 28.476434 12.800368
      vertex 24.153796 28.949724 12.800368
      vertex 24.039182 28.475138 13.654536
    endloop
  endfacet
  facet normal 0.265097 0.827321 0.495241
    outer loop
      vertex 25.630850 28.476434 12.800368
      vertex 24.039182 28.475138 13.654536
      vertex 25.694744 27.944649 13.654536
    endloop
  endfacet
  facet normal -0.242386 -0.845450 -0.475882
    outer loop
      vertex 25.782338 27.215605 13.534519
      vertex 27.593137 26.696460 13.534519
      vertex 27.827497 26.115002 14.448164
    endloop
  endfacet
  facet normal -0.242386 -0.845450 -0.475882
    outer loop
      vertex 25.782338 27.215605 13.534519
      vertex 27.827497 26.115002 14.448164
      vertex 25.846331 26.682991 14.448164
    endloop
  endfacet
  facet normal 0.238618 0.832307 0.500326
    outer loop
      vertex 27.038348 28.072912 12.800368
      vertex 25.630850 28.476434 12.800368
      vertex 25.694744 27.944649 13.654536
    endloop
  endfacet
  facet normal 0.238618 0.832307 0.500326
    outer loop
      vertex 27.038348 28.072912 12.800368
      vertex 25.694744 27.944649 13.654536
      vertex 27.272344 27.492360 13.654536
    endloop
  endfacet
  facet normal -0.235797 -0.846119 -0.477998
    outer loop
      vertex 27.593137 26.696460 13.534519
      vertex 29.297897 26.221376 13.534519
      vertex 29.692648 25.595221 14.448164
    endloop
  endfacet
  facet normal -0.235797 -0.846119 -0.477998
    outer loop
      vertex 27.593137 26.696460 13.534519
      vertex 29.692648 25.595221 14.448164
      vertex 27.827497 26.115002 14.448164
    endloop
  endfacet
  facet normal 0.232100 0.832852 0.502482
    outer loop
      vertex 28.363425 27.703639 12.800368
      vertex 27.038348 28.072912 12.800368
      vertex 27.272344 27.492360 13.654536
    endloop
  endfacet
  facet normal 0.232100 0.832852 0.502482
    outer loop
      vertex 28.363425 27.703639 12.800368
      vertex 27.272344 27.492360 13.654536
      vertex 28.757561 27.078459 13.654536
    endloop
  endfacet
  facet normal 0.860204 -0.162830 -0.483255
    outer loop
      vertex 29.297897 26.221376 13.534519
      vertex 29.621945 27.933265 13.534519
      vertex 30.047183 27.468171 14.448164
    endloop
  endfacet
  facet normal 0.860204 -0.162830 -0.483255
    outer loop
      vertex 29.297897 26.221376 13.534519
      vertex 30.047183 27.468171 14.448164
      vertex 29.692648 25.595221 14.448164
    endloop
  endfacet
  facet normal -0.846425 0.160222 0.507832
    outer loop
      vertex 28.615301 29.034257 12.800368
      vertex 28.363425 27.703639 12.800368
      vertex 28.757561 27.078459 13.654536
    endloop
  endfacet
  facet normal -0.846425 0.160222 0.507832
    outer loop
      vertex 28.615301 29.034257 12.800368
      vertex 28.757561 27.078459 13.654536
      vertex 29.039877 28.569887 13.654536
    endloop
  endfacet
  facet normal 0.862705 -0.156124 -0.481005
    outer loop
      vertex 29.621945 27.933265 13.534519
      vertex 29.951630 29.755028 13.534519
      vertex 30.407887 29.461332 14.448164
    endloop
  endfacet
  facet normal 0.862705 -0.156124 -0.481005
    outer loop
      vertex 29.621945 27.933265 13.534519
      vertex 30.407887 29.461332 14.448164
      vertex 30.047183 27.468171 14.448164
    endloop
  endfacet
  facet normal -0.849011 0.153646 0.505543
    outer loop
      vertex 28.871559 30.450277 12.800368
      vertex 28.615301 29.034257 12.800368
      vertex 29.039877 28.569887 13.654536
    endloop
  endfacet
  facet normal -0.849011 0.153646 0.505543
    outer loop
      vertex 28.871559 30.450277 12.800368
      vertex 29.039877 28.569887 13.654536
      vertex 29.327105 30.157039 13.654536
    endloop
  endfacet
  facet normal 0.869673 -0.130196 -0.476149
    outer loop
      vertex 29.951630 29.755028 13.534519
      vertex 30.241356 31.690318 13.534519
      vertex 30.724871 31.578702 14.448164
    endloop
  endfacet
  facet normal 0.869673 -0.130196 -0.476149
    outer loop
      vertex 29.951630 29.755028 13.534519
      vertex 30.724871 31.578702 14.448164
      vertex 30.407887 29.461332 14.448164
    endloop
  endfacet
  facet normal -0.856139 0.128170 0.500598
    outer loop
      vertex 29.096757 31.954540 12.800368
      vertex 28.871559 30.450277 12.800368
      vertex 29.327105 30.157039 13.654536
    endloop
  endfacet
  facet normal -0.856139 0.128170 0.500598
    outer loop
      vertex 29.096757 31.954540 12.800368
      vertex 29.327105 30.157039 13.654536
      vertex 29.579519 31.843098 13.654536
    endloop
  endfacet
  facet normal 0.876307 -0.085185 -0.474162
    outer loop
      vertex 30.241356 31.690318 13.534519
      vertex 30.434100 33.673084 13.534519
      vertex 30.935749 33.748015 14.448164
    endloop
  endfacet
  facet normal 0.876307 -0.085185 -0.474162
    outer loop
      vertex 30.241356 31.690318 13.534519
      vertex 30.935749 33.748015 14.448164
      vertex 30.724871 31.578702 14.448164
    endloop
  endfacet
  facet normal -0.862781 0.083871 0.498573
    outer loop
      vertex 29.246573 33.495705 12.800368
      vertex 29.096757 31.954540 12.800368
      vertex 29.579519 31.843098 13.654536
    endloop
  endfacet
  facet normal -0.862781 0.083871 0.498573
    outer loop
      vertex 29.246573 33.495705 12.800368
      vertex 29.579519 31.843098 13.654536
      vertex 29.747441 33.570519 13.654536
    endloop
  endfacet
  facet normal 0.877230 -0.044411 -0.478012
    outer loop
      vertex 30.434100 33.673084 13.534519
      vertex 30.531407 35.595140 13.534519
      vertex 31.042211 35.850904 14.448164
    endloop
  endfacet
  facet normal 0.877230 -0.044411 -0.478012
    outer loop
      vertex 30.434100 33.673084 13.534519
      vertex 31.042211 35.850904 14.448164
      vertex 30.935749 33.748015 14.448164
    endloop
  endfacet
  facet normal -0.863474 0.043715 0.502496
    outer loop
      vertex 29.322208 34.989681 12.800368
      vertex 29.246573 33.495705 12.800368
      vertex 29.747441 33.570519 13.654536
    endloop
  endfacet
  facet normal -0.863474 0.043715 0.502496
    outer loop
      vertex 29.322208 34.989681 12.800368
      vertex 29.747441 33.570519 13.654536
      vertex 29.832217 35.245048 13.654536
    endloop
  endfacet
  facet normal 0.875571 -0.025332 -0.482426
    outer loop
      vertex 30.531407 35.595140 13.534519
      vertex 30.583810 37.406415 13.534519
      vertex 31.099544 37.832591 14.448164
    endloop
  endfacet
  facet normal 0.875571 -0.025332 -0.482426
    outer loop
      vertex 30.531407 35.595140 13.534519
      vertex 31.099544 37.832591 14.448164
      vertex 31.042211 35.850904 14.448164
    endloop
  endfacet
  facet normal -0.861592 0.024927 0.506989
    outer loop
      vertex 29.362940 36.397549 12.800368
      vertex 29.322208 34.989681 12.800368
      vertex 29.832217 35.245048 13.654536
    endloop
  endfacet
  facet normal -0.861592 0.024927 0.506989
    outer loop
      vertex 29.362940 36.397549 12.800368
      vertex 29.832217 35.245048 13.654536
      vertex 29.877871 36.823063 13.654536
    endloop
  endfacet
  facet normal 0.875105 -0.022675 -0.483402
    outer loop
      vertex 30.583810 37.406415 13.534519
      vertex 30.628090 39.115344 13.534519
      vertex 31.147991 39.702303 14.448164
    endloop
  endfacet
  facet normal 0.875105 -0.022675 -0.483402
    outer loop
      vertex 30.583810 37.406415 13.534519
      vertex 31.147991 39.702303 14.448164
      vertex 31.099544 37.832591 14.448164
    endloop
  endfacet
  facet normal -0.861078 0.022312 0.507983
    outer loop
      vertex 29.397358 37.725866 12.800368
      vertex 29.362940 36.397549 12.800368
      vertex 29.877871 36.823063 13.654536
    endloop
  endfacet
  facet normal -0.861078 0.022312 0.507983
    outer loop
      vertex 29.397358 37.725866 12.800368
      vertex 29.877871 36.823063 13.654536
      vertex 29.916449 38.311912 13.654536
    endloop
  endfacet
  facet normal 0.876157 -0.026921 -0.481273
    outer loop
      vertex 30.628090 39.115344 13.534519
      vertex 30.678135 40.744094 13.534519
      vertex 31.202744 41.484292 14.448164
    endloop
  endfacet
  facet normal 0.876157 -0.026921 -0.481273
    outer loop
      vertex 30.628090 39.115344 13.534519
      vertex 31.202744 41.484292 14.448164
      vertex 31.147991 39.702303 14.448164
    endloop
  endfacet
  facet normal -0.862234 0.026493 0.505816
    outer loop
      vertex 29.436257 38.991862 12.800368
      vertex 29.397358 37.725866 12.800368
      vertex 29.916449 38.311912 13.654536
    endloop
  endfacet
  facet normal -0.862234 0.026493 0.505816
    outer loop
      vertex 29.436257 38.991862 12.800368
      vertex 29.916449 38.311912 13.654536
      vertex 29.960049 39.730908 13.654536
    endloop
  endfacet
  facet normal -0.418457 0.809187 -0.412445
    outer loop
      vertex 31.202744 41.484292 14.448164
      vertex 29.259988 40.479630 14.448164
      vertex 29.611032 41.121546 15.351395
    endloop
  endfacet
  facet normal -0.418457 0.809187 -0.412445
    outer loop
      vertex 31.202744 41.484292 14.448164
      vertex 29.611032 41.121546 15.351395
      vertex 31.717814 42.211032 15.351395
    endloop
  endfacet
  facet normal 0.413877 -0.800330 0.433795
    outer loop
      vertex 28.413035 38.930896 13.654536
      vertex 29.960049 39.730908 13.654536
      vertex 30.476152 40.459105 14.505618
    endloop
  endfacet
  facet normal 0.413877 -0.800330 0.433795
    outer loop
      vertex 28.413035 38.930896 13.654536
      vertex 30.476152 40.459105 14.505618
      vertex 28.764783 39.574100 14.505618
    endloop
  endfacet
  facet normal -0.409232 0.811295 -0.417529
    outer loop
      vertex 29.259988 40.479630 14.448164
      vertex 27.184635 39.432784 14.448164
      vertex 27.360457 39.986316 15.351395
    endloop
  endfacet
  facet normal -0.409232 0.811295 -0.417529
    outer loop
      vertex 29.259988 40.479630 14.448164
      vertex 27.360457 39.986316 15.351395
      vertex 29.611032 41.121546 15.351395
    endloop
  endfacet
  facet normal 0.404643 -0.802199 0.439023
    outer loop
      vertex 26.760433 38.097294 13.654536
      vertex 28.413035 38.930896 13.654536
      vertex 28.764783 39.574100 14.505618
    endloop
  endfacet
  facet normal 0.404643 -0.802199 0.439023
    outer loop
      vertex 26.760433 38.097294 13.654536
      vertex 28.764783 39.574100 14.505618
      vertex 26.936608 38.651936 14.505618
    endloop
  endfacet
  facet normal -0.409662 0.811162 -0.417364
    outer loop
      vertex 27.184635 39.432784 14.448164
      vertex 24.928281 38.293257 14.448164
      vertex 24.913600 38.750578 15.351395
    endloop
  endfacet
  facet normal -0.409662 0.811162 -0.417364
    outer loop
      vertex 27.184635 39.432784 14.448164
      vertex 24.913600 38.750578 15.351395
      vertex 27.360457 39.986316 15.351395
    endloop
  endfacet
  facet normal 0.405072 -0.802075 0.438854
    outer loop
      vertex 24.963702 37.189890 13.654536
      vertex 26.760433 38.097294 13.654536
      vertex 26.936608 38.651936 14.505618
    endloop
  endfacet
  facet normal 0.405072 -0.802075 0.438854
    outer loop
      vertex 24.963702 37.189890 13.654536
      vertex 26.936608 38.651936 14.505618
      vertex 24.948991 37.648129 14.505618
    endloop
  endfacet
  facet normal -0.444226 0.796370 -0.410436
    outer loop
      vertex 24.928281 38.293257 14.448164
      vertex 22.528027 36.954364 14.448164
      vertex 22.310693 37.298643 15.351395
    endloop
  endfacet
  facet normal -0.444226 0.796370 -0.410436
    outer loop
      vertex 24.928281 38.293257 14.448164
      vertex 22.310693 37.298643 15.351395
      vertex 24.913600 38.750578 15.351395
    endloop
  endfacet
  facet normal 0.439410 -0.787737 0.431728
    outer loop
      vertex 23.052382 36.123731 13.654536
      vertex 24.963702 37.189890 13.654536
      vertex 24.948991 37.648129 14.505618
    endloop
  endfacet
  facet normal 0.439410 -0.787737 0.431728
    outer loop
      vertex 23.052382 36.123731 13.654536
      vertex 24.948991 37.648129 14.505618
      vertex 22.834612 36.468701 14.505618
    endloop
  endfacet
  facet normal -0.503474 0.760072 -0.410857
    outer loop
      vertex 22.528027 36.954364 14.448164
      vertex 20.244786 35.441938 14.448164
      vertex 19.834680 35.658523 15.351395
    endloop
  endfacet
  facet normal -0.503474 0.760072 -0.410857
    outer loop
      vertex 22.528027 36.954364 14.448164
      vertex 19.834680 35.658523 15.351395
      vertex 22.310693 37.298643 15.351395
    endloop
  endfacet
  facet normal 0.498006 -0.751816 0.432161
    outer loop
      vertex 21.234240 34.919388 13.654536
      vertex 23.052382 36.123731 13.654536
      vertex 22.834612 36.468701 14.505618
    endloop
  endfacet
  facet normal 0.498006 -0.751816 0.432161
    outer loop
      vertex 21.234240 34.919388 13.654536
      vertex 22.834612 36.468701 14.505618
      vertex 20.823311 35.136408 14.505618
    endloop
  endfacet
  facet normal -0.530078 0.737969 -0.417636
    outer loop
      vertex 20.244786 35.441938 14.448164
      vertex 18.203408 33.975629 14.448164
      vertex 17.620948 34.068415 15.351395
    endloop
  endfacet
  facet normal -0.530078 0.737969 -0.417636
    outer loop
      vertex 20.244786 35.441938 14.448164
      vertex 17.620948 34.068415 15.351395
      vertex 19.834680 35.658523 15.351395
    endloop
  endfacet
  facet normal 0.524132 -0.729690 0.439133
    outer loop
      vertex 19.608693 33.751768 13.654536
      vertex 21.234240 34.919388 13.654536
      vertex 20.823311 35.136408 14.505618
    endloop
  endfacet
  facet normal 0.524132 -0.729690 0.439133
    outer loop
      vertex 19.608693 33.751768 13.654536
      vertex 20.823311 35.136408 14.505618
      vertex 19.025064 33.844740 14.505618
    endloop
  endfacet
  facet normal -0.529540 0.738519 -0.417346
    outer loop
      vertex 18.203408 33.975629 14.448164
      vertex 16.322568 32.627012 14.448164
      vertex 15.581309 32.605934 15.351395
    endloop
  endfacet
  facet normal -0.529540 0.738519 -0.417346
    outer loop
      vertex 18.203408 33.975629 14.448164
      vertex 15.581309 32.605934 15.351395
      vertex 17.620948 34.068415 15.351395
    endloop
  endfacet
  facet normal 0.523608 -0.730246 0.438835
    outer loop
      vertex 18.110982 32.677866 13.654536
      vertex 19.608693 33.751768 13.654536
      vertex 19.025064 33.844740 14.505618
    endloop
  endfacet
  facet normal 0.523608 -0.730246 0.438835
    outer loop
      vertex 18.110982 32.677866 13.654536
      vertex 19.025064 33.844740 14.505618
      vertex 17.368237 32.656746 14.505618
    endloop
  endfacet
  facet normal -0.523336 0.745860 -0.412083
    outer loop
      vertex 16.322568 32.627012 14.448164
      vertex 14.537722 31.374668 14.448164
      vertex 13.645770 31.247855 15.351395
    endloop
  endfacet
  facet normal -0.523336 0.745860 -0.412083
    outer loop
      vertex 16.322568 32.627012 14.448164
      vertex 13.645770 31.247855 15.351395
      vertex 15.581309 32.605934 15.351395
    endloop
  endfacet
  facet normal 0.517618 -0.737711 0.433422
    outer loop
      vertex 16.689712 31.680626 13.654536
      vertex 18.110982 32.677866 13.654536
      vertex 17.368237 32.656746 14.505618
    endloop
  endfacet
  facet normal 0.517618 -0.737711 0.433422
    outer loop
      vertex 16.689712 31.680626 13.654536
      vertex 17.368237 32.656746 14.505618
      vertex 15.795970 31.553559 14.505618
    endloop
  endfacet
  facet normal -0.364918 -0.801964 -0.472957
    outer loop
      vertex 14.537722 31.374668 14.448164
      vertex 16.181346 30.626769 14.448164
      vertex 15.428164 30.436811 15.351395
    endloop
  endfacet
  facet normal -0.364918 -0.801964 -0.472957
    outer loop
      vertex 14.537722 31.374668 14.448164
      vertex 15.428164 30.436811 15.351395
      vertex 13.645770 31.247855 15.351395
    endloop
  endfacet
  facet normal 0.359693 0.790481 0.495742
    outer loop
      vertex 17.998527 31.085075 13.654536
      vertex 16.689712 31.680626 13.654536
      vertex 15.795970 31.553559 14.505618
    endloop
  endfacet
  facet normal 0.359693 0.790481 0.495742
    outer loop
      vertex 17.998527 31.085075 13.654536
      vertex 15.795970 31.553559 14.505618
      vertex 17.243834 30.894736 14.505618
    endloop
  endfacet
  facet normal -0.368782 -0.798692 -0.475490
    outer loop
      vertex 16.181346 30.626769 14.448164
      vertex 17.901362 29.832582 14.448164
      vertex 17.293401 29.575572 15.351395
    endloop
  endfacet
  facet normal -0.368782 -0.798692 -0.475490
    outer loop
      vertex 16.181346 30.626769 14.448164
      vertex 17.293401 29.575572 15.351395
      vertex 15.428164 30.436811 15.351395
    endloop
  endfacet
  facet normal 0.363446 0.787136 0.498321
    outer loop
      vertex 19.368174 30.452665 13.654536
      vertex 17.998527 31.085075 13.654536
      vertex 17.243834 30.894736 14.505618
    endloop
  endfacet
  facet normal 0.363446 0.787136 0.498321
    outer loop
      vertex 19.368174 30.452665 13.654536
      vertex 17.243834 30.894736 14.505618
      vertex 18.758993 30.195138 14.505618
    endloop
  endfacet
  facet normal -0.367515 -0.799625 -0.474903
    outer loop
      vertex 17.901362 29.832582 14.448164
      vertex 19.727685 28.993187 14.448164
      vertex 19.273919 28.665306 15.351395
    endloop
  endfacet
  facet normal -0.367515 -0.799625 -0.474903
    outer loop
      vertex 17.901362 29.832582 14.448164
      vertex 19.273919 28.665306 15.351395
      vertex 17.293401 29.575572 15.351395
    endloop
  endfacet
  facet normal 0.362211 0.788083 0.497724
    outer loop
      vertex 20.822473 29.784255 13.654536
      vertex 19.368174 30.452665 13.654536
      vertex 18.758993 30.195138 14.505618
    endloop
  endfacet
  facet normal 0.362211 0.788083 0.497724
    outer loop
      vertex 20.822473 29.784255 13.654536
      vertex 18.758993 30.195138 14.505618
      vertex 20.367797 29.455717 14.505618
    endloop
  endfacet
  facet normal -0.352013 -0.809111 -0.470559
    outer loop
      vertex 19.727685 28.993187 14.448164
      vertex 21.690249 28.139350 14.448164
      vertex 21.402182 27.739380 15.351395
    endloop
  endfacet
  facet normal -0.352013 -0.809111 -0.470559
    outer loop
      vertex 19.727685 28.993187 14.448164
      vertex 21.402182 27.739380 15.351395
      vertex 19.273919 28.665306 15.351395
    endloop
  endfacet
  facet normal 0.347023 0.797641 0.493300
    outer loop
      vertex 22.385260 29.104346 13.654536
      vertex 20.822473 29.784255 13.654536
      vertex 20.367797 29.455717 14.505618
    endloop
  endfacet
  facet normal 0.347023 0.797641 0.493300
    outer loop
      vertex 22.385260 29.104346 13.654536
      vertex 20.367797 29.455717 14.505618
      vertex 22.096615 28.703574 14.505618
    endloop
  endfacet
  facet normal -0.314527 -0.826757 -0.466417
    outer loop
      vertex 21.690249 28.139350 14.448164
      vertex 23.767260 27.349184 14.448164
      vertex 23.654555 26.882501 15.351395
    endloop
  endfacet
  facet normal -0.314527 -0.826757 -0.466417
    outer loop
      vertex 21.690249 28.139350 14.448164
      vertex 23.654555 26.882501 15.351395
      vertex 21.402182 27.739380 15.351395
    endloop
  endfacet
  facet normal 0.310144 0.815238 0.489079
    outer loop
      vertex 24.039182 28.475138 13.654536
      vertex 22.385260 29.104346 13.654536
      vertex 22.096615 28.703574 14.505618
    endloop
  endfacet
  facet normal 0.310144 0.815238 0.489079
    outer loop
      vertex 24.039182 28.475138 13.654536
      vertex 22.096615 28.703574 14.505618
      vertex 23.926250 28.007518 14.505618
    endloop
  endfacet
  facet normal -0.269606 -0.841391 -0.468373
    outer loop
      vertex 23.767260 27.349184 14.448164
      vertex 25.846331 26.682991 14.448164
      vertex 25.909161 26.160061 15.351395
    endloop
  endfacet
  facet normal -0.269606 -0.841391 -0.468373
    outer loop
      vertex 23.767260 27.349184 14.448164
      vertex 25.909161 26.160061 15.351395
      vertex 23.654555 26.882501 15.351395
    endloop
  endfacet
  facet normal 0.265818 0.829571 0.491072
    outer loop
      vertex 25.694744 27.944649 13.654536
      vertex 24.039182 28.475138 13.654536
      vertex 23.926250 28.007518 14.505618
    endloop
  endfacet
  facet normal 0.265818 0.829571 0.491072
    outer loop
      vertex 25.694744 27.944649 13.654536
      vertex 23.926250 28.007518 14.505618
      vertex 25.757700 27.420670 14.505618
    endloop
  endfacet
  facet normal -0.242762 -0.846762 -0.473350
    outer loop
      vertex 25.846331 26.682991 14.448164
      vertex 27.827497 26.115002 14.448164
      vertex 28.057596 25.544118 15.351395
    endloop
  endfacet
  facet normal -0.242762 -0.846762 -0.473350
    outer loop
      vertex 25.846331 26.682991 14.448164
      vertex 28.057596 25.544118 15.351395
      vertex 25.909161 26.160061 15.351395
    endloop
  endfacet
  facet normal 0.239280 0.834618 0.496142
    outer loop
      vertex 27.272344 27.492360 13.654536
      vertex 25.694744 27.944649 13.654536
      vertex 25.757700 27.420670 14.505618
    endloop
  endfacet
  facet normal 0.239280 0.834618 0.496142
    outer loop
      vertex 27.272344 27.492360 13.654536
      vertex 25.757700 27.420670 14.505618
      vertex 27.502904 26.920330 14.505618
    endloop
  endfacet
  facet normal -0.236166 -0.847444 -0.475461
    outer loop
      vertex 27.827497 26.115002 14.448164
      vertex 29.692648 25.595221 14.448164
      vertex 30.080221 24.980451 15.351395
    endloop
  endfacet
  facet normal -0.236166 -0.847444 -0.475461
    outer loop
      vertex 27.827497 26.115002 14.448164
      vertex 30.080221 24.980451 15.351395
      vertex 28.057596 25.544118 15.351395
    endloop
  endfacet
  facet normal 0.232750 0.835184 0.498292
    outer loop
      vertex 28.757561 27.078459 13.654536
      vertex 27.272344 27.492360 13.654536
      vertex 27.502904 26.920330 14.505618
    endloop
  endfacet
  facet normal 0.232750 0.835184 0.498292
    outer loop
      vertex 28.757561 27.078459 13.654536
      vertex 27.502904 26.920330 14.505618
      vertex 29.145912 26.462456 14.505618
    endloop
  endfacet
  facet normal 0.861582 -0.163091 -0.480706
    outer loop
      vertex 29.692648 25.595221 14.448164
      vertex 30.047183 27.468171 14.448164
      vertex 30.464690 27.011534 15.351395
    endloop
  endfacet
  facet normal 0.861582 -0.163091 -0.480706
    outer loop
      vertex 29.692648 25.595221 14.448164
      vertex 30.464690 27.011534 15.351395
      vertex 30.080221 24.980451 15.351395
    endloop
  endfacet
  facet normal -0.848846 0.160680 0.503629
    outer loop
      vertex 29.039877 28.569887 13.654536
      vertex 28.757561 27.078459 13.654536
      vertex 29.145912 26.462456 14.505618
    endloop
  endfacet
  facet normal -0.848846 0.160680 0.503629
    outer loop
      vertex 29.039877 28.569887 13.654536
      vertex 29.145912 26.462456 14.505618
      vertex 29.458221 28.112333 14.505618
    endloop
  endfacet
  facet normal 0.864073 -0.156372 -0.478461
    outer loop
      vertex 30.047183 27.468171 14.448164
      vertex 30.407887 29.461332 14.448164
      vertex 30.855847 29.172977 15.351395
    endloop
  endfacet
  facet normal 0.864073 -0.156372 -0.478461
    outer loop
      vertex 30.047183 27.468171 14.448164
      vertex 30.855847 29.172977 15.351395
      vertex 30.464690 27.011534 15.351395
    endloop
  endfacet
  facet normal -0.851418 0.154081 0.501345
    outer loop
      vertex 29.327105 30.157039 13.654536
      vertex 29.039877 28.569887 13.654536
      vertex 29.458221 28.112333 14.505618
    endloop
  endfacet
  facet normal -0.851418 0.154081 0.501345
    outer loop
      vertex 29.327105 30.157039 13.654536
      vertex 29.458221 28.112333 14.505618
      vertex 29.775964 29.868105 14.505618
    endloop
  endfacet
  facet normal 0.871024 -0.130398 -0.473617
    outer loop
      vertex 30.407887 29.461332 14.448164
      vertex 30.724871 31.578702 14.448164
      vertex 31.199594 31.469115 15.351395
    endloop
  endfacet
  facet normal 0.871024 -0.130398 -0.473617
    outer loop
      vertex 30.407887 29.461332 14.448164
      vertex 31.199594 31.469115 15.351395
      vertex 30.855847 29.172977 15.351395
    endloop
  endfacet
  facet normal -0.858519 0.128526 0.496414
    outer loop
      vertex 29.579519 31.843098 13.654536
      vertex 29.327105 30.157039 13.654536
      vertex 29.775964 29.868105 14.505618
    endloop
  endfacet
  facet normal -0.858519 0.128526 0.496414
    outer loop
      vertex 29.579519 31.843098 13.654536
      vertex 29.775964 29.868105 14.505618
      vertex 30.055195 31.733292 14.505618
    endloop
  endfacet
  facet normal 0.877658 -0.085317 -0.471633
    outer loop
      vertex 30.724871 31.578702 14.448164
      vertex 30.935749 33.748015 14.448164
      vertex 31.428276 33.821583 15.351395
    endloop
  endfacet
  facet normal 0.877658 -0.085317 -0.471633
    outer loop
      vertex 30.724871 31.578702 14.448164
      vertex 31.428276 33.821583 15.351395
      vertex 31.199594 31.469115 15.351395
    endloop
  endfacet
  facet normal -0.865160 0.084102 0.494394
    outer loop
      vertex 29.747441 33.570519 13.654536
      vertex 29.579519 31.843098 13.654536
      vertex 30.055195 31.733292 14.505618
    endloop
  endfacet
  facet normal -0.865160 0.084102 0.494394
    outer loop
      vertex 29.747441 33.570519 13.654536
      vertex 30.055195 31.733292 14.505618
      vertex 30.240957 33.644235 14.505618
    endloop
  endfacet
  facet normal 0.878604 -0.044481 -0.475475
    outer loop
      vertex 30.935749 33.748015 14.448164
      vertex 31.042211 35.850904 14.448164
      vertex 31.543727 36.102019 15.351395
    endloop
  endfacet
  facet normal 0.878604 -0.044481 -0.475475
    outer loop
      vertex 30.935749 33.748015 14.448164
      vertex 31.543727 36.102019 15.351395
      vertex 31.428276 33.821583 15.351395
    endloop
  endfacet
  facet normal -0.865892 0.043837 0.498306
    outer loop
      vertex 29.832217 35.245048 13.654536
      vertex 29.747441 33.570519 13.654536
      vertex 30.240957 33.644235 14.505618
    endloop
  endfacet
  facet normal -0.865892 0.043837 0.498306
    outer loop
      vertex 29.832217 35.245048 13.654536
      vertex 30.240957 33.644235 14.505618
      vertex 30.334739 35.496666 14.505618
    endloop
  endfacet
  facet normal 0.876968 -0.025372 -0.479879
    outer loop
      vertex 31.042211 35.850904 14.448164
      vertex 31.099544 37.832591 14.448164
      vertex 31.605901 38.251019 15.351395
    endloop
  endfacet
  facet normal 0.876968 -0.025372 -0.479879
    outer loop
      vertex 31.042211 35.850904 14.448164
      vertex 31.605901 38.251019 15.351395
      vertex 31.543727 36.102019 15.351395
    endloop
  endfacet
  facet normal -0.864049 0.024998 0.502787
    outer loop
      vertex 29.877871 36.823063 13.654536
      vertex 29.832217 35.245048 13.654536
      vertex 30.334739 35.496666 14.505618
    endloop
  endfacet
  facet normal -0.864049 0.024998 0.502787
    outer loop
      vertex 29.877871 36.823063 13.654536
      vertex 30.334739 35.496666 14.505618
      vertex 30.385244 37.242330 14.505618
    endloop
  endfacet
  facet normal 0.876507 -0.022711 -0.480854
    outer loop
      vertex 31.099544 37.832591 14.448164
      vertex 31.147991 39.702303 14.448164
      vertex 31.658438 40.278590 15.351395
    endloop
  endfacet
  facet normal 0.876507 -0.022711 -0.480854
    outer loop
      vertex 31.099544 37.832591 14.448164
      vertex 31.658438 40.278590 15.351395
      vertex 31.605901 38.251019 15.351395
    endloop
  endfacet
  facet normal -0.863543 0.022375 0.503778
    outer loop
      vertex 29.916449 38.311912 13.654536
      vertex 29.877871 36.823063 13.654536
      vertex 30.385244 37.242330 14.505618
    endloop
  endfacet
  facet normal -0.863543 0.022375 0.503778
    outer loop
      vertex 29.916449 38.311912 13.654536
      vertex 30.385244 37.242330 14.505618
      vertex 30.427920 38.889355 14.505618
    endloop
  endfacet
  facet normal 0.877548 -0.026963 -0.478729
    outer loop
      vertex 31.147991 39.702303 14.448164
      vertex 31.202744 41.484292 14.448164
      vertex 31.717814 42.211032 15.351395
    endloop
  endfacet
  facet normal 0.877548 -0.026963 -0.478729
    outer loop
      vertex 31.147991 39.702303 14.448164
      vertex 31.717814 42.211032 15.351395
      vertex 31.658438 40.278590 15.351395
    endloop
  endfacet
  facet normal -0.864681 0.026568 0.501618
    outer loop
      vertex 29.960049 39.730908 13.654536
      vertex 29.916449 38.311912 13.654536
      vertex 30.427920 38.889355 14.505618
    endloop
  endfacet
  facet normal -0.864681 0.026568 0.501618
    outer loop
      vertex 29.960049 39.730908 13.654536
      vertex 30.427920 38.889355 14.505618
      vertex 30.476152 40.459105 14.505618
    endloop
  endfacet
  facet normal -0.423863 0.819640 -0.385396
    outer loop
      vertex 31.717814 42.211032 15.351395
      vertex 29.611032 41.121546 15.351395
      vertex 29.930344 41.705439 16.242004
    endloop
  endfacet
  facet normal -0.423863 0.819640 -0.385396
    outer loop
      vertex 31.717814 42.211032 15.351395
      vertex 29.930344 41.705439 16.242004
      vertex 32.186326 42.872081 16.242004
    endloop
  endfacet
  facet normal 0.420605 -0.813340 0.401958
    outer loop
      vertex 28.764783 39.574100 14.505618
      vertex 30.476152 40.459105 14.505618
      vertex 30.944661 41.120149 15.352961
    endloop
  endfacet
  facet normal 0.420605 -0.813340 0.401958
    outer loop
      vertex 28.764783 39.574100 14.505618
      vertex 30.944661 41.120149 15.352961
      vertex 29.084093 40.157988 15.352961
    endloop
  endfacet
  facet normal -0.414652 0.822041 -0.390273
    outer loop
      vertex 29.611032 41.121546 15.351395
      vertex 27.360457 39.986316 15.351395
      vertex 27.520387 40.489813 16.242004
    endloop
  endfacet
  facet normal -0.414652 0.822041 -0.390273
    outer loop
      vertex 29.611032 41.121546 15.351395
      vertex 27.520387 40.489813 16.242004
      vertex 29.930344 41.705439 16.242004
    endloop
  endfacet
  facet normal 0.411384 -0.815563 0.406965
    outer loop
      vertex 26.936608 38.651936 14.505618
      vertex 28.764783 39.574100 14.505618
      vertex 29.084093 40.157988 15.352961
    endloop
  endfacet
  facet normal 0.411384 -0.815563 0.406965
    outer loop
      vertex 26.936608 38.651936 14.505618
      vertex 29.084093 40.157988 15.352961
      vertex 27.096537 39.155430 15.352961
    endloop
  endfacet
  facet normal -0.415084 0.821898 -0.390114
    outer loop
      vertex 27.360457 39.986316 15.351395
      vertex 24.913600 38.750578 15.351395
      vertex 24.900246 39.166562 16.242004
    endloop
  endfacet
  facet normal -0.415084 0.821898 -0.390114
    outer loop
      vertex 27.360457 39.986316 15.351395
      vertex 24.900246 39.166562 16.242004
      vertex 27.520387 40.489813 16.242004
    endloop
  endfacet
  facet normal 0.411815 -0.815426 0.406802
    outer loop
      vertex 24.948991 37.648129 14.505618
      vertex 26.936608 38.651936 14.505618
      vertex 27.096537 39.155430 15.352961
    endloop
  endfacet
  facet normal 0.411815 -0.815426 0.406802
    outer loop
      vertex 24.948991 37.648129 14.505618
      vertex 27.096537 39.155430 15.352961
      vertex 24.935637 38.064110 15.352961
    endloop
  endfacet
  facet normal -0.449908 0.806556 -0.383471
    outer loop
      vertex 24.913600 38.750578 15.351395
      vertex 22.310693 37.298643 15.351395
      vertex 22.113005 37.611803 16.242004
    endloop
  endfacet
  facet normal -0.449908 0.806556 -0.383471
    outer loop
      vertex 24.913600 38.750578 15.351395
      vertex 22.113005 37.611803 16.242004
      vertex 24.900246 39.166562 16.242004
    endloop
  endfacet
  facet normal 0.446483 -0.800418 0.399980
    outer loop
      vertex 22.834612 36.468701 14.505618
      vertex 24.948991 37.648129 14.505618
      vertex 24.935637 38.064110 15.352961
    endloop
  endfacet
  facet normal 0.446483 -0.800418 0.399980
    outer loop
      vertex 22.834612 36.468701 14.505618
      vertex 24.935637 38.064110 15.352961
      vertex 22.636925 36.781858 15.352961
    endloop
  endfacet
  facet normal -0.509928 0.769815 -0.383874
    outer loop
      vertex 22.310693 37.298643 15.351395
      vertex 19.834680 35.658523 15.351395
      vertex 19.461642 35.855532 16.242004
    endloop
  endfacet
  facet normal -0.509928 0.769815 -0.383874
    outer loop
      vertex 22.310693 37.298643 15.351395
      vertex 19.461642 35.855532 16.242004
      vertex 22.113005 37.611803 16.242004
    endloop
  endfacet
  facet normal 0.506038 -0.763943 0.400395
    outer loop
      vertex 20.823311 35.136408 14.505618
      vertex 22.834612 36.468701 14.505618
      vertex 22.636925 36.781858 15.352961
    endloop
  endfacet
  facet normal 0.506038 -0.763943 0.400395
    outer loop
      vertex 20.823311 35.136408 14.505618
      vertex 22.636925 36.781858 15.352961
      vertex 20.450276 35.333415 15.352961
    endloop
  endfacet
  facet normal -0.537103 0.747748 -0.390375
    outer loop
      vertex 19.834680 35.658523 15.351395
      vertex 17.620948 34.068415 15.351395
      vertex 17.091137 34.152813 16.242004
    endloop
  endfacet
  facet normal -0.537103 0.747748 -0.390375
    outer loop
      vertex 19.834680 35.658523 15.351395
      vertex 17.091137 34.152813 16.242004
      vertex 19.461642 35.855532 16.242004
    endloop
  endfacet
  facet normal 0.532868 -0.741853 0.407070
    outer loop
      vertex 19.025064 33.844740 14.505618
      vertex 20.823311 35.136408 14.505618
      vertex 20.450276 35.333415 15.352961
    endloop
  endfacet
  facet normal 0.532868 -0.741853 0.407070
    outer loop
      vertex 19.025064 33.844740 14.505618
      vertex 20.450276 35.333415 15.352961
      vertex 18.495257 33.929138 15.352961
    endloop
  endfacet
  facet normal -0.536548 0.748292 -0.390097
    outer loop
      vertex 17.620948 34.068415 15.351395
      vertex 15.581309 32.605934 15.351395
      vertex 14.907054 32.586761 16.242004
    endloop
  endfacet
  facet normal -0.536548 0.748292 -0.390097
    outer loop
      vertex 17.620948 34.068415 15.351395
      vertex 14.907054 32.586761 16.242004
      vertex 17.091137 34.152813 16.242004
    endloop
  endfacet
  facet normal 0.532323 -0.742401 0.406784
    outer loop
      vertex 17.368237 32.656746 14.505618
      vertex 19.025064 33.844740 14.505618
      vertex 18.495257 33.929138 15.352961
    endloop
  endfacet
  facet normal 0.532323 -0.742401 0.406784
    outer loop
      vertex 17.368237 32.656746 14.505618
      vertex 18.495257 33.929138 15.352961
      vertex 16.693986 32.637573 15.352961
    endloop
  endfacet
  facet normal -0.530084 0.755479 -0.385049
    outer loop
      vertex 15.581309 32.605934 15.351395
      vertex 13.645770 31.247855 15.351395
      vertex 12.834441 31.132505 16.242004
    endloop
  endfacet
  facet normal -0.530084 0.755479 -0.385049
    outer loop
      vertex 15.581309 32.605934 15.351395
      vertex 12.834441 31.132505 16.242004
      vertex 14.907054 32.586761 16.242004
    endloop
  endfacet
  facet normal 0.526017 -0.749682 0.401601
    outer loop
      vertex 15.795970 31.553559 14.505618
      vertex 17.368237 32.656746 14.505618
      vertex 16.693986 32.637573 15.352961
    endloop
  endfacet
  facet normal 0.526017 -0.749682 0.401601
    outer loop
      vertex 15.795970 31.553559 14.505618
      vertex 16.693986 32.637573 15.352961
      vertex 14.984648 31.438210 15.352961
    endloop
  endfacet
  facet normal -0.371156 -0.815672 -0.443761
    outer loop
      vertex 13.645770 31.247855 15.351395
      vertex 15.428164 30.436811 15.351395
      vertex 14.743062 30.264024 16.242004
    endloop
  endfacet
  facet normal -0.371156 -0.815672 -0.443761
    outer loop
      vertex 13.645770 31.247855 15.351395
      vertex 14.743062 30.264024 16.242004
      vertex 12.834441 31.132505 16.242004
    endloop
  endfacet
  facet normal 0.367387 0.807390 0.461680
    outer loop
      vertex 17.243834 30.894736 14.505618
      vertex 15.795970 31.553559 14.505618
      vertex 14.984648 31.438210 15.352961
    endloop
  endfacet
  facet normal 0.367387 0.807390 0.461680
    outer loop
      vertex 17.243834 30.894736 14.505618
      vertex 14.984648 31.438210 15.352961
      vertex 16.558738 30.721950 15.352961
    endloop
  endfacet
  facet normal -0.375154 -0.812494 -0.446220
    outer loop
      vertex 15.428164 30.436811 15.351395
      vertex 17.293401 29.575572 15.351395
      vertex 16.740393 29.341792 16.242004
    endloop
  endfacet
  facet normal -0.375154 -0.812494 -0.446220
    outer loop
      vertex 15.428164 30.436811 15.351395
      vertex 16.740393 29.341792 16.242004
      vertex 14.743062 30.264024 16.242004
    endloop
  endfacet
  facet normal 0.371304 0.804154 0.464187
    outer loop
      vertex 18.758993 30.195138 14.505618
      vertex 17.243834 30.894736 14.505618
      vertex 16.558738 30.721950 15.352961
    endloop
  endfacet
  facet normal 0.371304 0.804154 0.464187
    outer loop
      vertex 18.758993 30.195138 14.505618
      vertex 16.558738 30.721950 15.352961
      vertex 18.205990 29.961361 15.352961
    endloop
  endfacet
  facet normal -0.373850 -0.813408 -0.445650
    outer loop
      vertex 17.293401 29.575572 15.351395
      vertex 19.273919 28.665306 15.351395
      vertex 18.861169 28.367063 16.242004
    endloop
  endfacet
  facet normal -0.373850 -0.813408 -0.445650
    outer loop
      vertex 17.293401 29.575572 15.351395
      vertex 18.861169 28.367063 16.242004
      vertex 16.740393 29.341792 16.242004
    endloop
  endfacet
  facet normal 0.370022 0.805079 0.463606
    outer loop
      vertex 20.367797 29.455717 14.505618
      vertex 18.758993 30.195138 14.505618
      vertex 18.205990 29.961361 15.352961
    endloop
  endfacet
  facet normal 0.370022 0.805079 0.463606
    outer loop
      vertex 20.367797 29.455717 14.505618
      vertex 18.205990 29.961361 15.352961
      vertex 19.955050 29.157476 15.352961
    endloop
  endfacet
  facet normal -0.357968 -0.822797 -0.441434
    outer loop
      vertex 19.273919 28.665306 15.351395
      vertex 21.402182 27.739380 15.351395
      vertex 21.140153 27.375564 16.242004
    endloop
  endfacet
  facet normal -0.357968 -0.822797 -0.441434
    outer loop
      vertex 19.273919 28.665306 15.351395
      vertex 21.140153 27.375564 16.242004
      vertex 18.861169 28.367063 16.242004
    endloop
  endfacet
  facet normal 0.354371 0.814529 0.459308
    outer loop
      vertex 22.096615 28.703574 14.505618
      vertex 20.367797 29.455717 14.505618
      vertex 19.955050 29.157476 15.352961
    endloop
  endfacet
  facet normal 0.354371 0.814529 0.459308
    outer loop
      vertex 22.096615 28.703574 14.505618
      vertex 19.955050 29.157476 15.352961
      vertex 21.834589 28.339760 15.352961
    endloop
  endfacet
  facet normal -0.319751 -0.840491 -0.437418
    outer loop
      vertex 21.402182 27.739380 15.351395
      vertex 23.654555 26.882501 15.351395
      vertex 23.552037 26.458001 16.242004
    endloop
  endfacet
  facet normal -0.319751 -0.840491 -0.437418
    outer loop
      vertex 21.402182 27.739380 15.351395
      vertex 23.552037 26.458001 16.242004
      vertex 21.140153 27.375564 16.242004
    endloop
  endfacet
  facet normal 0.316596 0.832196 0.455212
    outer loop
      vertex 23.926250 28.007518 14.505618
      vertex 22.096615 28.703574 14.505618
      vertex 21.834589 28.339760 15.352961
    endloop
  endfacet
  facet normal 0.316596 0.832196 0.455212
    outer loop
      vertex 23.926250 28.007518 14.505618
      vertex 21.834589 28.339760 15.352961
      vertex 23.823733 27.583022 15.352961
    endloop
  endfacet
  facet normal -0.274123 -0.855488 -0.439314
    outer loop
      vertex 23.654555 26.882501 15.351395
      vertex 25.909161 26.160061 15.351395
      vertex 25.966311 25.684400 16.242004
    endloop
  endfacet
  facet normal -0.274123 -0.855488 -0.439314
    outer loop
      vertex 23.654555 26.882501 15.351395
      vertex 25.966311 25.684400 16.242004
      vertex 23.552037 26.458001 16.242004
    endloop
  endfacet
  facet normal 0.271394 0.846973 0.457146
    outer loop
      vertex 25.757700 27.420670 14.505618
      vertex 23.926250 28.007518 14.505618
      vertex 23.823733 27.583022 15.352961
    endloop
  endfacet
  facet normal 0.271394 0.846973 0.457146
    outer loop
      vertex 25.757700 27.420670 14.505618
      vertex 23.823733 27.583022 15.352961
      vertex 25.814850 26.945012 15.352961
    endloop
  endfacet
  facet normal -0.246918 -0.861260 -0.444142
    outer loop
      vertex 25.909161 26.160061 15.351395
      vertex 28.057596 25.544118 15.351395
      vertex 28.266896 25.024836 16.242004
    endloop
  endfacet
  facet normal -0.246918 -0.861260 -0.444142
    outer loop
      vertex 25.909161 26.160061 15.351395
      vertex 28.266896 25.024836 16.242004
      vertex 25.966311 25.684400 16.242004
    endloop
  endfacet
  facet normal 0.244407 0.852501 0.462069
    outer loop
      vertex 27.502904 26.920330 14.505618
      vertex 25.757700 27.420670 14.505618
      vertex 25.814850 26.945012 15.352961
    endloop
  endfacet
  facet normal 0.244407 0.852501 0.462069
    outer loop
      vertex 27.502904 26.920330 14.505618
      vertex 25.814850 26.945012 15.352961
      vertex 27.712203 26.401052 15.352961
    endloop
  endfacet
  facet normal -0.240247 -0.862087 -0.446192
    outer loop
      vertex 28.057596 25.544118 15.351395
      vertex 30.080221 24.980451 15.351395
      vertex 30.432761 24.421251 16.242004
    endloop
  endfacet
  facet normal -0.240247 -0.862087 -0.446192
    outer loop
      vertex 28.057596 25.544118 15.351395
      vertex 30.432761 24.421251 16.242004
      vertex 28.266896 25.024836 16.242004
    endloop
  endfacet
  facet normal 0.237781 0.853239 0.464158
    outer loop
      vertex 29.145912 26.462456 14.505618
      vertex 27.502904 26.920330 14.505618
      vertex 27.712203 26.401052 15.352961
    endloop
  endfacet
  facet normal 0.237781 0.853239 0.464158
    outer loop
      vertex 29.145912 26.462456 14.505618
      vertex 27.712203 26.401052 15.352961
      vertex 29.498449 25.903260 15.352961
    endloop
  endfacet
  facet normal 0.876807 -0.165973 -0.451289
    outer loop
      vertex 30.080221 24.980451 15.351395
      vertex 30.464690 27.011534 15.351395
      vertex 30.844457 26.596172 16.242004
    endloop
  endfacet
  facet normal 0.876807 -0.165973 -0.451289
    outer loop
      vertex 30.080221 24.980451 15.351395
      vertex 30.844457 26.596172 16.242004
      vertex 30.432761 24.421251 16.242004
    endloop
  endfacet
  facet normal -0.867605 0.164231 0.469350
    outer loop
      vertex 29.458221 28.112333 14.505618
      vertex 29.145912 26.462456 14.505618
      vertex 29.498449 25.903260 15.352961
    endloop
  endfacet
  facet normal -0.867605 0.164231 0.469350
    outer loop
      vertex 29.458221 28.112333 14.505618
      vertex 29.498449 25.903260 15.352961
      vertex 29.837986 27.696975 15.352961
    endloop
  endfacet
  facet normal 0.879197 -0.159109 -0.449107
    outer loop
      vertex 30.464690 27.011534 15.351395
      vertex 30.855847 29.172977 15.351395
      vertex 31.263316 28.910687 16.242004
    endloop
  endfacet
  facet normal 0.879197 -0.159109 -0.449107
    outer loop
      vertex 30.464690 27.011534 15.351395
      vertex 31.263316 28.910687 16.242004
      vertex 30.844457 26.596172 16.242004
    endloop
  endfacet
  facet normal -0.870057 0.157455 0.467128
    outer loop
      vertex 29.775964 29.868105 14.505618
      vertex 29.458221 28.112333 14.505618
      vertex 29.837986 27.696975 15.352961
    endloop
  endfacet
  facet normal -0.870057 0.157455 0.467128
    outer loop
      vertex 29.775964 29.868105 14.505618
      vertex 29.837986 27.696975 15.352961
      vertex 30.183430 29.605817 15.352961
    endloop
  endfacet
  facet normal 0.885955 -0.132633 -0.444401
    outer loop
      vertex 30.855847 29.172977 15.351395
      vertex 31.199594 31.469115 15.351395
      vertex 31.631406 31.369435 16.242004
    endloop
  endfacet
  facet normal 0.885955 -0.132633 -0.444401
    outer loop
      vertex 30.855847 29.172977 15.351395
      vertex 31.631406 31.369435 16.242004
      vertex 31.263316 28.910687 16.242004
    endloop
  endfacet
  facet normal -0.876934 0.131283 0.462333
    outer loop
      vertex 30.055195 31.733292 14.505618
      vertex 29.775964 29.868105 14.505618
      vertex 30.183430 29.605817 15.352961
    endloop
  endfacet
  facet normal -0.876934 0.131283 0.462333
    outer loop
      vertex 30.055195 31.733292 14.505618
      vertex 30.183430 29.605817 15.352961
      vertex 30.487004 31.633612 15.352961
    endloop
  endfacet
  facet normal 0.892573 -0.086767 -0.442476
    outer loop
      vertex 31.199594 31.469115 15.351395
      vertex 31.428276 33.821583 15.351395
      vertex 31.876284 33.888501 16.242004
    endloop
  endfacet
  facet normal 0.892573 -0.086767 -0.442476
    outer loop
      vertex 31.199594 31.469115 15.351395
      vertex 31.876284 33.888501 16.242004
      vertex 31.631406 31.369435 16.242004
    endloop
  endfacet
  facet normal -0.883562 0.085891 0.460371
    outer loop
      vertex 30.240957 33.644235 14.505618
      vertex 30.055195 31.733292 14.505618
      vertex 30.487004 31.633612 15.352961
    endloop
  endfacet
  facet normal -0.883562 0.085891 0.460371
    outer loop
      vertex 30.240957 33.644235 14.505618
      vertex 30.487004 31.633612 15.352961
      vertex 30.688961 33.711153 15.352961
    endloop
  endfacet
  facet normal 0.893786 -0.045249 -0.446206
    outer loop
      vertex 31.428276 33.821583 15.351395
      vertex 31.543727 36.102019 15.351395
      vertex 31.999910 36.330435 16.242004
    endloop
  endfacet
  facet normal 0.893786 -0.045249 -0.446206
    outer loop
      vertex 31.428276 33.821583 15.351395
      vertex 31.999910 36.330435 16.242004
      vertex 31.876284 33.888501 16.242004
    endloop
  endfacet
  facet normal -0.884612 0.044785 0.464172
    outer loop
      vertex 30.334739 35.496666 14.505618
      vertex 30.240957 33.644235 14.505618
      vertex 30.688961 33.711153 15.352961
    endloop
  endfacet
  facet normal -0.884612 0.044785 0.464172
    outer loop
      vertex 30.334739 35.496666 14.505618
      vertex 30.688961 33.711153 15.352961
      vertex 30.790919 35.725080 15.352961
    endloop
  endfacet
  facet normal 0.892411 -0.025819 -0.450485
    outer loop
      vertex 31.543727 36.102019 15.351395
      vertex 31.605901 38.251019 15.351395
      vertex 32.066488 38.631625 16.242004
    endloop
  endfacet
  facet normal 0.892411 -0.025819 -0.450485
    outer loop
      vertex 31.543727 36.102019 15.351395
      vertex 32.066488 38.631625 16.242004
      vertex 31.999910 36.330435 16.242004
    endloop
  endfacet
  facet normal -0.883077 0.025549 0.468531
    outer loop
      vertex 30.385244 37.242330 14.505618
      vertex 30.334739 35.496666 14.505618
      vertex 30.790919 35.725080 15.352961
    endloop
  endfacet
  facet normal -0.883077 0.025549 0.468531
    outer loop
      vertex 30.385244 37.242330 14.505618
      vertex 30.790919 35.725080 15.352961
      vertex 30.845827 37.622932 15.352961
    endloop
  endfacet
  facet normal 0.892006 -0.023113 -0.451432
    outer loop
      vertex 31.605901 38.251019 15.351395
      vertex 31.658438 40.278590 15.351395
      vertex 32.122745 40.802785 16.242004
    endloop
  endfacet
  facet normal 0.892006 -0.023113 -0.451432
    outer loop
      vertex 31.605901 38.251019 15.351395
      vertex 32.122745 40.802785 16.242004
      vertex 32.066488 38.631625 16.242004
    endloop
  endfacet
  facet normal -0.882638 0.022870 0.469496
    outer loop
      vertex 30.427920 38.889355 14.505618
      vertex 30.385244 37.242330 14.505618
      vertex 30.845827 37.622932 15.352961
    endloop
  endfacet
  facet normal -0.882638 0.022870 0.469496
    outer loop
      vertex 30.427920 38.889355 14.505618
      vertex 30.845827 37.622932 15.352961
      vertex 30.892224 39.413546 15.352961
    endloop
  endfacet
  facet normal 0.892926 -0.027436 -0.449367
    outer loop
      vertex 31.658438 40.278590 15.351395
      vertex 31.717814 42.211032 15.351395
      vertex 32.186326 42.872081 16.242004
    endloop
  endfacet
  facet normal 0.892926 -0.027436 -0.449367
    outer loop
      vertex 31.658438 40.278590 15.351395
      vertex 32.186326 42.872081 16.242004
      vertex 32.122745 40.802785 16.242004
    endloop
  endfacet
  facet normal -0.883633 0.027150 0.467393
    outer loop
      vertex 30.476152 40.459105 14.505618
      vertex 30.427920 38.889355 14.505618
      vertex 30.892224 39.413546 15.352961
    endloop
  endfacet
  facet normal -0.883633 0.027150 0.467393
    outer loop
      vertex 30.476152 40.459105 14.505618
      vertex 30.892224 39.413546 15.352961
      vertex 30.944661 41.120149 15.352961
    endloop
  endfacet
  facet normal -0.434058 0.839356 -0.327223
    outer loop
      vertex 32.186326 42.872081 16.242004
      vertex 29.930344 41.705439 16.242004
      vertex 30.190682 42.181489 17.117780
    endloop
  endfacet
  facet normal -0.434058 0.839356 -0.327223
    outer loop
      vertex 32.186326 42.872081 16.242004
      vertex 30.190682 42.181489 17.117780
      vertex 32.568306 43.411037 17.117780
    endloop
  endfacet
  facet normal 0.432378 -0.836107 0.337601
    outer loop
      vertex 29.084093 40.157988 15.352961
      vertex 30.944661 41.120149 15.352961
      vertex 31.325456 41.657434 16.195909
    endloop
  endfacet
  facet normal 0.432378 -0.836107 0.337601
    outer loop
      vertex 29.084093 40.157988 15.352961
      vertex 31.325456 41.657434 16.195909
      vertex 29.343623 40.632563 16.195909
    endloop
  endfacet
  facet normal -0.424890 0.842337 -0.331569
    outer loop
      vertex 29.930344 41.705439 16.242004
      vertex 27.520387 40.489813 16.242004
      vertex 27.650778 40.900317 17.117780
    endloop
  endfacet
  facet normal -0.424890 0.842337 -0.331569
    outer loop
      vertex 29.930344 41.705439 16.242004
      vertex 27.650778 40.900317 17.117780
      vertex 30.190682 42.181489 17.117780
    endloop
  endfacet
  facet normal 0.423201 -0.838989 0.342049
    outer loop
      vertex 27.096537 39.155430 15.352961
      vertex 29.084093 40.157988 15.352961
      vertex 29.343623 40.632563 16.195909
    endloop
  endfacet
  facet normal 0.423201 -0.838989 0.342049
    outer loop
      vertex 27.096537 39.155430 15.352961
      vertex 29.343623 40.632563 16.195909
      vertex 27.226523 39.564660 16.195909
    endloop
  endfacet
  facet normal -0.425323 0.842173 -0.331428
    outer loop
      vertex 27.520387 40.489813 16.242004
      vertex 24.900246 39.166562 16.242004
      vertex 24.889359 39.505716 17.117780
    endloop
  endfacet
  facet normal -0.425323 0.842173 -0.331428
    outer loop
      vertex 27.520387 40.489813 16.242004
      vertex 24.889359 39.505716 17.117780
      vertex 27.650778 40.900317 17.117780
    endloop
  endfacet
  facet normal 0.423635 -0.838830 0.341905
    outer loop
      vertex 24.935637 38.064110 15.352961
      vertex 27.096537 39.155430 15.352961
      vertex 27.226523 39.564660 16.195909
    endloop
  endfacet
  facet normal 0.423635 -0.838830 0.341905
    outer loop
      vertex 24.935637 38.064110 15.352961
      vertex 27.226523 39.564660 16.195909
      vertex 24.924784 38.402211 16.195909
    endloop
  endfacet
  facet normal -0.460618 0.825757 -0.325509
    outer loop
      vertex 24.900246 39.166562 16.242004
      vertex 22.113005 37.611803 16.242004
      vertex 21.951828 37.867123 17.117780
    endloop
  endfacet
  facet normal -0.460618 0.825757 -0.325509
    outer loop
      vertex 24.900246 39.166562 16.242004
      vertex 21.951828 37.867123 17.117780
      vertex 24.889359 39.505716 17.117780
    endloop
  endfacet
  facet normal 0.458854 -0.822594 0.335846
    outer loop
      vertex 22.636925 36.781858 15.352961
      vertex 24.935637 38.064110 15.352961
      vertex 24.924784 38.402211 16.195909
    endloop
  endfacet
  facet normal 0.458854 -0.822594 0.335846
    outer loop
      vertex 22.636925 36.781858 15.352961
      vertex 24.924784 38.402211 16.195909
      vertex 22.476249 37.036387 16.195909
    endloop
  endfacet
  facet normal -0.522093 0.788180 -0.325868
    outer loop
      vertex 22.113005 37.611803 16.242004
      vertex 19.461642 35.855532 16.242004
      vertex 19.157503 36.016153 17.117780
    endloop
  endfacet
  facet normal -0.522093 0.788180 -0.325868
    outer loop
      vertex 22.113005 37.611803 16.242004
      vertex 19.157503 36.016153 17.117780
      vertex 21.951828 37.867123 17.117780
    endloop
  endfacet
  facet normal 0.520089 -0.785155 0.336213
    outer loop
      vertex 20.450276 35.333415 15.352961
      vertex 22.636925 36.781858 15.352961
      vertex 22.476249 37.036387 16.195909
    endloop
  endfacet
  facet normal 0.520089 -0.785155 0.336213
    outer loop
      vertex 20.450276 35.333415 15.352961
      vertex 22.476249 37.036387 16.195909
      vertex 20.147081 35.493538 16.195909
    endloop
  endfacet
  facet normal -0.550371 0.766220 -0.331661
    outer loop
      vertex 19.461642 35.855532 16.242004
      vertex 17.091137 34.152813 16.242004
      vertex 16.659179 34.221624 17.117780
    endloop
  endfacet
  facet normal -0.550371 0.766220 -0.331661
    outer loop
      vertex 19.461642 35.855532 16.242004
      vertex 16.659179 34.221624 17.117780
      vertex 19.157503 36.016153 17.117780
    endloop
  endfacet
  facet normal 0.548183 -0.763174 0.342143
    outer loop
      vertex 18.495257 33.929138 15.352961
      vertex 20.450276 35.333415 15.352961
      vertex 20.147081 35.493538 16.195909
    endloop
  endfacet
  facet normal 0.548183 -0.763174 0.342143
    outer loop
      vertex 18.495257 33.929138 15.352961
      vertex 20.147081 35.493538 16.195909
      vertex 18.064640 33.997735 16.195909
    endloop
  endfacet
  facet normal -0.549782 0.766750 -0.331412
    outer loop
      vertex 17.091137 34.152813 16.242004
      vertex 14.907054 32.586761 16.242004
      vertex 14.357330 32.571130 17.117780
    endloop
  endfacet
  facet normal -0.549782 0.766750 -0.331412
    outer loop
      vertex 17.091137 34.152813 16.242004
      vertex 14.357330 32.571130 17.117780
      vertex 16.659179 34.221624 17.117780
    endloop
  endfacet
  facet normal 0.547600 -0.763706 0.341888
    outer loop
      vertex 16.693986 32.637573 15.352961
      vertex 18.495257 33.929138 15.352961
      vertex 18.064640 33.997735 16.195909
    endloop
  endfacet
  facet normal 0.547600 -0.763706 0.341888
    outer loop
      vertex 16.693986 32.637573 15.352961
      vertex 18.064640 33.997735 16.195909
      vertex 16.145967 32.621990 16.195909
    endloop
  endfacet
  facet normal -0.542811 0.773617 -0.326914
    outer loop
      vertex 14.907054 32.586761 16.242004
      vertex 12.834441 31.132505 16.242004
      vertex 12.172961 31.038460 17.117780
    endloop
  endfacet
  facet normal -0.542811 0.773617 -0.326914
    outer loop
      vertex 14.907054 32.586761 16.242004
      vertex 12.172961 31.038460 17.117780
      vertex 14.357330 32.571130 17.117780
    endloop
  endfacet
  facet normal 0.540714 -0.770628 0.337284
    outer loop
      vertex 14.984648 31.438210 15.352961
      vertex 16.693986 32.637573 15.352961
      vertex 16.145967 32.621990 16.195909
    endloop
  endfacet
  facet normal 0.540714 -0.770628 0.337284
    outer loop
      vertex 14.984648 31.438210 15.352961
      vertex 16.145967 32.621990 16.195909
      vertex 14.325219 31.344456 16.195909
    endloop
  endfacet
  facet normal -0.383134 -0.841997 -0.379802
    outer loop
      vertex 12.834441 31.132505 16.242004
      vertex 14.743062 30.264024 16.242004
      vertex 14.184496 30.123150 17.117780
    endloop
  endfacet
  facet normal -0.383134 -0.841997 -0.379802
    outer loop
      vertex 12.834441 31.132505 16.242004
      vertex 14.184496 30.123150 17.117780
      vertex 12.172961 31.038460 17.117780
    endloop
  endfacet
  facet normal 0.381141 0.837615 0.391322
    outer loop
      vertex 16.558738 30.721950 15.352961
      vertex 14.984648 31.438210 15.352961
      vertex 14.325219 31.344456 16.195909
    endloop
  endfacet
  facet normal 0.381141 0.837615 0.391322
    outer loop
      vertex 16.558738 30.721950 15.352961
      vertex 14.325219 31.344456 16.195909
      vertex 16.001904 30.581512 16.195909
    endloop
  endfacet
  facet normal -0.387404 -0.839023 -0.382046
    outer loop
      vertex 14.743062 30.264024 16.242004
      vertex 16.740393 29.341792 16.242004
      vertex 16.289524 29.151191 17.117780
    endloop
  endfacet
  facet normal -0.387404 -0.839023 -0.382046
    outer loop
      vertex 14.743062 30.264024 16.242004
      vertex 16.289524 29.151191 17.117780
      vertex 14.184496 30.123150 17.117780
    endloop
  endfacet
  facet normal 0.385364 0.834605 0.393611
    outer loop
      vertex 18.205990 29.961361 15.352961
      vertex 16.558738 30.721950 15.352961
      vertex 16.001904 30.581512 16.195909
    endloop
  endfacet
  facet normal 0.385364 0.834605 0.393611
    outer loop
      vertex 18.205990 29.961361 15.352961
      vertex 16.001904 30.581512 16.195909
      vertex 17.756519 29.771351 16.195909
    endloop
  endfacet
  facet normal -0.386024 -0.839895 -0.381526
    outer loop
      vertex 16.740393 29.341792 16.242004
      vertex 18.861169 28.367063 16.242004
      vertex 18.524653 28.123904 17.117780
    endloop
  endfacet
  facet normal -0.386024 -0.839895 -0.381526
    outer loop
      vertex 16.740393 29.341792 16.242004
      vertex 18.524653 28.123904 17.117780
      vertex 16.289524 29.151191 17.117780
    endloop
  endfacet
  facet normal 0.383997 0.835485 0.393080
    outer loop
      vertex 19.955050 29.157476 15.352961
      vertex 18.205990 29.961361 15.352961
      vertex 17.756519 29.771351 16.195909
    endloop
  endfacet
  facet normal 0.383997 0.835485 0.393080
    outer loop
      vertex 19.955050 29.157476 15.352961
      vertex 17.756519 29.771351 16.195909
      vertex 19.619577 28.915071 16.195909
    endloop
  endfacet
  facet normal -0.369394 -0.849061 -0.377681
    outer loop
      vertex 18.861169 28.367063 16.242004
      vertex 21.140153 27.375564 16.242004
      vertex 20.926520 27.078943 17.117780
    endloop
  endfacet
  facet normal -0.369394 -0.849061 -0.377681
    outer loop
      vertex 18.861169 28.367063 16.242004
      vertex 20.926520 27.078943 17.117780
      vertex 18.524653 28.123904 17.117780
    endloop
  endfacet
  facet normal 0.367493 0.844691 0.389160
    outer loop
      vertex 21.834589 28.339760 15.352961
      vertex 19.955050 29.157476 15.352961
      vertex 19.619577 28.915071 16.195909
    endloop
  endfacet
  facet normal 0.367493 0.844691 0.389160
    outer loop
      vertex 21.834589 28.339760 15.352961
      vertex 19.619577 28.915071 16.195909
      vertex 21.621618 28.044059 16.195909
    endloop
  endfacet
  facet normal -0.329764 -0.866811 -0.374025
    outer loop
      vertex 21.140153 27.375564 16.242004
      vertex 23.552037 26.458001 16.242004
      vertex 23.468453 26.111905 17.117780
    endloop
  endfacet
  facet normal -0.329764 -0.866811 -0.374025
    outer loop
      vertex 21.140153 27.375564 16.242004
      vertex 23.468453 26.111905 17.117780
      vertex 20.926520 27.078943 17.117780
    endloop
  endfacet
  facet normal 0.328099 0.862435 0.385431
    outer loop
      vertex 23.823733 27.583022 15.352961
      vertex 21.834589 28.339760 15.352961
      vertex 21.621618 28.044059 16.195909
    endloop
  endfacet
  facet normal 0.328099 0.862435 0.385431
    outer loop
      vertex 23.823733 27.583022 15.352961
      vertex 21.621618 28.044059 16.195909
      vertex 23.740409 27.237999 16.195909
    endloop
  endfacet
  facet normal -0.282785 -0.882522 -0.375751
    outer loop
      vertex 23.552037 26.458001 16.242004
      vertex 25.966311 25.684400 16.242004
      vertex 26.012906 25.296590 17.117780
    endloop
  endfacet
  facet normal -0.282785 -0.882522 -0.375751
    outer loop
      vertex 23.552037 26.458001 16.242004
      vertex 26.012906 25.296590 17.117780
      vertex 23.468453 26.111905 17.117780
    endloop
  endfacet
  facet normal 0.281344 0.878025 0.387191
    outer loop
      vertex 25.814850 26.945012 15.352961
      vertex 23.823733 27.583022 15.352961
      vertex 23.740409 27.237999 16.195909
    endloop
  endfacet
  facet normal 0.281344 0.878025 0.387191
    outer loop
      vertex 25.814850 26.945012 15.352961
      vertex 23.740409 27.237999 16.195909
      vertex 25.861300 26.558406 16.195909
    endloop
  endfacet
  facet normal -0.254902 -0.889107 -0.380150
    outer loop
      vertex 25.966311 25.684400 16.242004
      vertex 28.266896 25.024836 16.242004
      vertex 28.437539 24.601462 17.117780
    endloop
  endfacet
  facet normal -0.254902 -0.889107 -0.380150
    outer loop
      vertex 25.966311 25.684400 16.242004
      vertex 28.437539 24.601462 17.117780
      vertex 26.012906 25.296590 17.117780
    endloop
  endfacet
  facet normal 0.253573 0.884471 0.391677
    outer loop
      vertex 27.712203 26.401052 15.352961
      vertex 25.814850 26.945012 15.352961
      vertex 25.861300 26.558406 16.195909
    endloop
  endfacet
  facet normal 0.253573 0.884471 0.391677
    outer loop
      vertex 27.712203 26.401052 15.352961
      vertex 25.861300 26.558406 16.195909
      vertex 27.882317 25.978992 16.195909
    endloop
  endfacet
  facet normal -0.248090 -0.890231 -0.382021
    outer loop
      vertex 28.266896 25.024836 16.242004
      vertex 30.432761 24.421251 16.242004
      vertex 30.720188 23.965332 17.117780
    endloop
  endfacet
  facet normal -0.248090 -0.890231 -0.382021
    outer loop
      vertex 28.266896 25.024836 16.242004
      vertex 30.720188 23.965332 17.117780
      vertex 28.437539 24.601462 17.117780
    endloop
  endfacet
  facet normal 0.246784 0.885544 0.393585
    outer loop
      vertex 29.498449 25.903260 15.352961
      vertex 27.712203 26.401052 15.352961
      vertex 27.882317 25.978992 16.195909
    endloop
  endfacet
  facet normal 0.246784 0.885544 0.393585
    outer loop
      vertex 29.498449 25.903260 15.352961
      vertex 27.882317 25.978992 16.195909
      vertex 29.784985 25.448755 16.195909
    endloop
  endfacet
  facet normal 0.906123 -0.171522 -0.386680
    outer loop
      vertex 30.432761 24.421251 16.242004
      vertex 30.844457 26.596172 16.242004
      vertex 31.154084 26.257526 17.117780
    endloop
  endfacet
  facet normal 0.906123 -0.171522 -0.386680
    outer loop
      vertex 30.432761 24.421251 16.242004
      vertex 31.154084 26.257526 17.117780
      vertex 30.720188 23.965332 17.117780
    endloop
  endfacet
  facet normal -0.901237 0.170597 0.398333
    outer loop
      vertex 29.837986 27.696975 15.352961
      vertex 29.498449 25.903260 15.352961
      vertex 29.784985 25.448755 16.195909
    endloop
  endfacet
  facet normal -0.901237 0.170597 0.398333
    outer loop
      vertex 29.837986 27.696975 15.352961
      vertex 29.784985 25.448755 16.195909
      vertex 30.146652 27.359379 16.195909
    endloop
  endfacet
  facet normal 0.908295 -0.164375 -0.384683
    outer loop
      vertex 30.844457 26.596172 16.242004
      vertex 31.263316 28.910687 16.242004
      vertex 31.595527 28.696840 17.117780
    endloop
  endfacet
  facet normal 0.908295 -0.164375 -0.384683
    outer loop
      vertex 30.844457 26.596172 16.242004
      vertex 31.595527 28.696840 17.117780
      vertex 31.154084 26.257526 17.117780
    endloop
  endfacet
  facet normal -0.903447 0.163497 0.396299
    outer loop
      vertex 30.183430 29.605817 15.352961
      vertex 29.837986 27.696975 15.352961
      vertex 30.146652 27.359379 16.195909
    endloop
  endfacet
  facet normal -0.903447 0.163497 0.396299
    outer loop
      vertex 30.183430 29.605817 15.352961
      vertex 30.146652 27.359379 16.195909
      vertex 30.514611 29.392633 16.195909
    endloop
  endfacet
  facet normal 0.914635 -0.136927 -0.380386
    outer loop
      vertex 31.263316 28.910687 16.242004
      vertex 31.631406 31.369435 16.242004
      vertex 31.983465 31.288165 17.117780
    endloop
  endfacet
  facet normal 0.914635 -0.136927 -0.380386
    outer loop
      vertex 31.263316 28.910687 16.242004
      vertex 31.983465 31.288165 17.117780
      vertex 31.595527 28.696840 17.117780
    endloop
  endfacet
  facet normal -0.909861 0.136212 0.391918
    outer loop
      vertex 30.487004 31.633612 15.352961
      vertex 30.183430 29.605817 15.352961
      vertex 30.514611 29.392633 16.195909
    endloop
  endfacet
  facet normal -0.909861 0.136212 0.391918
    outer loop
      vertex 30.487004 31.633612 15.352961
      vertex 30.514611 29.392633 16.195909
      vertex 30.837971 31.552593 16.195909
    endloop
  endfacet
  facet normal 0.921205 -0.089550 -0.378631
    outer loop
      vertex 31.631406 31.369435 16.242004
      vertex 31.876284 33.888501 16.242004
      vertex 32.241546 33.943060 17.117780
    endloop
  endfacet
  facet normal 0.921205 -0.089550 -0.378631
    outer loop
      vertex 31.631406 31.369435 16.242004
      vertex 32.241546 33.943060 17.117780
      vertex 31.983465 31.288165 17.117780
    endloop
  endfacet
  facet normal -0.916441 0.089087 0.390128
    outer loop
      vertex 30.688961 33.711153 15.352961
      vertex 30.487004 31.633612 15.352961
      vertex 30.837971 31.552593 16.195909
    endloop
  endfacet
  facet normal -0.916441 0.089087 0.390128
    outer loop
      vertex 30.688961 33.711153 15.352961
      vertex 30.837971 31.552593 16.195909
      vertex 31.053091 33.765542 16.195909
    endloop
  endfacet
  facet normal 0.922966 -0.046727 -0.382033
    outer loop
      vertex 31.876284 33.888501 16.242004
      vertex 31.999910 36.330435 16.242004
      vertex 32.371839 36.516663 17.117780
    endloop
  endfacet
  facet normal 0.922966 -0.046727 -0.382033
    outer loop
      vertex 31.876284 33.888501 16.242004
      vertex 32.371839 36.516663 17.117780
      vertex 32.241546 33.943060 17.117780
    endloop
  endfacet
  facet normal -0.918107 0.046481 0.393597
    outer loop
      vertex 30.790919 35.725080 15.352961
      vertex 30.688961 33.711153 15.352961
      vertex 31.053091 33.765542 16.195909
    endloop
  endfacet
  facet normal -0.918107 0.046481 0.393597
    outer loop
      vertex 30.790919 35.725080 15.352961
      vertex 31.053091 33.765542 16.195909
      vertex 31.161694 35.910731 16.195909
    endloop
  endfacet
  facet normal 0.922136 -0.026679 -0.385944
    outer loop
      vertex 31.999910 36.330435 16.242004
      vertex 32.066488 38.631625 16.242004
      vertex 32.442007 38.941934 17.117780
    endloop
  endfacet
  facet normal 0.922136 -0.026679 -0.385944
    outer loop
      vertex 31.999910 36.330435 16.242004
      vertex 32.442007 38.941934 17.117780
      vertex 32.371839 36.516663 17.117780
    endloop
  endfacet
  facet normal -0.917182 0.026536 0.397583
    outer loop
      vertex 30.845827 37.622932 15.352961
      vertex 30.790919 35.725080 15.352961
      vertex 31.161694 35.910731 16.195909
    endloop
  endfacet
  facet normal -0.917182 0.026536 0.397583
    outer loop
      vertex 30.845827 37.622932 15.352961
      vertex 31.161694 35.910731 16.195909
      vertex 31.220181 37.932280 16.195909
    endloop
  endfacet
  facet normal 0.921850 -0.023886 -0.386811
    outer loop
      vertex 32.066488 38.631625 16.242004
      vertex 32.122745 40.802785 16.242004
      vertex 32.501297 41.230165 17.117780
    endloop
  endfacet
  facet normal 0.921850 -0.023886 -0.386811
    outer loop
      vertex 32.066488 38.631625 16.242004
      vertex 32.501297 41.230165 17.117780
      vertex 32.442007 38.941934 17.117780
    endloop
  endfacet
  facet normal -0.916875 0.023757 0.398467
    outer loop
      vertex 30.892224 39.413546 15.352961
      vertex 30.845827 37.622932 15.352961
      vertex 31.220181 37.932280 16.195909
    endloop
  endfacet
  facet normal -0.916875 0.023757 0.398467
    outer loop
      vertex 30.892224 39.413546 15.352961
      vertex 31.220181 37.932280 16.195909
      vertex 31.269602 39.839600 16.195909
    endloop
  endfacet
  facet normal 0.922514 -0.028345 -0.384922
    outer loop
      vertex 32.122745 40.802785 16.242004
      vertex 32.186326 42.872081 16.242004
      vertex 32.568306 43.411037 17.117780
    endloop
  endfacet
  facet normal 0.922514 -0.028345 -0.384922
    outer loop
      vertex 32.122745 40.802785 16.242004
      vertex 32.568306 43.411037 17.117780
      vertex 32.501297 41.230165 17.117780
    endloop
  endfacet
  facet normal -0.917584 0.028194 0.396542
    outer loop
      vertex 30.944661 41.120149 15.352961
      vertex 30.892224 39.413546 15.352961
      vertex 31.269602 39.839600 16.195909
    endloop
  endfacet
  facet normal -0.917584 0.028194 0.396542
    outer loop
      vertex 30.944661 41.120149 15.352961
      vertex 31.269602 39.839600 16.195909
      vertex 31.325456 41.657434 16.195909
    endloop
  endfacet
  facet normal -0.447054 0.864485 -0.229800
    outer loop
      vertex 32.568306 43.411037 17.117780
      vertex 30.190682 42.181489 17.117780
      vertex 30.364741 42.499773 17.976516
    endloop
  endfacet
  facet normal -0.447054 0.864485 -0.229800
    outer loop
      vertex 32.568306 43.411037 17.117780
      vertex 30.364741 42.499773 17.976516
      vertex 32.823695 43.771379 17.976516
    endloop
  endfacet
  facet normal 0.446386 -0.863194 0.235872
    outer loop
      vertex 29.343623 40.632563 16.195909
      vertex 31.325456 41.657434 16.195909
      vertex 31.581615 42.018862 17.033808
    endloop
  endfacet
  facet normal 0.446386 -0.863194 0.235872
    outer loop
      vertex 29.343623 40.632563 16.195909
      vertex 31.581615 42.018862 17.033808
      vertex 29.518206 40.951805 17.033808
    endloop
  endfacet
  facet normal -0.437966 0.868261 -0.233042
    outer loop
      vertex 30.190682 42.181489 17.117780
      vertex 27.650778 40.900317 17.117780
      vertex 27.737956 41.174776 17.976516
    endloop
  endfacet
  facet normal -0.437966 0.868261 -0.233042
    outer loop
      vertex 30.190682 42.181489 17.117780
      vertex 27.737956 41.174776 17.976516
      vertex 30.364741 42.499773 17.976516
    endloop
  endfacet
  facet normal 0.437294 -0.866927 0.239189
    outer loop
      vertex 27.226523 39.564660 16.195909
      vertex 29.343623 40.632563 16.195909
      vertex 29.518206 40.951805 17.033808
    endloop
  endfacet
  facet normal 0.437294 -0.866927 0.239189
    outer loop
      vertex 27.226523 39.564660 16.195909
      vertex 29.518206 40.951805 17.033808
      vertex 27.313965 39.839947 17.033808
    endloop
  endfacet
  facet normal -0.438402 0.868070 -0.232936
    outer loop
      vertex 27.650778 40.900317 17.117780
      vertex 24.889359 39.505716 17.117780
      vertex 24.882080 39.732471 17.976516
    endloop
  endfacet
  facet normal -0.438402 0.868070 -0.232936
    outer loop
      vertex 27.650778 40.900317 17.117780
      vertex 24.882080 39.732471 17.976516
      vertex 27.737956 41.174776 17.976516
    endloop
  endfacet
  facet normal 0.437729 -0.866737 0.239081
    outer loop
      vertex 24.924784 38.402211 16.195909
      vertex 27.226523 39.564660 16.195909
      vertex 27.313965 39.839947 17.033808
    endloop
  endfacet
  facet normal 0.437729 -0.866737 0.239081
    outer loop
      vertex 24.924784 38.402211 16.195909
      vertex 27.313965 39.839947 17.033808
      vertex 24.917482 38.629650 17.033808
    endloop
  endfacet
  facet normal -0.474258 0.850210 -0.228524
    outer loop
      vertex 24.889359 39.505716 17.117780
      vertex 21.951828 37.867123 17.117780
      vertex 21.844067 38.037828 17.976516
    endloop
  endfacet
  facet normal -0.474258 0.850210 -0.228524
    outer loop
      vertex 24.889359 39.505716 17.117780
      vertex 21.844067 38.037828 17.976516
      vertex 24.882080 39.732471 17.976516
    endloop
  endfacet
  facet normal 0.473557 -0.848954 0.234566
    outer loop
      vertex 22.476249 37.036387 16.195909
      vertex 24.924784 38.402211 16.195909
      vertex 24.917482 38.629650 17.033808
    endloop
  endfacet
  facet normal 0.473557 -0.848954 0.234566
    outer loop
      vertex 22.476249 37.036387 16.195909
      vertex 24.917482 38.629650 17.033808
      vertex 22.368162 37.207606 17.033808
    endloop
  endfacet
  facet normal -0.537589 0.811574 -0.228791
    outer loop
      vertex 21.951828 37.867123 17.117780
      vertex 19.157503 36.016153 17.117780
      vertex 18.954159 36.123544 17.976516
    endloop
  endfacet
  facet normal -0.537589 0.811574 -0.228791
    outer loop
      vertex 21.951828 37.867123 17.117780
      vertex 18.954159 36.123544 17.976516
      vertex 21.844067 38.037828 17.976516
    endloop
  endfacet
  facet normal 0.536793 -0.810372 0.234839
    outer loop
      vertex 20.147081 35.493538 16.195909
      vertex 22.476249 37.036387 16.195909
      vertex 22.368162 37.207606 17.033808
    endloop
  endfacet
  facet normal 0.536793 -0.810372 0.234839
    outer loop
      vertex 20.147081 35.493538 16.195909
      vertex 22.368162 37.207606 17.033808
      vertex 19.943123 35.601252 17.033808
    endloop
  endfacet
  facet normal -0.567319 0.789816 -0.233110
    outer loop
      vertex 19.157503 36.016153 17.117780
      vertex 16.659179 34.221624 17.117780
      vertex 16.370376 34.267630 17.976516
    endloop
  endfacet
  facet normal -0.567319 0.789816 -0.233110
    outer loop
      vertex 19.157503 36.016153 17.117780
      vertex 16.370376 34.267630 17.976516
      vertex 18.954159 36.123544 17.976516
    endloop
  endfacet
  facet normal 0.566447 -0.788602 0.239259
    outer loop
      vertex 18.064640 33.997735 16.195909
      vertex 20.147081 35.493538 16.195909
      vertex 19.943123 35.601252 17.033808
    endloop
  endfacet
  facet normal 0.566447 -0.788602 0.239259
    outer loop
      vertex 18.064640 33.997735 16.195909
      vertex 19.943123 35.601252 17.033808
      vertex 17.774966 34.043880 17.033808
    endloop
  endfacet
  facet normal -0.566686 0.790325 -0.232924
    outer loop
      vertex 16.659179 34.221624 17.117780
      vertex 14.357330 32.571130 17.117780
      vertex 13.989789 32.560679 17.976516
    endloop
  endfacet
  facet normal -0.566686 0.790325 -0.232924
    outer loop
      vertex 16.659179 34.221624 17.117780
      vertex 13.989789 32.560679 17.976516
      vertex 16.370376 34.267630 17.976516
    endloop
  endfacet
  facet normal 0.565817 -0.789112 0.239069
    outer loop
      vertex 16.145967 32.621990 16.195909
      vertex 18.064640 33.997735 16.195909
      vertex 17.774966 34.043880 17.033808
    endloop
  endfacet
  facet normal 0.565817 -0.789112 0.239069
    outer loop
      vertex 16.145967 32.621990 16.195909
      vertex 17.774966 34.043880 17.033808
      vertex 15.777319 32.611507 17.033808
    endloop
  endfacet
  facet normal -0.559030 0.796733 -0.229570
    outer loop
      vertex 14.357330 32.571130 17.117780
      vertex 12.172961 31.038460 17.117780
      vertex 11.730701 30.975582 17.976516
    endloop
  endfacet
  facet normal -0.559030 0.796733 -0.229570
    outer loop
      vertex 14.357330 32.571130 17.117780
      vertex 11.730701 30.975582 17.976516
      vertex 13.989789 32.560679 17.976516
    endloop
  endfacet
  facet normal 0.558197 -0.795545 0.235636
    outer loop
      vertex 14.325219 31.344456 16.195909
      vertex 16.145967 32.621990 16.195909
      vertex 15.777319 32.611507 17.033808
    endloop
  endfacet
  facet normal 0.558197 -0.795545 0.235636
    outer loop
      vertex 14.325219 31.344456 16.195909
      vertex 15.777319 32.611507 17.033808
      vertex 13.881627 31.281388 17.033808
    endloop
  endfacet
  facet normal -0.398835 -0.876502 -0.269584
    outer loop
      vertex 12.172961 31.038460 17.117780
      vertex 14.184496 30.123150 17.117780
      vertex 13.811043 30.028962 17.976516
    endloop
  endfacet
  facet normal -0.398835 -0.876502 -0.269584
    outer loop
      vertex 12.172961 31.038460 17.117780
      vertex 13.811043 30.028962 17.976516
      vertex 11.730701 30.975582 17.976516
    endloop
  endfacet
  facet normal 0.398016 0.874701 0.276552
    outer loop
      vertex 16.001904 30.581512 16.195909
      vertex 14.325219 31.344456 16.195909
      vertex 13.881627 31.281388 17.033808
    endloop
  endfacet
  facet normal 0.398016 0.874701 0.276552
    outer loop
      vertex 16.001904 30.581512 16.195909
      vertex 13.881627 31.281388 17.033808
      vertex 15.627326 30.487041 17.033808
    endloop
  endfacet
  facet normal -0.403479 -0.873839 -0.271312
    outer loop
      vertex 14.184496 30.123150 17.117780
      vertex 16.289524 29.151191 17.117780
      vertex 15.988076 29.023756 17.976516
    endloop
  endfacet
  facet normal -0.403479 -0.873839 -0.271312
    outer loop
      vertex 14.184496 30.123150 17.117780
      vertex 15.988076 29.023756 17.976516
      vertex 13.811043 30.028962 17.976516
    endloop
  endfacet
  facet normal 0.402640 0.872021 0.278317
    outer loop
      vertex 17.756519 29.771351 16.195909
      vertex 16.001904 30.581512 16.195909
      vertex 15.627326 30.487041 17.033808
    endloop
  endfacet
  facet normal 0.402640 0.872021 0.278317
    outer loop
      vertex 17.756519 29.771351 16.195909
      vertex 15.627326 30.487041 17.033808
      vertex 17.454163 29.643532 17.033808
    endloop
  endfacet
  facet normal -0.401996 -0.874646 -0.270911
    outer loop
      vertex 16.289524 29.151191 17.117780
      vertex 18.524653 28.123904 17.117780
      vertex 18.299660 27.961330 17.976516
    endloop
  endfacet
  facet normal -0.401996 -0.874646 -0.270911
    outer loop
      vertex 16.289524 29.151191 17.117780
      vertex 18.299660 27.961330 17.976516
      vertex 15.988076 29.023756 17.976516
    endloop
  endfacet
  facet normal 0.401162 0.872832 0.277907
    outer loop
      vertex 19.619577 28.915071 16.195909
      vertex 17.756519 29.771351 16.195909
      vertex 17.454163 29.643532 17.033808
    endloop
  endfacet
  facet normal 0.401162 0.872832 0.277907
    outer loop
      vertex 19.619577 28.915071 16.195909
      vertex 17.454163 29.643532 17.033808
      vertex 19.393907 28.752007 17.033808
    endloop
  endfacet
  facet normal -0.384353 -0.883444 -0.267954
    outer loop
      vertex 18.524653 28.123904 17.117780
      vertex 20.926520 27.078943 17.117780
      vertex 20.783687 26.880624 17.976516
    endloop
  endfacet
  facet normal -0.384353 -0.883444 -0.267954
    outer loop
      vertex 18.524653 28.123904 17.117780
      vertex 20.783687 26.880624 17.976516
      vertex 18.299660 27.961330 17.976516
    endloop
  endfacet
  facet normal 0.383573 0.881652 0.274886
    outer loop
      vertex 21.621618 28.044059 16.195909
      vertex 19.619577 28.915071 16.195909
      vertex 19.393907 28.752007 17.033808
    endloop
  endfacet
  facet normal 0.383573 0.881652 0.274886
    outer loop
      vertex 21.621618 28.044059 16.195909
      vertex 19.393907 28.752007 17.033808
      vertex 21.478355 27.845143 17.033808
    endloop
  endfacet
  facet normal -0.342845 -0.901195 -0.265149
    outer loop
      vertex 20.926520 27.078943 17.117780
      vertex 23.468453 26.111905 17.117780
      vertex 23.412570 25.880508 17.976516
    endloop
  endfacet
  facet normal -0.342845 -0.901195 -0.265149
    outer loop
      vertex 20.926520 27.078943 17.117780
      vertex 23.412570 25.880508 17.976516
      vertex 20.783687 26.880624 17.976516
    endloop
  endfacet
  facet normal 0.342164 0.899405 0.272021
    outer loop
      vertex 23.740409 27.237999 16.195909
      vertex 21.621618 28.044059 16.195909
      vertex 21.478355 27.845143 17.033808
    endloop
  endfacet
  facet normal 0.342164 0.899405 0.272021
    outer loop
      vertex 23.740409 27.237999 16.195909
      vertex 21.478355 27.845143 17.033808
      vertex 23.684357 27.005905 17.033808
    endloop
  endfacet
  facet normal -0.294112 -0.917873 -0.266472
    outer loop
      vertex 23.468453 26.111905 17.117780
      vertex 26.012906 25.296590 17.117780
      vertex 26.044059 25.037304 17.976516
    endloop
  endfacet
  facet normal -0.294112 -0.917873 -0.266472
    outer loop
      vertex 23.468453 26.111905 17.117780
      vertex 26.044059 25.037304 17.976516
      vertex 23.412570 25.880508 17.976516
    endloop
  endfacet
  facet normal 0.293522 0.916031 0.273372
    outer loop
      vertex 25.861300 26.558406 16.195909
      vertex 23.740409 27.237999 16.195909
      vertex 23.684357 27.005905 17.033808
    endloop
  endfacet
  facet normal 0.293522 0.916031 0.273372
    outer loop
      vertex 25.861300 26.558406 16.195909
      vertex 23.684357 27.005905 17.033808
      vertex 25.892547 26.298338 17.033808
    endloop
  endfacet
  facet normal -0.265368 -0.925613 -0.269852
    outer loop
      vertex 26.012906 25.296590 17.117780
      vertex 28.437539 24.601462 17.117780
      vertex 28.551630 24.318398 17.976516
    endloop
  endfacet
  facet normal -0.265368 -0.925613 -0.269852
    outer loop
      vertex 26.012906 25.296590 17.117780
      vertex 28.551630 24.318398 17.976516
      vertex 26.044059 25.037304 17.976516
    endloop
  endfacet
  facet normal 0.264822 0.923708 0.276825
    outer loop
      vertex 27.882317 25.978992 16.195909
      vertex 25.861300 26.558406 16.195909
      vertex 25.892547 26.298338 17.033808
    endloop
  endfacet
  facet normal 0.264822 0.923708 0.276825
    outer loop
      vertex 27.882317 25.978992 16.195909
      vertex 25.892547 26.298338 17.033808
      vertex 27.996751 25.695075 17.033808
    endloop
  endfacet
  facet normal -0.258383 -0.927167 -0.271292
    outer loop
      vertex 28.437539 24.601462 17.117780
      vertex 30.720188 23.965332 17.117780
      vertex 30.912360 23.660509 17.976516
    endloop
  endfacet
  facet normal -0.258383 -0.927167 -0.271292
    outer loop
      vertex 28.437539 24.601462 17.117780
      vertex 30.912360 23.660509 17.976516
      vertex 28.551630 24.318398 17.976516
    endloop
  endfacet
  facet normal 0.257846 0.925239 0.278296
    outer loop
      vertex 29.784985 25.448755 16.195909
      vertex 27.882317 25.978992 16.195909
      vertex 27.996751 25.695075 17.033808
    endloop
  endfacet
  facet normal 0.257846 0.925239 0.278296
    outer loop
      vertex 29.784985 25.448755 16.195909
      vertex 27.996751 25.695075 17.033808
      vertex 29.977736 25.143013 17.033808
    endloop
  endfacet
  facet normal 0.944701 -0.178825 -0.274886
    outer loop
      vertex 30.720188 23.965332 17.117780
      vertex 31.154084 26.257526 17.117780
      vertex 31.361097 26.031110 17.976516
    endloop
  endfacet
  facet normal 0.944701 -0.178825 -0.274886
    outer loop
      vertex 30.720188 23.965332 17.117780
      vertex 31.361097 26.031110 17.976516
      vertex 30.912360 23.660509 17.976516
    endloop
  endfacet
  facet normal -0.942684 0.178443 0.281968
    outer loop
      vertex 30.146652 27.359379 16.195909
      vertex 29.784985 25.448755 16.195909
      vertex 29.977736 25.143013 17.033808
    endloop
  endfacet
  facet normal -0.942684 0.178443 0.281968
    outer loop
      vertex 30.146652 27.359379 16.195909
      vertex 29.977736 25.143013 17.033808
      vertex 30.354289 27.132281 17.033808
    endloop
  endfacet
  facet normal 0.946541 -0.171296 -0.273345
    outer loop
      vertex 31.154084 26.257526 17.117780
      vertex 31.595527 28.696840 17.117780
      vertex 31.817641 28.553864 17.976516
    endloop
  endfacet
  facet normal 0.946541 -0.171296 -0.273345
    outer loop
      vertex 31.154084 26.257526 17.117780
      vertex 31.817641 28.553864 17.976516
      vertex 31.361097 26.031110 17.976516
    endloop
  endfacet
  facet normal -0.944543 0.170934 0.280393
    outer loop
      vertex 30.514611 29.392633 16.195909
      vertex 30.146652 27.359379 16.195909
      vertex 30.354289 27.132281 17.033808
    endloop
  endfacet
  facet normal -0.944543 0.170934 0.280393
    outer loop
      vertex 30.514611 29.392633 16.195909
      vertex 30.354289 27.132281 17.033808
      vertex 30.737394 29.249226 17.033808
    endloop
  endfacet
  facet normal 0.952239 -0.142556 -0.270034
    outer loop
      vertex 31.595527 28.696840 17.117780
      vertex 31.983465 31.288165 17.117780
      vertex 32.218849 31.233828 17.976516
    endloop
  endfacet
  facet normal 0.952239 -0.142556 -0.270034
    outer loop
      vertex 31.595527 28.696840 17.117780
      vertex 32.218849 31.233828 17.976516
      vertex 31.817641 28.553864 17.976516
    endloop
  endfacet
  facet normal -0.950277 0.142263 0.277011
    outer loop
      vertex 30.837971 31.552593 16.195909
      vertex 30.514611 29.392633 16.195909
      vertex 30.737394 29.249226 17.033808
    endloop
  endfacet
  facet normal -0.950277 0.142263 0.277011
    outer loop
      vertex 30.837971 31.552593 16.195909
      vertex 30.737394 29.249226 17.033808
      vertex 31.074064 31.498093 17.033808
    endloop
  endfacet
  facet normal 0.958709 -0.093196 -0.268684
    outer loop
      vertex 31.983465 31.288165 17.117780
      vertex 32.241546 33.943060 17.117780
      vertex 32.485758 33.979537 17.976516
    endloop
  endfacet
  facet normal 0.958709 -0.093196 -0.268684
    outer loop
      vertex 31.983465 31.288165 17.117780
      vertex 32.485758 33.979537 17.976516
      vertex 32.218849 31.233828 17.976516
    endloop
  endfacet
  facet normal -0.956753 0.093006 0.275632
    outer loop
      vertex 31.053091 33.765542 16.195909
      vertex 30.837971 31.552593 16.195909
      vertex 31.074064 31.498093 17.033808
    endloop
  endfacet
  facet normal -0.956753 0.093006 0.275632
    outer loop
      vertex 31.053091 33.765542 16.195909
      vertex 31.074064 31.498093 17.033808
      vertex 31.298038 33.802130 17.033808
    endloop
  endfacet
  facet normal 0.961263 -0.048665 -0.271302
    outer loop
      vertex 32.241546 33.943060 17.117780
      vertex 32.371839 36.516663 17.117780
      vertex 32.620508 36.641174 17.976516
    endloop
  endfacet
  facet normal 0.961263 -0.048665 -0.271302
    outer loop
      vertex 32.241546 33.943060 17.117780
      vertex 32.620508 36.641174 17.976516
      vertex 32.485758 33.979537 17.976516
    endloop
  endfacet
  facet normal -0.959264 0.048564 0.278306
    outer loop
      vertex 31.161694 35.910731 16.195909
      vertex 31.053091 33.765542 16.195909
      vertex 31.298038 33.802130 17.033808
    endloop
  endfacet
  facet normal -0.959264 0.048564 0.278306
    outer loop
      vertex 31.161694 35.910731 16.195909
      vertex 31.298038 33.802130 17.033808
      vertex 31.411112 36.035617 17.033808
    endloop
  endfacet
  facet normal 0.961237 -0.027810 -0.274318
    outer loop
      vertex 32.371839 36.516663 17.117780
      vertex 32.442007 38.941934 17.117780
      vertex 32.693075 39.149405 17.976516
    endloop
  endfacet
  facet normal 0.961237 -0.027810 -0.274318
    outer loop
      vertex 32.371839 36.516663 17.117780
      vertex 32.693075 39.149405 17.976516
      vertex 32.620508 36.641174 17.976516
    endloop
  endfacet
  facet normal -0.959193 0.027751 0.281387
    outer loop
      vertex 31.220181 37.932280 16.195909
      vertex 31.161694 35.910731 16.195909
      vertex 31.411112 36.035617 17.033808
    endloop
  endfacet
  facet normal -0.959193 0.027751 0.281387
    outer loop
      vertex 31.220181 37.932280 16.195909
      vertex 31.411112 36.035617 17.033808
      vertex 31.472006 38.140375 17.033808
    endloop
  endfacet
  facet normal 0.961125 -0.024904 -0.274987
    outer loop
      vertex 32.442007 38.941934 17.117780
      vertex 32.501297 41.230165 17.117780
      vertex 32.754394 41.515907 17.976516
    endloop
  endfacet
  facet normal 0.961125 -0.024904 -0.274987
    outer loop
      vertex 32.442007 38.941934 17.117780
      vertex 32.754394 41.515907 17.976516
      vertex 32.693075 39.149405 17.976516
    endloop
  endfacet
  facet normal -0.959072 0.024851 0.282071
    outer loop
      vertex 31.269602 39.839600 16.195909
      vertex 31.220181 37.932280 16.195909
      vertex 31.472006 38.140375 17.033808
    endloop
  endfacet
  facet normal -0.959072 0.024851 0.282071
    outer loop
      vertex 31.269602 39.839600 16.195909
      vertex 31.472006 38.140375 17.033808
      vertex 31.523462 40.126204 17.033808
    endloop
  endfacet
  facet normal 0.961410 -0.029540 -0.273529
    outer loop
      vertex 32.501297 41.230165 17.117780
      vertex 32.568306 43.411037 17.117780
      vertex 32.823695 43.771379 17.976516
    endloop
  endfacet
  facet normal 0.961410 -0.029540 -0.273529
    outer loop
      vertex 32.501297 41.230165 17.117780
      vertex 32.823695 43.771379 17.976516
      vertex 32.754394 41.515907 17.976516
    endloop
  endfacet
  facet normal -0.959378 0.029478 0.280581
    outer loop
      vertex 31.325456 41.657434 16.195909
      vertex 31.269602 39.839600 16.195909
      vertex 31.523462 40.126204 17.033808
    endloop
  endfacet
  facet normal -0.959378 0.029478 0.280581
    outer loop
      vertex 31.325456 41.657434 16.195909
      vertex 31.523462 40.126204 17.033808
      vertex 31.581615 42.018862 17.033808
    endloop
  endfacet
  facet normal -0.457612 0.884902 -0.086832
    outer loop
      vertex 32.823695 43.771379 17.976516
      vertex 30.364741 42.499773 17.976516
      vertex 30.427553 42.614631 18.816003
    endloop
  endfacet
  facet normal -0.457612 0.884902 -0.086832
    outer loop
      vertex 32.823695 43.771379 17.976516
      vertex 30.427553 42.614631 18.816003
      vertex 32.915857 43.901415 18.816003
    endloop
  endfacet
  facet normal 0.457610 -0.884898 0.086883
    outer loop
      vertex 29.518206 40.951805 17.033808
      vertex 31.581615 42.018862 17.033808
      vertex 31.673030 42.147844 17.866003
    endloop
  endfacet
  facet normal 0.457610 -0.884898 0.086883
    outer loop
      vertex 29.518206 40.951805 17.033808
      vertex 31.673030 42.147844 17.866003
      vertex 29.580510 41.065733 17.866003
    endloop
  endfacet
  facet normal -0.448614 0.889371 -0.088117
    outer loop
      vertex 30.364741 42.499773 17.976516
      vertex 27.737956 41.174776 17.976516
      vertex 27.769416 41.273820 18.816003
    endloop
  endfacet
  facet normal -0.448614 0.889371 -0.088117
    outer loop
      vertex 30.364741 42.499773 17.976516
      vertex 27.769416 41.273820 18.816003
      vertex 30.427553 42.614631 18.816003
    endloop
  endfacet
  facet normal 0.448612 -0.889367 0.088169
    outer loop
      vertex 27.313965 39.839947 17.033808
      vertex 29.518206 40.951805 17.033808
      vertex 29.580510 41.065733 17.866003
    endloop
  endfacet
  facet normal 0.448612 -0.889367 0.088169
    outer loop
      vertex 27.313965 39.839947 17.033808
      vertex 29.580510 41.065733 17.866003
      vertex 27.345170 39.938188 17.866003
    endloop
  endfacet
  facet normal -0.449050 0.889155 -0.088075
    outer loop
      vertex 27.737956 41.174776 17.976516
      vertex 24.882080 39.732471 17.976516
      vertex 24.879453 39.814300 18.816003
    endloop
  endfacet
  facet normal -0.449050 0.889155 -0.088075
    outer loop
      vertex 27.737956 41.174776 17.976516
      vertex 24.879453 39.814300 18.816003
      vertex 27.769416 41.273820 18.816003
    endloop
  endfacet
  facet normal 0.449048 -0.889151 0.088127
    outer loop
      vertex 24.917482 38.629650 17.033808
      vertex 27.313965 39.839947 17.033808
      vertex 27.345170 39.938188 17.866003
    endloop
  endfacet
  facet normal 0.449048 -0.889151 0.088127
    outer loop
      vertex 24.917482 38.629650 17.033808
      vertex 27.345170 39.938188 17.866003
      vertex 24.914877 38.710816 17.866003
    endloop
  endfacet
  facet normal -0.485330 0.870059 -0.086327
    outer loop
      vertex 24.882080 39.732471 17.976516
      vertex 21.844067 38.037828 17.976516
      vertex 21.805179 38.099430 18.816003
    endloop
  endfacet
  facet normal -0.485330 0.870059 -0.086327
    outer loop
      vertex 24.882080 39.732471 17.976516
      vertex 21.805179 38.099430 18.816003
      vertex 24.879453 39.814300 18.816003
    endloop
  endfacet
  facet normal 0.485328 -0.870055 0.086378
    outer loop
      vertex 22.368162 37.207606 17.033808
      vertex 24.917482 38.629650 17.033808
      vertex 24.914877 38.710816 17.866003
    endloop
  endfacet
  facet normal 0.485328 -0.870055 0.086378
    outer loop
      vertex 22.368162 37.207606 17.033808
      vertex 24.914877 38.710816 17.866003
      vertex 22.329590 37.268709 17.866003
    endloop
  endfacet
  facet normal -0.550170 0.830567 -0.086433
    outer loop
      vertex 21.844067 38.037828 17.976516
      vertex 18.954159 36.123544 17.976516
      vertex 18.880778 36.162297 18.816003
    endloop
  endfacet
  facet normal -0.550170 0.830567 -0.086433
    outer loop
      vertex 21.844067 38.037828 17.976516
      vertex 18.880778 36.162297 18.816003
      vertex 21.805179 38.099430 18.816003
    endloop
  endfacet
  facet normal 0.550168 -0.830564 0.086484
    outer loop
      vertex 19.943123 35.601252 17.033808
      vertex 22.368162 37.207606 17.033808
      vertex 22.329590 37.268709 17.866003
    endloop
  endfacet
  facet normal 0.550168 -0.830564 0.086484
    outer loop
      vertex 19.943123 35.601252 17.033808
      vertex 22.329590 37.268709 17.866003
      vertex 19.870337 35.639692 17.866003
    endloop
  endfacet
  facet normal -0.581121 0.809030 -0.088144
    outer loop
      vertex 18.954159 36.123544 17.976516
      vertex 16.370376 34.267630 17.976516
      vertex 16.266156 34.284232 18.816003
    endloop
  endfacet
  facet normal -0.581121 0.809030 -0.088144
    outer loop
      vertex 18.954159 36.123544 17.976516
      vertex 16.266156 34.284232 18.816003
      vertex 18.880778 36.162297 18.816003
    endloop
  endfacet
  facet normal 0.581118 -0.809026 0.088196
    outer loop
      vertex 17.774966 34.043880 17.033808
      vertex 19.943123 35.601252 17.033808
      vertex 19.870337 35.639692 17.866003
    endloop
  endfacet
  facet normal 0.581118 -0.809026 0.088196
    outer loop
      vertex 17.774966 34.043880 17.033808
      vertex 19.870337 35.639692 17.866003
      vertex 17.671591 34.060347 17.866003
    endloop
  endfacet
  facet normal -0.580449 0.809520 -0.088071
    outer loop
      vertex 16.370376 34.267630 17.976516
      vertex 13.989789 32.560679 17.976516
      vertex 13.857155 32.556907 18.816003
    endloop
  endfacet
  facet normal -0.580449 0.809520 -0.088071
    outer loop
      vertex 16.370376 34.267630 17.976516
      vertex 13.857155 32.556907 18.816003
      vertex 16.266156 34.284232 18.816003
    endloop
  endfacet
  facet normal 0.580447 -0.809516 0.088122
    outer loop
      vertex 15.777319 32.611507 17.033808
      vertex 17.774966 34.043880 17.033808
      vertex 17.671591 34.060347 17.866003
    endloop
  endfacet
  facet normal 0.580447 -0.809516 0.088122
    outer loop
      vertex 15.777319 32.611507 17.033808
      vertex 17.671591 34.060347 17.866003
      vertex 15.645760 32.607766 17.866003
    endloop
  endfacet
  facet normal -0.572206 0.815510 -0.086741
    outer loop
      vertex 13.989789 32.560679 17.976516
      vertex 11.730701 30.975582 17.976516
      vertex 11.571104 30.952891 18.816003
    endloop
  endfacet
  facet normal -0.572206 0.815510 -0.086741
    outer loop
      vertex 13.989789 32.560679 17.976516
      vertex 11.571104 30.952891 18.816003
      vertex 13.857155 32.556907 18.816003
    endloop
  endfacet
  facet normal 0.572203 -0.815506 0.086792
    outer loop
      vertex 13.881627 31.281388 17.033808
      vertex 15.777319 32.611507 17.033808
      vertex 15.645760 32.607766 17.866003
    endloop
  endfacet
  facet normal 0.572203 -0.815506 0.086792
    outer loop
      vertex 13.881627 31.281388 17.033808
      vertex 15.645760 32.607766 17.866003
      vertex 13.723322 31.258881 17.866003
    endloop
  endfacet
  facet normal -0.411975 -0.905378 -0.102794
    outer loop
      vertex 11.730701 30.975582 17.976516
      vertex 13.811043 30.028962 17.976516
      vertex 13.676276 29.994973 18.816003
    endloop
  endfacet
  facet normal -0.411975 -0.905378 -0.102794
    outer loop
      vertex 11.730701 30.975582 17.976516
      vertex 13.676276 29.994973 18.816003
      vertex 11.571104 30.952891 18.816003
    endloop
  endfacet
  facet normal 0.411972 0.905373 0.102853
    outer loop
      vertex 15.627326 30.487041 17.033808
      vertex 13.881627 31.281388 17.033808
      vertex 13.723322 31.258881 17.866003
    endloop
  endfacet
  facet normal 0.411972 0.905373 0.102853
    outer loop
      vertex 15.627326 30.487041 17.033808
      vertex 13.723322 31.258881 17.866003
      vertex 15.493651 30.453327 17.866003
    endloop
  endfacet
  facet normal -0.416952 -0.903017 -0.103497
    outer loop
      vertex 13.811043 30.028962 17.976516
      vertex 15.988076 29.023756 17.976516
      vertex 15.879293 28.977769 18.816003
    endloop
  endfacet
  facet normal -0.416952 -0.903017 -0.103497
    outer loop
      vertex 13.811043 30.028962 17.976516
      vertex 15.879293 28.977769 18.816003
      vertex 13.676276 29.994973 18.816003
    endloop
  endfacet
  facet normal 0.416949 0.903011 0.103557
    outer loop
      vertex 17.454163 29.643532 17.033808
      vertex 15.627326 30.487041 17.033808
      vertex 15.493651 30.453327 17.866003
    endloop
  endfacet
  facet normal 0.416949 0.903011 0.103557
    outer loop
      vertex 17.454163 29.643532 17.033808
      vertex 15.493651 30.453327 17.866003
      vertex 17.346261 29.597918 17.866003
    endloop
  endfacet
  facet normal -0.415377 -0.903761 -0.103334
    outer loop
      vertex 15.988076 29.023756 17.976516
      vertex 18.299660 27.961330 17.976516
      vertex 18.218468 27.902662 18.816003
    endloop
  endfacet
  facet normal -0.415377 -0.903761 -0.103334
    outer loop
      vertex 15.988076 29.023756 17.976516
      vertex 18.218468 27.902662 18.816003
      vertex 15.879293 28.977769 18.816003
    endloop
  endfacet
  facet normal 0.415375 0.903755 0.103394
    outer loop
      vertex 19.393907 28.752007 17.033808
      vertex 17.454163 29.643532 17.033808
      vertex 17.346261 29.597918 17.866003
    endloop
  endfacet
  facet normal 0.415375 0.903755 0.103394
    outer loop
      vertex 19.393907 28.752007 17.033808
      vertex 17.346261 29.597918 17.866003
      vertex 19.313372 28.693814 17.866003
    endloop
  endfacet
  facet normal -0.396855 -0.912181 -0.102131
    outer loop
      vertex 18.299660 27.961330 17.976516
      vertex 20.783687 26.880624 17.976516
      vertex 20.732143 26.809058 18.816003
    endloop
  endfacet
  facet normal -0.396855 -0.912181 -0.102131
    outer loop
      vertex 18.299660 27.961330 17.976516
      vertex 20.732143 26.809058 18.816003
      vertex 18.218468 27.902662 18.816003
    endloop
  endfacet
  facet normal 0.396853 0.912176 0.102190
    outer loop
      vertex 21.478355 27.845143 17.033808
      vertex 19.393907 28.752007 17.033808
      vertex 19.313372 28.693814 17.866003
    endloop
  endfacet
  facet normal 0.396853 0.912176 0.102190
    outer loop
      vertex 21.478355 27.845143 17.033808
      vertex 19.313372 28.693814 17.866003
      vertex 21.427228 27.774156 17.866003
    endloop
  endfacet
  facet normal -0.353754 -0.929870 -0.100992
    outer loop
      vertex 20.783687 26.880624 17.976516
      vertex 23.412570 25.880508 17.976516
      vertex 23.392403 25.797004 18.816003
    endloop
  endfacet
  facet normal -0.353754 -0.929870 -0.100992
    outer loop
      vertex 20.783687 26.880624 17.976516
      vertex 23.392403 25.797004 18.816003
      vertex 20.732143 26.809058 18.816003
    endloop
  endfacet
  facet normal 0.353752 0.929865 0.101051
    outer loop
      vertex 23.684357 27.005905 17.033808
      vertex 21.478355 27.845143 17.033808
      vertex 21.427228 27.774156 17.866003
    endloop
  endfacet
  facet normal 0.353752 0.929865 0.101051
    outer loop
      vertex 23.684357 27.005905 17.033808
      vertex 21.427228 27.774156 17.866003
      vertex 23.664354 26.923077 17.866003
    endloop
  endfacet
  facet normal -0.303569 -0.947385 -0.101529
    outer loop
      vertex 23.412570 25.880508 17.976516
      vertex 26.044059 25.037304 17.976516
      vertex 26.055302 24.943736 18.816003
    endloop
  endfacet
  facet normal -0.303569 -0.947385 -0.101529
    outer loop
      vertex 23.412570 25.880508 17.976516
      vertex 26.055302 24.943736 18.816003
      vertex 23.392403 25.797004 18.816003
    endloop
  endfacet
  facet normal 0.303567 0.947379 0.101588
    outer loop
      vertex 25.892547 26.298338 17.033808
      vertex 23.684357 27.005905 17.033808
      vertex 23.664354 26.923077 17.866003
    endloop
  endfacet
  facet normal 0.303567 0.947379 0.101588
    outer loop
      vertex 25.892547 26.298338 17.033808
      vertex 23.664354 26.923077 17.866003
      vertex 25.903698 26.205528 17.866003
    endloop
  endfacet
  facet normal -0.274129 -0.956172 -0.102903
    outer loop
      vertex 26.044059 25.037304 17.976516
      vertex 28.551630 24.318398 17.976516
      vertex 28.592802 24.216250 18.816003
    endloop
  endfacet
  facet normal -0.274129 -0.956172 -0.102903
    outer loop
      vertex 26.044059 25.037304 17.976516
      vertex 28.592802 24.216250 18.816003
      vertex 26.055302 24.943736 18.816003
    endloop
  endfacet
  facet normal 0.274127 0.956166 0.102963
    outer loop
      vertex 27.996751 25.695075 17.033808
      vertex 25.892547 26.298338 17.033808
      vertex 25.903698 26.205528 17.866003
    endloop
  endfacet
  facet normal 0.274127 0.956166 0.102963
    outer loop
      vertex 27.996751 25.695075 17.033808
      vertex 25.903698 26.205528 17.866003
      vertex 28.037589 25.593754 17.866003
    endloop
  endfacet
  facet normal -0.267010 -0.958121 -0.103489
    outer loop
      vertex 28.551630 24.318398 17.976516
      vertex 30.912360 23.660509 17.976516
      vertex 30.981709 23.550508 18.816003
    endloop
  endfacet
  facet normal -0.267010 -0.958121 -0.103489
    outer loop
      vertex 28.551630 24.318398 17.976516
      vertex 30.981709 23.550508 18.816003
      vertex 28.592802 24.216250 18.816003
    endloop
  endfacet
  facet normal 0.267008 0.958115 0.103549
    outer loop
      vertex 29.977736 25.143013 17.033808
      vertex 27.996751 25.695075 17.033808
      vertex 28.037589 25.593754 17.866003
    endloop
  endfacet
  facet normal 0.267008 0.958115 0.103549
    outer loop
      vertex 29.977736 25.143013 17.033808
      vertex 28.037589 25.593754 17.866003
      vertex 30.046523 25.033903 17.866003
    endloop
  endfacet
  facet normal 0.977125 -0.184962 -0.104955
    outer loop
      vertex 30.912360 23.660509 17.976516
      vertex 31.361097 26.031110 17.976516
      vertex 31.435802 25.949404 18.816003
    endloop
  endfacet
  facet normal 0.977125 -0.184962 -0.104955
    outer loop
      vertex 30.912360 23.660509 17.976516
      vertex 31.435802 25.949404 18.816003
      vertex 30.981709 23.550508 18.816003
    endloop
  endfacet
  facet normal -0.977119 0.184961 0.105016
    outer loop
      vertex 30.354289 27.132281 17.033808
      vertex 29.977736 25.143013 17.033808
      vertex 30.046523 25.033903 17.866003
    endloop
  endfacet
  facet normal -0.977119 0.184961 0.105016
    outer loop
      vertex 30.354289 27.132281 17.033808
      vertex 30.046523 25.033903 17.866003
      vertex 30.428389 27.051237 17.866003
    endloop
  endfacet
  facet normal 0.978647 -0.177106 -0.104326
    outer loop
      vertex 31.361097 26.031110 17.976516
      vertex 31.817641 28.553864 17.976516
      vertex 31.897795 28.502268 18.816003
    endloop
  endfacet
  facet normal 0.978647 -0.177106 -0.104326
    outer loop
      vertex 31.361097 26.031110 17.976516
      vertex 31.897795 28.502268 18.816003
      vertex 31.435802 25.949404 18.816003
    endloop
  endfacet
  facet normal -0.978641 0.177105 0.104387
    outer loop
      vertex 30.737394 29.249226 17.033808
      vertex 30.354289 27.132281 17.033808
      vertex 30.428389 27.051237 17.866003
    endloop
  endfacet
  facet normal -0.978641 0.177105 0.104387
    outer loop
      vertex 30.737394 29.249226 17.033808
      vertex 30.428389 27.051237 17.866003
      vertex 30.816898 29.198049 17.866003
    endloop
  endfacet
  facet normal 0.983721 -0.147269 -0.102977
    outer loop
      vertex 31.817641 28.553864 17.976516
      vertex 32.218849 31.233828 17.976516
      vertex 32.303791 31.214220 18.816003
    endloop
  endfacet
  facet normal 0.983721 -0.147269 -0.102977
    outer loop
      vertex 31.817641 28.553864 17.976516
      vertex 32.303791 31.214220 18.816003
      vertex 31.897795 28.502268 18.816003
    endloop
  endfacet
  facet normal -0.983715 0.147269 0.103036
    outer loop
      vertex 31.074064 31.498093 17.033808
      vertex 30.737394 29.249226 17.033808
      vertex 30.816898 29.198049 17.866003
    endloop
  endfacet
  facet normal -0.983715 0.147269 0.103036
    outer loop
      vertex 31.074064 31.498093 17.033808
      vertex 30.816898 29.198049 17.866003
      vertex 31.158318 31.478644 17.866003
    endloop
  endfacet
  facet normal 0.990074 -0.096245 -0.102427
    outer loop
      vertex 32.218849 31.233828 17.976516
      vertex 32.485758 33.979537 17.976516
      vertex 32.573886 33.992701 18.816003
    endloop
  endfacet
  facet normal 0.990074 -0.096245 -0.102427
    outer loop
      vertex 32.218849 31.233828 17.976516
      vertex 32.573886 33.992701 18.816003
      vertex 32.303791 31.214220 18.816003
    endloop
  endfacet
  facet normal -0.990067 0.096244 0.102487
    outer loop
      vertex 31.298038 33.802130 17.033808
      vertex 31.074064 31.498093 17.033808
      vertex 31.158318 31.478644 17.866003
    endloop
  endfacet
  facet normal -0.990067 0.096244 0.102487
    outer loop
      vertex 31.298038 33.802130 17.033808
      vertex 31.158318 31.478644 17.866003
      vertex 31.385452 33.815186 17.866003
    endloop
  endfacet
  facet normal 0.993358 -0.050290 -0.103493
    outer loop
      vertex 32.485758 33.979537 17.976516
      vertex 32.620508 36.641174 17.976516
      vertex 32.710244 36.686106 18.816003
    endloop
  endfacet
  facet normal 0.993358 -0.050290 -0.103493
    outer loop
      vertex 32.485758 33.979537 17.976516
      vertex 32.710244 36.686106 18.816003
      vertex 32.573886 33.992701 18.816003
    endloop
  endfacet
  facet normal -0.993352 0.050290 0.103553
    outer loop
      vertex 31.411112 36.035617 17.033808
      vertex 31.298038 33.802130 17.033808
      vertex 31.385452 33.815186 17.866003
    endloop
  endfacet
  facet normal -0.993352 0.050290 0.103553
    outer loop
      vertex 31.411112 36.035617 17.033808
      vertex 31.385452 33.815186 17.866003
      vertex 31.500121 36.080185 17.866003
    endloop
  endfacet
  facet normal 0.994085 -0.028761 -0.104723
    outer loop
      vertex 32.620508 36.641174 17.976516
      vertex 32.693075 39.149405 17.976516
      vertex 32.783678 39.224274 18.816003
    endloop
  endfacet
  facet normal 0.994085 -0.028761 -0.104723
    outer loop
      vertex 32.620508 36.641174 17.976516
      vertex 32.783678 39.224274 18.816003
      vertex 32.710244 36.686106 18.816003
    endloop
  endfacet
  facet normal -0.994079 0.028760 0.104784
    outer loop
      vertex 31.472006 38.140375 17.033808
      vertex 31.411112 36.035617 17.033808
      vertex 31.500121 36.080185 17.866003
    endloop
  endfacet
  facet normal -0.994079 0.028760 0.104784
    outer loop
      vertex 31.472006 38.140375 17.033808
      vertex 31.500121 36.080185 17.866003
      vertex 31.561875 38.214638 17.866003
    endloop
  endfacet
  facet normal 0.994139 -0.025759 -0.104996
    outer loop
      vertex 32.693075 39.149405 17.976516
      vertex 32.754394 41.515907 17.976516
      vertex 32.845729 41.619022 18.816003
    endloop
  endfacet
  facet normal 0.994139 -0.025759 -0.104996
    outer loop
      vertex 32.693075 39.149405 17.976516
      vertex 32.845729 41.619022 18.816003
      vertex 32.783678 39.224274 18.816003
    endloop
  endfacet
  facet normal -0.994132 0.025759 0.105057
    outer loop
      vertex 31.523462 40.126204 17.033808
      vertex 31.472006 38.140375 17.033808
      vertex 31.561875 38.214638 17.866003
    endloop
  endfacet
  facet normal -0.994132 0.025759 0.105057
    outer loop
      vertex 31.523462 40.126204 17.033808
      vertex 31.561875 38.214638 17.866003
      vertex 31.614056 40.228483 17.866003
    endloop
  endfacet
  facet normal 0.994066 -0.030543 -0.104401
    outer loop
      vertex 32.754394 41.515907 17.976516
      vertex 32.823695 43.771379 17.976516
      vertex 32.915857 43.901415 18.816003
    endloop
  endfacet
  facet normal 0.994066 -0.030543 -0.104401
    outer loop
      vertex 32.754394 41.515907 17.976516
      vertex 32.915857 43.901415 18.816003
      vertex 32.845729 41.619022 18.816003
    endloop
  endfacet
  facet normal -0.994060 0.030543 0.104462
    outer loop
      vertex 31.581615 42.018862 17.033808
      vertex 31.523462 40.126204 17.033808
      vertex 31.614056 40.228483 17.866003
    endloop
  endfacet
  facet normal -0.994060 0.030543 0.104462
    outer loop
      vertex 31.581615 42.018862 17.033808
      vertex 31.614056 40.228483 17.866003
      vertex 31.673030 42.147844 17.866003
    endloop
  endfacet
  facet normal 0.000000 0.000000 1.000000
    outer loop
      vertex 28.383916 37.507058 4.311286
      vertex 26.222411 36.403468 4.311286
      vertex 27.338828 36.966609 4.311286
    endloop
  endfacet
  facet normal 0.000000 0.000000 1.000000
    outer loop
      vertex 28.383916 37.507058 4.311286
      vertex 25.008626 35.790470 4.311286
      vertex 26.222411 36.403468 4.311286
    endloop
  endfacet
  facet normal 0.000000 0.000000 -1.000000
    outer loop
      vertex 28.383916 37.507058 4.311286
      vertex 23.717431 35.070224 4.311286
      vertex 25.008626 35.790470 4.311286
    endloop
  endfacet
  facet normal 0.000000 0.000000 -1.000000
    outer loop
      vertex 28.383916 37.507058 4.311286
      vertex 22.489183 34.256629 4.311286
      vertex 23.717431 35.070224 4.311286
    endloop
  endfacet
  facet normal 0.000000 0.000000 -1.000000
    outer loop
      vertex 28.383916 37.507058 4.311286
      vertex 21.391042 33.467841 4.311286
      vertex 22.489183 34.256629 4.311286
    endloop
  endfacet
  facet normal 0.000000 0.000000 -1.000000
    outer loop
      vertex 28.383916 37.507058 4.311286
      vertex 20.379261 32.742365 4.311286
      vertex 21.391042 33.467841 4.311286
    endloop
  endfacet
  facet normal 0.000000 0.000000 -1.000000
    outer loop
      vertex 28.383916 37.507058 4.311286
      vertex 19.419120 32.068678 4.311286
      vertex 20.379261 32.742365 4.311286
    endloop
  endfacet
  facet normal 0.000000 0.000000 -1.000000
    outer loop
      vertex 28.383916 37.507058 4.311286
      vertex 20.303292 31.666352 4.311286
      vertex 19.419120 32.068678 4.311286
    endloop
  endfacet
  facet normal 0.000000 0.000000 -1.000000
    outer loop
      vertex 28.383916 37.507058 4.311286
      vertex 21.228559 31.239127 4.311286
      vertex 20.303292 31.666352 4.311286
    endloop
  endfacet
  facet normal 0.000000 0.000000 -1.000000
    outer loop
      vertex 28.383916 37.507058 4.311286
      vertex 22.211013 30.787582 4.311286
      vertex 21.228559 31.239127 4.311286
    endloop
  endfacet
  facet normal 0.000000 0.000000 -1.000000
    outer loop
      vertex 28.383916 37.507058 4.311286
      vertex 23.266756 30.328268 4.311286
      vertex 22.211013 30.787582 4.311286
    endloop
  endfacet
  facet normal 0.000000 0.000000 -1.000000
    outer loop
      vertex 28.383916 37.507058 4.311286
      vertex 24.384065 29.903205 4.311286
      vertex 23.266756 30.328268 4.311286
    endloop
  endfacet
  facet normal 0.000000 0.000000 -1.000000
    outer loop
      vertex 28.383916 37.507058 4.311286
      vertex 25.502483 29.544833 4.311286
      vertex 24.384065 29.903205 4.311286
    endloop
  endfacet
  facet normal 0.000000 0.000000 -1.000000
    outer loop
      vertex 28.383916 37.507058 4.311286
      vertex 26.568233 29.239289 4.311286
      vertex 25.502483 29.544833 4.311286
    endloop
  endfacet
  facet normal 0.000000 0.000000 -1.000000
    outer loop
      vertex 28.383916 37.507058 4.311286
      vertex 27.571574 28.959677 4.311286
      vertex 26.568233 29.239289 4.311286
    endloop
  endfacet
  facet normal 0.000000 0.000000 -1.000000
    outer loop
      vertex 28.383916 37.507058 4.311286
      vertex 27.762293 29.967213 4.311286
      vertex 27.571574 28.959677 4.311286
    endloop
  endfacet
  facet normal 0.000000 0.000000 -1.000000
    outer loop
      vertex 28.383916 37.507058 4.311286
      vertex 27.956330 31.039416 4.311286
      vertex 27.762293 29.967213 4.311286
    endloop
  endfacet
  facet normal 0.000000 0.000000 -1.000000
    outer loop
      vertex 28.383916 37.507058 4.311286
      vertex 28.126848 32.178436 4.311286
      vertex 27.956330 31.039416 4.311286
    endloop
  endfacet
  facet normal 0.000000 0.000000 -1.000000
    outer loop
      vertex 28.383916 37.507058 4.311286
      vertex 28.240288 33.345398 4.311286
      vertex 28.126848 32.178436 4.311286
    endloop
  endfacet
  facet normal 0.000000 0.000000 -1.000000
    outer loop
      vertex 28.383916 37.507058 4.311286
      vertex 28.297559 34.476628 4.311286
      vertex 28.240288 33.345398 4.311286
    endloop
  endfacet
  facet normal 0.000000 0.000000 -1.000000
    outer loop
      vertex 28.383916 37.507058 4.311286
      vertex 28.328401 35.542659 4.311286
      vertex 28.297559 34.476628 4.311286
    endloop
  endfacet
  facet normal 0.000000 0.000000 1.000000
    outer loop
      vertex 28.383916 37.507058 4.311286
      vertex 28.354462 36.548453 4.311286
      vertex 28.328401 35.542659 4.311286
    endloop
  endfacet
  facet normal 0.318590 -0.616069 0.720389
    outer loop
      vertex 32.915857 43.901415 18.816003
      vertex 30.427553 42.614631 18.816003
      vertex 29.580510 41.065733 17.866003
    endloop
  endfacet
  facet normal 0.318590 -0.616069 0.720389
    outer loop
      vertex 32.915857 43.901415 18.816003
      vertex 29.580510 41.065733 17.866003
      vertex 31.673030 42.147844 17.866003
    endloop
  endfacet
  facet normal 0.309954 -0.614479 0.725496
    outer loop
      vertex 30.427553 42.614631 18.816003
      vertex 27.769416 41.273820 18.816003
      vertex 27.345170 39.938188 17.866003
    endloop
  endfacet
  facet normal 0.309954 -0.614479 0.725496
    outer loop
      vertex 30.427553 42.614631 18.816003
      vertex 27.345170 39.938188 17.866003
      vertex 29.580510 41.065733 17.866003
    endloop
  endfacet
  facet normal 0.310332 -0.614482 0.725331
    outer loop
      vertex 27.769416 41.273820 18.816003
      vertex 24.879453 39.814300 18.816003
      vertex 24.914877 38.710816 17.866003
    endloop
  endfacet
  facet normal 0.310332 -0.614482 0.725331
    outer loop
      vertex 27.769416 41.273820 18.816003
      vertex 24.914877 38.710816 17.866003
      vertex 27.345170 39.938188 17.866003
    endloop
  endfacet
  facet normal 0.338901 -0.607554 0.718349
    outer loop
      vertex 24.879453 39.814300 18.816003
      vertex 21.805179 38.099430 18.816003
      vertex 22.329590 37.268709 17.866003
    endloop
  endfacet
  facet normal 0.338901 -0.607554 0.718349
    outer loop
      vertex 24.879453 39.814300 18.816003
      vertex 22.329590 37.268709 17.866003
      vertex 24.914877 38.710816 17.866003
    endloop
  endfacet
  facet normal 0.383938 -0.579613 0.718777
    outer loop
      vertex 21.805179 38.099430 18.816003
      vertex 18.880778 36.162297 18.816003
      vertex 19.870337 35.639692 17.866003
    endloop
  endfacet
  facet normal 0.383938 -0.579613 0.718777
    outer loop
      vertex 21.805179 38.099430 18.816003
      vertex 19.870337 35.639692 17.866003
      vertex 22.329590 37.268709 17.866003
    endloop
  endfacet
  facet normal 0.401440 -0.558880 0.725602
    outer loop
      vertex 18.880778 36.162297 18.816003
      vertex 16.266156 34.284232 18.816003
      vertex 17.671591 34.060347 17.866003
    endloop
  endfacet
  facet normal 0.401440 -0.558880 0.725602
    outer loop
      vertex 18.880778 36.162297 18.816003
      vertex 17.671591 34.060347 17.866003
      vertex 19.870337 35.639692 17.866003
    endloop
  endfacet
  facet normal 0.401151 -0.559463 0.725313
    outer loop
      vertex 16.266156 34.284232 18.816003
      vertex 13.857155 32.556907 18.816003
      vertex 15.645760 32.607766 17.866003
    endloop
  endfacet
  facet normal 0.401151 -0.559463 0.725313
    outer loop
      vertex 16.266156 34.284232 18.816003
      vertex 15.645760 32.607766 17.866003
      vertex 17.671591 34.060347 17.866003
    endloop
  endfacet
  facet normal 0.398585 -0.568066 0.720021
    outer loop
      vertex 13.857155 32.556907 18.816003
      vertex 11.571104 30.952891 18.816003
      vertex 13.723322 31.258881 17.866003
    endloop
  endfacet
  facet normal 0.398585 -0.568066 0.720021
    outer loop
      vertex 13.857155 32.556907 18.816003
      vertex 13.723322 31.258881 17.866003
      vertex 15.645760 32.607766 17.866003
    endloop
  endfacet
  facet normal 0.261083 0.573769 0.776289
    outer loop
      vertex 11.571104 30.952891 18.816003
      vertex 13.676276 29.994973 18.816003
      vertex 15.493651 30.453327 17.866003
    endloop
  endfacet
  facet normal 0.261083 0.573769 0.776289
    outer loop
      vertex 11.571104 30.952891 18.816003
      vertex 15.493651 30.453327 17.866003
      vertex 13.723322 31.258881 17.866003
    endloop
  endfacet
  facet normal 0.263158 0.569936 0.778409
    outer loop
      vertex 13.676276 29.994973 18.816003
      vertex 15.879293 28.977769 18.816003
      vertex 17.346261 29.597918 17.866003
    endloop
  endfacet
  facet normal 0.263158 0.569936 0.778409
    outer loop
      vertex 13.676276 29.994973 18.816003
      vertex 17.346261 29.597918 17.866003
      vertex 15.493651 30.453327 17.866003
    endloop
  endfacet
  facet normal 0.262413 0.570947 0.777919
    outer loop
      vertex 15.879293 28.977769 18.816003
      vertex 18.218468 27.902662 18.816003
      vertex 19.313372 28.693814 17.866003
    endloop
  endfacet
  facet normal 0.262413 0.570947 0.777919
    outer loop
      vertex 15.879293 28.977769 18.816003
      vertex 19.313372 28.693814 17.866003
      vertex 17.346261 29.597918 17.866003
    endloop
  endfacet
  facet normal 0.252474 0.580317 0.774267
    outer loop
      vertex 18.218468 27.902662 18.816003
      vertex 20.732143 26.809058 18.816003
      vertex 21.427228 27.774156 17.866003
    endloop
  endfacet
  facet normal 0.252474 0.580317 0.774267
    outer loop
      vertex 18.218468 27.902662 18.816003
      vertex 21.427228 27.774156 17.866003
      vertex 19.313372 28.693814 17.866003
    endloop
  endfacet
  facet normal 0.226553 0.595512 0.770739
    outer loop
      vertex 20.732143 26.809058 18.816003
      vertex 23.392403 25.797004 18.816003
      vertex 23.664354 26.923077 17.866003
    endloop
  endfacet
  facet normal 0.226553 0.595512 0.770739
    outer loop
      vertex 20.732143 26.809058 18.816003
      vertex 23.664354 26.923077 17.866003
      vertex 21.427228 27.774156 17.866003
    endloop
  endfacet
  facet normal 0.193805 0.604832 0.772411
    outer loop
      vertex 23.392403 25.797004 18.816003
      vertex 26.055302 24.943736 18.816003
      vertex 25.903698 26.205528 17.866003
    endloop
  endfacet
  facet normal 0.193805 0.604832 0.772411
    outer loop
      vertex 23.392403 25.797004 18.816003
      vertex 25.903698 26.205528 17.866003
      vertex 23.664354 26.923077 17.866003
    endloop
  endfacet
  facet normal 0.173615 0.605574 0.776619
    outer loop
      vertex 26.055302 24.943736 18.816003
      vertex 28.592802 24.216250 18.816003
      vertex 28.037589 25.593754 17.866003
    endloop
  endfacet
  facet normal 0.173615 0.605574 0.776619
    outer loop
      vertex 26.055302 24.943736 18.816003
      vertex 28.037589 25.593754 17.866003
      vertex 25.903698 26.205528 17.866003
    endloop
  endfacet
  facet normal 0.168530 0.604743 0.778385
    outer loop
      vertex 28.592802 24.216250 18.816003
      vertex 30.981709 23.550508 18.816003
      vertex 30.046523 25.033903 17.866003
    endloop
  endfacet
  facet normal 0.168530 0.604743 0.778385
    outer loop
      vertex 28.592802 24.216250 18.816003
      vertex 30.046523 25.033903 17.866003
      vertex 28.037589 25.593754 17.866003
    endloop
  endfacet
  facet normal -0.611511 0.115755 0.782723
    outer loop
      vertex 30.981709 23.550508 18.816003
      vertex 31.435802 25.949404 18.816003
      vertex 30.428389 27.051237 17.866003
    endloop
  endfacet
  facet normal -0.611511 0.115755 0.782723
    outer loop
      vertex 30.981709 23.550508 18.816003
      vertex 30.428389 27.051237 17.866003
      vertex 30.046523 25.033903 17.866003
    endloop
  endfacet
  facet normal -0.614703 0.111243 0.780875
    outer loop
      vertex 31.435802 25.949404 18.816003
      vertex 31.897795 28.502268 18.816003
      vertex 30.816898 29.198049 17.866003
    endloop
  endfacet
  facet normal -0.614703 0.111243 0.780875
    outer loop
      vertex 31.435802 25.949404 18.816003
      vertex 30.816898 29.198049 17.866003
      vertex 30.428389 27.051237 17.866003
    endloop
  endfacet
  facet normal -0.622754 0.093230 0.776843
    outer loop
      vertex 31.897795 28.502268 18.816003
      vertex 32.303791 31.214220 18.816003
      vertex 31.158318 31.478644 17.866003
    endloop
  endfacet
  facet normal -0.622754 0.093230 0.776843
    outer loop
      vertex 31.897795 28.502268 18.816003
      vertex 31.158318 31.478644 17.866003
      vertex 30.816898 29.198049 17.866003
    endloop
  endfacet
  facet normal -0.628783 0.061124 0.775175
    outer loop
      vertex 32.303791 31.214220 18.816003
      vertex 32.573886 33.992701 18.816003
      vertex 31.385452 33.815186 17.866003
    endloop
  endfacet
  facet normal -0.628783 0.061124 0.775175
    outer loop
      vertex 32.303791 31.214220 18.816003
      vertex 31.385452 33.815186 17.866003
      vertex 31.158318 31.478644 17.866003
    endloop
  endfacet
  facet normal -0.626969 0.031741 0.778397
    outer loop
      vertex 32.573886 33.992701 18.816003
      vertex 32.710244 36.686106 18.816003
      vertex 31.500121 36.080185 17.866003
    endloop
  endfacet
  facet normal -0.626969 0.031741 0.778397
    outer loop
      vertex 32.573886 33.992701 18.816003
      vertex 31.500121 36.080185 17.866003
      vertex 31.385452 33.815186 17.866003
    endloop
  endfacet
  facet normal -0.622963 0.018023 0.782043
    outer loop
      vertex 32.710244 36.686106 18.816003
      vertex 32.783678 39.224274 18.816003
      vertex 31.561875 38.214638 17.866003
    endloop
  endfacet
  facet normal -0.622963 0.018023 0.782043
    outer loop
      vertex 32.710244 36.686106 18.816003
      vertex 31.561875 38.214638 17.866003
      vertex 31.500121 36.080185 17.866003
    endloop
  endfacet
  facet normal -0.622010 0.016117 0.782843
    outer loop
      vertex 32.783678 39.224274 18.816003
      vertex 32.845729 41.619022 18.816003
      vertex 31.614056 40.228483 17.866003
    endloop
  endfacet
  facet normal -0.622010 0.016117 0.782843
    outer loop
      vertex 32.783678 39.224274 18.816003
      vertex 31.614056 40.228483 17.866003
      vertex 31.561875 38.214638 17.866003
    endloop
  endfacet
  facet normal -0.624116 0.019176 0.781096
    outer loop
      vertex 32.845729 41.619022 18.816003
      vertex 32.915857 43.901415 18.816003
      vertex 31.673030 42.147844 17.866003
    endloop
  endfacet
  facet normal -0.624116 0.019176 0.781096
    outer loop
      vertex 32.845729 41.619022 18.816003
      vertex 31.673030 42.147844 17.866003
      vertex 31.614056 40.228483 17.866003
    endloop
  endfacet
  facet normal 0.000000 0.000000 -1.000000
    outer loop
      vertex 27.183886 35.813871 5.934484
      vertex 26.520953 35.471047 5.934484
      vertex 25.812773 35.113829 5.934484
    endloop
  endfacet
  facet normal 0.000000 0.000000 -1.000000
    outer loop
      vertex 27.183886 35.813871 5.934484
      vertex 25.812773 35.113829 5.934484
      vertex 25.042830 34.724984 5.934484
    endloop
  endfacet
  facet normal 0.000000 0.000000 1.000000
    outer loop
      vertex 27.183886 35.813871 5.934484
      vertex 25.042830 34.724984 5.934484
      vertex 24.223784 34.268109 5.934484
    endloop
  endfacet
  facet normal 0.000000 0.000000 1.000000
    outer loop
      vertex 27.183886 35.813871 5.934484
      vertex 24.223784 34.268109 5.934484
      vertex 23.444666 33.752019 5.934484
    endloop
  endfacet
  facet normal 0.000000 0.000000 1.000000
    outer loop
      vertex 27.183886 35.813871 5.934484
      vertex 23.444666 33.752019 5.934484
      vertex 22.748080 33.251666 5.934484
    endloop
  endfacet
  facet normal 0.000000 0.000000 1.000000
    outer loop
      vertex 27.183886 35.813871 5.934484
      vertex 22.748080 33.251666 5.934484
      vertex 22.106275 32.791473 5.934484
    endloop
  endfacet
  facet normal 0.000000 0.000000 1.000000
    outer loop
      vertex 27.183886 35.813871 5.934484
      vertex 22.106275 32.791473 5.934484
      vertex 21.497226 32.364132 5.934484
    endloop
  endfacet
  facet normal 0.000000 0.000000 1.000000
    outer loop
      vertex 27.183886 35.813871 5.934484
      vertex 21.497226 32.364132 5.934484
      vertex 22.058085 32.108923 5.934484
    endloop
  endfacet
  facet normal 0.000000 0.000000 1.000000
    outer loop
      vertex 27.183886 35.813871 5.934484
      vertex 22.058085 32.108923 5.934484
      vertex 22.645012 31.837921 5.934484
    endloop
  endfacet
  facet normal 0.000000 0.000000 1.000000
    outer loop
      vertex 27.183886 35.813871 5.934484
      vertex 22.645012 31.837921 5.934484
      vertex 23.268214 31.551491 5.934484
    endloop
  endfacet
  facet normal 0.000000 0.000000 1.000000
    outer loop
      vertex 27.183886 35.813871 5.934484
      vertex 23.268214 31.551491 5.934484
      vertex 23.937906 31.260133 5.934484
    endloop
  endfacet
  facet normal 0.000000 0.000000 1.000000
    outer loop
      vertex 27.183886 35.813871 5.934484
      vertex 23.937906 31.260133 5.934484
      vertex 24.646651 30.990502 5.934484
    endloop
  endfacet
  facet normal 0.000000 0.000000 1.000000
    outer loop
      vertex 27.183886 35.813871 5.934484
      vertex 24.646651 30.990502 5.934484
      vertex 25.356100 30.763175 5.934484
    endloop
  endfacet
  facet normal 0.000000 0.000000 1.000000
    outer loop
      vertex 27.183886 35.813871 5.934484
      vertex 25.356100 30.763175 5.934484
      vertex 26.032139 30.569359 5.934484
    endloop
  endfacet
  facet normal 0.000000 0.000000 1.000000
    outer loop
      vertex 27.183886 35.813871 5.934484
      vertex 26.032139 30.569359 5.934484
      vertex 26.668591 30.391992 5.934484
    endloop
  endfacet
  facet normal 0.000000 0.000000 1.000000
    outer loop
      vertex 27.183886 35.813871 5.934484
      vertex 26.668591 30.391992 5.934484
      vertex 26.789570 31.031105 5.934484
    endloop
  endfacet
  facet normal 0.000000 0.000000 1.000000
    outer loop
      vertex 27.183886 35.813871 5.934484
      vertex 26.789570 31.031105 5.934484
      vertex 26.912654 31.711238 5.934484
    endloop
  endfacet
  facet normal 0.000000 0.000000 1.000000
    outer loop
      vertex 27.183886 35.813871 5.934484
      vertex 26.912654 31.711238 5.934484
      vertex 27.020819 32.433755 5.934484
    endloop
  endfacet
  facet normal 0.000000 0.000000 1.000000
    outer loop
      vertex 27.183886 35.813871 5.934484
      vertex 27.020819 32.433755 5.934484
      vertex 27.092778 33.173996 5.934484
    endloop
  endfacet
  facet normal 0.000000 0.000000 1.000000
    outer loop
      vertex 27.183886 35.813871 5.934484
      vertex 27.092778 33.173996 5.934484
      vertex 27.129106 33.891572 5.934484
    endloop
  endfacet
  facet normal 0.000000 0.000000 1.000000
    outer loop
      vertex 27.183886 35.813871 5.934484
      vertex 27.129106 33.891572 5.934484
      vertex 27.148671 34.567790 5.934484
    endloop
  endfacet
  facet normal 0.000000 0.000000 -1.000000
    outer loop
      vertex 27.183886 35.813871 5.934484
      vertex 27.148671 34.567790 5.934484
      vertex 27.165202 35.205797 5.934484
    endloop
  endfacet
endsolid box_wall_short_b_r3_c3_tubes_color_4_orange
