solid box_wall_long_r2_c3_tubes_color_4_orange
  facet normal -0.989485 0.144410 -0.008108
    outer loop
      vertex 26.008235 36.452885 4.311286
      vertex 25.892719 35.661380 4.311286
      vertex 25.886626 35.663209 5.087421
    endloop
  endfacet
  facet normal -0.989485 0.144410 -0.008108
    outer loop
      vertex 26.008235 36.452885 4.311286
      vertex 25.886626 35.663209 5.087421
      vertex 26.002481 36.457037 5.087421
    endloop
  endfacet
  facet normal -0.995380 0.095674 -0.008039
    outer loop
      vertex 25.892719 35.661380 4.311286
      vertex 25.813978 34.842172 4.311286
      vertex 25.807654 34.841598 5.087421
    endloop
  endfacet
  facet normal -0.995380 0.095674 -0.008039
    outer loop
      vertex 25.892719 35.661380 4.311286
      vertex 25.807654 34.841598 5.087421
      vertex 25.886626 35.663209 5.087421
    endloop
  endfacet
  facet normal -0.998924 0.045662 -0.008105
    outer loop
      vertex 25.813978 34.842172 4.311286
      vertex 25.777335 34.040545 4.311286
      vertex 25.770904 34.037618 5.087421
    endloop
  endfacet
  facet normal -0.998924 0.045662 -0.008105
    outer loop
      vertex 25.813978 34.842172 4.311286
      vertex 25.770904 34.037618 5.087421
      vertex 25.807654 34.841598 5.087421
    endloop
  endfacet
  facet normal -0.999787 0.018936 -0.008213
    outer loop
      vertex 25.777335 34.040545 4.311286
      vertex 25.762999 33.283673 4.311286
      vertex 25.756526 33.278525 5.087421
    endloop
  endfacet
  facet normal -0.999787 0.018936 -0.008213
    outer loop
      vertex 25.777335 34.040545 4.311286
      vertex 25.756526 33.278525 5.087421
      vertex 25.770904 34.037618 5.087421
    endloop
  endfacet
  facet normal -0.999878 0.013288 -0.008251
    outer loop
      vertex 25.762999 33.283673 4.311286
      vertex 25.753527 32.570902 4.311286
      vertex 25.747026 32.563662 5.087421
    endloop
  endfacet
  facet normal -0.999878 0.013288 -0.008251
    outer loop
      vertex 25.762999 33.283673 4.311286
      vertex 25.747026 32.563662 5.087421
      vertex 25.756526 33.278525 5.087421
    endloop
  endfacet
  facet normal -0.999817 0.017267 -0.008214
    outer loop
      vertex 25.753527 32.570902 4.311286
      vertex 25.741821 31.893061 4.311286
      vertex 25.735285 31.883832 5.087421
    endloop
  endfacet
  facet normal -0.999817 0.017267 -0.008214
    outer loop
      vertex 25.753527 32.570902 4.311286
      vertex 25.735285 31.883832 5.087421
      vertex 25.747026 32.563662 5.087421
    endloop
  endfacet
  facet normal -0.999678 0.024048 -0.008132
    outer loop
      vertex 25.741821 31.893061 4.311286
      vertex 25.726159 31.241981 4.311286
      vertex 25.719577 31.230842 5.087421
    endloop
  endfacet
  facet normal -0.999678 0.024048 -0.008132
    outer loop
      vertex 25.741821 31.893061 4.311286
      vertex 25.719577 31.230842 5.087421
      vertex 25.735285 31.883832 5.087421
    endloop
  endfacet
  facet normal -0.999488 0.030968 -0.008031
    outer loop
      vertex 25.726159 31.241981 4.311286
      vertex 25.706634 30.611812 4.311286
      vertex 25.699995 30.598824 5.087421
    endloop
  endfacet
  facet normal -0.999488 0.030968 -0.008031
    outer loop
      vertex 25.726159 31.241981 4.311286
      vertex 25.699995 30.598824 5.087421
      vertex 25.719577 31.230842 5.087421
    endloop
  endfacet
  facet normal 0.739467 -0.673175 -0.004940
    outer loop
      vertex 25.706634 30.611812 4.311286
      vertex 26.434283 31.411119 4.311286
      vertex 26.429780 31.400476 5.087421
    endloop
  endfacet
  facet normal 0.739467 -0.673175 -0.004940
    outer loop
      vertex 25.706634 30.611812 4.311286
      vertex 26.429780 31.400476 5.087421
      vertex 25.699995 30.598824 5.087421
    endloop
  endfacet
  facet normal 0.730374 -0.683029 -0.005128
    outer loop
      vertex 26.434283 31.411119 4.311286
      vertex 27.216623 32.247687 4.311286
      vertex 27.214415 32.239499 5.087421
    endloop
  endfacet
  facet normal 0.730374 -0.683029 -0.005128
    outer loop
      vertex 26.434283 31.411119 4.311286
      vertex 27.214415 32.239499 5.087421
      vertex 26.429780 31.400476 5.087421
    endloop
  endfacet
  facet normal 0.717304 -0.696740 -0.005310
    outer loop
      vertex 27.216623 32.247687 4.311286
      vertex 28.094357 33.151327 4.311286
      vertex 28.094725 33.145791 5.087421
    endloop
  endfacet
  facet normal 0.717304 -0.696740 -0.005310
    outer loop
      vertex 27.216623 32.247687 4.311286
      vertex 28.094725 33.145791 5.087421
      vertex 27.214415 32.239499 5.087421
    endloop
  endfacet
  facet normal 0.733308 -0.679876 -0.005197
    outer loop
      vertex 28.094357 33.151327 4.311286
      vertex 29.094337 34.229896 4.311286
      vertex 29.097639 34.227524 5.087421
    endloop
  endfacet
  facet normal 0.733308 -0.679876 -0.005197
    outer loop
      vertex 28.094357 33.151327 4.311286
      vertex 29.097639 34.227524 5.087421
      vertex 28.094725 33.145791 5.087421
    endloop
  endfacet
  facet normal 0.804974 -0.593287 -0.005237
    outer loop
      vertex 29.094337 34.229896 4.311286
      vertex 29.951101 35.392357 4.311286
      vertex 29.956917 35.393397 5.087421
    endloop
  endfacet
  facet normal 0.804974 -0.593287 -0.005237
    outer loop
      vertex 29.094337 34.229896 4.311286
      vertex 29.956917 35.393397 5.087421
      vertex 29.097639 34.227524 5.087421
    endloop
  endfacet
  facet normal 0.811165 -0.584793 -0.005295
    outer loop
      vertex 29.951101 35.392357 4.311286
      vertex 30.676471 36.398517 4.311286
      vertex 30.684416 36.402509 5.087421
    endloop
  endfacet
  facet normal 0.811165 -0.584793 -0.005295
    outer loop
      vertex 29.951101 35.392357 4.311286
      vertex 30.684416 36.402509 5.087421
      vertex 29.956917 35.393397 5.087421
    endloop
  endfacet
  facet normal 0.800085 -0.599865 -0.005104
    outer loop
      vertex 30.676471 36.398517 4.311286
      vertex 31.357569 37.306947 4.311286
      vertex 31.367512 37.313605 5.087421
    endloop
  endfacet
  facet normal 0.800085 -0.599865 -0.005104
    outer loop
      vertex 30.676471 36.398517 4.311286
      vertex 31.367512 37.313605 5.087421
      vertex 30.684416 36.402509 5.087421
    endloop
  endfacet
  facet normal 0.792435 -0.609937 -0.004920
    outer loop
      vertex 31.357569 37.306947 4.311286
      vertex 32.012973 38.158453 4.311286
      vertex 32.024839 38.167610 5.087421
    endloop
  endfacet
  facet normal 0.792435 -0.609937 -0.004920
    outer loop
      vertex 31.357569 37.306947 4.311286
      vertex 32.024839 38.167610 5.087421
      vertex 31.367512 37.313605 5.087421
    endloop
  endfacet
  facet normal -0.253717 0.967249 -0.007532
    outer loop
      vertex 32.012973 38.158453 4.311286
      vertex 31.367022 37.989016 4.311286
      vertex 31.376993 37.997675 5.087421
    endloop
  endfacet
  facet normal -0.253717 0.967249 -0.007532
    outer loop
      vertex 32.012973 38.158453 4.311286
      vertex 31.376993 37.997675 5.087421
      vertex 32.024839 38.167610 5.087421
    endloop
  endfacet
  facet normal -0.246487 0.969116 -0.007646
    outer loop
      vertex 31.367022 37.989016 4.311286
      vertex 30.698139 37.818891 4.311286
      vertex 30.706148 37.827051 5.087421
    endloop
  endfacet
  facet normal -0.246487 0.969116 -0.007646
    outer loop
      vertex 31.367022 37.989016 4.311286
      vertex 30.706148 37.827051 5.087421
      vertex 31.376993 37.997675 5.087421
    endloop
  endfacet
  facet normal -0.238738 0.971053 -0.007746
    outer loop
      vertex 30.698139 37.818891 4.311286
      vertex 29.999574 37.647145 4.311286
      vertex 30.005532 37.654801 5.087421
    endloop
  endfacet
  facet normal -0.238738 0.971053 -0.007746
    outer loop
      vertex 30.698139 37.818891 4.311286
      vertex 30.005532 37.654801 5.087421
      vertex 30.706148 37.827051 5.087421
    endloop
  endfacet
  facet normal -0.232881 0.972474 -0.007805
    outer loop
      vertex 29.999574 37.647145 4.311286
      vertex 29.261660 37.470434 4.311286
      vertex 29.265453 37.477572 5.087421
    endloop
  endfacet
  facet normal -0.232881 0.972474 -0.007805
    outer loop
      vertex 29.999574 37.647145 4.311286
      vertex 29.265453 37.477572 5.087421
      vertex 30.005532 37.654801 5.087421
    endloop
  endfacet
  facet normal -0.236594 0.971577 -0.007779
    outer loop
      vertex 29.261660 37.470434 4.311286
      vertex 28.473546 37.278516 4.311286
      vertex 28.475026 37.285091 5.087421
    endloop
  endfacet
  facet normal -0.236594 0.971577 -0.007779
    outer loop
      vertex 29.261660 37.470434 4.311286
      vertex 28.475026 37.285091 5.087421
      vertex 29.265453 37.477572 5.087421
    endloop
  endfacet
  facet normal -0.265010 0.964215 -0.007662
    outer loop
      vertex 28.473546 37.278516 4.311286
      vertex 27.637740 37.048799 4.311286
      vertex 27.636768 37.054699 5.087421
    endloop
  endfacet
  facet normal -0.265010 0.964215 -0.007662
    outer loop
      vertex 28.473546 37.278516 4.311286
      vertex 27.636768 37.054699 5.087421
      vertex 28.475026 37.285091 5.087421
    endloop
  endfacet
  facet normal -0.320275 0.947294 -0.007603
    outer loop
      vertex 27.637740 37.048799 4.311286
      vertex 26.797795 36.764818 4.311286
      vertex 26.794358 36.769885 5.087421
    endloop
  endfacet
  facet normal -0.320275 0.947294 -0.007603
    outer loop
      vertex 27.637740 37.048799 4.311286
      vertex 26.794358 36.769885 5.087421
      vertex 27.636768 37.054699 5.087421
    endloop
  endfacet
  facet normal -0.367425 0.930021 -0.007699
    outer loop
      vertex 26.797795 36.764818 4.311286
      vertex 26.008235 36.452885 4.311286
      vertex 26.002481 36.457037 5.087421
    endloop
  endfacet
  facet normal -0.367425 0.930021 -0.007699
    outer loop
      vertex 26.797795 36.764818 4.311286
      vertex 26.002481 36.457037 5.087421
      vertex 26.794358 36.769885 5.087421
    endloop
  endfacet
  facet normal -0.989163 0.144363 -0.026769
    outer loop
      vertex 26.002481 36.457037 5.087421
      vertex 25.886626 35.663209 5.087421
      vertex 25.866201 35.669341 5.875232
    endloop
  endfacet
  facet normal -0.989163 0.144363 -0.026769
    outer loop
      vertex 26.002481 36.457037 5.087421
      vertex 25.866201 35.669341 5.875232
      vertex 25.983192 36.470956 5.875232
    endloop
  endfacet
  facet normal -0.995062 0.095643 -0.026543
    outer loop
      vertex 25.886626 35.663209 5.087421
      vertex 25.807654 34.841598 5.087421
      vertex 25.786455 34.839671 5.875232
    endloop
  endfacet
  facet normal -0.995062 0.095643 -0.026543
    outer loop
      vertex 25.886626 35.663209 5.087421
      vertex 25.786455 34.839671 5.875232
      vertex 25.866201 35.669341 5.875232
    endloop
  endfacet
  facet normal -0.998599 0.045647 -0.026760
    outer loop
      vertex 25.807654 34.841598 5.087421
      vertex 25.770904 34.037618 5.087421
      vertex 25.749344 34.027806 5.875232
    endloop
  endfacet
  facet normal -0.998599 0.045647 -0.026760
    outer loop
      vertex 25.807654 34.841598 5.087421
      vertex 25.749344 34.027806 5.875232
      vertex 25.786455 34.839671 5.875232
    endloop
  endfacet
  facet normal -0.999453 0.018930 -0.027116
    outer loop
      vertex 25.770904 34.037618 5.087421
      vertex 25.756526 33.278525 5.087421
      vertex 25.734825 33.261267 5.875232
    endloop
  endfacet
  facet normal -0.999453 0.018930 -0.027116
    outer loop
      vertex 25.770904 34.037618 5.087421
      vertex 25.734825 33.261267 5.875232
      vertex 25.749344 34.027806 5.875232
    endloop
  endfacet
  facet normal -0.999541 0.013283 -0.027242
    outer loop
      vertex 25.756526 33.278525 5.087421
      vertex 25.747026 32.563662 5.087421
      vertex 25.725232 32.539393 5.875232
    endloop
  endfacet
  facet normal -0.999541 0.013283 -0.027242
    outer loop
      vertex 25.756526 33.278525 5.087421
      vertex 25.725232 32.539393 5.875232
      vertex 25.734825 33.261267 5.875232
    endloop
  endfacet
  facet normal -0.999483 0.017261 -0.027118
    outer loop
      vertex 25.747026 32.563662 5.087421
      vertex 25.735285 31.883832 5.087421
      vertex 25.713376 31.852895 5.875232
    endloop
  endfacet
  facet normal -0.999483 0.017261 -0.027118
    outer loop
      vertex 25.747026 32.563662 5.087421
      vertex 25.713376 31.852895 5.875232
      vertex 25.725232 32.539393 5.875232
    endloop
  endfacet
  facet normal -0.999350 0.024040 -0.026848
    outer loop
      vertex 25.735285 31.883832 5.087421
      vertex 25.719577 31.230842 5.087421
      vertex 25.697514 31.193499 5.875232
    endloop
  endfacet
  facet normal -0.999350 0.024040 -0.026848
    outer loop
      vertex 25.735285 31.883832 5.087421
      vertex 25.697514 31.193499 5.875232
      vertex 25.713376 31.852895 5.875232
    endloop
  endfacet
  facet normal -0.999169 0.030958 -0.026515
    outer loop
      vertex 25.719577 31.230842 5.087421
      vertex 25.699995 30.598824 5.087421
      vertex 25.677739 30.555283 5.875232
    endloop
  endfacet
  facet normal -0.999169 0.030958 -0.026515
    outer loop
      vertex 25.719577 31.230842 5.087421
      vertex 25.677739 30.555283 5.875232
      vertex 25.697514 31.193499 5.875232
    endloop
  endfacet
  facet normal 0.739378 -0.673093 -0.016314
    outer loop
      vertex 25.699995 30.598824 5.087421
      vertex 26.429780 31.400476 5.087421
      vertex 26.414682 31.364798 5.875232
    endloop
  endfacet
  facet normal 0.739378 -0.673093 -0.016314
    outer loop
      vertex 25.699995 30.598824 5.087421
      vertex 26.414682 31.364798 5.875232
      vertex 25.677739 30.555283 5.875232
    endloop
  endfacet
  facet normal 0.730278 -0.682940 -0.016934
    outer loop
      vertex 26.429780 31.400476 5.087421
      vertex 27.214415 32.239499 5.087421
      vertex 27.207014 32.212050 5.875232
    endloop
  endfacet
  facet normal 0.730278 -0.682940 -0.016934
    outer loop
      vertex 26.429780 31.400476 5.087421
      vertex 27.207014 32.212050 5.875232
      vertex 26.414682 31.364798 5.875232
    endloop
  endfacet
  facet normal 0.717204 -0.696643 -0.017534
    outer loop
      vertex 27.214415 32.239499 5.087421
      vertex 28.094725 33.145791 5.087421
      vertex 28.095958 33.127231 5.875232
    endloop
  endfacet
  facet normal 0.717204 -0.696643 -0.017534
    outer loop
      vertex 27.214415 32.239499 5.087421
      vertex 28.095958 33.127231 5.875232
      vertex 27.207014 32.212050 5.875232
    endloop
  endfacet
  facet normal 0.733210 -0.679785 -0.017162
    outer loop
      vertex 28.094725 33.145791 5.087421
      vertex 29.097639 34.227524 5.087421
      vertex 29.108708 34.219575 5.875232
    endloop
  endfacet
  facet normal 0.733210 -0.679785 -0.017162
    outer loop
      vertex 28.094725 33.145791 5.087421
      vertex 29.108708 34.219575 5.875232
      vertex 28.095958 33.127231 5.875232
    endloop
  endfacet
  facet normal 0.804865 -0.593206 -0.017295
    outer loop
      vertex 29.097639 34.227524 5.087421
      vertex 29.956917 35.393397 5.087421
      vertex 29.976415 35.396883 5.875232
    endloop
  endfacet
  facet normal 0.804865 -0.593206 -0.017295
    outer loop
      vertex 29.097639 34.227524 5.087421
      vertex 29.976415 35.396883 5.875232
      vertex 29.108708 34.219575 5.875232
    endloop
  endfacet
  facet normal 0.811052 -0.584712 -0.017486
    outer loop
      vertex 29.956917 35.393397 5.087421
      vertex 30.684416 36.402509 5.087421
      vertex 30.711050 36.415893 5.875232
    endloop
  endfacet
  facet normal 0.811052 -0.584712 -0.017486
    outer loop
      vertex 29.956917 35.393397 5.087421
      vertex 30.711050 36.415893 5.875232
      vertex 29.976415 35.396883 5.875232
    endloop
  endfacet
  facet normal 0.799981 -0.599788 -0.016856
    outer loop
      vertex 30.684416 36.402509 5.087421
      vertex 31.367512 37.313605 5.087421
      vertex 31.400846 37.335925 5.875232
    endloop
  endfacet
  facet normal 0.799981 -0.599788 -0.016856
    outer loop
      vertex 30.684416 36.402509 5.087421
      vertex 31.400846 37.335925 5.875232
      vertex 30.711050 36.415893 5.875232
    endloop
  endfacet
  facet normal 0.792340 -0.609863 -0.016247
    outer loop
      vertex 31.367512 37.313605 5.087421
      vertex 32.024839 38.167610 5.087421
      vertex 32.064620 38.198306 5.875232
    endloop
  endfacet
  facet normal 0.792340 -0.609863 -0.016247
    outer loop
      vertex 31.367512 37.313605 5.087421
      vertex 32.064620 38.198306 5.875232
      vertex 31.400846 37.335925 5.875232
    endloop
  endfacet
  facet normal -0.253645 0.966978 -0.024869
    outer loop
      vertex 32.024839 38.167610 5.087421
      vertex 31.376993 37.997675 5.087421
      vertex 31.410419 38.026704 5.875232
    endloop
  endfacet
  facet normal -0.253645 0.966978 -0.024869
    outer loop
      vertex 32.024839 38.167610 5.087421
      vertex 31.410419 38.026704 5.875232
      vertex 32.064620 38.198306 5.875232
    endloop
  endfacet
  facet normal -0.246416 0.968835 -0.025244
    outer loop
      vertex 31.376993 37.997675 5.087421
      vertex 30.706148 37.827051 5.087421
      vertex 30.732994 37.854407 5.875232
    endloop
  endfacet
  facet normal -0.246416 0.968835 -0.025244
    outer loop
      vertex 31.376993 37.997675 5.087421
      vertex 30.732994 37.854407 5.875232
      vertex 31.410419 38.026704 5.875232
    endloop
  endfacet
  facet normal -0.238667 0.970765 -0.025576
    outer loop
      vertex 30.706148 37.827051 5.087421
      vertex 30.005532 37.654801 5.087421
      vertex 30.025507 37.680467 5.875232
    endloop
  endfacet
  facet normal -0.238667 0.970765 -0.025576
    outer loop
      vertex 30.706148 37.827051 5.087421
      vertex 30.025507 37.680467 5.875232
      vertex 30.732994 37.854407 5.875232
    endloop
  endfacet
  facet normal -0.232811 0.972180 -0.025770
    outer loop
      vertex 30.005532 37.654801 5.087421
      vertex 29.265453 37.477572 5.087421
      vertex 29.278169 37.501500 5.875232
    endloop
  endfacet
  facet normal -0.232811 0.972180 -0.025770
    outer loop
      vertex 30.005532 37.654801 5.087421
      vertex 29.278169 37.501500 5.875232
      vertex 30.025507 37.680467 5.875232
    endloop
  endfacet
  facet normal -0.236523 0.971286 -0.025683
    outer loop
      vertex 29.265453 37.477572 5.087421
      vertex 28.475026 37.285091 5.087421
      vertex 28.479990 37.307131 5.875232
    endloop
  endfacet
  facet normal -0.236523 0.971286 -0.025683
    outer loop
      vertex 29.265453 37.477572 5.087421
      vertex 28.479990 37.307131 5.875232
      vertex 29.278169 37.501500 5.875232
    endloop
  endfacet
  facet normal -0.264933 0.963935 -0.025298
    outer loop
      vertex 28.475026 37.285091 5.087421
      vertex 27.636768 37.054699 5.087421
      vertex 27.633509 37.074480 5.875232
    endloop
  endfacet
  facet normal -0.264933 0.963935 -0.025298
    outer loop
      vertex 28.475026 37.285091 5.087421
      vertex 27.633509 37.074480 5.875232
      vertex 28.479990 37.307131 5.875232
    endloop
  endfacet
  facet normal -0.320183 0.947023 -0.025102
    outer loop
      vertex 27.636768 37.054699 5.087421
      vertex 26.794358 36.769885 5.087421
      vertex 26.782836 36.786872 5.875232
    endloop
  endfacet
  facet normal -0.320183 0.947023 -0.025102
    outer loop
      vertex 27.636768 37.054699 5.087421
      vertex 26.782836 36.786872 5.875232
      vertex 27.633509 37.074480 5.875232
    endloop
  endfacet
  facet normal -0.367317 0.929748 -0.025419
    outer loop
      vertex 26.794358 36.769885 5.087421
      vertex 26.002481 36.457037 5.087421
      vertex 25.983192 36.470956 5.875232
    endloop
  endfacet
  facet normal -0.367317 0.929748 -0.025419
    outer loop
      vertex 26.794358 36.769885 5.087421
      vertex 25.983192 36.470956 5.875232
      vertex 26.782836 36.786872 5.875232
    endloop
  endfacet
  facet normal -0.988115 0.144210 -0.053216
    outer loop
      vertex 25.983192 36.470956 5.875232
      vertex 25.866201 35.669341 5.875232
      vertex 25.825066 35.681691 6.672510
    endloop
  endfacet
  facet normal -0.988115 0.144210 -0.053216
    outer loop
      vertex 25.983192 36.470956 5.875232
      vertex 25.825066 35.681691 6.672510
      vertex 25.944345 36.498987 6.672510
    endloop
  endfacet
  facet normal 0.987885 -0.144176 0.057417
    outer loop
      vertex 27.346566 35.224894 5.694176
      vertex 27.381197 35.462180 5.694176
      vertex 27.342541 35.490074 6.429313
    endloop
  endfacet
  facet normal 0.987885 -0.144176 0.057417
    outer loop
      vertex 27.346566 35.224894 5.694176
      vertex 27.342541 35.490074 6.429313
      vertex 27.305633 35.237183 6.429313
    endloop
  endfacet
  facet normal -0.994026 0.095544 -0.052767
    outer loop
      vertex 25.866201 35.669341 5.875232
      vertex 25.786455 34.839671 5.875232
      vertex 25.743759 34.835791 6.672510
    endloop
  endfacet
  facet normal -0.994026 0.095544 -0.052767
    outer loop
      vertex 25.866201 35.669341 5.875232
      vertex 25.743759 34.835791 6.672510
      vertex 25.825066 35.681691 6.672510
    endloop
  endfacet
  facet normal 0.993798 -0.095522 0.056933
    outer loop
      vertex 27.322961 34.979302 5.694176
      vertex 27.346566 35.224894 5.694176
      vertex 27.305633 35.237183 6.429313
    endloop
  endfacet
  facet normal 0.993798 -0.095522 0.056933
    outer loop
      vertex 27.322961 34.979302 5.694176
      vertex 27.305633 35.237183 6.429313
      vertex 27.280475 34.975441 6.429313
    endloop
  endfacet
  facet normal -0.997542 0.045599 -0.053198
    outer loop
      vertex 25.786455 34.839671 5.875232
      vertex 25.749344 34.027806 5.875232
      vertex 25.705922 34.008044 6.672510
    endloop
  endfacet
  facet normal -0.997542 0.045599 -0.053198
    outer loop
      vertex 25.786455 34.839671 5.875232
      vertex 25.705922 34.008044 6.672510
      vertex 25.743759 34.835791 6.672510
    endloop
  endfacet
  facet normal 0.997310 -0.045588 0.057399
    outer loop
      vertex 27.311975 34.738982 5.694176
      vertex 27.322961 34.979302 5.694176
      vertex 27.280475 34.975441 6.429313
    endloop
  endfacet
  facet normal 0.997310 -0.045588 0.057399
    outer loop
      vertex 27.311975 34.738982 5.694176
      vertex 27.280475 34.975441 6.429313
      vertex 27.268767 34.719317 6.429313
    endloop
  endfacet
  facet normal -0.998367 0.018909 -0.053905
    outer loop
      vertex 25.749344 34.027806 5.875232
      vertex 25.734825 33.261267 5.875232
      vertex 25.691120 33.226510 6.672510
    endloop
  endfacet
  facet normal -0.998367 0.018909 -0.053905
    outer loop
      vertex 25.749344 34.027806 5.875232
      vertex 25.691120 33.226510 6.672510
      vertex 25.705922 34.008044 6.672510
    endloop
  endfacet
  facet normal 0.998128 -0.018905 0.058160
    outer loop
      vertex 27.307678 34.512078 5.694176
      vertex 27.311975 34.738982 5.694176
      vertex 27.268767 34.719317 6.429313
    endloop
  endfacet
  facet normal 0.998128 -0.018905 0.058160
    outer loop
      vertex 27.307678 34.512078 5.694176
      vertex 27.268767 34.719317 6.429313
      vertex 27.264187 34.477492 6.429313
    endloop
  endfacet
  facet normal -0.998444 0.013269 -0.054155
    outer loop
      vertex 25.734825 33.261267 5.875232
      vertex 25.725232 32.539393 5.875232
      vertex 25.681339 32.490515 6.672510
    endloop
  endfacet
  facet normal -0.998444 0.013269 -0.054155
    outer loop
      vertex 25.734825 33.261267 5.875232
      vertex 25.681339 32.490515 6.672510
      vertex 25.691120 33.226510 6.672510
    endloop
  endfacet
  facet normal 0.998203 -0.013265 0.058430
    outer loop
      vertex 27.304838 34.298395 5.694176
      vertex 27.307678 34.512078 5.694176
      vertex 27.264187 34.477492 6.429313
    endloop
  endfacet
  facet normal 0.998203 -0.013265 0.058430
    outer loop
      vertex 27.304838 34.298395 5.694176
      vertex 27.264187 34.477492 6.429313
      vertex 27.261160 34.249757 6.429313
    endloop
  endfacet
  facet normal -0.998397 0.017242 -0.053909
    outer loop
      vertex 25.725232 32.539393 5.875232
      vertex 25.713376 31.852895 5.875232
      vertex 25.669251 31.790587 6.672510
    endloop
  endfacet
  facet normal -0.998397 0.017242 -0.053909
    outer loop
      vertex 25.725232 32.539393 5.875232
      vertex 25.669251 31.790587 6.672510
      vertex 25.681339 32.490515 6.672510
    endloop
  endfacet
  facet normal 0.998158 -0.017238 0.058165
    outer loop
      vertex 27.301329 34.095184 5.694176
      vertex 27.304838 34.298395 5.694176
      vertex 27.261160 34.249757 6.429313
    endloop
  endfacet
  facet normal 0.998158 -0.017238 0.058165
    outer loop
      vertex 27.301329 34.095184 5.694176
      vertex 27.261160 34.249757 6.429313
      vertex 27.257420 34.033183 6.429313
    endloop
  endfacet
  facet normal -0.998286 0.024014 -0.053373
    outer loop
      vertex 25.713376 31.852895 5.875232
      vertex 25.697514 31.193499 5.875232
      vertex 25.653078 31.118293 6.672510
    endloop
  endfacet
  facet normal -0.998286 0.024014 -0.053373
    outer loop
      vertex 25.713376 31.852895 5.875232
      vertex 25.653078 31.118293 6.672510
      vertex 25.669251 31.790587 6.672510
    endloop
  endfacet
  facet normal 0.998052 -0.024009 0.057587
    outer loop
      vertex 27.296633 33.899996 5.694176
      vertex 27.301329 34.095184 5.694176
      vertex 27.257420 34.033183 6.429313
    endloop
  endfacet
  facet normal 0.998052 -0.024009 0.057587
    outer loop
      vertex 27.296633 33.899996 5.694176
      vertex 27.257420 34.033183 6.429313
      vertex 27.252416 33.825159 6.429313
    endloop
  endfacet
  facet normal -0.998131 0.030926 -0.052712
    outer loop
      vertex 25.697514 31.193499 5.875232
      vertex 25.677739 30.555283 5.875232
      vertex 25.632917 30.467591 6.672510
    endloop
  endfacet
  facet normal -0.998131 0.030926 -0.052712
    outer loop
      vertex 25.697514 31.193499 5.875232
      vertex 25.632917 30.467591 6.672510
      vertex 25.653078 31.118293 6.672510
    endloop
  endfacet
  facet normal 0.997902 -0.030919 0.056875
    outer loop
      vertex 27.290780 33.711077 5.694176
      vertex 27.296633 33.899996 5.694176
      vertex 27.252416 33.825159 6.429313
    endloop
  endfacet
  facet normal 0.997902 -0.030919 0.056875
    outer loop
      vertex 27.290780 33.711077 5.694176
      vertex 27.252416 33.825159 6.429313
      vertex 27.246177 33.623816 6.429313
    endloop
  endfacet
  facet normal 0.739087 -0.672828 -0.032453
    outer loop
      vertex 25.677739 30.555283 5.875232
      vertex 26.414682 31.364798 5.875232
      vertex 26.384276 31.292942 6.672510
    endloop
  endfacet
  facet normal 0.739087 -0.672828 -0.032453
    outer loop
      vertex 25.677739 30.555283 5.875232
      vertex 26.384276 31.292942 6.672510
      vertex 25.632917 30.467591 6.672510
    endloop
  endfacet
  facet normal -0.739022 0.672770 0.035020
    outer loop
      vertex 27.508923 33.950702 5.694176
      vertex 27.290780 33.711077 5.694176
      vertex 27.246177 33.623816 6.429313
    endloop
  endfacet
  facet normal -0.739022 0.672770 0.035020
    outer loop
      vertex 27.508923 33.950702 5.694176
      vertex 27.246177 33.623816 6.429313
      vertex 27.478666 33.879199 6.429313
    endloop
  endfacet
  facet normal 0.729969 -0.682650 -0.033686
    outer loop
      vertex 26.414682 31.364798 5.875232
      vertex 27.207014 32.212050 5.875232
      vertex 27.192107 32.156769 6.672510
    endloop
  endfacet
  facet normal 0.729969 -0.682650 -0.033686
    outer loop
      vertex 26.414682 31.364798 5.875232
      vertex 27.192107 32.156769 6.672510
      vertex 26.384276 31.292942 6.672510
    endloop
  endfacet
  facet normal -0.729900 0.682586 0.036350
    outer loop
      vertex 27.743461 34.201498 5.694176
      vertex 27.508923 33.950702 5.694176
      vertex 27.478666 33.879199 6.429313
    endloop
  endfacet
  facet normal -0.729900 0.682586 0.036350
    outer loop
      vertex 27.743461 34.201498 5.694176
      vertex 27.478666 33.879199 6.429313
      vertex 27.728628 34.146488 6.429313
    endloop
  endfacet
  facet normal 0.716878 -0.696326 -0.034879
    outer loop
      vertex 27.207014 32.212050 5.875232
      vertex 28.095958 33.127231 5.875232
      vertex 28.098441 33.089853 6.672510
    endloop
  endfacet
  facet normal 0.716878 -0.696326 -0.034879
    outer loop
      vertex 27.207014 32.212050 5.875232
      vertex 28.098441 33.089853 6.672510
      vertex 27.192107 32.156769 6.672510
    endloop
  endfacet
  facet normal -0.716806 0.696256 0.037637
    outer loop
      vertex 28.006598 34.472402 5.694176
      vertex 27.743461 34.201498 5.694176
      vertex 27.728628 34.146488 6.429313
    endloop
  endfacet
  facet normal -0.716806 0.696256 0.037637
    outer loop
      vertex 28.006598 34.472402 5.694176
      vertex 27.728628 34.146488 6.429313
      vertex 28.009069 34.435206 6.429313
    endloop
  endfacet
  facet normal 0.732891 -0.679489 -0.034139
    outer loop
      vertex 28.095958 33.127231 5.875232
      vertex 29.108708 34.219575 5.875232
      vertex 29.131003 34.203565 6.672510
    endloop
  endfacet
  facet normal 0.732891 -0.679489 -0.034139
    outer loop
      vertex 28.095958 33.127231 5.875232
      vertex 29.131003 34.203565 6.672510
      vertex 28.098441 33.089853 6.672510
    endloop
  endfacet
  facet normal -0.732820 0.679424 0.036840
    outer loop
      vertex 28.306383 34.795747 5.694176
      vertex 28.006598 34.472402 5.694176
      vertex 28.009069 34.435206 6.429313
    endloop
  endfacet
  facet normal -0.732820 0.679424 0.036840
    outer loop
      vertex 28.306383 34.795747 5.694176
      vertex 28.009069 34.435206 6.429313
      vertex 28.328569 34.779815 6.429313
    endloop
  endfacet
  facet normal 0.804509 -0.592944 -0.034404
    outer loop
      vertex 29.108708 34.219575 5.875232
      vertex 29.976415 35.396883 5.875232
      vertex 30.015684 35.403903 6.672510
    endloop
  endfacet
  facet normal 0.804509 -0.592944 -0.034404
    outer loop
      vertex 29.108708 34.219575 5.875232
      vertex 30.015684 35.403903 6.672510
      vertex 29.131003 34.203565 6.672510
    endloop
  endfacet
  facet normal -0.804430 0.592886 0.037125
    outer loop
      vertex 28.563234 35.144243 5.694176
      vertex 28.306383 34.795747 5.694176
      vertex 28.328569 34.779815 6.429313
    endloop
  endfacet
  facet normal -0.804430 0.592886 0.037125
    outer loop
      vertex 28.563234 35.144243 5.694176
      vertex 28.328569 34.779815 6.429313
      vertex 28.602310 35.151229 6.429313
    endloop
  endfacet
  facet normal 0.810686 -0.584448 -0.034783
    outer loop
      vertex 29.976415 35.396883 5.875232
      vertex 30.711050 36.415893 5.875232
      vertex 30.764689 36.442847 6.672510
    endloop
  endfacet
  facet normal 0.810686 -0.584448 -0.034783
    outer loop
      vertex 29.976415 35.396883 5.875232
      vertex 30.764689 36.442847 6.672510
      vertex 30.015684 35.403903 6.672510
    endloop
  endfacet
  facet normal -0.810605 0.584389 0.037534
    outer loop
      vertex 28.780694 35.445881 5.694176
      vertex 28.563234 35.144243 5.694176
      vertex 28.602310 35.151229 6.429313
    endloop
  endfacet
  facet normal -0.810605 0.584389 0.037534
    outer loop
      vertex 28.780694 35.445881 5.694176
      vertex 28.602310 35.151229 6.429313
      vertex 28.834070 35.472703 6.429313
    endloop
  endfacet
  facet normal 0.799645 -0.599536 -0.033530
    outer loop
      vertex 30.711050 36.415893 5.875232
      vertex 31.400846 37.335925 5.875232
      vertex 31.467979 37.380877 6.672510
    endloop
  endfacet
  facet normal 0.799645 -0.599536 -0.033530
    outer loop
      vertex 30.711050 36.415893 5.875232
      vertex 31.467979 37.380877 6.672510
      vertex 30.764689 36.442847 6.672510
    endloop
  endfacet
  facet normal -0.799571 0.599480 0.036182
    outer loop
      vertex 28.984881 35.718220 5.694176
      vertex 28.780694 35.445881 5.694176
      vertex 28.834070 35.472703 6.429313
    endloop
  endfacet
  facet normal -0.799571 0.599480 0.036182
    outer loop
      vertex 28.984881 35.718220 5.694176
      vertex 28.834070 35.472703 6.429313
      vertex 29.051685 35.762951 6.429313
    endloop
  endfacet
  facet normal 0.792031 -0.609625 -0.032320
    outer loop
      vertex 31.400846 37.335925 5.875232
      vertex 32.064620 38.198306 5.875232
      vertex 32.144738 38.260128 6.672510
    endloop
  endfacet
  facet normal 0.792031 -0.609625 -0.032320
    outer loop
      vertex 31.400846 37.335925 5.875232
      vertex 32.144738 38.260128 6.672510
      vertex 31.467979 37.380877 6.672510
    endloop
  endfacet
  facet normal -0.791962 0.609573 0.034877
    outer loop
      vertex 29.181365 35.973494 5.694176
      vertex 28.984881 35.718220 5.694176
      vertex 29.051685 35.762951 6.429313
    endloop
  endfacet
  facet normal -0.791962 0.609573 0.034877
    outer loop
      vertex 29.181365 35.973494 5.694176
      vertex 29.051685 35.762951 6.429313
      vertex 29.261090 36.035013 6.429313
    endloop
  endfacet
  facet normal -0.253413 0.966094 -0.049447
    outer loop
      vertex 32.064620 38.198306 5.875232
      vertex 31.410419 38.026704 5.875232
      vertex 31.477740 38.085169 6.672510
    endloop
  endfacet
  facet normal -0.253413 0.966094 -0.049447
    outer loop
      vertex 32.064620 38.198306 5.875232
      vertex 31.477740 38.085169 6.672510
      vertex 32.144738 38.260128 6.672510
    endloop
  endfacet
  facet normal 0.253362 -0.965899 0.053352
    outer loop
      vertex 28.987715 35.922698 5.694176
      vertex 29.181365 35.973494 5.694176
      vertex 29.261090 36.035013 6.429313
    endloop
  endfacet
  facet normal 0.253362 -0.965899 0.053352
    outer loop
      vertex 28.987715 35.922698 5.694176
      vertex 29.261090 36.035013 6.429313
      vertex 29.054705 35.980876 6.429313
    endloop
  endfacet
  facet normal -0.246184 0.967923 -0.050191
    outer loop
      vertex 31.410419 38.026704 5.875232
      vertex 30.732994 37.854407 5.875232
      vertex 30.787063 37.909501 6.672510
    endloop
  endfacet
  facet normal -0.246184 0.967923 -0.050191
    outer loop
      vertex 31.410419 38.026704 5.875232
      vertex 30.787063 37.909501 6.672510
      vertex 31.477740 38.085169 6.672510
    endloop
  endfacet
  facet normal 0.246133 -0.967722 0.054155
    outer loop
      vertex 28.787189 35.871696 5.694176
      vertex 28.987715 35.922698 5.694176
      vertex 29.054705 35.980876 6.429313
    endloop
  endfacet
  facet normal 0.246133 -0.967722 0.054155
    outer loop
      vertex 28.787189 35.871696 5.694176
      vertex 29.054705 35.980876 6.429313
      vertex 28.840993 35.926520 6.429313
    endloop
  endfacet
  facet normal -0.238437 0.969826 -0.050848
    outer loop
      vertex 30.732994 37.854407 5.875232
      vertex 30.025507 37.680467 5.875232
      vertex 30.065736 37.732159 6.672510
    endloop
  endfacet
  facet normal -0.238437 0.969826 -0.050848
    outer loop
      vertex 30.732994 37.854407 5.875232
      vertex 30.065736 37.732159 6.672510
      vertex 30.787063 37.909501 6.672510
    endloop
  endfacet
  facet normal 0.238386 -0.969620 0.054864
    outer loop
      vertex 28.577766 35.820208 5.694176
      vertex 28.787189 35.871696 5.694176
      vertex 28.840993 35.926520 6.429313
    endloop
  endfacet
  facet normal 0.238386 -0.969620 0.054864
    outer loop
      vertex 28.577766 35.820208 5.694176
      vertex 28.840993 35.926520 6.429313
      vertex 28.617797 35.871647 6.429313
    endloop
  endfacet
  facet normal -0.232583 0.971226 -0.051234
    outer loop
      vertex 30.025507 37.680467 5.875232
      vertex 29.278169 37.501500 5.875232
      vertex 29.303779 37.549691 6.672510
    endloop
  endfacet
  facet normal -0.232583 0.971226 -0.051234
    outer loop
      vertex 30.025507 37.680467 5.875232
      vertex 29.303779 37.549691 6.672510
      vertex 30.065736 37.732159 6.672510
    endloop
  endfacet
  facet normal 0.232532 -0.971016 0.055280
    outer loop
      vertex 28.356546 35.767232 5.694176
      vertex 28.577766 35.820208 5.694176
      vertex 28.617797 35.871647 6.429313
    endloop
  endfacet
  facet normal 0.232532 -0.971016 0.055280
    outer loop
      vertex 28.356546 35.767232 5.694176
      vertex 28.617797 35.871647 6.429313
      vertex 28.382029 35.815187 6.429313
    endloop
  endfacet
  facet normal -0.236293 0.970339 -0.051061
    outer loop
      vertex 29.278169 37.501500 5.875232
      vertex 28.479990 37.307131 5.875232
      vertex 28.489985 37.351520 6.672510
    endloop
  endfacet
  facet normal -0.236293 0.970339 -0.051061
    outer loop
      vertex 29.278169 37.501500 5.875232
      vertex 28.489985 37.351520 6.672510
      vertex 29.303779 37.549691 6.672510
    endloop
  endfacet
  facet normal 0.236242 -0.970131 0.055094
    outer loop
      vertex 28.120276 35.709697 5.694176
      vertex 28.356546 35.767232 5.694176
      vertex 28.382029 35.815187 6.429313
    endloop
  endfacet
  facet normal 0.236242 -0.970131 0.055094
    outer loop
      vertex 28.120276 35.709697 5.694176
      vertex 28.382029 35.815187 6.429313
      vertex 28.130222 35.753868 6.429313
    endloop
  endfacet
  facet normal -0.264683 0.963023 -0.050298
    outer loop
      vertex 28.479990 37.307131 5.875232
      vertex 27.633509 37.074480 5.875232
      vertex 27.626946 37.114317 6.672510
    endloop
  endfacet
  facet normal -0.264683 0.963023 -0.050298
    outer loop
      vertex 28.479990 37.307131 5.875232
      vertex 27.626946 37.114317 6.672510
      vertex 28.489985 37.351520 6.672510
    endloop
  endfacet
  facet normal 0.264627 -0.962822 0.054271
    outer loop
      vertex 27.869709 35.640830 5.694176
      vertex 28.120276 35.709697 5.694176
      vertex 28.130222 35.753868 6.429313
    endloop
  endfacet
  facet normal 0.264627 -0.962822 0.054271
    outer loop
      vertex 27.869709 35.640830 5.694176
      vertex 28.130222 35.753868 6.429313
      vertex 27.863177 35.680472 6.429313
    endloop
  endfacet
  facet normal -0.319885 0.946141 -0.049909
    outer loop
      vertex 27.633509 37.074480 5.875232
      vertex 26.782836 36.786872 5.875232
      vertex 26.759632 36.821083 6.672510
    endloop
  endfacet
  facet normal -0.319885 0.946141 -0.049909
    outer loop
      vertex 27.633509 37.074480 5.875232
      vertex 26.759632 36.821083 6.672510
      vertex 27.626946 37.114317 6.672510
    endloop
  endfacet
  facet normal 0.319819 -0.945947 0.053851
    outer loop
      vertex 27.617900 35.555695 5.694176
      vertex 27.869709 35.640830 5.694176
      vertex 27.863177 35.680472 6.429313
    endloop
  endfacet
  facet normal 0.319819 -0.945947 0.053851
    outer loop
      vertex 27.617900 35.555695 5.694176
      vertex 27.863177 35.680472 6.429313
      vertex 27.594810 35.589738 6.429313
    endloop
  endfacet
  facet normal -0.366966 0.928861 -0.050538
    outer loop
      vertex 26.782836 36.786872 5.875232
      vertex 25.983192 36.470956 5.875232
      vertex 25.944345 36.498987 6.672510
    endloop
  endfacet
  facet normal -0.366966 0.928861 -0.050538
    outer loop
      vertex 26.782836 36.786872 5.875232
      vertex 25.944345 36.498987 6.672510
      vertex 26.759632 36.821083 6.672510
    endloop
  endfacet
  facet normal 0.366889 -0.928665 0.054529
    outer loop
      vertex 27.381197 35.462180 5.694176
      vertex 27.617900 35.555695 5.694176
      vertex 27.594810 35.589738 6.429313
    endloop
  endfacet
  facet normal 0.366889 -0.928665 0.054529
    outer loop
      vertex 27.381197 35.462180 5.694176
      vertex 27.594810 35.589738 6.429313
      vertex 27.342541 35.490074 6.429313
    endloop
  endfacet
  facet normal -0.985501 0.143828 -0.090002
    outer loop
      vertex 25.944345 36.498987 6.672510
      vertex 25.825066 35.681691 6.672510
      vertex 25.754675 35.702824 7.477046
    endloop
  endfacet
  facet normal -0.985501 0.143828 -0.090002
    outer loop
      vertex 25.944345 36.498987 6.672510
      vertex 25.754675 35.702824 7.477046
      vertex 25.877871 36.546954 7.477046
    endloop
  endfacet
  facet normal 0.984720 -0.143714 0.098347
    outer loop
      vertex 27.305633 35.237183 6.429313
      vertex 27.342541 35.490074 6.429313
      vertex 27.275922 35.538145 7.166599
    endloop
  endfacet
  facet normal 0.984720 -0.143714 0.098347
    outer loop
      vertex 27.305633 35.237183 6.429313
      vertex 27.275922 35.538145 7.166599
      vertex 27.235089 35.258362 7.166599
    endloop
  endfacet
  facet normal -0.991440 0.095295 -0.089247
    outer loop
      vertex 25.825066 35.681691 6.672510
      vertex 25.743759 34.835791 6.672510
      vertex 25.670699 34.829152 7.477046
    endloop
  endfacet
  facet normal -0.991440 0.095295 -0.089247
    outer loop
      vertex 25.825066 35.681691 6.672510
      vertex 25.670699 34.829152 7.477046
      vertex 25.754675 35.702824 7.477046
    endloop
  endfacet
  facet normal 0.990668 -0.095221 0.097523
    outer loop
      vertex 27.280475 34.975441 6.429313
      vertex 27.305633 35.237183 6.429313
      vertex 27.235089 35.258362 7.166599
    endloop
  endfacet
  facet normal 0.990668 -0.095221 0.097523
    outer loop
      vertex 27.280475 34.975441 6.429313
      vertex 27.235089 35.258362 7.166599
      vertex 27.207256 34.968788 7.166599
    endloop
  endfacet
  facet normal -0.994905 0.045478 -0.089972
    outer loop
      vertex 25.743759 34.835791 6.672510
      vertex 25.705922 34.008044 6.672510
      vertex 25.631620 33.974228 7.477046
    endloop
  endfacet
  facet normal -0.994905 0.045478 -0.089972
    outer loop
      vertex 25.743759 34.835791 6.672510
      vertex 25.631620 33.974228 7.477046
      vertex 25.670699 34.829152 7.477046
    endloop
  endfacet
  facet normal 0.994117 -0.045442 0.098315
    outer loop
      vertex 27.268767 34.719317 6.429313
      vertex 27.280475 34.975441 6.429313
      vertex 27.207256 34.968788 7.166599
    endloop
  endfacet
  facet normal 0.994117 -0.045442 0.098315
    outer loop
      vertex 27.268767 34.719317 6.429313
      vertex 27.207256 34.968788 7.166599
      vertex 27.194303 34.685427 7.166599
    endloop
  endfacet
  facet normal -0.995658 0.018858 -0.091161
    outer loop
      vertex 25.705922 34.008044 6.672510
      vertex 25.691120 33.226510 6.672510
      vertex 25.616331 33.167035 7.477046
    endloop
  endfacet
  facet normal -0.995658 0.018858 -0.091161
    outer loop
      vertex 25.705922 34.008044 6.672510
      vertex 25.616331 33.167035 7.477046
      vertex 25.631620 33.974228 7.477046
    endloop
  endfacet
  facet normal 0.994848 -0.018843 0.099611
    outer loop
      vertex 27.264187 34.477492 6.429313
      vertex 27.268767 34.719317 6.429313
      vertex 27.194303 34.685427 7.166599
    endloop
  endfacet
  facet normal 0.994848 -0.018843 0.099611
    outer loop
      vertex 27.264187 34.477492 6.429313
      vertex 27.194303 34.685427 7.166599
      vertex 27.189236 34.417887 7.166599
    endloop
  endfacet
  facet normal -0.995710 0.013232 -0.091581
    outer loop
      vertex 25.691120 33.226510 6.672510
      vertex 25.681339 32.490515 6.672510
      vertex 25.606229 32.406875 7.477046
    endloop
  endfacet
  facet normal -0.995710 0.013232 -0.091581
    outer loop
      vertex 25.691120 33.226510 6.672510
      vertex 25.606229 32.406875 7.477046
      vertex 25.616331 33.167035 7.477046
    endloop
  endfacet
  facet normal 0.994893 -0.013221 0.100070
    outer loop
      vertex 27.261160 34.249757 6.429313
      vertex 27.264187 34.477492 6.429313
      vertex 27.189236 34.417887 7.166599
    endloop
  endfacet
  facet normal 0.994893 -0.013221 0.100070
    outer loop
      vertex 27.261160 34.249757 6.429313
      vertex 27.189236 34.417887 7.166599
      vertex 27.185887 34.165935 7.166599
    endloop
  endfacet
  facet normal -0.995687 0.017196 -0.091167
    outer loop
      vertex 25.681339 32.490515 6.672510
      vertex 25.669251 31.790587 6.672510
      vertex 25.593745 31.683968 7.477046
    endloop
  endfacet
  facet normal -0.995687 0.017196 -0.091167
    outer loop
      vertex 25.681339 32.490515 6.672510
      vertex 25.593745 31.683968 7.477046
      vertex 25.606229 32.406875 7.477046
    endloop
  endfacet
  facet normal 0.994877 -0.017182 0.099618
    outer loop
      vertex 27.257420 34.033183 6.429313
      vertex 27.261160 34.249757 6.429313
      vertex 27.185887 34.165935 7.166599
    endloop
  endfacet
  facet normal 0.994877 -0.017182 0.099618
    outer loop
      vertex 27.257420 34.033183 6.429313
      vertex 27.185887 34.165935 7.166599
      vertex 27.181749 33.926331 7.166599
    endloop
  endfacet
  facet normal -0.995630 0.023951 -0.090267
    outer loop
      vertex 25.669251 31.790587 6.672510
      vertex 25.653078 31.118293 6.672510
      vertex 25.577041 30.989600 7.477046
    endloop
  endfacet
  facet normal -0.995630 0.023951 -0.090267
    outer loop
      vertex 25.669251 31.790587 6.672510
      vertex 25.577041 30.989600 7.477046
      vertex 25.593745 31.683968 7.477046
    endloop
  endfacet
  facet normal 0.994836 -0.023931 0.098636
    outer loop
      vertex 27.252416 33.825159 6.429313
      vertex 27.257420 34.033183 6.429313
      vertex 27.181749 33.926331 7.166599
    endloop
  endfacet
  facet normal 0.994836 -0.023931 0.098636
    outer loop
      vertex 27.252416 33.825159 6.429313
      vertex 27.181749 33.926331 7.166599
      vertex 27.176213 33.696186 7.166599
    endloop
  endfacet
  facet normal -0.995540 0.030846 -0.089155
    outer loop
      vertex 25.653078 31.118293 6.672510
      vertex 25.632917 30.467591 6.672510
      vertex 25.556218 30.317535 7.477046
    endloop
  endfacet
  facet normal -0.995540 0.030846 -0.089155
    outer loop
      vertex 25.653078 31.118293 6.672510
      vertex 25.556218 30.317535 7.477046
      vertex 25.577041 30.989600 7.477046
    endloop
  endfacet
  facet normal 0.994766 -0.030822 0.097423
    outer loop
      vertex 27.246177 33.623816 6.429313
      vertex 27.252416 33.825159 6.429313
      vertex 27.176213 33.696186 7.166599
    endloop
  endfacet
  facet normal 0.994766 -0.030822 0.097423
    outer loop
      vertex 27.246177 33.623816 6.429313
      vertex 27.176213 33.696186 7.166599
      vertex 27.169311 33.473433 7.166599
    endloop
  endfacet
  facet normal 0.738358 -0.672165 -0.054977
    outer loop
      vertex 25.632917 30.467591 6.672510
      vertex 26.384276 31.292942 6.672510
      vertex 26.332246 31.169983 7.477046
    endloop
  endfacet
  facet normal 0.738358 -0.672165 -0.054977
    outer loop
      vertex 25.632917 30.467591 6.672510
      vertex 26.332246 31.169983 7.477046
      vertex 25.556218 30.317535 7.477046
    endloop
  endfacet
  facet normal -0.738139 0.671966 0.060105
    outer loop
      vertex 27.478666 33.879199 6.429313
      vertex 27.246177 33.623816 6.429313
      vertex 27.169311 33.473433 7.166599
    endloop
  endfacet
  facet normal -0.738139 0.671966 0.060105
    outer loop
      vertex 27.478666 33.879199 6.429313
      vertex 27.169311 33.473433 7.166599
      vertex 27.426522 33.755973 7.166599
    endloop
  endfacet
  facet normal 0.729193 -0.681925 -0.057062
    outer loop
      vertex 26.384276 31.292942 6.672510
      vertex 27.192107 32.156769 6.672510
      vertex 27.166599 32.062171 7.477046
    endloop
  endfacet
  facet normal 0.729193 -0.681925 -0.057062
    outer loop
      vertex 26.384276 31.292942 6.672510
      vertex 27.166599 32.062171 7.477046
      vertex 26.332246 31.169983 7.477046
    endloop
  endfacet
  facet normal -0.728961 0.681707 0.062382
    outer loop
      vertex 27.728628 34.146488 6.429313
      vertex 27.478666 33.879199 6.429313
      vertex 27.426522 33.755973 7.166599
    endloop
  endfacet
  facet normal -0.728961 0.681707 0.062382
    outer loop
      vertex 27.728628 34.146488 6.429313
      vertex 27.426522 33.755973 7.166599
      vertex 27.703065 34.051685 7.166599
    endloop
  endfacet
  facet normal 0.716061 -0.695533 -0.059078
    outer loop
      vertex 27.192107 32.156769 6.672510
      vertex 28.098441 33.089853 6.672510
      vertex 28.102690 33.025890 7.477046
    endloop
  endfacet
  facet normal 0.716061 -0.695533 -0.059078
    outer loop
      vertex 27.192107 32.156769 6.672510
      vertex 28.102690 33.025890 7.477046
      vertex 27.166599 32.062171 7.477046
    endloop
  endfacet
  facet normal -0.715817 0.695295 0.064585
    outer loop
      vertex 28.009069 34.435206 6.429313
      vertex 27.728628 34.146488 6.429313
      vertex 27.703065 34.051685 7.166599
    endloop
  endfacet
  facet normal -0.715817 0.695295 0.064585
    outer loop
      vertex 28.009069 34.435206 6.429313
      vertex 27.703065 34.051685 7.166599
      vertex 28.013327 34.371105 7.166599
    endloop
  endfacet
  facet normal 0.732091 -0.678748 -0.057828
    outer loop
      vertex 28.098441 33.089853 6.672510
      vertex 29.131003 34.203565 6.672510
      vertex 29.169153 34.176168 7.477046
    endloop
  endfacet
  facet normal 0.732091 -0.678748 -0.057828
    outer loop
      vertex 28.098441 33.089853 6.672510
      vertex 29.169153 34.176168 7.477046
      vertex 28.102690 33.025890 7.477046
    endloop
  endfacet
  facet normal -0.731851 0.678526 0.063219
    outer loop
      vertex 28.328569 34.779815 6.429313
      vertex 28.009069 34.435206 6.429313
      vertex 28.013327 34.371105 7.166599
    endloop
  endfacet
  facet normal -0.731851 0.678526 0.063219
    outer loop
      vertex 28.328569 34.779815 6.429313
      vertex 28.013327 34.371105 7.166599
      vertex 28.366802 34.752359 7.166599
    endloop
  endfacet
  facet normal 0.803617 -0.592287 -0.058276
    outer loop
      vertex 29.131003 34.203565 6.672510
      vertex 30.015684 35.403903 6.672510
      vertex 30.082880 35.415916 7.477046
    endloop
  endfacet
  facet normal 0.803617 -0.592287 -0.058276
    outer loop
      vertex 29.131003 34.203565 6.672510
      vertex 30.082880 35.415916 7.477046
      vertex 29.169153 34.176168 7.477046
    endloop
  endfacet
  facet normal -0.803350 0.592090 0.063708
    outer loop
      vertex 28.602310 35.151229 6.429313
      vertex 28.328569 34.779815 6.429313
      vertex 28.366802 34.752359 7.166599
    endloop
  endfacet
  facet normal -0.803350 0.592090 0.063708
    outer loop
      vertex 28.602310 35.151229 6.429313
      vertex 28.366802 34.752359 7.166599
      vertex 28.669652 35.163268 7.166599
    endloop
  endfacet
  facet normal 0.809767 -0.583786 -0.058916
    outer loop
      vertex 30.015684 35.403903 6.672510
      vertex 30.764689 36.442847 6.672510
      vertex 30.856477 36.488970 7.477046
    endloop
  endfacet
  facet normal 0.809767 -0.583786 -0.058916
    outer loop
      vertex 30.015684 35.403903 6.672510
      vertex 30.856477 36.488970 7.477046
      vertex 30.082880 35.415916 7.477046
    endloop
  endfacet
  facet normal -0.809492 0.583587 0.064408
    outer loop
      vertex 28.834070 35.472703 6.429313
      vertex 28.602310 35.151229 6.429313
      vertex 28.669652 35.163268 7.166599
    endloop
  endfacet
  facet normal -0.809492 0.583587 0.064408
    outer loop
      vertex 28.834070 35.472703 6.429313
      vertex 28.669652 35.163268 7.166599
      vertex 28.926057 35.518927 7.166599
    endloop
  endfacet
  facet normal 0.798804 -0.598905 -0.056799
    outer loop
      vertex 30.764689 36.442847 6.672510
      vertex 31.467979 37.380877 6.672510
      vertex 31.582857 37.457798 7.477046
    endloop
  endfacet
  facet normal 0.798804 -0.598905 -0.056799
    outer loop
      vertex 30.764689 36.442847 6.672510
      vertex 31.582857 37.457798 7.477046
      vertex 30.856477 36.488970 7.477046
    endloop
  endfacet
  facet normal -0.798551 0.598716 0.062095
    outer loop
      vertex 29.051685 35.762951 6.429313
      vertex 28.834070 35.472703 6.429313
      vertex 28.926057 35.518927 7.166599
    endloop
  endfacet
  facet normal -0.798551 0.598716 0.062095
    outer loop
      vertex 29.051685 35.762951 6.429313
      vertex 28.926057 35.518927 7.166599
      vertex 29.166813 35.840040 7.166599
    endloop
  endfacet
  facet normal 0.791256 -0.609029 -0.054753
    outer loop
      vertex 31.467979 37.380877 6.672510
      vertex 32.144738 38.260128 6.672510
      vertex 32.281836 38.365917 7.477046
    endloop
  endfacet
  facet normal 0.791256 -0.609029 -0.054753
    outer loop
      vertex 31.467979 37.380877 6.672510
      vertex 32.281836 38.365917 7.477046
      vertex 31.582857 37.457798 7.477046
    endloop
  endfacet
  facet normal -0.791024 0.608850 0.059859
    outer loop
      vertex 29.261090 36.035013 6.429313
      vertex 29.051685 35.762951 6.429313
      vertex 29.166813 35.840040 7.166599
    endloop
  endfacet
  facet normal -0.791024 0.608850 0.059859
    outer loop
      vertex 29.261090 36.035013 6.429313
      vertex 29.166813 35.840040 7.166599
      vertex 29.398486 36.141032 7.166599
    endloop
  endfacet
  facet normal -0.252834 0.963886 -0.083657
    outer loop
      vertex 32.144738 38.260128 6.672510
      vertex 31.477740 38.085169 6.672510
      vertex 31.592939 38.185214 7.477046
    endloop
  endfacet
  facet normal -0.252834 0.963886 -0.083657
    outer loop
      vertex 32.144738 38.260128 6.672510
      vertex 31.592939 38.185214 7.477046
      vertex 32.281836 38.365917 7.477046
    endloop
  endfacet
  facet normal 0.252661 -0.963226 0.091424
    outer loop
      vertex 29.054705 35.980876 6.429313
      vertex 29.261090 36.035013 6.429313
      vertex 29.398486 36.141032 7.166599
    endloop
  endfacet
  facet normal 0.252661 -0.963226 0.091424
    outer loop
      vertex 29.054705 35.980876 6.429313
      vertex 29.398486 36.141032 7.166599
      vertex 29.170154 36.081139 7.166599
    endloop
  endfacet
  facet normal -0.245604 0.965644 -0.084911
    outer loop
      vertex 31.477740 38.085169 6.672510
      vertex 30.787063 37.909501 6.672510
      vertex 30.879585 38.003778 7.477046
    endloop
  endfacet
  facet normal -0.245604 0.965644 -0.084911
    outer loop
      vertex 31.477740 38.085169 6.672510
      vertex 30.879585 38.003778 7.477046
      vertex 31.592939 38.185214 7.477046
    endloop
  endfacet
  facet normal 0.245431 -0.964963 0.092792
    outer loop
      vertex 28.840993 35.926520 6.429313
      vertex 29.054705 35.980876 6.429313
      vertex 29.170154 36.081139 7.166599
    endloop
  endfacet
  facet normal 0.245431 -0.964963 0.092792
    outer loop
      vertex 28.840993 35.926520 6.429313
      vertex 29.170154 36.081139 7.166599
      vertex 28.933716 36.021002 7.166599
    endloop
  endfacet
  facet normal -0.237861 0.967483 -0.086017
    outer loop
      vertex 30.787063 37.909501 6.672510
      vertex 30.065736 37.732159 6.672510
      vertex 30.134576 37.820614 7.477046
    endloop
  endfacet
  facet normal -0.237861 0.967483 -0.086017
    outer loop
      vertex 30.787063 37.909501 6.672510
      vertex 30.134576 37.820614 7.477046
      vertex 30.879585 38.003778 7.477046
    endloop
  endfacet
  facet normal 0.237688 -0.966782 0.093999
    outer loop
      vertex 28.617797 35.871647 6.429313
      vertex 28.840993 35.926520 6.429313
      vertex 28.933716 36.021002 7.166599
    endloop
  endfacet
  facet normal 0.237688 -0.966782 0.093999
    outer loop
      vertex 28.617797 35.871647 6.429313
      vertex 28.933716 36.021002 7.166599
      vertex 28.686786 35.960293 7.166599
    endloop
  endfacet
  facet normal -0.232012 0.968844 -0.086667
    outer loop
      vertex 30.065736 37.732159 6.672510
      vertex 29.303779 37.549691 6.672510
      vertex 29.347601 37.632154 7.477046
    endloop
  endfacet
  facet normal -0.232012 0.968844 -0.086667
    outer loop
      vertex 30.065736 37.732159 6.672510
      vertex 29.347601 37.632154 7.477046
      vertex 30.134576 37.820614 7.477046
    endloop
  endfacet
  facet normal 0.231842 -0.968132 0.094709
    outer loop
      vertex 28.382029 35.815187 6.429313
      vertex 28.617797 35.871647 6.429313
      vertex 28.686786 35.960293 7.166599
    endloop
  endfacet
  facet normal 0.231842 -0.968132 0.094709
    outer loop
      vertex 28.382029 35.815187 6.429313
      vertex 28.686786 35.960293 7.166599
      vertex 28.425948 35.897830 7.166599
    endloop
  endfacet
  facet normal -0.235717 0.967976 -0.086376
    outer loop
      vertex 29.303779 37.549691 6.672510
      vertex 28.489985 37.351520 6.672510
      vertex 28.507089 37.427477 7.477046
    endloop
  endfacet
  facet normal -0.235717 0.967976 -0.086376
    outer loop
      vertex 29.303779 37.549691 6.672510
      vertex 28.507089 37.427477 7.477046
      vertex 29.347601 37.632154 7.477046
    endloop
  endfacet
  facet normal 0.235545 -0.967269 0.094391
    outer loop
      vertex 28.130222 35.753868 6.429313
      vertex 28.382029 35.815187 6.429313
      vertex 28.425948 35.897830 7.166599
    endloop
  endfacet
  facet normal 0.235545 -0.967269 0.094391
    outer loop
      vertex 28.130222 35.753868 6.429313
      vertex 28.425948 35.897830 7.166599
      vertex 28.147364 35.829990 7.166599
    endloop
  endfacet
  facet normal -0.264057 0.960746 -0.085091
    outer loop
      vertex 28.489985 37.351520 6.672510
      vertex 27.626946 37.114317 6.672510
      vertex 27.615715 37.182487 7.477046
    endloop
  endfacet
  facet normal -0.264057 0.960746 -0.085091
    outer loop
      vertex 28.489985 37.351520 6.672510
      vertex 27.615715 37.182487 7.477046
      vertex 28.507089 37.427477 7.477046
    endloop
  endfacet
  facet normal 0.263870 -0.960066 0.092989
    outer loop
      vertex 27.863177 35.680472 6.429313
      vertex 28.130222 35.753868 6.429313
      vertex 28.147364 35.829990 7.166599
    endloop
  endfacet
  facet normal 0.263870 -0.960066 0.092989
    outer loop
      vertex 27.863177 35.680472 6.429313
      vertex 28.147364 35.829990 7.166599
      vertex 27.851922 35.748789 7.166599
    endloop
  endfacet
  facet normal -0.319140 0.943939 -0.084436
    outer loop
      vertex 27.626946 37.114317 6.672510
      vertex 26.759632 36.821083 6.672510
      vertex 26.719925 36.879625 7.477046
    endloop
  endfacet
  facet normal -0.319140 0.943939 -0.084436
    outer loop
      vertex 27.626946 37.114317 6.672510
      vertex 26.719925 36.879625 7.477046
      vertex 27.615715 37.182487 7.477046
    endloop
  endfacet
  facet normal 0.318918 -0.943280 0.092274
    outer loop
      vertex 27.594810 35.589738 6.429313
      vertex 27.863177 35.680472 6.429313
      vertex 27.851922 35.748789 7.166599
    endloop
  endfacet
  facet normal 0.318918 -0.943280 0.092274
    outer loop
      vertex 27.594810 35.589738 6.429313
      vertex 27.851922 35.748789 7.166599
      vertex 27.555017 35.648407 7.166599
    endloop
  endfacet
  facet normal -0.366090 0.926644 -0.085495
    outer loop
      vertex 26.759632 36.821083 6.672510
      vertex 25.944345 36.498987 6.672510
      vertex 25.877871 36.546954 7.477046
    endloop
  endfacet
  facet normal -0.366090 0.926644 -0.085495
    outer loop
      vertex 26.759632 36.821083 6.672510
      vertex 25.877871 36.546954 7.477046
      vertex 26.719925 36.879625 7.477046
    endloop
  endfacet
  facet normal 0.365828 -0.925981 0.093429
    outer loop
      vertex 27.342541 35.490074 6.429313
      vertex 27.594810 35.589738 6.429313
      vertex 27.555017 35.648407 7.166599
    endloop
  endfacet
  facet normal 0.365828 -0.925981 0.093429
    outer loop
      vertex 27.342541 35.490074 6.429313
      vertex 27.555017 35.648407 7.166599
      vertex 27.275922 35.538145 7.166599
    endloop
  endfacet
  facet normal -0.980233 0.143059 -0.136667
    outer loop
      vertex 25.877871 36.546954 7.477046
      vertex 25.754675 35.702824 7.477046
      vertex 25.646539 35.735290 8.286631
    endloop
  endfacet
  facet normal -0.980233 0.143059 -0.136667
    outer loop
      vertex 25.877871 36.546954 7.477046
      vertex 25.646539 35.735290 8.286631
      vertex 25.775751 36.620642 8.286631
    endloop
  endfacet
  facet normal 0.978445 -0.142798 0.149176
    outer loop
      vertex 27.235089 35.258362 7.166599
      vertex 27.275922 35.538145 7.166599
      vertex 27.174016 35.611678 7.905382
    endloop
  endfacet
  facet normal 0.978445 -0.142798 0.149176
    outer loop
      vertex 27.235089 35.258362 7.166599
      vertex 27.174016 35.611678 7.905382
      vertex 27.127180 35.290759 7.905382
    endloop
  endfacet
  facet normal -0.986228 0.094794 -0.135532
    outer loop
      vertex 25.754675 35.702824 7.477046
      vertex 25.670699 34.829152 7.477046
      vertex 25.558462 34.818952 8.286631
    endloop
  endfacet
  facet normal -0.986228 0.094794 -0.135532
    outer loop
      vertex 25.754675 35.702824 7.477046
      vertex 25.558462 34.818952 8.286631
      vertex 25.646539 35.735290 8.286631
    endloop
  endfacet
  facet normal 0.984459 -0.094624 0.147942
    outer loop
      vertex 27.207256 34.968788 7.166599
      vertex 27.235089 35.258362 7.166599
      vertex 27.127180 35.290759 7.905382
    endloop
  endfacet
  facet normal 0.984459 -0.094624 0.147942
    outer loop
      vertex 27.207256 34.968788 7.166599
      vertex 27.127180 35.290759 7.905382
      vertex 27.095255 34.958609 7.905382
    endloop
  endfacet
  facet normal -0.989590 0.045235 -0.136622
    outer loop
      vertex 25.670699 34.829152 7.477046
      vertex 25.631620 33.974228 7.477046
      vertex 25.517474 33.922279 8.286631
    endloop
  endfacet
  facet normal -0.989590 0.045235 -0.136622
    outer loop
      vertex 25.670699 34.829152 7.477046
      vertex 25.517474 33.922279 8.286631
      vertex 25.558462 34.818952 8.286631
    endloop
  endfacet
  facet normal 0.987786 -0.045153 0.149128
    outer loop
      vertex 27.194303 34.685427 7.166599
      vertex 27.207256 34.968788 7.166599
      vertex 27.095255 34.958609 7.905382
    endloop
  endfacet
  facet normal 0.987786 -0.045153 0.149128
    outer loop
      vertex 27.194303 34.685427 7.166599
      vertex 27.095255 34.958609 7.905382
      vertex 27.080398 34.633587 7.905382
    endloop
  endfacet
  facet normal -0.990198 0.018755 -0.138407
    outer loop
      vertex 25.631620 33.974228 7.477046
      vertex 25.616331 33.167035 7.477046
      vertex 25.501439 33.075667 8.286631
    endloop
  endfacet
  facet normal -0.990198 0.018755 -0.138407
    outer loop
      vertex 25.631620 33.974228 7.477046
      vertex 25.501439 33.075667 8.286631
      vertex 25.517474 33.922279 8.286631
    endloop
  endfacet
  facet normal 0.988346 -0.018720 0.151069
    outer loop
      vertex 27.189236 34.417887 7.166599
      vertex 27.194303 34.685427 7.166599
      vertex 27.080398 34.633587 7.905382
    endloop
  endfacet
  facet normal 0.988346 -0.018720 0.151069
    outer loop
      vertex 27.189236 34.417887 7.166599
      vertex 27.080398 34.633587 7.905382
      vertex 27.074585 34.326711 7.905382
    endloop
  endfacet
  facet normal -0.990199 0.013159 -0.139039
    outer loop
      vertex 25.616331 33.167035 7.477046
      vertex 25.606229 32.406875 7.477046
      vertex 25.490844 32.278385 8.286631
    endloop
  endfacet
  facet normal -0.990199 0.013159 -0.139039
    outer loop
      vertex 25.616331 33.167035 7.477046
      vertex 25.490844 32.278385 8.286631
      vertex 25.501439 33.075667 8.286631
    endloop
  endfacet
  facet normal 0.988331 -0.013134 0.151756
    outer loop
      vertex 27.185887 34.165935 7.166599
      vertex 27.189236 34.417887 7.166599
      vertex 27.074585 34.326711 7.905382
    endloop
  endfacet
  facet normal 0.988331 -0.013134 0.151756
    outer loop
      vertex 27.185887 34.165935 7.166599
      vertex 27.074585 34.326711 7.905382
      vertex 27.070745 34.037716 7.905382
    endloop
  endfacet
  facet normal -0.990226 0.017101 -0.138417
    outer loop
      vertex 25.606229 32.406875 7.477046
      vertex 25.593745 31.683968 7.477046
      vertex 25.477749 31.520175 8.286631
    endloop
  endfacet
  facet normal -0.990226 0.017101 -0.138417
    outer loop
      vertex 25.606229 32.406875 7.477046
      vertex 25.477749 31.520175 8.286631
      vertex 25.490844 32.278385 8.286631
    endloop
  endfacet
  facet normal 0.988374 -0.017069 0.151080
    outer loop
      vertex 27.181749 33.926331 7.166599
      vertex 27.185887 34.165935 7.166599
      vertex 27.070745 34.037716 7.905382
    endloop
  endfacet
  facet normal 0.988374 -0.017069 0.151080
    outer loop
      vertex 27.181749 33.926331 7.166599
      vertex 27.070745 34.037716 7.905382
      vertex 27.065998 33.762883 7.905382
    endloop
  endfacet
  facet normal -0.990276 0.023822 -0.137065
    outer loop
      vertex 25.593745 31.683968 7.477046
      vertex 25.577041 30.989600 7.477046
      vertex 25.460230 30.791898 8.286631
    endloop
  endfacet
  facet normal -0.990276 0.023822 -0.137065
    outer loop
      vertex 25.593745 31.683968 7.477046
      vertex 25.460230 30.791898 8.286631
      vertex 25.477749 31.520175 8.286631
    endloop
  endfacet
  facet normal 0.988459 -0.023778 0.149609
    outer loop
      vertex 27.176213 33.696186 7.166599
      vertex 27.181749 33.926331 7.166599
      vertex 27.065998 33.762883 7.905382
    endloop
  endfacet
  facet normal 0.988459 -0.023778 0.149609
    outer loop
      vertex 27.176213 33.696186 7.166599
      vertex 27.065998 33.762883 7.905382
      vertex 27.059648 33.498901 7.905382
    endloop
  endfacet
  facet normal -0.990316 0.030684 -0.135395
    outer loop
      vertex 25.577041 30.989600 7.477046
      vertex 25.556218 30.317535 7.477046
      vertex 25.438390 30.087013 8.286631
    endloop
  endfacet
  facet normal -0.990316 0.030684 -0.135395
    outer loop
      vertex 25.577041 30.989600 7.477046
      vertex 25.438390 30.087013 8.286631
      vertex 25.460230 30.791898 8.286631
    endloop
  endfacet
  facet normal 0.988544 -0.030629 0.147793
    outer loop
      vertex 27.169311 33.473433 7.166599
      vertex 27.176213 33.696186 7.166599
      vertex 27.059648 33.498901 7.905382
    endloop
  endfacet
  facet normal 0.988544 -0.030629 0.147793
    outer loop
      vertex 27.169311 33.473433 7.166599
      vertex 27.059648 33.498901 7.905382
      vertex 27.051731 33.243397 7.905382
    endloop
  endfacet
  facet normal 0.736877 -0.670817 -0.083763
    outer loop
      vertex 25.556218 30.317535 7.477046
      vertex 26.332246 31.169983 7.477046
      vertex 26.252314 30.981091 8.286631
    endloop
  endfacet
  facet normal 0.736877 -0.670817 -0.083763
    outer loop
      vertex 25.556218 30.317535 7.477046
      vertex 26.252314 30.981091 8.286631
      vertex 25.438390 30.087013 8.286631
    endloop
  endfacet
  facet normal -0.736372 0.670357 0.091534
    outer loop
      vertex 27.426522 33.755973 7.166599
      vertex 27.169311 33.473433 7.166599
      vertex 27.051731 33.243397 7.905382
    endloop
  endfacet
  facet normal -0.736372 0.670357 0.091534
    outer loop
      vertex 27.426522 33.755973 7.166599
      vertex 27.051731 33.243397 7.905382
      vertex 27.346759 33.567478 7.905382
    endloop
  endfacet
  facet normal 0.727619 -0.680452 -0.086925
    outer loop
      vertex 26.332246 31.169983 7.477046
      vertex 27.166599 32.062171 7.477046
      vertex 27.127413 31.916848 8.286631
    endloop
  endfacet
  facet normal 0.727619 -0.680452 -0.086925
    outer loop
      vertex 26.332246 31.169983 7.477046
      vertex 27.127413 31.916848 8.286631
      vertex 26.252314 30.981091 8.286631
    endloop
  endfacet
  facet normal -0.727081 0.679949 0.094985
    outer loop
      vertex 27.703065 34.051685 7.166599
      vertex 27.426522 33.755973 7.166599
      vertex 27.346759 33.567478 7.905382
    endloop
  endfacet
  facet normal -0.727081 0.679949 0.094985
    outer loop
      vertex 27.703065 34.051685 7.166599
      vertex 27.346759 33.567478 7.905382
      vertex 27.663961 33.906667 7.905382
    endloop
  endfacet
  facet normal 0.714404 -0.693923 -0.089983
    outer loop
      vertex 27.166599 32.062171 7.477046
      vertex 28.102690 33.025890 7.477046
      vertex 28.109217 32.927630 8.286631
    endloop
  endfacet
  facet normal 0.714404 -0.693923 -0.089983
    outer loop
      vertex 27.166599 32.062171 7.477046
      vertex 28.109217 32.927630 8.286631
      vertex 27.127413 31.916848 8.286631
    endloop
  endfacet
  facet normal -0.713839 0.693374 0.098321
    outer loop
      vertex 28.013327 34.371105 7.166599
      vertex 27.703065 34.051685 7.166599
      vertex 27.663961 33.906667 7.905382
    endloop
  endfacet
  facet normal -0.713839 0.693374 0.098321
    outer loop
      vertex 28.013327 34.371105 7.166599
      vertex 27.663961 33.906667 7.905382
      vertex 28.019841 34.273051 7.905382
    endloop
  endfacet
  facet normal 0.730468 -0.677243 -0.088088
    outer loop
      vertex 28.102690 33.025890 7.477046
      vertex 29.169153 34.176168 7.477046
      vertex 29.227761 34.134080 8.286631
    endloop
  endfacet
  facet normal 0.730468 -0.677243 -0.088088
    outer loop
      vertex 28.102690 33.025890 7.477046
      vertex 29.227761 34.134080 8.286631
      vertex 28.109217 32.927630 8.286631
    endloop
  endfacet
  facet normal -0.729913 0.676729 0.096253
    outer loop
      vertex 28.366802 34.752359 7.166599
      vertex 28.013327 34.371105 7.166599
      vertex 28.019841 34.273051 7.905382
    endloop
  endfacet
  facet normal -0.729913 0.676729 0.096253
    outer loop
      vertex 28.366802 34.752359 7.166599
      vertex 28.019841 34.273051 7.905382
      vertex 28.425286 34.710360 7.905382
    endloop
  endfacet
  facet normal 0.801808 -0.590953 -0.088766
    outer loop
      vertex 29.169153 34.176168 7.477046
      vertex 30.082880 35.415916 7.477046
      vertex 30.186108 35.434371 8.286631
    endloop
  endfacet
  facet normal 0.801808 -0.590953 -0.088766
    outer loop
      vertex 29.169153 34.176168 7.477046
      vertex 30.186108 35.434371 8.286631
      vertex 29.227761 34.134080 8.286631
    endloop
  endfacet
  facet normal -0.801190 0.590498 0.096994
    outer loop
      vertex 28.669652 35.163268 7.166599
      vertex 28.366802 34.752359 7.166599
      vertex 28.425286 34.710360 7.905382
    endloop
  endfacet
  facet normal -0.801190 0.590498 0.096994
    outer loop
      vertex 28.669652 35.163268 7.166599
      vertex 28.425286 34.710360 7.905382
      vertex 28.772663 35.181683 7.905382
    endloop
  endfacet
  facet normal 0.807904 -0.582442 -0.089738
    outer loop
      vertex 30.082880 35.415916 7.477046
      vertex 30.856477 36.488970 7.477046
      vertex 30.997484 36.559827 8.286631
    endloop
  endfacet
  facet normal 0.807904 -0.582442 -0.089738
    outer loop
      vertex 30.082880 35.415916 7.477046
      vertex 30.997484 36.559827 8.286631
      vertex 30.186108 35.434371 8.286631
    endloop
  endfacet
  facet normal -0.807268 0.581983 0.098053
    outer loop
      vertex 28.926057 35.518927 7.166599
      vertex 28.669652 35.163268 7.166599
      vertex 28.772663 35.181683 7.905382
    endloop
  endfacet
  facet normal -0.807268 0.581983 0.098053
    outer loop
      vertex 28.926057 35.518927 7.166599
      vertex 28.772663 35.181683 7.905382
      vertex 29.066767 35.589634 7.905382
    endloop
  endfacet
  facet normal 0.797094 -0.597623 -0.086526
    outer loop
      vertex 30.856477 36.488970 7.477046
      vertex 31.582857 37.457798 7.477046
      vertex 31.759337 37.575967 8.286631
    endloop
  endfacet
  facet normal 0.797094 -0.597623 -0.086526
    outer loop
      vertex 30.856477 36.488970 7.477046
      vertex 31.759337 37.575967 8.286631
      vertex 30.997484 36.559827 8.286631
    endloop
  endfacet
  facet normal -0.796511 0.597186 0.094550
    outer loop
      vertex 29.166813 35.840040 7.166599
      vertex 28.926057 35.518927 7.166599
      vertex 29.066767 35.589634 7.905382
    endloop
  endfacet
  facet normal -0.796511 0.597186 0.094550
    outer loop
      vertex 29.166813 35.840040 7.166599
      vertex 29.066767 35.589634 7.905382
      vertex 29.342920 35.957960 7.905382
    endloop
  endfacet
  facet normal 0.789682 -0.607818 -0.083422
    outer loop
      vertex 31.582857 37.457798 7.477046
      vertex 32.281836 38.365917 7.477046
      vertex 32.492449 38.528433 8.286631
    endloop
  endfacet
  facet normal 0.789682 -0.607818 -0.083422
    outer loop
      vertex 31.582857 37.457798 7.477046
      vertex 32.492449 38.528433 8.286631
      vertex 31.759337 37.575967 8.286631
    endloop
  endfacet
  facet normal -0.789145 0.607404 0.091163
    outer loop
      vertex 29.398486 36.141032 7.166599
      vertex 29.166813 35.840040 7.166599
      vertex 29.342920 35.957960 7.905382
    endloop
  endfacet
  facet normal -0.789145 0.607404 0.091163
    outer loop
      vertex 29.398486 36.141032 7.166599
      vertex 29.342920 35.957960 7.905382
      vertex 29.608656 36.303205 7.905382
    endloop
  endfacet
  facet normal -0.251665 0.959429 -0.127125
    outer loop
      vertex 32.281836 38.365917 7.477046
      vertex 31.592939 38.185214 7.477046
      vertex 31.769910 38.338905 8.286631
    endloop
  endfacet
  facet normal -0.251665 0.959429 -0.127125
    outer loop
      vertex 32.281836 38.365917 7.477046
      vertex 31.769910 38.338905 8.286631
      vertex 32.492449 38.528433 8.286631
    endloop
  endfacet
  facet normal 0.251268 -0.957915 0.138795
    outer loop
      vertex 29.170154 36.081139 7.166599
      vertex 29.398486 36.141032 7.166599
      vertex 29.608656 36.303205 7.905382
    endloop
  endfacet
  facet normal 0.251268 -0.957915 0.138795
    outer loop
      vertex 29.170154 36.081139 7.166599
      vertex 29.608656 36.303205 7.905382
      vertex 29.346753 36.234506 7.905382
    endloop
  endfacet
  facet normal -0.244434 0.961045 -0.129012
    outer loop
      vertex 31.592939 38.185214 7.477046
      vertex 30.879585 38.003778 7.477046
      vertex 31.021721 38.148609 8.286631
    endloop
  endfacet
  facet normal -0.244434 0.961045 -0.129012
    outer loop
      vertex 31.592939 38.185214 7.477046
      vertex 31.021721 38.148609 8.286631
      vertex 31.769910 38.338905 8.286631
    endloop
  endfacet
  facet normal 0.244037 -0.959483 0.140850
    outer loop
      vertex 28.933716 36.021002 7.166599
      vertex 29.170154 36.081139 7.166599
      vertex 29.346753 36.234506 7.905382
    endloop
  endfacet
  facet normal 0.244037 -0.959483 0.140850
    outer loop
      vertex 28.933716 36.021002 7.166599
      vertex 29.346753 36.234506 7.905382
      vertex 29.075553 36.165529 7.905382
    endloop
  endfacet
  facet normal -0.236698 0.962755 -0.130677
    outer loop
      vertex 30.879585 38.003778 7.477046
      vertex 30.134576 37.820614 7.477046
      vertex 30.240329 37.956500 8.286631
    endloop
  endfacet
  facet normal -0.236698 0.962755 -0.130677
    outer loop
      vertex 30.879585 38.003778 7.477046
      vertex 30.240329 37.956500 8.286631
      vertex 31.021721 38.148609 8.286631
    endloop
  endfacet
  facet normal 0.236304 -0.961150 0.142660
    outer loop
      vertex 28.686786 35.960293 7.166599
      vertex 28.933716 36.021002 7.166599
      vertex 29.075553 36.165529 7.905382
    endloop
  endfacet
  facet normal 0.236304 -0.961150 0.142660
    outer loop
      vertex 28.686786 35.960293 7.166599
      vertex 29.075553 36.165529 7.905382
      vertex 28.792317 36.095894 7.905382
    endloop
  endfacet
  facet normal -0.230861 0.964038 -0.131654
    outer loop
      vertex 30.134576 37.820614 7.477046
      vertex 29.347601 37.632154 7.477046
      vertex 29.414923 37.758838 8.286631
    endloop
  endfacet
  facet normal -0.230861 0.964038 -0.131654
    outer loop
      vertex 30.134576 37.820614 7.477046
      vertex 29.414923 37.758838 8.286631
      vertex 30.240329 37.956500 8.286631
    endloop
  endfacet
  facet normal 0.230471 -0.962407 0.143724
    outer loop
      vertex 28.425948 35.897830 7.166599
      vertex 28.686786 35.960293 7.166599
      vertex 28.792317 36.095894 7.905382
    endloop
  endfacet
  facet normal 0.230471 -0.962407 0.143724
    outer loop
      vertex 28.425948 35.897830 7.166599
      vertex 28.792317 36.095894 7.905382
      vertex 28.493128 36.024246 7.905382
    endloop
  endfacet
  facet normal -0.234555 0.963206 -0.131217
    outer loop
      vertex 29.347601 37.632154 7.477046
      vertex 28.507089 37.427477 7.477046
      vertex 28.533365 37.544165 8.286631
    endloop
  endfacet
  facet normal -0.234555 0.963206 -0.131217
    outer loop
      vertex 29.347601 37.632154 7.477046
      vertex 28.533365 37.544165 8.286631
      vertex 29.414923 37.758838 8.286631
    endloop
  endfacet
  facet normal 0.234161 -0.961586 0.143248
    outer loop
      vertex 28.147364 35.829990 7.166599
      vertex 28.425948 35.897830 7.166599
      vertex 28.493128 36.024246 7.905382
    endloop
  endfacet
  facet normal 0.234161 -0.961586 0.143248
    outer loop
      vertex 28.147364 35.829990 7.166599
      vertex 28.493128 36.024246 7.905382
      vertex 28.173584 35.946432 7.905382
    endloop
  endfacet
  facet normal -0.262794 0.956151 -0.129284
    outer loop
      vertex 28.507089 37.427477 7.477046
      vertex 27.615715 37.182487 7.477046
      vertex 27.598461 37.287211 8.286631
    endloop
  endfacet
  facet normal -0.262794 0.956151 -0.129284
    outer loop
      vertex 28.507089 37.427477 7.477046
      vertex 27.598461 37.287211 8.286631
      vertex 28.533365 37.544165 8.286631
    endloop
  endfacet
  facet normal 0.262365 -0.954590 0.141145
    outer loop
      vertex 27.851922 35.748789 7.166599
      vertex 28.147364 35.829990 7.166599
      vertex 28.173584 35.946432 7.905382
    endloop
  endfacet
  facet normal 0.262365 -0.954590 0.141145
    outer loop
      vertex 27.851922 35.748789 7.166599
      vertex 28.173584 35.946432 7.905382
      vertex 27.834705 35.853293 7.905382
    endloop
  endfacet
  facet normal -0.317637 0.939493 -0.128298
    outer loop
      vertex 27.615715 37.182487 7.477046
      vertex 26.719925 36.879625 7.477046
      vertex 26.658926 36.969559 8.286631
    endloop
  endfacet
  facet normal -0.317637 0.939493 -0.128298
    outer loop
      vertex 27.615715 37.182487 7.477046
      vertex 26.658926 36.969559 8.286631
      vertex 27.598461 37.287211 8.286631
    endloop
  endfacet
  facet normal 0.317127 -0.937982 0.140072
    outer loop
      vertex 27.555017 35.648407 7.166599
      vertex 27.851922 35.748789 7.166599
      vertex 27.834705 35.853293 7.905382
    endloop
  endfacet
  facet normal 0.317127 -0.937982 0.140072
    outer loop
      vertex 27.555017 35.648407 7.166599
      vertex 27.834705 35.853293 7.905382
      vertex 27.494146 35.738152 7.905382
    endloop
  endfacet
  facet normal -0.364323 0.922170 -0.129891
    outer loop
      vertex 26.719925 36.879625 7.477046
      vertex 25.877871 36.546954 7.477046
      vertex 25.775751 36.620642 8.286631
    endloop
  endfacet
  facet normal -0.364323 0.922170 -0.129891
    outer loop
      vertex 26.719925 36.879625 7.477046
      vertex 25.775751 36.620642 8.286631
      vertex 26.658926 36.969559 8.286631
    endloop
  endfacet
  facet normal 0.363722 -0.920650 0.141805
    outer loop
      vertex 27.275922 35.538145 7.166599
      vertex 27.555017 35.648407 7.166599
      vertex 27.494146 35.738152 7.905382
    endloop
  endfacet
  facet normal 0.363722 -0.920650 0.141805
    outer loop
      vertex 27.275922 35.538145 7.166599
      vertex 27.494146 35.738152 7.905382
      vertex 27.174016 35.611678 7.905382
    endloop
  endfacet
  facet normal -0.971427 0.141774 -0.190339
    outer loop
      vertex 25.775751 36.620642 8.286631
      vertex 25.646539 35.735290 8.286631
      vertex 25.494036 35.781076 9.099057
    endloop
  endfacet
  facet normal -0.971427 0.141774 -0.190339
    outer loop
      vertex 25.775751 36.620642 8.286631
      vertex 25.494036 35.781076 9.099057
      vertex 25.631732 36.724563 9.099057
    endloop
  endfacet
  facet normal 0.967707 -0.141231 0.208800
    outer loop
      vertex 27.127180 35.290759 7.905382
      vertex 27.174016 35.611678 7.905382
      vertex 27.029634 35.715862 8.645007
    endloop
  endfacet
  facet normal 0.967707 -0.141231 0.208800
    outer loop
      vertex 27.127180 35.290759 7.905382
      vertex 27.029634 35.715862 8.645007
      vertex 26.974292 35.336661 8.645007
    endloop
  endfacet
  facet normal -0.977513 0.093957 -0.188787
    outer loop
      vertex 25.646539 35.735290 8.286631
      vertex 25.558462 34.818952 8.286631
      vertex 25.400176 34.804568 9.099057
    endloop
  endfacet
  facet normal -0.977513 0.093957 -0.188787
    outer loop
      vertex 25.646539 35.735290 8.286631
      vertex 25.400176 34.804568 9.099057
      vertex 25.494036 35.781076 9.099057
    endloop
  endfacet
  facet normal 0.973830 -0.093603 0.207110
    outer loop
      vertex 27.095255 34.958609 7.905382
      vertex 27.127180 35.290759 7.905382
      vertex 26.974292 35.336661 8.645007
    endloop
  endfacet
  facet normal 0.973830 -0.093603 0.207110
    outer loop
      vertex 27.095255 34.958609 7.905382
      vertex 26.974292 35.336661 8.645007
      vertex 26.936568 34.944189 8.645007
    endloop
  endfacet
  facet normal -0.980706 0.044829 -0.190279
    outer loop
      vertex 25.558462 34.818952 8.286631
      vertex 25.517474 33.922279 8.286631
      vertex 25.356496 33.849016 9.099057
    endloop
  endfacet
  facet normal -0.980706 0.044829 -0.190279
    outer loop
      vertex 25.558462 34.818952 8.286631
      vertex 25.356496 33.849016 9.099057
      vertex 25.400176 34.804568 9.099057
    endloop
  endfacet
  facet normal 0.976952 -0.044658 0.208734
    outer loop
      vertex 27.080398 34.633587 7.905382
      vertex 27.095255 34.958609 7.905382
      vertex 26.936568 34.944189 8.645007
    endloop
  endfacet
  facet normal 0.976952 -0.044658 0.208734
    outer loop
      vertex 27.080398 34.633587 7.905382
      vertex 26.936568 34.944189 8.645007
      vertex 26.919013 34.560139 8.645007
    endloop
  endfacet
  facet normal -0.981078 0.018582 -0.192719
    outer loop
      vertex 25.517474 33.922279 8.286631
      vertex 25.501439 33.075667 8.286631
      vertex 25.339408 32.946812 9.099057
    endloop
  endfacet
  facet normal -0.981078 0.018582 -0.192719
    outer loop
      vertex 25.517474 33.922279 8.286631
      vertex 25.339408 32.946812 9.099057
      vertex 25.356496 33.849016 9.099057
    endloop
  endfacet
  facet normal 0.977226 -0.018509 0.211391
    outer loop
      vertex 27.074585 34.326711 7.905382
      vertex 27.080398 34.633587 7.905382
      vertex 26.919013 34.560139 8.645007
    endloop
  endfacet
  facet normal 0.977226 -0.018509 0.211391
    outer loop
      vertex 27.074585 34.326711 7.905382
      vertex 26.919013 34.560139 8.645007
      vertex 26.912145 34.197530 8.645007
    endloop
  endfacet
  facet normal -0.980997 0.013037 -0.193583
    outer loop
      vertex 25.501439 33.075667 8.286631
      vertex 25.490844 32.278385 8.286631
      vertex 25.328117 32.097178 9.099057
    endloop
  endfacet
  facet normal -0.980997 0.013037 -0.193583
    outer loop
      vertex 25.501439 33.075667 8.286631
      vertex 25.328117 32.097178 9.099057
      vertex 25.339408 32.946812 9.099057
    endloop
  endfacet
  facet normal 0.977112 -0.012985 0.212330
    outer loop
      vertex 27.070745 34.037716 7.905382
      vertex 27.074585 34.326711 7.905382
      vertex 26.912145 34.197530 8.645007
    endloop
  endfacet
  facet normal 0.977112 -0.012985 0.212330
    outer loop
      vertex 27.070745 34.037716 7.905382
      vertex 26.912145 34.197530 8.645007
      vertex 26.907607 33.856050 8.645007
    endloop
  endfacet
  facet normal -0.981105 0.016944 -0.192733
    outer loop
      vertex 25.490844 32.278385 8.286631
      vertex 25.477749 31.520175 8.286631
      vertex 25.314163 31.289181 9.099057
    endloop
  endfacet
  facet normal -0.981105 0.016944 -0.192733
    outer loop
      vertex 25.490844 32.278385 8.286631
      vertex 25.314163 31.289181 9.099057
      vertex 25.328117 32.097178 9.099057
    endloop
  endfacet
  facet normal 0.977253 -0.016877 0.211406
    outer loop
      vertex 27.065998 33.762883 7.905382
      vertex 27.070745 34.037716 7.905382
      vertex 26.907607 33.856050 8.645007
    endloop
  endfacet
  facet normal 0.977253 -0.016877 0.211406
    outer loop
      vertex 27.065998 33.762883 7.905382
      vertex 26.907607 33.856050 8.645007
      vertex 26.901999 33.531305 8.645007
    endloop
  endfacet
  facet normal -0.981329 0.023606 -0.190884
    outer loop
      vertex 25.477749 31.520175 8.286631
      vertex 25.460230 30.791898 8.286631
      vertex 25.295494 30.513083 9.099057
    endloop
  endfacet
  facet normal -0.981329 0.023606 -0.190884
    outer loop
      vertex 25.477749 31.520175 8.286631
      vertex 25.295494 30.513083 9.099057
      vertex 25.314163 31.289181 9.099057
    endloop
  endfacet
  facet normal 0.977549 -0.023516 0.209393
    outer loop
      vertex 27.059648 33.498901 7.905382
      vertex 27.065998 33.762883 7.905382
      vertex 26.901999 33.531305 8.645007
    endloop
  endfacet
  facet normal 0.977549 -0.023516 0.209393
    outer loop
      vertex 27.059648 33.498901 7.905382
      vertex 26.901999 33.531305 8.645007
      vertex 26.894495 33.219381 8.645007
    endloop
  endfacet
  facet normal -0.981583 0.030414 -0.188599
    outer loop
      vertex 25.460230 30.791898 8.286631
      vertex 25.438390 30.087013 8.286631
      vertex 25.272219 29.761913 9.099057
    endloop
  endfacet
  facet normal -0.981583 0.030414 -0.188599
    outer loop
      vertex 25.460230 30.791898 8.286631
      vertex 25.272219 29.761913 9.099057
      vertex 25.295494 30.513083 9.099057
    endloop
  endfacet
  facet normal 0.977892 -0.030299 0.206906
    outer loop
      vertex 27.051731 33.243397 7.905382
      vertex 27.059648 33.498901 7.905382
      vertex 26.894495 33.219381 8.645007
    endloop
  endfacet
  facet normal 0.977892 -0.030299 0.206906
    outer loop
      vertex 27.051731 33.243397 7.905382
      vertex 26.894495 33.219381 8.645007
      vertex 26.885141 32.917475 8.645007
    endloop
  endfacet
  facet normal 0.734370 -0.668534 -0.117316
    outer loop
      vertex 25.438390 30.087013 8.286631
      vertex 26.252314 30.981091 8.286631
      vertex 26.139589 30.714699 9.099057
    endloop
  endfacet
  facet normal 0.734370 -0.668534 -0.117316
    outer loop
      vertex 25.438390 30.087013 8.286631
      vertex 26.139589 30.714699 9.099057
      vertex 25.272219 29.761913 9.099057
    endloop
  endfacet
  facet normal -0.733297 0.667558 0.129000
    outer loop
      vertex 27.346759 33.567478 7.905382
      vertex 27.051731 33.243397 7.905382
      vertex 26.885141 32.917475 8.645007
    endloop
  endfacet
  facet normal -0.733297 0.667558 0.129000
    outer loop
      vertex 27.346759 33.567478 7.905382
      vertex 26.885141 32.917475 8.645007
      vertex 27.233749 33.300413 8.645007
    endloop
  endfacet
  facet normal 0.724953 -0.677960 -0.121713
    outer loop
      vertex 26.252314 30.981091 8.286631
      vertex 27.127413 31.916848 8.286631
      vertex 27.072150 31.711901 9.099057
    endloop
  endfacet
  facet normal 0.724953 -0.677960 -0.121713
    outer loop
      vertex 26.252314 30.981091 8.286631
      vertex 27.072150 31.711901 9.099057
      vertex 26.139589 30.714699 9.099057
    endloop
  endfacet
  facet normal -0.723814 0.676894 0.133820
    outer loop
      vertex 27.663961 33.906667 7.905382
      vertex 27.346759 33.567478 7.905382
      vertex 27.233749 33.300413 8.645007
    endloop
  endfacet
  facet normal -0.723814 0.676894 0.133820
    outer loop
      vertex 27.663961 33.906667 7.905382
      vertex 27.233749 33.300413 8.645007
      vertex 27.608558 33.701202 8.645007
    endloop
  endfacet
  facet normal 0.711601 -0.691200 -0.125961
    outer loop
      vertex 27.127413 31.916848 8.286631
      vertex 28.109217 32.927630 8.286631
      vertex 28.118423 32.789054 9.099057
    endloop
  endfacet
  facet normal 0.711601 -0.691200 -0.125961
    outer loop
      vertex 27.127413 31.916848 8.286631
      vertex 28.118423 32.789054 9.099057
      vertex 27.072150 31.711901 9.099057
    endloop
  endfacet
  facet normal -0.710404 0.690037 0.138476
    outer loop
      vertex 28.019841 34.273051 7.905382
      vertex 27.663961 33.906667 7.905382
      vertex 27.608558 33.701202 8.645007
    endloop
  endfacet
  facet normal -0.710404 0.690037 0.138476
    outer loop
      vertex 28.019841 34.273051 7.905382
      vertex 27.608558 33.701202 8.645007
      vertex 28.029070 34.134125 8.645007
    endloop
  endfacet
  facet normal 0.727720 -0.674695 -0.123328
    outer loop
      vertex 28.109217 32.927630 8.286631
      vertex 29.227761 34.134080 8.286631
      vertex 29.310414 34.074725 9.099057
    endloop
  endfacet
  facet normal 0.727720 -0.674695 -0.123328
    outer loop
      vertex 28.109217 32.927630 8.286631
      vertex 29.310414 34.074725 9.099057
      vertex 28.118423 32.789054 9.099057
    endloop
  endfacet
  facet normal -0.726546 0.673607 0.135591
    outer loop
      vertex 28.425286 34.710360 7.905382
      vertex 28.019841 34.273051 7.905382
      vertex 28.029070 34.134125 8.645007
    endloop
  endfacet
  facet normal -0.726546 0.673607 0.135591
    outer loop
      vertex 28.425286 34.710360 7.905382
      vertex 28.029070 34.134125 8.645007
      vertex 28.508148 34.650854 8.645007
    endloop
  endfacet
  facet normal 0.798745 -0.588696 -0.124271
    outer loop
      vertex 29.227761 34.134080 8.286631
      vertex 30.186108 35.434371 8.286631
      vertex 30.331690 35.460397 9.099057
    endloop
  endfacet
  facet normal 0.798745 -0.588696 -0.124271
    outer loop
      vertex 29.227761 34.134080 8.286631
      vertex 30.331690 35.460397 9.099057
      vertex 29.310414 34.074725 9.099057
    endloop
  endfacet
  facet normal -0.797437 0.587732 0.136624
    outer loop
      vertex 28.772663 35.181683 7.905382
      vertex 28.425286 34.710360 7.905382
      vertex 28.508148 34.650854 8.645007
    endloop
  endfacet
  facet normal -0.797437 0.587732 0.136624
    outer loop
      vertex 28.772663 35.181683 7.905382
      vertex 28.508148 34.650854 8.645007
      vertex 28.918613 35.207775 8.645007
    endloop
  endfacet
  facet normal 0.804751 -0.580169 -0.125621
    outer loop
      vertex 30.186108 35.434371 8.286631
      vertex 30.997484 36.559827 8.286631
      vertex 31.196343 36.659754 9.099057
    endloop
  endfacet
  facet normal 0.804751 -0.580169 -0.125621
    outer loop
      vertex 30.186108 35.434371 8.286631
      vertex 31.196343 36.659754 9.099057
      vertex 30.331690 35.460397 9.099057
    endloop
  endfacet
  facet normal -0.803404 0.579198 0.138103
    outer loop
      vertex 29.066767 35.589634 7.905382
      vertex 28.772663 35.181683 7.905382
      vertex 28.918613 35.207775 8.645007
    endloop
  endfacet
  facet normal -0.803404 0.579198 0.138103
    outer loop
      vertex 29.066767 35.589634 7.905382
      vertex 28.918613 35.207775 8.645007
      vertex 29.266129 35.689814 8.645007
    endloop
  endfacet
  facet normal 0.794201 -0.595454 -0.121158
    outer loop
      vertex 30.997484 36.559827 8.286631
      vertex 31.759337 37.575967 8.286631
      vertex 32.008222 37.742618 9.099057
    endloop
  endfacet
  facet normal 0.794201 -0.595454 -0.121158
    outer loop
      vertex 30.997484 36.559827 8.286631
      vertex 32.008222 37.742618 9.099057
      vertex 31.196343 36.659754 9.099057
    endloop
  endfacet
  facet normal -0.792964 0.594527 0.133213
    outer loop
      vertex 29.342920 35.957960 7.905382
      vertex 29.066767 35.589634 7.905382
      vertex 29.266129 35.689814 8.645007
    endloop
  endfacet
  facet normal -0.792964 0.594527 0.133213
    outer loop
      vertex 29.342920 35.957960 7.905382
      vertex 29.266129 35.689814 8.645007
      vertex 29.592435 36.125032 8.645007
    endloop
  endfacet
  facet normal 0.787017 -0.605766 -0.116842
    outer loop
      vertex 31.759337 37.575967 8.286631
      vertex 32.492449 38.528433 8.286631
      vertex 32.789473 38.757626 9.099057
    endloop
  endfacet
  facet normal 0.787017 -0.605766 -0.116842
    outer loop
      vertex 31.759337 37.575967 8.286631
      vertex 32.789473 38.757626 9.099057
      vertex 32.008222 37.742618 9.099057
    endloop
  endfacet
  facet normal -0.785877 0.604889 0.128481
    outer loop
      vertex 29.608656 36.303205 7.905382
      vertex 29.342920 35.957960 7.905382
      vertex 29.592435 36.125032 8.645007
    endloop
  endfacet
  facet normal -0.785877 0.604889 0.128481
    outer loop
      vertex 29.608656 36.303205 7.905382
      vertex 29.592435 36.125032 8.645007
      vertex 29.906431 36.532978 8.645007
    endloop
  endfacet
  facet normal -0.249706 0.951958 -0.177264
    outer loop
      vertex 32.492449 38.528433 8.286631
      vertex 31.769910 38.338905 8.286631
      vertex 32.019490 38.555654 9.099057
    endloop
  endfacet
  facet normal -0.249706 0.951958 -0.177264
    outer loop
      vertex 32.492449 38.528433 8.286631
      vertex 32.019490 38.555654 9.099057
      vertex 32.789473 38.757626 9.099057
    endloop
  endfacet
  facet normal 0.248875 -0.948794 0.194556
    outer loop
      vertex 29.346753 36.234506 7.905382
      vertex 29.608656 36.303205 7.905382
      vertex 29.906431 36.532978 8.645007
    endloop
  endfacet
  facet normal 0.248875 -0.948794 0.194556
    outer loop
      vertex 29.346753 36.234506 7.905382
      vertex 29.906431 36.532978 8.645007
      vertex 29.596964 36.451803 8.645007
    endloop
  endfacet
  facet normal -0.242475 0.953341 -0.179854
    outer loop
      vertex 31.769910 38.338905 8.286631
      vertex 31.021721 38.148609 8.286631
      vertex 31.222172 38.352862 9.099057
    endloop
  endfacet
  facet normal -0.242475 0.953341 -0.179854
    outer loop
      vertex 31.769910 38.338905 8.286631
      vertex 31.222172 38.352862 9.099057
      vertex 32.019490 38.555654 9.099057
    endloop
  endfacet
  facet normal 0.241645 -0.950078 0.197379
    outer loop
      vertex 29.075553 36.165529 7.905382
      vertex 29.346753 36.234506 7.905382
      vertex 29.596964 36.451803 8.645007
    endloop
  endfacet
  facet normal 0.241645 -0.950078 0.197379
    outer loop
      vertex 29.075553 36.165529 7.905382
      vertex 29.596964 36.451803 8.645007
      vertex 29.276510 36.370298 8.645007
    endloop
  endfacet
  facet normal -0.234752 0.954839 -0.182136
    outer loop
      vertex 31.021721 38.148609 8.286631
      vertex 30.240329 37.956500 8.286631
      vertex 30.389471 38.148138 9.099057
    endloop
  endfacet
  facet normal -0.234752 0.954839 -0.182136
    outer loop
      vertex 31.021721 38.148609 8.286631
      vertex 30.389471 38.148138 9.099057
      vertex 31.222172 38.352862 9.099057
    endloop
  endfacet
  facet normal 0.233928 -0.951489 0.199866
    outer loop
      vertex 28.792317 36.095894 7.905382
      vertex 29.075553 36.165529 7.905382
      vertex 29.276510 36.370298 8.645007
    endloop
  endfacet
  facet normal 0.233928 -0.951489 0.199866
    outer loop
      vertex 28.792317 36.095894 7.905382
      vertex 29.276510 36.370298 8.645007
      vertex 28.941836 36.288017 8.645007
    endloop
  endfacet
  facet normal -0.228935 0.955994 -0.183477
    outer loop
      vertex 30.240329 37.956500 8.286631
      vertex 29.414923 37.758838 8.286631
      vertex 29.509866 37.937497 9.099057
    endloop
  endfacet
  facet normal -0.228935 0.955994 -0.183477
    outer loop
      vertex 30.240329 37.956500 8.286631
      vertex 29.509866 37.937497 9.099057
      vertex 30.389471 38.148138 9.099057
    endloop
  endfacet
  facet normal 0.228120 -0.952591 0.201327
    outer loop
      vertex 28.493128 36.024246 7.905382
      vertex 28.792317 36.095894 7.905382
      vertex 28.941836 36.288017 8.645007
    endloop
  endfacet
  facet normal 0.228120 -0.952591 0.201327
    outer loop
      vertex 28.493128 36.024246 7.905382
      vertex 28.941836 36.288017 8.645007
      vertex 28.588311 36.203357 8.645007
    endloop
  endfacet
  facet normal -0.232611 0.955221 -0.182877
    outer loop
      vertex 29.414923 37.758838 8.286631
      vertex 28.533365 37.544165 8.286631
      vertex 28.570422 37.708728 9.099057
    endloop
  endfacet
  facet normal -0.232611 0.955221 -0.182877
    outer loop
      vertex 29.414923 37.758838 8.286631
      vertex 28.570422 37.708728 9.099057
      vertex 29.509866 37.937497 9.099057
    endloop
  endfacet
  facet normal 0.231788 -0.951843 0.200673
    outer loop
      vertex 28.173584 35.946432 7.905382
      vertex 28.493128 36.024246 7.905382
      vertex 28.588311 36.203357 8.645007
    endloop
  endfacet
  facet normal 0.231788 -0.951843 0.200673
    outer loop
      vertex 28.173584 35.946432 7.905382
      vertex 28.588311 36.203357 8.645007
      vertex 28.210735 36.111411 8.645007
    endloop
  endfacet
  facet normal -0.260678 0.948454 -0.180226
    outer loop
      vertex 28.533365 37.544165 8.286631
      vertex 27.598461 37.287211 8.286631
      vertex 27.574129 37.434901 9.099057
    endloop
  endfacet
  facet normal -0.260678 0.948454 -0.180226
    outer loop
      vertex 28.533365 37.544165 8.286631
      vertex 27.574129 37.434901 9.099057
      vertex 28.570422 37.708728 9.099057
    endloop
  endfacet
  facet normal 0.259783 -0.945195 0.197785
    outer loop
      vertex 27.834705 35.853293 7.905382
      vertex 28.173584 35.946432 7.905382
      vertex 28.210735 36.111411 8.645007
    endloop
  endfacet
  facet normal 0.259783 -0.945195 0.197785
    outer loop
      vertex 27.834705 35.853293 7.905382
      vertex 28.210735 36.111411 8.645007
      vertex 27.810310 36.001356 8.645007
    endloop
  endfacet
  facet normal -0.315119 0.932043 -0.178873
    outer loop
      vertex 27.598461 37.287211 8.286631
      vertex 26.658926 36.969559 8.286631
      vertex 26.572900 37.096391 9.099057
    endloop
  endfacet
  facet normal -0.315119 0.932043 -0.178873
    outer loop
      vertex 27.598461 37.287211 8.286631
      vertex 26.572900 37.096391 9.099057
      vertex 27.574129 37.434901 9.099057
    endloop
  endfacet
  facet normal 0.314052 -0.928888 0.196310
    outer loop
      vertex 27.494146 35.738152 7.905382
      vertex 27.834705 35.853293 7.905382
      vertex 27.810310 36.001356 8.645007
    endloop
  endfacet
  facet normal 0.314052 -0.928888 0.196310
    outer loop
      vertex 27.494146 35.738152 7.905382
      vertex 27.810310 36.001356 8.645007
      vertex 27.407903 35.865305 8.645007
    endloop
  endfacet
  facet normal -0.361363 0.914677 -0.181059
    outer loop
      vertex 26.658926 36.969559 8.286631
      vertex 25.775751 36.620642 8.286631
      vertex 25.631732 36.724563 9.099057
    endloop
  endfacet
  facet normal -0.361363 0.914677 -0.181059
    outer loop
      vertex 26.658926 36.969559 8.286631
      vertex 25.631732 36.724563 9.099057
      vertex 26.572900 37.096391 9.099057
    endloop
  endfacet
  facet normal 0.360110 -0.911506 0.198692
    outer loop
      vertex 27.174016 35.611678 7.905382
      vertex 27.494146 35.738152 7.905382
      vertex 27.407903 35.865305 8.645007
    endloop
  endfacet
  facet normal 0.360110 -0.911506 0.198692
    outer loop
      vertex 27.174016 35.611678 7.905382
      vertex 27.407903 35.865305 8.645007
      vertex 27.029634 35.715862 8.645007
    endloop
  endfacet
  facet normal -0.958987 0.139959 -0.246488
    outer loop
      vertex 25.631732 36.724563 9.099057
      vertex 25.494036 35.781076 9.099057
      vertex 25.293829 35.841183 9.912113
    endloop
  endfacet
  facet normal -0.958987 0.139959 -0.246488
    outer loop
      vertex 25.631732 36.724563 9.099057
      vertex 25.293829 35.841183 9.912113
      vertex 25.442664 36.860991 9.912113
    endloop
  endfacet
  facet normal 0.953096 -0.139099 0.268810
    outer loop
      vertex 26.974292 35.336661 8.645007
      vertex 27.029634 35.715862 8.645007
      vertex 26.840859 35.852078 9.384818
    endloop
  endfacet
  facet normal 0.953096 -0.139099 0.268810
    outer loop
      vertex 26.974292 35.336661 8.645007
      vertex 26.840859 35.852078 9.384818
      vertex 26.774396 35.396675 9.384818
    endloop
  endfacet
  facet normal -0.965194 0.092773 -0.244528
    outer loop
      vertex 25.494036 35.781076 9.099057
      vertex 25.400176 34.804568 9.099057
      vertex 25.192376 34.785684 9.912113
    endloop
  endfacet
  facet normal -0.965194 0.092773 -0.244528
    outer loop
      vertex 25.494036 35.781076 9.099057
      vertex 25.192376 34.785684 9.912113
      vertex 25.293829 35.841183 9.912113
    endloop
  endfacet
  facet normal 0.959359 -0.092212 0.266698
    outer loop
      vertex 26.936568 34.944189 8.645007
      vertex 26.974292 35.336661 8.645007
      vertex 26.774396 35.396675 9.384818
    endloop
  endfacet
  facet normal 0.959359 -0.092212 0.266698
    outer loop
      vertex 26.936568 34.944189 8.645007
      vertex 26.774396 35.396675 9.384818
      vertex 26.729091 34.925334 9.384818
    endloop
  endfacet
  facet normal -0.968154 0.044255 -0.246411
    outer loop
      vertex 25.400176 34.804568 9.099057
      vertex 25.356496 33.849016 9.099057
      vertex 25.145164 33.752835 9.912113
    endloop
  endfacet
  facet normal -0.968154 0.044255 -0.246411
    outer loop
      vertex 25.400176 34.804568 9.099057
      vertex 25.145164 33.752835 9.912113
      vertex 25.192376 34.785684 9.912113
    endloop
  endfacet
  facet normal 0.962212 -0.043984 0.268727
    outer loop
      vertex 26.919013 34.560139 8.645007
      vertex 26.936568 34.944189 8.645007
      vertex 26.729091 34.925334 9.384818
    endloop
  endfacet
  facet normal 0.962212 -0.043984 0.268727
    outer loop
      vertex 26.919013 34.560139 8.645007
      vertex 26.729091 34.925334 9.384818
      vertex 26.708008 34.464108 9.384818
    endloop
  endfacet
  facet normal -0.968204 0.018338 -0.249490
    outer loop
      vertex 25.356496 33.849016 9.099057
      vertex 25.339408 32.946812 9.099057
      vertex 25.126693 32.777650 9.912113
    endloop
  endfacet
  facet normal -0.968204 0.018338 -0.249490
    outer loop
      vertex 25.356496 33.849016 9.099057
      vertex 25.126693 32.777650 9.912113
      vertex 25.145164 33.752835 9.912113
    endloop
  endfacet
  facet normal 0.962113 -0.018223 0.272043
    outer loop
      vertex 26.912145 34.197530 8.645007
      vertex 26.919013 34.560139 8.645007
      vertex 26.708008 34.464108 9.384818
    endloop
  endfacet
  facet normal 0.962113 -0.018223 0.272043
    outer loop
      vertex 26.912145 34.197530 8.645007
      vertex 26.708008 34.464108 9.384818
      vertex 26.699760 34.028631 9.384818
    endloop
  endfacet
  facet normal -0.968011 0.012864 -0.250578
    outer loop
      vertex 25.339408 32.946812 9.099057
      vertex 25.328117 32.097178 9.099057
      vertex 25.114489 31.859287 9.912113
    endloop
  endfacet
  facet normal -0.968011 0.012864 -0.250578
    outer loop
      vertex 25.339408 32.946812 9.099057
      vertex 25.114489 31.859287 9.912113
      vertex 25.126693 32.777650 9.912113
    endloop
  endfacet
  facet normal 0.961868 -0.012783 0.273215
    outer loop
      vertex 26.907607 33.856050 8.645007
      vertex 26.912145 34.197530 8.645007
      vertex 26.699760 34.028631 9.384818
    endloop
  endfacet
  facet normal 0.961868 -0.012783 0.273215
    outer loop
      vertex 26.907607 33.856050 8.645007
      vertex 26.699760 34.028631 9.384818
      vertex 26.694310 33.618529 9.384818
    endloop
  endfacet
  facet normal -0.968229 0.016721 -0.249507
    outer loop
      vertex 25.328117 32.097178 9.099057
      vertex 25.314163 31.289181 9.099057
      vertex 25.099406 30.985930 9.912113
    endloop
  endfacet
  facet normal -0.968229 0.016721 -0.249507
    outer loop
      vertex 25.328117 32.097178 9.099057
      vertex 25.099406 30.985930 9.912113
      vertex 25.114489 31.859287 9.912113
    endloop
  endfacet
  facet normal 0.962136 -0.016616 0.272061
    outer loop
      vertex 26.901999 33.531305 8.645007
      vertex 26.907607 33.856050 8.645007
      vertex 26.694310 33.618529 9.384818
    endloop
  endfacet
  facet normal 0.962136 -0.016616 0.272061
    outer loop
      vertex 26.901999 33.531305 8.645007
      vertex 26.694310 33.618529 9.384818
      vertex 26.687575 33.228525 9.384818
    endloop
  endfacet
  facet normal -0.968691 0.023302 -0.247175
    outer loop
      vertex 25.314163 31.289181 9.099057
      vertex 25.295494 30.513083 9.099057
      vertex 25.079226 30.147052 9.912113
    endloop
  endfacet
  facet normal -0.968691 0.023302 -0.247175
    outer loop
      vertex 25.314163 31.289181 9.099057
      vertex 25.079226 30.147052 9.912113
      vertex 25.099406 30.985930 9.912113
    endloop
  endfacet
  facet normal 0.962708 -0.023159 0.269549
    outer loop
      vertex 26.894495 33.219381 8.645007
      vertex 26.901999 33.531305 8.645007
      vertex 26.687575 33.228525 9.384818
    endloop
  endfacet
  facet normal 0.962708 -0.023159 0.269549
    outer loop
      vertex 26.894495 33.219381 8.645007
      vertex 26.687575 33.228525 9.384818
      vertex 26.678563 32.853918 9.384818
    endloop
  endfacet
  facet normal -0.969237 0.030031 -0.244291
    outer loop
      vertex 25.295494 30.513083 9.099057
      vertex 25.272219 29.761913 9.099057
      vertex 25.054069 29.335118 9.912113
    endloop
  endfacet
  facet normal -0.969237 0.030031 -0.244291
    outer loop
      vertex 25.295494 30.513083 9.099057
      vertex 25.054069 29.335118 9.912113
      vertex 25.079226 30.147052 9.912113
    endloop
  endfacet
  facet normal 0.963388 -0.029850 0.266443
    outer loop
      vertex 26.885141 32.917475 8.645007
      vertex 26.894495 33.219381 8.645007
      vertex 26.678563 32.853918 9.384818
    endloop
  endfacet
  facet normal 0.963388 -0.029850 0.266443
    outer loop
      vertex 26.885141 32.917475 8.645007
      vertex 26.678563 32.853918 9.384818
      vertex 26.667329 32.491342 9.384818
    endloop
  endfacet
  facet normal 0.730754 -0.665243 -0.153136
    outer loop
      vertex 25.272219 29.761913 9.099057
      vertex 26.139589 30.714699 9.099057
      vertex 25.991602 30.364977 9.912113
    endloop
  endfacet
  facet normal 0.730754 -0.665243 -0.153136
    outer loop
      vertex 25.272219 29.761913 9.099057
      vertex 25.991602 30.364977 9.912113
      vertex 25.054069 29.335118 9.912113
    endloop
  endfacet
  facet normal -0.729012 0.663657 0.167635
    outer loop
      vertex 27.233749 33.300413 8.645007
      vertex 26.885141 32.917475 8.645007
      vertex 26.667329 32.491342 9.384818
    endloop
  endfacet
  facet normal -0.729012 0.663657 0.167635
    outer loop
      vertex 27.233749 33.300413 8.645007
      vertex 26.667329 32.491342 9.384818
      vertex 27.085992 32.951233 9.384818
    endloop
  endfacet
  facet normal 0.721113 -0.674369 -0.158816
    outer loop
      vertex 26.139589 30.714699 9.099057
      vertex 27.072150 31.711901 9.099057
      vertex 26.999600 31.442845 9.912113
    endloop
  endfacet
  facet normal 0.721113 -0.674369 -0.158816
    outer loop
      vertex 26.139589 30.714699 9.099057
      vertex 26.999600 31.442845 9.912113
      vertex 25.991602 30.364977 9.912113
    endloop
  endfacet
  facet normal -0.719265 0.672640 0.173822
    outer loop
      vertex 27.608558 33.701202 8.645007
      vertex 27.233749 33.300413 8.645007
      vertex 27.085992 32.951233 9.384818
    endloop
  endfacet
  facet normal -0.719265 0.672640 0.173822
    outer loop
      vertex 27.608558 33.701202 8.645007
      vertex 27.085992 32.951233 9.384818
      vertex 27.536121 33.432564 9.384818
    endloop
  endfacet
  facet normal 0.707567 -0.687282 -0.164298
    outer loop
      vertex 27.072150 31.711901 9.099057
      vertex 28.118423 32.789054 9.099057
      vertex 28.130508 32.607131 9.912113
    endloop
  endfacet
  facet normal 0.707567 -0.687282 -0.164298
    outer loop
      vertex 27.072150 31.711901 9.099057
      vertex 28.130508 32.607131 9.912113
      vertex 26.999600 31.442845 9.912113
    endloop
  endfacet
  facet normal -0.705626 0.685396 0.179789
    outer loop
      vertex 28.029070 34.134125 8.645007
      vertex 27.608558 33.701202 8.645007
      vertex 27.536121 33.432564 9.384818
    endloop
  endfacet
  facet normal -0.705626 0.685396 0.179789
    outer loop
      vertex 28.029070 34.134125 8.645007
      vertex 27.536121 33.432564 9.384818
      vertex 28.041136 33.952485 9.384818
    endloop
  endfacet
  facet normal 0.723763 -0.671027 -0.160902
    outer loop
      vertex 28.118423 32.789054 9.099057
      vertex 29.310414 34.074725 9.099057
      vertex 29.418922 33.996802 9.912113
    endloop
  endfacet
  facet normal 0.723763 -0.671027 -0.160902
    outer loop
      vertex 28.118423 32.789054 9.099057
      vertex 29.418922 33.996802 9.912113
      vertex 28.130508 32.607131 9.912113
    endloop
  endfacet
  facet normal -0.721859 0.669261 0.176093
    outer loop
      vertex 28.508148 34.650854 8.645007
      vertex 28.029070 34.134125 8.645007
      vertex 28.041136 33.952485 9.384818
    endloop
  endfacet
  facet normal -0.721859 0.669261 0.176093
    outer loop
      vertex 28.508148 34.650854 8.645007
      vertex 28.041136 33.952485 9.384818
      vertex 28.616487 34.573053 9.384818
    endloop
  endfacet
  facet normal 0.794336 -0.585446 -0.162118
    outer loop
      vertex 29.310414 34.074725 9.099057
      vertex 30.331690 35.460397 9.099057
      vertex 30.522811 35.494564 9.912113
    endloop
  endfacet
  facet normal 0.794336 -0.585446 -0.162118
    outer loop
      vertex 29.310414 34.074725 9.099057
      vertex 30.522811 35.494564 9.912113
      vertex 29.418922 33.996802 9.912113
    endloop
  endfacet
  facet normal -0.792215 0.583883 0.177417
    outer loop
      vertex 28.918613 35.207775 8.645007
      vertex 28.508148 34.650854 8.645007
      vertex 28.616487 34.573053 9.384818
    endloop
  endfacet
  facet normal -0.792215 0.583883 0.177417
    outer loop
      vertex 28.918613 35.207775 8.645007
      vertex 28.616487 34.573053 9.384818
      vertex 29.109437 35.241890 9.384818
    endloop
  endfacet
  facet normal 0.800212 -0.576897 -0.163859
    outer loop
      vertex 30.331690 35.460397 9.099057
      vertex 31.196343 36.659754 9.099057
      vertex 31.457407 36.790940 9.912113
    endloop
  endfacet
  facet normal 0.800212 -0.576897 -0.163859
    outer loop
      vertex 30.331690 35.460397 9.099057
      vertex 31.457407 36.790940 9.912113
      vertex 30.522811 35.494564 9.912113
    endloop
  endfacet
  facet normal -0.798029 0.575323 0.179311
    outer loop
      vertex 29.266129 35.689814 8.645007
      vertex 28.918613 35.207775 8.645007
      vertex 29.109437 35.241890 9.384818
    endloop
  endfacet
  facet normal -0.798029 0.575323 0.179311
    outer loop
      vertex 29.266129 35.689814 8.645007
      vertex 29.109437 35.241890 9.384818
      vertex 29.526789 35.820797 9.384818
    endloop
  endfacet
  facet normal 0.790032 -0.592329 -0.158100
    outer loop
      vertex 31.196343 36.659754 9.099057
      vertex 32.008222 37.742618 9.099057
      vertex 32.334961 37.961399 9.912113
    endloop
  endfacet
  facet normal 0.790032 -0.592329 -0.158100
    outer loop
      vertex 31.196343 36.659754 9.099057
      vertex 32.334961 37.961399 9.912113
      vertex 31.457407 36.790940 9.912113
    endloop
  endfacet
  facet normal -0.788025 0.590824 0.173042
    outer loop
      vertex 29.592435 36.125032 8.645007
      vertex 29.266129 35.689814 8.645007
      vertex 29.526789 35.820797 9.384818
    endloop
  endfacet
  facet normal -0.788025 0.590824 0.173042
    outer loop
      vertex 29.592435 36.125032 8.645007
      vertex 29.526789 35.820797 9.384818
      vertex 29.918667 36.343474 9.384818
    endloop
  endfacet
  facet normal 0.783173 -0.602808 -0.152524
    outer loop
      vertex 32.008222 37.742618 9.099057
      vertex 32.789473 38.757626 9.099057
      vertex 33.179409 39.058513 9.912113
    endloop
  endfacet
  facet normal 0.783173 -0.602808 -0.152524
    outer loop
      vertex 32.008222 37.742618 9.099057
      vertex 33.179409 39.058513 9.912113
      vertex 32.334961 37.961399 9.912113
    endloop
  endfacet
  facet normal -0.781320 0.601382 0.166968
    outer loop
      vertex 29.906431 36.532978 8.645007
      vertex 29.592435 36.125032 8.645007
      vertex 29.918667 36.343474 9.384818
    endloop
  endfacet
  facet normal -0.781320 0.601382 0.166968
    outer loop
      vertex 29.906431 36.532978 8.645007
      vertex 29.918667 36.343474 9.384818
      vertex 30.295762 36.833398 9.384818
    endloop
  endfacet
  facet normal -0.246925 0.941357 -0.229944
    outer loop
      vertex 32.789473 38.757626 9.099057
      vertex 32.019490 38.555654 9.099057
      vertex 32.347140 38.840203 9.912113
    endloop
  endfacet
  facet normal -0.246925 0.941357 -0.229944
    outer loop
      vertex 32.789473 38.757626 9.099057
      vertex 32.347140 38.840203 9.912113
      vertex 33.179409 39.058513 9.912113
    endloop
  endfacet
  facet normal 0.245603 -0.936320 0.250967
    outer loop
      vertex 29.596964 36.451803 8.645007
      vertex 29.906431 36.532978 8.645007
      vertex 30.295762 36.833398 9.384818
    endloop
  endfacet
  facet normal 0.245603 -0.936320 0.250967
    outer loop
      vertex 29.596964 36.451803 8.645007
      vertex 30.295762 36.833398 9.384818
      vertex 29.924106 36.735910 9.384818
    endloop
  endfacet
  facet normal -0.239697 0.942417 -0.233228
    outer loop
      vertex 32.019490 38.555654 9.099057
      vertex 31.222172 38.352862 9.099057
      vertex 31.485325 38.621007 9.912113
    endloop
  endfacet
  facet normal -0.239697 0.942417 -0.233228
    outer loop
      vertex 32.019490 38.555654 9.099057
      vertex 31.485325 38.621007 9.912113
      vertex 32.347140 38.840203 9.912113
    endloop
  endfacet
  facet normal 0.238377 -0.937230 0.254512
    outer loop
      vertex 29.276510 36.370298 8.645007
      vertex 29.596964 36.451803 8.645007
      vertex 29.924106 36.735910 9.384818
    endloop
  endfacet
  facet normal 0.238377 -0.937230 0.254512
    outer loop
      vertex 29.276510 36.370298 8.645007
      vertex 29.924106 36.735910 9.384818
      vertex 29.539256 36.638027 9.384818
    endloop
  endfacet
  facet normal -0.231995 0.943624 -0.236119
    outer loop
      vertex 31.222172 38.352862 9.099057
      vertex 30.389471 38.148138 9.099057
      vertex 30.585266 38.399723 9.912113
    endloop
  endfacet
  facet normal -0.231995 0.943624 -0.236119
    outer loop
      vertex 31.222172 38.352862 9.099057
      vertex 30.585266 38.399723 9.912113
      vertex 31.485325 38.621007 9.912113
    endloop
  endfacet
  facet normal 0.230686 -0.938302 0.257631
    outer loop
      vertex 28.941836 36.288017 8.645007
      vertex 29.276510 36.370298 8.645007
      vertex 29.539256 36.638027 9.384818
    endloop
  endfacet
  facet normal 0.230686 -0.938302 0.257631
    outer loop
      vertex 28.941836 36.288017 8.645007
      vertex 29.539256 36.638027 9.384818
      vertex 29.137327 36.539211 9.384818
    endloop
  endfacet
  facet normal -0.226207 0.944603 -0.237815
    outer loop
      vertex 30.389471 38.148138 9.099057
      vertex 29.509866 37.937497 9.099057
      vertex 29.634508 38.172042 9.912113
    endloop
  endfacet
  facet normal -0.226207 0.944603 -0.237815
    outer loop
      vertex 30.389471 38.148138 9.099057
      vertex 29.634508 38.172042 9.912113
      vertex 30.585266 38.399723 9.912113
    endloop
  endfacet
  facet normal 0.224913 -0.939199 0.259462
    outer loop
      vertex 28.588311 36.203357 8.645007
      vertex 28.941836 36.288017 8.645007
      vertex 29.137327 36.539211 9.384818
    endloop
  endfacet
  facet normal 0.224913 -0.939199 0.259462
    outer loop
      vertex 28.588311 36.203357 8.645007
      vertex 29.137327 36.539211 9.384818
      vertex 28.712759 36.437538 9.384818
    endloop
  endfacet
  facet normal -0.229857 0.943912 -0.237056
    outer loop
      vertex 29.509866 37.937497 9.099057
      vertex 28.570422 37.708728 9.099057
      vertex 28.619070 37.924767 9.912113
    endloop
  endfacet
  facet normal -0.229857 0.943912 -0.237056
    outer loop
      vertex 29.509866 37.937497 9.099057
      vertex 28.619070 37.924767 9.912113
      vertex 29.634508 38.172042 9.912113
    endloop
  endfacet
  facet normal 0.228550 -0.938546 0.258643
    outer loop
      vertex 28.210735 36.111411 8.645007
      vertex 28.588311 36.203357 8.645007
      vertex 28.712759 36.437538 9.384818
    endloop
  endfacet
  facet normal 0.228550 -0.938546 0.258643
    outer loop
      vertex 28.210735 36.111411 8.645007
      vertex 28.712759 36.437538 9.384818
      vertex 28.259308 36.327116 9.384818
    endloop
  endfacet
  facet normal -0.257679 0.937543 -0.233699
    outer loop
      vertex 28.570422 37.708728 9.099057
      vertex 27.574129 37.434901 9.099057
      vertex 27.542185 37.628790 9.912113
    endloop
  endfacet
  facet normal -0.257679 0.937543 -0.233699
    outer loop
      vertex 28.570422 37.708728 9.099057
      vertex 27.542185 37.628790 9.912113
      vertex 28.619070 37.924767 9.912113
    endloop
  endfacet
  facet normal 0.256255 -0.932361 0.255021
    outer loop
      vertex 27.810310 36.001356 8.645007
      vertex 28.210735 36.111411 8.645007
      vertex 28.259308 36.327116 9.384818
    endloop
  endfacet
  facet normal 0.256255 -0.932361 0.255021
    outer loop
      vertex 27.810310 36.001356 8.645007
      vertex 28.259308 36.327116 9.384818
      vertex 27.778416 36.194945 9.384818
    endloop
  endfacet
  facet normal -0.311547 0.921478 -0.231985
    outer loop
      vertex 27.574129 37.434901 9.099057
      vertex 26.572900 37.096391 9.099057
      vertex 26.459965 37.262898 9.912113
    endloop
  endfacet
  facet normal -0.311547 0.921478 -0.231985
    outer loop
      vertex 27.574129 37.434901 9.099057
      vertex 26.459965 37.262898 9.912113
      vertex 27.542185 37.628790 9.912113
    endloop
  endfacet
  facet normal 0.309850 -0.916459 0.253170
    outer loop
      vertex 27.407903 35.865305 8.645007
      vertex 27.810310 36.001356 8.645007
      vertex 27.778416 36.194945 9.384818
    endloop
  endfacet
  facet normal 0.309850 -0.916459 0.253170
    outer loop
      vertex 27.407903 35.865305 8.645007
      vertex 27.778416 36.194945 9.384818
      vertex 27.295143 36.031553 9.384818
    endloop
  endfacet
  facet normal -0.357168 0.904059 -0.234754
    outer loop
      vertex 26.572900 37.096391 9.099057
      vertex 25.631732 36.724563 9.099057
      vertex 25.442664 36.860991 9.912113
    endloop
  endfacet
  facet normal -0.357168 0.904059 -0.234754
    outer loop
      vertex 26.572900 37.096391 9.099057
      vertex 25.442664 36.860991 9.912113
      vertex 26.459965 37.262898 9.912113
    endloop
  endfacet
  facet normal 0.355176 -0.899017 0.256159
    outer loop
      vertex 27.029634 35.715862 8.645007
      vertex 27.407903 35.865305 8.645007
      vertex 27.295143 36.031553 9.384818
    endloop
  endfacet
  facet normal 0.355176 -0.899017 0.256159
    outer loop
      vertex 27.029634 35.715862 8.645007
      vertex 27.295143 36.031553 9.384818
      vertex 26.840859 35.852078 9.384818
    endloop
  endfacet
  facet normal -0.943980 0.137768 -0.299869
    outer loop
      vertex 25.442664 36.860991 9.912113
      vertex 25.293829 35.841183 9.912113
      vertex 25.046871 35.915327 10.723592
    endloop
  endfacet
  facet normal -0.943980 0.137768 -0.299869
    outer loop
      vertex 25.442664 36.860991 9.912113
      vertex 25.046871 35.915327 10.723592
      vertex 25.209446 37.029277 10.723592
    endloop
  endfacet
  facet normal 0.935326 -0.136505 0.326391
    outer loop
      vertex 26.774396 35.396675 9.384818
      vertex 26.840859 35.852078 9.384818
      vertex 26.607439 36.020510 10.124162
    endloop
  endfacet
  facet normal 0.935326 -0.136505 0.326391
    outer loop
      vertex 26.774396 35.396675 9.384818
      vertex 26.607439 36.020510 10.124162
      vertex 26.527225 35.470883 10.124162
    endloop
  endfacet
  facet normal -0.950324 0.091343 -0.297558
    outer loop
      vertex 25.293829 35.841183 9.912113
      vertex 25.192376 34.785684 9.912113
      vertex 24.936053 34.762390 10.723592
    endloop
  endfacet
  facet normal -0.950324 0.091343 -0.297558
    outer loop
      vertex 25.293829 35.841183 9.912113
      vertex 24.936053 34.762390 10.723592
      vertex 25.046871 35.915327 10.723592
    endloop
  endfacet
  facet normal 0.941744 -0.090519 0.323921
    outer loop
      vertex 26.729091 34.925334 9.384818
      vertex 26.774396 35.396675 9.384818
      vertex 26.527225 35.470883 10.124162
    endloop
  endfacet
  facet normal 0.941744 -0.090519 0.323921
    outer loop
      vertex 26.729091 34.925334 9.384818
      vertex 26.527225 35.470883 10.124162
      vertex 26.472547 34.902020 10.124162
    endloop
  endfacet
  facet normal -0.953013 0.043563 -0.299779
    outer loop
      vertex 25.192376 34.785684 9.912113
      vertex 25.145164 33.752835 9.912113
      vertex 24.884482 33.634196 10.723592
    endloop
  endfacet
  facet normal -0.953013 0.043563 -0.299779
    outer loop
      vertex 25.192376 34.785684 9.912113
      vertex 24.884482 33.634196 10.723592
      vertex 24.936053 34.762390 10.723592
    endloop
  endfacet
  facet normal 0.944282 -0.043164 0.326295
    outer loop
      vertex 26.708008 34.464108 9.384818
      vertex 26.729091 34.925334 9.384818
      vertex 26.472547 34.902020 10.124162
    endloop
  endfacet
  facet normal 0.944282 -0.043164 0.326295
    outer loop
      vertex 26.708008 34.464108 9.384818
      vertex 26.472547 34.902020 10.124162
      vertex 26.447101 34.345365 10.124162
    endloop
  endfacet
  facet normal -0.952690 0.018044 -0.303407
    outer loop
      vertex 25.145164 33.752835 9.912113
      vertex 25.126693 32.777650 9.912113
      vertex 24.864307 32.568988 10.723592
    endloop
  endfacet
  facet normal -0.952690 0.018044 -0.303407
    outer loop
      vertex 25.145164 33.752835 9.912113
      vertex 24.864307 32.568988 10.723592
      vertex 24.884482 33.634196 10.723592
    endloop
  endfacet
  facet normal 0.943752 -0.017875 0.330170
    outer loop
      vertex 26.699760 34.028631 9.384818
      vertex 26.708008 34.464108 9.384818
      vertex 26.447101 34.345365 10.124162
    endloop
  endfacet
  facet normal 0.943752 -0.017875 0.330170
    outer loop
      vertex 26.699760 34.028631 9.384818
      vertex 26.447101 34.345365 10.124162
      vertex 26.437147 33.819788 10.124162
    endloop
  endfacet
  facet normal -0.952368 0.012656 -0.304688
    outer loop
      vertex 25.126693 32.777650 9.912113
      vertex 25.114489 31.859287 9.912113
      vertex 24.850976 31.565847 10.723592
    endloop
  endfacet
  facet normal -0.952368 0.012656 -0.304688
    outer loop
      vertex 25.126693 32.777650 9.912113
      vertex 24.850976 31.565847 10.723592
      vertex 24.864307 32.568988 10.723592
    endloop
  endfacet
  facet normal 0.943359 -0.012537 0.331538
    outer loop
      vertex 26.694310 33.618529 9.384818
      vertex 26.699760 34.028631 9.384818
      vertex 26.437147 33.819788 10.124162
    endloop
  endfacet
  facet normal 0.943359 -0.012537 0.331538
    outer loop
      vertex 26.694310 33.618529 9.384818
      vertex 26.437147 33.819788 10.124162
      vertex 26.430569 33.324835 10.124162
    endloop
  endfacet
  facet normal -0.952713 0.016453 -0.303427
    outer loop
      vertex 25.114489 31.859287 9.912113
      vertex 25.099406 30.985930 9.912113
      vertex 24.834500 30.611867 10.723592
    endloop
  endfacet
  facet normal -0.952713 0.016453 -0.303427
    outer loop
      vertex 25.114489 31.859287 9.912113
      vertex 24.834500 30.611867 10.723592
      vertex 24.850976 31.565847 10.723592
    endloop
  endfacet
  facet normal 0.943773 -0.016299 0.330191
    outer loop
      vertex 26.687575 33.228525 9.384818
      vertex 26.694310 33.618529 9.384818
      vertex 26.430569 33.324835 10.124162
    endloop
  endfacet
  facet normal 0.943773 -0.016299 0.330191
    outer loop
      vertex 26.687575 33.228525 9.384818
      vertex 26.430569 33.324835 10.124162
      vertex 26.422440 32.854138 10.124162
    endloop
  endfacet
  facet normal -0.953450 0.022936 -0.300679
    outer loop
      vertex 25.099406 30.985930 9.912113
      vertex 25.079226 30.147052 9.912113
      vertex 24.812458 29.695549 10.723592
    endloop
  endfacet
  facet normal -0.953450 0.022936 -0.300679
    outer loop
      vertex 25.099406 30.985930 9.912113
      vertex 24.812458 29.695549 10.723592
      vertex 24.834500 30.611867 10.723592
    endloop
  endfacet
  facet normal 0.944662 -0.022724 0.327256
    outer loop
      vertex 26.678563 32.853918 9.384818
      vertex 26.687575 33.228525 9.384818
      vertex 26.422440 32.854138 10.124162
    endloop
  endfacet
  facet normal 0.944662 -0.022724 0.327256
    outer loop
      vertex 26.678563 32.853918 9.384818
      vertex 26.422440 32.854138 10.124162
      vertex 26.411564 32.402024 10.124162
    endloop
  endfacet
  facet normal -0.954333 0.029569 -0.297279
    outer loop
      vertex 25.079226 30.147052 9.912113
      vertex 25.054069 29.335118 9.912113
      vertex 24.784978 28.808662 10.723592
    endloop
  endfacet
  facet normal -0.954333 0.029569 -0.297279
    outer loop
      vertex 25.079226 30.147052 9.912113
      vertex 24.784978 28.808662 10.723592
      vertex 24.812458 29.695549 10.723592
    endloop
  endfacet
  facet normal 0.945733 -0.029303 0.323622
    outer loop
      vertex 26.667329 32.491342 9.384818
      vertex 26.678563 32.853918 9.384818
      vertex 26.411564 32.402024 10.124162
    endloop
  endfacet
  facet normal 0.945733 -0.029303 0.323622
    outer loop
      vertex 26.667329 32.491342 9.384818
      vertex 26.411564 32.402024 10.124162
      vertex 26.398006 31.964431 10.124162
    endloop
  endfacet
  facet normal 0.726276 -0.661166 -0.188102
    outer loop
      vertex 25.054069 29.335118 9.912113
      vertex 25.991602 30.364977 9.912113
      vertex 25.809059 29.933591 10.723592
    endloop
  endfacet
  facet normal 0.726276 -0.661166 -0.188102
    outer loop
      vertex 25.054069 29.335118 9.912113
      vertex 25.809059 29.933591 10.723592
      vertex 24.784978 28.808662 10.723592
    endloop
  endfacet
  facet normal -0.723634 0.658761 0.205881
    outer loop
      vertex 27.085992 32.951233 9.384818
      vertex 26.667329 32.491342 9.384818
      vertex 26.398006 31.964431 10.124162
    endloop
  endfacet
  facet normal -0.723634 0.658761 0.205881
    outer loop
      vertex 27.085992 32.951233 9.384818
      vertex 26.398006 31.964431 10.124162
      vertex 26.903290 32.519475 10.124162
    endloop
  endfacet
  facet normal 0.716364 -0.669927 -0.194989
    outer loop
      vertex 25.991602 30.364977 9.912113
      vertex 26.999600 31.442845 9.912113
      vertex 26.910109 31.110961 10.723592
    endloop
  endfacet
  facet normal 0.716364 -0.669927 -0.194989
    outer loop
      vertex 25.991602 30.364977 9.912113
      vertex 26.910109 31.110961 10.723592
      vertex 25.809059 29.933591 10.723592
    endloop
  endfacet
  facet normal -0.713565 0.667310 0.213362
    outer loop
      vertex 27.536121 33.432564 9.384818
      vertex 27.085992 32.951233 9.384818
      vertex 26.903290 32.519475 10.124162
    endloop
  endfacet
  facet normal -0.713565 0.667310 0.213362
    outer loop
      vertex 27.536121 33.432564 9.384818
      vertex 26.903290 32.519475 10.124162
      vertex 27.446552 33.100393 10.124162
    endloop
  endfacet
  facet normal 0.702582 -0.682440 -0.201627
    outer loop
      vertex 26.999600 31.442845 9.912113
      vertex 28.130508 32.607131 9.912113
      vertex 28.145415 32.382727 10.723592
    endloop
  endfacet
  facet normal 0.702582 -0.682440 -0.201627
    outer loop
      vertex 26.999600 31.442845 9.912113
      vertex 28.145415 32.382727 10.723592
      vertex 26.910109 31.110961 10.723592
    endloop
  endfacet
  facet normal -0.699648 0.679590 0.220565
    outer loop
      vertex 28.041136 33.952485 9.384818
      vertex 27.536121 33.432564 9.384818
      vertex 27.446552 33.100393 10.124162
    endloop
  endfacet
  facet normal -0.699648 0.679590 0.220565
    outer loop
      vertex 28.041136 33.952485 9.384818
      vertex 27.446552 33.100393 10.124162
      vertex 28.056056 33.727887 10.124162
    endloop
  endfacet
  facet normal 0.718872 -0.666492 -0.197516
    outer loop
      vertex 28.130508 32.607131 9.912113
      vertex 29.418922 33.996802 9.912113
      vertex 29.552767 33.900684 10.723592
    endloop
  endfacet
  facet normal 0.718872 -0.666492 -0.197516
    outer loop
      vertex 28.130508 32.607131 9.912113
      vertex 29.552767 33.900684 10.723592
      vertex 28.145415 32.382727 10.723592
    endloop
  endfacet
  facet normal -0.715990 0.663820 0.216104
    outer loop
      vertex 28.616487 34.573053 9.384818
      vertex 28.041136 33.952485 9.384818
      vertex 28.056056 33.727887 10.124162
    endloop
  endfacet
  facet normal -0.715990 0.663820 0.216104
    outer loop
      vertex 28.616487 34.573053 9.384818
      vertex 28.056056 33.727887 10.124162
      vertex 28.750449 34.476851 10.124162
    endloop
  endfacet
  facet normal 0.788887 -0.581430 -0.198989
    outer loop
      vertex 29.418922 33.996802 9.912113
      vertex 30.522811 35.494564 9.912113
      vertex 30.758561 35.536710 10.723592
    endloop
  endfacet
  facet normal 0.788887 -0.581430 -0.198989
    outer loop
      vertex 29.418922 33.996802 9.912113
      vertex 30.758561 35.536710 10.723592
      vertex 29.552767 33.900684 10.723592
    endloop
  endfacet
  facet normal -0.785678 0.579065 0.217703
    outer loop
      vertex 29.109437 35.241890 9.384818
      vertex 28.616487 34.573053 9.384818
      vertex 28.750449 34.476851 10.124162
    endloop
  endfacet
  facet normal -0.785678 0.579065 0.217703
    outer loop
      vertex 29.109437 35.241890 9.384818
      vertex 28.750449 34.476851 10.124162
      vertex 29.345391 35.284072 10.124162
    endloop
  endfacet
  facet normal 0.794605 -0.572855 -0.201095
    outer loop
      vertex 30.522811 35.494564 9.912113
      vertex 31.457407 36.790940 9.912113
      vertex 31.779433 36.952760 10.723592
    endloop
  endfacet
  facet normal 0.794605 -0.572855 -0.201095
    outer loop
      vertex 30.522811 35.494564 9.912113
      vertex 31.779433 36.952760 10.723592
      vertex 30.758561 35.536710 10.723592
    endloop
  endfacet
  facet normal -0.791305 0.570475 0.219989
    outer loop
      vertex 29.526789 35.820797 9.384818
      vertex 29.109437 35.241890 9.384818
      vertex 29.345391 35.284072 10.124162
    endloop
  endfacet
  facet normal -0.791305 0.570475 0.219989
    outer loop
      vertex 29.526789 35.820797 9.384818
      vertex 29.345391 35.284072 10.124162
      vertex 29.849093 35.982756 10.124162
    endloop
  endfacet
  facet normal 0.784875 -0.588462 -0.194122
    outer loop
      vertex 31.457407 36.790940 9.912113
      vertex 32.334961 37.961399 9.912113
      vertex 32.737997 38.231267 10.723592
    endloop
  endfacet
  facet normal 0.784875 -0.588462 -0.194122
    outer loop
      vertex 31.457407 36.790940 9.912113
      vertex 32.737997 38.231267 10.723592
      vertex 31.779433 36.952760 10.723592
    endloop
  endfacet
  facet normal -0.781836 0.586183 0.212420
    outer loop
      vertex 29.918667 36.343474 9.384818
      vertex 29.526789 35.820797 9.384818
      vertex 29.849093 35.982756 10.124162
    endloop
  endfacet
  facet normal -0.781836 0.586183 0.212420
    outer loop
      vertex 29.918667 36.343474 9.384818
      vertex 29.849093 35.982756 10.124162
      vertex 30.322052 36.613576 10.124162
    endloop
  endfacet
  facet normal 0.778411 -0.599143 -0.187359
    outer loop
      vertex 32.334961 37.961399 9.912113
      vertex 33.179409 39.058513 9.912113
      vertex 33.660400 39.429661 10.723592
    endloop
  endfacet
  facet normal 0.778411 -0.599143 -0.187359
    outer loop
      vertex 32.334961 37.961399 9.912113
      vertex 33.660400 39.429661 10.723592
      vertex 32.737997 38.231267 10.723592
    endloop
  endfacet
  facet normal -0.775602 0.596980 0.205074
    outer loop
      vertex 30.295762 36.833398 9.384818
      vertex 29.918667 36.343474 9.384818
      vertex 30.322052 36.613576 10.124162
    endloop
  endfacet
  facet normal -0.775602 0.596980 0.205074
    outer loop
      vertex 30.295762 36.833398 9.384818
      vertex 30.322052 36.613576 10.124162
      vertex 30.777168 37.204867 10.124162
    endloop
  endfacet
  facet normal -0.243552 0.928499 -0.280308
    outer loop
      vertex 33.179409 39.058513 9.912113
      vertex 32.347140 38.840203 9.912113
      vertex 32.751301 39.191198 10.723592
    endloop
  endfacet
  facet normal -0.243552 0.928499 -0.280308
    outer loop
      vertex 33.179409 39.058513 9.912113
      vertex 32.751301 39.191198 10.723592
      vertex 33.660400 39.429661 10.723592
    endloop
  endfacet
  facet normal 0.241598 -0.921048 0.305452
    outer loop
      vertex 29.924106 36.735910 9.384818
      vertex 30.295762 36.833398 9.384818
      vertex 30.777168 37.204867 10.124162
    endloop
  endfacet
  facet normal 0.241598 -0.921048 0.305452
    outer loop
      vertex 29.924106 36.735910 9.384818
      vertex 30.777168 37.204867 10.124162
      vertex 30.328616 37.087209 10.124162
    endloop
  endfacet
  facet normal -0.236330 0.929182 -0.284200
    outer loop
      vertex 32.347140 38.840203 9.912113
      vertex 31.485325 38.621007 9.912113
      vertex 31.809929 38.951767 10.723592
    endloop
  endfacet
  facet normal -0.236330 0.929182 -0.284200
    outer loop
      vertex 32.347140 38.840203 9.912113
      vertex 31.809929 38.951767 10.723592
      vertex 32.751301 39.191198 10.723592
    endloop
  endfacet
  facet normal 0.234381 -0.921520 0.309624
    outer loop
      vertex 29.539256 36.638027 9.384818
      vertex 29.924106 36.735910 9.384818
      vertex 30.328616 37.087209 10.124162
    endloop
  endfacet
  facet normal 0.234381 -0.921520 0.309624
    outer loop
      vertex 29.539256 36.638027 9.384818
      vertex 30.328616 37.087209 10.124162
      vertex 29.864139 36.969073 10.124162
    endloop
  endfacet
  facet normal -0.228657 0.930048 -0.287623
    outer loop
      vertex 31.485325 38.621007 9.912113
      vertex 30.585266 38.399723 9.912113
      vertex 30.826781 38.710055 10.723592
    endloop
  endfacet
  facet normal -0.228657 0.930048 -0.287623
    outer loop
      vertex 31.485325 38.621007 9.912113
      vertex 30.826781 38.710055 10.723592
      vertex 31.809929 38.951767 10.723592
    endloop
  endfacet
  facet normal 0.226726 -0.922195 0.313290
    outer loop
      vertex 29.137327 36.539211 9.384818
      vertex 29.539256 36.638027 9.384818
      vertex 29.864139 36.969073 10.124162
    endloop
  endfacet
  facet normal 0.226726 -0.922195 0.313290
    outer loop
      vertex 29.137327 36.539211 9.384818
      vertex 29.864139 36.969073 10.124162
      vertex 29.379051 36.849811 10.124162
    endloop
  endfacet
  facet normal -0.222907 0.930821 -0.289630
    outer loop
      vertex 30.585266 38.399723 9.912113
      vertex 29.634508 38.172042 9.912113
      vertex 29.788255 38.461356 10.723592
    endloop
  endfacet
  facet normal -0.222907 0.930821 -0.289630
    outer loop
      vertex 30.585266 38.399723 9.912113
      vertex 29.788255 38.461356 10.723592
      vertex 30.826781 38.710055 10.723592
    endloop
  endfacet
  facet normal 0.220998 -0.922853 0.315439
    outer loop
      vertex 28.712759 36.437538 9.384818
      vertex 29.137327 36.539211 9.384818
      vertex 29.379051 36.849811 10.124162
    endloop
  endfacet
  facet normal 0.220998 -0.922853 0.315439
    outer loop
      vertex 28.712759 36.437538 9.384818
      vertex 29.379051 36.849811 10.124162
      vertex 28.866639 36.727102 10.124162
    endloop
  endfacet
  facet normal -0.226524 0.930226 -0.288732
    outer loop
      vertex 29.634508 38.172042 9.912113
      vertex 28.619070 37.924767 9.912113
      vertex 28.679078 38.191254 10.723592
    endloop
  endfacet
  facet normal -0.226524 0.930226 -0.288732
    outer loop
      vertex 29.634508 38.172042 9.912113
      vertex 28.679078 38.191254 10.723592
      vertex 29.788255 38.461356 10.723592
    endloop
  endfacet
  facet normal 0.224597 -0.922312 0.314478
    outer loop
      vertex 28.259308 36.327116 9.384818
      vertex 28.712759 36.437538 9.384818
      vertex 28.866639 36.727102 10.124162
    endloop
  endfacet
  facet normal 0.224597 -0.922312 0.314478
    outer loop
      vertex 28.259308 36.327116 9.384818
      vertex 28.866639 36.727102 10.124162
      vertex 28.319368 36.593833 10.124162
    endloop
  endfacet
  facet normal -0.254046 0.924323 -0.284759
    outer loop
      vertex 28.619070 37.924767 9.912113
      vertex 27.542185 37.628790 9.912113
      vertex 27.502781 37.867954 10.723592
    endloop
  endfacet
  facet normal -0.254046 0.924323 -0.284759
    outer loop
      vertex 28.619070 37.924767 9.912113
      vertex 27.502781 37.867954 10.723592
      vertex 28.679078 38.191254 10.723592
    endloop
  endfacet
  facet normal 0.251943 -0.916672 0.310222
    outer loop
      vertex 27.778416 36.194945 9.384818
      vertex 28.259308 36.327116 9.384818
      vertex 28.319368 36.593833 10.124162
    endloop
  endfacet
  facet normal 0.251943 -0.916672 0.310222
    outer loop
      vertex 27.778416 36.194945 9.384818
      vertex 28.319368 36.593833 10.124162
      vertex 27.738979 36.434316 10.124162
    endloop
  endfacet
  facet normal -0.307217 0.908671 -0.282727
    outer loop
      vertex 27.542185 37.628790 9.912113
      vertex 26.459965 37.262898 9.912113
      vertex 26.320658 37.468285 10.723592
    endloop
  endfacet
  facet normal -0.307217 0.908671 -0.282727
    outer loop
      vertex 27.542185 37.628790 9.912113
      vertex 26.320658 37.468285 10.723592
      vertex 27.502781 37.867954 10.723592
    endloop
  endfacet
  facet normal 0.304709 -0.901255 0.308045
    outer loop
      vertex 27.295143 36.031553 9.384818
      vertex 27.778416 36.194945 9.384818
      vertex 27.738979 36.434316 10.124162
    endloop
  endfacet
  facet normal 0.304709 -0.901255 0.308045
    outer loop
      vertex 27.295143 36.031553 9.384818
      vertex 27.738979 36.434316 10.124162
      vertex 27.155715 36.237118 10.124162
    endloop
  endfacet
  facet normal -0.352087 0.891198 -0.286008
    outer loop
      vertex 26.459965 37.262898 9.912113
      vertex 25.442664 36.860991 9.912113
      vertex 25.209446 37.029277 10.723592
    endloop
  endfacet
  facet normal -0.352087 0.891198 -0.286008
    outer loop
      vertex 26.459965 37.262898 9.912113
      vertex 25.209446 37.029277 10.723592
      vertex 26.320658 37.468285 10.723592
    endloop
  endfacet
  facet normal 0.349147 -0.883757 0.311560
    outer loop
      vertex 26.840859 35.852078 9.384818
      vertex 27.295143 36.031553 9.384818
      vertex 27.155715 36.237118 10.124162
    endloop
  endfacet
  facet normal 0.349147 -0.883757 0.311560
    outer loop
      vertex 26.840859 35.852078 9.384818
      vertex 27.155715 36.237118 10.124162
      vertex 26.607439 36.020510 10.124162
    endloop
  endfacet
  facet normal -0.928600 0.135524 -0.345449
    outer loop
      vertex 25.209446 37.029277 10.723592
      vertex 25.046871 35.915327 10.723592
      vertex 24.759014 36.001750 11.531284
    endloop
  endfacet
  facet normal -0.928600 0.135524 -0.345449
    outer loop
      vertex 25.209446 37.029277 10.723592
      vertex 24.759014 36.001750 11.531284
      vertex 24.937604 37.225434 11.531284
    endloop
  endfacet
  facet normal 0.933506 -0.136240 0.331670
    outer loop
      vertex 26.527225 35.470883 10.124162
      vertex 26.607439 36.020510 10.124162
      vertex 26.370143 36.191739 10.862383
    endloop
  endfacet
  facet normal 0.933506 -0.136240 0.331670
    outer loop
      vertex 26.527225 35.470883 10.124162
      vertex 26.370143 36.191739 10.862383
      vertex 26.275948 35.546324 10.862383
    endloop
  endfacet
  facet normal -0.935073 0.089877 -0.342872
    outer loop
      vertex 25.046871 35.915327 10.723592
      vertex 24.936053 34.762390 10.723592
      vertex 24.637279 34.735239 11.531284
    endloop
  endfacet
  facet normal -0.935073 0.089877 -0.342872
    outer loop
      vertex 25.046871 35.915327 10.723592
      vertex 24.637279 34.735239 11.531284
      vertex 24.759014 36.001750 11.531284
    endloop
  endfacet
  facet normal 0.939939 -0.090345 0.329170
    outer loop
      vertex 26.472547 34.902020 10.124162
      vertex 26.527225 35.470883 10.124162
      vertex 26.275948 35.546324 10.862383
    endloop
  endfacet
  facet normal 0.939939 -0.090345 0.329170
    outer loop
      vertex 26.472547 34.902020 10.124162
      vertex 26.275948 35.546324 10.862383
      vertex 26.211741 34.878319 10.862383
    endloop
  endfacet
  facet normal -0.937495 0.042854 -0.345349
    outer loop
      vertex 24.936053 34.762390 10.723592
      vertex 24.884482 33.634196 10.723592
      vertex 24.580628 33.495907 11.531284
    endloop
  endfacet
  facet normal -0.937495 0.042854 -0.345349
    outer loop
      vertex 24.936053 34.762390 10.723592
      vertex 24.580628 33.495907 11.531284
      vertex 24.637279 34.735239 11.531284
    endloop
  endfacet
  facet normal 0.942445 -0.043080 0.331573
    outer loop
      vertex 26.447101 34.345365 10.124162
      vertex 26.472547 34.902020 10.124162
      vertex 26.211741 34.878319 10.862383
    endloop
  endfacet
  facet normal 0.942445 -0.043080 0.331573
    outer loop
      vertex 26.447101 34.345365 10.124162
      vertex 26.211741 34.878319 10.862383
      vertex 26.181861 34.224651 10.862383
    endloop
  endfacet
  facet normal -0.936809 0.017743 -0.349390
    outer loop
      vertex 24.884482 33.634196 10.723592
      vertex 24.864307 32.568988 10.723592
      vertex 24.558465 32.325767 11.531284
    endloop
  endfacet
  facet normal -0.936809 0.017743 -0.349390
    outer loop
      vertex 24.884482 33.634196 10.723592
      vertex 24.558465 32.325767 11.531284
      vertex 24.580628 33.495907 11.531284
    endloop
  endfacet
  facet normal 0.941873 -0.017839 0.335495
    outer loop
      vertex 26.437147 33.819788 10.124162
      vertex 26.447101 34.345365 10.124162
      vertex 26.181861 34.224651 10.862383
    endloop
  endfacet
  facet normal 0.941873 -0.017839 0.335495
    outer loop
      vertex 26.437147 33.819788 10.124162
      vertex 26.181861 34.224651 10.862383
      vertex 26.170171 33.607476 10.862383
    endloop
  endfacet
  facet normal -0.936362 0.012444 -0.350817
    outer loop
      vertex 24.864307 32.568988 10.723592
      vertex 24.850976 31.565847 10.723592
      vertex 24.543821 31.223809 11.531284
    endloop
  endfacet
  facet normal -0.936362 0.012444 -0.350817
    outer loop
      vertex 24.864307 32.568988 10.723592
      vertex 24.543821 31.223809 11.531284
      vertex 24.558465 32.325767 11.531284
    endloop
  endfacet
  facet normal 0.941465 -0.012511 0.336879
    outer loop
      vertex 26.430569 33.324835 10.124162
      vertex 26.437147 33.819788 10.124162
      vertex 26.170171 33.607476 10.862383
    endloop
  endfacet
  facet normal 0.941465 -0.012511 0.336879
    outer loop
      vertex 26.430569 33.324835 10.124162
      vertex 26.170171 33.607476 10.862383
      vertex 26.162447 33.026263 10.862383
    endloop
  endfacet
  facet normal -0.936829 0.016179 -0.349413
    outer loop
      vertex 24.850976 31.565847 10.723592
      vertex 24.834500 30.611867 10.723592
      vertex 24.525723 30.175853 11.531284
    endloop
  endfacet
  facet normal -0.936829 0.016179 -0.349413
    outer loop
      vertex 24.850976 31.565847 10.723592
      vertex 24.525723 30.175853 11.531284
      vertex 24.543821 31.223809 11.531284
    endloop
  endfacet
  facet normal 0.941894 -0.016266 0.335516
    outer loop
      vertex 26.422440 32.854138 10.124162
      vertex 26.430569 33.324835 10.124162
      vertex 26.162447 33.026263 10.862383
    endloop
  endfacet
  facet normal 0.941894 -0.016266 0.335516
    outer loop
      vertex 26.422440 32.854138 10.124162
      vertex 26.162447 33.026263 10.862383
      vertex 26.152902 32.473533 10.862383
    endloop
  endfacet
  facet normal -0.937833 0.022560 -0.346352
    outer loop
      vertex 24.834500 30.611867 10.723592
      vertex 24.812458 29.695549 10.723592
      vertex 24.501509 29.169270 11.531284
    endloop
  endfacet
  facet normal -0.937833 0.022560 -0.346352
    outer loop
      vertex 24.834500 30.611867 10.723592
      vertex 24.501509 29.169270 11.531284
      vertex 24.525723 30.175853 11.531284
    endloop
  endfacet
  facet normal 0.942814 -0.022680 0.332546
    outer loop
      vertex 26.411564 32.402024 10.124162
      vertex 26.422440 32.854138 10.124162
      vertex 26.152902 32.473533 10.862383
    endloop
  endfacet
  facet normal 0.942814 -0.022680 0.332546
    outer loop
      vertex 26.411564 32.402024 10.124162
      vertex 26.152902 32.473533 10.862383
      vertex 26.140130 31.942624 10.862383
    endloop
  endfacet
  facet normal -0.939045 0.029096 -0.342560
    outer loop
      vertex 24.812458 29.695549 10.723592
      vertex 24.784978 28.808662 10.723592
      vertex 24.471322 28.195017 11.531284
    endloop
  endfacet
  facet normal -0.939045 0.029096 -0.342560
    outer loop
      vertex 24.812458 29.695549 10.723592
      vertex 24.471322 28.195017 11.531284
      vertex 24.501509 29.169270 11.531284
    endloop
  endfacet
  facet normal 0.943923 -0.029247 0.328867
    outer loop
      vertex 26.398006 31.964431 10.124162
      vertex 26.411564 32.402024 10.124162
      vertex 26.140130 31.942624 10.862383
    endloop
  endfacet
  facet normal 0.943923 -0.029247 0.328867
    outer loop
      vertex 26.398006 31.964431 10.124162
      vertex 26.140130 31.942624 10.862383
      vertex 26.124209 31.428767 10.862383
    endloop
  endfacet
  facet normal 0.721550 -0.656864 -0.218849
    outer loop
      vertex 24.784978 28.808662 10.723592
      vertex 25.809059 29.933591 10.723592
      vertex 25.596284 29.430761 11.531284
    endloop
  endfacet
  facet normal 0.721550 -0.656864 -0.218849
    outer loop
      vertex 24.784978 28.808662 10.723592
      vertex 25.596284 29.430761 11.531284
      vertex 24.471322 28.195017 11.531284
    endloop
  endfacet
  facet normal -0.723073 0.658250 0.209457
    outer loop
      vertex 26.903290 32.519475 10.124162
      vertex 26.398006 31.964431 10.124162
      vertex 26.124209 31.428767 10.862383
    endloop
  endfacet
  facet normal -0.723073 0.658250 0.209457
    outer loop
      vertex 26.903290 32.519475 10.124162
      vertex 26.124209 31.428767 10.862383
      vertex 26.717554 32.080544 10.862383
    endloop
  endfacet
  facet normal 0.711358 -0.665246 -0.226752
    outer loop
      vertex 25.809059 29.933591 10.723592
      vertex 26.910109 31.110961 10.723592
      vertex 26.805796 30.724112 11.531284
    endloop
  endfacet
  facet normal 0.711358 -0.665246 -0.226752
    outer loop
      vertex 25.809059 29.933591 10.723592
      vertex 26.805796 30.724112 11.531284
      vertex 25.596284 29.430761 11.531284
    endloop
  endfacet
  facet normal -0.712970 0.666754 0.217054
    outer loop
      vertex 27.446552 33.100393 10.124162
      vertex 26.903290 32.519475 10.124162
      vertex 26.717554 32.080544 10.862383
    endloop
  endfacet
  facet normal -0.712970 0.666754 0.217054
    outer loop
      vertex 27.446552 33.100393 10.124162
      vertex 26.717554 32.080544 10.862383
      vertex 27.355496 32.762705 10.862383
    endloop
  endfacet
  facet normal 0.697337 -0.677346 -0.234358
    outer loop
      vertex 26.910109 31.110961 10.723592
      vertex 28.145415 32.382727 10.723592
      vertex 28.162791 32.121159 11.531284
    endloop
  endfacet
  facet normal 0.697337 -0.677346 -0.234358
    outer loop
      vertex 26.910109 31.110961 10.723592
      vertex 28.162791 32.121159 11.531284
      vertex 26.805796 30.724112 11.531284
    endloop
  endfacet
  facet normal -0.699026 0.678986 0.224370
    outer loop
      vertex 28.056056 33.727887 10.124162
      vertex 27.446552 33.100393 10.124162
      vertex 27.355496 32.762705 10.862383
    endloop
  endfacet
  facet normal -0.699026 0.678986 0.224370
    outer loop
      vertex 28.056056 33.727887 10.124162
      vertex 27.355496 32.762705 10.862383
      vertex 28.071224 33.499558 10.862383
    endloop
  endfacet
  facet normal 0.713719 -0.661715 -0.229649
    outer loop
      vertex 28.145415 32.382727 10.723592
      vertex 29.552767 33.900684 10.723592
      vertex 29.708779 33.788647 11.531284
    endloop
  endfacet
  facet normal 0.713719 -0.661715 -0.229649
    outer loop
      vertex 28.145415 32.382727 10.723592
      vertex 29.708779 33.788647 11.531284
      vertex 28.162791 32.121159 11.531284
    endloop
  endfacet
  facet normal -0.715378 0.663253 0.219840
    outer loop
      vertex 28.750449 34.476851 10.124162
      vertex 28.056056 33.727887 10.124162
      vertex 28.071224 33.499558 10.862383
    endloop
  endfacet
  facet normal -0.715378 0.663253 0.219840
    outer loop
      vertex 28.750449 34.476851 10.124162
      vertex 28.071224 33.499558 10.862383
      vertex 28.886635 34.379052 10.862383
    endloop
  endfacet
  facet normal 0.783149 -0.577201 -0.231337
    outer loop
      vertex 29.552767 33.900684 10.723592
      vertex 30.758561 35.536710 10.723592
      vertex 31.033354 35.585836 11.531284
    endloop
  endfacet
  facet normal 0.783149 -0.577201 -0.231337
    outer loop
      vertex 29.552767 33.900684 10.723592
      vertex 31.033354 35.585836 11.531284
      vertex 29.708779 33.788647 11.531284
    endloop
  endfacet
  facet normal -0.784996 0.578563 0.221463
    outer loop
      vertex 29.345391 35.284072 10.124162
      vertex 28.750449 34.476851 10.124162
      vertex 28.886635 34.379052 10.862383
    endloop
  endfacet
  facet normal -0.784996 0.578563 0.221463
    outer loop
      vertex 29.345391 35.284072 10.124162
      vertex 28.886635 34.379052 10.862383
      vertex 29.585264 35.326955 10.862383
    endloop
  endfacet
  facet normal 0.788704 -0.568601 -0.233750
    outer loop
      vertex 30.758561 35.536710 10.723592
      vertex 31.779433 36.952760 10.723592
      vertex 32.154791 37.141379 11.531284
    endloop
  endfacet
  facet normal 0.788704 -0.568601 -0.233750
    outer loop
      vertex 30.758561 35.536710 10.723592
      vertex 32.154791 37.141379 11.531284
      vertex 31.033354 35.585836 11.531284
    endloop
  endfacet
  facet normal -0.790604 0.569970 0.223784
    outer loop
      vertex 29.849093 35.982756 10.124162
      vertex 29.345391 35.284072 10.124162
      vertex 29.585264 35.326955 10.862383
    endloop
  endfacet
  facet normal -0.790604 0.569970 0.223784
    outer loop
      vertex 29.849093 35.982756 10.124162
      vertex 29.585264 35.326955 10.862383
      vertex 30.176751 36.147405 10.862383
    endloop
  endfacet
  facet normal 0.779439 -0.584387 -0.225758
    outer loop
      vertex 31.779433 36.952760 10.723592
      vertex 32.737997 38.231267 10.723592
      vertex 33.207782 38.545830 11.531284
    endloop
  endfacet
  facet normal 0.779439 -0.584387 -0.225758
    outer loop
      vertex 31.779433 36.952760 10.723592
      vertex 33.207782 38.545830 11.531284
      vertex 32.154791 37.141379 11.531284
    endloop
  endfacet
  facet normal -0.781190 0.585699 0.216098
    outer loop
      vertex 30.322052 36.613576 10.124162
      vertex 29.849093 35.982756 10.124162
      vertex 30.176751 36.147405 10.862383
    endloop
  endfacet
  facet normal -0.781190 0.585699 0.216098
    outer loop
      vertex 30.322052 36.613576 10.124162
      vertex 30.176751 36.147405 10.862383
      vertex 30.732137 36.888164 10.862383
    endloop
  endfacet
  facet normal 0.773386 -0.595275 -0.217996
    outer loop
      vertex 32.737997 38.231267 10.723592
      vertex 33.660400 39.429661 10.723592
      vertex 34.221049 39.862276 11.531284
    endloop
  endfacet
  facet normal 0.773386 -0.595275 -0.217996
    outer loop
      vertex 32.737997 38.231267 10.723592
      vertex 34.221049 39.862276 11.531284
      vertex 33.207782 38.545830 11.531284
    endloop
  endfacet
  facet normal -0.775005 0.596521 0.208637
    outer loop
      vertex 30.777168 37.204867 10.124162
      vertex 30.322052 36.613576 10.124162
      vertex 30.732137 36.888164 10.862383
    endloop
  endfacet
  facet normal -0.775005 0.596521 0.208637
    outer loop
      vertex 30.777168 37.204867 10.124162
      vertex 30.732137 36.888164 10.862383
      vertex 31.266571 37.582506 10.862383
    endloop
  endfacet
  facet normal -0.240074 0.915240 -0.323575
    outer loop
      vertex 33.660400 39.429661 10.723592
      vertex 32.751301 39.191198 10.723592
      vertex 33.222396 39.600322 11.531284
    endloop
  endfacet
  facet normal -0.240074 0.915240 -0.323575
    outer loop
      vertex 33.660400 39.429661 10.723592
      vertex 33.222396 39.600322 11.531284
      vertex 34.221049 39.862276 11.531284
    endloop
  endfacet
  facet normal 0.241186 -0.919478 0.310467
    outer loop
      vertex 30.328616 37.087209 10.124162
      vertex 30.777168 37.204867 10.124162
      vertex 31.266571 37.582506 10.862383
    endloop
  endfacet
  facet normal 0.241186 -0.919478 0.310467
    outer loop
      vertex 30.328616 37.087209 10.124162
      vertex 31.266571 37.582506 10.862383
      vertex 30.739845 37.444342 10.862383
    endloop
  endfacet
  facet normal -0.232863 0.915550 -0.327938
    outer loop
      vertex 32.751301 39.191198 10.723592
      vertex 31.809929 38.951767 10.723592
      vertex 32.188291 39.337305 11.531284
    endloop
  endfacet
  facet normal -0.232863 0.915550 -0.327938
    outer loop
      vertex 32.751301 39.191198 10.723592
      vertex 32.188291 39.337305 11.531284
      vertex 33.222396 39.600322 11.531284
    endloop
  endfacet
  facet normal 0.233971 -0.919905 0.314693
    outer loop
      vertex 29.864139 36.969073 10.124162
      vertex 30.328616 37.087209 10.124162
      vertex 30.739845 37.444342 10.862383
    endloop
  endfacet
  facet normal 0.233971 -0.919905 0.314693
    outer loop
      vertex 29.864139 36.969073 10.124162
      vertex 30.739845 37.444342 10.862383
      vertex 30.194420 37.305617 10.862383
    endloop
  endfacet
  facet normal -0.225223 0.916080 -0.331770
    outer loop
      vertex 31.809929 38.951767 10.723592
      vertex 30.826781 38.710055 10.723592
      vertex 31.108294 39.071783 11.531284
    endloop
  endfacet
  facet normal -0.225223 0.916080 -0.331770
    outer loop
      vertex 31.809929 38.951767 10.723592
      vertex 31.108294 39.071783 11.531284
      vertex 32.188291 39.337305 11.531284
    endloop
  endfacet
  facet normal 0.226320 -0.920542 0.318406
    outer loop
      vertex 29.379051 36.849811 10.124162
      vertex 29.864139 36.969073 10.124162
      vertex 30.194420 37.305617 10.862383
    endloop
  endfacet
  facet normal 0.226320 -0.920542 0.318406
    outer loop
      vertex 29.379051 36.849811 10.124162
      vertex 30.194420 37.305617 10.862383
      vertex 29.624790 37.165571 10.862383
    endloop
  endfacet
  facet normal -0.219513 0.916650 -0.334016
    outer loop
      vertex 30.826781 38.710055 10.723592
      vertex 29.788255 38.461356 10.723592
      vertex 29.967465 38.798585 11.531284
    endloop
  endfacet
  facet normal -0.219513 0.916650 -0.334016
    outer loop
      vertex 30.826781 38.710055 10.723592
      vertex 29.967465 38.798585 11.531284
      vertex 31.108294 39.071783 11.531284
    endloop
  endfacet
  facet normal 0.220597 -0.921175 0.320582
    outer loop
      vertex 28.866639 36.727102 10.124162
      vertex 29.379051 36.849811 10.124162
      vertex 29.624790 37.165571 10.862383
    endloop
  endfacet
  facet normal 0.220597 -0.921175 0.320582
    outer loop
      vertex 28.866639 36.727102 10.124162
      vertex 29.624790 37.165571 10.862383
      vertex 29.023075 37.021476 10.862383
    endloop
  endfacet
  facet normal -0.223097 0.916150 -0.333012
    outer loop
      vertex 29.788255 38.461356 10.723592
      vertex 28.679078 38.191254 10.723592
      vertex 28.749025 38.501876 11.531284
    endloop
  endfacet
  facet normal -0.223097 0.916150 -0.333012
    outer loop
      vertex 29.788255 38.461356 10.723592
      vertex 28.749025 38.501876 11.531284
      vertex 29.967465 38.798585 11.531284
    endloop
  endfacet
  facet normal 0.224191 -0.920646 0.319609
    outer loop
      vertex 28.319368 36.593833 10.124162
      vertex 28.866639 36.727102 10.124162
      vertex 29.023075 37.021476 10.862383
    endloop
  endfacet
  facet normal 0.224191 -0.920646 0.319609
    outer loop
      vertex 28.319368 36.593833 10.124162
      vertex 29.023075 37.021476 10.862383
      vertex 28.380425 36.864981 10.862383
    endloop
  endfacet
  facet normal -0.250305 0.910710 -0.328564
    outer loop
      vertex 28.679078 38.191254 10.723592
      vertex 27.502781 37.867954 10.723592
      vertex 27.456852 38.146728 11.531284
    endloop
  endfacet
  facet normal -0.250305 0.910710 -0.328564
    outer loop
      vertex 28.679078 38.191254 10.723592
      vertex 27.456852 38.146728 11.531284
      vertex 28.749025 38.501876 11.531284
    endloop
  endfacet
  facet normal 0.251500 -0.915060 0.315299
    outer loop
      vertex 27.738979 36.434316 10.124162
      vertex 28.319368 36.593833 10.124162
      vertex 28.380425 36.864981 10.862383
    endloop
  endfacet
  facet normal 0.251500 -0.915060 0.315299
    outer loop
      vertex 27.738979 36.434316 10.124162
      vertex 28.380425 36.864981 10.862383
      vertex 27.698886 36.677663 10.862383
    endloop
  endfacet
  facet normal -0.302755 0.895475 -0.326288
    outer loop
      vertex 27.502781 37.867954 10.723592
      vertex 26.320658 37.468285 10.723592
      vertex 26.158280 37.707688 11.531284
    endloop
  endfacet
  facet normal -0.302755 0.895475 -0.326288
    outer loop
      vertex 27.502781 37.867954 10.723592
      vertex 26.158280 37.707688 11.531284
      vertex 27.456852 38.146728 11.531284
    endloop
  endfacet
  facet normal 0.304181 -0.899692 0.313094
    outer loop
      vertex 27.155715 36.237118 10.124162
      vertex 27.738979 36.434316 10.124162
      vertex 27.698886 36.677663 10.862383
    endloop
  endfacet
  facet normal 0.304181 -0.899692 0.313094
    outer loop
      vertex 27.155715 36.237118 10.124162
      vertex 27.698886 36.677663 10.862383
      vertex 27.013972 36.446097 10.862383
    endloop
  endfacet
  facet normal -0.346857 0.877961 -0.329963
    outer loop
      vertex 26.320658 37.468285 10.723592
      vertex 25.209446 37.029277 10.723592
      vertex 24.937604 37.225434 11.531284
    endloop
  endfacet
  facet normal -0.346857 0.877961 -0.329963
    outer loop
      vertex 26.320658 37.468285 10.723592
      vertex 24.937604 37.225434 11.531284
      vertex 26.158280 37.707688 11.531284
    endloop
  endfacet
  facet normal 0.348528 -0.882190 0.316654
    outer loop
      vertex 26.607439 36.020510 10.124162
      vertex 27.155715 36.237118 10.124162
      vertex 27.013972 36.446097 10.862383
    endloop
  endfacet
  facet normal 0.348528 -0.882190 0.316654
    outer loop
      vertex 26.607439 36.020510 10.124162
      vertex 27.013972 36.446097 10.862383
      vertex 26.370143 36.191739 10.862383
    endloop
  endfacet
  facet normal -0.915729 0.133645 -0.378918
    outer loop
      vertex 24.937604 37.225434 11.531284
      vertex 24.759014 36.001750 11.531284
      vertex 24.441207 36.097165 12.332980
    endloop
  endfacet
  facet normal -0.915729 0.133645 -0.378918
    outer loop
      vertex 24.937604 37.225434 11.531284
      vertex 24.441207 36.097165 12.332980
      vertex 24.637477 37.442000 12.332980
    endloop
  endfacet
  facet normal 0.906006 -0.132226 0.402081
    outer loop
      vertex 26.275948 35.546324 10.862383
      vertex 26.370143 36.191739 10.862383
      vertex 26.074451 36.405105 11.598829
    endloop
  endfacet
  facet normal 0.906006 -0.132226 0.402081
    outer loop
      vertex 26.275948 35.546324 10.862383
      vertex 26.074451 36.405105 11.598829
      vertex 25.962837 35.640328 11.598829
    endloop
  endfacet
  facet normal -0.922301 0.088650 -0.376168
    outer loop
      vertex 24.759014 36.001750 11.531284
      vertex 24.637279 34.735239 11.531284
      vertex 24.307420 34.705263 12.332980
    endloop
  endfacet
  facet normal -0.922301 0.088650 -0.376168
    outer loop
      vertex 24.759014 36.001750 11.531284
      vertex 24.307420 34.705263 12.332980
      vertex 24.441207 36.097165 12.332980
    endloop
  endfacet
  facet normal 0.912647 -0.087722 0.399224
    outer loop
      vertex 26.211741 34.878319 10.862383
      vertex 26.275948 35.546324 10.862383
      vertex 25.962837 35.640328 11.598829
    endloop
  endfacet
  facet normal 0.912647 -0.087722 0.399224
    outer loop
      vertex 26.211741 34.878319 10.862383
      vertex 25.962837 35.640328 11.598829
      vertex 25.886755 34.848786 11.598829
    endloop
  endfacet
  facet normal -0.924509 0.042260 -0.378811
    outer loop
      vertex 24.637279 34.735239 11.531284
      vertex 24.580628 33.495907 11.531284
      vertex 24.245160 33.343231 12.332980
    endloop
  endfacet
  facet normal -0.924509 0.042260 -0.378811
    outer loop
      vertex 24.637279 34.735239 11.531284
      vertex 24.245160 33.343231 12.332980
      vertex 24.307420 34.705263 12.332980
    endloop
  endfacet
  facet normal 0.914698 -0.041812 0.401970
    outer loop
      vertex 26.181861 34.224651 10.862383
      vertex 26.211741 34.878319 10.862383
      vertex 25.886755 34.848786 11.598829
    endloop
  endfacet
  facet normal 0.914698 -0.041812 0.401970
    outer loop
      vertex 26.181861 34.224651 10.862383
      vertex 25.886755 34.848786 11.598829
      vertex 25.851349 34.074230 11.598829
    endloop
  endfacet
  facet normal -0.923533 0.017492 -0.383120
    outer loop
      vertex 24.580628 33.495907 11.531284
      vertex 24.558465 32.325767 11.531284
      vertex 24.220803 32.057241 12.332980
    endloop
  endfacet
  facet normal -0.923533 0.017492 -0.383120
    outer loop
      vertex 24.580628 33.495907 11.531284
      vertex 24.220803 32.057241 12.332980
      vertex 24.245160 33.343231 12.332980
    endloop
  endfacet
  facet normal 0.913512 -0.017302 0.406444
    outer loop
      vertex 26.170171 33.607476 10.862383
      vertex 26.181861 34.224651 10.862383
      vertex 25.851349 34.074230 11.598829
    endloop
  endfacet
  facet normal 0.913512 -0.017302 0.406444
    outer loop
      vertex 26.170171 33.607476 10.862383
      vertex 25.851349 34.074230 11.598829
      vertex 25.837498 33.342918 11.598829
    endloop
  endfacet
  facet normal -0.922985 0.012266 -0.384640
    outer loop
      vertex 24.558465 32.325767 11.531284
      vertex 24.543821 31.223809 11.531284
      vertex 24.204708 30.846183 12.332980
    endloop
  endfacet
  facet normal -0.922985 0.012266 -0.384640
    outer loop
      vertex 24.558465 32.325767 11.531284
      vertex 24.204708 30.846183 12.332980
      vertex 24.220803 32.057241 12.332980
    endloop
  endfacet
  facet normal 0.912892 -0.012132 0.408021
    outer loop
      vertex 26.162447 33.026263 10.862383
      vertex 26.170171 33.607476 10.862383
      vertex 25.837498 33.342918 11.598829
    endloop
  endfacet
  facet normal 0.912892 -0.012132 0.408021
    outer loop
      vertex 26.162447 33.026263 10.862383
      vertex 25.837498 33.342918 11.598829
      vertex 25.828346 32.654217 11.598829
    endloop
  endfacet
  facet normal -0.923551 0.015950 -0.383144
    outer loop
      vertex 24.543821 31.223809 11.531284
      vertex 24.525723 30.175853 11.531284
      vertex 24.184818 29.694474 12.332980
    endloop
  endfacet
  facet normal -0.923551 0.015950 -0.383144
    outer loop
      vertex 24.543821 31.223809 11.531284
      vertex 24.184818 29.694474 12.332980
      vertex 24.204708 30.846183 12.332980
    endloop
  endfacet
  facet normal 0.913529 -0.015777 0.406468
    outer loop
      vertex 26.152902 32.473533 10.862383
      vertex 26.162447 33.026263 10.862383
      vertex 25.828346 32.654217 11.598829
    endloop
  endfacet
  facet normal 0.913529 -0.015777 0.406468
    outer loop
      vertex 26.152902 32.473533 10.862383
      vertex 25.828346 32.654217 11.598829
      vertex 25.817035 31.999267 11.598829
    endloop
  endfacet
  facet normal -0.924768 0.022246 -0.379881
    outer loop
      vertex 24.525723 30.175853 11.531284
      vertex 24.501509 29.169270 11.531284
      vertex 24.158207 28.588235 12.332980
    endloop
  endfacet
  facet normal -0.924768 0.022246 -0.379881
    outer loop
      vertex 24.525723 30.175853 11.531284
      vertex 24.158207 28.588235 12.332980
      vertex 24.184818 29.694474 12.332980
    endloop
  endfacet
  facet normal 0.914900 -0.022009 0.403081
    outer loop
      vertex 26.140130 31.942624 10.862383
      vertex 26.152902 32.473533 10.862383
      vertex 25.817035 31.999267 11.598829
    endloop
  endfacet
  facet normal 0.914900 -0.022009 0.403081
    outer loop
      vertex 26.140130 31.942624 10.862383
      vertex 25.817035 31.999267 11.598829
      vertex 25.801901 31.370174 11.598829
    endloop
  endfacet
  facet normal -0.926242 0.028699 -0.375835
    outer loop
      vertex 24.501509 29.169270 11.531284
      vertex 24.471322 28.195017 11.531284
      vertex 24.125032 27.517525 12.332980
    endloop
  endfacet
  facet normal -0.926242 0.028699 -0.375835
    outer loop
      vertex 24.501509 29.169270 11.531284
      vertex 24.125032 27.517525 12.332980
      vertex 24.158207 28.588235 12.332980
    endloop
  endfacet
  facet normal 0.916564 -0.028399 0.398878
    outer loop
      vertex 26.124209 31.428767 10.862383
      vertex 26.140130 31.942624 10.862383
      vertex 25.801901 31.370174 11.598829
    endloop
  endfacet
  facet normal 0.916564 -0.028399 0.398878
    outer loop
      vertex 26.124209 31.428767 10.862383
      vertex 25.801901 31.370174 11.598829
      vertex 25.783035 30.761287 11.598829
    endloop
  endfacet
  facet normal 0.717486 -0.653164 -0.242055
    outer loop
      vertex 24.471322 28.195017 11.531284
      vertex 25.596284 29.430761 11.531284
      vertex 25.361370 28.875614 12.332980
    endloop
  endfacet
  facet normal 0.717486 -0.653164 -0.242055
    outer loop
      vertex 24.471322 28.195017 11.531284
      vertex 25.361370 28.875614 12.332980
      vertex 24.125032 27.517525 12.332980
    endloop
  endfacet
  facet normal -0.714348 0.650307 0.258473
    outer loop
      vertex 26.717554 32.080544 10.862383
      vertex 26.124209 31.428767 10.862383
      vertex 25.783035 30.761287 11.598829
    endloop
  endfacet
  facet normal -0.714348 0.650307 0.258473
    outer loop
      vertex 26.717554 32.080544 10.862383
      vertex 25.783035 30.761287 11.598829
      vertex 26.486112 31.533601 11.598829
    endloop
  endfacet
  facet normal 0.707060 -0.661226 -0.250693
    outer loop
      vertex 25.596284 29.430761 11.531284
      vertex 26.805796 30.724112 11.531284
      vertex 26.690631 30.297014 12.332980
    endloop
  endfacet
  facet normal 0.707060 -0.661226 -0.250693
    outer loop
      vertex 25.596284 29.430761 11.531284
      vertex 26.690631 30.297014 12.332980
      vertex 25.361370 28.875614 12.332980
    endloop
  endfacet
  facet normal -0.703744 0.658125 0.267611
    outer loop
      vertex 27.355496 32.762705 10.862383
      vertex 26.717554 32.080544 10.862383
      vertex 26.486112 31.533601 11.598829
    endloop
  endfacet
  facet normal -0.703744 0.658125 0.267611
    outer loop
      vertex 27.355496 32.762705 10.862383
      vertex 26.486112 31.533601 11.598829
      vertex 27.242032 32.341918 11.598829
    endloop
  endfacet
  facet normal 0.692838 -0.672976 -0.258995
    outer loop
      vertex 26.805796 30.724112 11.531284
      vertex 28.162791 32.121159 11.531284
      vertex 28.181975 31.832375 12.332980
    endloop
  endfacet
  facet normal 0.692838 -0.672976 -0.258995
    outer loop
      vertex 26.805796 30.724112 11.531284
      vertex 28.181975 31.832375 12.332980
      vertex 26.690631 30.297014 12.332980
    endloop
  endfacet
  facet normal -0.689372 0.669609 0.276387
    outer loop
      vertex 28.071224 33.499558 10.862383
      vertex 27.355496 32.762705 10.862383
      vertex 27.242032 32.341918 11.598829
    endloop
  endfacet
  facet normal -0.689372 0.669609 0.276387
    outer loop
      vertex 28.071224 33.499558 10.862383
      vertex 27.242032 32.341918 11.598829
      vertex 28.090125 33.215042 11.598829
    endloop
  endfacet
  facet normal 0.709296 -0.657614 -0.253856
    outer loop
      vertex 28.162791 32.121159 11.531284
      vertex 29.708779 33.788647 11.531284
      vertex 29.881024 33.664953 12.332980
    endloop
  endfacet
  facet normal 0.709296 -0.657614 -0.253856
    outer loop
      vertex 28.162791 32.121159 11.531284
      vertex 29.881024 33.664953 12.332980
      vertex 28.181975 31.832375 12.332980
    endloop
  endfacet
  facet normal -0.705886 0.654452 0.270955
    outer loop
      vertex 28.886635 34.379052 10.862383
      vertex 28.071224 33.499558 10.862383
      vertex 28.090125 33.215042 11.598829
    endloop
  endfacet
  facet normal -0.705886 0.654452 0.270955
    outer loop
      vertex 28.886635 34.379052 10.862383
      vertex 28.090125 33.215042 11.598829
      vertex 29.056334 34.257186 11.598829
    endloop
  endfacet
  facet normal 0.778225 -0.573572 -0.255698
    outer loop
      vertex 29.708779 33.788647 11.531284
      vertex 31.033354 35.585836 11.531284
      vertex 31.336738 35.640073 12.332980
    endloop
  endfacet
  facet normal 0.778225 -0.573572 -0.255698
    outer loop
      vertex 29.708779 33.788647 11.531284
      vertex 31.336738 35.640073 12.332980
      vertex 29.881024 33.664953 12.332980
    endloop
  endfacet
  facet normal -0.774429 0.570774 0.272903
    outer loop
      vertex 29.585264 35.326955 10.862383
      vertex 28.886635 34.379052 10.862383
      vertex 29.056334 34.257186 11.598829
    endloop
  endfacet
  facet normal -0.774429 0.570774 0.272903
    outer loop
      vertex 29.585264 35.326955 10.862383
      vertex 29.056334 34.257186 11.598829
      vertex 29.884165 35.380391 11.598829
    endloop
  endfacet
  facet normal 0.783642 -0.564951 -0.258331
    outer loop
      vertex 31.033354 35.585836 11.531284
      vertex 32.154791 37.141379 11.531284
      vertex 32.569204 37.349623 12.332980
    endloop
  endfacet
  facet normal 0.783642 -0.564951 -0.258331
    outer loop
      vertex 31.033354 35.585836 11.531284
      vertex 32.569204 37.349623 12.332980
      vertex 31.336738 35.640073 12.332980
    endloop
  endfacet
  facet normal -0.779742 0.562139 0.275686
    outer loop
      vertex 30.176751 36.147405 10.862383
      vertex 29.585264 35.326955 10.862383
      vertex 29.884165 35.380391 11.598829
    endloop
  endfacet
  facet normal -0.779742 0.562139 0.275686
    outer loop
      vertex 30.176751 36.147405 10.862383
      vertex 29.884165 35.380391 11.598829
      vertex 30.585040 36.352572 11.598829
    endloop
  endfacet
  facet normal 0.774770 -0.580886 -0.249606
    outer loop
      vertex 32.154791 37.141379 11.531284
      vertex 33.207782 38.545830 11.531284
      vertex 33.726446 38.893122 12.332980
    endloop
  endfacet
  facet normal 0.774770 -0.580886 -0.249606
    outer loop
      vertex 32.154791 37.141379 11.531284
      vertex 33.726446 38.893122 12.332980
      vertex 32.569204 37.349623 12.332980
    endloop
  endfacet
  facet normal -0.771168 0.578185 0.266462
    outer loop
      vertex 30.732137 36.888164 10.862383
      vertex 30.176751 36.147405 10.862383
      vertex 30.585040 36.352572 11.598829
    endloop
  endfacet
  facet normal -0.771168 0.578185 0.266462
    outer loop
      vertex 30.732137 36.888164 10.862383
      vertex 30.585040 36.352572 11.598829
      vertex 31.243136 37.230324 11.598829
    endloop
  endfacet
  facet normal 0.769063 -0.591947 -0.241122
    outer loop
      vertex 33.207782 38.545830 11.531284
      vertex 34.221049 39.862276 11.531284
      vertex 34.840032 40.339902 12.332980
    endloop
  endfacet
  facet normal 0.769063 -0.591947 -0.241122
    outer loop
      vertex 33.207782 38.545830 11.531284
      vertex 34.840032 40.339902 12.332980
      vertex 33.726446 38.893122 12.332980
    endloop
  endfacet
  facet normal -0.765725 0.589378 0.257485
    outer loop
      vertex 31.266571 37.582506 10.862383
      vertex 30.732137 36.888164 10.862383
      vertex 31.243136 37.230324 11.598829
    endloop
  endfacet
  facet normal -0.765725 0.589378 0.257485
    outer loop
      vertex 31.266571 37.582506 10.862383
      vertex 31.243136 37.230324 11.598829
      vertex 31.876407 38.053075 11.598829
    endloop
  endfacet
  facet normal -0.237147 0.904081 -0.355525
    outer loop
      vertex 34.221049 39.862276 11.531284
      vertex 33.222396 39.600322 11.531284
      vertex 33.742507 40.052014 12.332980
    endloop
  endfacet
  facet normal -0.237147 0.904081 -0.355525
    outer loop
      vertex 34.221049 39.862276 11.531284
      vertex 33.742507 40.052014 12.332980
      vertex 34.840032 40.339902 12.332980
    endloop
  endfacet
  facet normal 0.234926 -0.895614 0.377736
    outer loop
      vertex 30.739845 37.444342 10.862383
      vertex 31.266571 37.582506 10.862383
      vertex 31.876407 38.053075 11.598829
    endloop
  endfacet
  facet normal 0.234926 -0.895614 0.377736
    outer loop
      vertex 30.739845 37.444342 10.862383
      vertex 31.876407 38.053075 11.598829
      vertex 31.252270 37.889359 11.598829
    endloop
  endfacet
  facet normal -0.229948 0.904090 -0.360201
    outer loop
      vertex 33.222396 39.600322 11.531284
      vertex 32.188291 39.337305 11.531284
      vertex 32.606019 39.762957 12.332980
    endloop
  endfacet
  facet normal -0.229948 0.904090 -0.360201
    outer loop
      vertex 33.222396 39.600322 11.531284
      vertex 32.606019 39.762957 12.332980
      vertex 33.742507 40.052014 12.332980
    endloop
  endfacet
  facet normal 0.227739 -0.895402 0.382609
    outer loop
      vertex 30.194420 37.305617 10.862383
      vertex 30.739845 37.444342 10.862383
      vertex 31.252270 37.889359 11.598829
    endloop
  endfacet
  facet normal 0.227739 -0.895402 0.382609
    outer loop
      vertex 30.194420 37.305617 10.862383
      vertex 31.252270 37.889359 11.598829
      vertex 30.605976 37.724979 11.598829
    endloop
  endfacet
  facet normal -0.222339 0.904350 -0.364303
    outer loop
      vertex 32.188291 39.337305 11.531284
      vertex 31.108294 39.071783 11.531284
      vertex 31.419098 39.471146 12.332980
    endloop
  endfacet
  facet normal -0.222339 0.904350 -0.364303
    outer loop
      vertex 32.188291 39.337305 11.531284
      vertex 31.419098 39.471146 12.332980
      vertex 32.606019 39.762957 12.332980
    endloop
  endfacet
  facet normal 0.220154 -0.895463 0.386882
    outer loop
      vertex 29.624790 37.165571 10.862383
      vertex 30.194420 37.305617 10.862383
      vertex 30.605976 37.724979 11.598829
    endloop
  endfacet
  facet normal 0.220154 -0.895463 0.386882
    outer loop
      vertex 29.624790 37.165571 10.862383
      vertex 30.605976 37.724979 11.598829
      vertex 29.931001 37.559033 11.598829
    endloop
  endfacet
  facet normal -0.216665 0.904756 -0.366706
    outer loop
      vertex 31.108294 39.071783 11.531284
      vertex 29.967465 38.798585 11.531284
      vertex 30.165321 39.170900 12.332980
    endloop
  endfacet
  facet normal -0.216665 0.904756 -0.366706
    outer loop
      vertex 31.108294 39.071783 11.531284
      vertex 30.165321 39.170900 12.332980
      vertex 31.419098 39.471146 12.332980
    endloop
  endfacet
  facet normal 0.214508 -0.895750 0.389383
    outer loop
      vertex 29.023075 37.021476 10.862383
      vertex 29.624790 37.165571 10.862383
      vertex 29.931001 37.559033 11.598829
    endloop
  endfacet
  facet normal 0.214508 -0.895750 0.389383
    outer loop
      vertex 29.023075 37.021476 10.862383
      vertex 29.931001 37.559033 11.598829
      vertex 29.218007 37.388290 11.598829
    endloop
  endfacet
  facet normal -0.220219 0.904332 -0.365632
    outer loop
      vertex 29.967465 38.798585 11.531284
      vertex 28.749025 38.501876 11.531284
      vertex 28.826249 38.844816 12.332980
    endloop
  endfacet
  facet normal -0.220219 0.904332 -0.365632
    outer loop
      vertex 29.967465 38.798585 11.531284
      vertex 28.826249 38.844816 12.332980
      vertex 30.165321 39.170900 12.332980
    endloop
  endfacet
  facet normal 0.218039 -0.895382 0.388265
    outer loop
      vertex 28.380425 36.864981 10.862383
      vertex 29.023075 37.021476 10.862383
      vertex 29.218007 37.388290 11.598829
    endloop
  endfacet
  facet normal 0.218039 -0.895382 0.388265
    outer loop
      vertex 28.380425 36.864981 10.862383
      vertex 29.218007 37.388290 11.598829
      vertex 28.456508 37.202854 11.598829
    endloop
  endfacet
  facet normal -0.247160 0.899269 -0.360871
    outer loop
      vertex 28.749025 38.501876 11.531284
      vertex 27.456852 38.146728 11.531284
      vertex 27.406145 38.454506 12.332980
    endloop
  endfacet
  facet normal -0.247160 0.899269 -0.360871
    outer loop
      vertex 28.749025 38.501876 11.531284
      vertex 27.406145 38.454506 12.332980
      vertex 28.826249 38.844816 12.332980
    endloop
  endfacet
  facet normal 0.244776 -0.890596 0.383307
    outer loop
      vertex 27.698886 36.677663 10.862383
      vertex 28.380425 36.864981 10.862383
      vertex 28.456508 37.202854 11.598829
    endloop
  endfacet
  facet normal 0.244776 -0.890596 0.383307
    outer loop
      vertex 27.698886 36.677663 10.862383
      vertex 28.456508 37.202854 11.598829
      vertex 27.648928 36.980894 11.598829
    endloop
  endfacet
  facet normal -0.299003 0.884377 -0.358433
    outer loop
      vertex 27.456852 38.146728 11.531284
      vertex 26.158280 37.707688 11.531284
      vertex 25.979007 37.971999 12.332980
    endloop
  endfacet
  facet normal -0.299003 0.884377 -0.358433
    outer loop
      vertex 27.456852 38.146728 11.531284
      vertex 25.979007 37.971999 12.332980
      vertex 27.406145 38.454506 12.332980
    endloop
  endfacet
  facet normal 0.296158 -0.875961 0.380767
    outer loop
      vertex 27.013972 36.446097 10.862383
      vertex 27.698886 36.677663 10.862383
      vertex 27.648928 36.980894 11.598829
    endloop
  endfacet
  facet normal 0.296158 -0.875961 0.380767
    outer loop
      vertex 27.013972 36.446097 10.862383
      vertex 27.648928 36.980894 11.598829
      vertex 26.837348 36.706503 11.598829
    endloop
  endfacet
  facet normal -0.342463 0.866838 -0.362369
    outer loop
      vertex 26.158280 37.707688 11.531284
      vertex 24.937604 37.225434 11.531284
      vertex 24.637477 37.442000 12.332980
    endloop
  endfacet
  facet normal -0.342463 0.866838 -0.362369
    outer loop
      vertex 26.158280 37.707688 11.531284
      vertex 24.637477 37.442000 12.332980
      vertex 25.979007 37.971999 12.332980
    endloop
  endfacet
  facet normal 0.339133 -0.858409 0.384867
    outer loop
      vertex 26.370143 36.191739 10.862383
      vertex 27.013972 36.446097 10.862383
      vertex 26.837348 36.706503 11.598829
    endloop
  endfacet
  facet normal 0.339133 -0.858409 0.384867
    outer loop
      vertex 26.370143 36.191739 10.862383
      vertex 26.837348 36.706503 11.598829
      vertex 26.074451 36.405105 11.598829
    endloop
  endfacet
  facet normal -0.908364 0.132571 -0.396610
    outer loop
      vertex 24.637477 37.442000 12.332980
      vertex 24.441207 36.097165 12.332980
      vertex 24.109296 36.196814 13.126471
    endloop
  endfacet
  facet normal -0.908364 0.132571 -0.396610
    outer loop
      vertex 24.637477 37.442000 12.332980
      vertex 24.109296 36.196814 13.126471
      vertex 24.324033 37.668176 13.126471
    endloop
  endfacet
  facet normal 0.898517 -0.131133 0.418892
    outer loop
      vertex 25.962837 35.640328 11.598829
      vertex 26.074451 36.405105 11.598829
      vertex 25.764855 36.628504 12.332843
    endloop
  endfacet
  facet normal 0.898517 -0.131133 0.418892
    outer loop
      vertex 25.962837 35.640328 11.598829
      vertex 25.764855 36.628504 12.332843
      vertex 25.635001 35.738754 12.332843
    endloop
  endfacet
  facet normal -0.914989 0.087947 -0.393777
    outer loop
      vertex 24.441207 36.097165 12.332980
      vertex 24.307420 34.705263 12.332980
      vertex 23.962922 34.673956 13.126471
    endloop
  endfacet
  facet normal -0.914989 0.087947 -0.393777
    outer loop
      vertex 24.441207 36.097165 12.332980
      vertex 23.962922 34.673956 13.126471
      vertex 24.109296 36.196814 13.126471
    endloop
  endfacet
  facet normal 0.905209 -0.087007 0.415964
    outer loop
      vertex 25.886755 34.848786 11.598829
      vertex 25.962837 35.640328 11.598829
      vertex 25.635001 35.738754 12.332843
    endloop
  endfacet
  facet normal 0.905209 -0.087007 0.415964
    outer loop
      vertex 25.886755 34.848786 11.598829
      vertex 25.635001 35.738754 12.332843
      vertex 25.546487 34.817864 12.332843
    endloop
  endfacet
  facet normal -0.917077 0.041921 -0.396500
    outer loop
      vertex 24.307420 34.705263 12.332980
      vertex 24.245160 33.343231 12.332980
      vertex 23.894804 33.183779 13.126471
    endloop
  endfacet
  facet normal -0.917077 0.041921 -0.396500
    outer loop
      vertex 24.307420 34.705263 12.332980
      vertex 23.894804 33.183779 13.126471
      vertex 23.962922 34.673956 13.126471
    endloop
  endfacet
  facet normal 0.907141 -0.041466 0.418778
    outer loop
      vertex 25.851349 34.074230 11.598829
      vertex 25.886755 34.848786 11.598829
      vertex 25.546487 34.817864 12.332843
    endloop
  endfacet
  facet normal 0.907141 -0.041466 0.418778
    outer loop
      vertex 25.851349 34.074230 11.598829
      vertex 25.546487 34.817864 12.332843
      vertex 25.505295 33.916736 12.332843
    endloop
  endfacet
  facet normal -0.915942 0.017348 -0.400936
    outer loop
      vertex 24.245160 33.343231 12.332980
      vertex 24.220803 32.057241 12.332980
      vertex 23.868155 31.776798 13.126471
    endloop
  endfacet
  facet normal -0.915942 0.017348 -0.400936
    outer loop
      vertex 24.245160 33.343231 12.332980
      vertex 23.868155 31.776798 13.126471
      vertex 23.894804 33.183779 13.126471
    endloop
  endfacet
  facet normal 0.905798 -0.017156 0.423362
    outer loop
      vertex 25.837498 33.342918 11.598829
      vertex 25.851349 34.074230 11.598829
      vertex 25.505295 33.916736 12.332843
    endloop
  endfacet
  facet normal 0.905798 -0.017156 0.423362
    outer loop
      vertex 25.837498 33.342918 11.598829
      vertex 25.505295 33.916736 12.332843
      vertex 25.489180 33.065918 12.332843
    endloop
  endfacet
  facet normal -0.915339 0.012164 -0.402500
    outer loop
      vertex 24.220803 32.057241 12.332980
      vertex 24.204708 30.846183 12.332980
      vertex 23.850547 30.451799 13.126471
    endloop
  endfacet
  facet normal -0.915339 0.012164 -0.402500
    outer loop
      vertex 24.220803 32.057241 12.332980
      vertex 23.850547 30.451799 13.126471
      vertex 23.868155 31.776798 13.126471
    endloop
  endfacet
  facet normal 0.905124 -0.012029 0.424977
    outer loop
      vertex 25.828346 32.654217 11.598829
      vertex 25.837498 33.342918 11.598829
      vertex 25.489180 33.065918 12.332843
    endloop
  endfacet
  facet normal 0.905124 -0.012029 0.424977
    outer loop
      vertex 25.828346 32.654217 11.598829
      vertex 25.489180 33.065918 12.332843
      vertex 25.478532 32.264675 12.332843
    endloop
  endfacet
  facet normal -0.915959 0.015819 -0.400961
    outer loop
      vertex 24.204708 30.846183 12.332980
      vertex 24.184818 29.694474 12.332980
      vertex 23.828786 29.191734 13.126471
    endloop
  endfacet
  facet normal -0.915959 0.015819 -0.400961
    outer loop
      vertex 24.204708 30.846183 12.332980
      vertex 23.828786 29.191734 13.126471
      vertex 23.850547 30.451799 13.126471
    endloop
  endfacet
  facet normal 0.905814 -0.015643 0.423387
    outer loop
      vertex 25.817035 31.999267 11.598829
      vertex 25.828346 32.654217 11.598829
      vertex 25.478532 32.264675 12.332843
    endloop
  endfacet
  facet normal 0.905814 -0.015643 0.423387
    outer loop
      vertex 25.817035 31.999267 11.598829
      vertex 25.478532 32.264675 12.332843
      vertex 25.465373 31.502699 12.332843
    endloop
  endfacet
  facet normal -0.917293 0.022066 -0.397601
    outer loop
      vertex 24.184818 29.694474 12.332980
      vertex 24.158207 28.588235 12.332980
      vertex 23.799671 27.981415 13.126471
    endloop
  endfacet
  facet normal -0.917293 0.022066 -0.397601
    outer loop
      vertex 24.184818 29.694474 12.332980
      vertex 23.799671 27.981415 13.126471
      vertex 23.828786 29.191734 13.126471
    endloop
  endfacet
  facet normal 0.907300 -0.021826 0.419917
    outer loop
      vertex 25.801901 31.370174 11.598829
      vertex 25.817035 31.999267 11.598829
      vertex 25.465373 31.502699 12.332843
    endloop
  endfacet
  facet normal 0.907300 -0.021826 0.419917
    outer loop
      vertex 25.801901 31.370174 11.598829
      vertex 25.465373 31.502699 12.332843
      vertex 25.447767 30.770804 12.332843
    endloop
  endfacet
  facet normal -0.918912 0.028472 -0.393434
    outer loop
      vertex 24.158207 28.588235 12.332980
      vertex 24.125032 27.517525 12.332980
      vertex 23.763374 26.809969 13.126471
    endloop
  endfacet
  facet normal -0.918912 0.028472 -0.393434
    outer loop
      vertex 24.158207 28.588235 12.332980
      vertex 23.763374 26.809969 13.126471
      vertex 23.799671 27.981415 13.126471
    endloop
  endfacet
  facet normal 0.909107 -0.028168 0.415609
    outer loop
      vertex 25.783035 30.761287 11.598829
      vertex 25.801901 31.370174 11.598829
      vertex 25.447767 30.770804 12.332843
    endloop
  endfacet
  facet normal 0.909107 -0.028168 0.415609
    outer loop
      vertex 25.783035 30.761287 11.598829
      vertex 25.447767 30.770804 12.332843
      vertex 25.425818 30.062417 12.332843
    endloop
  endfacet
  facet normal 0.715114 -0.651005 -0.254567
    outer loop
      vertex 24.125032 27.517525 12.332980
      vertex 25.361370 28.875614 12.332980
      vertex 25.116032 28.295832 13.126471
    endloop
  endfacet
  facet normal 0.715114 -0.651005 -0.254567
    outer loop
      vertex 24.125032 27.517525 12.332980
      vertex 25.116032 28.295832 13.126471
      vertex 23.763374 26.809969 13.126471
    endloop
  endfacet
  facet normal -0.711890 0.648070 0.270590
    outer loop
      vertex 26.486112 31.533601 11.598829
      vertex 25.783035 30.761287 11.598829
      vertex 25.425818 30.062417 12.332843
    endloop
  endfacet
  facet normal -0.711890 0.648070 0.270590
    outer loop
      vertex 26.486112 31.533601 11.598829
      vertex 25.425818 30.062417 12.332843
      vertex 26.243786 30.960936 12.332843
    endloop
  endfacet
  facet normal 0.704553 -0.658882 -0.263588
    outer loop
      vertex 25.361370 28.875614 12.332980
      vertex 26.690631 30.297014 12.332980
      vertex 26.570355 29.850963 13.126471
    endloop
  endfacet
  facet normal 0.704553 -0.658882 -0.263588
    outer loop
      vertex 25.361370 28.875614 12.332980
      vertex 26.570355 29.850963 13.126471
      vertex 25.116032 28.295832 13.126471
    endloop
  endfacet
  facet normal -0.701149 0.655699 0.280088
    outer loop
      vertex 27.242032 32.341918 11.598829
      vertex 26.486112 31.533601 11.598829
      vertex 26.243786 30.960936 12.332843
    endloop
  endfacet
  facet normal -0.701149 0.655699 0.280088
    outer loop
      vertex 27.242032 32.341918 11.598829
      vertex 26.243786 30.960936 12.332843
      vertex 27.123232 31.901342 12.332843
    endloop
  endfacet
  facet normal 0.690218 -0.670431 -0.272252
    outer loop
      vertex 26.690631 30.297014 12.332980
      vertex 28.181975 31.832375 12.332980
      vertex 28.202010 31.530776 13.126471
    endloop
  endfacet
  facet normal 0.690218 -0.670431 -0.272252
    outer loop
      vertex 26.690631 30.297014 12.332980
      vertex 28.202010 31.530776 13.126471
      vertex 26.570355 29.850963 13.126471
    endloop
  endfacet
  facet normal -0.686662 0.666976 0.289202
    outer loop
      vertex 28.090125 33.215042 11.598829
      vertex 27.242032 32.341918 11.598829
      vertex 27.123232 31.901342 12.332843
    endloop
  endfacet
  facet normal -0.686662 0.666976 0.289202
    outer loop
      vertex 28.090125 33.215042 11.598829
      vertex 27.123232 31.901342 12.332843
      vertex 28.109914 32.917145 12.332843
    endloop
  endfacet
  facet normal 0.706719 -0.655224 -0.266889
    outer loop
      vertex 28.181975 31.832375 12.332980
      vertex 29.881024 33.664953 12.332980
      vertex 30.060912 33.535771 13.126471
    endloop
  endfacet
  facet normal 0.706719 -0.655224 -0.266889
    outer loop
      vertex 28.181975 31.832375 12.332980
      vertex 30.060912 33.535771 13.126471
      vertex 28.202010 31.530776 13.126471
    endloop
  endfacet
  facet normal -0.703218 0.651979 0.283561
    outer loop
      vertex 29.056334 34.257186 11.598829
      vertex 28.090125 33.215042 11.598829
      vertex 28.109914 32.917145 12.332843
    endloop
  endfacet
  facet normal -0.703218 0.651979 0.283561
    outer loop
      vertex 29.056334 34.257186 11.598829
      vertex 28.109914 32.917145 12.332843
      vertex 29.234014 34.129589 12.332843
    endloop
  endfacet
  facet normal 0.775356 -0.571457 -0.268812
    outer loop
      vertex 29.881024 33.664953 12.332980
      vertex 31.336738 35.640073 12.332980
      vertex 31.653586 35.696717 13.126471
    endloop
  endfacet
  facet normal 0.775356 -0.571457 -0.268812
    outer loop
      vertex 29.881024 33.664953 12.332980
      vertex 31.653586 35.696717 13.126471
      vertex 30.060912 33.535771 13.126471
    endloop
  endfacet
  facet normal -0.771461 0.568586 0.285584
    outer loop
      vertex 29.884165 35.380391 11.598829
      vertex 29.056334 34.257186 11.598829
      vertex 29.234014 34.129589 12.332843
    endloop
  endfacet
  facet normal -0.771461 0.568586 0.285584
    outer loop
      vertex 29.884165 35.380391 11.598829
      vertex 29.234014 34.129589 12.332843
      vertex 30.197123 35.436340 12.332843
    endloop
  endfacet
  facet normal 0.780694 -0.562826 -0.271560
    outer loop
      vertex 31.336738 35.640073 12.332980
      vertex 32.569204 37.349623 12.332980
      vertex 33.002006 37.567108 13.126471
    endloop
  endfacet
  facet normal 0.780694 -0.562826 -0.271560
    outer loop
      vertex 31.336738 35.640073 12.332980
      vertex 33.002006 37.567108 13.126471
      vertex 31.653586 35.696717 13.126471
    endloop
  endfacet
  facet normal -0.776692 0.559940 0.288473
    outer loop
      vertex 30.585040 36.352572 11.598829
      vertex 29.884165 35.380391 11.598829
      vertex 30.197123 35.436340 12.332843
    endloop
  endfacet
  facet normal -0.776692 0.559940 0.288473
    outer loop
      vertex 30.585040 36.352572 11.598829
      vertex 30.197123 35.436340 12.332843
      vertex 31.012529 36.567387 12.332843
    endloop
  endfacet
  facet normal 0.772048 -0.578844 -0.262453
    outer loop
      vertex 32.569204 37.349623 12.332980
      vertex 33.726446 38.893122 12.332980
      vertex 34.268126 39.255826 13.126471
    endloop
  endfacet
  facet normal 0.772048 -0.578844 -0.262453
    outer loop
      vertex 32.569204 37.349623 12.332980
      vertex 34.268126 39.255826 13.126471
      vertex 33.002006 37.567108 13.126471
    endloop
  endfacet
  facet normal -0.768349 0.576071 0.278894
    outer loop
      vertex 31.243136 37.230324 11.598829
      vertex 30.585040 36.352572 11.598829
      vertex 31.012529 36.567387 12.332843
    endloop
  endfacet
  facet normal -0.768349 0.576071 0.278894
    outer loop
      vertex 31.243136 37.230324 11.598829
      vertex 31.012529 36.567387 12.332843
      vertex 31.778166 37.588575 12.332843
    endloop
  endfacet
  facet normal 0.766541 -0.590006 -0.253592
    outer loop
      vertex 33.726446 38.893122 12.332980
      vertex 34.840032 40.339902 12.332980
      vertex 35.486482 40.838725 13.126471
    endloop
  endfacet
  facet normal 0.766541 -0.590006 -0.253592
    outer loop
      vertex 33.726446 38.893122 12.332980
      vertex 35.486482 40.838725 13.126471
      vertex 34.268126 39.255826 13.126471
    endloop
  endfacet
  facet normal -0.763110 0.587366 0.269563
    outer loop
      vertex 31.876407 38.053075 11.598829
      vertex 31.243136 37.230324 11.598829
      vertex 31.778166 37.588575 12.332843
    endloop
  endfacet
  facet normal -0.763110 0.587366 0.269563
    outer loop
      vertex 31.876407 38.053075 11.598829
      vertex 31.778166 37.588575 12.332843
      vertex 32.514921 38.545773 12.332843
    endloop
  endfacet
  facet normal -0.235466 0.897671 -0.372482
    outer loop
      vertex 34.840032 40.339902 12.332980
      vertex 33.742507 40.052014 12.332980
      vertex 34.285698 40.523750 13.126471
    endloop
  endfacet
  facet normal -0.235466 0.897671 -0.372482
    outer loop
      vertex 34.840032 40.339902 12.332980
      vertex 34.285698 40.523750 13.126471
      vertex 35.486482 40.838725 13.126471
    endloop
  endfacet
  facet normal 0.233210 -0.889071 0.393910
    outer loop
      vertex 31.252270 37.889359 11.598829
      vertex 31.876407 38.053075 11.598829
      vertex 32.514921 38.545773 12.332843
    endloop
  endfacet
  facet normal 0.233210 -0.889071 0.393910
    outer loop
      vertex 31.252270 37.889359 11.598829
      vertex 32.514921 38.545773 12.332843
      vertex 31.788793 38.355304 12.332843
    endloop
  endfacet
  facet normal -0.228275 0.897512 -0.377310
    outer loop
      vertex 33.742507 40.052014 12.332980
      vertex 32.606019 39.762957 12.332980
      vertex 33.042286 40.207498 13.126471
    endloop
  endfacet
  facet normal -0.228275 0.897512 -0.377310
    outer loop
      vertex 33.742507 40.052014 12.332980
      vertex 33.042286 40.207498 13.126471
      vertex 34.285698 40.523750 13.126471
    endloop
  endfacet
  facet normal 0.226032 -0.888693 0.398917
    outer loop
      vertex 30.605976 37.724979 11.598829
      vertex 31.252270 37.889359 11.598829
      vertex 31.788793 38.355304 12.332843
    endloop
  endfacet
  facet normal 0.226032 -0.888693 0.398917
    outer loop
      vertex 30.605976 37.724979 11.598829
      vertex 31.788793 38.355304 12.332843
      vertex 31.036886 38.164062 12.332843
    endloop
  endfacet
  facet normal -0.220685 0.897620 -0.381544
    outer loop
      vertex 32.606019 39.762957 12.332980
      vertex 31.419098 39.471146 12.332980
      vertex 31.743694 39.888232 13.126471
    endloop
  endfacet
  facet normal -0.220685 0.897620 -0.381544
    outer loop
      vertex 32.606019 39.762957 12.332980
      vertex 31.743694 39.888232 13.126471
      vertex 33.042286 40.207498 13.126471
    endloop
  endfacet
  facet normal 0.218468 -0.888604 0.403304
    outer loop
      vertex 29.931001 37.559033 11.598829
      vertex 30.605976 37.724979 11.598829
      vertex 31.036886 38.164062 12.332843
    endloop
  endfacet
  facet normal 0.218468 -0.888604 0.403304
    outer loop
      vertex 29.931001 37.559033 11.598829
      vertex 31.036886 38.164062 12.332843
      vertex 30.251612 37.970999 12.332843
    endloop
  endfacet
  facet normal -0.215031 0.897936 -0.384022
    outer loop
      vertex 31.419098 39.471146 12.332980
      vertex 30.165321 39.170900 12.332980
      vertex 30.371957 39.559738 13.126471
    endloop
  endfacet
  facet normal -0.215031 0.897936 -0.384022
    outer loop
      vertex 31.419098 39.471146 12.332980
      vertex 30.371957 39.559738 13.126471
      vertex 31.743694 39.888232 13.126471
    endloop
  endfacet
  facet normal 0.212844 -0.888800 0.405871
    outer loop
      vertex 29.218007 37.388290 11.598829
      vertex 29.931001 37.559033 11.598829
      vertex 30.251612 37.970999 12.332843
    endloop
  endfacet
  facet normal 0.212844 -0.888800 0.405871
    outer loop
      vertex 29.218007 37.388290 11.598829
      vertex 30.251612 37.970999 12.332843
      vertex 29.422106 37.772354 12.332843
    endloop
  endfacet
  facet normal -0.218568 0.897555 -0.382914
    outer loop
      vertex 30.165321 39.170900 12.332980
      vertex 28.826249 38.844816 12.332980
      vertex 28.906900 39.202974 13.126471
    endloop
  endfacet
  facet normal -0.218568 0.897555 -0.382914
    outer loop
      vertex 30.165321 39.170900 12.332980
      vertex 28.906900 39.202974 13.126471
      vertex 30.371957 39.559738 13.126471
    endloop
  endfacet
  facet normal 0.216357 -0.888475 0.404724
    outer loop
      vertex 28.456508 37.202854 11.598829
      vertex 29.218007 37.388290 11.598829
      vertex 29.422106 37.772354 12.332843
    endloop
  endfacet
  facet normal 0.216357 -0.888475 0.404724
    outer loop
      vertex 28.456508 37.202854 11.598829
      vertex 29.422106 37.772354 12.332843
      vertex 28.536169 37.556615 12.332843
    endloop
  endfacet
  facet normal -0.245355 0.892702 -0.378001
    outer loop
      vertex 28.826249 38.844816 12.332980
      vertex 27.406145 38.454506 12.332980
      vertex 27.353187 38.775943 13.126471
    endloop
  endfacet
  facet normal -0.245355 0.892702 -0.378001
    outer loop
      vertex 28.826249 38.844816 12.332980
      vertex 27.353187 38.775943 13.126471
      vertex 28.906900 39.202974 13.126471
    endloop
  endfacet
  facet normal 0.242935 -0.883898 0.399633
    outer loop
      vertex 27.648928 36.980894 11.598829
      vertex 28.456508 37.202854 11.598829
      vertex 28.536169 37.556615 12.332843
    endloop
  endfacet
  facet normal 0.242935 -0.883898 0.399633
    outer loop
      vertex 27.648928 36.980894 11.598829
      vertex 28.536169 37.556615 12.332843
      vertex 27.596620 37.298384 12.332843
    endloop
  endfacet
  facet normal -0.296849 0.878005 -0.375484
    outer loop
      vertex 27.406145 38.454506 12.332980
      vertex 25.979007 37.971999 12.332980
      vertex 25.791778 38.248040 13.126471
    endloop
  endfacet
  facet normal -0.296849 0.878005 -0.375484
    outer loop
      vertex 27.406145 38.454506 12.332980
      vertex 25.791778 38.248040 13.126471
      vertex 27.353187 38.775943 13.126471
    endloop
  endfacet
  facet normal 0.293959 -0.869459 0.397024
    outer loop
      vertex 26.837348 36.706503 11.598829
      vertex 27.648928 36.980894 11.598829
      vertex 27.596620 37.298384 12.332843
    endloop
  endfacet
  facet normal 0.293959 -0.869459 0.397024
    outer loop
      vertex 26.837348 36.706503 11.598829
      vertex 27.596620 37.298384 12.332843
      vertex 26.652418 36.979155 12.332843
    endloop
  endfacet
  facet normal -0.339941 0.860456 -0.379547
    outer loop
      vertex 25.979007 37.971999 12.332980
      vertex 24.637477 37.442000 12.332980
      vertex 24.324033 37.668176 13.126471
    endloop
  endfacet
  facet normal -0.339941 0.860456 -0.379547
    outer loop
      vertex 25.979007 37.971999 12.332980
      vertex 24.324033 37.668176 13.126471
      vertex 25.791778 38.248040 13.126471
    endloop
  endfacet
  facet normal 0.336562 -0.851901 0.401236
    outer loop
      vertex 26.074451 36.405105 11.598829
      vertex 26.837348 36.706503 11.598829
      vertex 26.652418 36.979155 12.332843
    endloop
  endfacet
  facet normal 0.336562 -0.851901 0.401236
    outer loop
      vertex 26.074451 36.405105 11.598829
      vertex 26.652418 36.979155 12.332843
      vertex 25.764855 36.628504 12.332843
    endloop
  endfacet
  facet normal -0.909096 0.132677 -0.394894
    outer loop
      vertex 24.324033 37.668176 13.126471
      vertex 24.109296 36.196814 13.126471
      vertex 23.783420 36.294651 13.909548
    endloop
  endfacet
  facet normal -0.909096 0.132677 -0.394894
    outer loop
      vertex 24.324033 37.668176 13.126471
      vertex 23.783420 36.294651 13.909548
      vertex 24.016287 37.890239 13.909548
    endloop
  endfacet
  facet normal 0.900302 -0.131394 0.414960
    outer loop
      vertex 25.635001 35.738754 12.332843
      vertex 25.764855 36.628504 12.332843
      vertex 25.460059 36.848439 13.063772
    endloop
  endfacet
  facet normal 0.900302 -0.131394 0.414960
    outer loop
      vertex 25.635001 35.738754 12.332843
      vertex 25.460059 36.848439 13.063772
      vertex 25.312249 35.835653 13.063772
    endloop
  endfacet
  facet normal -0.915715 0.088017 -0.392069
    outer loop
      vertex 24.109296 36.196814 13.126471
      vertex 23.962922 34.673956 13.126471
      vertex 23.624688 34.643219 13.909548
    endloop
  endfacet
  facet normal -0.915715 0.088017 -0.392069
    outer loop
      vertex 24.109296 36.196814 13.126471
      vertex 23.624688 34.643219 13.909548
      vertex 23.783420 36.294651 13.909548
    endloop
  endfacet
  facet normal 0.906982 -0.087177 0.412048
    outer loop
      vertex 25.546487 34.817864 12.332843
      vertex 25.635001 35.738754 12.332843
      vertex 25.312249 35.835653 13.063772
    endloop
  endfacet
  facet normal 0.906982 -0.087177 0.412048
    outer loop
      vertex 25.546487 34.817864 12.332843
      vertex 25.312249 35.835653 13.063772
      vertex 25.211495 34.787421 13.063772
    endloop
  endfacet
  facet normal -0.917815 0.041954 -0.394784
    outer loop
      vertex 23.962922 34.673956 13.126471
      vertex 23.894804 33.183779 13.126471
      vertex 23.550819 33.027227 13.909548
    endloop
  endfacet
  facet normal -0.917815 0.041954 -0.394784
    outer loop
      vertex 23.962922 34.673956 13.126471
      vertex 23.550819 33.027227 13.909548
      vertex 23.624688 34.643219 13.909548
    endloop
  endfacet
  facet normal 0.908942 -0.041549 0.414846
    outer loop
      vertex 25.505295 33.916736 12.332843
      vertex 25.546487 34.817864 12.332843
      vertex 25.211495 34.787421 13.063772
    endloop
  endfacet
  facet normal 0.908942 -0.041549 0.414846
    outer loop
      vertex 25.505295 33.916736 12.332843
      vertex 25.211495 34.787421 13.063772
      vertex 25.164607 33.761685 13.063772
    endloop
  endfacet
  facet normal -0.916696 0.017362 -0.399209
    outer loop
      vertex 23.894804 33.183779 13.126471
      vertex 23.868155 31.776798 13.126471
      vertex 23.521920 31.501455 13.909548
    endloop
  endfacet
  facet normal -0.916696 0.017362 -0.399209
    outer loop
      vertex 23.894804 33.183779 13.126471
      vertex 23.521920 31.501455 13.909548
      vertex 23.550819 33.027227 13.909548
    endloop
  endfacet
  facet normal 0.907637 -0.017191 0.419405
    outer loop
      vertex 25.489180 33.065918 12.332843
      vertex 25.505295 33.916736 12.332843
      vertex 25.164607 33.761685 13.063772
    endloop
  endfacet
  facet normal 0.907637 -0.017191 0.419405
    outer loop
      vertex 25.489180 33.065918 12.332843
      vertex 25.164607 33.761685 13.063772
      vertex 25.146264 32.793214 13.063772
    endloop
  endfacet
  facet normal -0.916098 0.012174 -0.400769
    outer loop
      vertex 23.868155 31.776798 13.126471
      vertex 23.850547 30.451799 13.126471
      vertex 23.502825 30.064587 13.909548
    endloop
  endfacet
  facet normal -0.916098 0.012174 -0.400769
    outer loop
      vertex 23.868155 31.776798 13.126471
      vertex 23.502825 30.064587 13.909548
      vertex 23.521920 31.501455 13.909548
    endloop
  endfacet
  facet normal 0.906975 -0.012053 0.421011
    outer loop
      vertex 25.478532 32.264675 12.332843
      vertex 25.489180 33.065918 12.332843
      vertex 25.146264 32.793214 13.063772
    endloop
  endfacet
  facet normal 0.906975 -0.012053 0.421011
    outer loop
      vertex 25.478532 32.264675 12.332843
      vertex 25.146264 32.793214 13.063772
      vertex 25.134144 31.881175 13.063772
    endloop
  endfacet
  facet normal -0.916713 0.015832 -0.399233
    outer loop
      vertex 23.850547 30.451799 13.126471
      vertex 23.828786 29.191734 13.126471
      vertex 23.479227 28.698134 13.909548
    endloop
  endfacet
  facet normal -0.916713 0.015832 -0.399233
    outer loop
      vertex 23.850547 30.451799 13.126471
      vertex 23.479227 28.698134 13.909548
      vertex 23.502825 30.064587 13.909548
    endloop
  endfacet
  facet normal 0.907652 -0.015675 0.419430
    outer loop
      vertex 25.465373 31.502699 12.332843
      vertex 25.478532 32.264675 12.332843
      vertex 25.134144 31.881175 13.063772
    endloop
  endfacet
  facet normal 0.907652 -0.015675 0.419430
    outer loop
      vertex 25.465373 31.502699 12.332843
      vertex 25.134144 31.881175 13.063772
      vertex 25.119165 31.013831 13.063772
    endloop
  endfacet
  facet normal -0.918035 0.022084 -0.395883
    outer loop
      vertex 23.828786 29.191734 13.126471
      vertex 23.799671 27.981415 13.126471
      vertex 23.447653 27.385628 13.909548
    endloop
  endfacet
  facet normal -0.918035 0.022084 -0.395883
    outer loop
      vertex 23.828786 29.191734 13.126471
      vertex 23.447653 27.385628 13.909548
      vertex 23.479227 28.698134 13.909548
    endloop
  endfacet
  facet normal 0.909112 -0.021869 0.415978
    outer loop
      vertex 25.447767 30.770804 12.332843
      vertex 25.465373 31.502699 12.332843
      vertex 25.119165 31.013831 13.063772
    endloop
  endfacet
  facet normal 0.909112 -0.021869 0.415978
    outer loop
      vertex 25.447767 30.770804 12.332843
      vertex 25.119165 31.013831 13.063772
      vertex 25.099124 30.180729 13.063772
    endloop
  endfacet
  facet normal -0.919640 0.028494 -0.391727
    outer loop
      vertex 23.799671 27.981415 13.126471
      vertex 23.763374 26.809969 13.126471
      vertex 23.408293 26.115277 13.909548
    endloop
  endfacet
  facet normal -0.919640 0.028494 -0.391727
    outer loop
      vertex 23.799671 27.981415 13.126471
      vertex 23.408293 26.115277 13.909548
      vertex 23.447653 27.385628 13.909548
    endloop
  endfacet
  facet normal 0.910885 -0.028223 0.411695
    outer loop
      vertex 25.425818 30.062417 12.332843
      vertex 25.447767 30.770804 12.332843
      vertex 25.099124 30.180729 13.063772
    endloop
  endfacet
  facet normal 0.910885 -0.028223 0.411695
    outer loop
      vertex 25.425818 30.062417 12.332843
      vertex 25.099124 30.180729 13.063772
      vertex 25.074140 29.374385 13.063772
    endloop
  endfacet
  facet normal 0.715351 -0.651221 -0.253346
    outer loop
      vertex 23.763374 26.809969 13.126471
      vertex 25.116032 28.295832 13.126471
      vertex 24.875155 27.726592 13.909548
    endloop
  endfacet
  facet normal 0.715351 -0.651221 -0.253346
    outer loop
      vertex 23.763374 26.809969 13.126471
      vertex 24.875155 27.726592 13.909548
      vertex 23.408293 26.115277 13.909548
    endloop
  endfacet
  facet normal -0.712479 0.648606 0.267739
    outer loop
      vertex 26.243786 30.960936 12.332843
      vertex 25.425818 30.062417 12.332843
      vertex 25.074140 29.374385 13.063772
    endloop
  endfacet
  facet normal -0.712479 0.648606 0.267739
    outer loop
      vertex 26.243786 30.960936 12.332843
      vertex 25.074140 29.374385 13.063772
      vertex 26.005218 30.397153 13.063772
    endloop
  endfacet
  facet normal 0.704804 -0.659117 -0.262330
    outer loop
      vertex 25.116032 28.295832 13.126471
      vertex 26.570355 29.850963 13.126471
      vertex 26.452265 29.413022 13.909548
    endloop
  endfacet
  facet normal 0.704804 -0.659117 -0.262330
    outer loop
      vertex 25.116032 28.295832 13.126471
      vertex 26.452265 29.413022 13.909548
      vertex 24.875155 27.726592 13.909548
    endloop
  endfacet
  facet normal -0.701771 0.656280 0.277154
    outer loop
      vertex 27.123232 31.901342 12.332843
      vertex 26.243786 30.960936 12.332843
      vertex 26.005218 30.397153 13.063772
    endloop
  endfacet
  facet normal -0.701771 0.656280 0.277154
    outer loop
      vertex 27.123232 31.901342 12.332843
      vertex 26.005218 30.397153 13.063772
      vertex 27.006275 31.467599 13.063772
    endloop
  endfacet
  facet normal 0.690480 -0.670685 -0.270959
    outer loop
      vertex 26.570355 29.850963 13.126471
      vertex 28.202010 31.530776 13.126471
      vertex 28.221681 31.234661 13.909548
    endloop
  endfacet
  facet normal 0.690480 -0.670685 -0.270959
    outer loop
      vertex 26.570355 29.850963 13.126471
      vertex 28.221681 31.234661 13.909548
      vertex 26.452265 29.413022 13.909548
    endloop
  endfacet
  facet normal -0.687311 0.667607 0.286189
    outer loop
      vertex 28.109914 32.917145 12.332843
      vertex 27.123232 31.901342 12.332843
      vertex 27.006275 31.467599 13.063772
    endloop
  endfacet
  facet normal -0.687311 0.667607 0.286189
    outer loop
      vertex 28.109914 32.917145 12.332843
      vertex 27.006275 31.467599 13.063772
      vertex 28.129396 32.623869 13.063772
    endloop
  endfacet
  facet normal 0.706976 -0.655463 -0.265618
    outer loop
      vertex 28.202010 31.530776 13.126471
      vertex 30.060912 33.535771 13.126471
      vertex 30.237529 33.408937 13.909548
    endloop
  endfacet
  facet normal 0.706976 -0.655463 -0.265618
    outer loop
      vertex 28.202010 31.530776 13.126471
      vertex 30.237529 33.408937 13.909548
      vertex 28.221681 31.234661 13.909548
    endloop
  endfacet
  facet normal -0.703858 0.652572 0.280597
    outer loop
      vertex 29.234014 34.129589 12.332843
      vertex 28.109914 32.917145 12.332843
      vertex 28.129396 32.623869 13.063772
    endloop
  endfacet
  facet normal -0.703858 0.652572 0.280597
    outer loop
      vertex 29.234014 34.129589 12.332843
      vertex 28.129396 32.623869 13.063772
      vertex 29.408938 34.003971 13.063772
    endloop
  endfacet
  facet normal 0.775642 -0.571669 -0.267533
    outer loop
      vertex 30.060912 33.535771 13.126471
      vertex 31.653586 35.696717 13.126471
      vertex 31.964672 35.752331 13.909548
    endloop
  endfacet
  facet normal 0.775642 -0.571669 -0.267533
    outer loop
      vertex 30.060912 33.535771 13.126471
      vertex 31.964672 35.752331 13.909548
      vertex 30.237529 33.408937 13.909548
    endloop
  endfacet
  facet normal -0.772172 0.569111 0.282602
    outer loop
      vertex 30.197123 35.436340 12.332843
      vertex 29.234014 34.129589 12.332843
      vertex 29.408938 34.003971 13.063772
    endloop
  endfacet
  facet normal -0.772172 0.569111 0.282602
    outer loop
      vertex 30.197123 35.436340 12.332843
      vertex 29.408938 34.003971 13.063772
      vertex 30.505227 35.491421 13.063772
    endloop
  endfacet
  facet normal 0.780988 -0.563038 -0.270269
    outer loop
      vertex 31.653586 35.696717 13.126471
      vertex 33.002006 37.567108 13.126471
      vertex 33.426939 37.780638 13.909548
    endloop
  endfacet
  facet normal 0.780988 -0.563038 -0.270269
    outer loop
      vertex 31.653586 35.696717 13.126471
      vertex 33.426939 37.780638 13.909548
      vertex 31.964672 35.752331 13.909548
    endloop
  endfacet
  facet normal -0.777422 0.560467 0.285467
    outer loop
      vertex 31.012529 36.567387 12.332843
      vertex 30.197123 35.436340 12.332843
      vertex 30.505227 35.491421 13.063772
    endloop
  endfacet
  facet normal -0.777422 0.560467 0.285467
    outer loop
      vertex 31.012529 36.567387 12.332843
      vertex 30.505227 35.491421 13.063772
      vertex 31.433388 36.778871 13.063772
    endloop
  endfacet
  facet normal 0.772320 -0.579048 -0.261200
    outer loop
      vertex 33.002006 37.567108 13.126471
      vertex 34.268126 39.255826 13.126471
      vertex 34.799957 39.611934 13.909548
    endloop
  endfacet
  facet normal 0.772320 -0.579048 -0.261200
    outer loop
      vertex 33.002006 37.567108 13.126471
      vertex 34.799957 39.611934 13.909548
      vertex 33.426939 37.780638 13.909548
    endloop
  endfacet
  facet normal -0.769024 0.576578 0.275970
    outer loop
      vertex 31.778166 37.588575 12.332843
      vertex 31.012529 36.567387 12.332843
      vertex 31.433388 36.778871 13.063772
    endloop
  endfacet
  facet normal -0.769024 0.576578 0.275970
    outer loop
      vertex 31.778166 37.588575 12.332843
      vertex 31.433388 36.778871 13.063772
      vertex 32.304899 37.941270 13.063772
    endloop
  endfacet
  facet normal 0.766793 -0.590200 -0.252375
    outer loop
      vertex 34.268126 39.255826 13.126471
      vertex 35.486482 40.838725 13.126471
      vertex 36.121179 41.328477 13.909548
    endloop
  endfacet
  facet normal 0.766793 -0.590200 -0.252375
    outer loop
      vertex 34.268126 39.255826 13.126471
      vertex 36.121179 41.328477 13.909548
      vertex 34.799957 39.611934 13.909548
    endloop
  endfacet
  facet normal -0.763737 0.587848 0.266722
    outer loop
      vertex 32.514921 38.545773 12.332843
      vertex 31.778166 37.588575 12.332843
      vertex 32.304899 37.941270 13.063772
    endloop
  endfacet
  facet normal -0.763737 0.587848 0.266722
    outer loop
      vertex 32.514921 38.545773 12.332843
      vertex 32.304899 37.941270 13.063772
      vertex 33.143533 39.030830 13.063772
    endloop
  endfacet
  facet normal -0.235633 0.898308 -0.370836
    outer loop
      vertex 35.486482 40.838725 13.126471
      vertex 34.285698 40.523750 13.126471
      vertex 34.819013 40.986909 13.909548
    endloop
  endfacet
  facet normal -0.235633 0.898308 -0.370836
    outer loop
      vertex 35.486482 40.838725 13.126471
      vertex 34.819013 40.986909 13.909548
      vertex 36.121179 41.328477 13.909548
    endloop
  endfacet
  facet normal 0.233619 -0.890633 0.390122
    outer loop
      vertex 31.788793 38.355304 12.332843
      vertex 32.514921 38.545773 12.332843
      vertex 33.143533 39.030830 13.063772
    endloop
  endfacet
  facet normal 0.233619 -0.890633 0.390122
    outer loop
      vertex 31.788793 38.355304 12.332843
      vertex 33.143533 39.030830 13.063772
      vertex 32.316995 38.814023 13.063772
    endloop
  endfacet
  facet normal -0.228442 0.898166 -0.375649
    outer loop
      vertex 34.285698 40.523750 13.126471
      vertex 33.042286 40.207498 13.126471
      vertex 33.470620 40.643956 13.909548
    endloop
  endfacet
  facet normal -0.228442 0.898166 -0.375649
    outer loop
      vertex 34.285698 40.523750 13.126471
      vertex 33.470620 40.643956 13.909548
      vertex 34.819013 40.986909 13.909548
    endloop
  endfacet
  facet normal 0.226439 -0.890293 0.395098
    outer loop
      vertex 31.036886 38.164062 12.332843
      vertex 31.788793 38.355304 12.332843
      vertex 32.316995 38.814023 13.063772
    endloop
  endfacet
  facet normal 0.226439 -0.890293 0.395098
    outer loop
      vertex 31.036886 38.164062 12.332843
      vertex 32.316995 38.814023 13.063772
      vertex 31.461114 38.596336 13.063772
    endloop
  endfacet
  facet normal -0.220849 0.898289 -0.379871
    outer loop
      vertex 33.042286 40.207498 13.126471
      vertex 31.743694 39.888232 13.126471
      vertex 32.062388 40.297735 13.909548
    endloop
  endfacet
  facet normal -0.220849 0.898289 -0.379871
    outer loop
      vertex 33.042286 40.207498 13.126471
      vertex 32.062388 40.297735 13.909548
      vertex 33.470620 40.643956 13.909548
    endloop
  endfacet
  facet normal 0.218870 -0.890240 0.399460
    outer loop
      vertex 30.251612 37.970999 12.332843
      vertex 31.036886 38.164062 12.332843
      vertex 31.461114 38.596336 13.063772
    endloop
  endfacet
  facet normal 0.218870 -0.890240 0.399460
    outer loop
      vertex 30.251612 37.970999 12.332843
      vertex 31.461114 38.596336 13.063772
      vertex 30.567251 38.376575 13.063772
    endloop
  endfacet
  facet normal -0.215194 0.898614 -0.382342
    outer loop
      vertex 31.743694 39.888232 13.126471
      vertex 30.371957 39.559738 13.126471
      vertex 30.574836 39.941506 13.909548
    endloop
  endfacet
  facet normal -0.215194 0.898614 -0.382342
    outer loop
      vertex 31.743694 39.888232 13.126471
      vertex 30.574836 39.941506 13.909548
      vertex 32.062388 40.297735 13.909548
    endloop
  endfacet
  facet normal 0.213241 -0.890458 0.402012
    outer loop
      vertex 29.422106 37.772354 12.332843
      vertex 30.251612 37.970999 12.332843
      vertex 30.567251 38.376575 13.063772
    endloop
  endfacet
  facet normal 0.213241 -0.890458 0.402012
    outer loop
      vertex 29.422106 37.772354 12.332843
      vertex 30.567251 38.376575 13.063772
      vertex 29.623040 38.150462 13.063772
    endloop
  endfacet
  facet normal -0.218732 0.898228 -0.381237
    outer loop
      vertex 30.371957 39.559738 13.126471
      vertex 28.906900 39.202974 13.126471
      vertex 28.986084 39.554621 13.909548
    endloop
  endfacet
  facet normal -0.218732 0.898228 -0.381237
    outer loop
      vertex 30.371957 39.559738 13.126471
      vertex 28.986084 39.554621 13.909548
      vertex 30.574836 39.941506 13.909548
    endloop
  endfacet
  facet normal 0.216758 -0.890122 0.400871
    outer loop
      vertex 28.536169 37.556615 12.332843
      vertex 29.422106 37.772354 12.332843
      vertex 29.623040 38.150462 13.063772
    endloop
  endfacet
  facet normal 0.216758 -0.890122 0.400871
    outer loop
      vertex 28.536169 37.556615 12.332843
      vertex 29.623040 38.150462 13.063772
      vertex 28.614594 37.904890 13.063772
    endloop
  endfacet
  facet normal -0.245534 0.893354 -0.376339
    outer loop
      vertex 28.906900 39.202974 13.126471
      vertex 27.353187 38.775943 13.126471
      vertex 27.301192 39.091535 13.909548
    endloop
  endfacet
  facet normal -0.245534 0.893354 -0.376339
    outer loop
      vertex 28.906900 39.202974 13.126471
      vertex 27.301192 39.091535 13.909548
      vertex 28.986084 39.554621 13.909548
    endloop
  endfacet
  facet normal 0.243374 -0.885496 0.395811
    outer loop
      vertex 27.596620 37.298384 12.332843
      vertex 28.536169 37.556615 12.332843
      vertex 28.614594 37.904890 13.063772
    endloop
  endfacet
  facet normal 0.243374 -0.885496 0.395811
    outer loop
      vertex 27.596620 37.298384 12.332843
      vertex 28.614594 37.904890 13.063772
      vertex 27.545124 37.610951 13.063772
    endloop
  endfacet
  facet normal -0.297063 0.878638 -0.373829
    outer loop
      vertex 27.353187 38.775943 13.126471
      vertex 25.791778 38.248040 13.126471
      vertex 25.607954 38.519061 13.909548
    endloop
  endfacet
  facet normal -0.297063 0.878638 -0.373829
    outer loop
      vertex 27.353187 38.775943 13.126471
      vertex 25.607954 38.519061 13.909548
      vertex 27.301192 39.091535 13.909548
    endloop
  endfacet
  facet normal 0.294484 -0.871011 0.393217
    outer loop
      vertex 26.652418 36.979155 12.332843
      vertex 27.596620 37.298384 12.332843
      vertex 27.545124 37.610951 13.063772
    endloop
  endfacet
  facet normal 0.294484 -0.871011 0.393217
    outer loop
      vertex 26.652418 36.979155 12.332843
      vertex 27.545124 37.610951 13.063772
      vertex 26.470356 37.247578 13.063772
    endloop
  endfacet
  facet normal -0.340192 0.861090 -0.377880
    outer loop
      vertex 25.791778 38.248040 13.126471
      vertex 24.324033 37.668176 13.126471
      vertex 24.016287 37.890239 13.909548
    endloop
  endfacet
  facet normal -0.340192 0.861090 -0.377880
    outer loop
      vertex 25.791778 38.248040 13.126471
      vertex 24.016287 37.890239 13.909548
      vertex 25.607954 38.519061 13.909548
    endloop
  endfacet
  facet normal 0.337175 -0.853454 0.397404
    outer loop
      vertex 25.764855 36.628504 12.332843
      vertex 26.652418 36.979155 12.332843
      vertex 26.470356 37.247578 13.063772
    endloop
  endfacet
  facet normal 0.337175 -0.853454 0.397404
    outer loop
      vertex 25.764855 36.628504 12.332843
      vertex 26.470356 37.247578 13.063772
      vertex 25.460059 36.848439 13.063772
    endloop
  endfacet
  facet normal -0.919572 0.134206 -0.369292
    outer loop
      vertex 24.016287 37.890239 13.909548
      vertex 23.783420 36.294651 13.909548
      vertex 23.487001 36.383645 14.680003
    endloop
  endfacet
  facet normal -0.919572 0.134206 -0.369292
    outer loop
      vertex 24.016287 37.890239 13.909548
      vertex 23.487001 36.383645 14.680003
      vertex 23.736359 38.092231 14.680003
    endloop
  endfacet
  facet normal 0.913502 -0.133320 0.384370
    outer loop
      vertex 25.312249 35.835653 13.063772
      vertex 25.460059 36.848439 13.063772
      vertex 25.183236 37.048190 13.790960
    endloop
  endfacet
  facet normal 0.913502 -0.133320 0.384370
    outer loop
      vertex 25.312249 35.835653 13.063772
      vertex 25.183236 37.048190 13.790960
      vertex 25.019118 35.923660 13.790960
    endloop
  endfacet
  facet normal -0.926115 0.089016 -0.366589
    outer loop
      vertex 23.783420 36.294651 13.909548
      vertex 23.624688 34.643219 13.909548
      vertex 23.317027 34.615260 14.680003
    endloop
  endfacet
  facet normal -0.926115 0.089016 -0.366589
    outer loop
      vertex 23.783420 36.294651 13.909548
      vertex 23.317027 34.615260 14.680003
      vertex 23.487001 36.383645 14.680003
    endloop
  endfacet
  facet normal 0.920090 -0.088437 0.381593
    outer loop
      vertex 25.211495 34.787421 13.063772
      vertex 25.312249 35.835653 13.063772
      vertex 25.019118 35.923660 13.790960
    endloop
  endfacet
  facet normal 0.920090 -0.088437 0.381593
    outer loop
      vertex 25.211495 34.787421 13.063772
      vertex 25.019118 35.923660 13.790960
      vertex 24.907247 34.759773 13.790960
    endloop
  endfacet
  facet normal -0.928386 0.042438 -0.369186
    outer loop
      vertex 23.624688 34.643219 13.909548
      vertex 23.550819 33.027227 13.909548
      vertex 23.237927 32.884825 14.680003
    endloop
  endfacet
  facet normal -0.928386 0.042438 -0.369186
    outer loop
      vertex 23.624688 34.643219 13.909548
      vertex 23.237927 32.884825 14.680003
      vertex 23.317027 34.615260 14.680003
    endloop
  endfacet
  facet normal 0.922261 -0.042158 0.384262
    outer loop
      vertex 25.164607 33.761685 13.063772
      vertex 25.211495 34.787421 13.063772
      vertex 24.907247 34.759773 13.790960
    endloop
  endfacet
  facet normal 0.922261 -0.042158 0.384262
    outer loop
      vertex 25.164607 33.761685 13.063772
      vertex 24.907247 34.759773 13.790960
      vertex 24.855186 33.620863 13.790960
    endloop
  endfacet
  facet normal -0.927495 0.017567 -0.373422
    outer loop
      vertex 23.550819 33.027227 13.909548
      vertex 23.521920 31.501455 13.909548
      vertex 23.206982 31.251000 14.680003
    endloop
  endfacet
  facet normal -0.927495 0.017567 -0.373422
    outer loop
      vertex 23.550819 33.027227 13.909548
      vertex 23.206982 31.251000 14.680003
      vertex 23.237927 32.884825 14.680003
    endloop
  endfacet
  facet normal 0.921237 -0.017449 0.388611
    outer loop
      vertex 25.146264 32.793214 13.063772
      vertex 25.164607 33.761685 13.063772
      vertex 24.855186 33.620863 13.790960
    endloop
  endfacet
  facet normal 0.921237 -0.017449 0.388611
    outer loop
      vertex 25.146264 32.793214 13.063772
      vertex 24.855186 33.620863 13.790960
      vertex 24.834819 32.545538 13.790960
    endloop
  endfacet
  facet normal -0.926977 0.012319 -0.374916
    outer loop
      vertex 23.521920 31.501455 13.909548
      vertex 23.502825 30.064587 13.909548
      vertex 23.186534 29.712374 14.680003
    endloop
  endfacet
  facet normal -0.926977 0.012319 -0.374916
    outer loop
      vertex 23.521920 31.501455 13.909548
      vertex 23.186534 29.712374 14.680003
      vertex 23.206982 31.251000 14.680003
    endloop
  endfacet
  facet normal 0.920672 -0.012235 0.390144
    outer loop
      vertex 25.134144 31.881175 13.063772
      vertex 25.146264 32.793214 13.063772
      vertex 24.834819 32.545538 13.790960
    endloop
  endfacet
  facet normal 0.920672 -0.012235 0.390144
    outer loop
      vertex 25.134144 31.881175 13.063772
      vertex 24.834819 32.545538 13.790960
      vertex 24.821361 31.532869 13.790960
    endloop
  endfacet
  facet normal -0.927514 0.016018 -0.373445
    outer loop
      vertex 23.502825 30.064587 13.909548
      vertex 23.479227 28.698134 13.909548
      vertex 23.161264 28.249151 14.680003
    endloop
  endfacet
  facet normal -0.927514 0.016018 -0.373445
    outer loop
      vertex 23.502825 30.064587 13.909548
      vertex 23.161264 28.249151 14.680003
      vertex 23.186534 29.712374 14.680003
    endloop
  endfacet
  facet normal 0.921255 -0.015910 0.388635
    outer loop
      vertex 25.119165 31.013831 13.063772
      vertex 25.134144 31.881175 13.063772
      vertex 24.821361 31.532869 13.790960
    endloop
  endfacet
  facet normal 0.921255 -0.015910 0.388635
    outer loop
      vertex 25.119165 31.013831 13.063772
      vertex 24.821361 31.532869 13.790960
      vertex 24.804730 30.569829 13.790960
    endloop
  endfacet
  facet normal -0.928668 0.022340 -0.370238
    outer loop
      vertex 23.479227 28.698134 13.909548
      vertex 23.447653 27.385628 13.909548
      vertex 23.127455 26.843695 14.680003
    endloop
  endfacet
  facet normal -0.928668 0.022340 -0.370238
    outer loop
      vertex 23.479227 28.698134 13.909548
      vertex 23.127455 26.843695 14.680003
      vertex 23.161264 28.249151 14.680003
    endloop
  endfacet
  facet normal 0.922507 -0.022192 0.385341
    outer loop
      vertex 25.099124 30.180729 13.063772
      vertex 25.119165 31.013831 13.063772
      vertex 24.804730 30.569829 13.790960
    endloop
  endfacet
  facet normal 0.922507 -0.022192 0.385341
    outer loop
      vertex 25.099124 30.180729 13.063772
      vertex 24.804730 30.569829 13.790960
      vertex 24.782478 29.644808 13.790960
    endloop
  endfacet
  facet normal -0.930065 0.028817 -0.366262
    outer loop
      vertex 23.447653 27.385628 13.909548
      vertex 23.408293 26.115277 13.909548
      vertex 23.085307 25.483380 14.680003
    endloop
  endfacet
  facet normal -0.930065 0.028817 -0.366262
    outer loop
      vertex 23.447653 27.385628 13.909548
      vertex 23.085307 25.483380 14.680003
      vertex 23.127455 26.843695 14.680003
    endloop
  endfacet
  facet normal 0.924026 -0.028630 0.381257
    outer loop
      vertex 25.074140 29.374385 13.063772
      vertex 25.099124 30.180729 13.063772
      vertex 24.782478 29.644808 13.790960
    endloop
  endfacet
  facet normal 0.924026 -0.028630 0.381257
    outer loop
      vertex 25.074140 29.374385 13.063772
      vertex 24.782478 29.644808 13.790960
      vertex 24.754737 28.749497 13.790960
    endloop
  endfacet
  facet normal 0.718710 -0.654278 -0.235321
    outer loop
      vertex 23.408293 26.115277 13.909548
      vertex 24.875155 27.726592 13.909548
      vertex 24.656050 27.208806 14.680003
    endloop
  endfacet
  facet normal 0.718710 -0.654278 -0.235321
    outer loop
      vertex 23.408293 26.115277 13.909548
      vertex 24.656050 27.208806 14.680003
      vertex 23.085307 25.483380 14.680003
    endloop
  endfacet
  facet normal -0.716772 0.652514 0.245891
    outer loop
      vertex 26.005218 30.397153 13.063772
      vertex 25.074140 29.374385 13.063772
      vertex 24.754737 28.749497 13.790960
    endloop
  endfacet
  facet normal -0.716772 0.652514 0.245891
    outer loop
      vertex 26.005218 30.397153 13.063772
      vertex 24.754737 28.749497 13.790960
      vertex 25.788544 29.885110 13.790960
    endloop
  endfacet
  facet normal 0.708354 -0.662436 -0.243748
    outer loop
      vertex 24.875155 27.726592 13.909548
      vertex 26.452265 29.413022 13.909548
      vertex 26.344850 29.014666 14.680003
    endloop
  endfacet
  facet normal 0.708354 -0.662436 -0.243748
    outer loop
      vertex 24.875155 27.726592 13.909548
      vertex 26.344850 29.014666 14.680003
      vertex 24.656050 27.208806 14.680003
    endloop
  endfacet
  facet normal -0.706305 0.660521 0.254648
    outer loop
      vertex 27.006275 31.467599 13.063772
      vertex 26.005218 30.397153 13.063772
      vertex 25.788544 29.885110 13.790960
    endloop
  endfacet
  facet normal -0.706305 0.660521 0.254648
    outer loop
      vertex 27.006275 31.467599 13.063772
      vertex 25.788544 29.885110 13.790960
      vertex 26.900051 31.073663 13.790960
    endloop
  endfacet
  facet normal 0.694192 -0.674291 -0.251852
    outer loop
      vertex 26.452265 29.413022 13.909548
      vertex 28.221681 31.234661 13.909548
      vertex 28.239574 30.965312 14.680003
    endloop
  endfacet
  facet normal 0.694192 -0.674291 -0.251852
    outer loop
      vertex 26.452265 29.413022 13.909548
      vertex 28.239574 30.965312 14.680003
      vertex 26.344850 29.014666 14.680003
    endloop
  endfacet
  facet normal -0.692050 0.672209 0.263062
    outer loop
      vertex 28.129396 32.623869 13.063772
      vertex 27.006275 31.467599 13.063772
      vertex 26.900051 31.073663 13.790960
    endloop
  endfacet
  facet normal -0.692050 0.672209 0.263062
    outer loop
      vertex 28.129396 32.623869 13.063772
      vertex 26.900051 31.073663 13.790960
      vertex 28.147090 32.357508 13.790960
    endloop
  endfacet
  facet normal 0.710628 -0.658848 -0.246835
    outer loop
      vertex 28.221681 31.234661 13.909548
      vertex 30.237529 33.408937 13.909548
      vertex 30.398182 33.293567 14.680003
    endloop
  endfacet
  facet normal 0.710628 -0.658848 -0.246835
    outer loop
      vertex 28.221681 31.234661 13.909548
      vertex 30.398182 33.293567 14.680003
      vertex 28.239574 30.965312 14.680003
    endloop
  endfacet
  facet normal -0.708520 0.656895 0.257853
    outer loop
      vertex 29.408938 34.003971 13.063772
      vertex 28.129396 32.623869 13.063772
      vertex 28.147090 32.357508 13.790960
    endloop
  endfacet
  facet normal -0.708520 0.656895 0.257853
    outer loop
      vertex 29.408938 34.003971 13.063772
      vertex 28.147090 32.357508 13.790960
      vertex 29.567809 33.889882 13.790960
    endloop
  endfacet
  facet normal 0.779707 -0.574664 -0.248633
    outer loop
      vertex 30.237529 33.408937 13.909548
      vertex 31.964672 35.752331 13.909548
      vertex 32.247639 35.802918 14.680003
    endloop
  endfacet
  facet normal 0.779707 -0.574664 -0.248633
    outer loop
      vertex 30.237529 33.408937 13.909548
      vertex 32.247639 35.802918 14.680003
      vertex 30.398182 33.293567 14.680003
    endloop
  endfacet
  facet normal -0.777361 0.572935 0.259721
    outer loop
      vertex 30.505227 35.491421 13.063772
      vertex 29.408938 34.003971 13.063772
      vertex 29.567809 33.889882 13.790960
    endloop
  endfacet
  facet normal -0.777361 0.572935 0.259721
    outer loop
      vertex 30.505227 35.491421 13.063772
      vertex 29.567809 33.889882 13.790960
      vertex 30.785055 35.541447 13.790960
    endloop
  endfacet
  facet normal 0.785165 -0.566049 -0.251204
    outer loop
      vertex 31.964672 35.752331 13.909548
      vertex 33.426939 37.780638 13.909548
      vertex 33.813462 37.974868 14.680003
    endloop
  endfacet
  facet normal 0.785165 -0.566049 -0.251204
    outer loop
      vertex 31.964672 35.752331 13.909548
      vertex 33.813462 37.974868 14.680003
      vertex 32.247639 35.802918 14.680003
    endloop
  endfacet
  facet normal -0.782755 0.564311 0.262389
    outer loop
      vertex 31.433388 36.778871 13.063772
      vertex 30.505227 35.491421 13.063772
      vertex 30.785055 35.541447 13.790960
    endloop
  endfacet
  facet normal -0.782755 0.564311 0.262389
    outer loop
      vertex 31.433388 36.778871 13.063772
      vertex 30.785055 35.541447 13.790960
      vertex 31.815623 36.970945 13.790960
    endloop
  endfacet
  facet normal 0.776176 -0.581940 -0.242688
    outer loop
      vertex 33.426939 37.780638 13.909548
      vertex 34.799957 39.611934 13.909548
      vertex 35.283716 39.935854 14.680003
    endloop
  endfacet
  facet normal 0.776176 -0.581940 -0.242688
    outer loop
      vertex 33.426939 37.780638 13.909548
      vertex 35.283716 39.935854 14.680003
      vertex 33.813462 37.974868 14.680003
    endloop
  endfacet
  facet normal -0.773951 0.580271 0.253546
    outer loop
      vertex 32.304899 37.941270 13.063772
      vertex 31.433388 36.778871 13.063772
      vertex 31.815623 36.970945 13.790960
    endloop
  endfacet
  facet normal -0.773951 0.580271 0.253546
    outer loop
      vertex 32.304899 37.941270 13.063772
      vertex 31.815623 36.970945 13.790960
      vertex 32.783292 38.261596 13.790960
    endloop
  endfacet
  facet normal 0.770365 -0.592950 -0.234411
    outer loop
      vertex 34.799957 39.611934 13.909548
      vertex 36.121179 41.328477 13.909548
      vertex 36.698505 41.773960 14.680003
    endloop
  endfacet
  facet normal 0.770365 -0.592950 -0.234411
    outer loop
      vertex 34.799957 39.611934 13.909548
      vertex 36.698505 41.773960 14.680003
      vertex 35.283716 39.935854 14.680003
    endloop
  endfacet
  facet normal -0.768304 0.591363 0.244946
    outer loop
      vertex 33.143533 39.030830 13.063772
      vertex 32.304899 37.941270 13.063772
      vertex 32.783292 38.261596 13.790960
    endloop
  endfacet
  facet normal -0.768304 0.591363 0.244946
    outer loop
      vertex 33.143533 39.030830 13.063772
      vertex 32.783292 38.261596 13.790960
      vertex 33.714455 39.471371 13.790960
    endloop
  endfacet
  facet normal -0.238023 0.907419 -0.346319
    outer loop
      vertex 36.121179 41.328477 13.909548
      vertex 34.819013 40.986909 13.909548
      vertex 35.304121 41.408203 14.680003
    endloop
  endfacet
  facet normal -0.238023 0.907419 -0.346319
    outer loop
      vertex 36.121179 41.328477 13.909548
      vertex 35.304121 41.408203 14.680003
      vertex 36.698505 41.773960 14.680003
    endloop
  endfacet
  facet normal 0.236639 -0.902145 0.360745
    outer loop
      vertex 32.316995 38.814023 13.063772
      vertex 33.143533 39.030830 13.063772
      vertex 33.714455 39.471371 13.790960
    endloop
  endfacet
  facet normal 0.236639 -0.902145 0.360745
    outer loop
      vertex 32.316995 38.814023 13.063772
      vertex 33.714455 39.471371 13.790960
      vertex 32.796722 39.230643 13.790960
    endloop
  endfacet
  facet normal -0.230820 0.907516 -0.350908
    outer loop
      vertex 34.819013 40.986909 13.909548
      vertex 33.470620 40.643956 13.909548
      vertex 33.860236 41.040962 14.680003
    endloop
  endfacet
  facet normal -0.230820 0.907516 -0.350908
    outer loop
      vertex 34.819013 40.986909 13.909548
      vertex 33.860236 41.040962 14.680003
      vertex 35.304121 41.408203 14.680003
    endloop
  endfacet
  facet normal 0.229443 -0.902102 0.365468
    outer loop
      vertex 31.461114 38.596336 13.063772
      vertex 32.316995 38.814023 13.063772
      vertex 32.796722 39.230643 13.790960
    endloop
  endfacet
  facet normal 0.229443 -0.902102 0.365468
    outer loop
      vertex 31.461114 38.596336 13.063772
      vertex 32.796722 39.230643 13.790960
      vertex 31.846408 38.988938 13.790960
    endloop
  endfacet
  facet normal -0.223201 0.907856 -0.354935
    outer loop
      vertex 33.470620 40.643956 13.909548
      vertex 32.062388 40.297735 13.909548
      vertex 32.352276 40.670222 14.680003
    endloop
  endfacet
  facet normal -0.223201 0.907856 -0.354935
    outer loop
      vertex 33.470620 40.643956 13.909548
      vertex 32.352276 40.670222 14.680003
      vertex 33.860236 41.040962 14.680003
    endloop
  endfacet
  facet normal 0.221839 -0.902316 0.369612
    outer loop
      vertex 30.567251 38.376575 13.063772
      vertex 31.461114 38.596336 13.063772
      vertex 31.846408 38.988938 13.790960
    endloop
  endfacet
  facet normal 0.221839 -0.902316 0.369612
    outer loop
      vertex 30.567251 38.376575 13.063772
      vertex 31.846408 38.988938 13.790960
      vertex 30.853923 38.744931 13.790960
    endloop
  endfacet
  facet normal -0.217516 0.908310 -0.357294
    outer loop
      vertex 32.062388 40.297735 13.909548
      vertex 30.574836 39.941506 13.909548
      vertex 30.759376 40.288765 14.680003
    endloop
  endfacet
  facet normal -0.217516 0.908310 -0.357294
    outer loop
      vertex 32.062388 40.297735 13.909548
      vertex 30.759376 40.288765 14.680003
      vertex 32.352276 40.670222 14.680003
    endloop
  endfacet
  facet normal 0.216171 -0.902694 0.372039
    outer loop
      vertex 29.623040 38.150462 13.063772
      vertex 30.567251 38.376575 13.063772
      vertex 30.853923 38.744931 13.790960
    endloop
  endfacet
  facet normal 0.216171 -0.902694 0.372039
    outer loop
      vertex 29.623040 38.150462 13.063772
      vertex 30.853923 38.744931 13.790960
      vertex 29.805534 38.493870 13.790960
    endloop
  endfacet
  facet normal -0.221079 0.907864 -0.356240
    outer loop
      vertex 30.574836 39.941506 13.909548
      vertex 28.986084 39.554621 13.909548
      vertex 29.058111 39.874481 14.680003
    endloop
  endfacet
  facet normal -0.221079 0.907864 -0.356240
    outer loop
      vertex 30.574836 39.941506 13.909548
      vertex 29.058111 39.874481 14.680003
      vertex 30.759376 40.288765 14.680003
    endloop
  endfacet
  facet normal 0.219720 -0.902284 0.370954
    outer loop
      vertex 28.614594 37.904890 13.063772
      vertex 29.623040 38.150462 13.063772
      vertex 29.805534 38.493870 13.790960
    endloop
  endfacet
  facet normal 0.219720 -0.902284 0.370954
    outer loop
      vertex 28.614594 37.904890 13.063772
      vertex 29.805534 38.493870 13.790960
      vertex 28.685822 38.221203 13.790960
    endloop
  endfacet
  facet normal -0.248100 0.902689 -0.351565
    outer loop
      vertex 28.986084 39.554621 13.909548
      vertex 27.301192 39.091535 13.909548
      vertex 27.253896 39.378601 14.680003
    endloop
  endfacet
  facet normal -0.248100 0.902689 -0.351565
    outer loop
      vertex 28.986084 39.554621 13.909548
      vertex 27.253896 39.378601 14.680003
      vertex 29.058111 39.874481 14.680003
    endloop
  endfacet
  facet normal 0.246615 -0.897284 0.366145
    outer loop
      vertex 27.545124 37.610951 13.063772
      vertex 28.614594 37.904890 13.063772
      vertex 28.685822 38.221203 13.790960
    endloop
  endfacet
  facet normal 0.246615 -0.897284 0.366145
    outer loop
      vertex 27.545124 37.610951 13.063772
      vertex 28.685822 38.221203 13.790960
      vertex 27.498353 37.894832 13.790960
    endloop
  endfacet
  facet normal -0.300125 0.887696 -0.349172
    outer loop
      vertex 27.301192 39.091535 13.909548
      vertex 25.607954 38.519061 13.909548
      vertex 25.440746 38.765585 14.680003
    endloop
  endfacet
  facet normal -0.300125 0.887696 -0.349172
    outer loop
      vertex 27.301192 39.091535 13.909548
      vertex 25.440746 38.765585 14.680003
      vertex 27.253896 39.378601 14.680003
    endloop
  endfacet
  facet normal 0.298352 -0.882452 0.363682
    outer loop
      vertex 26.470356 37.247578 13.063772
      vertex 27.545124 37.610951 13.063772
      vertex 27.498353 37.894832 13.790960
    endloop
  endfacet
  facet normal 0.298352 -0.882452 0.363682
    outer loop
      vertex 26.470356 37.247578 13.063772
      vertex 27.498353 37.894832 13.790960
      vertex 26.305002 37.491367 13.790960
    endloop
  endfacet
  facet normal -0.343776 0.870163 -0.353036
    outer loop
      vertex 25.607954 38.519061 13.909548
      vertex 24.016287 37.890239 13.909548
      vertex 23.736359 38.092231 14.680003
    endloop
  endfacet
  facet normal -0.343776 0.870163 -0.353036
    outer loop
      vertex 25.607954 38.519061 13.909548
      vertex 23.736359 38.092231 14.680003
      vertex 25.440746 38.765585 14.680003
    endloop
  endfacet
  facet normal 0.341701 -0.864909 0.367658
    outer loop
      vertex 25.460059 36.848439 13.063772
      vertex 26.470356 37.247578 13.063772
      vertex 26.305002 37.491367 13.790960
    endloop
  endfacet
  facet normal 0.341701 -0.864909 0.367658
    outer loop
      vertex 25.460059 36.848439 13.063772
      vertex 26.305002 37.491367 13.790960
      vertex 25.183236 37.048190 13.790960
    endloop
  endfacet
  facet normal -0.939577 0.137126 -0.313674
    outer loop
      vertex 23.736359 38.092231 14.680003
      vertex 23.487001 36.383645 14.680003
      vertex 23.245328 36.456201 15.435626
    endloop
  endfacet
  facet normal -0.939577 0.137126 -0.313674
    outer loop
      vertex 23.736359 38.092231 14.680003
      vertex 23.245328 36.456201 15.435626
      vertex 23.508132 38.256915 15.435626
    endloop
  endfacet
  facet normal 0.936229 -0.136637 0.323736
    outer loop
      vertex 25.019118 35.923660 13.790960
      vertex 25.183236 37.048190 13.790960
      vertex 24.957116 37.211354 14.513754
    endloop
  endfacet
  facet normal 0.936229 -0.136637 0.323736
    outer loop
      vertex 25.019118 35.923660 13.790960
      vertex 24.957116 37.211354 14.513754
      vertex 24.779676 35.995547 14.513754
    endloop
  endfacet
  facet normal -0.945959 0.090924 -0.311279
    outer loop
      vertex 23.487001 36.383645 14.680003
      vertex 23.317027 34.615260 14.680003
      vertex 23.066190 34.592465 15.435626
    endloop
  endfacet
  facet normal -0.945959 0.090924 -0.311279
    outer loop
      vertex 23.487001 36.383645 14.680003
      vertex 23.066190 34.592465 15.435626
      vertex 23.245328 36.456201 15.435626
    endloop
  endfacet
  facet normal 0.942639 -0.090605 0.321281
    outer loop
      vertex 24.907247 34.759773 13.790960
      vertex 25.019118 35.923660 13.790960
      vertex 24.779676 35.995547 14.513754
    endloop
  endfacet
  facet normal 0.942639 -0.090605 0.321281
    outer loop
      vertex 24.907247 34.759773 13.790960
      vertex 24.779676 35.995547 14.513754
      vertex 24.658725 34.737188 14.513754
    endloop
  endfacet
  facet normal -0.948571 0.043360 -0.313581
    outer loop
      vertex 23.317027 34.615260 14.680003
      vertex 23.237927 32.884825 14.680003
      vertex 22.982824 32.768725 15.435626
    endloop
  endfacet
  facet normal -0.948571 0.043360 -0.313581
    outer loop
      vertex 23.317027 34.615260 14.680003
      vertex 22.982824 32.768725 15.435626
      vertex 23.066190 34.592465 15.435626
    endloop
  endfacet
  facet normal 0.945193 -0.043206 0.323640
    outer loop
      vertex 24.855186 33.620863 13.790960
      vertex 24.907247 34.759773 13.790960
      vertex 24.658725 34.737188 14.513754
    endloop
  endfacet
  facet normal 0.945193 -0.043206 0.323640
    outer loop
      vertex 24.855186 33.620863 13.790960
      vertex 24.658725 34.737188 14.513754
      vertex 24.602439 33.505834 14.513754
    endloop
  endfacet
  facet normal -0.948142 0.017958 -0.317339
    outer loop
      vertex 23.237927 32.884825 14.680003
      vertex 23.206982 31.251000 14.680003
      vertex 22.950211 31.046803 15.435626
    endloop
  endfacet
  facet normal -0.948142 0.017958 -0.317339
    outer loop
      vertex 23.237927 32.884825 14.680003
      vertex 22.950211 31.046803 15.435626
      vertex 22.982824 32.768725 15.435626
    endloop
  endfacet
  facet normal 0.944685 -0.017893 0.327491
    outer loop
      vertex 24.834819 32.545538 13.790960
      vertex 24.855186 33.620863 13.790960
      vertex 24.602439 33.505834 14.513754
    endloop
  endfacet
  facet normal 0.944685 -0.017893 0.327491
    outer loop
      vertex 24.834819 32.545538 13.790960
      vertex 24.602439 33.505834 14.513754
      vertex 24.580419 32.343226 14.513754
    endloop
  endfacet
  facet normal -0.947783 0.012595 -0.318666
    outer loop
      vertex 23.206982 31.251000 14.680003
      vertex 23.186534 29.712374 14.680003
      vertex 22.928661 29.425214 15.435626
    endloop
  endfacet
  facet normal -0.947783 0.012595 -0.318666
    outer loop
      vertex 23.206982 31.251000 14.680003
      vertex 22.928661 29.425214 15.435626
      vertex 22.950211 31.046803 15.435626
    endloop
  endfacet
  facet normal 0.944299 -0.012549 0.328851
    outer loop
      vertex 24.821361 31.532869 13.790960
      vertex 24.834819 32.545538 13.790960
      vertex 24.580419 32.343226 14.513754
    endloop
  endfacet
  facet normal 0.944299 -0.012549 0.328851
    outer loop
      vertex 24.821361 31.532869 13.790960
      vertex 24.580419 32.343226 14.513754
      vertex 24.565868 31.248360 14.513754
    endloop
  endfacet
  facet normal -0.948164 0.016375 -0.317360
    outer loop
      vertex 23.186534 29.712374 14.680003
      vertex 23.161264 28.249151 14.680003
      vertex 22.902028 27.883094 15.435626
    endloop
  endfacet
  facet normal -0.948164 0.016375 -0.317360
    outer loop
      vertex 23.186534 29.712374 14.680003
      vertex 22.902028 27.883094 15.435626
      vertex 22.928661 29.425214 15.435626
    endloop
  endfacet
  facet normal 0.944706 -0.016315 0.327512
    outer loop
      vertex 24.804730 30.569829 13.790960
      vertex 24.821361 31.532869 13.790960
      vertex 24.565868 31.248360 14.513754
    endloop
  endfacet
  facet normal 0.944706 -0.016315 0.327512
    outer loop
      vertex 24.804730 30.569829 13.790960
      vertex 24.565868 31.248360 14.513754
      vertex 24.547887 30.207150 14.513754
    endloop
  endfacet
  facet normal -0.948979 0.022828 -0.314513
    outer loop
      vertex 23.161264 28.249151 14.680003
      vertex 23.127455 26.843695 14.680003
      vertex 22.866396 26.401855 15.435626
    endloop
  endfacet
  facet normal -0.948979 0.022828 -0.314513
    outer loop
      vertex 23.161264 28.249151 14.680003
      vertex 22.866396 26.401855 15.435626
      vertex 22.902028 27.883094 15.435626
    endloop
  endfacet
  facet normal 0.945579 -0.022747 0.324596
    outer loop
      vertex 24.782478 29.644808 13.790960
      vertex 24.804730 30.569829 13.790960
      vertex 24.547887 30.207150 14.513754
    endloop
  endfacet
  facet normal 0.945579 -0.022747 0.324596
    outer loop
      vertex 24.782478 29.644808 13.790960
      vertex 24.547887 30.207150 14.513754
      vertex 24.523829 29.207046 14.513754
    endloop
  endfacet
  facet normal -0.949958 0.029434 -0.310989
    outer loop
      vertex 23.127455 26.843695 14.680003
      vertex 23.085307 25.483380 14.680003
      vertex 22.821975 24.968191 15.435626
    endloop
  endfacet
  facet normal -0.949958 0.029434 -0.310989
    outer loop
      vertex 23.127455 26.843695 14.680003
      vertex 22.821975 24.968191 15.435626
      vertex 22.866396 26.401855 15.435626
    endloop
  endfacet
  facet normal 0.946630 -0.029331 0.320984
    outer loop
      vertex 24.754737 28.749497 13.790960
      vertex 24.782478 29.644808 13.790960
      vertex 24.523829 29.207046 14.513754
    endloop
  endfacet
  facet normal 0.946630 -0.029331 0.320984
    outer loop
      vertex 24.754737 28.749497 13.790960
      vertex 24.523829 29.207046 14.513754
      vertex 24.493837 28.239064 14.513754
    endloop
  endfacet
  facet normal 0.724937 -0.659948 -0.197319
    outer loop
      vertex 23.085307 25.483380 14.680003
      vertex 24.656050 27.208806 14.680003
      vertex 24.477414 26.786652 15.435626
    endloop
  endfacet
  facet normal 0.724937 -0.659948 -0.197319
    outer loop
      vertex 23.085307 25.483380 14.680003
      vertex 24.477414 26.786652 15.435626
      vertex 22.821975 24.968191 15.435626
    endloop
  endfacet
  facet normal -0.723912 0.659014 0.204088
    outer loop
      vertex 25.788544 29.885110 13.790960
      vertex 24.754737 28.749497 13.790960
      vertex 24.493837 28.239064 14.513754
    endloop
  endfacet
  facet normal -0.723912 0.659014 0.204088
    outer loop
      vertex 25.788544 29.885110 13.790960
      vertex 24.493837 28.239064 14.513754
      vertex 25.611557 29.466854 14.513754
    endloop
  endfacet
  facet normal 0.714945 -0.668601 -0.204516
    outer loop
      vertex 24.656050 27.208806 14.680003
      vertex 26.344850 29.014666 14.680003
      vertex 26.257274 28.689885 15.435626
    endloop
  endfacet
  facet normal 0.714945 -0.668601 -0.204516
    outer loop
      vertex 24.656050 27.208806 14.680003
      vertex 26.257274 28.689885 15.435626
      vertex 24.477414 26.786652 15.435626
    endloop
  endfacet
  facet normal -0.713859 0.667585 0.211509
    outer loop
      vertex 26.900051 31.073663 13.790960
      vertex 25.788544 29.885110 13.790960
      vertex 25.611557 29.466854 14.513754
    endloop
  endfacet
  facet normal -0.713859 0.667585 0.211509
    outer loop
      vertex 26.900051 31.073663 13.790960
      vertex 25.611557 29.466854 14.513754
      vertex 26.813284 30.751880 14.513754
    endloop
  endfacet
  facet normal 0.701095 -0.680996 -0.211448
    outer loop
      vertex 26.344850 29.014666 14.680003
      vertex 28.239574 30.965312 14.680003
      vertex 28.254162 30.745711 15.435626
    endloop
  endfacet
  facet normal 0.701095 -0.680996 -0.211448
    outer loop
      vertex 26.344850 29.014666 14.680003
      vertex 28.254162 30.745711 15.435626
      vertex 26.257274 28.689885 15.435626
    endloop
  endfacet
  facet normal -0.699957 0.679890 0.218656
    outer loop
      vertex 28.147090 32.357508 13.790960
      vertex 26.900051 31.073663 13.790960
      vertex 26.813284 30.751880 14.513754
    endloop
  endfacet
  facet normal -0.699957 0.679890 0.218656
    outer loop
      vertex 28.147090 32.357508 13.790960
      vertex 26.813284 30.751880 14.513754
      vertex 28.161544 32.139934 14.513754
    endloop
  endfacet
  facet normal 0.717411 -0.665138 -0.207155
    outer loop
      vertex 28.239574 30.965312 14.680003
      vertex 30.398182 33.293567 14.680003
      vertex 30.529163 33.199506 15.435626
    endloop
  endfacet
  facet normal 0.717411 -0.665138 -0.207155
    outer loop
      vertex 28.239574 30.965312 14.680003
      vertex 30.529163 33.199506 15.435626
      vertex 28.254162 30.745711 15.435626
    endloop
  endfacet
  facet normal -0.716293 0.664101 0.214230
    outer loop
      vertex 29.567809 33.889882 13.790960
      vertex 28.147090 32.357508 13.790960
      vertex 28.161544 32.139934 14.513754
    endloop
  endfacet
  facet normal -0.716293 0.664101 0.214230
    outer loop
      vertex 29.567809 33.889882 13.790960
      vertex 28.161544 32.139934 14.513754
      vertex 29.697581 33.796689 14.513754
    endloop
  endfacet
  facet normal 0.787260 -0.580231 -0.208693
    outer loop
      vertex 30.398182 33.293567 14.680003
      vertex 32.247639 35.802918 14.680003
      vertex 32.478343 35.844162 15.435626
    endloop
  endfacet
  facet normal 0.787260 -0.580231 -0.208693
    outer loop
      vertex 30.398182 33.293567 14.680003
      vertex 32.478343 35.844162 15.435626
      vertex 30.529163 33.199506 15.435626
    endloop
  endfacet
  facet normal -0.786015 0.579313 0.215816
    outer loop
      vertex 30.785055 35.541447 13.790960
      vertex 29.567809 33.889882 13.790960
      vertex 29.697581 33.796689 14.513754
    endloop
  endfacet
  facet normal -0.786015 0.579313 0.215816
    outer loop
      vertex 30.785055 35.541447 13.790960
      vertex 29.697581 33.796689 14.513754
      vertex 31.013629 35.582310 14.513754
    endloop
  endfacet
  facet normal 0.792932 -0.571649 -0.210893
    outer loop
      vertex 32.247639 35.802918 14.680003
      vertex 33.813462 37.974868 14.680003
      vertex 34.128596 38.133224 15.435626
    endloop
  endfacet
  facet normal 0.792932 -0.571649 -0.210893
    outer loop
      vertex 32.247639 35.802918 14.680003
      vertex 34.128596 38.133224 15.435626
      vertex 32.478343 35.844162 15.435626
    endloop
  endfacet
  facet normal -0.791651 0.570725 0.218084
    outer loop
      vertex 31.815623 36.970945 13.790960
      vertex 30.785055 35.541447 13.790960
      vertex 31.013629 35.582310 14.513754
    endloop
  endfacet
  facet normal -0.791651 0.570725 0.218084
    outer loop
      vertex 31.815623 36.970945 13.790960
      vertex 31.013629 35.582310 14.513754
      vertex 32.127848 37.127840 14.513754
    endloop
  endfacet
  facet normal 0.783335 -0.587307 -0.203609
    outer loop
      vertex 33.813462 37.974868 14.680003
      vertex 35.283716 39.935854 14.680003
      vertex 35.678127 40.199947 15.435626
    endloop
  endfacet
  facet normal 0.783335 -0.587307 -0.203609
    outer loop
      vertex 33.813462 37.974868 14.680003
      vertex 35.678127 40.199947 15.435626
      vertex 34.128596 38.133224 15.435626
    endloop
  endfacet
  facet normal -0.782155 0.586423 0.210575
    outer loop
      vertex 32.783292 38.261596 13.790960
      vertex 31.815623 36.970945 13.790960
      vertex 32.127848 37.127840 14.513754
    endloop
  endfacet
  facet normal -0.782155 0.586423 0.210575
    outer loop
      vertex 32.783292 38.261596 13.790960
      vertex 32.127848 37.127840 14.513754
      vertex 33.174061 38.523251 14.513754
    endloop
  endfacet
  facet normal 0.776988 -0.598047 -0.196543
    outer loop
      vertex 35.283716 39.935854 14.680003
      vertex 36.698505 41.773960 14.680003
      vertex 37.169201 42.137164 15.435626
    endloop
  endfacet
  facet normal 0.776988 -0.598047 -0.196543
    outer loop
      vertex 35.283716 39.935854 14.680003
      vertex 37.169201 42.137164 15.435626
      vertex 35.678127 40.199947 15.435626
    endloop
  endfacet
  facet normal -0.775898 0.597208 0.203287
    outer loop
      vertex 33.714455 39.471371 13.790960
      vertex 32.783292 38.261596 13.790960
      vertex 33.174061 38.523251 14.513754
    endloop
  endfacet
  facet normal -0.775898 0.597208 0.203287
    outer loop
      vertex 33.714455 39.471371 13.790960
      vertex 33.174061 38.523251 14.513754
      vertex 34.180806 39.831223 14.513754
    endloop
  endfacet
  facet normal -0.242559 0.924711 -0.293384
    outer loop
      vertex 36.698505 41.773960 14.680003
      vertex 35.304121 41.408203 14.680003
      vertex 35.699632 41.751686 15.435626
    endloop
  endfacet
  facet normal -0.242559 0.924711 -0.293384
    outer loop
      vertex 36.698505 41.773960 14.680003
      vertex 35.699632 41.751686 15.435626
      vertex 37.169201 42.137164 15.435626
    endloop
  endfacet
  facet normal 0.241802 -0.921827 0.302930
    outer loop
      vertex 32.796722 39.230643 13.790960
      vertex 33.714455 39.471371 13.790960
      vertex 34.180806 39.831223 14.513754
    endloop
  endfacet
  facet normal 0.241802 -0.921827 0.302930
    outer loop
      vertex 32.796722 39.230643 13.790960
      vertex 34.180806 39.831223 14.513754
      vertex 33.188581 39.570955 14.513754
    endloop
  endfacet
  facet normal -0.235339 0.925286 -0.297424
    outer loop
      vertex 35.304121 41.408203 14.680003
      vertex 33.860236 41.040962 14.680003
      vertex 34.177892 41.364643 15.435626
    endloop
  endfacet
  facet normal -0.235339 0.925286 -0.297424
    outer loop
      vertex 35.304121 41.408203 14.680003
      vertex 34.177892 41.364643 15.435626
      vertex 35.699632 41.751686 15.435626
    endloop
  endfacet
  facet normal 0.234585 -0.922320 0.307075
    outer loop
      vertex 31.846408 38.988938 13.790960
      vertex 32.796722 39.230643 13.790960
      vertex 33.188581 39.570955 14.513754
    endloop
  endfacet
  facet normal 0.234585 -0.922320 0.307075
    outer loop
      vertex 31.846408 38.988938 13.790960
      vertex 33.188581 39.570955 14.513754
      vertex 32.161132 39.309631 14.513754
    endloop
  endfacet
  facet normal -0.227675 0.926055 -0.300975
    outer loop
      vertex 33.860236 41.040962 14.680003
      vertex 32.352276 40.670222 14.680003
      vertex 32.588622 40.973913 15.435626
    endloop
  endfacet
  facet normal -0.227675 0.926055 -0.300975
    outer loop
      vertex 33.860236 41.040962 14.680003
      vertex 32.588622 40.973913 15.435626
      vertex 34.177892 41.364643 15.435626
    endloop
  endfacet
  facet normal 0.226928 -0.923016 0.310718
    outer loop
      vertex 30.853923 38.744931 13.790960
      vertex 31.846408 38.988938 13.790960
      vertex 32.161132 39.309631 14.513754
    endloop
  endfacet
  facet normal 0.226928 -0.923016 0.310718
    outer loop
      vertex 30.853923 38.744931 13.790960
      vertex 32.161132 39.309631 14.513754
      vertex 31.088087 39.045818 14.513754
    endloop
  endfacet
  facet normal -0.221936 0.926769 -0.303057
    outer loop
      vertex 32.352276 40.670222 14.680003
      vertex 30.759376 40.288765 14.680003
      vertex 30.909833 40.571888 15.435626
    endloop
  endfacet
  facet normal -0.221936 0.926769 -0.303057
    outer loop
      vertex 32.352276 40.670222 14.680003
      vertex 30.909833 40.571888 15.435626
      vertex 32.588622 40.973913 15.435626
    endloop
  endfacet
  facet normal 0.221198 -0.923685 0.312853
    outer loop
      vertex 29.805534 38.493870 13.790960
      vertex 30.853923 38.744931 13.790960
      vertex 31.088087 39.045818 14.513754
    endloop
  endfacet
  facet normal 0.221198 -0.923685 0.312853
    outer loop
      vertex 29.805534 38.493870 13.790960
      vertex 31.088087 39.045818 14.513754
      vertex 29.954601 38.774378 14.513754
    endloop
  endfacet
  facet normal -0.225544 0.926202 -0.302127
    outer loop
      vertex 30.759376 40.288765 14.680003
      vertex 29.058111 39.874481 14.680003
      vertex 29.116835 40.135265 15.435626
    endloop
  endfacet
  facet normal -0.225544 0.926202 -0.302127
    outer loop
      vertex 30.759376 40.288765 14.680003
      vertex 29.116835 40.135265 15.435626
      vertex 30.909833 40.571888 15.435626
    endloop
  endfacet
  facet normal 0.224798 -0.923139 0.311898
    outer loop
      vertex 28.685822 38.221203 13.790960
      vertex 29.805534 38.493870 13.790960
      vertex 29.954601 38.774378 14.513754
    endloop
  endfacet
  facet normal 0.224798 -0.923139 0.311898
    outer loop
      vertex 28.685822 38.221203 13.790960
      vertex 29.954601 38.774378 14.513754
      vertex 28.744004 38.479579 14.513754
    endloop
  endfacet
  facet normal -0.252977 0.920433 -0.298004
    outer loop
      vertex 29.058111 39.874481 14.680003
      vertex 27.253896 39.378601 14.680003
      vertex 27.215337 39.612647 15.435626
    endloop
  endfacet
  facet normal -0.252977 0.920433 -0.298004
    outer loop
      vertex 29.058111 39.874481 14.680003
      vertex 27.215337 39.612647 15.435626
      vertex 29.116835 40.135265 15.435626
    endloop
  endfacet
  facet normal 0.252163 -0.917471 0.307670
    outer loop
      vertex 27.498353 37.894832 13.790960
      vertex 28.685822 38.221203 13.790960
      vertex 28.744004 38.479579 14.513754
    endloop
  endfacet
  facet normal 0.252163 -0.917471 0.307670
    outer loop
      vertex 27.498353 37.894832 13.790960
      vertex 28.744004 38.479579 14.513754
      vertex 27.460149 38.126718 14.513754
    endloop
  endfacet
  facet normal -0.305942 0.904901 -0.295896
    outer loop
      vertex 27.253896 39.378601 14.680003
      vertex 25.440746 38.765585 14.680003
      vertex 25.304420 38.966577 15.435626
    endloop
  endfacet
  facet normal -0.305942 0.904901 -0.295896
    outer loop
      vertex 27.253896 39.378601 14.680003
      vertex 25.304420 38.966577 15.435626
      vertex 27.215337 39.612647 15.435626
    endloop
  endfacet
  facet normal 0.304971 -0.902030 0.305507
    outer loop
      vertex 26.305002 37.491367 13.790960
      vertex 27.498353 37.894832 13.790960
      vertex 27.460149 38.126718 14.513754
    endloop
  endfacet
  facet normal 0.304971 -0.902030 0.305507
    outer loop
      vertex 26.305002 37.491367 13.790960
      vertex 27.460149 38.126718 14.513754
      vertex 26.169935 37.690504 14.513754
    endloop
  endfacet
  facet normal -0.350592 0.887415 -0.299300
    outer loop
      vertex 25.440746 38.765585 14.680003
      vertex 23.736359 38.092231 14.680003
      vertex 23.508132 38.256915 15.435626
    endloop
  endfacet
  facet normal -0.350592 0.887415 -0.299300
    outer loop
      vertex 25.440746 38.765585 14.680003
      vertex 23.508132 38.256915 15.435626
      vertex 25.304420 38.966577 15.435626
    endloop
  endfacet
  facet normal 0.349454 -0.884534 0.308999
    outer loop
      vertex 25.183236 37.048190 13.790960
      vertex 26.305002 37.491367 13.790960
      vertex 26.169935 37.690504 14.513754
    endloop
  endfacet
  facet normal 0.349454 -0.884534 0.308999
    outer loop
      vertex 25.183236 37.048190 13.790960
      vertex 26.169935 37.690504 14.513754
      vertex 24.957116 37.211354 14.513754
    endloop
  endfacet
  facet normal -0.965183 0.140863 -0.220406
    outer loop
      vertex 23.508132 38.256915 15.435626
      vertex 23.245328 36.456201 15.435626
      vertex 23.083748 36.504712 16.174208
    endloop
  endfacet
  facet normal -0.965183 0.140863 -0.220406
    outer loop
      vertex 23.508132 38.256915 15.435626
      vertex 23.083748 36.504712 16.174208
      vertex 23.355542 38.367022 16.174208
    endloop
  endfacet
  facet normal 0.964301 -0.140734 0.224314
    outer loop
      vertex 24.779676 35.995547 14.513754
      vertex 24.957116 37.211354 14.513754
      vertex 24.806063 37.320351 15.231499
    endloop
  endfacet
  facet normal 0.964301 -0.140734 0.224314
    outer loop
      vertex 24.779676 35.995547 14.513754
      vertex 24.806063 37.320351 15.231499
      vertex 24.619724 36.043569 15.231499
    endloop
  endfacet
  facet normal -0.971331 0.093363 -0.218631
    outer loop
      vertex 23.245328 36.456201 15.435626
      vertex 23.066190 34.592465 15.435626
      vertex 22.898482 34.577225 16.174208
    endloop
  endfacet
  facet normal -0.971331 0.093363 -0.218631
    outer loop
      vertex 23.245328 36.456201 15.435626
      vertex 22.898482 34.577225 16.174208
      vertex 23.083748 36.504712 16.174208
    endloop
  endfacet
  facet normal 0.970458 -0.093279 0.222511
    outer loop
      vertex 24.658725 34.737188 14.513754
      vertex 24.779676 35.995547 14.513754
      vertex 24.619724 36.043569 15.231499
    endloop
  endfacet
  facet normal 0.970458 -0.093279 0.222511
    outer loop
      vertex 24.658725 34.737188 14.513754
      vertex 24.619724 36.043569 15.231499
      vertex 24.492707 34.722101 15.231499
    endloop
  endfacet
  facet normal -0.974406 0.044541 -0.220337
    outer loop
      vertex 23.066190 34.592465 15.435626
      vertex 22.982824 32.768725 15.435626
      vertex 22.812265 32.691101 16.174208
    endloop
  endfacet
  facet normal -0.974406 0.044541 -0.220337
    outer loop
      vertex 23.066190 34.592465 15.435626
      vertex 22.812265 32.691101 16.174208
      vertex 22.898482 34.577225 16.174208
    endloop
  endfacet
  facet normal 0.973516 -0.044501 0.224244
    outer loop
      vertex 24.602439 33.505834 14.513754
      vertex 24.658725 34.737188 14.513754
      vertex 24.492707 34.722101 15.231499
    endloop
  endfacet
  facet normal 0.973516 -0.044501 0.224244
    outer loop
      vertex 24.602439 33.505834 14.513754
      vertex 24.492707 34.722101 15.231499
      vertex 24.433598 33.428992 15.231499
    endloop
  endfacet
  facet normal -0.974615 0.018460 -0.223126
    outer loop
      vertex 22.982824 32.768725 15.435626
      vertex 22.950211 31.046803 15.435626
      vertex 22.778536 30.910279 16.174208
    endloop
  endfacet
  facet normal -0.974615 0.018460 -0.223126
    outer loop
      vertex 22.982824 32.768725 15.435626
      vertex 22.778536 30.910279 16.174208
      vertex 22.812265 32.691101 16.174208
    endloop
  endfacet
  facet normal 0.973702 -0.018442 0.227078
    outer loop
      vertex 24.580419 32.343226 14.513754
      vertex 24.602439 33.505834 14.513754
      vertex 24.433598 33.428992 15.231499
    endloop
  endfacet
  facet normal 0.973702 -0.018442 0.227078
    outer loop
      vertex 24.580419 32.343226 14.513754
      vertex 24.433598 33.428992 15.231499
      vertex 24.410473 32.208076 15.231499
    endloop
  endfacet
  facet normal -0.974477 0.012950 -0.224112
    outer loop
      vertex 22.950211 31.046803 15.435626
      vertex 22.928661 29.425214 15.435626
      vertex 22.756249 29.233221 16.174208
    endloop
  endfacet
  facet normal -0.974477 0.012950 -0.224112
    outer loop
      vertex 22.950211 31.046803 15.435626
      vertex 22.756249 29.233221 16.174208
      vertex 22.778536 30.910279 16.174208
    endloop
  endfacet
  facet normal 0.973557 -0.012938 0.228080
    outer loop
      vertex 24.565868 31.248360 14.513754
      vertex 24.580419 32.343226 14.513754
      vertex 24.410473 32.208076 15.231499
    endloop
  endfacet
  facet normal 0.973557 -0.012938 0.228080
    outer loop
      vertex 24.565868 31.248360 14.513754
      vertex 24.410473 32.208076 15.231499
      vertex 24.395193 31.058301 15.231499
    endloop
  endfacet
  facet normal -0.974641 0.016832 -0.223141
    outer loop
      vertex 22.928661 29.425214 15.435626
      vertex 22.902028 27.883094 15.435626
      vertex 22.728705 27.638350 16.174208
    endloop
  endfacet
  facet normal -0.974641 0.016832 -0.223141
    outer loop
      vertex 22.928661 29.425214 15.435626
      vertex 22.728705 27.638350 16.174208
      vertex 22.756249 29.233221 16.174208
    endloop
  endfacet
  facet normal 0.973728 -0.016816 0.227093
    outer loop
      vertex 24.547887 30.207150 14.513754
      vertex 24.565868 31.248360 14.513754
      vertex 24.395193 31.058301 15.231499
    endloop
  endfacet
  facet normal 0.973728 -0.016816 0.227093
    outer loop
      vertex 24.547887 30.207150 14.513754
      vertex 24.395193 31.058301 15.231499
      vertex 24.376310 29.964872 15.231499
    endloop
  endfacet
  facet normal -0.974985 0.023454 -0.221028
    outer loop
      vertex 22.902028 27.883094 15.435626
      vertex 22.866396 26.401855 15.435626
      vertex 22.691854 26.106444 16.174208
    endloop
  endfacet
  facet normal -0.974985 0.023454 -0.221028
    outer loop
      vertex 22.902028 27.883094 15.435626
      vertex 22.691854 26.106444 16.174208
      vertex 22.728705 27.638350 16.174208
    endloop
  endfacet
  facet normal 0.974089 -0.023432 0.224946
    outer loop
      vertex 24.523829 29.207046 14.513754
      vertex 24.547887 30.207150 14.513754
      vertex 24.376310 29.964872 15.231499
    endloop
  endfacet
  facet normal 0.974089 -0.023432 0.224946
    outer loop
      vertex 24.523829 29.207046 14.513754
      vertex 24.376310 29.964872 15.231499
      vertex 24.351045 28.914612 15.231499
    endloop
  endfacet
  facet normal -0.975388 0.030222 -0.218416
    outer loop
      vertex 22.866396 26.401855 15.435626
      vertex 22.821975 24.968191 15.435626
      vertex 22.645914 24.623739 16.174208
    endloop
  endfacet
  facet normal -0.975388 0.030222 -0.218416
    outer loop
      vertex 22.866396 26.401855 15.435626
      vertex 22.645914 24.623739 16.174208
      vertex 22.691854 26.106444 16.174208
    endloop
  endfacet
  facet normal 0.974512 -0.030194 0.222293
    outer loop
      vertex 24.493837 28.239064 14.513754
      vertex 24.523829 29.207046 14.513754
      vertex 24.351045 28.914612 15.231499
    endloop
  endfacet
  facet normal 0.974512 -0.030194 0.222293
    outer loop
      vertex 24.493837 28.239064 14.513754
      vertex 24.351045 28.914612 15.231499
      vertex 24.319549 27.898083 15.231499
    endloop
  endfacet
  facet normal 0.732566 -0.666892 -0.136390
    outer loop
      vertex 22.821975 24.968191 15.435626
      vertex 24.477414 26.786652 15.435626
      vertex 24.357979 26.504404 16.174208
    endloop
  endfacet
  facet normal 0.732566 -0.666892 -0.136390
    outer loop
      vertex 22.821975 24.968191 15.435626
      vertex 24.357979 26.504404 16.174208
      vertex 22.645914 24.623739 16.174208
    endloop
  endfacet
  facet normal -0.732309 0.666659 0.138887
    outer loop
      vertex 25.611557 29.466854 14.513754
      vertex 24.493837 28.239064 14.513754
      vertex 24.319549 27.898083 15.231499
    endloop
  endfacet
  facet normal -0.732309 0.666659 0.138887
    outer loop
      vertex 25.611557 29.466854 14.513754
      vertex 24.319549 27.898083 15.231499
      vertex 25.493325 29.187449 15.231499
    endloop
  endfacet
  facet normal 0.723037 -0.676168 -0.141476
    outer loop
      vertex 24.477414 26.786652 15.435626
      vertex 26.257274 28.689885 15.435626
      vertex 26.198721 28.472739 16.174208
    endloop
  endfacet
  facet normal 0.723037 -0.676168 -0.141476
    outer loop
      vertex 24.477414 26.786652 15.435626
      vertex 26.198721 28.472739 16.174208
      vertex 24.357979 26.504404 16.174208
    endloop
  endfacet
  facet normal -0.722764 0.675913 0.144062
    outer loop
      vertex 26.813284 30.751880 14.513754
      vertex 25.611557 29.466854 14.513754
      vertex 25.493325 29.187449 15.231499
    endloop
  endfacet
  facet normal -0.722764 0.675913 0.144062
    outer loop
      vertex 26.813284 30.751880 14.513754
      vertex 25.493325 29.187449 15.231499
      vertex 26.755321 30.536922 15.231499
    endloop
  endfacet
  facet normal 0.709587 -0.689244 -0.146386
    outer loop
      vertex 26.257274 28.689885 15.435626
      vertex 28.254162 30.745711 15.435626
      vertex 28.263915 30.598887 16.174208
    endloop
  endfacet
  facet normal 0.709587 -0.689244 -0.146386
    outer loop
      vertex 26.257274 28.689885 15.435626
      vertex 28.263915 30.598887 16.174208
      vertex 26.198721 28.472739 16.174208
    endloop
  endfacet
  facet normal -0.709301 0.688966 0.149058
    outer loop
      vertex 28.161544 32.139934 14.513754
      vertex 26.813284 30.751880 14.513754
      vertex 26.755321 30.536922 15.231499
    endloop
  endfacet
  facet normal -0.709301 0.688966 0.149058
    outer loop
      vertex 28.161544 32.139934 14.513754
      vertex 26.755321 30.536922 15.231499
      vertex 28.171199 31.994589 15.231499
    endloop
  endfacet
  facet normal 0.725745 -0.672864 -0.143344
    outer loop
      vertex 28.254162 30.745711 15.435626
      vertex 30.529163 33.199506 15.435626
      vertex 30.616736 33.136618 16.174208
    endloop
  endfacet
  facet normal 0.725745 -0.672864 -0.143344
    outer loop
      vertex 28.254162 30.745711 15.435626
      vertex 30.616736 33.136618 16.174208
      vertex 28.263915 30.598887 16.174208
    endloop
  endfacet
  facet normal -0.725464 0.672604 0.145963
    outer loop
      vertex 29.697581 33.796689 14.513754
      vertex 28.161544 32.139934 14.513754
      vertex 28.171199 31.994589 15.231499
    endloop
  endfacet
  facet normal -0.725464 0.672604 0.145963
    outer loop
      vertex 29.697581 33.796689 14.513754
      vertex 28.171199 31.994589 15.231499
      vertex 29.784271 33.734434 15.231499
    endloop
  endfacet
  facet normal 0.796545 -0.587074 -0.144433
    outer loop
      vertex 30.529163 33.199506 15.435626
      vertex 32.478343 35.844162 15.435626
      vertex 32.632590 35.871738 16.174208
    endloop
  endfacet
  facet normal 0.796545 -0.587074 -0.144433
    outer loop
      vertex 30.529163 33.199506 15.435626
      vertex 32.632590 35.871738 16.174208
      vertex 30.616736 33.136618 16.174208
    endloop
  endfacet
  facet normal -0.796232 0.586843 0.147071
    outer loop
      vertex 31.013629 35.582310 14.513754
      vertex 29.697581 33.796689 14.513754
      vertex 29.784271 33.734434 15.231499
    endloop
  endfacet
  facet normal -0.796232 0.586843 0.147071
    outer loop
      vertex 31.013629 35.582310 14.513754
      vertex 29.784271 33.734434 15.231499
      vertex 31.166323 35.609607 15.231499
    endloop
  endfacet
  facet normal 0.802485 -0.578536 -0.145993
    outer loop
      vertex 32.478343 35.844162 15.435626
      vertex 34.128596 38.133224 15.435626
      vertex 34.339292 38.239099 16.174208
    endloop
  endfacet
  facet normal 0.802485 -0.578536 -0.145993
    outer loop
      vertex 32.478343 35.844162 15.435626
      vertex 34.339292 38.239099 16.174208
      vertex 32.632590 35.871738 16.174208
    endloop
  endfacet
  facet normal -0.802163 0.578304 0.148658
    outer loop
      vertex 32.127848 37.127840 14.513754
      vertex 31.013629 35.582310 14.513754
      vertex 31.166323 35.609607 15.231499
    endloop
  endfacet
  facet normal -0.802163 0.578304 0.148658
    outer loop
      vertex 32.127848 37.127840 14.513754
      vertex 31.166323 35.609607 15.231499
      vertex 32.336422 37.232649 15.231499
    endloop
  endfacet
  facet normal 0.792121 -0.593894 -0.140834
    outer loop
      vertex 34.128596 38.133224 15.435626
      vertex 35.678127 40.199947 15.435626
      vertex 35.941826 40.376517 16.174208
    endloop
  endfacet
  facet normal 0.792121 -0.593894 -0.140834
    outer loop
      vertex 34.128596 38.133224 15.435626
      vertex 35.941826 40.376517 16.174208
      vertex 34.339292 38.239099 16.174208
    endloop
  endfacet
  facet normal -0.791825 0.593672 0.143409
    outer loop
      vertex 33.174061 38.523251 14.513754
      vertex 32.127848 37.127840 14.513754
      vertex 32.336422 37.232649 15.231499
    endloop
  endfacet
  facet normal -0.791825 0.593672 0.143409
    outer loop
      vertex 33.174061 38.523251 14.513754
      vertex 32.336422 37.232649 15.231499
      vertex 33.435104 38.698043 15.231499
    endloop
  endfacet
  facet normal 0.785099 -0.604290 -0.135842
    outer loop
      vertex 35.678127 40.199947 15.435626
      vertex 37.169201 42.137164 15.435626
      vertex 37.483905 42.380000 16.174208
    endloop
  endfacet
  facet normal 0.785099 -0.604290 -0.135842
    outer loop
      vertex 35.678127 40.199947 15.435626
      vertex 37.483905 42.380000 16.174208
      vertex 35.941826 40.376517 16.174208
    endloop
  endfacet
  facet normal -0.784826 0.604080 0.138329
    outer loop
      vertex 34.180806 39.831223 14.513754
      vertex 33.174061 38.523251 14.513754
      vertex 33.435104 38.698043 15.231499
    endloop
  endfacet
  facet normal -0.784826 0.604080 0.138329
    outer loop
      vertex 34.180806 39.831223 14.513754
      vertex 33.435104 38.698043 15.231499
      vertex 34.492340 40.071612 15.231499
    endloop
  endfacet
  facet normal -0.248312 0.946644 -0.205440
    outer loop
      vertex 37.169201 42.137164 15.435626
      vertex 35.699632 41.751686 15.435626
      vertex 35.964067 41.981335 16.174208
    endloop
  endfacet
  facet normal -0.248312 0.946644 -0.205440
    outer loop
      vertex 37.169201 42.137164 15.435626
      vertex 35.964067 41.981335 16.174208
      vertex 37.483905 42.380000 16.174208
    endloop
  endfacet
  facet normal 0.248115 -0.945893 0.209108
    outer loop
      vertex 33.188581 39.570955 14.513754
      vertex 34.180806 39.831223 14.513754
      vertex 34.492340 40.071612 15.231499
    endloop
  endfacet
  facet normal 0.248115 -0.945893 0.209108
    outer loop
      vertex 33.188581 39.570955 14.513754
      vertex 34.492340 40.071612 15.231499
      vertex 33.450353 39.798291 15.231499
    endloop
  endfacet
  facet normal -0.241082 0.947864 -0.208408
    outer loop
      vertex 35.699632 41.751686 15.435626
      vertex 34.177892 41.364643 15.435626
      vertex 34.390274 41.581053 16.174208
    endloop
  endfacet
  facet normal -0.241082 0.947864 -0.208408
    outer loop
      vertex 35.699632 41.751686 15.435626
      vertex 34.390274 41.581053 16.174208
      vertex 35.964067 41.981335 16.174208
    endloop
  endfacet
  facet normal 0.240885 -0.947089 0.212124
    outer loop
      vertex 32.161132 39.309631 14.513754
      vertex 33.188581 39.570955 14.513754
      vertex 33.450353 39.798291 15.231499
    endloop
  endfacet
  facet normal 0.240885 -0.947089 0.212124
    outer loop
      vertex 32.161132 39.309631 14.513754
      vertex 33.450353 39.798291 15.231499
      vertex 32.371375 39.523862 15.231499
    endloop
  endfacet
  facet normal -0.233369 0.949215 -0.211021
    outer loop
      vertex 34.177892 41.364643 15.435626
      vertex 32.588622 40.973913 15.435626
      vertex 32.746641 41.176958 16.174208
    endloop
  endfacet
  facet normal -0.233369 0.949215 -0.211021
    outer loop
      vertex 34.177892 41.364643 15.435626
      vertex 32.746641 41.176958 16.174208
      vertex 34.390274 41.581053 16.174208
    endloop
  endfacet
  facet normal 0.233174 -0.948420 0.214780
    outer loop
      vertex 31.088087 39.045818 14.513754
      vertex 32.161132 39.309631 14.513754
      vertex 32.371375 39.523862 15.231499
    endloop
  endfacet
  facet normal 0.233174 -0.948420 0.214780
    outer loop
      vertex 31.088087 39.045818 14.513754
      vertex 32.371375 39.523862 15.231499
      vertex 31.244515 39.246817 15.231499
    endloop
  endfacet
  facet normal -0.227567 0.950281 -0.212556
    outer loop
      vertex 32.588622 40.973913 15.435626
      vertex 30.909833 40.571888 15.435626
      vertex 31.010427 40.761181 16.174208
    endloop
  endfacet
  facet normal -0.227567 0.950281 -0.212556
    outer loop
      vertex 32.588622 40.973913 15.435626
      vertex 31.010427 40.761181 16.174208
      vertex 32.746641 41.176958 16.174208
    endloop
  endfacet
  facet normal 0.227373 -0.949473 0.216339
    outer loop
      vertex 29.954601 38.774378 14.513754
      vertex 31.088087 39.045818 14.513754
      vertex 31.244515 39.246817 15.231499
    endloop
  endfacet
  facet normal 0.227373 -0.949473 0.216339
    outer loop
      vertex 29.954601 38.774378 14.513754
      vertex 31.244515 39.246817 15.231499
      vertex 30.054182 38.961765 15.231499
    endloop
  endfacet
  facet normal -0.231230 0.949549 -0.211869
    outer loop
      vertex 30.909833 40.571888 15.435626
      vertex 29.116835 40.135265 15.435626
      vertex 29.156097 40.309623 16.174208
    endloop
  endfacet
  facet normal -0.231230 0.949549 -0.211869
    outer loop
      vertex 30.909833 40.571888 15.435626
      vertex 29.156097 40.309623 16.174208
      vertex 31.010427 40.761181 16.174208
    endloop
  endfacet
  facet normal 0.231035 -0.948747 0.215642
    outer loop
      vertex 28.744004 38.479579 14.513754
      vertex 29.954601 38.774378 14.513754
      vertex 30.054182 38.961765 15.231499
    endloop
  endfacet
  facet normal 0.231035 -0.948747 0.215642
    outer loop
      vertex 28.744004 38.479579 14.513754
      vertex 30.054182 38.961765 15.231499
      vertex 28.782871 38.652181 15.231499
    endloop
  endfacet
  facet normal -0.259175 0.942983 -0.208834
    outer loop
      vertex 29.116835 40.135265 15.435626
      vertex 27.215337 39.612647 15.435626
      vertex 27.189556 39.769128 16.174208
    endloop
  endfacet
  facet normal -0.259175 0.942983 -0.208834
    outer loop
      vertex 29.116835 40.135265 15.435626
      vertex 27.189556 39.769128 16.174208
      vertex 29.156097 40.309623 16.174208
    endloop
  endfacet
  facet normal 0.258962 -0.942209 0.212557
    outer loop
      vertex 27.460149 38.126718 14.513754
      vertex 28.744004 38.479579 14.513754
      vertex 28.782871 38.652181 15.231499
    endloop
  endfacet
  facet normal 0.258962 -0.942209 0.212557
    outer loop
      vertex 27.460149 38.126718 14.513754
      vertex 28.782871 38.652181 15.231499
      vertex 27.434628 38.281622 15.231499
    endloop
  endfacet
  facet normal -0.313328 0.926746 -0.207284
    outer loop
      vertex 27.215337 39.612647 15.435626
      vertex 25.304420 38.966577 15.435626
      vertex 25.213274 39.100958 16.174208
    endloop
  endfacet
  facet normal -0.313328 0.926746 -0.207284
    outer loop
      vertex 27.215337 39.612647 15.435626
      vertex 25.213274 39.100958 16.174208
      vertex 27.189556 39.769128 16.174208
    endloop
  endfacet
  facet normal 0.313074 -0.925997 0.210982
    outer loop
      vertex 26.169935 37.690504 14.513754
      vertex 27.460149 38.126718 14.513754
      vertex 27.434628 38.281622 15.231499
    endloop
  endfacet
  facet normal 0.313074 -0.925997 0.210982
    outer loop
      vertex 26.169935 37.690504 14.513754
      vertex 27.434628 38.281622 15.231499
      vertex 26.079707 37.823531 15.231499
    endloop
  endfacet
  facet normal -0.359259 0.909353 -0.209788
    outer loop
      vertex 25.304420 38.966577 15.435626
      vertex 23.508132 38.256915 15.435626
      vertex 23.355542 38.367022 16.174208
    endloop
  endfacet
  facet normal -0.359259 0.909353 -0.209788
    outer loop
      vertex 25.304420 38.966577 15.435626
      vertex 23.355542 38.367022 16.174208
      vertex 25.213274 39.100958 16.174208
    endloop
  endfacet
  facet normal 0.358962 -0.908600 0.213526
    outer loop
      vertex 24.957116 37.211354 14.513754
      vertex 26.169935 37.690504 14.513754
      vertex 26.079707 37.823531 15.231499
    endloop
  endfacet
  facet normal 0.358962 -0.908600 0.213526
    outer loop
      vertex 24.957116 37.211354 14.513754
      vertex 26.079707 37.823531 15.231499
      vertex 24.806063 37.320351 15.231499
    endloop
  endfacet
  facet normal -0.986067 0.143911 -0.083433
    outer loop
      vertex 23.355542 38.367022 16.174208
      vertex 23.083748 36.504712 16.174208
      vertex 23.025439 36.522218 16.893540
    endloop
  endfacet
  facet normal -0.986067 0.143911 -0.083433
    outer loop
      vertex 23.355542 38.367022 16.174208
      vertex 23.025439 36.522218 16.893540
      vertex 23.300476 38.406756 16.893540
    endloop
  endfacet
  facet normal 0.986175 -0.143927 0.082116
    outer loop
      vertex 24.619724 36.043569 15.231499
      vertex 24.806063 37.320351 15.231499
      vertex 24.752422 37.359057 15.943540
    endloop
  endfacet
  facet normal 0.986175 -0.143927 0.082116
    outer loop
      vertex 24.619724 36.043569 15.231499
      vertex 24.752422 37.359057 15.943540
      vertex 24.562923 36.060622 15.943540
    endloop
  endfacet
  facet normal -0.992000 0.095349 -0.082732
    outer loop
      vertex 23.083748 36.504712 16.174208
      vertex 22.898482 34.577225 16.174208
      vertex 22.837961 34.571725 16.893540
    endloop
  endfacet
  facet normal -0.992000 0.095349 -0.082732
    outer loop
      vertex 23.083748 36.504712 16.174208
      vertex 22.837961 34.571725 16.893540
      vertex 23.025439 36.522218 16.893540
    endloop
  endfacet
  facet normal 0.992107 -0.095359 0.081426
    outer loop
      vertex 24.492707 34.722101 15.231499
      vertex 24.619724 36.043569 15.231499
      vertex 24.562923 36.060622 15.943540
    endloop
  endfacet
  facet normal 0.992107 -0.095359 0.081426
    outer loop
      vertex 24.492707 34.722101 15.231499
      vertex 24.562923 36.060622 15.943540
      vertex 24.433752 34.716743 15.943540
    endloop
  endfacet
  facet normal -0.995476 0.045504 -0.083406
    outer loop
      vertex 22.898482 34.577225 16.174208
      vertex 22.812265 32.691101 16.174208
      vertex 22.750715 32.663089 16.893540
    endloop
  endfacet
  facet normal -0.995476 0.045504 -0.083406
    outer loop
      vertex 22.898482 34.577225 16.174208
      vertex 22.750715 32.663089 16.893540
      vertex 22.837961 34.571725 16.893540
    endloop
  endfacet
  facet normal 0.995585 -0.045509 0.082089
    outer loop
      vertex 24.433598 33.428992 15.231499
      vertex 24.492707 34.722101 15.231499
      vertex 24.433752 34.716743 15.943540
    endloop
  endfacet
  facet normal 0.995585 -0.045509 0.082089
    outer loop
      vertex 24.433598 33.428992 15.231499
      vertex 24.433752 34.716743 15.943540
      vertex 24.373640 33.401704 15.943540
    endloop
  endfacet
  facet normal -0.996244 0.018869 -0.084508
    outer loop
      vertex 22.812265 32.691101 16.174208
      vertex 22.778536 30.910279 16.174208
      vertex 22.716584 30.861011 16.893540
    endloop
  endfacet
  facet normal -0.996244 0.018869 -0.084508
    outer loop
      vertex 22.812265 32.691101 16.174208
      vertex 22.716584 30.861011 16.893540
      vertex 22.750715 32.663089 16.893540
    endloop
  endfacet
  facet normal 0.996356 -0.018871 0.083175
    outer loop
      vertex 24.410473 32.208076 15.231499
      vertex 24.433598 33.428992 15.231499
      vertex 24.373640 33.401704 15.943540
    endloop
  endfacet
  facet normal 0.996356 -0.018871 0.083175
    outer loop
      vertex 24.410473 32.208076 15.231499
      vertex 24.373640 33.401704 15.943540
      vertex 24.350124 32.160084 15.943540
    endloop
  endfacet
  facet normal -0.996302 0.013240 -0.084899
    outer loop
      vertex 22.778536 30.910279 16.174208
      vertex 22.756249 29.233221 16.174208
      vertex 22.694031 29.163937 16.893540
    endloop
  endfacet
  facet normal -0.996302 0.013240 -0.084899
    outer loop
      vertex 22.778536 30.910279 16.174208
      vertex 22.694031 29.163937 16.893540
      vertex 22.716584 30.861011 16.893540
    endloop
  endfacet
  facet normal 0.996415 -0.013242 0.083559
    outer loop
      vertex 24.395193 31.058301 15.231499
      vertex 24.410473 32.208076 15.231499
      vertex 24.350124 32.160084 15.943540
    endloop
  endfacet
  facet normal 0.996415 -0.013242 0.083559
    outer loop
      vertex 24.395193 31.058301 15.231499
      vertex 24.350124 32.160084 15.943540
      vertex 24.334585 30.990809 15.943540
    endloop
  endfacet
  facet normal -0.996274 0.017206 -0.084515
    outer loop
      vertex 22.756249 29.233221 16.174208
      vertex 22.728705 27.638350 16.174208
      vertex 22.666158 27.550030 16.893540
    endloop
  endfacet
  facet normal -0.996274 0.017206 -0.084515
    outer loop
      vertex 22.756249 29.233221 16.174208
      vertex 22.666158 27.550030 16.893540
      vertex 22.694031 29.163937 16.893540
    endloop
  endfacet
  facet normal 0.996386 -0.017208 0.083181
    outer loop
      vertex 24.376310 29.964872 15.231499
      vertex 24.395193 31.058301 15.231499
      vertex 24.334585 30.990809 15.943540
    endloop
  endfacet
  facet normal 0.996386 -0.017208 0.083181
    outer loop
      vertex 24.376310 29.964872 15.231499
      vertex 24.334585 30.990809 15.943540
      vertex 24.315381 29.878837 15.943540
    endloop
  endfacet
  facet normal -0.996205 0.023964 -0.083679
    outer loop
      vertex 22.728705 27.638350 16.174208
      vertex 22.691854 26.106444 16.174208
      vertex 22.628868 25.999840 16.893540
    endloop
  endfacet
  facet normal -0.996205 0.023964 -0.083679
    outer loop
      vertex 22.728705 27.638350 16.174208
      vertex 22.628868 25.999840 16.893540
      vertex 22.666158 27.550030 16.893540
    endloop
  endfacet
  facet normal 0.996315 -0.023967 0.082358
    outer loop
      vertex 24.351045 28.914612 15.231499
      vertex 24.376310 29.964872 15.231499
      vertex 24.315381 29.878837 15.943540
    endloop
  endfacet
  facet normal 0.996315 -0.023967 0.082358
    outer loop
      vertex 24.351045 28.914612 15.231499
      vertex 24.315381 29.878837 15.943540
      vertex 24.289688 28.810765 15.943540
    endloop
  endfacet
  facet normal -0.996101 0.030863 -0.082647
    outer loop
      vertex 22.691854 26.106444 16.174208
      vertex 22.645914 24.623739 16.174208
      vertex 22.582379 24.499438 16.893540
    endloop
  endfacet
  facet normal -0.996101 0.030863 -0.082647
    outer loop
      vertex 22.691854 26.106444 16.174208
      vertex 22.582379 24.499438 16.893540
      vertex 22.628868 25.999840 16.893540
    endloop
  endfacet
  facet normal 0.996208 -0.030867 0.081343
    outer loop
      vertex 24.319549 27.898083 15.231499
      vertex 24.351045 28.914612 15.231499
      vertex 24.289688 28.810765 15.943540
    endloop
  endfacet
  facet normal 0.996208 -0.030867 0.081343
    outer loop
      vertex 24.319549 27.898083 15.231499
      vertex 24.289688 28.810765 15.943540
      vertex 24.257657 27.776997 15.943540
    endloop
  endfacet
  facet normal 0.738516 -0.672309 -0.050946
    outer loop
      vertex 22.645914 24.623739 16.174208
      vertex 24.357979 26.504404 16.174208
      vertex 24.314878 26.402549 16.893540
    endloop
  endfacet
  facet normal 0.738516 -0.672309 -0.050946
    outer loop
      vertex 22.645914 24.623739 16.174208
      vertex 24.314878 26.402549 16.893540
      vertex 22.582379 24.499438 16.893540
    endloop
  endfacet
  facet normal -0.738546 0.672336 0.050139
    outer loop
      vertex 25.493325 29.187449 15.231499
      vertex 24.319549 27.898083 15.231499
      vertex 24.257657 27.776997 15.943540
    endloop
  endfacet
  facet normal -0.738546 0.672336 0.050139
    outer loop
      vertex 25.493325 29.187449 15.231499
      vertex 24.257657 27.776997 15.943540
      vertex 25.451339 29.088229 15.943540
    endloop
  endfacet
  facet normal 0.729361 -0.682082 -0.052879
    outer loop
      vertex 24.357979 26.504404 16.174208
      vertex 26.198721 28.472739 16.174208
      vertex 26.177592 28.394378 16.893540
    endloop
  endfacet
  facet normal 0.729361 -0.682082 -0.052879
    outer loop
      vertex 24.357979 26.504404 16.174208
      vertex 26.177592 28.394378 16.893540
      vertex 24.314878 26.402549 16.893540
    endloop
  endfacet
  facet normal -0.729393 0.682112 0.052041
    outer loop
      vertex 26.755321 30.536922 15.231499
      vertex 25.493325 29.187449 15.231499
      vertex 25.451339 29.088229 15.943540
    endloop
  endfacet
  facet normal -0.729393 0.682112 0.052041
    outer loop
      vertex 26.755321 30.536922 15.231499
      vertex 25.451339 29.088229 15.943540
      vertex 26.734738 30.460588 15.943540
    endloop
  endfacet
  facet normal 0.716238 -0.695705 -0.054748
    outer loop
      vertex 26.198721 28.472739 16.174208
      vertex 28.263915 30.598887 16.174208
      vertex 28.267435 30.545903 16.893540
    endloop
  endfacet
  facet normal 0.716238 -0.695705 -0.054748
    outer loop
      vertex 26.198721 28.472739 16.174208
      vertex 28.267435 30.545903 16.893540
      vertex 26.177592 28.394378 16.893540
    endloop
  endfacet
  facet normal -0.716272 0.695738 0.053881
    outer loop
      vertex 28.171199 31.994589 15.231499
      vertex 26.755321 30.536922 15.231499
      vertex 26.734738 30.460588 15.943540
    endloop
  endfacet
  facet normal -0.716272 0.695738 0.053881
    outer loop
      vertex 28.171199 31.994589 15.231499
      vertex 26.734738 30.460588 15.943540
      vertex 28.174628 31.942976 15.943540
    endloop
  endfacet
  facet normal 0.732264 -0.678909 -0.053589
    outer loop
      vertex 28.263915 30.598887 16.174208
      vertex 30.616736 33.136618 16.174208
      vertex 30.648338 33.113923 16.893540
    endloop
  endfacet
  facet normal 0.732264 -0.678909 -0.053589
    outer loop
      vertex 28.263915 30.598887 16.174208
      vertex 30.648338 33.113923 16.893540
      vertex 28.267435 30.545903 16.893540
    endloop
  endfacet
  facet normal -0.732298 0.678939 0.052740
    outer loop
      vertex 29.784271 33.734434 15.231499
      vertex 28.171199 31.994589 15.231499
      vertex 28.174628 31.942976 15.943540
    endloop
  endfacet
  facet normal -0.732298 0.678939 0.052740
    outer loop
      vertex 29.784271 33.734434 15.231499
      vertex 28.174628 31.942976 15.943540
      vertex 29.815056 33.712327 15.943540
    endloop
  endfacet
  facet normal 0.803810 -0.592429 -0.054004
    outer loop
      vertex 30.616736 33.136618 16.174208
      vertex 32.632590 35.871738 16.174208
      vertex 32.688253 35.881689 16.893540
    endloop
  endfacet
  facet normal 0.803810 -0.592429 -0.054004
    outer loop
      vertex 30.616736 33.136618 16.174208
      vertex 32.688253 35.881689 16.893540
      vertex 30.648338 33.113923 16.893540
    endloop
  endfacet
  facet normal -0.803847 0.592456 0.053149
    outer loop
      vertex 31.166323 35.609607 15.231499
      vertex 29.784271 33.734434 15.231499
      vertex 29.815056 33.712327 15.943540
    endloop
  endfacet
  facet normal -0.803847 0.592456 0.053149
    outer loop
      vertex 31.166323 35.609607 15.231499
      vertex 29.815056 33.712327 15.943540
      vertex 31.220545 35.619301 15.943540
    endloop
  endfacet
  facet normal 0.809967 -0.583929 -0.054598
    outer loop
      vertex 32.632590 35.871738 16.174208
      vertex 34.339292 38.239099 16.174208
      vertex 34.415326 38.277307 16.893540
    endloop
  endfacet
  facet normal 0.809967 -0.583929 -0.054598
    outer loop
      vertex 32.632590 35.871738 16.174208
      vertex 34.415326 38.277307 16.893540
      vertex 32.688253 35.881689 16.893540
    endloop
  endfacet
  facet normal -0.810005 0.583957 0.053733
    outer loop
      vertex 32.336422 37.232649 15.231499
      vertex 31.166323 35.609607 15.231499
      vertex 31.220545 35.619301 15.943540
    endloop
  endfacet
  facet normal -0.810005 0.583957 0.053733
    outer loop
      vertex 32.336422 37.232649 15.231499
      vertex 31.220545 35.619301 15.943540
      vertex 32.410488 37.269868 15.943540
    endloop
  endfacet
  facet normal 0.798986 -0.599042 -0.052635
    outer loop
      vertex 34.339292 38.239099 16.174208
      vertex 35.941826 40.376517 16.174208
      vertex 36.036987 40.440236 16.893540
    endloop
  endfacet
  facet normal 0.798986 -0.599042 -0.052635
    outer loop
      vertex 34.339292 38.239099 16.174208
      vertex 36.036987 40.440236 16.893540
      vertex 34.415326 38.277307 16.893540
    endloop
  endfacet
  facet normal -0.799021 0.599068 0.051801
    outer loop
      vertex 33.435104 38.698043 15.231499
      vertex 32.336422 37.232649 15.231499
      vertex 32.410488 37.269868 15.943540
    endloop
  endfacet
  facet normal -0.799021 0.599068 0.051801
    outer loop
      vertex 33.435104 38.698043 15.231499
      vertex 32.410488 37.269868 15.943540
      vertex 33.527804 38.760113 15.943540
    endloop
  endfacet
  facet normal 0.791424 -0.609158 -0.050738
    outer loop
      vertex 35.941826 40.376517 16.174208
      vertex 37.483905 42.380000 16.174208
      vertex 37.597472 42.467632 16.893540
    endloop
  endfacet
  facet normal 0.791424 -0.609158 -0.050738
    outer loop
      vertex 35.941826 40.376517 16.174208
      vertex 37.597472 42.467632 16.893540
      vertex 36.036987 40.440236 16.893540
    endloop
  endfacet
  facet normal -0.791456 0.609183 0.049934
    outer loop
      vertex 34.492340 40.071612 15.231499
      vertex 33.435104 38.698043 15.231499
      vertex 33.527804 38.760113 15.943540
    endloop
  endfacet
  facet normal -0.791456 0.609183 0.049934
    outer loop
      vertex 34.492340 40.071612 15.231499
      vertex 33.527804 38.760113 15.943540
      vertex 34.602968 40.156977 15.943540
    endloop
  endfacet
  facet normal -0.252960 0.964364 -0.077545
    outer loop
      vertex 37.483905 42.380000 16.174208
      vertex 35.964067 41.981335 16.174208
      vertex 36.059494 42.064209 16.893540
    endloop
  endfacet
  facet normal -0.252960 0.964364 -0.077545
    outer loop
      vertex 37.483905 42.380000 16.174208
      vertex 36.059494 42.064209 16.893540
      vertex 37.597472 42.467632 16.893540
    endloop
  endfacet
  facet normal 0.252984 -0.964456 0.076320
    outer loop
      vertex 33.450353 39.798291 15.231499
      vertex 34.492340 40.071612 15.231499
      vertex 34.602968 40.156977 15.943540
    endloop
  endfacet
  facet normal 0.252984 -0.964456 0.076320
    outer loop
      vertex 33.450353 39.798291 15.231499
      vertex 34.602968 40.156977 15.943540
      vertex 33.543310 39.879021 15.943540
    endloop
  endfacet
  facet normal -0.245730 0.966138 -0.078709
    outer loop
      vertex 35.964067 41.981335 16.174208
      vertex 34.390274 41.581053 16.174208
      vertex 34.466916 41.659149 16.893540
    endloop
  endfacet
  facet normal -0.245730 0.966138 -0.078709
    outer loop
      vertex 35.964067 41.981335 16.174208
      vertex 34.466916 41.659149 16.893540
      vertex 36.059494 42.064209 16.893540
    endloop
  endfacet
  facet normal 0.245754 -0.966232 0.077466
    outer loop
      vertex 32.371375 39.523862 15.231499
      vertex 33.450353 39.798291 15.231499
      vertex 33.543310 39.879021 15.943540
    endloop
  endfacet
  facet normal 0.245754 -0.966232 0.077466
    outer loop
      vertex 32.371375 39.523862 15.231499
      vertex 33.543310 39.879021 15.943540
      vertex 32.446034 39.599937 15.943540
    endloop
  endfacet
  facet normal -0.237985 0.967990 -0.079735
    outer loop
      vertex 34.390274 41.581053 16.174208
      vertex 32.746641 41.176958 16.174208
      vertex 32.803665 41.250230 16.893540
    endloop
  endfacet
  facet normal -0.237985 0.967990 -0.079735
    outer loop
      vertex 34.390274 41.581053 16.174208
      vertex 32.803665 41.250230 16.893540
      vertex 34.466916 41.659149 16.893540
    endloop
  endfacet
  facet normal 0.238009 -0.968087 0.078476
    outer loop
      vertex 31.244515 39.246817 15.231499
      vertex 32.371375 39.523862 15.231499
      vertex 32.446034 39.599937 15.943540
    endloop
  endfacet
  facet normal 0.238009 -0.968087 0.078476
    outer loop
      vertex 31.244515 39.246817 15.231499
      vertex 32.446034 39.599937 15.943540
      vertex 31.300064 39.318194 15.943540
    endloop
  endfacet
  facet normal -0.232136 0.969360 -0.080338
    outer loop
      vertex 32.746641 41.176958 16.174208
      vertex 31.010427 40.761181 16.174208
      vertex 31.046728 40.829491 16.893540
    endloop
  endfacet
  facet normal -0.232136 0.969360 -0.080338
    outer loop
      vertex 32.746641 41.176958 16.174208
      vertex 31.046728 40.829491 16.893540
      vertex 32.803665 41.250230 16.893540
    endloop
  endfacet
  facet normal 0.232159 -0.969459 0.079070
    outer loop
      vertex 30.054182 38.961765 15.231499
      vertex 31.244515 39.246817 15.231499
      vertex 31.300064 39.318194 15.943540
    endloop
  endfacet
  facet normal 0.232159 -0.969459 0.079070
    outer loop
      vertex 30.054182 38.961765 15.231499
      vertex 31.300064 39.318194 15.943540
      vertex 30.089544 39.028308 15.943540
    endloop
  endfacet
  facet normal -0.235842 0.968487 -0.080069
    outer loop
      vertex 31.010427 40.761181 16.174208
      vertex 29.156097 40.309623 16.174208
      vertex 29.170266 40.372544 16.893540
    endloop
  endfacet
  facet normal -0.235842 0.968487 -0.080069
    outer loop
      vertex 31.010427 40.761181 16.174208
      vertex 29.170266 40.372544 16.893540
      vertex 31.046728 40.829491 16.893540
    endloop
  endfacet
  facet normal 0.235865 -0.968585 0.078804
    outer loop
      vertex 28.782871 38.652181 15.231499
      vertex 30.054182 38.961765 15.231499
      vertex 30.089544 39.028308 15.943540
    endloop
  endfacet
  facet normal 0.235865 -0.968585 0.078804
    outer loop
      vertex 28.782871 38.652181 15.231499
      vertex 30.089544 39.028308 15.943540
      vertex 28.796673 38.713474 15.943540
    endloop
  endfacet
  facet normal -0.264192 0.961239 -0.078876
    outer loop
      vertex 29.156097 40.309623 16.174208
      vertex 27.189556 39.769128 16.174208
      vertex 27.180252 39.825597 16.893540
    endloop
  endfacet
  facet normal -0.264192 0.961239 -0.078876
    outer loop
      vertex 29.156097 40.309623 16.174208
      vertex 27.180252 39.825597 16.893540
      vertex 29.170266 40.372544 16.893540
    endloop
  endfacet
  facet normal 0.264218 -0.961334 0.077630
    outer loop
      vertex 27.434628 38.281622 15.231499
      vertex 28.782871 38.652181 15.231499
      vertex 28.796673 38.713474 15.943540
    endloop
  endfacet
  facet normal 0.264218 -0.961334 0.077630
    outer loop
      vertex 27.434628 38.281622 15.231499
      vertex 28.796673 38.713474 15.943540
      vertex 27.425565 38.336631 15.943540
    endloop
  endfacet
  facet normal -0.319302 0.944415 -0.078268
    outer loop
      vertex 27.189556 39.769128 16.174208
      vertex 25.213274 39.100958 16.174208
      vertex 25.180382 39.149452 16.893540
    endloop
  endfacet
  facet normal -0.319302 0.944415 -0.078268
    outer loop
      vertex 27.189556 39.769128 16.174208
      vertex 25.180382 39.149452 16.893540
      vertex 27.180252 39.825597 16.893540
    endloop
  endfacet
  facet normal 0.319332 -0.944507 0.077032
    outer loop
      vertex 26.079707 37.823531 15.231499
      vertex 27.434628 38.281622 15.231499
      vertex 27.425565 38.336631 15.943540
    endloop
  endfacet
  facet normal 0.319332 -0.944507 0.077032
    outer loop
      vertex 26.079707 37.823531 15.231499
      vertex 27.425565 38.336631 15.943540
      vertex 26.047666 37.870771 15.943540
    endloop
  endfacet
  facet normal -0.366280 0.927124 -0.079251
    outer loop
      vertex 25.213274 39.100958 16.174208
      vertex 23.355542 38.367022 16.174208
      vertex 23.300476 38.406756 16.893540
    endloop
  endfacet
  facet normal -0.366280 0.927124 -0.079251
    outer loop
      vertex 25.213274 39.100958 16.174208
      vertex 23.300476 38.406756 16.893540
      vertex 25.180382 39.149452 16.893540
    endloop
  endfacet
  facet normal 0.366316 -0.927216 0.077999
    outer loop
      vertex 24.806063 37.320351 15.231499
      vertex 26.079707 37.823531 15.231499
      vertex 26.047666 37.870771 15.943540
    endloop
  endfacet
  facet normal 0.366316 -0.927216 0.077999
    outer loop
      vertex 24.806063 37.320351 15.231499
      vertex 26.047666 37.870771 15.943540
      vertex 24.752422 37.359057 15.943540
    endloop
  endfacet
  facet normal 0.000000 0.000000 -1.000000
    outer loop
      vertex 26.008235 36.452885 4.311286
      vertex 25.813978 34.842172 4.311286
      vertex 25.892719 35.661380 4.311286
    endloop
  endfacet
  facet normal 0.000000 0.000000 -1.000000
    outer loop
      vertex 26.008235 36.452885 4.311286
      vertex 25.777335 34.040545 4.311286
      vertex 25.813978 34.842172 4.311286
    endloop
  endfacet
  facet normal 0.000000 0.000000 -1.000000
    outer loop
      vertex 26.008235 36.452885 4.311286
      vertex 25.762999 33.283673 4.311286
      vertex 25.777335 34.040545 4.311286
    endloop
  endfacet
  facet normal 0.000000 0.000000 -1.000000
    outer loop
      vertex 26.008235 36.452885 4.311286
      vertex 25.753527 32.570902 4.311286
      vertex 25.762999 33.283673 4.311286
    endloop
  endfacet
  facet normal 0.000000 0.000000 -1.000000
    outer loop
      vertex 26.008235 36.452885 4.311286
      vertex 25.741821 31.893061 4.311286
      vertex 25.753527 32.570902 4.311286
    endloop
  endfacet
  facet normal 0.000000 0.000000 -1.000000
    outer loop
      vertex 26.008235 36.452885 4.311286
      vertex 25.726159 31.241981 4.311286
      vertex 25.741821 31.893061 4.311286
    endloop
  endfacet
  facet normal 0.000000 0.000000 -1.000000
    outer loop
      vertex 26.008235 36.452885 4.311286
      vertex 25.706634 30.611812 4.311286
      vertex 25.726159 31.241981 4.311286
    endloop
  endfacet
  facet normal 0.000000 -0.000000 -1.000000
    outer loop
      vertex 26.008235 36.452885 4.311286
      vertex 26.434283 31.411119 4.311286
      vertex 25.706634 30.611812 4.311286
    endloop
  endfacet
  facet normal 0.000000 0.000000 -1.000000
    outer loop
      vertex 26.008235 36.452885 4.311286
      vertex 27.216623 32.247687 4.311286
      vertex 26.434283 31.411119 4.311286
    endloop
  endfacet
  facet normal 0.000000 0.000000 -1.000000
    outer loop
      vertex 26.008235 36.452885 4.311286
      vertex 28.094357 33.151327 4.311286
      vertex 27.216623 32.247687 4.311286
    endloop
  endfacet
  facet normal 0.000000 0.000000 -1.000000
    outer loop
      vertex 26.008235 36.452885 4.311286
      vertex 29.094337 34.229896 4.311286
      vertex 28.094357 33.151327 4.311286
    endloop
  endfacet
  facet normal 0.000000 0.000000 -1.000000
    outer loop
      vertex 26.008235 36.452885 4.311286
      vertex 29.951101 35.392357 4.311286
      vertex 29.094337 34.229896 4.311286
    endloop
  endfacet
  facet normal 0.000000 0.000000 -1.000000
    outer loop
      vertex 26.008235 36.452885 4.311286
      vertex 30.676471 36.398517 4.311286
      vertex 29.951101 35.392357 4.311286
    endloop
  endfacet
  facet normal 0.000000 0.000000 -1.000000
    outer loop
      vertex 26.008235 36.452885 4.311286
      vertex 31.357569 37.306947 4.311286
      vertex 30.676471 36.398517 4.311286
    endloop
  endfacet
  facet normal 0.000000 0.000000 -1.000000
    outer loop
      vertex 26.008235 36.452885 4.311286
      vertex 32.012973 38.158453 4.311286
      vertex 31.357569 37.306947 4.311286
    endloop
  endfacet
  facet normal 0.000000 0.000000 -1.000000
    outer loop
      vertex 26.008235 36.452885 4.311286
      vertex 31.367022 37.989016 4.311286
      vertex 32.012973 38.158453 4.311286
    endloop
  endfacet
  facet normal 0.000000 0.000000 -1.000000
    outer loop
      vertex 26.008235 36.452885 4.311286
      vertex 30.698139 37.818891 4.311286
      vertex 31.367022 37.989016 4.311286
    endloop
  endfacet
  facet normal 0.000000 0.000000 -1.000000
    outer loop
      vertex 26.008235 36.452885 4.311286
      vertex 29.999574 37.647145 4.311286
      vertex 30.698139 37.818891 4.311286
    endloop
  endfacet
  facet normal 0.000000 0.000000 -1.000000
    outer loop
      vertex 26.008235 36.452885 4.311286
      vertex 29.261660 37.470434 4.311286
      vertex 29.999574 37.647145 4.311286
    endloop
  endfacet
  facet normal 0.000000 0.000000 -1.000000
    outer loop
      vertex 26.008235 36.452885 4.311286
      vertex 28.473546 37.278516 4.311286
      vertex 29.261660 37.470434 4.311286
    endloop
  endfacet
  facet normal 0.000000 0.000000 -1.000000
    outer loop
      vertex 26.008235 36.452885 4.311286
      vertex 27.637740 37.048799 4.311286
      vertex 28.473546 37.278516 4.311286
    endloop
  endfacet
  facet normal 0.000000 0.000000 -1.000000
    outer loop
      vertex 26.008235 36.452885 4.311286
      vertex 26.797795 36.764818 4.311286
      vertex 27.637740 37.048799 4.311286
    endloop
  endfacet
  facet normal 0.507994 -0.074139 0.858164
    outer loop
      vertex 23.300476 38.406756 16.893540
      vertex 23.025439 36.522218 16.893540
      vertex 24.562923 36.060622 15.943540
    endloop
  endfacet
  facet normal 0.507994 -0.074139 0.858164
    outer loop
      vertex 23.300476 38.406756 16.893540
      vertex 24.562923 36.060622 15.943540
      vertex 24.752422 37.359057 15.943540
    endloop
  endfacet
  facet normal 0.514221 -0.049426 0.856233
    outer loop
      vertex 23.025439 36.522218 16.893540
      vertex 22.837961 34.571725 16.893540
      vertex 24.433752 34.716743 15.943540
    endloop
  endfacet
  facet normal 0.514221 -0.049426 0.856233
    outer loop
      vertex 23.025439 36.522218 16.893540
      vertex 24.433752 34.716743 15.943540
      vertex 24.562923 36.060622 15.943540
    endloop
  endfacet
  facet normal 0.512965 -0.023448 0.858089
    outer loop
      vertex 22.837961 34.571725 16.893540
      vertex 22.750715 32.663089 16.893540
      vertex 24.373640 33.401704 15.943540
    endloop
  endfacet
  facet normal 0.512965 -0.023448 0.858089
    outer loop
      vertex 22.837961 34.571725 16.893540
      vertex 24.373640 33.401704 15.943540
      vertex 24.433752 34.716743 15.943540
    endloop
  endfacet
  facet normal 0.508414 -0.009630 0.861059
    outer loop
      vertex 22.750715 32.663089 16.893540
      vertex 22.716584 30.861011 16.893540
      vertex 24.350124 32.160084 15.943540
    endloop
  endfacet
  facet normal 0.508414 -0.009630 0.861059
    outer loop
      vertex 22.750715 32.663089 16.893540
      vertex 24.350124 32.160084 15.943540
      vertex 24.373640 33.401704 15.943540
    endloop
  endfacet
  facet normal 0.506711 -0.006734 0.862090
    outer loop
      vertex 22.716584 30.861011 16.893540
      vertex 22.694031 29.163937 16.893540
      vertex 24.334585 30.990809 15.943540
    endloop
  endfacet
  facet normal 0.506711 -0.006734 0.862090
    outer loop
      vertex 22.716584 30.861011 16.893540
      vertex 24.334585 30.990809 15.943540
      vertex 24.350124 32.160084 15.943540
    endloop
  endfacet
  facet normal 0.508402 -0.008780 0.861075
    outer loop
      vertex 22.694031 29.163937 16.893540
      vertex 22.666158 27.550030 16.893540
      vertex 24.315381 29.878837 15.943540
    endloop
  endfacet
  facet normal 0.508402 -0.008780 0.861075
    outer loop
      vertex 22.694031 29.163937 16.893540
      vertex 24.315381 29.878837 15.943540
      vertex 24.334585 30.990809 15.943540
    endloop
  endfacet
  facet normal 0.512108 -0.012319 0.858833
    outer loop
      vertex 22.666158 27.550030 16.893540
      vertex 22.628868 25.999840 16.893540
      vertex 24.289688 28.810765 15.943540
    endloop
  endfacet
  facet normal 0.512108 -0.012319 0.858833
    outer loop
      vertex 22.666158 27.550030 16.893540
      vertex 24.289688 28.810765 15.943540
      vertex 24.315381 29.878837 15.943540
    endloop
  endfacet
  facet normal 0.516733 -0.016011 0.855997
    outer loop
      vertex 22.628868 25.999840 16.893540
      vertex 22.582379 24.499438 16.893540
      vertex 24.257657 27.776997 15.943540
    endloop
  endfacet
  facet normal 0.516733 -0.016011 0.855997
    outer loop
      vertex 22.628868 25.999840 16.893540
      vertex 24.257657 27.776997 15.943540
      vertex 24.289688 28.810765 15.943540
    endloop
  endfacet
  facet normal -0.518076 0.471631 0.713555
    outer loop
      vertex 22.582379 24.499438 16.893540
      vertex 24.314878 26.402549 16.893540
      vertex 25.451339 29.088229 15.943540
    endloop
  endfacet
  facet normal -0.518076 0.471631 0.713555
    outer loop
      vertex 22.582379 24.499438 16.893540
      vertex 25.451339 29.088229 15.943540
      vertex 24.257657 27.776997 15.943540
    endloop
  endfacet
  facet normal -0.501897 0.469363 0.726497
    outer loop
      vertex 24.314878 26.402549 16.893540
      vertex 26.177592 28.394378 16.893540
      vertex 26.734738 30.460588 15.943540
    endloop
  endfacet
  facet normal -0.501897 0.469363 0.726497
    outer loop
      vertex 24.314878 26.402549 16.893540
      vertex 26.734738 30.460588 15.943540
      vertex 25.451339 29.088229 15.943540
    endloop
  endfacet
  facet normal -0.483788 0.469919 0.738326
    outer loop
      vertex 26.177592 28.394378 16.893540
      vertex 28.267435 30.545903 16.893540
      vertex 28.174628 31.942976 15.943540
    endloop
  endfacet
  facet normal -0.483788 0.469919 0.738326
    outer loop
      vertex 26.177592 28.394378 16.893540
      vertex 28.174628 31.942976 15.943540
      vertex 26.734738 30.460588 15.943540
    endloop
  endfacet
  facet normal -0.500343 0.463886 0.731072
    outer loop
      vertex 28.267435 30.545903 16.893540
      vertex 30.648338 33.113923 16.893540
      vertex 29.815056 33.712327 15.943540
    endloop
  endfacet
  facet normal -0.500343 0.463886 0.731072
    outer loop
      vertex 28.267435 30.545903 16.893540
      vertex 29.815056 33.712327 15.943540
      vertex 28.174628 31.942976 15.943540
    endloop
  endfacet
  facet normal -0.546968 0.403130 0.733698
    outer loop
      vertex 30.648338 33.113923 16.893540
      vertex 32.688253 35.881689 16.893540
      vertex 31.220545 35.619301 15.943540
    endloop
  endfacet
  facet normal -0.546968 0.403130 0.733698
    outer loop
      vertex 30.648338 33.113923 16.893540
      vertex 31.220545 35.619301 15.943540
      vertex 29.815056 33.712327 15.943540
    endloop
  endfacet
  facet normal -0.547913 0.395007 0.737401
    outer loop
      vertex 32.688253 35.881689 16.893540
      vertex 34.415326 38.277307 16.893540
      vertex 32.410488 37.269868 15.943540
    endloop
  endfacet
  facet normal -0.547913 0.395007 0.737401
    outer loop
      vertex 32.688253 35.881689 16.893540
      vertex 32.410488 37.269868 15.943540
      vertex 31.220545 35.619301 15.943540
    endloop
  endfacet
  facet normal -0.551145 0.413222 0.724905
    outer loop
      vertex 34.415326 38.277307 16.893540
      vertex 36.036987 40.440236 16.893540
      vertex 33.527804 38.760113 15.943540
    endloop
  endfacet
  facet normal -0.551145 0.413222 0.724905
    outer loop
      vertex 34.415326 38.277307 16.893540
      vertex 33.527804 38.760113 15.943540
      vertex 32.410488 37.269868 15.943540
    endloop
  endfacet
  facet normal -0.556344 0.428218 0.712117
    outer loop
      vertex 36.036987 40.440236 16.893540
      vertex 37.597472 42.467632 16.893540
      vertex 34.602968 40.156977 15.943540
    endloop
  endfacet
  facet normal -0.556344 0.428218 0.712117
    outer loop
      vertex 36.036987 40.440236 16.893540
      vertex 34.602968 40.156977 15.943540
      vertex 33.527804 38.760113 15.943540
    endloop
  endfacet
  facet normal 0.137368 -0.523692 0.840760
    outer loop
      vertex 37.597472 42.467632 16.893540
      vertex 36.059494 42.064209 16.893540
      vertex 33.543310 39.879021 15.943540
    endloop
  endfacet
  facet normal 0.137368 -0.523692 0.840760
    outer loop
      vertex 37.597472 42.467632 16.893540
      vertex 33.543310 39.879021 15.943540
      vertex 34.602968 40.156977 15.943540
    endloop
  endfacet
  facet normal 0.132042 -0.519151 0.844421
    outer loop
      vertex 36.059494 42.064209 16.893540
      vertex 34.466916 41.659149 16.893540
      vertex 32.446034 39.599937 15.943540
    endloop
  endfacet
  facet normal 0.132042 -0.519151 0.844421
    outer loop
      vertex 36.059494 42.064209 16.893540
      vertex 32.446034 39.599937 15.943540
      vertex 33.543310 39.879021 15.943540
    endloop
  endfacet
  facet normal 0.126703 -0.515358 0.847557
    outer loop
      vertex 34.466916 41.659149 16.893540
      vertex 32.803665 41.250230 16.893540
      vertex 31.300064 39.318194 15.943540
    endloop
  endfacet
  facet normal 0.126703 -0.515358 0.847557
    outer loop
      vertex 34.466916 41.659149 16.893540
      vertex 31.300064 39.318194 15.943540
      vertex 32.446034 39.599937 15.943540
    endloop
  endfacet
  facet normal 0.122922 -0.513302 0.849360
    outer loop
      vertex 32.803665 41.250230 16.893540
      vertex 31.046728 40.829491 16.893540
      vertex 30.089544 39.028308 15.943540
    endloop
  endfacet
  facet normal 0.122922 -0.513302 0.849360
    outer loop
      vertex 32.803665 41.250230 16.893540
      vertex 30.089544 39.028308 15.943540
      vertex 31.300064 39.318194 15.943540
    endloop
  endfacet
  facet normal 0.125187 -0.514082 0.848557
    outer loop
      vertex 31.046728 40.829491 16.893540
      vertex 29.170266 40.372544 16.893540
      vertex 28.796673 38.713474 15.943540
    endloop
  endfacet
  facet normal 0.125187 -0.514082 0.848557
    outer loop
      vertex 31.046728 40.829491 16.893540
      vertex 28.796673 38.713474 15.943540
      vertex 30.089544 39.028308 15.943540
    endloop
  endfacet
  facet normal 0.141749 -0.515739 0.844938
    outer loop
      vertex 29.170266 40.372544 16.893540
      vertex 27.180252 39.825597 16.893540
      vertex 27.425565 38.336631 15.943540
    endloop
  endfacet
  facet normal 0.141749 -0.515739 0.844938
    outer loop
      vertex 29.170266 40.372544 16.893540
      vertex 27.425565 38.336631 15.943540
      vertex 28.796673 38.713474 15.943540
    endloop
  endfacet
  facet normal 0.172261 -0.509506 0.843048
    outer loop
      vertex 27.180252 39.825597 16.893540
      vertex 25.180382 39.149452 16.893540
      vertex 26.047666 37.870771 15.943540
    endloop
  endfacet
  facet normal 0.172261 -0.509506 0.843048
    outer loop
      vertex 27.180252 39.825597 16.893540
      vertex 26.047666 37.870771 15.943540
      vertex 27.425565 38.336631 15.943540
    endloop
  endfacet
  facet normal 0.195860 -0.495758 0.846087
    outer loop
      vertex 25.180382 39.149452 16.893540
      vertex 23.300476 38.406756 16.893540
      vertex 24.752422 37.359057 15.943540
    endloop
  endfacet
  facet normal 0.195860 -0.495758 0.846087
    outer loop
      vertex 25.180382 39.149452 16.893540
      vertex 24.752422 37.359057 15.943540
      vertex 26.047666 37.870771 15.943540
    endloop
  endfacet
  facet normal 0.000000 0.000000 1.000000
    outer loop
      vertex 27.381197 35.462180 5.694176
      vertex 27.346566 35.224894 5.694176
      vertex 27.322961 34.979302 5.694176
    endloop
  endfacet
  facet normal 0.000000 0.000000 1.000000
    outer loop
      vertex 27.381197 35.462180 5.694176
      vertex 27.322961 34.979302 5.694176
      vertex 27.311975 34.738982 5.694176
    endloop
  endfacet
  facet normal 0.000000 0.000000 1.000000
    outer loop
      vertex 27.381197 35.462180 5.694176
      vertex 27.311975 34.738982 5.694176
      vertex 27.307678 34.512078 5.694176
    endloop
  endfacet
  facet normal 0.000000 0.000000 1.000000
    outer loop
      vertex 27.381197 35.462180 5.694176
      vertex 27.307678 34.512078 5.694176
      vertex 27.304838 34.298395 5.694176
    endloop
  endfacet
  facet normal 0.000000 0.000000 1.000000
    outer loop
      vertex 27.381197 35.462180 5.694176
      vertex 27.304838 34.298395 5.694176
      vertex 27.301329 34.095184 5.694176
    endloop
  endfacet
  facet normal 0.000000 0.000000 1.000000
    outer loop
      vertex 27.381197 35.462180 5.694176
      vertex 27.301329 34.095184 5.694176
      vertex 27.296633 33.899996 5.694176
    endloop
  endfacet
  facet normal 0.000000 0.000000 1.000000
    outer loop
      vertex 27.381197 35.462180 5.694176
      vertex 27.296633 33.899996 5.694176
      vertex 27.290780 33.711077 5.694176
    endloop
  endfacet
  facet normal 0.000000 0.000000 1.000000
    outer loop
      vertex 27.381197 35.462180 5.694176
      vertex 27.290780 33.711077 5.694176
      vertex 27.508923 33.950702 5.694176
    endloop
  endfacet
  facet normal 0.000000 0.000000 1.000000
    outer loop
      vertex 27.381197 35.462180 5.694176
      vertex 27.508923 33.950702 5.694176
      vertex 27.743461 34.201498 5.694176
    endloop
  endfacet
  facet normal 0.000000 0.000000 1.000000
    outer loop
      vertex 27.381197 35.462180 5.694176
      vertex 27.743461 34.201498 5.694176
      vertex 28.006598 34.472402 5.694176
    endloop
  endfacet
  facet normal 0.000000 0.000000 1.000000
    outer loop
      vertex 27.381197 35.462180 5.694176
      vertex 28.006598 34.472402 5.694176
      vertex 28.306383 34.795747 5.694176
    endloop
  endfacet
  facet normal 0.000000 0.000000 1.000000
    outer loop
      vertex 27.381197 35.462180 5.694176
      vertex 28.306383 34.795747 5.694176
      vertex 28.563234 35.144243 5.694176
    endloop
  endfacet
  facet normal 0.000000 0.000000 1.000000
    outer loop
      vertex 27.381197 35.462180 5.694176
      vertex 28.563234 35.144243 5.694176
      vertex 28.780694 35.445881 5.694176
    endloop
  endfacet
  facet normal -0.000000 0.000000 1.000000
    outer loop
      vertex 27.381197 35.462180 5.694176
      vertex 28.780694 35.445881 5.694176
      vertex 28.984881 35.718220 5.694176
    endloop
  endfacet
  facet normal 0.000000 0.000000 1.000000
    outer loop
      vertex 27.381197 35.462180 5.694176
      vertex 28.984881 35.718220 5.694176
      vertex 29.181365 35.973494 5.694176
    endloop
  endfacet
  facet normal 0.000000 0.000000 1.000000
    outer loop
      vertex 27.381197 35.462180 5.694176
      vertex 29.181365 35.973494 5.694176
      vertex 28.987715 35.922698 5.694176
    endloop
  endfacet
  facet normal 0.000000 0.000000 1.000000
    outer loop
      vertex 27.381197 35.462180 5.694176
      vertex 28.987715 35.922698 5.694176
      vertex 28.787189 35.871696 5.694176
    endloop
  endfacet
  facet normal 0.000000 0.000000 1.000000
    outer loop
      vertex 27.381197 35.462180 5.694176
      vertex 28.787189 35.871696 5.694176
      vertex 28.577766 35.820208 5.694176
    endloop
  endfacet
  facet normal 0.000000 0.000000 1.000000
    outer loop
      vertex 27.381197 35.462180 5.694176
      vertex 28.577766 35.820208 5.694176
      vertex 28.356546 35.767232 5.694176
    endloop
  endfacet
  facet normal 0.000000 0.000000 1.000000
    outer loop
      vertex 27.381197 35.462180 5.694176
      vertex 28.356546 35.767232 5.694176
      vertex 28.120276 35.709697 5.694176
    endloop
  endfacet
  facet normal 0.000000 0.000000 1.000000
    outer loop
      vertex 27.381197 35.462180 5.694176
      vertex 28.120276 35.709697 5.694176
      vertex 27.869709 35.640830 5.694176
    endloop
  endfacet
  facet normal 0.000000 0.000000 1.000000
    outer loop
      vertex 27.381197 35.462180 5.694176
      vertex 27.869709 35.640830 5.694176
      vertex 27.617900 35.555695 5.694176
    endloop
  endfacet
endsolid box_wall_long_r2_c3_tubes_color_4_orange
