solid box_wall_short_a_r1_c1_tubes_color_4_orange
  facet normal -0.582880 -0.810216 -0.061649
    outer loop
      vertex 88.000104 34.524925 4.261826
      vertex 89.344243 33.557934 4.261826
      vertex 89.271680 33.533324 5.271331
    endloop
  endfacet
  facet normal -0.582880 -0.810216 -0.061649
    outer loop
      vertex 88.000104 34.524925 4.261826
      vertex 89.271680 33.533324 5.271331
      vertex 87.910519 34.512561 5.271331
    endloop
  endfacet
  facet normal -0.574616 -0.816132 -0.061199
    outer loop
      vertex 89.344243 33.557934 4.261826
      vertex 90.786039 32.542805 4.261826
      vertex 90.731735 32.505339 5.271331
    endloop
  endfacet
  facet normal -0.574616 -0.816132 -0.061199
    outer loop
      vertex 89.344243 33.557934 4.261826
      vertex 90.731735 32.505339 5.271331
      vertex 89.271680 33.533324 5.271331
    endloop
  endfacet
  facet normal -0.545864 -0.835695 -0.060379
    outer loop
      vertex 90.786039 32.542805 4.261826
      vertex 92.343977 31.525182 4.261826
      vertex 92.309403 31.474829 5.271331
    endloop
  endfacet
  facet normal -0.545864 -0.835695 -0.060379
    outer loop
      vertex 90.786039 32.542805 4.261826
      vertex 92.309403 31.474829 5.271331
      vertex 90.731735 32.505339 5.271331
    endloop
  endfacet
  facet normal -0.499637 -0.864139 -0.060214
    outer loop
      vertex 92.343977 31.525182 4.261826
      vertex 93.970228 30.584899 4.261826
      vertex 93.956249 30.522638 5.271331
    endloop
  endfacet
  facet normal -0.499637 -0.864139 -0.060214
    outer loop
      vertex 92.343977 31.525182 4.261826
      vertex 93.956249 30.522638 5.271331
      vertex 92.309403 31.474829 5.271331
    endloop
  endfacet
  facet normal -0.461679 -0.884949 -0.060972
    outer loop
      vertex 93.970228 30.584899 4.261826
      vertex 95.565288 29.752755 4.261826
      vertex 95.571509 29.679956 5.271331
    endloop
  endfacet
  facet normal -0.461679 -0.884949 -0.060972
    outer loop
      vertex 93.970228 30.584899 4.261826
      vertex 95.571509 29.679956 5.271331
      vertex 93.956249 30.522638 5.271331
    endloop
  endfacet
  facet normal -0.446452 -0.892683 -0.061624
    outer loop
      vertex 95.565288 29.752755 4.261826
      vertex 97.075954 28.997236 4.261826
      vertex 97.101306 28.914869 5.271331
    endloop
  endfacet
  facet normal -0.446452 -0.892683 -0.061624
    outer loop
      vertex 95.565288 29.752755 4.261826
      vertex 97.101306 28.914869 5.271331
      vertex 95.571509 29.679956 5.271331
    endloop
  endfacet
  facet normal -0.446179 -0.892818 -0.061641
    outer loop
      vertex 97.075954 28.997236 4.261826
      vertex 98.502398 28.284381 4.261826
      vertex 98.545815 28.192986 5.271331
    endloop
  endfacet
  facet normal -0.446179 -0.892818 -0.061641
    outer loop
      vertex 97.075954 28.997236 4.261826
      vertex 98.545815 28.192986 5.271331
      vertex 97.101306 28.914869 5.271331
    endloop
  endfacet
  facet normal -0.451455 -0.890194 -0.061177
    outer loop
      vertex 98.502398 28.284381 4.261826
      vertex 99.860154 27.595806 4.261826
      vertex 99.920766 27.495690 5.271331
    endloop
  endfacet
  facet normal -0.451455 -0.890194 -0.061177
    outer loop
      vertex 98.502398 28.284381 4.261826
      vertex 99.920766 27.495690 5.271331
      vertex 98.545815 28.192986 5.271331
    endloop
  endfacet
  facet normal 0.994130 0.095844 -0.050184
    outer loop
      vertex 99.860154 27.595806 4.261826
      vertex 99.678328 29.481765 4.261826
      vertex 99.736637 29.405534 5.271331
    endloop
  endfacet
  facet normal 0.994130 0.095844 -0.050184
    outer loop
      vertex 99.860154 27.595806 4.261826
      vertex 99.736637 29.405534 5.271331
      vertex 99.920766 27.495690 5.271331
    endloop
  endfacet
  facet normal 0.995083 0.084862 -0.051068
    outer loop
      vertex 99.678328 29.481765 4.261826
      vertex 99.507466 31.485282 4.261826
      vertex 99.563611 31.434423 5.271331
    endloop
  endfacet
  facet normal 0.995083 0.084862 -0.051068
    outer loop
      vertex 99.678328 29.481765 4.261826
      vertex 99.563611 31.434423 5.271331
      vertex 99.736637 29.405534 5.271331
    endloop
  endfacet
  facet normal 0.995331 0.081802 -0.051236
    outer loop
      vertex 99.507466 31.485282 4.261826
      vertex 99.328306 33.665226 4.261826
      vertex 99.382182 33.641975 5.271331
    endloop
  endfacet
  facet normal 0.995331 0.081802 -0.051236
    outer loop
      vertex 99.507466 31.485282 4.261826
      vertex 99.382182 33.641975 5.271331
      vertex 99.563611 31.434423 5.271331
    endloop
  endfacet
  facet normal 0.991741 0.118020 -0.050210
    outer loop
      vertex 99.328306 33.665226 4.261826
      vertex 99.044990 36.045984 4.261826
      vertex 99.095278 36.052883 5.271331
    endloop
  endfacet
  facet normal 0.991741 0.118020 -0.050210
    outer loop
      vertex 99.328306 33.665226 4.261826
      vertex 99.095278 36.052883 5.271331
      vertex 99.382182 33.641975 5.271331
    endloop
  endfacet
  facet normal 0.979257 0.196327 -0.050123
    outer loop
      vertex 99.044990 36.045984 4.261826
      vertex 98.571372 38.408342 4.261826
      vertex 98.615662 38.445158 5.271331
    endloop
  endfacet
  facet normal 0.979257 0.196327 -0.050123
    outer loop
      vertex 99.044990 36.045984 4.261826
      vertex 98.615662 38.445158 5.271331
      vertex 99.095278 36.052883 5.271331
    endloop
  endfacet
  facet normal 0.970334 0.236286 -0.051189
    outer loop
      vertex 98.571372 38.408342 4.261826
      vertex 98.049943 40.549651 4.261826
      vertex 98.087630 40.613585 5.271331
    endloop
  endfacet
  facet normal 0.970334 0.236286 -0.051189
    outer loop
      vertex 98.571372 38.408342 4.261826
      vertex 98.087630 40.613585 5.271331
      vertex 98.615662 38.445158 5.271331
    endloop
  endfacet
  facet normal 0.970685 0.234856 -0.051112
    outer loop
      vertex 98.049943 40.549651 4.261826
      vertex 97.574444 42.514937 4.261826
      vertex 97.606109 42.603759 5.271331
    endloop
  endfacet
  facet normal 0.970685 0.234856 -0.051112
    outer loop
      vertex 98.049943 40.549651 4.261826
      vertex 97.606109 42.603759 5.271331
      vertex 98.087630 40.613585 5.271331
    endloop
  endfacet
  facet normal 0.973238 0.224238 -0.050258
    outer loop
      vertex 97.574444 42.514937 4.261826
      vertex 97.147367 44.368536 4.261826
      vertex 97.173624 44.480833 5.271331
    endloop
  endfacet
  facet normal 0.973238 0.224238 -0.050258
    outer loop
      vertex 97.574444 42.514937 4.261826
      vertex 97.173624 44.480833 5.271331
      vertex 97.606109 42.603759 5.271331
    endloop
  endfacet
  facet normal -0.688265 0.722762 -0.062498
    outer loop
      vertex 97.147367 44.368536 4.261826
      vertex 96.064267 43.337132 4.261826
      vertex 96.076807 43.436367 5.271331
    endloop
  endfacet
  facet normal -0.688265 0.722762 -0.062498
    outer loop
      vertex 97.147367 44.368536 4.261826
      vertex 96.076807 43.436367 5.271331
      vertex 97.173624 44.480833 5.271331
    endloop
  endfacet
  facet normal -0.684615 0.726187 -0.062880
    outer loop
      vertex 96.064267 43.337132 4.261826
      vertex 94.924441 42.262558 4.261826
      vertex 94.922547 42.348185 5.271331
    endloop
  endfacet
  facet normal -0.684615 0.726187 -0.062880
    outer loop
      vertex 96.064267 43.337132 4.261826
      vertex 94.922547 42.348185 5.271331
      vertex 96.076807 43.436367 5.271331
    endloop
  endfacet
  facet normal -0.685973 0.724914 -0.062775
    outer loop
      vertex 94.924441 42.262558 4.261826
      vertex 93.720601 41.123387 4.261826
      vertex 93.703461 41.194587 5.271331
    endloop
  endfacet
  facet normal -0.685973 0.724914 -0.062775
    outer loop
      vertex 94.924441 42.262558 4.261826
      vertex 93.703461 41.194587 5.271331
      vertex 94.922547 42.348185 5.271331
    endloop
  endfacet
  facet normal -0.699432 0.711996 -0.062092
    outer loop
      vertex 93.720601 41.123387 4.261826
      vertex 92.465215 39.890154 4.261826
      vertex 92.432176 39.945736 5.271331
    endloop
  endfacet
  facet normal -0.699432 0.711996 -0.062092
    outer loop
      vertex 93.720601 41.123387 4.261826
      vertex 92.432176 39.945736 5.271331
      vertex 93.703461 41.194587 5.271331
    endloop
  endfacet
  facet normal -0.729362 0.681368 -0.061386
    outer loop
      vertex 92.465215 39.890154 4.261826
      vertex 91.215909 38.552850 4.261826
      vertex 91.167049 38.591496 5.271331
    endloop
  endfacet
  facet normal -0.729362 0.681368 -0.061386
    outer loop
      vertex 92.465215 39.890154 4.261826
      vertex 91.167049 38.591496 5.271331
      vertex 92.432176 39.945736 5.271331
    endloop
  endfacet
  facet normal -0.763833 0.642471 -0.061565
    outer loop
      vertex 91.215909 38.552850 4.261826
      vertex 90.049576 37.166198 4.261826
      vertex 89.985945 37.187284 5.271331
    endloop
  endfacet
  facet normal -0.763833 0.642471 -0.061565
    outer loop
      vertex 91.215909 38.552850 4.261826
      vertex 89.985945 37.187284 5.271331
      vertex 91.167049 38.591496 5.271331
    endloop
  endfacet
  facet normal -0.785230 0.616055 -0.062362
    outer loop
      vertex 90.049576 37.166198 4.261826
      vertex 88.986637 35.811365 4.261826
      vertex 88.909545 35.815293 5.271331
    endloop
  endfacet
  facet normal -0.785230 0.616055 -0.062362
    outer loop
      vertex 90.049576 37.166198 4.261826
      vertex 88.909545 35.815293 5.271331
      vertex 89.985945 37.187284 5.271331
    endloop
  endfacet
  facet normal -0.791960 0.607331 -0.062842
    outer loop
      vertex 88.986637 35.811365 4.261826
      vertex 88.000104 34.524925 4.261826
      vertex 87.910519 34.512561 5.271331
    endloop
  endfacet
  facet normal -0.791960 0.607331 -0.062842
    outer loop
      vertex 88.986637 35.811365 4.261826
      vertex 87.910519 34.512561 5.271331
      vertex 88.909545 35.815293 5.271331
    endloop
  endfacet
  facet normal -0.575400 -0.799819 -0.170892
    outer loop
      vertex 87.910519 34.512561 5.271331
      vertex 89.271680 33.533324 5.271331
      vertex 89.066611 33.463774 6.287324
    endloop
  endfacet
  facet normal -0.575400 -0.799819 -0.170892
    outer loop
      vertex 87.910519 34.512561 5.271331
      vertex 89.066611 33.463774 6.287324
      vertex 87.657342 34.477620 6.287324
    endloop
  endfacet
  facet normal -0.567348 -0.805808 -0.169676
    outer loop
      vertex 89.271680 33.533324 5.271331
      vertex 90.731735 32.505339 5.271331
      vertex 90.578267 32.399457 6.287324
    endloop
  endfacet
  facet normal -0.567348 -0.805808 -0.169676
    outer loop
      vertex 89.271680 33.533324 5.271331
      vertex 90.578267 32.399457 6.287324
      vertex 89.066611 33.463774 6.287324
    endloop
  endfacet
  facet normal -0.539140 -0.825401 -0.167457
    outer loop
      vertex 90.731735 32.505339 5.271331
      vertex 92.309403 31.474829 5.271331
      vertex 92.211693 31.332527 6.287324
    endloop
  endfacet
  facet normal -0.539140 -0.825401 -0.167457
    outer loop
      vertex 90.731735 32.505339 5.271331
      vertex 92.211693 31.332527 6.287324
      vertex 90.578267 32.399457 6.287324
    endloop
  endfacet
  facet normal -0.493515 -0.853551 -0.167012
    outer loop
      vertex 92.309403 31.474829 5.271331
      vertex 93.956249 30.522638 5.271331
      vertex 93.916743 30.346683 6.287324
    endloop
  endfacet
  facet normal -0.493515 -0.853551 -0.167012
    outer loop
      vertex 92.309403 31.474829 5.271331
      vertex 93.916743 30.346683 6.287324
      vertex 92.211693 31.332527 6.287324
    endloop
  endfacet
  facet normal -0.455881 -0.873837 -0.169062
    outer loop
      vertex 93.956249 30.522638 5.271331
      vertex 95.571509 29.679956 5.271331
      vertex 95.589091 29.474219 6.287324
    endloop
  endfacet
  facet normal -0.455881 -0.873837 -0.169062
    outer loop
      vertex 93.956249 30.522638 5.271331
      vertex 95.589091 29.474219 6.287324
      vertex 93.916743 30.346683 6.287324
    endloop
  endfacet
  facet normal -0.440727 -0.881237 -0.170823
    outer loop
      vertex 95.571509 29.679956 5.271331
      vertex 97.101306 28.914869 5.271331
      vertex 97.172954 28.682091 6.287324
    endloop
  endfacet
  facet normal -0.440727 -0.881237 -0.170823
    outer loop
      vertex 95.571509 29.679956 5.271331
      vertex 97.172954 28.682091 6.287324
      vertex 95.589091 29.474219 6.287324
    endloop
  endfacet
  facet normal -0.440455 -0.881364 -0.170871
    outer loop
      vertex 97.101306 28.914869 5.271331
      vertex 98.545815 28.192986 5.271331
      vertex 98.668515 27.934696 6.287324
    endloop
  endfacet
  facet normal -0.440455 -0.881364 -0.170871
    outer loop
      vertex 97.101306 28.914869 5.271331
      vertex 98.668515 27.934696 6.287324
      vertex 97.172954 28.682091 6.287324
    endloop
  endfacet
  facet normal -0.445749 -0.878942 -0.169616
    outer loop
      vertex 98.545815 28.192986 5.271331
      vertex 99.920766 27.495690 5.271331
      vertex 100.092060 27.212756 6.287324
    endloop
  endfacet
  facet normal -0.445749 -0.878942 -0.169616
    outer loop
      vertex 98.545815 28.192986 5.271331
      vertex 100.092060 27.212756 6.287324
      vertex 98.668515 27.934696 6.287324
    endloop
  endfacet
  facet normal 0.985622 0.095024 -0.139712
    outer loop
      vertex 99.920766 27.495690 5.271331
      vertex 99.736637 29.405534 5.271331
      vertex 99.901424 29.190098 6.287324
    endloop
  endfacet
  facet normal 0.985622 0.095024 -0.139712
    outer loop
      vertex 99.920766 27.495690 5.271331
      vertex 99.901424 29.190098 6.287324
      vertex 100.092060 27.212756 6.287324
    endloop
  endfacet
  facet normal 0.986268 0.084110 -0.142131
    outer loop
      vertex 99.736637 29.405534 5.271331
      vertex 99.563611 31.434423 5.271331
      vertex 99.722283 31.290693 6.287324
    endloop
  endfacet
  facet normal 0.986268 0.084110 -0.142131
    outer loop
      vertex 99.736637 29.405534 5.271331
      vertex 99.722283 31.290693 6.287324
      vertex 99.901424 29.190098 6.287324
    endloop
  endfacet
  facet normal 0.986456 0.081073 -0.142590
    outer loop
      vertex 99.563611 31.434423 5.271331
      vertex 99.382182 33.641975 5.271331
      vertex 99.534442 33.576265 6.287324
    endloop
  endfacet
  facet normal 0.986456 0.081073 -0.142590
    outer loop
      vertex 99.563611 31.434423 5.271331
      vertex 99.534442 33.576265 6.287324
      vertex 99.722283 31.290693 6.287324
    endloop
  endfacet
  facet normal 0.983244 0.117008 -0.139784
    outer loop
      vertex 99.382182 33.641975 5.271331
      vertex 99.095278 36.052883 5.271331
      vertex 99.237398 36.072380 6.287324
    endloop
  endfacet
  facet normal 0.983244 0.117008 -0.139784
    outer loop
      vertex 99.382182 33.641975 5.271331
      vertex 99.237398 36.072380 6.287324
      vertex 99.534442 33.576265 6.287324
    endloop
  endfacet
  facet normal 0.970895 0.194650 -0.139547
    outer loop
      vertex 99.095278 36.052883 5.271331
      vertex 98.615662 38.445158 5.271331
      vertex 98.740831 38.549204 6.287324
    endloop
  endfacet
  facet normal 0.970895 0.194650 -0.139547
    outer loop
      vertex 99.095278 36.052883 5.271331
      vertex 98.740831 38.549204 6.287324
      vertex 99.237398 36.072380 6.287324
    endloop
  endfacet
  facet normal 0.961698 0.234183 -0.142462
    outer loop
      vertex 98.615662 38.445158 5.271331
      vertex 98.087630 40.613585 5.271331
      vertex 98.194137 40.794268 6.287324
    endloop
  endfacet
  facet normal 0.961698 0.234183 -0.142462
    outer loop
      vertex 98.615662 38.445158 5.271331
      vertex 98.194137 40.794268 6.287324
      vertex 98.740831 38.549204 6.287324
    endloop
  endfacet
  facet normal 0.962072 0.232772 -0.142251
    outer loop
      vertex 98.087630 40.613585 5.271331
      vertex 97.606109 42.603759 5.271331
      vertex 97.695598 42.854780 6.287324
    endloop
  endfacet
  facet normal 0.962072 0.232772 -0.142251
    outer loop
      vertex 98.087630 40.613585 5.271331
      vertex 97.695598 42.854780 6.287324
      vertex 98.194137 40.794268 6.287324
    endloop
  endfacet
  facet normal 0.964884 0.222313 -0.139914
    outer loop
      vertex 97.606109 42.603759 5.271331
      vertex 97.173624 44.480833 5.271331
      vertex 97.247828 44.798194 6.287324
    endloop
  endfacet
  facet normal 0.964884 0.222313 -0.139914
    outer loop
      vertex 97.606109 42.603759 5.271331
      vertex 97.247828 44.798194 6.287324
      vertex 97.695598 42.854780 6.287324
    endloop
  endfacet
  facet normal -0.679193 0.713235 -0.173185
    outer loop
      vertex 97.173624 44.480833 5.271331
      vertex 96.076807 43.436367 5.271331
      vertex 96.112247 43.716814 6.287324
    endloop
  endfacet
  facet normal -0.679193 0.713235 -0.173185
    outer loop
      vertex 97.173624 44.480833 5.271331
      vertex 96.112247 43.716814 6.287324
      vertex 97.247828 44.798194 6.287324
    endloop
  endfacet
  facet normal -0.675482 0.716500 -0.174215
    outer loop
      vertex 96.076807 43.436367 5.271331
      vertex 94.922547 42.348185 5.271331
      vertex 94.917192 42.590173 6.287324
    endloop
  endfacet
  facet normal -0.675482 0.716500 -0.174215
    outer loop
      vertex 96.076807 43.436367 5.271331
      vertex 94.917192 42.590173 6.287324
      vertex 96.112247 43.716814 6.287324
    endloop
  endfacet
  facet normal -0.676852 0.715276 -0.173931
    outer loop
      vertex 94.922547 42.348185 5.271331
      vertex 93.703461 41.194587 5.271331
      vertex 93.655021 41.395805 6.287324
    endloop
  endfacet
  facet normal -0.676852 0.715276 -0.173931
    outer loop
      vertex 94.922547 42.348185 5.271331
      vertex 93.655021 41.395805 6.287324
      vertex 94.917192 42.590173 6.287324
    endloop
  endfacet
  facet normal -0.690330 0.702730 -0.172089
    outer loop
      vertex 93.703461 41.194587 5.271331
      vertex 92.432176 39.945736 5.271331
      vertex 92.338806 40.102816 6.287324
    endloop
  endfacet
  facet normal -0.690330 0.702730 -0.172089
    outer loop
      vertex 93.703461 41.194587 5.271331
      vertex 92.338806 40.102816 6.287324
      vertex 93.655021 41.395805 6.287324
    endloop
  endfacet
  facet normal -0.720081 0.672698 -0.170180
    outer loop
      vertex 92.432176 39.945736 5.271331
      vertex 91.167049 38.591496 5.271331
      vertex 91.028966 38.700714 6.287324
    endloop
  endfacet
  facet normal -0.720081 0.672698 -0.170180
    outer loop
      vertex 92.432176 39.945736 5.271331
      vertex 91.028966 38.700714 6.287324
      vertex 92.338806 40.102816 6.287324
    endloop
  endfacet
  facet normal -0.754057 0.634249 -0.170664
    outer loop
      vertex 91.167049 38.591496 5.271331
      vertex 89.985945 37.187284 5.271331
      vertex 89.806120 37.246873 6.287324
    endloop
  endfacet
  facet normal -0.754057 0.634249 -0.170664
    outer loop
      vertex 91.167049 38.591496 5.271331
      vertex 89.806120 37.246873 6.287324
      vertex 91.028966 38.700714 6.287324
    endloop
  endfacet
  facet normal -0.774924 0.607970 -0.172816
    outer loop
      vertex 89.985945 37.187284 5.271331
      vertex 88.909545 35.815293 5.271331
      vertex 88.691677 35.826393 6.287324
    endloop
  endfacet
  facet normal -0.774924 0.607970 -0.172816
    outer loop
      vertex 89.985945 37.187284 5.271331
      vertex 88.691677 35.826393 6.287324
      vertex 89.806120 37.246873 6.287324
    endloop
  endfacet
  facet normal -0.781408 0.599239 -0.174111
    outer loop
      vertex 88.909545 35.815293 5.271331
      vertex 87.910519 34.512561 5.271331
      vertex 87.657342 34.477620 6.287324
    endloop
  endfacet
  facet normal -0.781408 0.599239 -0.174111
    outer loop
      vertex 88.909545 35.815293 5.271331
      vertex 87.657342 34.477620 6.287324
      vertex 88.691677 35.826393 6.287324
    endloop
  endfacet
  facet normal -0.564068 -0.784067 -0.258969
    outer loop
      vertex 87.657342 34.477620 6.287324
      vertex 89.066611 33.463774 6.287324
      vertex 88.747964 33.355704 7.308576
    endloop
  endfacet
  facet normal -0.564068 -0.784067 -0.258969
    outer loop
      vertex 87.657342 34.477620 6.287324
      vertex 88.747964 33.355704 7.308576
      vertex 87.263945 34.423326 7.308576
    endloop
  endfacet
  facet normal 0.562902 0.782446 0.266307
    outer loop
      vertex 90.470733 33.939987 6.201561
      vertex 89.390853 34.716866 6.201561
      vertex 88.997156 34.662531 7.193377
    endloop
  endfacet
  facet normal 0.562902 0.782446 0.266307
    outer loop
      vertex 90.470733 33.939987 6.201561
      vertex 88.997156 34.662531 7.193377
      vertex 90.151843 33.831834 7.193377
    endloop
  endfacet
  facet normal -0.556328 -0.790157 -0.257199
    outer loop
      vertex 89.066611 33.463774 6.287324
      vertex 90.578267 32.399457 6.287324
      vertex 90.339802 32.234934 7.308576
    endloop
  endfacet
  facet normal -0.556328 -0.790157 -0.257199
    outer loop
      vertex 89.066611 33.463774 6.287324
      vertex 90.339802 32.234934 7.308576
      vertex 88.747964 33.355704 7.308576
    endloop
  endfacet
  facet normal 0.555193 0.788545 0.264494
    outer loop
      vertex 91.629069 33.124434 6.201561
      vertex 90.470733 33.939987 6.201561
      vertex 90.151843 33.831834 7.193377
    endloop
  endfacet
  facet normal 0.555193 0.788545 0.264494
    outer loop
      vertex 91.629069 33.124434 6.201561
      vertex 90.151843 33.831834 7.193377
      vertex 91.390422 32.959785 7.193377
    endloop
  endfacet
  facet normal -0.528933 -0.809774 -0.253962
    outer loop
      vertex 90.578267 32.399457 6.287324
      vertex 92.211693 31.332527 6.287324
      vertex 92.059868 31.111411 7.308576
    endloop
  endfacet
  facet normal -0.528933 -0.809774 -0.253962
    outer loop
      vertex 90.578267 32.399457 6.287324
      vertex 92.059868 31.111411 7.308576
      vertex 90.339802 32.234934 7.308576
    endloop
  endfacet
  facet normal 0.527881 0.808163 0.261178
    outer loop
      vertex 92.880714 32.306878 6.201561
      vertex 91.629069 33.124434 6.201561
      vertex 91.390422 32.959785 7.193377
    endloop
  endfacet
  facet normal 0.527881 0.808163 0.261178
    outer loop
      vertex 92.880714 32.306878 6.201561
      vertex 91.390422 32.959785 7.193377
      vertex 92.728772 32.085593 7.193377
    endloop
  endfacet
  facet normal -0.484220 -0.837475 -0.253312
    outer loop
      vertex 92.211693 31.332527 6.287324
      vertex 93.916743 30.346683 6.287324
      vertex 93.855357 30.073276 7.308576
    endloop
  endfacet
  facet normal -0.484220 -0.837475 -0.253312
    outer loop
      vertex 92.211693 31.332527 6.287324
      vertex 93.855357 30.073276 7.308576
      vertex 92.059868 31.111411 7.308576
    endloop
  endfacet
  facet normal 0.483262 0.835818 0.260513
    outer loop
      vertex 94.187241 31.551456 6.201561
      vertex 92.880714 32.306878 6.201561
      vertex 92.728772 32.085593 7.193377
    endloop
  endfacet
  facet normal 0.483262 0.835818 0.260513
    outer loop
      vertex 94.187241 31.551456 6.201561
      vertex 92.728772 32.085593 7.193377
      vertex 94.125808 31.277840 7.193377
    endloop
  endfacet
  facet normal -0.447089 -0.856983 -0.256303
    outer loop
      vertex 93.916743 30.346683 6.287324
      vertex 95.589091 29.474219 6.287324
      vertex 95.616409 29.154534 7.308576
    endloop
  endfacet
  facet normal -0.447089 -0.856983 -0.256303
    outer loop
      vertex 93.916743 30.346683 6.287324
      vertex 95.616409 29.154534 7.308576
      vertex 93.855357 30.073276 7.308576
    endloop
  endfacet
  facet normal 0.446183 0.855247 0.263577
    outer loop
      vertex 95.468710 30.882913 6.201561
      vertex 94.187241 31.551456 6.201561
      vertex 94.125808 31.277840 7.193377
    endloop
  endfacet
  facet normal 0.446183 0.855247 0.263577
    outer loop
      vertex 95.468710 30.882913 6.201561
      vertex 94.125808 31.277840 7.193377
      vertex 95.496050 30.562984 7.193377
    endloop
  endfacet
  facet normal -0.432055 -0.863896 -0.258869
    outer loop
      vertex 95.589091 29.474219 6.287324
      vertex 97.172954 28.682091 6.287324
      vertex 97.284284 28.320391 7.308576
    endloop
  endfacet
  facet normal -0.432055 -0.863896 -0.258869
    outer loop
      vertex 95.589091 29.474219 6.287324
      vertex 97.284284 28.320391 7.308576
      vertex 95.616409 29.154534 7.308576
    endloop
  endfacet
  facet normal 0.431162 0.862111 0.266204
    outer loop
      vertex 96.682377 30.275930 6.201561
      vertex 95.468710 30.882913 6.201561
      vertex 95.496050 30.562984 7.193377
    endloop
  endfacet
  facet normal 0.431162 0.862111 0.266204
    outer loop
      vertex 96.682377 30.275930 6.201561
      vertex 95.496050 30.562984 7.193377
      vertex 96.793792 29.913953 7.193377
    endloop
  endfacet
  facet normal -0.431783 -0.864010 -0.258940
    outer loop
      vertex 97.172954 28.682091 6.287324
      vertex 98.668515 27.934696 6.287324
      vertex 98.859173 27.533352 7.308576
    endloop
  endfacet
  facet normal -0.431783 -0.864010 -0.258940
    outer loop
      vertex 97.172954 28.682091 6.287324
      vertex 98.859173 27.533352 7.308576
      vertex 97.284284 28.320391 7.308576
    endloop
  endfacet
  facet normal 0.430890 0.862224 0.266276
    outer loop
      vertex 97.828379 29.703223 6.201561
      vertex 96.682377 30.275930 6.201561
      vertex 96.793792 29.913953 7.193377
    endloop
  endfacet
  facet normal 0.430890 0.862224 0.266276
    outer loop
      vertex 97.828379 29.703223 6.201561
      vertex 96.793792 29.913953 7.193377
      vertex 98.019183 29.301573 7.193377
    endloop
  endfacet
  facet normal -0.437097 -0.861882 -0.257111
    outer loop
      vertex 98.668515 27.934696 6.287324
      vertex 100.092060 27.212756 6.287324
      vertex 100.358226 26.773119 7.308576
    endloop
  endfacet
  facet normal -0.437097 -0.861882 -0.257111
    outer loop
      vertex 98.668515 27.934696 6.287324
      vertex 100.358226 26.773119 7.308576
      vertex 98.859173 27.533352 7.308576
    endloop
  endfacet
  facet normal 0.436206 0.860125 0.264404
    outer loop
      vertex 98.919199 29.150022 6.201561
      vertex 97.828379 29.703223 6.201561
      vertex 98.019183 29.301573 7.193377
    endloop
  endfacet
  facet normal 0.436206 0.860125 0.264404
    outer loop
      vertex 98.919199 29.150022 6.201561
      vertex 98.019183 29.301573 7.193377
      vertex 99.185567 28.710050 7.193377
    endloop
  endfacet
  facet normal 0.972521 0.093761 -0.213102
    outer loop
      vertex 100.092060 27.212756 6.287324
      vertex 99.901424 29.190098 6.287324
      vertex 100.157478 28.855343 7.308576
    endloop
  endfacet
  facet normal 0.972521 0.093761 -0.213102
    outer loop
      vertex 100.092060 27.212756 6.287324
      vertex 100.157478 28.855343 7.308576
      vertex 100.358226 26.773119 7.308576
    endloop
  endfacet
  facet normal -0.971158 -0.093630 0.219286
    outer loop
      vertex 98.773120 30.665200 6.201561
      vertex 98.919199 29.150022 6.201561
      vertex 99.185567 28.710050 7.193377
    endloop
  endfacet
  facet normal -0.971158 -0.093630 0.219286
    outer loop
      vertex 98.773120 30.665200 6.201561
      vertex 99.185567 28.710050 7.193377
      vertex 99.029369 30.330189 7.193377
    endloop
  endfacet
  facet normal 0.972709 0.082954 -0.216691
    outer loop
      vertex 99.901424 29.190098 6.287324
      vertex 99.722283 31.290693 6.287324
      vertex 99.968835 31.067358 7.308576
    endloop
  endfacet
  facet normal 0.972709 0.082954 -0.216691
    outer loop
      vertex 99.901424 29.190098 6.287324
      vertex 99.968835 31.067358 7.308576
      vertex 100.157478 28.855343 7.308576
    endloop
  endfacet
  facet normal -0.971300 -0.082833 0.222969
    outer loop
      vertex 98.635850 32.274822 6.201561
      vertex 98.773120 30.665200 6.201561
      vertex 99.029369 30.330189 7.193377
    endloop
  endfacet
  facet normal -0.971300 -0.082833 0.222969
    outer loop
      vertex 98.635850 32.274822 6.201561
      vertex 99.029369 30.330189 7.193377
      vertex 98.882590 32.051316 7.193377
    endloop
  endfacet
  facet normal 0.972809 0.079951 -0.217372
    outer loop
      vertex 99.722283 31.290693 6.287324
      vertex 99.534442 33.576265 6.287324
      vertex 99.771030 33.474161 7.308576
    endloop
  endfacet
  facet normal 0.972809 0.079951 -0.217372
    outer loop
      vertex 99.722283 31.290693 6.287324
      vertex 99.771030 33.474161 7.308576
      vertex 99.968835 31.067358 7.308576
    endloop
  endfacet
  facet normal -0.971390 -0.079834 0.223668
    outer loop
      vertex 98.491913 34.026186 6.201561
      vertex 98.635850 32.274822 6.201561
      vertex 98.882590 32.051316 7.193377
    endloop
  endfacet
  facet normal -0.971390 -0.079834 0.223668
    outer loop
      vertex 98.491913 34.026186 6.201561
      vertex 98.882590 32.051316 7.193377
      vertex 98.728681 33.924004 7.193377
    endloop
  endfacet
  facet normal 0.970161 0.115452 -0.213209
    outer loop
      vertex 99.534442 33.576265 6.287324
      vertex 99.237398 36.072380 6.287324
      vertex 99.458230 36.102676 7.308576
    endloop
  endfacet
  facet normal 0.970161 0.115452 -0.213209
    outer loop
      vertex 99.534442 33.576265 6.287324
      vertex 99.458230 36.102676 7.308576
      vertex 99.771030 33.474161 7.308576
    endloop
  endfacet
  facet normal -0.968800 -0.115290 0.219397
    outer loop
      vertex 98.264297 35.938883 6.201561
      vertex 98.491913 34.026186 6.201561
      vertex 98.728681 33.924004 7.193377
    endloop
  endfacet
  facet normal -0.968800 -0.115290 0.219397
    outer loop
      vertex 98.264297 35.938883 6.201561
      vertex 98.728681 33.924004 7.193377
      vertex 98.485298 35.969202 7.193377
    endloop
  endfacet
  facet normal 0.958020 0.192069 -0.212857
    outer loop
      vertex 99.237398 36.072380 6.287324
      vertex 98.740831 38.549204 6.287324
      vertex 98.935324 38.710875 7.308576
    endloop
  endfacet
  facet normal 0.958020 0.192069 -0.212857
    outer loop
      vertex 99.237398 36.072380 6.287324
      vertex 98.935324 38.710875 7.308576
      vertex 99.458230 36.102676 7.308576
    endloop
  endfacet
  facet normal -0.956680 -0.191800 0.219035
    outer loop
      vertex 97.883793 37.836797 6.201561
      vertex 98.264297 35.938883 6.201561
      vertex 98.485298 35.969202 7.193377
    endloop
  endfacet
  facet normal -0.956680 -0.191800 0.219035
    outer loop
      vertex 97.883793 37.836797 6.201561
      vertex 98.485298 35.969202 7.193377
      vertex 98.078435 37.998592 7.193377
    endloop
  endfacet
  facet normal 0.948417 0.230948 -0.217183
    outer loop
      vertex 98.740831 38.549204 6.287324
      vertex 98.194137 40.794268 6.287324
      vertex 98.359632 41.075022 7.308576
    endloop
  endfacet
  facet normal 0.948417 0.230948 -0.217183
    outer loop
      vertex 98.740831 38.549204 6.287324
      vertex 98.359632 41.075022 7.308576
      vertex 98.935324 38.710875 7.308576
    endloop
  endfacet
  facet normal -0.947036 -0.230612 0.223474
    outer loop
      vertex 97.464878 39.557122 6.201561
      vertex 97.883793 37.836797 6.201561
      vertex 98.078435 37.998592 7.193377
    endloop
  endfacet
  facet normal -0.947036 -0.230612 0.223474
    outer loop
      vertex 97.464878 39.557122 6.201561
      vertex 98.078435 37.998592 7.193377
      vertex 97.630500 39.838090 7.193377
    endloop
  endfacet
  facet normal 0.948824 0.229567 -0.216869
    outer loop
      vertex 98.194137 40.794268 6.287324
      vertex 97.695598 42.854780 6.287324
      vertex 97.834650 43.244828 7.308576
    endloop
  endfacet
  facet normal 0.948824 0.229567 -0.216869
    outer loop
      vertex 98.194137 40.794268 6.287324
      vertex 97.834650 43.244828 7.308576
      vertex 98.359632 41.075022 7.308576
    endloop
  endfacet
  facet normal -0.947447 -0.229234 0.223152
    outer loop
      vertex 97.082863 41.136029 6.201561
      vertex 97.464878 39.557122 6.201561
      vertex 97.630500 39.838090 7.193377
    endloop
  endfacet
  facet normal -0.947447 -0.229234 0.223152
    outer loop
      vertex 97.082863 41.136029 6.201561
      vertex 97.630500 39.838090 7.193377
      vertex 97.222021 41.526375 7.193377
    endloop
  endfacet
  facet normal 0.952022 0.219350 -0.213402
    outer loop
      vertex 97.695598 42.854780 6.287324
      vertex 97.247828 44.798194 6.287324
      vertex 97.363129 45.291324 7.308576
    endloop
  endfacet
  facet normal 0.952022 0.219350 -0.213402
    outer loop
      vertex 97.695598 42.854780 6.287324
      vertex 97.363129 45.291324 7.308576
      vertex 97.834650 43.244828 7.308576
    endloop
  endfacet
  facet normal -0.950684 -0.219041 0.219594
    outer loop
      vertex 96.739750 42.625208 6.201561
      vertex 97.082863 41.136029 6.201561
      vertex 97.222021 41.526375 7.193377
    endloop
  endfacet
  facet normal -0.950684 -0.219041 0.219594
    outer loop
      vertex 96.739750 42.625208 6.201561
      vertex 97.222021 41.526375 7.193377
      vertex 96.855140 43.118715 7.193377
    endloop
  endfacet
  facet normal -0.665466 0.698821 -0.262306
    outer loop
      vertex 97.247828 44.798194 6.287324
      vertex 96.112247 43.716814 6.287324
      vertex 96.167315 44.152586 7.308576
    endloop
  endfacet
  facet normal -0.665466 0.698821 -0.262306
    outer loop
      vertex 97.247828 44.798194 6.287324
      vertex 96.167315 44.152586 7.308576
      vertex 97.363129 45.291324 7.308576
    endloop
  endfacet
  facet normal 0.664055 -0.697338 0.269724
    outer loop
      vertex 95.869589 41.796580 6.201561
      vertex 96.739750 42.625208 6.201561
      vertex 96.855140 43.118715 7.193377
    endloop
  endfacet
  facet normal 0.664055 -0.697338 0.269724
    outer loop
      vertex 95.869589 41.796580 6.201561
      vertex 96.855140 43.118715 7.193377
      vertex 95.924699 42.232684 7.193377
    endloop
  endfacet
  facet normal -0.661673 0.701852 -0.263804
    outer loop
      vertex 96.112247 43.716814 6.287324
      vertex 94.917192 42.590173 6.287324
      vertex 94.908872 42.966185 7.308576
    endloop
  endfacet
  facet normal -0.661673 0.701852 -0.263804
    outer loop
      vertex 96.112247 43.716814 6.287324
      vertex 94.908872 42.966185 7.308576
      vertex 96.167315 44.152586 7.308576
    endloop
  endfacet
  facet normal 0.660253 -0.700346 0.271257
    outer loop
      vertex 94.953855 40.933269 6.201561
      vertex 95.869589 41.796580 6.201561
      vertex 95.924699 42.232684 7.193377
    endloop
  endfacet
  facet normal 0.660253 -0.700346 0.271257
    outer loop
      vertex 94.953855 40.933269 6.201561
      vertex 95.924699 42.232684 7.193377
      vertex 94.945529 41.309568 7.193377
    endloop
  endfacet
  facet normal -0.663058 0.700699 -0.263391
    outer loop
      vertex 94.917192 42.590173 6.287324
      vertex 93.655021 41.395805 6.287324
      vertex 93.579753 41.708465 7.308576
    endloop
  endfacet
  facet normal -0.663058 0.700699 -0.263391
    outer loop
      vertex 94.917192 42.590173 6.287324
      vertex 93.579753 41.708465 7.308576
      vertex 94.908872 42.966185 7.308576
    endloop
  endfacet
  facet normal 0.661640 -0.699201 0.270834
    outer loop
      vertex 93.986692 40.018061 6.201561
      vertex 94.953855 40.933269 6.201561
      vertex 94.945529 41.309568 7.193377
    endloop
  endfacet
  facet normal 0.661640 -0.699201 0.270834
    outer loop
      vertex 93.986692 40.018061 6.201561
      vertex 94.945529 41.309568 7.193377
      vertex 93.911366 40.330960 7.193377
    endloop
  endfacet
  facet normal -0.676549 0.688702 -0.260712
    outer loop
      vertex 93.655021 41.395805 6.287324
      vertex 92.338806 40.102816 6.287324
      vertex 92.193723 40.346894 7.308576
    endloop
  endfacet
  facet normal -0.676549 0.688702 -0.260712
    outer loop
      vertex 93.655021 41.395805 6.287324
      vertex 92.193723 40.346894 7.308576
      vertex 93.579753 41.708465 7.308576
    endloop
  endfacet
  facet normal 0.675131 -0.687259 0.268092
    outer loop
      vertex 92.978116 39.027283 6.201561
      vertex 93.986692 40.018061 6.201561
      vertex 93.911366 40.330960 7.193377
    endloop
  endfacet
  facet normal 0.675131 -0.687259 0.268092
    outer loop
      vertex 92.978116 39.027283 6.201561
      vertex 93.911366 40.330960 7.193377
      vertex 92.832923 39.271547 7.193377
    endloop
  endfacet
  facet normal -0.706014 0.659557 -0.257932
    outer loop
      vertex 92.338806 40.102816 6.287324
      vertex 91.028966 38.700714 6.287324
      vertex 90.814406 38.870421 7.308576
    endloop
  endfacet
  facet normal -0.706014 0.659557 -0.257932
    outer loop
      vertex 92.338806 40.102816 6.287324
      vertex 90.814406 38.870421 7.308576
      vertex 92.193723 40.346894 7.308576
    endloop
  endfacet
  facet normal 0.704566 -0.658204 0.265245
    outer loop
      vertex 91.974426 37.952895 6.201561
      vertex 92.978116 39.027283 6.201561
      vertex 92.832923 39.271547 7.193377
    endloop
  endfacet
  facet normal 0.704566 -0.658204 0.265245
    outer loop
      vertex 91.974426 37.952895 6.201561
      vertex 92.832923 39.271547 7.193377
      vertex 91.759702 38.122732 7.193377
    endloop
  endfacet
  facet normal -0.739245 0.621790 -0.258638
    outer loop
      vertex 91.028966 38.700714 6.287324
      vertex 89.806120 37.246873 6.287324
      vertex 89.526698 37.339466 7.308576
    endloop
  endfacet
  facet normal -0.739245 0.621790 -0.258638
    outer loop
      vertex 91.028966 38.700714 6.287324
      vertex 89.526698 37.339466 7.308576
      vertex 90.814406 38.870421 7.308576
    endloop
  endfacet
  facet normal 0.737721 -0.620507 0.265968
    outer loop
      vertex 91.037396 36.838861 6.201561
      vertex 91.974426 37.952895 6.201561
      vertex 91.759702 38.122732 7.193377
    endloop
  endfacet
  facet normal 0.737721 -0.620507 0.265968
    outer loop
      vertex 91.037396 36.838861 6.201561
      vertex 91.759702 38.122732 7.193377
      vertex 90.757761 36.931525 7.193377
    endloop
  endfacet
  facet normal -0.759328 0.595733 -0.261770
    outer loop
      vertex 89.806120 37.246873 6.287324
      vertex 88.691677 35.826393 6.287324
      vertex 88.353143 35.843641 7.308576
    endloop
  endfacet
  facet normal -0.759328 0.595733 -0.261770
    outer loop
      vertex 89.806120 37.246873 6.287324
      vertex 88.353143 35.843641 7.308576
      vertex 89.526698 37.339466 7.308576
    endloop
  endfacet
  facet normal 0.757723 -0.594475 0.269175
    outer loop
      vertex 90.183433 35.750390 6.201561
      vertex 91.037396 36.838861 6.201561
      vertex 90.757761 36.931525 7.193377
    endloop
  endfacet
  facet normal 0.757723 -0.594475 0.269175
    outer loop
      vertex 90.183433 35.750390 6.201561
      vertex 90.757761 36.931525 7.193377
      vertex 89.844640 35.767651 7.193377
    endloop
  endfacet
  facet normal -0.765451 0.587002 -0.263653
    outer loop
      vertex 88.691677 35.826393 6.287324
      vertex 87.657342 34.477620 6.287324
      vertex 87.263945 34.423326 7.308576
    endloop
  endfacet
  facet normal -0.765451 0.587002 -0.263653
    outer loop
      vertex 88.691677 35.826393 6.287324
      vertex 87.263945 34.423326 7.308576
      vertex 88.353143 35.843641 7.308576
    endloop
  endfacet
  facet normal 0.763811 -0.585744 0.271103
    outer loop
      vertex 89.390853 34.716866 6.201561
      vertex 90.183433 35.750390 6.201561
      vertex 89.844640 35.767651 7.193377
    endloop
  endfacet
  facet normal 0.763811 -0.585744 0.271103
    outer loop
      vertex 89.390853 34.716866 6.201561
      vertex 89.844640 35.767651 7.193377
      vertex 88.997156 34.662531 7.193377
    endloop
  endfacet
  facet normal -0.551823 -0.767047 -0.327307
    outer loop
      vertex 87.263945 34.423326 7.308576
      vertex 88.747964 33.355704 7.308576
      vertex 88.334669 33.215533 8.333860
    endloop
  endfacet
  facet normal -0.551823 -0.767047 -0.327307
    outer loop
      vertex 87.263945 34.423326 7.308576
      vertex 88.334669 33.215533 8.333860
      vertex 86.753697 34.352905 8.333860
    endloop
  endfacet
  facet normal 0.549903 0.764378 0.336649
    outer loop
      vertex 90.151843 33.831834 7.193377
      vertex 88.997156 34.662531 7.193377
      vertex 88.486874 34.592106 8.186806
    endloop
  endfacet
  facet normal 0.549903 0.764378 0.336649
    outer loop
      vertex 90.151843 33.831834 7.193377
      vertex 88.486874 34.592106 8.186806
      vertex 89.738521 33.691655 8.186806
    endloop
  endfacet
  facet normal -0.544411 -0.773230 -0.325164
    outer loop
      vertex 88.747964 33.355704 7.308576
      vertex 90.339802 32.234934 7.308576
      vertex 90.030505 32.021541 8.333860
    endloop
  endfacet
  facet normal -0.544411 -0.773230 -0.325164
    outer loop
      vertex 88.747964 33.355704 7.308576
      vertex 90.030505 32.021541 8.333860
      vertex 88.334669 33.215533 8.333860
    endloop
  endfacet
  facet normal 0.542541 0.770575 0.334460
    outer loop
      vertex 91.390422 32.959785 7.193377
      vertex 90.151843 33.831834 7.193377
      vertex 89.738521 33.691655 8.186806
    endloop
  endfacet
  facet normal 0.542541 0.770575 0.334460
    outer loop
      vertex 91.390422 32.959785 7.193377
      vertex 89.738521 33.691655 8.186806
      vertex 91.081104 32.746378 8.186806
    endloop
  endfacet
  facet normal -0.517877 -0.792847 -0.321243
    outer loop
      vertex 90.339802 32.234934 7.308576
      vertex 92.059868 31.111411 7.308576
      vertex 91.862946 30.824617 8.333860
    endloop
  endfacet
  facet normal -0.517877 -0.792847 -0.321243
    outer loop
      vertex 90.339802 32.234934 7.308576
      vertex 91.862946 30.824617 8.333860
      vertex 90.030505 32.021541 8.333860
    endloop
  endfacet
  facet normal 0.516140 0.790189 0.330454
    outer loop
      vertex 92.728772 32.085593 7.193377
      vertex 91.390422 32.959785 7.193377
      vertex 91.081104 32.746378 8.186806
    endloop
  endfacet
  facet normal 0.516140 0.790189 0.330454
    outer loop
      vertex 92.728772 32.085593 7.193377
      vertex 91.081104 32.746378 8.186806
      vertex 92.531838 31.798780 8.186806
    endloop
  endfacet
  facet normal -0.474149 -0.820056 -0.320455
    outer loop
      vertex 92.059868 31.111411 7.308576
      vertex 93.855357 30.073276 7.308576
      vertex 93.775737 29.718659 8.333860
    endloop
  endfacet
  facet normal -0.474149 -0.820056 -0.320455
    outer loop
      vertex 92.059868 31.111411 7.308576
      vertex 93.775737 29.718659 8.333860
      vertex 91.862946 30.824617 8.333860
    endloop
  endfacet
  facet normal 0.472567 0.817320 0.329649
    outer loop
      vertex 94.125808 31.277840 7.193377
      vertex 92.728772 32.085593 7.193377
      vertex 92.531838 31.798780 8.186806
    endloop
  endfacet
  facet normal 0.472567 0.817320 0.329649
    outer loop
      vertex 94.125808 31.277840 7.193377
      vertex 92.531838 31.798780 8.186806
      vertex 94.046184 30.923200 8.186806
    endloop
  endfacet
  facet normal -0.437576 -0.838749 -0.324080
    outer loop
      vertex 93.855357 30.073276 7.308576
      vertex 95.616409 29.154534 7.308576
      vertex 95.651843 28.739894 8.333860
    endloop
  endfacet
  facet normal -0.437576 -0.838749 -0.324080
    outer loop
      vertex 93.855357 30.073276 7.308576
      vertex 95.651843 28.739894 8.333860
      vertex 93.775737 29.718659 8.333860
    endloop
  endfacet
  facet normal 0.436083 0.835887 0.333353
    outer loop
      vertex 95.496050 30.562984 7.193377
      vertex 94.125808 31.277840 7.193377
      vertex 94.046184 30.923200 8.186806
    endloop
  endfacet
  facet normal 0.436083 0.835887 0.333353
    outer loop
      vertex 95.496050 30.562984 7.193377
      vertex 94.046184 30.923200 8.186806
      vertex 95.531486 30.148317 8.186806
    endloop
  endfacet
  facet normal -0.422682 -0.845156 -0.327186
    outer loop
      vertex 95.616409 29.154534 7.308576
      vertex 97.284284 28.320391 7.308576
      vertex 97.428682 27.851255 8.333860
    endloop
  endfacet
  facet normal -0.422682 -0.845156 -0.327186
    outer loop
      vertex 95.616409 29.154534 7.308576
      vertex 97.428682 27.851255 8.333860
      vertex 95.651843 28.739894 8.333860
    endloop
  endfacet
  facet normal 0.421213 0.842218 0.336526
    outer loop
      vertex 96.793792 29.913953 7.193377
      vertex 95.496050 30.562984 7.193377
      vertex 95.531486 30.148317 8.186806
    endloop
  endfacet
  facet normal 0.421213 0.842218 0.336526
    outer loop
      vertex 96.793792 29.913953 7.193377
      vertex 95.531486 30.148317 8.186806
      vertex 96.938199 29.444786 8.186806
    endloop
  endfacet
  facet normal -0.422412 -0.845259 -0.327271
    outer loop
      vertex 97.284284 28.320391 7.308576
      vertex 98.859173 27.533352 7.308576
      vertex 99.106461 27.012797 8.333860
    endloop
  endfacet
  facet normal -0.422412 -0.845259 -0.327271
    outer loop
      vertex 97.284284 28.320391 7.308576
      vertex 99.106461 27.012797 8.333860
      vertex 97.428682 27.851255 8.333860
    endloop
  endfacet
  facet normal 0.420942 0.842318 0.336612
    outer loop
      vertex 98.019183 29.301573 7.193377
      vertex 96.793792 29.913953 7.193377
      vertex 96.938199 29.444786 8.186806
    endloop
  endfacet
  facet normal 0.420942 0.842318 0.336612
    outer loop
      vertex 98.019183 29.301573 7.193377
      vertex 96.938199 29.444786 8.186806
      vertex 98.266487 28.780984 8.186806
    endloop
  endfacet
  facet normal -0.427740 -0.843431 -0.325058
    outer loop
      vertex 98.859173 27.533352 7.308576
      vertex 100.358226 26.773119 7.308576
      vertex 100.703450 26.202897 8.333860
    endloop
  endfacet
  facet normal -0.427740 -0.843431 -0.325058
    outer loop
      vertex 98.859173 27.533352 7.308576
      vertex 100.703450 26.202897 8.333860
      vertex 99.106461 27.012797 8.333860
    endloop
  endfacet
  facet normal 0.426272 0.840536 0.334352
    outer loop
      vertex 99.185567 28.710050 7.193377
      vertex 98.019183 29.301573 7.193377
      vertex 98.266487 28.780984 8.186806
    endloop
  endfacet
  facet normal 0.426272 0.840536 0.334352
    outer loop
      vertex 99.185567 28.710050 7.193377
      vertex 98.266487 28.780984 8.186806
      vertex 99.530814 28.139790 8.186806
    endloop
  endfacet
  facet normal 0.958074 0.092368 -0.271222
    outer loop
      vertex 100.358226 26.773119 7.308576
      vertex 100.157478 28.855343 7.308576
      vertex 100.489587 28.421157 8.333860
    endloop
  endfacet
  facet normal 0.958074 0.092368 -0.271222
    outer loop
      vertex 100.358226 26.773119 7.308576
      vertex 100.489587 28.421157 8.333860
      vertex 100.703450 26.202897 8.333860
    endloop
  endfacet
  facet normal -0.955782 -0.092147 0.279268
    outer loop
      vertex 99.029369 30.330189 7.193377
      vertex 99.185567 28.710050 7.193377
      vertex 99.530814 28.139790 8.186806
    endloop
  endfacet
  facet normal -0.955782 -0.092147 0.279268
    outer loop
      vertex 99.029369 30.330189 7.193377
      vertex 99.530814 28.139790 8.186806
      vertex 99.361500 29.895974 8.186806
    endloop
  endfacet
  facet normal 0.957781 0.081680 -0.275653
    outer loop
      vertex 100.157478 28.855343 7.308576
      vertex 99.968835 31.067358 7.308576
      vertex 100.288619 30.777686 8.333860
    endloop
  endfacet
  facet normal 0.957781 0.081680 -0.275653
    outer loop
      vertex 100.157478 28.855343 7.308576
      vertex 100.288619 30.777686 8.333860
      vertex 100.489587 28.421157 8.333860
    endloop
  endfacet
  facet normal -0.955413 -0.081479 0.283808
    outer loop
      vertex 98.882590 32.051316 7.193377
      vertex 99.029369 30.330189 7.193377
      vertex 99.361500 29.895974 8.186806
    endloop
  endfacet
  facet normal -0.955413 -0.081479 0.283808
    outer loop
      vertex 98.882590 32.051316 7.193377
      vertex 99.361500 29.895974 8.186806
      vertex 99.202396 31.761625 8.186806
    endloop
  endfacet
  facet normal 0.957787 0.078716 -0.276493
    outer loop
      vertex 99.968835 31.067358 7.308576
      vertex 99.771030 33.474161 7.308576
      vertex 100.077892 33.341730 8.333860
    endloop
  endfacet
  facet normal 0.957787 0.078716 -0.276493
    outer loop
      vertex 99.968835 31.067358 7.308576
      vertex 100.077892 33.341730 8.333860
      vertex 100.288619 30.777686 8.333860
    endloop
  endfacet
  facet normal -0.955405 -0.078521 0.284668
    outer loop
      vertex 98.728681 33.924004 7.193377
      vertex 98.882590 32.051316 7.193377
      vertex 99.202396 31.761625 8.186806
    endloop
  endfacet
  facet normal -0.955405 -0.078521 0.284668
    outer loop
      vertex 98.728681 33.924004 7.193377
      vertex 99.202396 31.761625 8.186806
      vertex 99.035563 33.791564 8.186806
    endloop
  endfacet
  facet normal 0.955736 0.113735 -0.271356
    outer loop
      vertex 99.771030 33.474161 7.308576
      vertex 99.458230 36.102676 7.308576
      vertex 99.744656 36.141970 8.333860
    endloop
  endfacet
  facet normal 0.955736 0.113735 -0.271356
    outer loop
      vertex 99.771030 33.474161 7.308576
      vertex 99.744656 36.141970 8.333860
      vertex 100.077892 33.341730 8.333860
    endloop
  endfacet
  facet normal -0.953446 -0.113462 0.279404
    outer loop
      vertex 98.485298 35.969202 7.193377
      vertex 98.728681 33.924004 7.193377
      vertex 99.035563 33.791564 8.186806
    endloop
  endfacet
  facet normal -0.953446 -0.113462 0.279404
    outer loop
      vertex 98.485298 35.969202 7.193377
      vertex 99.035563 33.791564 8.186806
      vertex 98.771743 36.008498 8.186806
    endloop
  endfacet
  facet normal 0.943821 0.189222 -0.270920
    outer loop
      vertex 99.458230 36.102676 7.308576
      vertex 98.935324 38.710875 7.308576
      vertex 99.187588 38.920567 8.333860
    endloop
  endfacet
  facet normal 0.943821 0.189222 -0.270920
    outer loop
      vertex 99.458230 36.102676 7.308576
      vertex 99.187588 38.920567 8.333860
      vertex 99.744656 36.141970 8.333860
    endloop
  endfacet
  facet normal -0.941567 -0.188770 0.278958
    outer loop
      vertex 98.078435 37.998592 7.193377
      vertex 98.485298 35.969202 7.193377
      vertex 98.771743 36.008498 8.186806
    endloop
  endfacet
  facet normal -0.941567 -0.188770 0.278958
    outer loop
      vertex 98.078435 37.998592 7.193377
      vertex 98.771743 36.008498 8.186806
      vertex 98.330715 38.208298 8.186806
    endloop
  endfacet
  facet normal 0.933796 0.227388 -0.276259
    outer loop
      vertex 98.935324 38.710875 7.308576
      vertex 98.359632 41.075022 7.308576
      vertex 98.574285 41.439169 8.333860
    endloop
  endfacet
  facet normal 0.933796 0.227388 -0.276259
    outer loop
      vertex 98.935324 38.710875 7.308576
      vertex 98.574285 41.439169 8.333860
      vertex 99.187588 38.920567 8.333860
    endloop
  endfacet
  facet normal -0.931478 -0.226824 0.284429
    outer loop
      vertex 97.630500 39.838090 7.193377
      vertex 98.078435 37.998592 7.193377
      vertex 98.330715 38.208298 8.186806
    endloop
  endfacet
  facet normal -0.931478 -0.226824 0.284429
    outer loop
      vertex 97.630500 39.838090 7.193377
      vertex 98.330715 38.208298 8.186806
      vertex 97.845167 40.202260 8.186806
    endloop
  endfacet
  facet normal 0.934238 0.226038 -0.275872
    outer loop
      vertex 98.359632 41.075022 7.308576
      vertex 97.834650 43.244828 7.308576
      vertex 98.015005 43.750731 8.333860
    endloop
  endfacet
  facet normal 0.934238 0.226038 -0.275872
    outer loop
      vertex 98.359632 41.075022 7.308576
      vertex 98.015005 43.750731 8.333860
      vertex 98.574285 41.439169 8.333860
    endloop
  endfacet
  facet normal -0.931925 -0.225478 0.284032
    outer loop
      vertex 97.222021 41.526375 7.193377
      vertex 97.630500 39.838090 7.193377
      vertex 97.845167 40.202260 8.186806
    endloop
  endfacet
  facet normal -0.931925 -0.225478 0.284032
    outer loop
      vertex 97.222021 41.526375 7.193377
      vertex 97.845167 40.202260 8.186806
      vertex 97.402388 42.032311 8.186806
    endloop
  endfacet
  facet normal 0.937841 0.216082 -0.271594
    outer loop
      vertex 97.834650 43.244828 7.308576
      vertex 97.363129 45.291324 7.308576
      vertex 97.512679 45.930929 8.333860
    endloop
  endfacet
  facet normal 0.937841 0.216082 -0.271594
    outer loop
      vertex 97.834650 43.244828 7.308576
      vertex 97.512679 45.930929 8.333860
      vertex 98.015005 43.750731 8.333860
    endloop
  endfacet
  facet normal -0.935590 -0.215564 0.279648
    outer loop
      vertex 96.855140 43.118715 7.193377
      vertex 97.222021 41.526375 7.193377
      vertex 97.402388 42.032311 8.186806
    endloop
  endfacet
  facet normal -0.935590 -0.215564 0.279648
    outer loop
      vertex 96.855140 43.118715 7.193377
      vertex 97.402388 42.032311 8.186806
      vertex 97.004699 43.758361 8.186806
    endloop
  endfacet
  facet normal -0.650658 0.683270 -0.331340
    outer loop
      vertex 97.363129 45.291324 7.308576
      vertex 96.167315 44.152586 7.308576
      vertex 96.238740 44.717795 8.333860
    endloop
  endfacet
  facet normal -0.650658 0.683270 -0.331340
    outer loop
      vertex 97.363129 45.291324 7.308576
      vertex 96.238740 44.717795 8.333860
      vertex 97.512679 45.930929 8.333860
    endloop
  endfacet
  facet normal 0.648338 -0.680834 0.340767
    outer loop
      vertex 95.924699 42.232684 7.193377
      vertex 96.855140 43.118715 7.193377
      vertex 97.004699 43.758361 8.186806
    endloop
  endfacet
  facet normal 0.648338 -0.680834 0.340767
    outer loop
      vertex 95.924699 42.232684 7.193377
      vertex 97.004699 43.758361 8.186806
      vertex 95.996129 42.797930 8.186806
    endloop
  endfacet
  facet normal -0.646786 0.686061 -0.333148
    outer loop
      vertex 96.167315 44.152586 7.308576
      vertex 94.908872 42.966185 7.308576
      vertex 94.898081 43.453884 8.333860
    endloop
  endfacet
  facet normal -0.646786 0.686061 -0.333148
    outer loop
      vertex 96.167315 44.152586 7.308576
      vertex 94.898081 43.453884 8.333860
      vertex 96.238740 44.717795 8.333860
    endloop
  endfacet
  facet normal 0.644455 -0.683589 0.342614
    outer loop
      vertex 94.945529 41.309568 7.193377
      vertex 95.924699 42.232684 7.193377
      vertex 95.996129 42.797930 8.186806
    endloop
  endfacet
  facet normal 0.644455 -0.683589 0.342614
    outer loop
      vertex 94.945529 41.309568 7.193377
      vertex 95.996129 42.797930 8.186806
      vertex 94.934736 41.797299 8.186806
    endloop
  endfacet
  facet normal -0.648185 0.684982 -0.332649
    outer loop
      vertex 94.908872 42.966185 7.308576
      vertex 93.579753 41.708465 7.308576
      vertex 93.482128 42.113995 8.333860
    endloop
  endfacet
  facet normal -0.648185 0.684982 -0.332649
    outer loop
      vertex 94.908872 42.966185 7.308576
      vertex 93.482128 42.113995 8.333860
      vertex 94.898081 43.453884 8.333860
    endloop
  endfacet
  facet normal 0.645856 -0.682521 0.342105
    outer loop
      vertex 93.911366 40.330960 7.193377
      vertex 94.945529 41.309568 7.193377
      vertex 94.934736 41.797299 8.186806
    endloop
  endfacet
  facet normal 0.645856 -0.682521 0.342105
    outer loop
      vertex 93.911366 40.330960 7.193377
      vertex 94.934736 41.797299 8.186806
      vertex 93.813735 40.736517 8.186806
    endloop
  endfacet
  facet normal -0.661671 0.673556 -0.329414
    outer loop
      vertex 93.579753 41.708465 7.308576
      vertex 92.193723 40.346894 7.308576
      vertex 92.005546 40.663470 8.333860
    endloop
  endfacet
  facet normal -0.661671 0.673556 -0.329414
    outer loop
      vertex 93.579753 41.708465 7.308576
      vertex 92.005546 40.663470 8.333860
      vertex 93.482128 42.113995 8.333860
    endloop
  endfacet
  facet normal 0.659339 -0.671183 0.338801
    outer loop
      vertex 92.832923 39.271547 7.193377
      vertex 93.911366 40.330960 7.193377
      vertex 93.813735 40.736517 8.186806
    endloop
  endfacet
  facet normal 0.659339 -0.671183 0.338801
    outer loop
      vertex 92.832923 39.271547 7.193377
      vertex 93.813735 40.736517 8.186806
      vertex 92.644733 39.588144 8.186806
    endloop
  endfacet
  facet normal -0.690807 0.645350 -0.326052
    outer loop
      vertex 92.193723 40.346894 7.308576
      vertex 90.814406 38.870421 7.308576
      vertex 90.536116 39.090537 8.333860
    endloop
  endfacet
  facet normal -0.690807 0.645350 -0.326052
    outer loop
      vertex 92.193723 40.346894 7.308576
      vertex 90.536116 39.090537 8.333860
      vertex 92.005546 40.663470 8.333860
    endloop
  endfacet
  facet normal 0.688421 -0.643121 0.335367
    outer loop
      vertex 91.759702 38.122732 7.193377
      vertex 92.832923 39.271547 7.193377
      vertex 92.644733 39.588144 8.186806
    endloop
  endfacet
  facet normal 0.688421 -0.643121 0.335367
    outer loop
      vertex 91.759702 38.122732 7.193377
      vertex 92.644733 39.588144 8.186806
      vertex 91.481394 38.342862 8.186806
    endloop
  endfacet
  facet normal -0.723237 0.608325 -0.326906
    outer loop
      vertex 90.814406 38.870421 7.308576
      vertex 89.526698 37.339466 7.308576
      vertex 89.164280 37.459562 8.333860
    endloop
  endfacet
  facet normal -0.723237 0.608325 -0.326906
    outer loop
      vertex 90.814406 38.870421 7.308576
      vertex 89.164280 37.459562 8.333860
      vertex 90.536116 39.090537 8.333860
    endloop
  endfacet
  facet normal 0.720727 -0.606214 0.336240
    outer loop
      vertex 90.757761 36.931525 7.193377
      vertex 91.759702 38.122732 7.193377
      vertex 91.481394 38.342862 8.186806
    endloop
  endfacet
  facet normal 0.720727 -0.606214 0.336240
    outer loop
      vertex 90.757761 36.931525 7.193377
      vertex 91.481394 38.342862 8.186806
      vertex 90.395319 37.051628 8.186806
    endloop
  endfacet
  facet normal -0.742497 0.582529 -0.330693
    outer loop
      vertex 89.526698 37.339466 7.308576
      vertex 88.353143 35.843641 7.308576
      vertex 87.914054 35.866012 8.333860
    endloop
  endfacet
  facet normal -0.742497 0.582529 -0.330693
    outer loop
      vertex 89.526698 37.339466 7.308576
      vertex 87.914054 35.866012 8.333860
      vertex 89.164280 37.459562 8.333860
    endloop
  endfacet
  facet normal 0.739860 -0.580460 0.340107
    outer loop
      vertex 89.844640 35.767651 7.193377
      vertex 90.757761 36.931525 7.193377
      vertex 90.395319 37.051628 8.186806
    endloop
  endfacet
  facet normal 0.739860 -0.580460 0.340107
    outer loop
      vertex 89.844640 35.767651 7.193377
      vertex 90.395319 37.051628 8.186806
      vertex 89.405522 35.790024 8.186806
    endloop
  endfacet
  facet normal -0.748249 0.573810 -0.332965
    outer loop
      vertex 88.353143 35.843641 7.308576
      vertex 87.263945 34.423326 7.308576
      vertex 86.753697 34.352905 8.333860
    endloop
  endfacet
  facet normal -0.748249 0.573810 -0.332965
    outer loop
      vertex 88.353143 35.843641 7.308576
      vertex 86.753697 34.352905 8.333860
      vertex 87.914054 35.866012 8.333860
    endloop
  endfacet
  facet normal 0.745555 -0.571744 0.342428
    outer loop
      vertex 88.997156 34.662531 7.193377
      vertex 89.844640 35.767651 7.193377
      vertex 89.405522 35.790024 8.186806
    endloop
  endfacet
  facet normal 0.745555 -0.571744 0.342428
    outer loop
      vertex 88.997156 34.662531 7.193377
      vertex 89.405522 35.790024 8.186806
      vertex 88.486874 34.592106 8.186806
    endloop
  endfacet
  facet normal -0.540580 -0.751418 -0.378346
    outer loop
      vertex 86.753697 34.352905 8.333860
      vertex 88.334669 33.215533 8.333860
      vertex 87.845657 33.049683 9.361949
    endloop
  endfacet
  facet normal -0.540580 -0.751418 -0.378346
    outer loop
      vertex 86.753697 34.352905 8.333860
      vertex 87.845657 33.049683 9.361949
      vertex 86.149969 34.269583 9.361949
    endloop
  endfacet
  facet normal 0.538040 0.747888 0.388815
    outer loop
      vertex 89.738521 33.691655 8.186806
      vertex 88.486874 34.592106 8.186806
      vertex 87.883847 34.508880 9.181357
    endloop
  endfacet
  facet normal 0.538040 0.747888 0.388815
    outer loop
      vertex 89.738521 33.691655 8.186806
      vertex 87.883847 34.508880 9.181357
      vertex 89.250076 33.525997 9.181357
    endloop
  endfacet
  facet normal -0.533458 -0.757675 -0.375968
    outer loop
      vertex 88.334669 33.215533 8.333860
      vertex 90.030505 32.021541 8.333860
      vertex 89.664543 31.769054 9.361949
    endloop
  endfacet
  facet normal -0.533458 -0.757675 -0.375968
    outer loop
      vertex 88.334669 33.215533 8.333860
      vertex 89.664543 31.769054 9.361949
      vertex 87.845657 33.049683 9.361949
    endloop
  endfacet
  facet normal 0.530983 0.754160 0.386394
    outer loop
      vertex 91.081104 32.746378 8.186806
      vertex 89.738521 33.691655 8.186806
      vertex 89.250076 33.525997 9.181357
    endloop
  endfacet
  facet normal 0.530983 0.754160 0.386394
    outer loop
      vertex 91.081104 32.746378 8.186806
      vertex 89.250076 33.525997 9.181357
      vertex 90.715567 32.494184 9.181357
    endloop
  endfacet
  facet normal -0.507700 -0.777268 -0.371611
    outer loop
      vertex 90.030505 32.021541 8.333860
      vertex 91.862946 30.824617 8.333860
      vertex 91.629947 30.485281 9.361949
    endloop
  endfacet
  facet normal -0.507700 -0.777268 -0.371611
    outer loop
      vertex 90.030505 32.021541 8.333860
      vertex 91.629947 30.485281 9.361949
      vertex 89.664543 31.769054 9.361949
    endloop
  endfacet
  facet normal 0.505399 0.773745 0.381957
    outer loop
      vertex 92.531838 31.798780 8.186806
      vertex 91.081104 32.746378 8.186806
      vertex 90.715567 32.494184 9.181357
    endloop
  endfacet
  facet normal 0.505399 0.773745 0.381957
    outer loop
      vertex 92.531838 31.798780 8.186806
      vertex 90.715567 32.494184 9.181357
      vertex 92.299109 31.459838 9.181357
    endloop
  endfacet
  facet normal -0.464876 -0.804019 -0.370735
    outer loop
      vertex 91.862946 30.824617 8.333860
      vertex 93.775737 29.718659 8.333860
      vertex 93.681531 29.299074 9.361949
    endloop
  endfacet
  facet normal -0.464876 -0.804019 -0.370735
    outer loop
      vertex 91.862946 30.824617 8.333860
      vertex 93.681531 29.299074 9.361949
      vertex 91.629947 30.485281 9.361949
    endloop
  endfacet
  facet normal 0.462778 0.800391 0.381065
    outer loop
      vertex 94.046184 30.923200 8.186806
      vertex 92.531838 31.798780 8.186806
      vertex 92.299109 31.459838 9.181357
    endloop
  endfacet
  facet normal 0.462778 0.800391 0.381065
    outer loop
      vertex 94.046184 30.923200 8.186806
      vertex 92.299109 31.459838 9.181357
      vertex 93.952087 30.504102 9.181357
    endloop
  endfacet
  facet normal -0.428829 -0.821984 -0.374764
    outer loop
      vertex 93.775737 29.718659 8.333860
      vertex 95.651843 28.739894 8.333860
      vertex 95.693767 28.249290 9.361949
    endloop
  endfacet
  facet normal -0.428829 -0.821984 -0.374764
    outer loop
      vertex 93.775737 29.718659 8.333860
      vertex 95.693767 28.249290 9.361949
      vertex 93.681531 29.299074 9.361949
    endloop
  endfacet
  facet normal 0.426853 0.818195 0.385168
    outer loop
      vertex 95.531486 30.148317 8.186806
      vertex 94.046184 30.923200 8.186806
      vertex 93.952087 30.504102 9.181357
    endloop
  endfacet
  facet normal 0.426853 0.818195 0.385168
    outer loop
      vertex 95.531486 30.148317 8.186806
      vertex 93.952087 30.504102 9.181357
      vertex 95.573362 29.658282 9.181357
    endloop
  endfacet
  facet normal -0.414076 -0.827948 -0.378211
    outer loop
      vertex 95.651843 28.739894 8.333860
      vertex 97.428682 27.851255 8.333860
      vertex 97.599535 27.296170 9.361949
    endloop
  endfacet
  facet normal -0.414076 -0.827948 -0.378211
    outer loop
      vertex 95.651843 28.739894 8.333860
      vertex 97.599535 27.296170 9.361949
      vertex 95.693767 28.249290 9.361949
    endloop
  endfacet
  facet normal 0.412132 0.824061 0.388678
    outer loop
      vertex 96.938199 29.444786 8.186806
      vertex 95.531486 30.148317 8.186806
      vertex 95.573362 29.658282 9.181357
    endloop
  endfacet
  facet normal 0.412132 0.824061 0.388678
    outer loop
      vertex 96.938199 29.444786 8.186806
      vertex 95.573362 29.658282 9.181357
      vertex 97.108854 28.890346 9.181357
    endloop
  endfacet
  facet normal -0.413806 -0.828039 -0.378306
    outer loop
      vertex 97.428682 27.851255 8.333860
      vertex 99.106461 27.012797 8.333860
      vertex 99.399054 26.396874 9.361949
    endloop
  endfacet
  facet normal -0.413806 -0.828039 -0.378306
    outer loop
      vertex 97.428682 27.851255 8.333860
      vertex 99.399054 26.396874 9.361949
      vertex 97.599535 27.296170 9.361949
    endloop
  endfacet
  facet normal 0.411863 0.824150 0.388774
    outer loop
      vertex 98.266487 28.780984 8.186806
      vertex 96.938199 29.444786 8.186806
      vertex 97.108854 28.890346 9.181357
    endloop
  endfacet
  facet normal 0.411863 0.824150 0.388774
    outer loop
      vertex 98.266487 28.780984 8.186806
      vertex 97.108854 28.890346 9.181357
      vertex 98.558741 28.165776 9.181357
    endloop
  endfacet
  facet normal -0.419140 -0.826474 -0.375850
    outer loop
      vertex 99.106461 27.012797 8.333860
      vertex 100.703450 26.202897 8.333860
      vertex 101.111921 25.528206 9.361949
    endloop
  endfacet
  facet normal -0.419140 -0.826474 -0.375850
    outer loop
      vertex 99.106461 27.012797 8.333860
      vertex 101.111921 25.528206 9.361949
      vertex 99.399054 26.396874 9.361949
    endloop
  endfacet
  facet normal 0.417197 0.822642 0.386274
    outer loop
      vertex 99.530814 28.139790 8.186806
      vertex 98.266487 28.780984 8.186806
      vertex 98.558741 28.165776 9.181357
    endloop
  endfacet
  facet normal 0.417197 0.822642 0.386274
    outer loop
      vertex 99.530814 28.139790 8.186806
      vertex 98.558741 28.165776 9.181357
      vertex 99.938812 27.465883 9.181357
    endloop
  endfacet
  facet normal 0.944541 0.091064 -0.315516
    outer loop
      vertex 100.703450 26.202897 8.333860
      vertex 100.489587 28.421157 8.333860
      vertex 100.882540 27.907424 9.361949
    endloop
  endfacet
  facet normal 0.944541 0.091064 -0.315516
    outer loop
      vertex 100.703450 26.202897 8.333860
      vertex 100.882540 27.907424 9.361949
      vertex 101.111921 25.528206 9.361949
    endloop
  endfacet
  facet normal -0.941448 -0.090765 0.324710
    outer loop
      vertex 99.361500 29.895974 8.186806
      vertex 99.530814 28.139790 8.186806
      vertex 99.938812 27.465883 9.181357
    endloop
  endfacet
  facet normal -0.941448 -0.090765 0.324710
    outer loop
      vertex 99.361500 29.895974 8.186806
      vertex 99.938812 27.465883 9.181357
      vertex 99.753997 29.382838 9.181357
    endloop
  endfacet
  facet normal 0.943815 0.080489 -0.320522
    outer loop
      vertex 100.489587 28.421157 8.333860
      vertex 100.288619 30.777686 8.333860
      vertex 100.666991 30.434944 9.361949
    endloop
  endfacet
  facet normal 0.943815 0.080489 -0.320522
    outer loop
      vertex 100.489587 28.421157 8.333860
      vertex 100.666991 30.434944 9.361949
      vertex 100.882540 27.907424 9.361949
    endloop
  endfacet
  facet normal -0.940627 -0.080218 0.329828
    outer loop
      vertex 99.202396 31.761625 8.186806
      vertex 99.361500 29.895974 8.186806
      vertex 99.753997 29.382838 9.181357
    endloop
  endfacet
  facet normal -0.940627 -0.080218 0.329828
    outer loop
      vertex 99.202396 31.761625 8.186806
      vertex 99.753997 29.382838 9.181357
      vertex 99.580327 31.419281 9.181357
    endloop
  endfacet
  facet normal 0.943738 0.077562 -0.321470
    outer loop
      vertex 100.288619 30.777686 8.333860
      vertex 100.077892 33.341730 8.333860
      vertex 100.440972 33.185037 9.361949
    endloop
  endfacet
  facet normal 0.943738 0.077562 -0.321470
    outer loop
      vertex 100.288619 30.777686 8.333860
      vertex 100.440972 33.185037 9.361949
      vertex 100.666991 30.434944 9.361949
    endloop
  endfacet
  facet normal -0.940531 -0.077298 0.330797
    outer loop
      vertex 99.035563 33.791564 8.186806
      vertex 99.202396 31.761625 8.186806
      vertex 99.580327 31.419281 9.181357
    endloop
  endfacet
  facet normal -0.940531 -0.077298 0.330797
    outer loop
      vertex 99.035563 33.791564 8.186806
      vertex 99.580327 31.419281 9.181357
      vertex 99.398223 33.635053 9.181357
    endloop
  endfacet
  facet normal 0.942222 0.112127 -0.315666
    outer loop
      vertex 100.077892 33.341730 8.333860
      vertex 99.744656 36.141970 8.333860
      vertex 100.083557 36.188463 9.361949
    endloop
  endfacet
  facet normal 0.942222 0.112127 -0.315666
    outer loop
      vertex 100.077892 33.341730 8.333860
      vertex 100.083557 36.188463 9.361949
      vertex 100.440972 33.185037 9.361949
    endloop
  endfacet
  facet normal -0.939134 -0.111759 0.324864
    outer loop
      vertex 98.771743 36.008498 8.186806
      vertex 99.035563 33.791564 8.186806
      vertex 99.398223 33.635053 9.181357
    endloop
  endfacet
  facet normal -0.939134 -0.111759 0.324864
    outer loop
      vertex 98.771743 36.008498 8.186806
      vertex 99.398223 33.635053 9.181357
      vertex 99.110250 36.054937 9.181357
    endloop
  endfacet
  facet normal 0.930517 0.186555 -0.315174
    outer loop
      vertex 99.744656 36.141970 8.333860
      vertex 99.187588 38.920567 8.333860
      vertex 99.486068 39.168677 9.361949
    endloop
  endfacet
  facet normal 0.930517 0.186555 -0.315174
    outer loop
      vertex 99.744656 36.141970 8.333860
      vertex 99.486068 39.168677 9.361949
      vertex 100.083557 36.188463 9.361949
    endloop
  endfacet
  facet normal -0.927477 -0.185946 0.324361
    outer loop
      vertex 98.330715 38.208298 8.186806
      vertex 98.771743 36.008498 8.186806
      vertex 99.110250 36.054937 9.181357
    endloop
  endfacet
  facet normal -0.927477 -0.185946 0.324361
    outer loop
      vertex 98.330715 38.208298 8.186806
      vertex 99.110250 36.054937 9.181357
      vertex 98.628849 38.456119 9.181357
    endloop
  endfacet
  facet normal 0.920122 0.224058 -0.321206
    outer loop
      vertex 99.187588 38.920567 8.333860
      vertex 98.574285 41.439169 8.333860
      vertex 98.828263 41.870029 9.361949
    endloop
  endfacet
  facet normal 0.920122 0.224058 -0.321206
    outer loop
      vertex 99.187588 38.920567 8.333860
      vertex 98.828263 41.870029 9.361949
      vertex 99.486068 39.168677 9.361949
    endloop
  endfacet
  facet normal -0.917000 -0.223298 0.330527
    outer loop
      vertex 97.845167 40.202260 8.186806
      vertex 98.330715 38.208298 8.186806
      vertex 98.628849 38.456119 9.181357
    endloop
  endfacet
  facet normal -0.917000 -0.223298 0.330527
    outer loop
      vertex 97.845167 40.202260 8.186806
      vertex 98.628849 38.456119 9.181357
      vertex 98.098850 40.632620 9.181357
    endloop
  endfacet
  facet normal 0.920595 0.222737 -0.320770
    outer loop
      vertex 98.574285 41.439169 8.333860
      vertex 98.015005 43.750731 8.333860
      vertex 98.228402 44.349319 9.361949
    endloop
  endfacet
  facet normal 0.920595 0.222737 -0.320770
    outer loop
      vertex 98.574285 41.439169 8.333860
      vertex 98.228402 44.349319 9.361949
      vertex 98.828263 41.870029 9.361949
    endloop
  endfacet
  facet normal -0.917480 -0.221983 0.330081
    outer loop
      vertex 97.402388 42.032311 8.186806
      vertex 97.845167 40.202260 8.186806
      vertex 98.098850 40.632620 9.181357
    endloop
  endfacet
  facet normal -0.917480 -0.221983 0.330081
    outer loop
      vertex 97.402388 42.032311 8.186806
      vertex 98.098850 40.632620 9.181357
      vertex 97.615537 42.630204 9.181357
    endloop
  endfacet
  facet normal 0.924558 0.213022 -0.315935
    outer loop
      vertex 98.015005 43.750731 8.333860
      vertex 97.512679 45.930929 8.333860
      vertex 97.689626 46.687713 9.361949
    endloop
  endfacet
  facet normal 0.924558 0.213022 -0.315935
    outer loop
      vertex 98.015005 43.750731 8.333860
      vertex 97.689626 46.687713 9.361949
      vertex 98.228402 44.349319 9.361949
    endloop
  endfacet
  facet normal -0.921522 -0.212322 0.325139
    outer loop
      vertex 97.004699 43.758361 8.186806
      vertex 97.402388 42.032311 8.186806
      vertex 97.615537 42.630204 9.181357
    endloop
  endfacet
  facet normal -0.921522 -0.212322 0.325139
    outer loop
      vertex 97.004699 43.758361 8.186806
      vertex 97.615537 42.630204 9.181357
      vertex 97.181441 44.514267 9.181357
    endloop
  endfacet
  facet normal -0.637082 0.669014 -0.382816
    outer loop
      vertex 97.512679 45.930929 8.333860
      vertex 96.238740 44.717795 8.333860
      vertex 96.323250 45.386553 9.361949
    endloop
  endfacet
  facet normal -0.637082 0.669014 -0.382816
    outer loop
      vertex 97.512679 45.930929 8.333860
      vertex 96.323250 45.386553 9.361949
      vertex 97.689626 46.687713 9.361949
    endloop
  endfacet
  facet normal 0.634018 -0.665797 0.393365
    outer loop
      vertex 95.996129 42.797930 8.186806
      vertex 97.004699 43.758361 8.186806
      vertex 97.181441 44.514267 9.181357
    endloop
  endfacet
  facet normal 0.634018 -0.665797 0.393365
    outer loop
      vertex 95.996129 42.797930 8.186806
      vertex 97.181441 44.514267 9.181357
      vertex 96.080541 43.465912 9.181357
    endloop
  endfacet
  facet normal -0.633148 0.671595 -0.384818
    outer loop
      vertex 96.238740 44.717795 8.333860
      vertex 94.898081 43.453884 8.333860
      vertex 94.885312 44.030933 9.361949
    endloop
  endfacet
  facet normal -0.633148 0.671595 -0.384818
    outer loop
      vertex 96.238740 44.717795 8.333860
      vertex 94.885312 44.030933 9.361949
      vertex 96.323250 45.386553 9.361949
    endloop
  endfacet
  facet normal 0.630071 -0.668332 0.395402
    outer loop
      vertex 94.934736 41.797299 8.186806
      vertex 95.996129 42.797930 8.186806
      vertex 96.080541 43.465912 9.181357
    endloop
  endfacet
  facet normal 0.630071 -0.668332 0.395402
    outer loop
      vertex 94.934736 41.797299 8.186806
      vertex 96.080541 43.465912 9.181357
      vertex 94.921983 42.373678 9.181357
    endloop
  endfacet
  facet normal -0.634557 0.670580 -0.384266
    outer loop
      vertex 94.898081 43.453884 8.333860
      vertex 93.482128 42.113995 8.333860
      vertex 93.366617 42.593821 9.361949
    endloop
  endfacet
  facet normal -0.634557 0.670580 -0.384266
    outer loop
      vertex 94.898081 43.453884 8.333860
      vertex 93.366617 42.593821 9.361949
      vertex 94.885312 44.030933 9.361949
    endloop
  endfacet
  facet normal 0.631482 -0.667331 0.394841
    outer loop
      vertex 93.813735 40.736517 8.186806
      vertex 94.934736 41.797299 8.186806
      vertex 94.921983 42.373678 9.181357
    endloop
  endfacet
  facet normal 0.631482 -0.667331 0.394841
    outer loop
      vertex 93.813735 40.736517 8.186806
      vertex 94.921983 42.373678 9.181357
      vertex 93.698358 41.215786 9.181357
    endloop
  endfacet
  facet normal -0.648020 0.659660 -0.380682
    outer loop
      vertex 93.482128 42.113995 8.333860
      vertex 92.005546 40.663470 8.333860
      vertex 91.782894 41.038045 9.361949
    endloop
  endfacet
  facet normal -0.648020 0.659660 -0.380682
    outer loop
      vertex 93.482128 42.113995 8.333860
      vertex 91.782894 41.038045 9.361949
      vertex 93.366617 42.593821 9.361949
    endloop
  endfacet
  facet normal 0.644938 -0.656523 0.391193
    outer loop
      vertex 92.644733 39.588144 8.186806
      vertex 93.813735 40.736517 8.186806
      vertex 93.698358 41.215786 9.181357
    endloop
  endfacet
  facet normal 0.644938 -0.656523 0.391193
    outer loop
      vertex 92.644733 39.588144 8.186806
      vertex 93.698358 41.215786 9.181357
      vertex 92.422340 39.962285 9.181357
    endloop
  endfacet
  facet normal -0.676835 0.632298 -0.376953
    outer loop
      vertex 92.005546 40.663470 8.333860
      vertex 90.536116 39.090537 8.333860
      vertex 90.206842 39.350979 9.361949
    endloop
  endfacet
  facet normal -0.676835 0.632298 -0.376953
    outer loop
      vertex 92.005546 40.663470 8.333860
      vertex 90.206842 39.350979 9.361949
      vertex 91.782894 41.038045 9.361949
    endloop
  endfacet
  facet normal 0.673679 -0.629349 0.387397
    outer loop
      vertex 91.481394 38.342862 8.186806
      vertex 92.644733 39.588144 8.186806
      vertex 92.422340 39.962285 9.181357
    endloop
  endfacet
  facet normal 0.673679 -0.629349 0.387397
    outer loop
      vertex 91.481394 38.342862 8.186806
      vertex 92.422340 39.962285 9.181357
      vertex 91.152502 38.603002 9.181357
    endloop
  endfacet
  facet normal -0.708536 0.595960 -0.377901
    outer loop
      vertex 90.536116 39.090537 8.333860
      vertex 89.164280 37.459562 8.333860
      vertex 88.735464 37.601660 9.361949
    endloop
  endfacet
  facet normal -0.708536 0.595960 -0.377901
    outer loop
      vertex 90.536116 39.090537 8.333860
      vertex 88.735464 37.601660 9.361949
      vertex 90.206842 39.350979 9.361949
    endloop
  endfacet
  facet normal 0.705215 -0.593167 0.388362
    outer loop
      vertex 90.395319 37.051628 8.186806
      vertex 91.481394 38.342862 8.186806
      vertex 91.152502 38.603002 9.181357
    endloop
  endfacet
  facet normal 0.705215 -0.593167 0.388362
    outer loop
      vertex 90.395319 37.051628 8.186806
      vertex 91.152502 38.603002 9.181357
      vertex 89.967001 37.193561 9.181357
    endloop
  endfacet
  facet normal -0.727063 0.570420 -0.382099
    outer loop
      vertex 89.164280 37.459562 8.333860
      vertex 87.914054 35.866012 8.333860
      vertex 87.394522 35.892481 9.361949
    endloop
  endfacet
  facet normal -0.727063 0.570420 -0.382099
    outer loop
      vertex 89.164280 37.459562 8.333860
      vertex 87.394522 35.892481 9.361949
      vertex 88.735464 37.601660 9.361949
    endloop
  endfacet
  facet normal 0.723580 -0.567687 0.392635
    outer loop
      vertex 89.405522 35.790024 8.186806
      vertex 90.395319 37.051628 8.186806
      vertex 89.967001 37.193561 9.181357
    endloop
  endfacet
  facet normal 0.723580 -0.567687 0.392635
    outer loop
      vertex 89.405522 35.790024 8.186806
      vertex 89.967001 37.193561 9.181357
      vertex 88.886593 35.816462 9.181357
    endloop
  endfacet
  facet normal -0.732487 0.561723 -0.384616
    outer loop
      vertex 87.914054 35.866012 8.333860
      vertex 86.753697 34.352905 8.333860
      vertex 86.149969 34.269583 9.361949
    endloop
  endfacet
  facet normal -0.732487 0.561723 -0.384616
    outer loop
      vertex 87.914054 35.866012 8.333860
      vertex 86.149969 34.269583 9.361949
      vertex 87.394522 35.892481 9.361949
    endloop
  endfacet
  facet normal 0.728932 -0.558997 0.395197
    outer loop
      vertex 88.486874 34.592106 8.186806
      vertex 89.405522 35.790024 8.186806
      vertex 88.886593 35.816462 9.181357
    endloop
  endfacet
  facet normal 0.728932 -0.558997 0.395197
    outer loop
      vertex 88.486874 34.592106 8.186806
      vertex 88.886593 35.816462 9.181357
      vertex 87.883847 34.508880 9.181357
    endloop
  endfacet
  facet normal -0.531455 -0.738735 -0.414519
    outer loop
      vertex 86.149969 34.269583 9.361949
      vertex 87.845657 33.049683 9.361949
      vertex 87.299856 32.864572 10.391616
    endloop
  endfacet
  facet normal -0.531455 -0.738735 -0.414519
    outer loop
      vertex 86.149969 34.269583 9.361949
      vertex 87.299856 32.864572 10.391616
      vertex 85.476130 34.176585 10.391616
    endloop
  endfacet
  facet normal 0.528303 0.734352 0.426172
    outer loop
      vertex 89.250076 33.525997 9.181357
      vertex 87.883847 34.508880 9.181357
      vertex 87.210270 34.415918 10.176539
    endloop
  endfacet
  facet normal 0.528303 0.734352 0.426172
    outer loop
      vertex 89.250076 33.525997 9.181357
      vertex 87.210270 34.415918 10.176539
      vertex 88.704488 33.340958 10.176539
    endloop
  endfacet
  facet normal -0.524564 -0.745043 -0.412000
    outer loop
      vertex 87.845657 33.049683 9.361949
      vertex 89.664543 31.769054 9.361949
      vertex 89.256082 31.487246 10.391616
    endloop
  endfacet
  facet normal -0.524564 -0.745043 -0.412000
    outer loop
      vertex 87.845657 33.049683 9.361949
      vertex 89.256082 31.487246 10.391616
      vertex 87.299856 32.864572 10.391616
    endloop
  endfacet
  facet normal 0.521490 0.740676 0.423613
    outer loop
      vertex 90.715567 32.494184 9.181357
      vertex 89.250076 33.525997 9.181357
      vertex 88.704488 33.340958 10.176539
    endloop
  endfacet
  facet normal 0.521490 0.740676 0.423613
    outer loop
      vertex 90.715567 32.494184 9.181357
      vertex 88.704488 33.340958 10.176539
      vertex 90.307266 32.212486 10.176539
    endloop
  endfacet
  facet normal -0.499426 -0.764601 -0.407381
    outer loop
      vertex 89.664543 31.769054 9.361949
      vertex 91.629947 30.485281 9.361949
      vertex 91.369890 30.106538 10.391616
    endloop
  endfacet
  facet normal -0.499426 -0.764601 -0.407381
    outer loop
      vertex 89.664543 31.769054 9.361949
      vertex 91.369890 30.106538 10.391616
      vertex 89.256082 31.487246 10.391616
    endloop
  endfacet
  facet normal 0.496564 0.760218 0.418918
    outer loop
      vertex 92.299109 31.459838 9.181357
      vertex 90.715567 32.494184 9.181357
      vertex 90.307266 32.212486 10.176539
    endloop
  endfacet
  facet normal 0.496564 0.760218 0.418918
    outer loop
      vertex 92.299109 31.459838 9.181357
      vertex 90.307266 32.212486 10.176539
      vertex 92.039153 31.081242 10.176539
    endloop
  endfacet
  facet normal -0.457335 -0.790976 -0.406451
    outer loop
      vertex 91.629947 30.485281 9.361949
      vertex 93.681531 29.299074 9.361949
      vertex 93.576385 28.830763 10.391616
    endloop
  endfacet
  facet normal -0.457335 -0.790976 -0.406451
    outer loop
      vertex 91.629947 30.485281 9.361949
      vertex 93.576385 28.830763 10.391616
      vertex 91.369890 30.106538 10.391616
    endloop
  endfacet
  facet normal 0.454725 0.786462 0.417973
    outer loop
      vertex 93.952087 30.504102 9.181357
      vertex 92.299109 31.459838 9.181357
      vertex 92.039153 31.081242 10.176539
    endloop
  endfacet
  facet normal 0.454725 0.786462 0.417973
    outer loop
      vertex 93.952087 30.504102 9.181357
      vertex 92.039153 31.081242 10.176539
      vertex 93.846981 30.035973 10.176539
    endloop
  endfacet
  facet normal -0.421725 -0.808365 -0.410724
    outer loop
      vertex 93.681531 29.299074 9.361949
      vertex 95.693767 28.249290 9.361949
      vertex 95.740561 27.701711 10.391616
    endloop
  endfacet
  facet normal -0.421725 -0.808365 -0.410724
    outer loop
      vertex 93.681531 29.299074 9.361949
      vertex 95.740561 27.701711 10.391616
      vertex 93.576385 28.830763 10.391616
    endloop
  endfacet
  facet normal 0.419268 0.803656 0.422316
    outer loop
      vertex 95.573362 29.658282 9.181357
      vertex 93.952087 30.504102 9.181357
      vertex 93.846981 30.035973 10.176539
    endloop
  endfacet
  facet normal 0.419268 0.803656 0.422316
    outer loop
      vertex 95.573362 29.658282 9.181357
      vertex 93.846981 30.035973 10.176539
      vertex 95.620137 29.110917 10.176539
    endloop
  endfacet
  facet normal -0.407092 -0.813983 -0.414377
    outer loop
      vertex 95.693767 28.249290 9.361949
      vertex 97.599535 27.296170 9.361949
      vertex 97.790229 26.676624 10.391616
    endloop
  endfacet
  facet normal -0.407092 -0.813983 -0.414377
    outer loop
      vertex 95.693767 28.249290 9.361949
      vertex 97.790229 26.676624 10.391616
      vertex 95.740561 27.701711 10.391616
    endloop
  endfacet
  facet normal 0.404679 0.809157 0.426028
    outer loop
      vertex 97.108854 28.890346 9.181357
      vertex 95.573362 29.658282 9.181357
      vertex 95.620137 29.110917 10.176539
    endloop
  endfacet
  facet normal 0.404679 0.809157 0.426028
    outer loop
      vertex 97.108854 28.890346 9.181357
      vertex 95.620137 29.110917 10.176539
      vertex 97.299474 28.271041 10.176539
    endloop
  endfacet
  facet normal -0.406823 -0.814066 -0.414477
    outer loop
      vertex 97.599535 27.296170 9.361949
      vertex 99.399054 26.396874 9.361949
      vertex 99.725626 25.709424 10.391616
    endloop
  endfacet
  facet normal -0.406823 -0.814066 -0.414477
    outer loop
      vertex 97.599535 27.296170 9.361949
      vertex 99.725626 25.709424 10.391616
      vertex 97.790229 26.676624 10.391616
    endloop
  endfacet
  facet normal 0.404411 0.809238 0.426129
    outer loop
      vertex 98.558741 28.165776 9.181357
      vertex 97.108854 28.890346 9.181357
      vertex 97.299474 28.271041 10.176539
    endloop
  endfacet
  facet normal 0.404411 0.809238 0.426129
    outer loop
      vertex 98.558741 28.165776 9.181357
      vertex 97.299474 28.271041 10.176539
      vertex 98.885186 27.478593 10.176539
    endloop
  endfacet
  facet normal -0.412156 -0.812703 -0.411875
    outer loop
      vertex 99.399054 26.396874 9.361949
      vertex 101.111921 25.528206 9.361949
      vertex 101.567828 24.775165 10.391616
    endloop
  endfacet
  facet normal -0.412156 -0.812703 -0.411875
    outer loop
      vertex 99.399054 26.396874 9.361949
      vertex 101.567828 24.775165 10.391616
      vertex 99.725626 25.709424 10.391616
    endloop
  endfacet
  facet normal 0.409742 0.807942 0.423486
    outer loop
      vertex 99.938812 27.465883 9.181357
      vertex 98.558741 28.165776 9.181357
      vertex 98.885186 27.478593 10.176539
    endloop
  endfacet
  facet normal 0.409742 0.807942 0.423486
    outer loop
      vertex 99.938812 27.465883 9.181357
      vertex 98.885186 27.478593 10.176539
      vertex 100.394541 26.713135 10.176539
    endloop
  endfacet
  facet normal 0.933368 0.089986 -0.347457
    outer loop
      vertex 101.111921 25.528206 9.361949
      vertex 100.882540 27.907424 9.361949
      vertex 101.321127 27.334033 10.391616
    endloop
  endfacet
  facet normal 0.933368 0.089986 -0.347457
    outer loop
      vertex 101.111921 25.528206 9.361949
      vertex 101.321127 27.334033 10.391616
      vertex 101.567828 24.775165 10.391616
    endloop
  endfacet
  facet normal -0.929467 -0.089610 0.357856
    outer loop
      vertex 99.753997 29.382838 9.181357
      vertex 99.938812 27.465883 9.181357
      vertex 100.394541 26.713135 10.176539
    endloop
  endfacet
  facet normal -0.929467 -0.089610 0.357856
    outer loop
      vertex 99.753997 29.382838 9.181357
      vertex 100.394541 26.713135 10.176539
      vertex 100.192413 28.809670 10.176539
    endloop
  endfacet
  facet normal 0.932300 0.079508 -0.352838
    outer loop
      vertex 100.882540 27.907424 9.361949
      vertex 100.666991 30.434944 9.361949
      vertex 101.089302 30.052401 10.391616
    endloop
  endfacet
  facet normal 0.932300 0.079508 -0.352838
    outer loop
      vertex 100.882540 27.907424 9.361949
      vertex 101.089302 30.052401 10.391616
      vertex 101.321127 27.334033 10.391616
    endloop
  endfacet
  facet normal -0.928283 -0.079165 0.363350
    outer loop
      vertex 99.580327 31.419281 9.181357
      vertex 99.753997 29.382838 9.181357
      vertex 100.192413 28.809670 10.176539
    endloop
  endfacet
  facet normal -0.928283 -0.079165 0.363350
    outer loop
      vertex 99.580327 31.419281 9.181357
      vertex 100.192413 28.809670 10.176539
      vertex 100.002474 31.036886 10.176539
    endloop
  endfacet
  facet normal 0.932157 0.076610 -0.353856
    outer loop
      vertex 100.666991 30.434944 9.361949
      vertex 100.440972 33.185037 9.361949
      vertex 100.846217 33.010146 10.391616
    endloop
  endfacet
  facet normal 0.932157 0.076610 -0.353856
    outer loop
      vertex 100.666991 30.434944 9.361949
      vertex 100.846217 33.010146 10.391616
      vertex 101.089302 30.052401 10.391616
    endloop
  endfacet
  facet normal -0.928118 -0.076278 0.364389
    outer loop
      vertex 99.398223 33.635053 9.181357
      vertex 99.580327 31.419281 9.181357
      vertex 100.002474 31.036886 10.176539
    endloop
  endfacet
  facet normal -0.928118 -0.076278 0.364389
    outer loop
      vertex 99.398223 33.635053 9.181357
      vertex 100.002474 31.036886 10.176539
      vertex 99.803310 33.460230 10.176539
    endloop
  endfacet
  facet normal 0.931066 0.110799 -0.347619
    outer loop
      vertex 100.440972 33.185037 9.361949
      vertex 100.083557 36.188463 9.361949
      vertex 100.461814 36.240355 10.391616
    endloop
  endfacet
  facet normal 0.931066 0.110799 -0.347619
    outer loop
      vertex 100.440972 33.185037 9.361949
      vertex 100.461814 36.240355 10.391616
      vertex 100.846217 33.010146 10.391616
    endloop
  endfacet
  facet normal -0.927172 -0.110336 0.358021
    outer loop
      vertex 99.110250 36.054937 9.181357
      vertex 99.398223 33.635053 9.181357
      vertex 99.803310 33.460230 10.176539
    endloop
  endfacet
  facet normal -0.927172 -0.110336 0.358021
    outer loop
      vertex 99.110250 36.054937 9.181357
      vertex 99.803310 33.460230 10.176539
      vertex 99.488360 36.106809 10.176539
    endloop
  endfacet
  facet normal 0.919534 0.184353 -0.347090
    outer loop
      vertex 100.083557 36.188463 9.361949
      vertex 99.486068 39.168677 9.361949
      vertex 99.819210 39.445599 10.391616
    endloop
  endfacet
  facet normal 0.919534 0.184353 -0.347090
    outer loop
      vertex 100.083557 36.188463 9.361949
      vertex 99.819210 39.445599 10.391616
      vertex 100.461814 36.240355 10.391616
    endloop
  endfacet
  facet normal -0.915699 -0.183584 0.357480
    outer loop
      vertex 98.628849 38.456119 9.181357
      vertex 99.110250 36.054937 9.181357
      vertex 99.488360 36.106809 10.176539
    endloop
  endfacet
  facet normal -0.915699 -0.183584 0.357480
    outer loop
      vertex 98.628849 38.456119 9.181357
      vertex 99.488360 36.106809 10.176539
      vertex 98.961861 38.732933 10.176539
    endloop
  endfacet
  facet normal 0.908849 0.221313 -0.353573
    outer loop
      vertex 99.486068 39.168677 9.361949
      vertex 98.828263 41.870029 9.361949
      vertex 99.111736 42.350924 10.391616
    endloop
  endfacet
  facet normal 0.908849 0.221313 -0.353573
    outer loop
      vertex 99.486068 39.168677 9.361949
      vertex 99.111736 42.350924 10.391616
      vertex 99.819210 39.445599 10.391616
    endloop
  endfacet
  facet normal -0.904917 -0.220356 0.364100
    outer loop
      vertex 98.098850 40.632620 9.181357
      vertex 98.628849 38.456119 9.181357
      vertex 98.961861 38.732933 10.176539
    endloop
  endfacet
  facet normal -0.904917 -0.220356 0.364100
    outer loop
      vertex 98.098850 40.632620 9.181357
      vertex 98.961861 38.732933 10.176539
      vertex 98.382212 41.113328 10.176539
    endloop
  endfacet
  facet normal 0.909346 0.220015 -0.353104
    outer loop
      vertex 98.828263 41.870029 9.361949
      vertex 98.228402 44.349319 9.361949
      vertex 98.466580 45.017420 10.391616
    endloop
  endfacet
  facet normal 0.909346 0.220015 -0.353104
    outer loop
      vertex 98.828263 41.870029 9.361949
      vertex 98.466580 45.017420 10.391616
      vertex 99.111736 42.350924 10.391616
    endloop
  endfacet
  facet normal -0.905422 -0.219066 0.363621
    outer loop
      vertex 97.615537 42.630204 9.181357
      vertex 98.098850 40.632620 9.181357
      vertex 98.382212 41.113328 10.176539
    endloop
  endfacet
  facet normal -0.905422 -0.219066 0.363621
    outer loop
      vertex 97.615537 42.630204 9.181357
      vertex 98.382212 41.113328 10.176539
      vertex 97.853622 43.298046 10.176539
    endloop
  endfacet
  facet normal 0.913592 0.210495 -0.347909
    outer loop
      vertex 98.228402 44.349319 9.361949
      vertex 97.689626 46.687713 9.361949
      vertex 97.887123 47.532381 10.391616
    endloop
  endfacet
  facet normal 0.913592 0.210495 -0.347909
    outer loop
      vertex 98.228402 44.349319 9.361949
      vertex 97.887123 47.532381 10.391616
      vertex 98.466580 45.017420 10.391616
    endloop
  endfacet
  facet normal -0.909765 -0.209613 0.358317
    outer loop
      vertex 97.181441 44.514267 9.181357
      vertex 97.615537 42.630204 9.181357
      vertex 97.853622 43.298046 10.176539
    endloop
  endfacet
  facet normal -0.909765 -0.209613 0.358317
    outer loop
      vertex 97.181441 44.514267 9.181357
      vertex 97.853622 43.298046 10.176539
      vertex 97.378861 45.358606 10.176539
    endloop
  endfacet
  facet normal -0.626080 0.657460 -0.419249
    outer loop
      vertex 97.689626 46.687713 9.361949
      vertex 96.323250 45.386553 9.361949
      vertex 96.417575 46.132974 10.391616
    endloop
  endfacet
  facet normal -0.626080 0.657460 -0.419249
    outer loop
      vertex 97.689626 46.687713 9.361949
      vertex 96.417575 46.132974 10.391616
      vertex 97.887123 47.532381 10.391616
    endloop
  endfacet
  facet normal 0.622281 -0.653471 0.430977
    outer loop
      vertex 96.080541 43.465912 9.181357
      vertex 97.181441 44.514267 9.181357
      vertex 97.378861 45.358606 10.176539
    endloop
  endfacet
  facet normal 0.622281 -0.653471 0.430977
    outer loop
      vertex 96.080541 43.465912 9.181357
      vertex 97.378861 45.358606 10.176539
      vertex 96.174829 44.212042 10.176539
    endloop
  endfacet
  facet normal -0.622102 0.659878 -0.421367
    outer loop
      vertex 96.323250 45.386553 9.361949
      vertex 94.885312 44.030933 9.361949
      vertex 94.871061 44.674993 10.391616
    endloop
  endfacet
  facet normal -0.622102 0.659878 -0.421367
    outer loop
      vertex 96.323250 45.386553 9.361949
      vertex 94.871061 44.674993 10.391616
      vertex 96.417575 46.132974 10.391616
    endloop
  endfacet
  facet normal 0.618290 -0.655834 0.433127
    outer loop
      vertex 94.921983 42.373678 9.181357
      vertex 96.080541 43.465912 9.181357
      vertex 96.174829 44.212042 10.176539
    endloop
  endfacet
  facet normal 0.618290 -0.655834 0.433127
    outer loop
      vertex 94.921983 42.373678 9.181357
      vertex 96.174829 44.212042 10.176539
      vertex 94.907737 43.017488 10.176539
    endloop
  endfacet
  facet normal -0.623517 0.658914 -0.420783
    outer loop
      vertex 94.885312 44.030933 9.361949
      vertex 93.366617 42.593821 9.361949
      vertex 93.237692 43.129368 10.391616
    endloop
  endfacet
  facet normal -0.623517 0.658914 -0.420783
    outer loop
      vertex 94.885312 44.030933 9.361949
      vertex 93.237692 43.129368 10.391616
      vertex 94.871061 44.674993 10.391616
    endloop
  endfacet
  facet normal 0.619707 -0.654887 0.432535
    outer loop
      vertex 93.698358 41.215786 9.181357
      vertex 94.921983 42.373678 9.181357
      vertex 94.907737 43.017488 10.176539
    endloop
  endfacet
  facet normal 0.619707 -0.654887 0.432535
    outer loop
      vertex 93.698358 41.215786 9.181357
      vertex 94.907737 43.017488 10.176539
      vertex 93.569483 41.751125 10.176539
    endloop
  endfacet
  facet normal -0.636950 0.648392 -0.416992
    outer loop
      vertex 93.366617 42.593821 9.361949
      vertex 91.782894 41.038045 9.361949
      vertex 91.534386 41.456119 10.391616
    endloop
  endfacet
  facet normal -0.636950 0.648392 -0.416992
    outer loop
      vertex 93.366617 42.593821 9.361949
      vertex 91.534386 41.456119 10.391616
      vertex 93.237692 43.129368 10.391616
    endloop
  endfacet
  facet normal 0.633127 -0.644500 0.428685
    outer loop
      vertex 92.422340 39.962285 9.181357
      vertex 93.698358 41.215786 9.181357
      vertex 93.569483 41.751125 10.176539
    endloop
  endfacet
  facet normal 0.633127 -0.644500 0.428685
    outer loop
      vertex 92.422340 39.962285 9.181357
      vertex 93.569483 41.751125 10.176539
      vertex 92.173928 40.380196 10.176539
    endloop
  endfacet
  facet normal -0.665493 0.621702 -0.413044
    outer loop
      vertex 91.782894 41.038045 9.361949
      vertex 90.206842 39.350979 9.361949
      vertex 89.839329 39.641666 10.391616
    endloop
  endfacet
  facet normal -0.665493 0.621702 -0.413044
    outer loop
      vertex 91.782894 41.038045 9.361949
      vertex 89.839329 39.641666 10.391616
      vertex 91.534386 41.456119 10.391616
    endloop
  endfacet
  facet normal 0.661573 -0.618040 0.424674
    outer loop
      vertex 91.152502 38.603002 9.181357
      vertex 92.422340 39.962285 9.181357
      vertex 92.173928 40.380196 10.176539
    endloop
  endfacet
  facet normal 0.661573 -0.618040 0.424674
    outer loop
      vertex 91.152502 38.603002 9.181357
      vertex 92.173928 40.380196 10.176539
      vertex 90.785132 38.893576 10.176539
    endloop
  endfacet
  facet normal -0.696604 0.585924 -0.414048
    outer loop
      vertex 90.206842 39.350979 9.361949
      vertex 88.735464 37.601660 9.361949
      vertex 88.256851 37.760260 10.391616
    endloop
  endfacet
  facet normal -0.696604 0.585924 -0.414048
    outer loop
      vertex 90.206842 39.350979 9.361949
      vertex 88.256851 37.760260 10.391616
      vertex 89.839329 39.641666 10.391616
    endloop
  endfacet
  facet normal 0.692481 -0.582456 0.425694
    outer loop
      vertex 89.967001 37.193561 9.181357
      vertex 91.152502 38.603002 9.181357
      vertex 90.785132 38.893576 10.176539
    endloop
  endfacet
  facet normal 0.692481 -0.582456 0.425694
    outer loop
      vertex 89.967001 37.193561 9.181357
      vertex 90.785132 38.893576 10.176539
      vertex 89.488574 37.352099 10.176539
    endloop
  endfacet
  facet normal -0.714553 0.560605 -0.418491
    outer loop
      vertex 88.735464 37.601660 9.361949
      vertex 87.394522 35.892481 9.361949
      vertex 86.814657 35.922025 10.391616
    endloop
  endfacet
  facet normal -0.714553 0.560605 -0.418491
    outer loop
      vertex 88.735464 37.601660 9.361949
      vertex 86.814657 35.922025 10.391616
      vertex 88.256851 37.760260 10.391616
    endloop
  endfacet
  facet normal 0.710233 -0.557216 0.430208
    outer loop
      vertex 88.886593 35.816462 9.181357
      vertex 89.967001 37.193561 9.181357
      vertex 89.488574 37.352099 10.176539
    endloop
  endfacet
  facet normal 0.710233 -0.557216 0.430208
    outer loop
      vertex 88.886593 35.816462 9.181357
      vertex 89.488574 37.352099 10.176539
      vertex 88.306954 35.845994 10.176539
    endloop
  endfacet
  facet normal -0.719722 0.551934 -0.421153
    outer loop
      vertex 87.394522 35.892481 9.361949
      vertex 86.149969 34.269583 9.361949
      vertex 85.476130 34.176585 10.391616
    endloop
  endfacet
  facet normal -0.719722 0.551934 -0.421153
    outer loop
      vertex 87.394522 35.892481 9.361949
      vertex 85.476130 34.176585 10.391616
      vertex 86.814657 35.922025 10.391616
    endloop
  endfacet
  facet normal 0.715316 -0.548555 0.432911
    outer loop
      vertex 87.883847 34.508880 9.181357
      vertex 88.886593 35.816462 9.181357
      vertex 88.306954 35.845994 10.176539
    endloop
  endfacet
  facet normal 0.715316 -0.548555 0.432911
    outer loop
      vertex 87.883847 34.508880 9.181357
      vertex 88.306954 35.845994 10.176539
      vertex 87.210270 34.415918 10.176539
    endloop
  endfacet
  facet normal -0.525055 -0.729838 -0.437784
    outer loop
      vertex 85.476130 34.176585 10.391616
      vertex 87.299856 32.864572 10.391616
      vertex 86.716196 32.666622 11.421633
    endloop
  endfacet
  facet normal -0.525055 -0.729838 -0.437784
    outer loop
      vertex 85.476130 34.176585 10.391616
      vertex 86.716196 32.666622 11.421633
      vertex 84.755551 34.077135 11.421633
    endloop
  endfacet
  facet normal 0.521530 0.724938 0.449969
    outer loop
      vertex 88.704488 33.340958 10.176539
      vertex 87.210270 34.415918 10.176539
      vertex 86.489744 34.316476 11.171862
    endloop
  endfacet
  facet normal 0.521530 0.724938 0.449969
    outer loop
      vertex 88.704488 33.340958 10.176539
      vertex 86.489744 34.316476 11.171862
      vertex 88.120871 33.143023 11.171862
    endloop
  endfacet
  facet normal -0.518322 -0.736176 -0.435187
    outer loop
      vertex 87.299856 32.864572 10.391616
      vertex 89.256082 31.487246 10.391616
      vertex 88.819289 31.185891 11.421633
    endloop
  endfacet
  facet normal -0.518322 -0.736176 -0.435187
    outer loop
      vertex 87.299856 32.864572 10.391616
      vertex 88.819289 31.185891 11.421633
      vertex 86.716196 32.666622 11.421633
    endloop
  endfacet
  facet normal 0.514882 0.731291 0.447335
    outer loop
      vertex 90.307266 32.212486 10.176539
      vertex 88.704488 33.340958 10.176539
      vertex 88.120871 33.143023 11.171862
    endloop
  endfacet
  facet normal 0.514882 0.731291 0.447335
    outer loop
      vertex 90.307266 32.212486 10.176539
      vertex 88.120871 33.143023 11.171862
      vertex 89.870505 31.911153 11.171862
    endloop
  endfacet
  facet normal -0.493613 -0.755701 -0.430421
    outer loop
      vertex 89.256082 31.487246 10.391616
      vertex 91.369890 30.106538 10.391616
      vertex 91.091794 29.701524 11.421633
    endloop
  endfacet
  facet normal -0.493613 -0.755701 -0.430421
    outer loop
      vertex 89.256082 31.487246 10.391616
      vertex 91.091794 29.701524 11.421633
      vertex 88.819289 31.185891 11.421633
    endloop
  endfacet
  facet normal 0.490408 0.750795 0.442500
    outer loop
      vertex 92.039153 31.081242 10.176539
      vertex 90.307266 32.212486 10.176539
      vertex 89.870505 31.911153 11.171862
    endloop
  endfacet
  facet normal 0.490408 0.750795 0.442500
    outer loop
      vertex 92.039153 31.081242 10.176539
      vertex 89.870505 31.911153 11.171862
      vertex 91.761078 30.676258 11.171862
    endloop
  endfacet
  facet normal -0.452035 -0.781810 -0.429462
    outer loop
      vertex 91.369890 30.106538 10.391616
      vertex 93.576385 28.830763 10.391616
      vertex 93.463945 28.329968 11.421633
    endloop
  endfacet
  facet normal -0.452035 -0.781810 -0.429462
    outer loop
      vertex 91.369890 30.106538 10.391616
      vertex 93.463945 28.329968 11.421633
      vertex 91.091794 29.701524 11.421633
    endloop
  endfacet
  facet normal 0.449113 0.776757 0.441527
    outer loop
      vertex 93.846981 30.035973 10.176539
      vertex 92.039153 31.081242 10.176539
      vertex 91.761078 30.676258 11.171862
    endloop
  endfacet
  facet normal 0.449113 0.776757 0.441527
    outer loop
      vertex 93.846981 30.035973 10.176539
      vertex 91.761078 30.676258 11.171862
      vertex 93.734550 29.535215 11.171862
    endloop
  endfacet
  facet normal -0.416736 -0.798804 -0.433871
    outer loop
      vertex 93.576385 28.830763 10.391616
      vertex 95.740561 27.701711 10.391616
      vertex 95.790600 27.116151 11.421633
    endloop
  endfacet
  facet normal -0.416736 -0.798804 -0.433871
    outer loop
      vertex 93.576385 28.830763 10.391616
      vertex 95.790600 27.116151 11.421633
      vertex 93.463945 28.329968 11.421633
    endloop
  endfacet
  facet normal 0.413988 0.793535 0.446000
    outer loop
      vertex 95.620137 29.110917 10.176539
      vertex 93.846981 30.035973 10.176539
      vertex 93.734550 29.535215 11.171862
    endloop
  endfacet
  facet normal 0.413988 0.793535 0.446000
    outer loop
      vertex 95.620137 29.110917 10.176539
      vertex 93.734550 29.535215 11.171862
      vertex 95.670172 28.525400 11.171862
    endloop
  endfacet
  facet normal -0.402192 -0.804186 -0.437637
    outer loop
      vertex 95.740561 27.701711 10.391616
      vertex 97.790229 26.676624 10.391616
      vertex 97.994150 26.014104 11.421633
    endloop
  endfacet
  facet normal -0.402192 -0.804186 -0.437637
    outer loop
      vertex 95.740561 27.701711 10.391616
      vertex 97.994150 26.014104 11.421633
      vertex 95.790600 27.116151 11.421633
    endloop
  endfacet
  facet normal 0.399494 0.798790 0.449821
    outer loop
      vertex 97.299474 28.271041 10.176539
      vertex 95.620137 29.110917 10.176539
      vertex 95.670172 28.525400 11.171862
    endloop
  endfacet
  facet normal 0.399494 0.798790 0.449821
    outer loop
      vertex 97.299474 28.271041 10.176539
      vertex 95.670172 28.525400 11.171862
      vertex 97.503380 27.608569 11.171862
    endloop
  endfacet
  facet normal -0.401925 -0.804264 -0.437740
    outer loop
      vertex 97.790229 26.676624 10.391616
      vertex 99.725626 25.709424 10.391616
      vertex 100.074850 24.974289 11.421633
    endloop
  endfacet
  facet normal -0.401925 -0.804264 -0.437740
    outer loop
      vertex 97.790229 26.676624 10.391616
      vertex 100.074850 24.974289 11.421633
      vertex 97.994150 26.014104 11.421633
    endloop
  endfacet
  facet normal 0.399227 0.798865 0.449925
    outer loop
      vertex 98.885186 27.478593 10.176539
      vertex 97.299474 28.271041 10.176539
      vertex 97.503380 27.608569 11.171862
    endloop
  endfacet
  facet normal 0.399227 0.798865 0.449925
    outer loop
      vertex 98.885186 27.478593 10.176539
      vertex 97.503380 27.608569 11.171862
      vertex 99.234384 26.743513 11.171862
    endloop
  endfacet
  facet normal -0.407254 -0.803037 -0.435058
    outer loop
      vertex 99.725626 25.709424 10.391616
      vertex 101.567828 24.775165 10.391616
      vertex 102.055359 23.969890 11.421633
    endloop
  endfacet
  facet normal -0.407254 -0.803037 -0.435058
    outer loop
      vertex 99.725626 25.709424 10.391616
      vertex 102.055359 23.969890 11.421633
      vertex 100.074850 24.974289 11.421633
    endloop
  endfacet
  facet normal 0.404554 0.797712 0.447205
    outer loop
      vertex 100.394541 26.713135 10.176539
      vertex 98.885186 27.478593 10.176539
      vertex 99.234384 26.743513 11.171862
    endloop
  endfacet
  facet normal 0.404554 0.797712 0.447205
    outer loop
      vertex 100.394541 26.713135 10.176539
      vertex 99.234384 26.743513 11.171862
      vertex 100.882036 25.907919 11.171862
    endloop
  endfacet
  facet normal 0.925427 0.089221 -0.368272
    outer loop
      vertex 101.567828 24.775165 10.391616
      vertex 101.321127 27.334033 10.391616
      vertex 101.790136 26.720868 11.421633
    endloop
  endfacet
  facet normal 0.925427 0.089221 -0.368272
    outer loop
      vertex 101.567828 24.775165 10.391616
      vertex 101.790136 26.720868 11.421633
      vertex 102.055359 23.969890 11.421633
    endloop
  endfacet
  facet normal -0.921017 -0.088796 0.379265
    outer loop
      vertex 100.192413 28.809670 10.176539
      vertex 100.394541 26.713135 10.176539
      vertex 100.882036 25.907919 11.171862
    endloop
  endfacet
  facet normal -0.921017 -0.088796 0.379265
    outer loop
      vertex 100.192413 28.809670 10.176539
      vertex 100.882036 25.907919 11.171862
      vertex 100.661388 28.196550 11.171862
    endloop
  endfacet
  facet normal 0.924124 0.078810 -0.373876
    outer loop
      vertex 101.321127 27.334033 10.391616
      vertex 101.089302 30.052401 10.391616
      vertex 101.540906 29.643322 11.421633
    endloop
  endfacet
  facet normal 0.924124 0.078810 -0.373876
    outer loop
      vertex 101.321127 27.334033 10.391616
      vertex 101.540906 29.643322 11.421633
      vertex 101.790136 26.720868 11.421633
    endloop
  endfacet
  facet normal -0.919587 -0.078423 0.384980
    outer loop
      vertex 100.002474 31.036886 10.176539
      vertex 100.192413 28.809670 10.176539
      vertex 100.661388 28.196550 11.171862
    endloop
  endfacet
  facet normal -0.919587 -0.078423 0.384980
    outer loop
      vertex 100.002474 31.036886 10.176539
      vertex 100.661388 28.196550 11.171862
      vertex 100.454045 30.627838 11.171862
    endloop
  endfacet
  facet normal 0.923936 0.075934 -0.374936
    outer loop
      vertex 101.089302 30.052401 10.391616
      vertex 100.846217 33.010146 10.391616
      vertex 101.279572 32.823125 11.421633
    endloop
  endfacet
  facet normal 0.923936 0.075934 -0.374936
    outer loop
      vertex 101.089302 30.052401 10.391616
      vertex 101.279572 32.823125 11.421633
      vertex 101.540906 29.643322 11.421633
    endloop
  endfacet
  facet normal -0.919374 -0.075559 0.386061
    outer loop
      vertex 99.803310 33.460230 10.176539
      vertex 100.002474 31.036886 10.176539
      vertex 100.454045 30.627838 11.171862
    endloop
  endfacet
  facet normal -0.919374 -0.075559 0.386061
    outer loop
      vertex 99.803310 33.460230 10.176539
      vertex 100.454045 30.627838 11.171862
      vertex 100.236632 33.273223 11.171862
    endloop
  endfacet
  facet normal 0.923138 0.109856 -0.368441
    outer loop
      vertex 100.846217 33.010146 10.391616
      vertex 100.461814 36.240355 10.391616
      vertex 100.866309 36.295847 11.421633
    endloop
  endfacet
  facet normal 0.923138 0.109856 -0.368441
    outer loop
      vertex 100.846217 33.010146 10.391616
      vertex 100.866309 36.295847 11.421633
      vertex 101.279572 32.823125 11.421633
    endloop
  endfacet
  facet normal -0.918735 -0.109332 0.379437
    outer loop
      vertex 99.488360 36.106809 10.176539
      vertex 99.803310 33.460230 10.176539
      vertex 100.236632 33.273223 11.171862
    endloop
  endfacet
  facet normal -0.918735 -0.109332 0.379437
    outer loop
      vertex 99.488360 36.106809 10.176539
      vertex 100.236632 33.273223 11.171862
      vertex 99.892825 36.162297 11.171862
    endloop
  endfacet
  facet normal 0.911727 0.182788 -0.367889
    outer loop
      vertex 100.461814 36.240355 10.391616
      vertex 99.819210 39.445599 10.391616
      vertex 100.175460 39.741729 11.421633
    endloop
  endfacet
  facet normal 0.911727 0.182788 -0.367889
    outer loop
      vertex 100.461814 36.240355 10.391616
      vertex 100.175460 39.741729 11.421633
      vertex 100.866309 36.295847 11.421633
    endloop
  endfacet
  facet normal -0.907392 -0.181919 0.378874
    outer loop
      vertex 98.961861 38.732933 10.176539
      vertex 99.488360 36.106809 10.176539
      vertex 99.892825 36.162297 11.171862
    endloop
  endfacet
  facet normal -0.907392 -0.181919 0.378874
    outer loop
      vertex 98.961861 38.732933 10.176539
      vertex 99.892825 36.162297 11.171862
      vertex 99.318085 39.029042 11.171862
    endloop
  endfacet
  facet normal 0.900846 0.219364 -0.374641
    outer loop
      vertex 99.819210 39.445599 10.391616
      vertex 99.111736 42.350924 10.391616
      vertex 99.414872 42.865176 11.421633
    endloop
  endfacet
  facet normal 0.900846 0.219364 -0.374641
    outer loop
      vertex 99.819210 39.445599 10.391616
      vertex 99.414872 42.865176 11.421633
      vertex 100.175460 39.741729 11.421633
    endloop
  endfacet
  facet normal -0.896405 -0.218283 0.385761
    outer loop
      vertex 98.382212 41.113328 10.176539
      vertex 98.961861 38.732933 10.176539
      vertex 99.318085 39.029042 11.171862
    endloop
  endfacet
  facet normal -0.896405 -0.218283 0.385761
    outer loop
      vertex 98.382212 41.113328 10.176539
      vertex 99.318085 39.029042 11.171862
      vertex 98.685326 41.627543 11.171862
    endloop
  endfacet
  facet normal 0.901360 0.218083 -0.374153
    outer loop
      vertex 99.111736 42.350924 10.391616
      vertex 98.466580 45.017420 10.391616
      vertex 98.721279 45.731864 11.421633
    endloop
  endfacet
  facet normal 0.901360 0.218083 -0.374153
    outer loop
      vertex 99.111736 42.350924 10.391616
      vertex 98.721279 45.731864 11.421633
      vertex 99.414872 42.865176 11.421633
    endloop
  endfacet
  facet normal -0.896928 -0.217011 0.385263
    outer loop
      vertex 97.853622 43.298046 10.176539
      vertex 98.382212 41.113328 10.176539
      vertex 98.685326 41.627543 11.171862
    endloop
  endfacet
  facet normal -0.896928 -0.217011 0.385263
    outer loop
      vertex 97.853622 43.298046 10.176539
      vertex 98.685326 41.627543 11.171862
      vertex 98.108303 44.012437 11.171862
    endloop
  endfacet
  facet normal 0.905800 0.208700 -0.368742
    outer loop
      vertex 98.466580 45.017420 10.391616
      vertex 97.887123 47.532381 10.391616
      vertex 98.098319 48.435639 11.421633
    endloop
  endfacet
  facet normal 0.905800 0.208700 -0.368742
    outer loop
      vertex 98.466580 45.017420 10.391616
      vertex 98.098319 48.435639 11.421633
      vertex 98.721279 45.731864 11.421633
    endloop
  endfacet
  facet normal -0.901473 -0.207703 0.379745
    outer loop
      vertex 97.378861 45.358606 10.176539
      vertex 97.853622 43.298046 10.176539
      vertex 98.108303 44.012437 11.171862
    endloop
  endfacet
  facet normal -0.901473 -0.207703 0.379745
    outer loop
      vertex 97.378861 45.358606 10.176539
      vertex 98.108303 44.012437 11.171862
      vertex 97.590041 46.261798 11.171862
    endloop
  endfacet
  facet normal -0.618369 0.649363 -0.442658
    outer loop
      vertex 97.887123 47.532381 10.391616
      vertex 96.417575 46.132974 10.391616
      vertex 96.518442 46.931169 11.421633
    endloop
  endfacet
  facet normal -0.618369 0.649363 -0.442658
    outer loop
      vertex 97.887123 47.532381 10.391616
      vertex 96.518442 46.931169 11.421633
      vertex 98.098319 48.435639 11.421633
    endloop
  endfacet
  facet normal 0.614126 -0.644907 0.454911
    outer loop
      vertex 96.174829 44.212042 10.176539
      vertex 97.378861 45.358606 10.176539
      vertex 97.590041 46.261798 11.171862
    endloop
  endfacet
  facet normal 0.614126 -0.644907 0.454911
    outer loop
      vertex 96.174829 44.212042 10.176539
      vertex 97.590041 46.261798 11.171862
      vertex 96.275688 45.010179 11.171862
    endloop
  endfacet
  facet normal -0.614364 0.651671 -0.444839
    outer loop
      vertex 96.417575 46.132974 10.391616
      vertex 94.871061 44.674993 10.391616
      vertex 94.855821 45.363729 11.421633
    endloop
  endfacet
  facet normal -0.614364 0.651671 -0.444839
    outer loop
      vertex 96.417575 46.132974 10.391616
      vertex 94.855821 45.363729 11.421633
      vertex 96.518442 46.931169 11.421633
    endloop
  endfacet
  facet normal 0.610107 -0.647155 0.457121
    outer loop
      vertex 94.907737 43.017488 10.176539
      vertex 96.174829 44.212042 10.176539
      vertex 96.275688 45.010179 11.171862
    endloop
  endfacet
  facet normal 0.610107 -0.647155 0.457121
    outer loop
      vertex 94.907737 43.017488 10.176539
      vertex 96.275688 45.010179 11.171862
      vertex 94.892498 43.706172 11.171862
    endloop
  endfacet
  facet normal -0.615783 0.650741 -0.444238
    outer loop
      vertex 94.871061 44.674993 10.391616
      vertex 93.237692 43.129368 10.391616
      vertex 93.099825 43.702064 11.421633
    endloop
  endfacet
  facet normal -0.615783 0.650741 -0.444238
    outer loop
      vertex 94.871061 44.674993 10.391616
      vertex 93.099825 43.702064 11.421633
      vertex 94.855821 45.363729 11.421633
    endloop
  endfacet
  facet normal 0.611528 -0.646243 0.456512
    outer loop
      vertex 93.569483 41.751125 10.176539
      vertex 94.907737 43.017488 10.176539
      vertex 94.892498 43.706172 11.171862
    endloop
  endfacet
  facet normal 0.611528 -0.646243 0.456512
    outer loop
      vertex 93.569483 41.751125 10.176539
      vertex 94.892498 43.706172 11.171862
      vertex 93.431626 42.323777 11.171862
    endloop
  endfacet
  facet normal -0.629189 0.640491 -0.440333
    outer loop
      vertex 93.237692 43.129368 10.391616
      vertex 91.534386 41.456119 10.391616
      vertex 91.268640 41.903193 11.421633
    endloop
  endfacet
  facet normal -0.629189 0.640491 -0.440333
    outer loop
      vertex 93.237692 43.129368 10.391616
      vertex 91.268640 41.903193 11.421633
      vertex 93.099825 43.702064 11.421633
    endloop
  endfacet
  facet normal 0.624915 -0.636141 0.452554
    outer loop
      vertex 92.173928 40.380196 10.176539
      vertex 93.569483 41.751125 10.176539
      vertex 93.431626 42.323777 11.171862
    endloop
  endfacet
  facet normal 0.624915 -0.636141 0.452554
    outer loop
      vertex 92.173928 40.380196 10.176539
      vertex 93.431626 42.323777 11.171862
      vertex 91.908202 40.827236 11.171862
    endloop
  endfacet
  facet normal -0.657534 0.614266 -0.436264
    outer loop
      vertex 91.534386 41.456119 10.391616
      vertex 89.839329 39.641666 10.391616
      vertex 89.446324 39.952517 11.421633
    endloop
  endfacet
  facet normal -0.657534 0.614266 -0.436264
    outer loop
      vertex 91.534386 41.456119 10.391616
      vertex 89.446324 39.952517 11.421633
      vertex 91.268640 41.903193 11.421633
    endloop
  endfacet
  facet normal 0.653150 -0.610171 0.448427
    outer loop
      vertex 90.785132 38.893576 10.176539
      vertex 92.173928 40.380196 10.176539
      vertex 91.908202 40.827236 11.171862
    endloop
  endfacet
  facet normal 0.653150 -0.610171 0.448427
    outer loop
      vertex 90.785132 38.893576 10.176539
      vertex 91.908202 40.827236 11.171862
      vertex 90.392156 39.204403 11.171862
    endloop
  endfacet
  facet normal -0.688233 0.578883 -0.437298
    outer loop
      vertex 89.839329 39.641666 10.391616
      vertex 88.256851 37.760260 10.391616
      vertex 87.745038 37.929860 11.421633
    endloop
  endfacet
  facet normal -0.688233 0.578883 -0.437298
    outer loop
      vertex 89.839329 39.641666 10.391616
      vertex 87.745038 37.929860 11.421633
      vertex 89.446324 39.952517 11.421633
    endloop
  endfacet
  facet normal 0.683623 -0.575005 0.449477
    outer loop
      vertex 89.488574 37.352099 10.176539
      vertex 90.785132 38.893576 10.176539
      vertex 90.392156 39.204403 11.171862
    endloop
  endfacet
  facet normal 0.683623 -0.575005 0.449477
    outer loop
      vertex 89.488574 37.352099 10.176539
      vertex 90.392156 39.204403 11.171862
      vertex 88.976799 37.521688 11.171862
    endloop
  endfacet
  facet normal -0.705785 0.553726 -0.441877
    outer loop
      vertex 88.256851 37.760260 10.391616
      vertex 86.814657 35.922025 10.391616
      vertex 86.194570 35.953617 11.421633
    endloop
  endfacet
  facet normal -0.705785 0.553726 -0.441877
    outer loop
      vertex 88.256851 37.760260 10.391616
      vertex 86.194570 35.953617 11.421633
      vertex 87.745038 37.929860 11.421633
    endloop
  endfacet
  facet normal 0.700958 -0.549939 0.454120
    outer loop
      vertex 88.306954 35.845994 10.176539
      vertex 89.488574 37.352099 10.176539
      vertex 88.976799 37.521688 11.171862
    endloop
  endfacet
  facet normal 0.700958 -0.549939 0.454120
    outer loop
      vertex 88.306954 35.845994 10.176539
      vertex 88.976799 37.521688 11.171862
      vertex 87.686912 35.877584 11.171862
    endloop
  endfacet
  facet normal -0.710779 0.545076 -0.444619
    outer loop
      vertex 86.814657 35.922025 10.391616
      vertex 85.476130 34.176585 10.391616
      vertex 84.755551 34.077135 11.421633
    endloop
  endfacet
  facet normal -0.710779 0.545076 -0.444619
    outer loop
      vertex 86.814657 35.922025 10.391616
      vertex 84.755551 34.077135 11.421633
      vertex 86.194570 35.953617 11.421633
    endloop
  endfacet
  facet normal 0.705858 -0.541302 0.456898
    outer loop
      vertex 87.210270 34.415918 10.176539
      vertex 88.306954 35.845994 10.176539
      vertex 87.686912 35.877584 11.171862
    endloop
  endfacet
  facet normal 0.705858 -0.541302 0.456898
    outer loop
      vertex 87.210270 34.415918 10.176539
      vertex 87.686912 35.877584 11.171862
      vertex 86.489744 34.316476 11.171862
    endloop
  endfacet
  facet normal -0.521680 -0.725146 -0.449459
    outer loop
      vertex 84.755551 34.077135 11.421633
      vertex 86.716196 32.666622 11.421633
      vertex 86.113607 32.462251 12.450775
    endloop
  endfacet
  facet normal -0.521680 -0.725146 -0.449459
    outer loop
      vertex 84.755551 34.077135 11.421633
      vertex 86.113607 32.462251 12.450775
      vertex 84.011602 33.974461 12.450775
    endloop
  endfacet
  facet normal 0.517858 0.719834 0.462235
    outer loop
      vertex 88.120871 33.143023 11.171862
      vertex 86.489744 34.316476 11.171862
      vertex 85.744593 34.213636 12.166834
    endloop
  endfacet
  facet normal 0.517858 0.719834 0.462235
    outer loop
      vertex 88.120871 33.143023 11.171862
      vertex 85.744593 34.213636 12.166834
      vertex 87.517308 32.938322 12.166834
    endloop
  endfacet
  facet normal -0.515029 -0.731499 -0.446827
    outer loop
      vertex 86.716196 32.666622 11.421633
      vertex 88.819289 31.185891 11.421633
      vertex 88.368330 30.874762 12.450775
    endloop
  endfacet
  facet normal -0.515029 -0.731499 -0.446827
    outer loop
      vertex 86.716196 32.666622 11.421633
      vertex 88.368330 30.874762 12.450775
      vertex 86.113607 32.462251 12.450775
    endloop
  endfacet
  facet normal 0.511300 0.726203 0.459567
    outer loop
      vertex 89.870505 31.911153 11.171862
      vertex 88.120871 33.143023 11.171862
      vertex 87.517308 32.938322 12.166834
    endloop
  endfacet
  facet normal 0.511300 0.726203 0.459567
    outer loop
      vertex 89.870505 31.911153 11.171862
      vertex 87.517308 32.938322 12.166834
      vertex 89.418816 31.599521 12.166834
    endloop
  endfacet
  facet normal -0.490545 -0.751004 -0.441995
    outer loop
      vertex 88.819289 31.185891 11.421633
      vertex 91.091794 29.701524 11.421633
      vertex 90.804679 29.283374 12.450775
    endloop
  endfacet
  facet normal -0.490545 -0.751004 -0.441995
    outer loop
      vertex 88.819289 31.185891 11.421633
      vertex 90.804679 29.283374 12.450775
      vertex 88.368330 30.874762 12.450775
    endloop
  endfacet
  facet normal 0.487069 0.745682 0.454668
    outer loop
      vertex 91.761078 30.676258 11.171862
      vertex 89.870505 31.911153 11.171862
      vertex 89.418816 31.599521 12.166834
    endloop
  endfacet
  facet normal 0.487069 0.745682 0.454668
    outer loop
      vertex 91.761078 30.676258 11.171862
      vertex 89.418816 31.599521 12.166834
      vertex 91.473499 30.257432 12.166834
    endloop
  endfacet
  facet normal -0.449238 -0.776972 -0.441022
    outer loop
      vertex 91.091794 29.701524 11.421633
      vertex 93.463945 28.329968 11.421633
      vertex 93.347859 27.812931 12.450775
    endloop
  endfacet
  facet normal -0.449238 -0.776972 -0.441022
    outer loop
      vertex 91.091794 29.701524 11.421633
      vertex 93.347859 27.812931 12.450775
      vertex 90.804679 29.283374 12.450775
    endloop
  endfacet
  facet normal 0.446068 0.771490 0.453681
    outer loop
      vertex 93.734550 29.535215 11.171862
      vertex 91.761078 30.676258 11.171862
      vertex 91.473499 30.257432 12.166834
    endloop
  endfacet
  facet normal 0.446068 0.771490 0.453681
    outer loop
      vertex 93.734550 29.535215 11.171862
      vertex 91.473499 30.257432 12.166834
      vertex 93.618276 29.017342 12.166834
    endloop
  endfacet
  facet normal -0.414105 -0.793759 -0.445493
    outer loop
      vertex 93.463945 28.329968 11.421633
      vertex 95.790600 27.116151 11.421633
      vertex 95.842262 26.511600 12.450775
    endloop
  endfacet
  facet normal -0.414105 -0.793759 -0.445493
    outer loop
      vertex 93.463945 28.329968 11.421633
      vertex 95.842262 26.511600 12.450775
      vertex 93.347859 27.812931 12.450775
    endloop
  endfacet
  facet normal 0.411124 0.788046 0.458214
    outer loop
      vertex 95.670172 28.525400 11.171862
      vertex 93.734550 29.535215 11.171862
      vertex 93.618276 29.017342 12.166834
    endloop
  endfacet
  facet normal 0.411124 0.788046 0.458214
    outer loop
      vertex 95.670172 28.525400 11.171862
      vertex 93.618276 29.017342 12.166834
      vertex 95.721918 27.919871 12.166834
    endloop
  endfacet
  facet normal -0.399609 -0.799020 -0.449311
    outer loop
      vertex 95.790600 27.116151 11.421633
      vertex 97.994150 26.014104 11.421633
      vertex 98.204685 25.330096 12.450775
    endloop
  endfacet
  facet normal -0.399609 -0.799020 -0.449311
    outer loop
      vertex 95.790600 27.116151 11.421633
      vertex 98.204685 25.330096 12.450775
      vertex 95.842262 26.511600 12.450775
    endloop
  endfacet
  facet normal 0.396684 0.793171 0.462084
    outer loop
      vertex 97.503380 27.608569 11.171862
      vertex 95.670172 28.525400 11.171862
      vertex 95.721918 27.919871 12.166834
    endloop
  endfacet
  facet normal 0.396684 0.793171 0.462084
    outer loop
      vertex 97.503380 27.608569 11.171862
      vertex 95.721918 27.919871 12.166834
      vertex 97.714255 26.923456 12.166834
    endloop
  endfacet
  facet normal -0.399342 -0.799095 -0.449415
    outer loop
      vertex 97.994150 26.014104 11.421633
      vertex 100.074850 24.974289 11.421633
      vertex 100.435401 24.215313 12.450775
    endloop
  endfacet
  facet normal -0.399342 -0.799095 -0.449415
    outer loop
      vertex 97.994150 26.014104 11.421633
      vertex 100.435401 24.215313 12.450775
      vertex 98.204685 25.330096 12.450775
    endloop
  endfacet
  facet normal 0.396417 0.793243 0.462190
    outer loop
      vertex 99.234384 26.743513 11.171862
      vertex 97.503380 27.608569 11.171862
      vertex 97.714255 26.923456 12.166834
    endloop
  endfacet
  facet normal 0.396417 0.793243 0.462190
    outer loop
      vertex 99.234384 26.743513 11.171862
      vertex 97.714255 26.923456 12.166834
      vertex 99.595517 25.983310 12.166834
    endloop
  endfacet
  facet normal -0.404669 -0.797939 -0.446696
    outer loop
      vertex 100.074850 24.974289 11.421633
      vertex 102.055359 23.969890 11.421633
      vertex 102.558701 23.138497 12.450775
    endloop
  endfacet
  facet normal -0.404669 -0.797939 -0.446696
    outer loop
      vertex 100.074850 24.974289 11.421633
      vertex 102.558701 23.138497 12.450775
      vertex 100.435401 24.215313 12.450775
    endloop
  endfacet
  facet normal 0.401740 0.792165 0.459434
    outer loop
      vertex 100.882036 25.907919 11.171862
      vertex 99.234384 26.743513 11.171862
      vertex 99.595517 25.983310 12.166834
    endloop
  endfacet
  facet normal 0.401740 0.792165 0.459434
    outer loop
      vertex 100.882036 25.907919 11.171862
      vertex 99.595517 25.983310 12.166834
      vertex 101.386191 25.075183 12.166834
    endloop
  endfacet
  facet normal 0.921206 0.088814 -0.378804
    outer loop
      vertex 102.055359 23.969890 11.421633
      vertex 101.790136 26.720868 11.421633
      vertex 102.274356 26.087817 12.450775
    endloop
  endfacet
  facet normal 0.921206 0.088814 -0.378804
    outer loop
      vertex 102.055359 23.969890 11.421633
      vertex 102.274356 26.087817 12.450775
      vertex 102.558701 23.138497 12.450775
    endloop
  endfacet
  facet normal -0.916397 -0.088350 0.390397
    outer loop
      vertex 100.661388 28.196550 11.171862
      vertex 100.882036 25.907919 11.171862
      vertex 101.386191 25.075183 12.166834
    endloop
  endfacet
  facet normal -0.916397 -0.088350 0.390397
    outer loop
      vertex 100.661388 28.196550 11.171862
      vertex 101.386191 25.075183 12.166834
      vertex 101.146390 27.562476 12.166834
    endloop
  endfacet
  facet normal 0.919780 0.078440 -0.384515
    outer loop
      vertex 101.790136 26.720868 11.421633
      vertex 101.540906 29.643322 11.421633
      vertex 102.007157 29.220976 12.450775
    endloop
  endfacet
  facet normal 0.919780 0.078440 -0.384515
    outer loop
      vertex 101.790136 26.720868 11.421633
      vertex 102.007157 29.220976 12.450775
      vertex 102.274356 26.087817 12.450775
    endloop
  endfacet
  facet normal -0.914835 -0.078018 0.396220
    outer loop
      vertex 100.454045 30.627838 11.171862
      vertex 100.661388 28.196550 11.171862
      vertex 101.146390 27.562476 12.166834
    endloop
  endfacet
  facet normal -0.914835 -0.078018 0.396220
    outer loop
      vertex 100.454045 30.627838 11.171862
      vertex 101.146390 27.562476 12.166834
      vertex 100.921050 30.204809 12.166834
    endloop
  endfacet
  facet normal 0.919568 0.075575 -0.385594
    outer loop
      vertex 101.540906 29.643322 11.421633
      vertex 101.279572 32.823125 11.421633
      vertex 101.726981 32.630038 12.450775
    endloop
  endfacet
  facet normal 0.919568 0.075575 -0.385594
    outer loop
      vertex 101.540906 29.643322 11.421633
      vertex 101.726981 32.630038 12.450775
      vertex 102.007157 29.220976 12.450775
    endloop
  endfacet
  facet normal -0.914596 -0.075167 0.397321
    outer loop
      vertex 100.236632 33.273223 11.171862
      vertex 100.454045 30.627838 11.171862
      vertex 100.921050 30.204809 12.166834
    endloop
  endfacet
  facet normal -0.914596 -0.075167 0.397321
    outer loop
      vertex 100.236632 33.273223 11.171862
      vertex 100.921050 30.204809 12.166834
      vertex 100.684764 33.079824 12.166834
    endloop
  endfacet
  facet normal 0.918923 0.109354 -0.378976
    outer loop
      vertex 101.279572 32.823125 11.421633
      vertex 100.866309 36.295847 11.421633
      vertex 101.283923 36.353138 12.450775
    endloop
  endfacet
  facet normal 0.918923 0.109354 -0.378976
    outer loop
      vertex 101.279572 32.823125 11.421633
      vertex 101.283923 36.353138 12.450775
      vertex 101.726981 32.630038 12.450775
    endloop
  endfacet
  facet normal -0.914122 -0.108783 0.390573
    outer loop
      vertex 99.892825 36.162297 11.171862
      vertex 100.236632 33.273223 11.171862
      vertex 100.684764 33.079824 12.166834
    endloop
  endfacet
  facet normal -0.914122 -0.108783 0.390573
    outer loop
      vertex 99.892825 36.162297 11.171862
      vertex 100.684764 33.079824 12.166834
      vertex 100.311114 36.219681 12.166834
    endloop
  endfacet
  facet normal 0.907577 0.181956 -0.378413
    outer loop
      vertex 100.866309 36.295847 11.421633
      vertex 100.175460 39.741729 11.421633
      vertex 100.543265 40.047463 12.450775
    endloop
  endfacet
  facet normal 0.907577 0.181956 -0.378413
    outer loop
      vertex 100.866309 36.295847 11.421633
      vertex 100.543265 40.047463 12.450775
      vertex 101.283923 36.353138 12.450775
    endloop
  endfacet
  facet normal -0.902849 -0.181008 0.389999
    outer loop
      vertex 99.318085 39.029042 11.171862
      vertex 99.892825 36.162297 11.171862
      vertex 100.311114 36.219681 12.166834
    endloop
  endfacet
  facet normal -0.902849 -0.181008 0.389999
    outer loop
      vertex 99.318085 39.029042 11.171862
      vertex 100.311114 36.219681 12.166834
      vertex 99.686484 39.335271 12.166834
    endloop
  endfacet
  facet normal 0.896594 0.218329 -0.385294
    outer loop
      vertex 100.175460 39.741729 11.421633
      vertex 99.414872 42.865176 11.421633
      vertex 99.727838 43.396107 12.450775
    endloop
  endfacet
  facet normal 0.896594 0.218329 -0.385294
    outer loop
      vertex 100.175460 39.741729 11.421633
      vertex 99.727838 43.396107 12.450775
      vertex 100.543265 40.047463 12.450775
    endloop
  endfacet
  facet normal -0.891754 -0.217150 0.397015
    outer loop
      vertex 98.685326 41.627543 11.171862
      vertex 99.318085 39.029042 11.171862
      vertex 99.686484 39.335271 12.166834
    endloop
  endfacet
  facet normal -0.891754 -0.217150 0.397015
    outer loop
      vertex 98.685326 41.627543 11.171862
      vertex 99.686484 39.335271 12.166834
      vertex 98.998798 42.159331 12.166834
    endloop
  endfacet
  facet normal 0.897117 0.217056 -0.384796
    outer loop
      vertex 99.414872 42.865176 11.421633
      vertex 98.721279 45.731864 11.421633
      vertex 98.984239 46.469479 12.450775
    endloop
  endfacet
  facet normal 0.897117 0.217056 -0.384796
    outer loop
      vertex 99.414872 42.865176 11.421633
      vertex 98.984239 46.469479 12.450775
      vertex 99.727838 43.396107 12.450775
    endloop
  endfacet
  facet normal -0.892286 -0.215888 0.396508
    outer loop
      vertex 98.108303 44.012437 11.171862
      vertex 98.685326 41.627543 11.171862
      vertex 98.998798 42.159331 12.166834
    endloop
  endfacet
  facet normal -0.892286 -0.215888 0.396508
    outer loop
      vertex 98.108303 44.012437 11.171862
      vertex 98.998798 42.159331 12.166834
      vertex 98.371688 44.751243 12.166834
    endloop
  endfacet
  facet normal 0.901657 0.207745 -0.379283
    outer loop
      vertex 98.721279 45.731864 11.421633
      vertex 98.098319 48.435639 11.421633
      vertex 98.316364 49.368192 12.450775
    endloop
  endfacet
  facet normal 0.901657 0.207745 -0.379283
    outer loop
      vertex 98.721279 45.731864 11.421633
      vertex 98.316364 49.368192 12.450775
      vertex 98.984239 46.469479 12.450775
    endloop
  endfacet
  facet normal -0.896939 -0.206658 0.390886
    outer loop
      vertex 97.590041 46.261798 11.171862
      vertex 98.108303 44.012437 11.171862
      vertex 98.371688 44.751243 12.166834
    endloop
  endfacet
  facet normal -0.896939 -0.206658 0.390886
    outer loop
      vertex 97.590041 46.261798 11.171862
      vertex 98.371688 44.751243 12.166834
      vertex 97.808439 47.195858 12.166834
    endloop
  endfacet
  facet normal -0.614306 0.645097 -0.454399
    outer loop
      vertex 98.098319 48.435639 11.421633
      vertex 96.518442 46.931169 11.421633
      vertex 96.622580 47.755252 12.450775
    endloop
  endfacet
  facet normal -0.614306 0.645097 -0.454399
    outer loop
      vertex 98.098319 48.435639 11.421633
      vertex 96.622580 47.755252 12.450775
      vertex 98.316364 49.368192 12.450775
    endloop
  endfacet
  facet normal 0.609708 -0.640268 0.467239
    outer loop
      vertex 96.275688 45.010179 11.171862
      vertex 97.590041 46.261798 11.171862
      vertex 97.808439 47.195858 12.166834
    endloop
  endfacet
  facet normal 0.609708 -0.640268 0.467239
    outer loop
      vertex 96.275688 45.010179 11.171862
      vertex 97.808439 47.195858 12.166834
      vertex 96.379995 45.835594 12.166834
    endloop
  endfacet
  facet normal -0.610288 0.647347 -0.456607
    outer loop
      vertex 96.518442 46.931169 11.421633
      vertex 94.855821 45.363729 11.421633
      vertex 94.840087 46.074802 12.450775
    endloop
  endfacet
  facet normal -0.610288 0.647347 -0.456607
    outer loop
      vertex 96.518442 46.931169 11.421633
      vertex 94.840087 46.074802 12.450775
      vertex 96.622580 47.755252 12.450775
    endloop
  endfacet
  facet normal 0.605676 -0.642455 0.469476
    outer loop
      vertex 94.892498 43.706172 11.171862
      vertex 96.275688 45.010179 11.171862
      vertex 96.379995 45.835594 12.166834
    endloop
  endfacet
  facet normal 0.605676 -0.642455 0.469476
    outer loop
      vertex 94.892498 43.706172 11.171862
      vertex 96.379995 45.835594 12.166834
      vertex 94.876739 44.418394 12.166834
    endloop
  endfacet
  facet normal -0.611709 0.646435 -0.455999
    outer loop
      vertex 94.855821 45.363729 11.421633
      vertex 93.099825 43.702064 11.421633
      vertex 92.957486 44.293333 12.450775
    endloop
  endfacet
  facet normal -0.611709 0.646435 -0.455999
    outer loop
      vertex 94.855821 45.363729 11.421633
      vertex 92.957486 44.293333 12.450775
      vertex 94.840087 46.074802 12.450775
    endloop
  endfacet
  facet normal 0.607098 -0.641562 0.468860
    outer loop
      vertex 93.431626 42.323777 11.171862
      vertex 94.892498 43.706172 11.171862
      vertex 94.876739 44.418394 12.166834
    endloop
  endfacet
  facet normal 0.607098 -0.641562 0.468860
    outer loop
      vertex 93.431626 42.323777 11.171862
      vertex 94.876739 44.418394 12.166834
      vertex 93.289057 42.916002 12.166834
    endloop
  endfacet
  facet normal -0.625097 0.636326 -0.452043
    outer loop
      vertex 93.099825 43.702064 11.421633
      vertex 91.268640 41.903193 11.421633
      vertex 90.994275 42.364766 12.450775
    endloop
  endfacet
  facet normal -0.625097 0.636326 -0.452043
    outer loop
      vertex 93.099825 43.702064 11.421633
      vertex 90.994275 42.364766 12.450775
      vertex 92.957486 44.293333 12.450775
    endloop
  endfacet
  facet normal 0.620466 -0.631612 0.464853
    outer loop
      vertex 91.908202 40.827236 11.171862
      vertex 93.431626 42.323777 11.171862
      vertex 93.289057 42.916002 12.166834
    endloop
  endfacet
  facet normal 0.620466 -0.631612 0.464853
    outer loop
      vertex 91.908202 40.827236 11.171862
      vertex 93.289057 42.916002 12.166834
      vertex 91.633394 41.289555 12.166834
    endloop
  endfacet
  facet normal -0.653336 0.610345 -0.447918
    outer loop
      vertex 91.268640 41.903193 11.421633
      vertex 89.446324 39.952517 11.421633
      vertex 89.040573 40.273449 12.450775
    endloop
  endfacet
  facet normal -0.653336 0.610345 -0.447918
    outer loop
      vertex 91.268640 41.903193 11.421633
      vertex 89.040573 40.273449 12.450775
      vertex 90.994275 42.364766 12.450775
    endloop
  endfacet
  facet normal 0.648583 -0.605904 0.460673
    outer loop
      vertex 90.392156 39.204403 11.171862
      vertex 91.908202 40.827236 11.171862
      vertex 91.633394 41.289555 12.166834
    endloop
  endfacet
  facet normal 0.648583 -0.605904 0.460673
    outer loop
      vertex 90.392156 39.204403 11.171862
      vertex 91.633394 41.289555 12.166834
      vertex 89.985749 39.525854 12.166834
    endloop
  endfacet
  facet normal -0.683819 0.575170 -0.448967
    outer loop
      vertex 89.446324 39.952517 11.421633
      vertex 87.745038 37.929860 11.421633
      vertex 87.216627 38.104962 12.450775
    endloop
  endfacet
  facet normal -0.683819 0.575170 -0.448967
    outer loop
      vertex 89.446324 39.952517 11.421633
      vertex 87.216627 38.104962 12.450775
      vertex 89.040573 40.273449 12.450775
    endloop
  endfacet
  facet normal 0.678821 -0.570966 0.461736
    outer loop
      vertex 88.976799 37.521688 11.171862
      vertex 90.392156 39.204403 11.171862
      vertex 89.985749 39.525854 12.166834
    endloop
  endfacet
  facet normal 0.678821 -0.570966 0.461736
    outer loop
      vertex 88.976799 37.521688 11.171862
      vertex 89.985749 39.525854 12.166834
      vertex 88.447534 37.697072 12.166834
    endloop
  endfacet
  facet normal -0.701163 0.550100 -0.453607
    outer loop
      vertex 87.745038 37.929860 11.421633
      vertex 86.194570 35.953617 11.421633
      vertex 85.554372 35.986234 12.450775
    endloop
  endfacet
  facet normal -0.701163 0.550100 -0.453607
    outer loop
      vertex 87.745038 37.929860 11.421633
      vertex 85.554372 35.986234 12.450775
      vertex 87.216627 38.104962 12.450775
    endloop
  endfacet
  facet normal 0.695933 -0.545997 0.466438
    outer loop
      vertex 87.686912 35.877584 11.171862
      vertex 88.976799 37.521688 11.171862
      vertex 88.447534 37.697072 12.166834
    endloop
  endfacet
  facet normal 0.695933 -0.545997 0.466438
    outer loop
      vertex 87.686912 35.877584 11.171862
      vertex 88.447534 37.697072 12.166834
      vertex 87.045680 35.910254 12.166834
    endloop
  endfacet
  facet normal -0.706068 0.541463 -0.456385
    outer loop
      vertex 86.194570 35.953617 11.421633
      vertex 84.755551 34.077135 11.421633
      vertex 84.011602 33.974461 12.450775
    endloop
  endfacet
  facet normal -0.706068 0.541463 -0.456385
    outer loop
      vertex 86.194570 35.953617 11.421633
      vertex 84.011602 33.974461 12.450775
      vertex 85.554372 35.986234 12.450775
    endloop
  endfacet
  facet normal 0.700737 -0.537375 0.469251
    outer loop
      vertex 86.489744 34.316476 11.171862
      vertex 87.686912 35.877584 11.171862
      vertex 87.045680 35.910254 12.166834
    endloop
  endfacet
  facet normal 0.700737 -0.537375 0.469251
    outer loop
      vertex 86.489744 34.316476 11.171862
      vertex 87.045680 35.910254 12.166834
      vertex 85.744593 34.213636 12.166834
    endloop
  endfacet
  facet normal -0.521464 -0.724846 -0.450194
    outer loop
      vertex 84.011602 33.974461 12.450775
      vertex 86.113607 32.462251 12.450775
      vertex 85.511017 32.257881 13.477812
    endloop
  endfacet
  facet normal -0.521464 -0.724846 -0.450194
    outer loop
      vertex 84.011602 33.974461 12.450775
      vertex 85.511017 32.257881 13.477812
      vertex 83.267653 33.871786 13.477812
    endloop
  endfacet
  facet normal 0.518051 0.720103 0.461600
    outer loop
      vertex 87.517308 32.938322 12.166834
      vertex 85.744593 34.213636 12.166834
      vertex 85.001372 34.111062 13.160964
    endloop
  endfacet
  facet normal 0.518051 0.720103 0.461600
    outer loop
      vertex 87.517308 32.938322 12.166834
      vertex 85.001372 34.111062 13.160964
      vertex 86.915308 32.734151 13.160964
    endloop
  endfacet
  facet normal -0.514818 -0.731200 -0.447559
    outer loop
      vertex 86.113607 32.462251 12.450775
      vertex 88.368330 30.874762 12.450775
      vertex 87.917370 30.563633 13.477812
    endloop
  endfacet
  facet normal -0.514818 -0.731200 -0.447559
    outer loop
      vertex 86.113607 32.462251 12.450775
      vertex 87.917370 30.563633 13.477812
      vertex 85.511017 32.257881 13.477812
    endloop
  endfacet
  facet normal 0.511488 0.726471 0.458934
    outer loop
      vertex 89.418816 31.599521 12.166834
      vertex 87.517308 32.938322 12.166834
      vertex 86.915308 32.734151 13.160964
    endloop
  endfacet
  facet normal 0.511488 0.726471 0.458934
    outer loop
      vertex 89.418816 31.599521 12.166834
      vertex 86.915308 32.734151 13.160964
      vertex 88.968298 31.288696 13.160964
    endloop
  endfacet
  facet normal -0.490348 -0.750703 -0.442723
    outer loop
      vertex 88.368330 30.874762 12.450775
      vertex 90.804679 29.283374 12.450775
      vertex 90.517564 28.865224 13.477812
    endloop
  endfacet
  facet normal -0.490348 -0.750703 -0.442723
    outer loop
      vertex 88.368330 30.874762 12.450775
      vertex 90.517564 28.865224 13.477812
      vertex 87.917370 30.563633 13.477812
    endloop
  endfacet
  facet normal 0.487244 0.745951 0.454037
    outer loop
      vertex 91.473499 30.257432 12.166834
      vertex 89.418816 31.599521 12.166834
      vertex 88.968298 31.288696 13.160964
    endloop
  endfacet
  facet normal 0.487244 0.745951 0.454037
    outer loop
      vertex 91.473499 30.257432 12.166834
      vertex 88.968298 31.288696 13.160964
      vertex 91.186664 29.839691 13.160964
    endloop
  endfacet
  facet normal -0.449059 -0.776662 -0.441749
    outer loop
      vertex 90.804679 29.283374 12.450775
      vertex 93.347859 27.812931 12.450775
      vertex 93.231772 27.295894 13.477812
    endloop
  endfacet
  facet normal -0.449059 -0.776662 -0.441749
    outer loop
      vertex 90.804679 29.283374 12.450775
      vertex 93.231772 27.295894 13.477812
      vertex 90.517564 28.865224 13.477812
    endloop
  endfacet
  facet normal 0.446228 0.771767 0.453051
    outer loop
      vertex 93.618276 29.017342 12.166834
      vertex 91.473499 30.257432 12.166834
      vertex 91.186664 29.839691 13.160964
    endloop
  endfacet
  facet normal 0.446228 0.771767 0.453051
    outer loop
      vertex 93.618276 29.017342 12.166834
      vertex 91.186664 29.839691 13.160964
      vertex 93.502303 28.500811 13.160964
    endloop
  endfacet
  facet normal -0.413936 -0.793436 -0.446224
    outer loop
      vertex 93.347859 27.812931 12.450775
      vertex 95.842262 26.511600 12.450775
      vertex 95.893924 25.907048 13.477812
    endloop
  endfacet
  facet normal -0.413936 -0.793436 -0.446224
    outer loop
      vertex 93.347859 27.812931 12.450775
      vertex 95.893924 25.907048 13.477812
      vertex 93.231772 27.295894 13.477812
    endloop
  endfacet
  facet normal 0.411275 0.788335 0.457582
    outer loop
      vertex 95.721918 27.919871 12.166834
      vertex 93.618276 29.017342 12.166834
      vertex 93.502303 28.500811 13.160964
    endloop
  endfacet
  facet normal 0.411275 0.788335 0.457582
    outer loop
      vertex 95.721918 27.919871 12.166834
      vertex 93.502303 28.500811 13.160964
      vertex 95.773529 27.315911 13.160964
    endloop
  endfacet
  facet normal -0.399443 -0.798689 -0.450045
    outer loop
      vertex 95.842262 26.511600 12.450775
      vertex 98.204685 25.330096 12.450775
      vertex 98.415220 24.646088 13.477812
    endloop
  endfacet
  facet normal -0.399443 -0.798689 -0.450045
    outer loop
      vertex 95.842262 26.511600 12.450775
      vertex 98.415220 24.646088 13.477812
      vertex 95.893924 25.907048 13.477812
    endloop
  endfacet
  facet normal 0.396831 0.793467 0.461450
    outer loop
      vertex 97.714255 26.923456 12.166834
      vertex 95.721918 27.919871 12.166834
      vertex 95.773529 27.315911 13.160964
    endloop
  endfacet
  facet normal 0.396831 0.793467 0.461450
    outer loop
      vertex 97.714255 26.923456 12.166834
      vertex 95.773529 27.315911 13.160964
      vertex 97.924584 26.240118 13.160964
    endloop
  endfacet
  facet normal -0.399176 -0.798764 -0.450149
    outer loop
      vertex 98.204685 25.330096 12.450775
      vertex 100.435401 24.215313 12.450775
      vertex 100.795951 23.456336 13.477812
    endloop
  endfacet
  facet normal -0.399176 -0.798764 -0.450149
    outer loop
      vertex 98.204685 25.330096 12.450775
      vertex 100.795951 23.456336 13.477812
      vertex 98.415220 24.646088 13.477812
    endloop
  endfacet
  facet normal 0.396565 0.793538 0.461555
    outer loop
      vertex 99.595517 25.983310 12.166834
      vertex 97.714255 26.923456 12.166834
      vertex 97.924584 26.240118 13.160964
    endloop
  endfacet
  facet normal 0.396565 0.793538 0.461555
    outer loop
      vertex 99.595517 25.983310 12.166834
      vertex 97.924584 26.240118 13.160964
      vertex 99.955715 25.225076 13.160964
    endloop
  endfacet
  facet normal -0.404503 -0.797612 -0.447428
    outer loop
      vertex 100.435401 24.215313 12.450775
      vertex 102.558701 23.138497 12.450775
      vertex 103.062043 22.307105 13.477812
    endloop
  endfacet
  facet normal -0.404503 -0.797612 -0.447428
    outer loop
      vertex 100.435401 24.215313 12.450775
      vertex 103.062043 22.307105 13.477812
      vertex 100.795951 23.456336 13.477812
    endloop
  endfacet
  facet normal 0.401888 0.792456 0.458801
    outer loop
      vertex 101.386191 25.075183 12.166834
      vertex 99.595517 25.983310 12.166834
      vertex 99.955715 25.225076 13.160964
    endloop
  endfacet
  facet normal 0.401888 0.792456 0.458801
    outer loop
      vertex 101.386191 25.075183 12.166834
      vertex 99.955715 25.225076 13.160964
      vertex 101.889041 24.244604 13.160964
    endloop
  endfacet
  facet normal 0.920935 0.088788 -0.379468
    outer loop
      vertex 102.558701 23.138497 12.450775
      vertex 102.274356 26.087817 12.450775
      vertex 102.758576 25.454766 13.477812
    endloop
  endfacet
  facet normal 0.920935 0.088788 -0.379468
    outer loop
      vertex 102.558701 23.138497 12.450775
      vertex 102.758576 25.454766 13.477812
      vertex 103.062043 22.307105 13.477812
    endloop
  endfacet
  facet normal -0.916641 -0.088374 0.389820
    outer loop
      vertex 101.146390 27.562476 12.166834
      vertex 101.386191 25.075183 12.166834
      vertex 101.889041 24.244604 13.160964
    endloop
  endfacet
  facet normal -0.916641 -0.088374 0.389820
    outer loop
      vertex 101.146390 27.562476 12.166834
      vertex 101.889041 24.244604 13.160964
      vertex 101.630137 26.930045 13.160964
    endloop
  endfacet
  facet normal 0.919502 0.078416 -0.385185
    outer loop
      vertex 102.274356 26.087817 12.450775
      vertex 102.007157 29.220976 12.450775
      vertex 102.473408 28.798630 13.477812
    endloop
  endfacet
  facet normal 0.919502 0.078416 -0.385185
    outer loop
      vertex 102.274356 26.087817 12.450775
      vertex 102.473408 28.798630 13.477812
      vertex 102.758576 25.454766 13.477812
    endloop
  endfacet
  facet normal -0.915085 -0.078039 0.395637
    outer loop
      vertex 100.921050 30.204809 12.166834
      vertex 101.146390 27.562476 12.166834
      vertex 101.630137 26.930045 13.160964
    endloop
  endfacet
  facet normal -0.915085 -0.078039 0.395637
    outer loop
      vertex 100.921050 30.204809 12.166834
      vertex 101.630137 26.930045 13.160964
      vertex 101.386844 29.782876 13.160964
    endloop
  endfacet
  facet normal 0.919288 0.075552 -0.386266
    outer loop
      vertex 102.007157 29.220976 12.450775
      vertex 101.726981 32.630038 12.450775
      vertex 102.174390 32.436951 13.477812
    endloop
  endfacet
  facet normal 0.919288 0.075552 -0.386266
    outer loop
      vertex 102.007157 29.220976 12.450775
      vertex 102.174390 32.436951 13.477812
      vertex 102.473408 28.798630 13.477812
    endloop
  endfacet
  facet normal -0.914848 -0.075187 0.396736
    outer loop
      vertex 100.684764 33.079824 12.166834
      vertex 100.921050 30.204809 12.166834
      vertex 101.386844 29.782876 13.160964
    endloop
  endfacet
  facet normal -0.914848 -0.075187 0.396736
    outer loop
      vertex 100.684764 33.079824 12.166834
      vertex 101.386844 29.782876 13.160964
      vertex 101.131736 32.886926 13.160964
    endloop
  endfacet
  facet normal 0.918652 0.109322 -0.379640
    outer loop
      vertex 101.726981 32.630038 12.450775
      vertex 101.283923 36.353138 12.450775
      vertex 101.701536 36.410430 13.477812
    endloop
  endfacet
  facet normal 0.918652 0.109322 -0.379640
    outer loop
      vertex 101.726981 32.630038 12.450775
      vertex 101.701536 36.410430 13.477812
      vertex 102.174390 32.436951 13.477812
    endloop
  endfacet
  facet normal -0.914365 -0.108812 0.389995
    outer loop
      vertex 100.311114 36.219681 12.166834
      vertex 100.684764 33.079824 12.166834
      vertex 101.131736 32.886926 13.160964
    endloop
  endfacet
  facet normal -0.914365 -0.108812 0.389995
    outer loop
      vertex 100.311114 36.219681 12.166834
      vertex 101.131736 32.886926 13.160964
      vertex 100.728318 36.276916 13.160964
    endloop
  endfacet
  facet normal 0.907310 0.181902 -0.379077
    outer loop
      vertex 101.283923 36.353138 12.450775
      vertex 100.543265 40.047463 12.450775
      vertex 100.911069 40.353198 13.477812
    endloop
  endfacet
  facet normal 0.907310 0.181902 -0.379077
    outer loop
      vertex 101.283923 36.353138 12.450775
      vertex 100.911069 40.353198 13.477812
      vertex 101.701536 36.410430 13.477812
    endloop
  endfacet
  facet normal -0.903089 -0.181056 0.389422
    outer loop
      vertex 99.686484 39.335271 12.166834
      vertex 100.311114 36.219681 12.166834
      vertex 100.728318 36.276916 13.160964
    endloop
  endfacet
  facet normal -0.903089 -0.181056 0.389422
    outer loop
      vertex 99.686484 39.335271 12.166834
      vertex 100.728318 36.276916 13.160964
      vertex 100.053928 39.640706 13.160964
    endloop
  endfacet
  facet normal 0.896321 0.218263 -0.385966
    outer loop
      vertex 100.543265 40.047463 12.450775
      vertex 99.727838 43.396107 12.450775
      vertex 100.040805 43.927037 13.477812
    endloop
  endfacet
  facet normal 0.896321 0.218263 -0.385966
    outer loop
      vertex 100.543265 40.047463 12.450775
      vertex 100.040805 43.927037 13.477812
      vertex 100.911069 40.353198 13.477812
    endloop
  endfacet
  facet normal -0.891999 -0.217210 0.396431
    outer loop
      vertex 98.998798 42.159331 12.166834
      vertex 99.686484 39.335271 12.166834
      vertex 100.053928 39.640706 13.160964
    endloop
  endfacet
  facet normal -0.891999 -0.217210 0.396431
    outer loop
      vertex 98.998798 42.159331 12.166834
      vertex 100.053928 39.640706 13.160964
      vertex 99.311459 42.689742 13.160964
    endloop
  endfacet
  facet normal 0.896844 0.216991 -0.385468
    outer loop
      vertex 99.727838 43.396107 12.450775
      vertex 98.984239 46.469479 12.450775
      vertex 99.247199 47.207094 13.477812
    endloop
  endfacet
  facet normal 0.896844 0.216991 -0.385468
    outer loop
      vertex 99.727838 43.396107 12.450775
      vertex 99.247199 47.207094 13.477812
      vertex 100.040805 43.927037 13.477812
    endloop
  endfacet
  facet normal -0.892531 -0.215947 0.395924
    outer loop
      vertex 98.371688 44.751243 12.166834
      vertex 98.998798 42.159331 12.166834
      vertex 99.311459 42.689742 13.160964
    endloop
  endfacet
  facet normal -0.892531 -0.215947 0.395924
    outer loop
      vertex 98.371688 44.751243 12.166834
      vertex 99.311459 42.689742 13.160964
      vertex 98.634390 45.488136 13.160964
    endloop
  endfacet
  facet normal 0.901392 0.207684 -0.379948
    outer loop
      vertex 98.984239 46.469479 12.450775
      vertex 98.316364 49.368192 12.450775
      vertex 98.534409 50.300746 13.477812
    endloop
  endfacet
  facet normal 0.901392 0.207684 -0.379948
    outer loop
      vertex 98.984239 46.469479 12.450775
      vertex 98.534409 50.300746 13.477812
      vertex 99.247199 47.207094 13.477812
    endloop
  endfacet
  facet normal -0.897179 -0.206713 0.390308
    outer loop
      vertex 97.808439 47.195858 12.166834
      vertex 98.371688 44.751243 12.166834
      vertex 98.634390 45.488136 13.160964
    endloop
  endfacet
  facet normal -0.897179 -0.206713 0.390308
    outer loop
      vertex 97.808439 47.195858 12.166834
      vertex 98.634390 45.488136 13.160964
      vertex 98.026271 48.127499 13.160964
    endloop
  endfacet
  facet normal -0.614046 0.644824 -0.455137
    outer loop
      vertex 98.316364 49.368192 12.450775
      vertex 96.622580 47.755252 12.450775
      vertex 96.726719 48.579335 13.477812
    endloop
  endfacet
  facet normal -0.614046 0.644824 -0.455137
    outer loop
      vertex 98.316364 49.368192 12.450775
      vertex 96.726719 48.579335 13.477812
      vertex 98.534409 50.300746 13.477812
    endloop
  endfacet
  facet normal 0.609941 -0.640512 0.466601
    outer loop
      vertex 96.379995 45.835594 12.166834
      vertex 97.808439 47.195858 12.166834
      vertex 98.026271 48.127499 13.160964
    endloop
  endfacet
  facet normal 0.609941 -0.640512 0.466601
    outer loop
      vertex 96.379995 45.835594 12.166834
      vertex 98.026271 48.127499 13.160964
      vertex 96.484032 46.658870 13.160964
    endloop
  endfacet
  facet normal -0.610027 0.647070 -0.457347
    outer loop
      vertex 96.622580 47.755252 12.450775
      vertex 94.840087 46.074802 12.450775
      vertex 94.824352 46.785874 13.477812
    endloop
  endfacet
  facet normal -0.610027 0.647070 -0.457347
    outer loop
      vertex 96.622580 47.755252 12.450775
      vertex 94.824352 46.785874 13.477812
      vertex 96.726719 48.579335 13.477812
    endloop
  endfacet
  facet normal 0.605909 -0.642702 0.468837
    outer loop
      vertex 94.876739 44.418394 12.166834
      vertex 96.379995 45.835594 12.166834
      vertex 96.484032 46.658870 13.160964
    endloop
  endfacet
  facet normal 0.605909 -0.642702 0.468837
    outer loop
      vertex 94.876739 44.418394 12.166834
      vertex 96.484032 46.658870 13.160964
      vertex 94.861020 45.128771 13.160964
    endloop
  endfacet
  facet normal -0.611448 0.646159 -0.456738
    outer loop
      vertex 94.840087 46.074802 12.450775
      vertex 92.957486 44.293333 12.450775
      vertex 92.815147 44.884602 13.477812
    endloop
  endfacet
  facet normal -0.611448 0.646159 -0.456738
    outer loop
      vertex 94.840087 46.074802 12.450775
      vertex 92.815147 44.884602 13.477812
      vertex 94.824352 46.785874 13.477812
    endloop
  endfacet
  facet normal 0.607331 -0.641809 0.468221
    outer loop
      vertex 93.289057 42.916002 12.166834
      vertex 94.876739 44.418394 12.166834
      vertex 94.861020 45.128771 13.160964
    endloop
  endfacet
  facet normal 0.607331 -0.641809 0.468221
    outer loop
      vertex 93.289057 42.916002 12.166834
      vertex 94.861020 45.128771 13.160964
      vertex 93.146857 43.506693 13.160964
    endloop
  endfacet
  facet normal -0.624835 0.636060 -0.452779
    outer loop
      vertex 92.957486 44.293333 12.450775
      vertex 90.994275 42.364766 12.450775
      vertex 90.719910 42.826339 13.477812
    endloop
  endfacet
  facet normal -0.624835 0.636060 -0.452779
    outer loop
      vertex 92.957486 44.293333 12.450775
      vertex 90.719910 42.826339 13.477812
      vertex 92.815147 44.884602 13.477812
    endloop
  endfacet
  facet normal 0.620700 -0.631850 0.464216
    outer loop
      vertex 91.633394 41.289555 12.166834
      vertex 93.289057 42.916002 12.166834
      vertex 93.146857 43.506693 13.160964
    endloop
  endfacet
  facet normal 0.620700 -0.631850 0.464216
    outer loop
      vertex 91.633394 41.289555 12.166834
      vertex 93.146857 43.506693 13.160964
      vertex 91.359297 41.750677 13.160964
    endloop
  endfacet
  facet normal -0.653068 0.610094 -0.448651
    outer loop
      vertex 90.994275 42.364766 12.450775
      vertex 89.040573 40.273449 12.450775
      vertex 88.634822 40.594381 13.477812
    endloop
  endfacet
  facet normal -0.653068 0.610094 -0.448651
    outer loop
      vertex 90.994275 42.364766 12.450775
      vertex 88.634822 40.594381 13.477812
      vertex 90.719910 42.826339 13.477812
    endloop
  endfacet
  facet normal 0.648823 -0.606129 0.460039
    outer loop
      vertex 89.985749 39.525854 12.166834
      vertex 91.633394 41.289555 12.166834
      vertex 91.359297 41.750677 13.160964
    endloop
  endfacet
  facet normal 0.648823 -0.606129 0.460039
    outer loop
      vertex 89.985749 39.525854 12.166834
      vertex 91.359297 41.750677 13.160964
      vertex 89.580395 39.846472 13.160964
    endloop
  endfacet
  facet normal -0.683536 0.574932 -0.449701
    outer loop
      vertex 89.040573 40.273449 12.450775
      vertex 87.216627 38.104962 12.450775
      vertex 86.688216 38.280063 13.477812
    endloop
  endfacet
  facet normal -0.683536 0.574932 -0.449701
    outer loop
      vertex 89.040573 40.273449 12.450775
      vertex 86.688216 38.280063 13.477812
      vertex 88.634822 40.594381 13.477812
    endloop
  endfacet
  facet normal 0.679073 -0.571178 0.461102
    outer loop
      vertex 88.447534 37.697072 12.166834
      vertex 89.985749 39.525854 12.166834
      vertex 89.580395 39.846472 13.160964
    endloop
  endfacet
  facet normal 0.679073 -0.571178 0.461102
    outer loop
      vertex 88.447534 37.697072 12.166834
      vertex 89.580395 39.846472 13.160964
      vertex 87.919640 37.872002 13.160964
    endloop
  endfacet
  facet normal -0.700868 0.549868 -0.454345
    outer loop
      vertex 87.216627 38.104962 12.450775
      vertex 85.554372 35.986234 12.450775
      vertex 84.914174 36.018851 13.477812
    endloop
  endfacet
  facet normal -0.700868 0.549868 -0.454345
    outer loop
      vertex 87.216627 38.104962 12.450775
      vertex 84.914174 36.018851 13.477812
      vertex 86.688216 38.280063 13.477812
    endloop
  endfacet
  facet normal 0.696197 -0.546204 0.465800
    outer loop
      vertex 87.045680 35.910254 12.166834
      vertex 88.447534 37.697072 12.166834
      vertex 87.919640 37.872002 13.160964
    endloop
  endfacet
  facet normal 0.696197 -0.546204 0.465800
    outer loop
      vertex 87.045680 35.910254 12.166834
      vertex 87.919640 37.872002 13.160964
      vertex 86.406108 35.942839 13.160964
    endloop
  endfacet
  facet normal -0.705766 0.541231 -0.457124
    outer loop
      vertex 85.554372 35.986234 12.450775
      vertex 84.011602 33.974461 12.450775
      vertex 83.267653 33.871786 13.477812
    endloop
  endfacet
  facet normal -0.705766 0.541231 -0.457124
    outer loop
      vertex 85.554372 35.986234 12.450775
      vertex 83.267653 33.871786 13.477812
      vertex 84.914174 36.018851 13.477812
    endloop
  endfacet
  facet normal 0.701006 -0.537581 0.468611
    outer loop
      vertex 85.744593 34.213636 12.166834
      vertex 87.045680 35.910254 12.166834
      vertex 86.406108 35.942839 13.160964
    endloop
  endfacet
  facet normal 0.701006 -0.537581 0.468611
    outer loop
      vertex 85.744593 34.213636 12.166834
      vertex 86.406108 35.942839 13.160964
      vertex 85.001372 34.111062 13.160964
    endloop
  endfacet
  facet normal -0.524433 -0.728974 -0.439962
    outer loop
      vertex 83.267653 33.871786 13.477812
      vertex 85.511017 32.257881 13.477812
      vertex 84.927357 32.059930 14.501518
    endloop
  endfacet
  facet normal -0.524433 -0.728974 -0.439962
    outer loop
      vertex 83.267653 33.871786 13.477812
      vertex 84.927357 32.059930 14.501518
      vertex 82.547073 33.772337 14.501518
    endloop
  endfacet
  facet normal 0.521324 0.724652 0.450666
    outer loop
      vertex 86.915308 32.734151 13.160964
      vertex 85.001372 34.111062 13.160964
      vertex 84.281277 34.011680 14.153762
    endloop
  endfacet
  facet normal 0.521324 0.724652 0.450666
    outer loop
      vertex 86.915308 32.734151 13.160964
      vertex 84.281277 34.011680 14.153762
      vertex 86.332040 32.536334 14.153762
    endloop
  endfacet
  facet normal -0.517716 -0.735315 -0.437358
    outer loop
      vertex 85.511017 32.257881 13.477812
      vertex 87.917370 30.563633 13.477812
      vertex 87.480577 30.262277 14.501518
    endloop
  endfacet
  facet normal -0.517716 -0.735315 -0.437358
    outer loop
      vertex 85.511017 32.257881 13.477812
      vertex 87.480577 30.262277 14.501518
      vertex 84.927357 32.059930 14.501518
    endloop
  endfacet
  facet normal 0.514682 0.731007 0.448030
    outer loop
      vertex 88.968298 31.288696 13.160964
      vertex 86.915308 32.734151 13.160964
      vertex 86.332040 32.536334 14.153762
    endloop
  endfacet
  facet normal 0.514682 0.731007 0.448030
    outer loop
      vertex 88.968298 31.288696 13.160964
      vertex 86.332040 32.536334 14.153762
      vertex 88.531799 30.987544 14.153762
    endloop
  endfacet
  facet normal -0.493048 -0.754837 -0.432579
    outer loop
      vertex 87.917370 30.563633 13.477812
      vertex 90.517564 28.865224 13.477812
      vertex 90.239468 28.460209 14.501518
    endloop
  endfacet
  facet normal -0.493048 -0.754837 -0.432579
    outer loop
      vertex 87.917370 30.563633 13.477812
      vertex 90.239468 28.460209 14.501518
      vertex 87.480577 30.262277 14.501518
    endloop
  endfacet
  facet normal 0.490222 0.750509 0.443191
    outer loop
      vertex 91.186664 29.839691 13.160964
      vertex 88.968298 31.288696 13.160964
      vertex 88.531799 30.987544 14.153762
    endloop
  endfacet
  facet normal 0.490222 0.750509 0.443191
    outer loop
      vertex 91.186664 29.839691 13.160964
      vertex 88.531799 30.987544 14.153762
      vertex 90.908756 29.434949 14.153762
    endloop
  endfacet
  facet normal -0.451520 -0.780920 -0.431618
    outer loop
      vertex 90.517564 28.865224 13.477812
      vertex 93.231772 27.295894 13.477812
      vertex 93.119333 26.795099 14.501518
    endloop
  endfacet
  facet normal -0.451520 -0.780920 -0.431618
    outer loop
      vertex 90.517564 28.865224 13.477812
      vertex 93.119333 26.795099 14.501518
      vertex 90.239468 28.460209 14.501518
    endloop
  endfacet
  facet normal 0.448943 0.776463 0.442217
    outer loop
      vertex 93.502303 28.500811 13.160964
      vertex 91.186664 29.839691 13.160964
      vertex 90.908756 29.434949 14.153762
    endloop
  endfacet
  facet normal 0.448943 0.776463 0.442217
    outer loop
      vertex 93.502303 28.500811 13.160964
      vertex 90.908756 29.434949 14.153762
      vertex 93.389939 28.000353 14.153762
    endloop
  endfacet
  facet normal -0.416252 -0.797875 -0.436038
    outer loop
      vertex 93.231772 27.295894 13.477812
      vertex 95.893924 25.907048 13.477812
      vertex 95.943963 25.321488 14.501518
    endloop
  endfacet
  facet normal -0.416252 -0.797875 -0.436038
    outer loop
      vertex 93.231772 27.295894 13.477812
      vertex 95.943963 25.321488 14.501518
      vertex 93.119333 26.795099 14.501518
    endloop
  endfacet
  facet normal 0.413828 0.793228 0.446694
    outer loop
      vertex 95.773529 27.315911 13.160964
      vertex 93.502303 28.500811 13.160964
      vertex 93.389939 28.000353 14.153762
    endloop
  endfacet
  facet normal 0.413828 0.793228 0.446694
    outer loop
      vertex 95.773529 27.315911 13.160964
      vertex 93.389939 28.000353 14.153762
      vertex 95.823535 26.730744 14.153762
    endloop
  endfacet
  facet normal -0.401717 -0.803235 -0.439815
    outer loop
      vertex 95.893924 25.907048 13.477812
      vertex 98.415220 24.646088 13.477812
      vertex 98.619141 23.983568 14.501518
    endloop
  endfacet
  facet normal -0.401717 -0.803235 -0.439815
    outer loop
      vertex 95.893924 25.907048 13.477812
      vertex 98.619141 23.983568 14.501518
      vertex 95.943963 25.321488 14.501518
    endloop
  endfacet
  facet normal 0.399337 0.798476 0.450517
    outer loop
      vertex 97.924584 26.240118 13.160964
      vertex 95.773529 27.315911 13.160964
      vertex 95.823535 26.730744 14.153762
    endloop
  endfacet
  facet normal 0.399337 0.798476 0.450517
    outer loop
      vertex 97.924584 26.240118 13.160964
      vertex 95.823535 26.730744 14.153762
      vertex 98.128368 25.578043 14.153762
    endloop
  endfacet
  facet normal -0.401449 -0.803312 -0.439918
    outer loop
      vertex 98.415220 24.646088 13.477812
      vertex 100.795951 23.456336 13.477812
      vertex 101.145176 22.721201 14.501518
    endloop
  endfacet
  facet normal -0.401449 -0.803312 -0.439918
    outer loop
      vertex 98.415220 24.646088 13.477812
      vertex 101.145176 22.721201 14.501518
      vertex 98.619141 23.983568 14.501518
    endloop
  endfacet
  facet normal 0.399070 0.798551 0.450622
    outer loop
      vertex 99.955715 25.225076 13.160964
      vertex 97.924584 26.240118 13.160964
      vertex 98.128368 25.578043 14.153762
    endloop
  endfacet
  facet normal 0.399070 0.798551 0.450622
    outer loop
      vertex 99.955715 25.225076 13.160964
      vertex 98.128368 25.578043 14.153762
      vertex 100.304704 24.490435 14.153762
    endloop
  endfacet
  facet normal -0.406778 -0.802099 -0.437229
    outer loop
      vertex 100.795951 23.456336 13.477812
      vertex 103.062043 22.307105 13.477812
      vertex 103.549574 21.501829 14.501518
    endloop
  endfacet
  facet normal -0.406778 -0.802099 -0.437229
    outer loop
      vertex 100.795951 23.456336 13.477812
      vertex 103.549574 21.501829 14.501518
      vertex 101.145176 22.721201 14.501518
    endloop
  endfacet
  facet normal 0.404396 0.797402 0.447899
    outer loop
      vertex 101.889041 24.244604 13.160964
      vertex 99.955715 25.225076 13.160964
      vertex 100.304704 24.490435 14.153762
    endloop
  endfacet
  facet normal 0.404396 0.797402 0.447899
    outer loop
      vertex 101.889041 24.244604 13.160964
      vertex 100.304704 24.490435 14.153762
      vertex 102.376244 23.439870 14.153762
    endloop
  endfacet
  facet normal 0.924652 0.089146 -0.370232
    outer loop
      vertex 103.062043 22.307105 13.477812
      vertex 102.758576 25.454766 13.477812
      vertex 103.227585 24.841602 14.501518
    endloop
  endfacet
  facet normal 0.924652 0.089146 -0.370232
    outer loop
      vertex 103.062043 22.307105 13.477812
      vertex 103.227585 24.841602 14.501518
      vertex 103.549574 21.501829 14.501518
    endloop
  endfacet
  facet normal -0.920760 -0.088771 0.379896
    outer loop
      vertex 101.630137 26.930045 13.160964
      vertex 101.889041 24.244604 13.160964
      vertex 102.376244 23.439870 14.153762
    endloop
  endfacet
  facet normal -0.920760 -0.088771 0.379896
    outer loop
      vertex 101.630137 26.930045 13.160964
      vertex 102.376244 23.439870 14.153762
      vertex 102.098830 26.317293 14.153762
    endloop
  endfacet
  facet normal 0.923326 0.078742 -0.375856
    outer loop
      vertex 102.758576 25.454766 13.477812
      vertex 102.473408 28.798630 13.477812
      vertex 102.925012 28.389551 14.501518
    endloop
  endfacet
  facet normal 0.923326 0.078742 -0.375856
    outer loop
      vertex 102.758576 25.454766 13.477812
      vertex 102.925012 28.389551 14.501518
      vertex 103.227585 24.841602 14.501518
    endloop
  endfacet
  facet normal -0.919322 -0.078401 0.385617
    outer loop
      vertex 101.386844 29.782876 13.160964
      vertex 101.630137 26.930045 13.160964
      vertex 102.098830 26.317293 14.153762
    endloop
  endfacet
  facet normal -0.919322 -0.078401 0.385617
    outer loop
      vertex 101.386844 29.782876 13.160964
      vertex 102.098830 26.317293 14.153762
      vertex 101.838145 29.374073 14.153762
    endloop
  endfacet
  facet normal 0.923134 0.075868 -0.376920
    outer loop
      vertex 102.473408 28.798630 13.477812
      vertex 102.174390 32.436951 13.477812
      vertex 102.607744 32.249930 14.501518
    endloop
  endfacet
  facet normal 0.923134 0.075868 -0.376920
    outer loop
      vertex 102.473408 28.798630 13.477812
      vertex 102.607744 32.249930 14.501518
      vertex 102.925012 28.389551 14.501518
    endloop
  endfacet
  facet normal -0.919107 -0.075538 0.386699
    outer loop
      vertex 101.131736 32.886926 13.160964
      vertex 101.386844 29.782876 13.160964
      vertex 101.838145 29.374073 14.153762
    endloop
  endfacet
  facet normal -0.919107 -0.075538 0.386699
    outer loop
      vertex 101.131736 32.886926 13.160964
      vertex 101.838145 29.374073 14.153762
      vertex 101.564799 32.700031 14.153762
    endloop
  endfacet
  facet normal 0.922364 0.109764 -0.370401
    outer loop
      vertex 102.174390 32.436951 13.477812
      vertex 101.701536 36.410430 13.477812
      vertex 102.106031 36.465922 14.501518
    endloop
  endfacet
  facet normal 0.922364 0.109764 -0.370401
    outer loop
      vertex 102.174390 32.436951 13.477812
      vertex 102.106031 36.465922 14.501518
      vertex 102.607744 32.249930 14.501518
    endloop
  endfacet
  facet normal -0.918478 -0.109301 0.380068
    outer loop
      vertex 100.728318 36.276916 13.160964
      vertex 101.131736 32.886926 13.160964
      vertex 101.564799 32.700031 14.153762
    endloop
  endfacet
  facet normal -0.918478 -0.109301 0.380068
    outer loop
      vertex 100.728318 36.276916 13.160964
      vertex 101.564799 32.700031 14.153762
      vertex 101.132541 36.332371 14.153762
    endloop
  endfacet
  facet normal 0.910965 0.182635 -0.369848
    outer loop
      vertex 101.701536 36.410430 13.477812
      vertex 100.911069 40.353198 13.477812
      vertex 101.267319 40.649328 14.501518
    endloop
  endfacet
  facet normal 0.910965 0.182635 -0.369848
    outer loop
      vertex 101.701536 36.410430 13.477812
      vertex 101.267319 40.649328 14.501518
      vertex 102.106031 36.465922 14.501518
    endloop
  endfacet
  facet normal -0.907139 -0.181868 0.379505
    outer loop
      vertex 100.053928 39.640706 13.160964
      vertex 100.728318 36.276916 13.160964
      vertex 101.132541 36.332371 14.153762
    endloop
  endfacet
  facet normal -0.907139 -0.181868 0.379505
    outer loop
      vertex 100.053928 39.640706 13.160964
      vertex 101.132541 36.332371 14.153762
      vertex 100.409939 39.936637 14.153762
    endloop
  endfacet
  facet normal 0.900065 0.219174 -0.376624
    outer loop
      vertex 100.911069 40.353198 13.477812
      vertex 100.040805 43.927037 13.477812
      vertex 100.343941 44.441290 14.501518
    endloop
  endfacet
  facet normal 0.900065 0.219174 -0.376624
    outer loop
      vertex 100.911069 40.353198 13.477812
      vertex 100.343941 44.441290 14.501518
      vertex 101.267319 40.649328 14.501518
    endloop
  endfacet
  facet normal -0.896145 -0.218220 0.386398
    outer loop
      vertex 99.311459 42.689742 13.160964
      vertex 100.053928 39.640706 13.160964
      vertex 100.409939 39.936637 14.153762
    endloop
  endfacet
  facet normal -0.896145 -0.218220 0.386398
    outer loop
      vertex 99.311459 42.689742 13.160964
      vertex 100.409939 39.936637 14.153762
      vertex 99.614391 43.203649 14.153762
    endloop
  endfacet
  facet normal 0.900580 0.217895 -0.376134
    outer loop
      vertex 100.040805 43.927037 13.477812
      vertex 99.247199 47.207094 13.477812
      vertex 99.501898 47.921537 14.501518
    endloop
  endfacet
  facet normal 0.900580 0.217895 -0.376134
    outer loop
      vertex 100.040805 43.927037 13.477812
      vertex 99.501898 47.921537 14.501518
      vertex 100.343941 44.441290 14.501518
    endloop
  endfacet
  facet normal -0.896669 -0.216948 0.385900
    outer loop
      vertex 98.634390 45.488136 13.160964
      vertex 99.311459 42.689742 13.160964
      vertex 99.614391 43.203649 14.153762
    endloop
  endfacet
  facet normal -0.896669 -0.216948 0.385900
    outer loop
      vertex 98.634390 45.488136 13.160964
      vertex 99.614391 43.203649 14.153762
      vertex 98.888918 46.202100 14.153762
    endloop
  endfacet
  facet normal 0.905039 0.208525 -0.370704
    outer loop
      vertex 99.247199 47.207094 13.477812
      vertex 98.534409 50.300746 13.477812
      vertex 98.745605 51.204004 14.501518
    endloop
  endfacet
  facet normal 0.905039 0.208525 -0.370704
    outer loop
      vertex 99.247199 47.207094 13.477812
      vertex 98.745605 51.204004 14.501518
      vertex 99.501898 47.921537 14.501518
    endloop
  endfacet
  facet normal -0.901220 -0.207645 0.380376
    outer loop
      vertex 98.026271 48.127499 13.160964
      vertex 98.634390 45.488136 13.160964
      vertex 98.888918 46.202100 14.153762
    endloop
  endfacet
  facet normal -0.901220 -0.207645 0.380376
    outer loop
      vertex 98.026271 48.127499 13.160964
      vertex 98.888918 46.202100 14.153762
      vertex 98.237324 49.030150 14.153762
    endloop
  endfacet
  facet normal -0.617622 0.648578 -0.444849
    outer loop
      vertex 98.534409 50.300746 13.477812
      vertex 96.726719 48.579335 13.477812
      vertex 96.827586 49.377531 14.501518
    endloop
  endfacet
  facet normal -0.617622 0.648578 -0.444849
    outer loop
      vertex 98.534409 50.300746 13.477812
      vertex 96.827586 49.377531 14.501518
      vertex 98.745605 51.204004 14.501518
    endloop
  endfacet
  facet normal 0.613879 -0.644648 0.455612
    outer loop
      vertex 96.484032 46.658870 13.160964
      vertex 98.026271 48.127499 13.160964
      vertex 98.237324 49.030150 14.153762
    endloop
  endfacet
  facet normal 0.613879 -0.644648 0.455612
    outer loop
      vertex 96.484032 46.658870 13.160964
      vertex 98.237324 49.030150 14.153762
      vertex 96.584831 47.456529 14.153762
    endloop
  endfacet
  facet normal -0.613614 0.650875 -0.447034
    outer loop
      vertex 96.726719 48.579335 13.477812
      vertex 94.824352 46.785874 13.477812
      vertex 94.809113 47.474610 14.501518
    endloop
  endfacet
  facet normal -0.613614 0.650875 -0.447034
    outer loop
      vertex 96.726719 48.579335 13.477812
      vertex 94.809113 47.474610 14.501518
      vertex 96.827586 49.377531 14.501518
    endloop
  endfacet
  facet normal 0.609859 -0.646892 0.457823
    outer loop
      vertex 94.861020 45.128771 13.160964
      vertex 96.484032 46.658870 13.160964
      vertex 96.584831 47.456529 14.153762
    endloop
  endfacet
  facet normal 0.609859 -0.646892 0.457823
    outer loop
      vertex 94.861020 45.128771 13.160964
      vertex 96.584831 47.456529 14.153762
      vertex 94.845790 45.817044 14.153762
    endloop
  endfacet
  facet normal -0.615033 0.649948 -0.446432
    outer loop
      vertex 94.824352 46.785874 13.477812
      vertex 92.815147 44.884602 13.477812
      vertex 92.677279 45.457297 14.501518
    endloop
  endfacet
  facet normal -0.615033 0.649948 -0.446432
    outer loop
      vertex 94.824352 46.785874 13.477812
      vertex 92.677279 45.457297 14.501518
      vertex 94.809113 47.474610 14.501518
    endloop
  endfacet
  facet normal 0.611280 -0.645982 0.457214
    outer loop
      vertex 93.146857 43.506693 13.160964
      vertex 94.861020 45.128771 13.160964
      vertex 94.845790 45.817044 14.153762
    endloop
  endfacet
  facet normal 0.611280 -0.645982 0.457214
    outer loop
      vertex 93.146857 43.506693 13.160964
      vertex 94.845790 45.817044 14.153762
      vertex 93.009082 44.079003 14.153762
    endloop
  endfacet
  facet normal -0.628435 0.639724 -0.442517
    outer loop
      vertex 92.815147 44.884602 13.477812
      vertex 90.719910 42.826339 13.477812
      vertex 90.454164 43.273412 14.501518
    endloop
  endfacet
  facet normal -0.628435 0.639724 -0.442517
    outer loop
      vertex 92.815147 44.884602 13.477812
      vertex 90.454164 43.273412 14.501518
      vertex 92.677279 45.457297 14.501518
    endloop
  endfacet
  facet normal 0.624667 -0.635888 0.453253
    outer loop
      vertex 91.359297 41.750677 13.160964
      vertex 93.146857 43.506693 13.160964
      vertex 93.009082 44.079003 14.153762
    endloop
  endfacet
  facet normal 0.624667 -0.635888 0.453253
    outer loop
      vertex 91.359297 41.750677 13.160964
      vertex 93.009082 44.079003 14.153762
      vertex 91.093730 42.197449 14.153762
    endloop
  endfacet
  facet normal -0.656761 0.613545 -0.438437
    outer loop
      vertex 90.719910 42.826339 13.477812
      vertex 88.634822 40.594381 13.477812
      vertex 88.241817 40.905232 14.501518
    endloop
  endfacet
  facet normal -0.656761 0.613545 -0.438437
    outer loop
      vertex 90.719910 42.826339 13.477812
      vertex 88.241817 40.905232 14.501518
      vertex 90.454164 43.273412 14.501518
    endloop
  endfacet
  facet normal 0.652894 -0.609932 0.449123
    outer loop
      vertex 89.580395 39.846472 13.160964
      vertex 91.359297 41.750677 13.160964
      vertex 91.093730 42.197449 14.153762
    endloop
  endfacet
  facet normal 0.652894 -0.609932 0.449123
    outer loop
      vertex 89.580395 39.846472 13.160964
      vertex 91.093730 42.197449 14.153762
      vertex 89.187654 40.157114 14.153762
    endloop
  endfacet
  facet normal -0.687421 0.578199 -0.439475
    outer loop
      vertex 88.634822 40.594381 13.477812
      vertex 86.688216 38.280063 13.477812
      vertex 86.176404 38.449664 14.501518
    endloop
  endfacet
  facet normal -0.687421 0.578199 -0.439475
    outer loop
      vertex 88.634822 40.594381 13.477812
      vertex 86.176404 38.449664 14.501518
      vertex 88.241817 40.905232 14.501518
    endloop
  endfacet
  facet normal 0.683354 -0.574779 0.450173
    outer loop
      vertex 87.919640 37.872002 13.160964
      vertex 89.580395 39.846472 13.160964
      vertex 89.187654 40.157114 14.153762
    endloop
  endfacet
  facet normal 0.683354 -0.574779 0.450173
    outer loop
      vertex 87.919640 37.872002 13.160964
      vertex 89.187654 40.157114 14.153762
      vertex 87.408172 38.041489 14.153762
    endloop
  endfacet
  facet normal -0.704934 0.553058 -0.444066
    outer loop
      vertex 86.688216 38.280063 13.477812
      vertex 84.914174 36.018851 13.477812
      vertex 84.294087 36.050444 14.501518
    endloop
  endfacet
  facet normal -0.704934 0.553058 -0.444066
    outer loop
      vertex 86.688216 38.280063 13.477812
      vertex 84.294087 36.050444 14.501518
      vertex 86.176404 38.449664 14.501518
    endloop
  endfacet
  facet normal 0.700677 -0.549719 0.454820
    outer loop
      vertex 86.406108 35.942839 13.160964
      vertex 87.919640 37.872002 13.160964
      vertex 87.408172 38.041489 14.153762
    endloop
  endfacet
  facet normal 0.700677 -0.549719 0.454820
    outer loop
      vertex 86.406108 35.942839 13.160964
      vertex 87.408172 38.041489 14.153762
      vertex 85.786438 35.974411 14.153762
    endloop
  endfacet
  facet normal -0.709912 0.544410 -0.446814
    outer loop
      vertex 84.914174 36.018851 13.477812
      vertex 83.267653 33.871786 13.477812
      vertex 82.547073 33.772337 14.501518
    endloop
  endfacet
  facet normal -0.709912 0.544410 -0.446814
    outer loop
      vertex 84.914174 36.018851 13.477812
      vertex 82.547073 33.772337 14.501518
      vertex 84.294087 36.050444 14.501518
    endloop
  endfacet
  facet normal 0.705572 -0.541082 0.457600
    outer loop
      vertex 85.001372 34.111062 13.160964
      vertex 86.406108 35.942839 13.160964
      vertex 85.786438 35.974411 14.153762
    endloop
  endfacet
  facet normal 0.705572 -0.541082 0.457600
    outer loop
      vertex 85.001372 34.111062 13.160964
      vertex 85.786438 35.974411 14.153762
      vertex 84.281277 34.011680 14.153762
    endloop
  endfacet
  facet normal -0.530511 -0.737421 -0.418053
    outer loop
      vertex 82.547073 33.772337 14.501518
      vertex 84.927357 32.059930 14.501518
      vertex 84.381556 31.874820 15.520666
    endloop
  endfacet
  facet normal -0.530511 -0.737421 -0.418053
    outer loop
      vertex 82.547073 33.772337 14.501518
      vertex 84.381556 31.874820 15.520666
      vertex 81.873235 33.679339 15.520666
    endloop
  endfacet
  facet normal 0.527970 0.733890 0.427378
    outer loop
      vertex 86.332040 32.536334 14.153762
      vertex 84.281277 34.011680 14.153762
      vertex 83.608227 33.918790 15.144737
    endloop
  endfacet
  facet normal 0.527970 0.733890 0.427378
    outer loop
      vertex 86.332040 32.536334 14.153762
      vertex 83.608227 33.918790 15.144737
      vertex 85.786878 32.351440 15.144737
    endloop
  endfacet
  facet normal -0.523643 -0.743734 -0.415521
    outer loop
      vertex 84.927357 32.059930 14.501518
      vertex 87.480577 30.262277 14.501518
      vertex 87.072116 29.980469 15.520666
    endloop
  endfacet
  facet normal -0.523643 -0.743734 -0.415521
    outer loop
      vertex 84.927357 32.059930 14.501518
      vertex 87.072116 29.980469 15.520666
      vertex 84.381556 31.874820 15.520666
    endloop
  endfacet
  facet normal 0.521165 0.740215 0.424815
    outer loop
      vertex 88.531799 30.987544 14.153762
      vertex 86.332040 32.536334 14.153762
      vertex 85.786878 32.351440 15.144737
    endloop
  endfacet
  facet normal 0.521165 0.740215 0.424815
    outer loop
      vertex 88.531799 30.987544 14.153762
      vertex 85.786878 32.351440 15.144737
      vertex 88.123816 30.706065 15.144737
    endloop
  endfacet
  facet normal -0.498569 -0.763288 -0.410879
    outer loop
      vertex 87.480577 30.262277 14.501518
      vertex 90.239468 28.460209 14.501518
      vertex 89.979411 28.081466 15.520666
    endloop
  endfacet
  facet normal -0.498569 -0.763288 -0.410879
    outer loop
      vertex 87.480577 30.262277 14.501518
      vertex 89.979411 28.081466 15.520666
      vertex 87.072116 29.980469 15.520666
    endloop
  endfacet
  facet normal 0.496262 0.759756 0.420113
    outer loop
      vertex 90.908756 29.434949 14.153762
      vertex 88.531799 30.987544 14.153762
      vertex 88.123816 30.706065 15.144737
    endloop
  endfacet
  facet normal 0.496262 0.759756 0.420113
    outer loop
      vertex 90.908756 29.434949 14.153762
      vertex 88.123816 30.706065 15.144737
      vertex 90.649003 29.056650 15.144737
    endloop
  endfacet
  facet normal -0.456553 -0.789623 -0.409945
    outer loop
      vertex 90.239468 28.460209 14.501518
      vertex 93.119333 26.795099 14.501518
      vertex 93.014186 26.326788 15.520666
    endloop
  endfacet
  facet normal -0.456553 -0.789623 -0.409945
    outer loop
      vertex 90.239468 28.460209 14.501518
      vertex 93.014186 26.326788 15.520666
      vertex 89.979411 28.081466 15.520666
    endloop
  endfacet
  facet normal 0.454450 0.785987 0.419166
    outer loop
      vertex 93.389939 28.000353 14.153762
      vertex 90.908756 29.434949 14.153762
      vertex 90.649003 29.056650 15.144737
    endloop
  endfacet
  facet normal 0.454450 0.785987 0.419166
    outer loop
      vertex 93.389939 28.000353 14.153762
      vertex 90.649003 29.056650 15.144737
      vertex 93.284916 27.532590 15.144737
    endloop
  endfacet
  facet normal -0.420988 -0.806954 -0.414239
    outer loop
      vertex 93.119333 26.795099 14.501518
      vertex 95.943963 25.321488 14.501518
      vertex 95.990757 24.773910 15.520666
    endloop
  endfacet
  facet normal -0.420988 -0.806954 -0.414239
    outer loop
      vertex 93.119333 26.795099 14.501518
      vertex 95.990757 24.773910 15.520666
      vertex 93.014186 26.326788 15.520666
    endloop
  endfacet
  facet normal 0.419009 0.803160 0.423516
    outer loop
      vertex 95.823535 26.730744 14.153762
      vertex 93.389939 28.000353 14.153762
      vertex 93.284916 27.532590 15.144737
    endloop
  endfacet
  facet normal 0.419009 0.803160 0.423516
    outer loop
      vertex 95.823535 26.730744 14.153762
      vertex 93.284916 27.532590 15.144737
      vertex 95.870274 26.183807 15.144737
    endloop
  endfacet
  facet normal -0.406369 -0.812537 -0.417910
    outer loop
      vertex 95.943963 25.321488 14.501518
      vertex 98.619141 23.983568 14.501518
      vertex 98.809835 23.364022 15.520666
    endloop
  endfacet
  facet normal -0.406369 -0.812537 -0.417910
    outer loop
      vertex 95.943963 25.321488 14.501518
      vertex 98.809835 23.364022 15.520666
      vertex 95.990757 24.773910 15.520666
    endloop
  endfacet
  facet normal 0.404424 0.808649 0.427234
    outer loop
      vertex 98.128368 25.578043 14.153762
      vertex 95.823535 26.730744 14.153762
      vertex 95.870274 26.183807 15.144737
    endloop
  endfacet
  facet normal 0.404424 0.808649 0.427234
    outer loop
      vertex 98.128368 25.578043 14.153762
      vertex 95.870274 26.183807 15.144737
      vertex 98.318839 24.959222 15.144737
    endloop
  endfacet
  facet normal -0.406100 -0.812619 -0.418010
    outer loop
      vertex 98.619141 23.983568 14.501518
      vertex 101.145176 22.721201 14.501518
      vertex 101.471747 22.033751 15.520666
    endloop
  endfacet
  facet normal -0.406100 -0.812619 -0.418010
    outer loop
      vertex 98.619141 23.983568 14.501518
      vertex 101.471747 22.033751 15.520666
      vertex 98.809835 23.364022 15.520666
    endloop
  endfacet
  facet normal 0.404156 0.808729 0.427335
    outer loop
      vertex 100.304704 24.490435 14.153762
      vertex 98.128368 25.578043 14.153762
      vertex 98.318839 24.959222 15.144737
    endloop
  endfacet
  facet normal 0.404156 0.808729 0.427335
    outer loop
      vertex 100.304704 24.490435 14.153762
      vertex 98.318839 24.959222 15.144737
      vertex 100.630894 23.803790 15.144737
    endloop
  endfacet
  facet normal -0.411433 -0.811276 -0.415396
    outer loop
      vertex 101.145176 22.721201 14.501518
      vertex 103.549574 21.501829 14.501518
      vertex 104.005480 20.748788 15.520666
    endloop
  endfacet
  facet normal -0.411433 -0.811276 -0.415396
    outer loop
      vertex 101.145176 22.721201 14.501518
      vertex 104.005480 20.748788 15.520666
      vertex 101.471747 22.033751 15.520666
    endloop
  endfacet
  facet normal 0.409487 0.807441 0.424688
    outer loop
      vertex 102.376244 23.439870 14.153762
      vertex 100.304704 24.490435 14.153762
      vertex 100.630894 23.803790 15.144737
    endloop
  endfacet
  facet normal 0.409487 0.807441 0.424688
    outer loop
      vertex 102.376244 23.439870 14.153762
      vertex 100.630894 23.803790 15.144737
      vertex 102.831617 22.687710 15.144737
    endloop
  endfacet
  facet normal 0.932201 0.089874 -0.350605
    outer loop
      vertex 103.549574 21.501829 14.501518
      vertex 103.227585 24.841602 14.501518
      vertex 103.666172 24.268210 15.520666
    endloop
  endfacet
  facet normal 0.932201 0.089874 -0.350605
    outer loop
      vertex 103.549574 21.501829 14.501518
      vertex 103.666172 24.268210 15.520666
      vertex 104.005480 20.748788 15.520666
    endloop
  endfacet
  facet normal -0.929055 -0.089571 0.358935
    outer loop
      vertex 102.098830 26.317293 14.153762
      vertex 102.376244 23.439870 14.153762
      vertex 102.831617 22.687710 15.144737
    endloop
  endfacet
  facet normal -0.929055 -0.089571 0.358935
    outer loop
      vertex 102.098830 26.317293 14.153762
      vertex 102.831617 22.687710 15.144737
      vertex 102.536904 25.744572 15.144737
    endloop
  endfacet
  facet normal 0.931099 0.079405 -0.356020
    outer loop
      vertex 103.227585 24.841602 14.501518
      vertex 102.925012 28.389551 14.501518
      vertex 103.347323 28.007007 15.520666
    endloop
  endfacet
  facet normal 0.931099 0.079405 -0.356020
    outer loop
      vertex 103.227585 24.841602 14.501518
      vertex 103.347323 28.007007 15.520666
      vertex 103.666172 24.268210 15.520666
    endloop
  endfacet
  facet normal -0.927859 -0.079129 0.364441
    outer loop
      vertex 101.838145 29.374073 14.153762
      vertex 102.098830 26.317293 14.153762
      vertex 102.536904 25.744572 15.144737
    endloop
  endfacet
  facet normal -0.927859 -0.079129 0.364441
    outer loop
      vertex 101.838145 29.374073 14.153762
      vertex 102.536904 25.744572 15.144737
      vertex 102.259962 28.991977 15.144737
    endloop
  endfacet
  facet normal 0.930949 0.076511 -0.357045
    outer loop
      vertex 102.925012 28.389551 14.501518
      vertex 102.607744 32.249930 14.501518
      vertex 103.012989 32.075040 15.520666
    endloop
  endfacet
  facet normal 0.930949 0.076511 -0.357045
    outer loop
      vertex 102.925012 28.389551 14.501518
      vertex 103.012989 32.075040 15.520666
      vertex 103.347323 28.007007 15.520666
    endloop
  endfacet
  facet normal -0.927691 -0.076243 0.365482
    outer loop
      vertex 101.564799 32.700031 14.153762
      vertex 101.838145 29.374073 14.153762
      vertex 102.259962 28.991977 15.144737
    endloop
  endfacet
  facet normal -0.927691 -0.076243 0.365482
    outer loop
      vertex 101.564799 32.700031 14.153762
      vertex 102.259962 28.991977 15.144737
      vertex 101.969569 32.525345 15.144737
    endloop
  endfacet
  facet normal 0.929901 0.110661 -0.350768
    outer loop
      vertex 102.607744 32.249930 14.501518
      vertex 102.106031 36.465922 14.501518
      vertex 102.484288 36.517814 15.520666
    endloop
  endfacet
  facet normal 0.929901 0.110661 -0.350768
    outer loop
      vertex 102.607744 32.249930 14.501518
      vertex 102.484288 36.517814 15.520666
      vertex 103.012989 32.075040 15.520666
    endloop
  endfacet
  facet normal -0.926760 -0.110287 0.359101
    outer loop
      vertex 101.132541 36.332371 14.153762
      vertex 101.564799 32.700031 14.153762
      vertex 101.969569 32.525345 15.144737
    endloop
  endfacet
  facet normal -0.926760 -0.110287 0.359101
    outer loop
      vertex 101.132541 36.332371 14.153762
      vertex 101.969569 32.525345 15.144737
      vertex 101.510356 36.384202 15.144737
    endloop
  endfacet
  facet normal 0.918387 0.184123 -0.350235
    outer loop
      vertex 102.106031 36.465922 14.501518
      vertex 101.267319 40.649328 14.501518
      vertex 101.600461 40.926250 15.520666
    endloop
  endfacet
  facet normal 0.918387 0.184123 -0.350235
    outer loop
      vertex 102.106031 36.465922 14.501518
      vertex 101.600461 40.926250 15.520666
      vertex 102.484288 36.517814 15.520666
    endloop
  endfacet
  facet normal -0.915294 -0.183503 0.358559
    outer loop
      vertex 100.409939 39.936637 14.153762
      vertex 101.132541 36.332371 14.153762
      vertex 101.510356 36.384202 15.144737
    endloop
  endfacet
  facet normal -0.915294 -0.183503 0.358559
    outer loop
      vertex 100.409939 39.936637 14.153762
      vertex 101.510356 36.384202 15.144737
      vertex 100.742691 40.213235 15.144737
    endloop
  endfacet
  facet normal 0.907673 0.221027 -0.356760
    outer loop
      vertex 101.267319 40.649328 14.501518
      vertex 100.343941 44.441290 14.501518
      vertex 100.627413 44.922185 15.520666
    endloop
  endfacet
  facet normal 0.907673 0.221027 -0.356760
    outer loop
      vertex 101.267319 40.649328 14.501518
      vertex 100.627413 44.922185 15.520666
      vertex 101.600461 40.926250 15.520666
    endloop
  endfacet
  facet normal -0.904501 -0.220255 0.365193
    outer loop
      vertex 99.614391 43.203649 14.153762
      vertex 100.409939 39.936637 14.153762
      vertex 100.742691 40.213235 15.144737
    endloop
  endfacet
  facet normal -0.904501 -0.220255 0.365193
    outer loop
      vertex 99.614391 43.203649 14.153762
      vertex 100.742691 40.213235 15.144737
      vertex 99.897531 43.683981 15.144737
    endloop
  endfacet
  facet normal 0.908172 0.219731 -0.356288
    outer loop
      vertex 100.343941 44.441290 14.501518
      vertex 99.501898 47.921537 14.501518
      vertex 99.740077 48.589639 15.520666
    endloop
  endfacet
  facet normal 0.908172 0.219731 -0.356288
    outer loop
      vertex 100.343941 44.441290 14.501518
      vertex 99.740077 48.589639 15.520666
      vertex 100.627413 44.922185 15.520666
    endloop
  endfacet
  facet normal -0.905008 -0.218966 0.364713
    outer loop
      vertex 98.888918 46.202100 14.153762
      vertex 99.614391 43.203649 14.153762
      vertex 99.897531 43.683981 15.144737
    endloop
  endfacet
  facet normal -0.905008 -0.218966 0.364713
    outer loop
      vertex 98.888918 46.202100 14.153762
      vertex 99.897531 43.683981 15.144737
      vertex 99.126818 46.869419 15.144737
    endloop
  endfacet
  facet normal 0.912447 0.210231 -0.351059
    outer loop
      vertex 99.501898 47.921537 14.501518
      vertex 98.745605 51.204004 14.501518
      vertex 98.943102 52.048672 15.520666
    endloop
  endfacet
  facet normal 0.912447 0.210231 -0.351059
    outer loop
      vertex 99.501898 47.921537 14.501518
      vertex 98.943102 52.048672 15.520666
      vertex 99.740077 48.589639 15.520666
    endloop
  endfacet
  facet normal -0.909360 -0.209520 0.359397
    outer loop
      vertex 98.237324 49.030150 14.153762
      vertex 98.888918 46.202100 14.153762
      vertex 99.126818 46.869419 15.144737
    endloop
  endfacet
  facet normal -0.909360 -0.209520 0.359397
    outer loop
      vertex 98.237324 49.030150 14.153762
      vertex 99.126818 46.869419 15.144737
      vertex 98.434590 49.873830 15.144737
    endloop
  endfacet
  facet normal -0.624941 0.656265 -0.422806
    outer loop
      vertex 98.745605 51.204004 14.501518
      vertex 96.827586 49.377531 14.501518
      vertex 96.921910 50.123952 15.520666
    endloop
  endfacet
  facet normal -0.624941 0.656265 -0.422806
    outer loop
      vertex 98.745605 51.204004 14.501518
      vertex 96.921910 50.123952 15.520666
      vertex 98.943102 52.048672 15.520666
    endloop
  endfacet
  facet normal 0.621881 -0.653051 0.432191
    outer loop
      vertex 96.584831 47.456529 14.153762
      vertex 98.237324 49.030150 14.153762
      vertex 98.434590 49.873830 15.144737
    endloop
  endfacet
  facet normal 0.621881 -0.653051 0.432191
    outer loop
      vertex 96.584831 47.456529 14.153762
      vertex 98.434590 49.873830 15.144737
      vertex 96.679045 48.202076 15.144737
    endloop
  endfacet
  facet normal -0.620959 0.658666 -0.424934
    outer loop
      vertex 96.827586 49.377531 14.501518
      vertex 94.809113 47.474610 14.501518
      vertex 94.794861 48.118670 15.520666
    endloop
  endfacet
  facet normal -0.620959 0.658666 -0.424934
    outer loop
      vertex 96.827586 49.377531 14.501518
      vertex 94.794861 48.118670 15.520666
      vertex 96.921910 50.123952 15.520666
    endloop
  endfacet
  facet normal 0.617888 -0.655408 0.434344
    outer loop
      vertex 94.845790 45.817044 14.153762
      vertex 96.584831 47.456529 14.153762
      vertex 96.679045 48.202076 15.144737
    endloop
  endfacet
  facet normal 0.617888 -0.655408 0.434344
    outer loop
      vertex 94.845790 45.817044 14.153762
      vertex 96.679045 48.202076 15.144737
      vertex 94.831555 46.460351 15.144737
    endloop
  endfacet
  facet normal -0.622375 0.657707 -0.424347
    outer loop
      vertex 94.809113 47.474610 14.501518
      vertex 92.677279 45.457297 14.501518
      vertex 92.548354 45.992844 15.520666
    endloop
  endfacet
  facet normal -0.622375 0.657707 -0.424347
    outer loop
      vertex 94.809113 47.474610 14.501518
      vertex 92.548354 45.992844 15.520666
      vertex 94.794861 48.118670 15.520666
    endloop
  endfacet
  facet normal 0.619305 -0.654463 0.433751
    outer loop
      vertex 93.009082 44.079003 14.153762
      vertex 94.845790 45.817044 14.153762
      vertex 94.831555 46.460351 15.144737
    endloop
  endfacet
  facet normal 0.619305 -0.654463 0.433751
    outer loop
      vertex 93.009082 44.079003 14.153762
      vertex 94.831555 46.460351 15.144737
      vertex 92.880308 44.613923 15.144737
    endloop
  endfacet
  facet normal -0.635804 0.647225 -0.420538
    outer loop
      vertex 92.677279 45.457297 14.501518
      vertex 90.454164 43.273412 14.501518
      vertex 90.205656 43.691486 15.520666
    endloop
  endfacet
  facet normal -0.635804 0.647225 -0.420538
    outer loop
      vertex 92.677279 45.457297 14.501518
      vertex 90.205656 43.691486 15.520666
      vertex 92.548354 45.992844 15.520666
    endloop
  endfacet
  facet normal 0.632724 -0.644089 0.429895
    outer loop
      vertex 91.093730 42.197449 14.153762
      vertex 93.009082 44.079003 14.153762
      vertex 92.880308 44.613923 15.144737
    endloop
  endfacet
  facet normal 0.632724 -0.644089 0.429895
    outer loop
      vertex 91.093730 42.197449 14.153762
      vertex 92.880308 44.613923 15.144737
      vertex 90.845512 42.615034 15.144737
    endloop
  endfacet
  facet normal -0.664318 0.620604 -0.416571
    outer loop
      vertex 90.454164 43.273412 14.501518
      vertex 88.241817 40.905232 14.501518
      vertex 87.874304 41.195919 15.520666
    endloop
  endfacet
  facet normal -0.664318 0.620604 -0.416571
    outer loop
      vertex 90.454164 43.273412 14.501518
      vertex 87.874304 41.195919 15.520666
      vertex 90.205656 43.691486 15.520666
    endloop
  endfacet
  facet normal 0.661160 -0.617654 0.425878
    outer loop
      vertex 89.187654 40.157114 14.153762
      vertex 91.093730 42.197449 14.153762
      vertex 90.845512 42.615034 15.144737
    endloop
  endfacet
  facet normal 0.661160 -0.617654 0.425878
    outer loop
      vertex 89.187654 40.157114 14.153762
      vertex 90.845512 42.615034 15.144737
      vertex 88.820572 40.447461 15.144737
    endloop
  endfacet
  facet normal -0.695369 0.584885 -0.417579
    outer loop
      vertex 88.241817 40.905232 14.501518
      vertex 86.176404 38.449664 14.501518
      vertex 85.697790 38.608264 15.520666
    endloop
  endfacet
  facet normal -0.695369 0.584885 -0.417579
    outer loop
      vertex 88.241817 40.905232 14.501518
      vertex 85.697790 38.608264 15.520666
      vertex 87.874304 41.195919 15.520666
    endloop
  endfacet
  facet normal 0.692046 -0.582090 0.426899
    outer loop
      vertex 87.408172 38.041489 14.153762
      vertex 89.187654 40.157114 14.153762
      vertex 88.820572 40.447461 15.144737
    endloop
  endfacet
  facet normal 0.692046 -0.582090 0.426899
    outer loop
      vertex 87.408172 38.041489 14.153762
      vertex 88.820572 40.447461 15.144737
      vertex 86.930118 38.199903 15.144737
    endloop
  endfacet
  facet normal -0.713259 0.559590 -0.422045
    outer loop
      vertex 86.176404 38.449664 14.501518
      vertex 84.294087 36.050444 14.501518
      vertex 83.714221 36.079987 15.520666
    endloop
  endfacet
  facet normal -0.713259 0.559590 -0.422045
    outer loop
      vertex 86.176404 38.449664 14.501518
      vertex 83.714221 36.079987 15.520666
      vertex 85.697790 38.608264 15.520666
    endloop
  endfacet
  facet normal 0.709778 -0.556859 0.431420
    outer loop
      vertex 85.786438 35.974411 14.153762
      vertex 87.408172 38.041489 14.153762
      vertex 86.930118 38.199903 15.144737
    endloop
  endfacet
  facet normal 0.709778 -0.556859 0.431420
    outer loop
      vertex 85.786438 35.974411 14.153762
      vertex 86.930118 38.199903 15.144737
      vertex 85.207252 36.003919 15.144737
    endloop
  endfacet
  facet normal -0.718401 0.550921 -0.424719
    outer loop
      vertex 84.294087 36.050444 14.501518
      vertex 82.547073 33.772337 14.501518
      vertex 81.873235 33.679339 15.520666
    endloop
  endfacet
  facet normal -0.718401 0.550921 -0.424719
    outer loop
      vertex 84.294087 36.050444 14.501518
      vertex 81.873235 33.679339 15.520666
      vertex 83.714221 36.079987 15.520666
    endloop
  endfacet
  facet normal 0.714851 -0.548198 0.434127
    outer loop
      vertex 84.281277 34.011680 14.153762
      vertex 85.786438 35.974411 14.153762
      vertex 85.207252 36.003919 15.144737
    endloop
  endfacet
  facet normal 0.714851 -0.548198 0.434127
    outer loop
      vertex 84.281277 34.011680 14.153762
      vertex 85.207252 36.003919 15.144737
      vertex 83.608227 33.918790 15.144737
    endloop
  endfacet
  facet normal -0.539450 -0.749848 -0.383042
    outer loop
      vertex 81.873235 33.679339 15.520666
      vertex 84.381556 31.874820 15.520666
      vertex 83.892544 31.708969 16.534029
    endloop
  endfacet
  facet normal -0.539450 -0.749848 -0.383042
    outer loop
      vertex 81.873235 33.679339 15.520666
      vertex 83.892544 31.708969 16.534029
      vertex 81.269506 33.596017 16.534029
    endloop
  endfacet
  facet normal 0.537351 0.746929 0.391600
    outer loop
      vertex 85.786878 32.351440 15.144737
      vertex 83.608227 33.918790 15.144737
      vertex 83.003702 33.835358 16.133398
    endloop
  endfacet
  facet normal 0.537351 0.746929 0.391600
    outer loop
      vertex 85.786878 32.351440 15.144737
      vertex 83.003702 33.835358 16.133398
      vertex 85.297221 32.185371 16.133398
    endloop
  endfacet
  facet normal -0.532358 -0.756112 -0.380645
    outer loop
      vertex 84.381556 31.874820 15.520666
      vertex 87.072116 29.980469 15.520666
      vertex 86.706155 29.727982 16.534029
    endloop
  endfacet
  facet normal -0.532358 -0.756112 -0.380645
    outer loop
      vertex 84.381556 31.874820 15.520666
      vertex 86.706155 29.727982 16.534029
      vertex 83.892544 31.708969 16.534029
    endloop
  endfacet
  facet normal 0.530311 0.753205 0.389168
    outer loop
      vertex 88.123816 30.706065 15.144737
      vertex 85.786878 32.351440 15.144737
      vertex 85.297221 32.185371 16.133398
    endloop
  endfacet
  facet normal 0.530311 0.753205 0.389168
    outer loop
      vertex 88.123816 30.706065 15.144737
      vertex 85.297221 32.185371 16.133398
      vertex 87.757372 30.453246 16.133398
    endloop
  endfacet
  facet normal -0.506677 -0.775702 -0.376251
    outer loop
      vertex 87.072116 29.980469 15.520666
      vertex 89.979411 28.081466 15.520666
      vertex 89.746412 27.742130 16.534029
    endloop
  endfacet
  facet normal -0.506677 -0.775702 -0.376251
    outer loop
      vertex 87.072116 29.980469 15.520666
      vertex 89.746412 27.742130 16.534029
      vertex 86.706155 29.727982 16.534029
    endloop
  endfacet
  facet normal 0.504774 0.772788 0.384710
    outer loop
      vertex 90.649003 29.056650 15.144737
      vertex 88.123816 30.706065 15.144737
      vertex 87.757372 30.453246 16.133398
    endloop
  endfacet
  facet normal 0.504774 0.772788 0.384710
    outer loop
      vertex 90.649003 29.056650 15.144737
      vertex 87.757372 30.453246 16.133398
      vertex 90.415696 28.716866 16.133398
    endloop
  endfacet
  facet normal -0.463943 -0.802406 -0.375368
    outer loop
      vertex 89.979411 28.081466 15.520666
      vertex 93.014186 26.326788 15.520666
      vertex 92.919980 25.907203 16.534029
    endloop
  endfacet
  facet normal -0.463943 -0.802406 -0.375368
    outer loop
      vertex 89.979411 28.081466 15.520666
      vertex 92.919980 25.907203 16.534029
      vertex 89.746412 27.742130 16.534029
    endloop
  endfacet
  facet normal 0.462209 0.799406 0.383814
    outer loop
      vertex 93.284916 27.532590 15.144737
      vertex 90.649003 29.056650 15.144737
      vertex 90.415696 28.716866 16.133398
    endloop
  endfacet
  facet normal 0.462209 0.799406 0.383814
    outer loop
      vertex 93.284916 27.532590 15.144737
      vertex 90.415696 28.716866 16.133398
      vertex 93.190585 27.112451 16.133398
    endloop
  endfacet
  facet normal -0.427951 -0.820299 -0.379431
    outer loop
      vertex 93.014186 26.326788 15.520666
      vertex 95.990757 24.773910 15.520666
      vertex 96.032681 24.283305 16.534029
    endloop
  endfacet
  facet normal -0.427951 -0.820299 -0.379431
    outer loop
      vertex 93.014186 26.326788 15.520666
      vertex 96.032681 24.283305 16.534029
      vertex 92.919980 25.907203 16.534029
    endloop
  endfacet
  facet normal 0.426316 0.817166 0.387936
    outer loop
      vertex 95.870274 26.183807 15.144737
      vertex 93.284916 27.532590 15.144737
      vertex 93.190585 27.112451 16.133398
    endloop
  endfacet
  facet normal 0.426316 0.817166 0.387936
    outer loop
      vertex 95.870274 26.183807 15.144737
      vertex 93.190585 27.112451 16.133398
      vertex 95.912254 25.692556 16.133398
    endloop
  endfacet
  facet normal -0.413212 -0.826219 -0.382907
    outer loop
      vertex 95.990757 24.773910 15.520666
      vertex 98.809835 23.364022 15.520666
      vertex 98.980688 22.808937 16.534029
    endloop
  endfacet
  facet normal -0.413212 -0.826219 -0.382907
    outer loop
      vertex 95.990757 24.773910 15.520666
      vertex 98.980688 22.808937 16.534029
      vertex 96.032681 24.283305 16.534029
    endloop
  endfacet
  facet normal 0.411605 0.823006 0.391463
    outer loop
      vertex 98.318839 24.959222 15.144737
      vertex 95.870274 26.183807 15.144737
      vertex 95.912254 25.692556 16.133398
    endloop
  endfacet
  facet normal 0.411605 0.823006 0.391463
    outer loop
      vertex 98.318839 24.959222 15.144737
      vertex 95.912254 25.692556 16.133398
      vertex 98.489917 24.403405 16.133398
    endloop
  endfacet
  facet normal -0.412942 -0.826310 -0.383002
    outer loop
      vertex 98.809835 23.364022 15.520666
      vertex 101.471747 22.033751 15.520666
      vertex 101.764341 21.417828 16.534029
    endloop
  endfacet
  facet normal -0.412942 -0.826310 -0.383002
    outer loop
      vertex 98.809835 23.364022 15.520666
      vertex 101.764341 21.417828 16.534029
      vertex 98.980688 22.808937 16.534029
    endloop
  endfacet
  facet normal 0.411335 0.823095 0.391559
    outer loop
      vertex 100.630894 23.803790 15.144737
      vertex 98.318839 24.959222 15.144737
      vertex 98.489917 24.403405 16.133398
    endloop
  endfacet
  facet normal 0.411335 0.823095 0.391559
    outer loop
      vertex 100.630894 23.803790 15.144737
      vertex 98.489917 24.403405 16.133398
      vertex 100.923873 23.187054 16.133398
    endloop
  endfacet
  facet normal -0.418276 -0.824770 -0.380526
    outer loop
      vertex 101.471747 22.033751 15.520666
      vertex 104.005480 20.748788 15.520666
      vertex 104.413952 20.074097 16.534029
    endloop
  endfacet
  facet normal -0.418276 -0.824770 -0.380526
    outer loop
      vertex 101.471747 22.033751 15.520666
      vertex 104.413952 20.074097 16.534029
      vertex 101.764341 21.417828 16.534029
    endloop
  endfacet
  facet normal 0.416669 0.821602 0.389047
    outer loop
      vertex 102.831617 22.687710 15.144737
      vertex 100.630894 23.803790 15.144737
      vertex 100.923873 23.187054 16.133398
    endloop
  endfacet
  facet normal 0.416669 0.821602 0.389047
    outer loop
      vertex 102.831617 22.687710 15.144737
      vertex 100.923873 23.187054 16.133398
      vertex 103.240627 22.012130 16.133398
    endloop
  endfacet
  facet normal 0.943167 0.090931 -0.319635
    outer loop
      vertex 104.005480 20.748788 15.520666
      vertex 103.666172 24.268210 15.520666
      vertex 104.059125 23.754478 16.534029
    endloop
  endfacet
  facet normal 0.943167 0.090931 -0.319635
    outer loop
      vertex 104.005480 20.748788 15.520666
      vertex 104.059125 23.754478 16.534029
      vertex 104.413952 20.074097 16.534029
    endloop
  endfacet
  facet normal -0.940607 -0.090684 0.327163
    outer loop
      vertex 102.536904 25.744572 15.144737
      vertex 102.831617 22.687710 15.144737
      vertex 103.240627 22.012130 16.133398
    endloop
  endfacet
  facet normal -0.940607 -0.090684 0.327163
    outer loop
      vertex 102.536904 25.744572 15.144737
      vertex 103.240627 22.012130 16.133398
      vertex 102.930375 25.230162 16.133398
    endloop
  endfacet
  facet normal 0.942399 0.080369 -0.324692
    outer loop
      vertex 103.666172 24.268210 15.520666
      vertex 103.347323 28.007007 15.520666
      vertex 103.725695 27.664265 16.534029
    endloop
  endfacet
  facet normal 0.942399 0.080369 -0.324692
    outer loop
      vertex 103.666172 24.268210 15.520666
      vertex 103.725695 27.664265 16.534029
      vertex 104.059125 23.754478 16.534029
    endloop
  endfacet
  facet normal -0.939759 -0.080144 0.332310
    outer loop
      vertex 102.259962 28.991977 15.144737
      vertex 102.536904 25.744572 15.144737
      vertex 102.930375 25.230162 16.133398
    endloop
  endfacet
  facet normal -0.939759 -0.080144 0.332310
    outer loop
      vertex 102.259962 28.991977 15.144737
      vertex 102.930375 25.230162 16.133398
      vertex 102.638832 28.648783 16.133398
    endloop
  endfacet
  facet normal 0.942314 0.077445 -0.325649
    outer loop
      vertex 103.347323 28.007007 15.520666
      vertex 103.012989 32.075040 15.520666
      vertex 103.376070 31.918346 16.534029
    endloop
  endfacet
  facet normal 0.942314 0.077445 -0.325649
    outer loop
      vertex 103.347323 28.007007 15.520666
      vertex 103.376070 31.918346 16.534029
      vertex 103.725695 27.664265 16.534029
    endloop
  endfacet
  facet normal -0.939658 -0.077227 0.333284
    outer loop
      vertex 101.969569 32.525345 15.144737
      vertex 102.259962 28.991977 15.144737
      vertex 102.638832 28.648783 16.133398
    endloop
  endfacet
  facet normal -0.939658 -0.077227 0.333284
    outer loop
      vertex 101.969569 32.525345 15.144737
      vertex 102.638832 28.648783 16.133398
      vertex 102.333129 32.368445 16.133398
    endloop
  endfacet
  facet normal 0.940851 0.111964 -0.319788
    outer loop
      vertex 103.012989 32.075040 15.520666
      vertex 102.484288 36.517814 15.520666
      vertex 102.823189 36.564307 16.534029
    endloop
  endfacet
  facet normal 0.940851 0.111964 -0.319788
    outer loop
      vertex 103.012989 32.075040 15.520666
      vertex 102.823189 36.564307 16.534029
      vertex 103.376070 31.918346 16.534029
    endloop
  endfacet
  facet normal -0.938294 -0.111659 0.327318
    outer loop
      vertex 101.510356 36.384202 15.144737
      vertex 101.969569 32.525345 15.144737
      vertex 102.333129 32.368445 16.133398
    endloop
  endfacet
  facet normal -0.938294 -0.111659 0.327318
    outer loop
      vertex 101.510356 36.384202 15.144737
      vertex 102.333129 32.368445 16.133398
      vertex 101.849704 36.430757 16.133398
    endloop
  endfacet
  facet normal 0.929167 0.186284 -0.319290
    outer loop
      vertex 102.484288 36.517814 15.520666
      vertex 101.600461 40.926250 15.520666
      vertex 101.898941 41.174360 16.534029
    endloop
  endfacet
  facet normal 0.929167 0.186284 -0.319290
    outer loop
      vertex 102.484288 36.517814 15.520666
      vertex 101.898941 41.174360 16.534029
      vertex 102.823189 36.564307 16.534029
    endloop
  endfacet
  facet normal -0.926650 -0.185780 0.326811
    outer loop
      vertex 100.742691 40.213235 15.144737
      vertex 101.510356 36.384202 15.144737
      vertex 101.849704 36.430757 16.133398
    endloop
  endfacet
  facet normal -0.926650 -0.185780 0.326811
    outer loop
      vertex 100.742691 40.213235 15.144737
      vertex 101.849704 36.430757 16.133398
      vertex 101.041564 40.461671 16.133398
    endloop
  endfacet
  facet normal 0.918735 0.223721 -0.325383
    outer loop
      vertex 101.600461 40.926250 15.520666
      vertex 100.627413 44.922185 15.520666
      vertex 100.881392 45.353045 16.534029
    endloop
  endfacet
  facet normal 0.918735 0.223721 -0.325383
    outer loop
      vertex 101.600461 40.926250 15.520666
      vertex 100.881392 45.353045 16.534029
      vertex 101.898941 41.174360 16.534029
    endloop
  endfacet
  facet normal -0.916151 -0.223091 0.333013
    outer loop
      vertex 99.897531 43.683981 15.144737
      vertex 100.742691 40.213235 15.144737
      vertex 101.041564 40.461671 16.133398
    endloop
  endfacet
  facet normal -0.916151 -0.223091 0.333013
    outer loop
      vertex 99.897531 43.683981 15.144737
      vertex 101.041564 40.461671 16.133398
      vertex 100.151845 44.115410 16.133398
    endloop
  endfacet
  facet normal 0.919212 0.222402 -0.324942
    outer loop
      vertex 100.627413 44.922185 15.520666
      vertex 99.740077 48.589639 15.520666
      vertex 99.953473 49.188226 16.534029
    endloop
  endfacet
  facet normal 0.919212 0.222402 -0.324942
    outer loop
      vertex 100.627413 44.922185 15.520666
      vertex 99.953473 49.188226 16.534029
      vertex 100.881392 45.353045 16.534029
    endloop
  endfacet
  facet normal -0.916633 -0.221778 0.332564
    outer loop
      vertex 99.126818 46.869419 15.144737
      vertex 99.897531 43.683981 15.144737
      vertex 100.151845 44.115410 16.133398
    endloop
  endfacet
  facet normal -0.916633 -0.221778 0.332564
    outer loop
      vertex 99.126818 46.869419 15.144737
      vertex 100.151845 44.115410 16.133398
      vertex 99.340496 47.468796 16.133398
    endloop
  endfacet
  facet normal 0.923210 0.212711 -0.320059
    outer loop
      vertex 99.740077 48.589639 15.520666
      vertex 98.943102 52.048672 15.520666
      vertex 99.120049 52.805456 16.534029
    endloop
  endfacet
  facet normal 0.923210 0.212711 -0.320059
    outer loop
      vertex 99.740077 48.589639 15.520666
      vertex 99.120049 52.805456 16.534029
      vertex 99.953473 49.188226 16.534029
    endloop
  endfacet
  facet normal -0.920696 -0.212132 0.327595
    outer loop
      vertex 98.434590 49.873830 15.144737
      vertex 99.126818 46.869419 15.144737
      vertex 99.340496 47.468796 16.133398
    endloop
  endfacet
  facet normal -0.920696 -0.212132 0.327595
    outer loop
      vertex 98.434590 49.873830 15.144737
      vertex 99.340496 47.468796 16.133398
      vertex 98.611771 50.631612 16.133398
    endloop
  endfacet
  facet normal -0.635719 0.667583 -0.387548
    outer loop
      vertex 98.943102 52.048672 15.520666
      vertex 96.921910 50.123952 15.520666
      vertex 97.006420 50.792710 16.534029
    endloop
  endfacet
  facet normal -0.635719 0.667583 -0.387548
    outer loop
      vertex 98.943102 52.048672 15.520666
      vertex 97.006420 50.792710 16.534029
      vertex 99.120049 52.805456 16.534029
    endloop
  endfacet
  facet normal 0.633187 -0.664923 0.396171
    outer loop
      vertex 96.679045 48.202076 15.144737
      vertex 98.434590 49.873830 15.144737
      vertex 98.611771 50.631612 16.133398
    endloop
  endfacet
  facet normal 0.633187 -0.664923 0.396171
    outer loop
      vertex 96.679045 48.202076 15.144737
      vertex 98.611771 50.631612 16.133398
      vertex 96.763666 48.871717 16.133398
    endloop
  endfacet
  facet normal -0.631780 0.670143 -0.389567
    outer loop
      vertex 96.921910 50.123952 15.520666
      vertex 94.794861 48.118670 15.520666
      vertex 94.782093 48.695719 16.534029
    endloop
  endfacet
  facet normal -0.631780 0.670143 -0.389567
    outer loop
      vertex 96.921910 50.123952 15.520666
      vertex 94.782093 48.695719 16.534029
      vertex 97.006420 50.792710 16.534029
    endloop
  endfacet
  facet normal 0.629237 -0.667446 0.398217
    outer loop
      vertex 94.831555 46.460351 15.144737
      vertex 96.679045 48.202076 15.144737
      vertex 96.763666 48.871717 16.133398
    endloop
  endfacet
  facet normal 0.629237 -0.667446 0.398217
    outer loop
      vertex 94.831555 46.460351 15.144737
      vertex 96.763666 48.871717 16.133398
      vertex 94.818770 47.038160 16.133398
    endloop
  endfacet
  facet normal -0.633190 0.669135 -0.389010
    outer loop
      vertex 94.794861 48.118670 15.520666
      vertex 92.548354 45.992844 15.520666
      vertex 92.432844 46.472670 16.534029
    endloop
  endfacet
  facet normal -0.633190 0.669135 -0.389010
    outer loop
      vertex 94.794861 48.118670 15.520666
      vertex 92.432844 46.472670 16.534029
      vertex 94.782093 48.695719 16.534029
    endloop
  endfacet
  facet normal 0.630648 -0.666449 0.397653
    outer loop
      vertex 92.880308 44.613923 15.144737
      vertex 94.831555 46.460351 15.144737
      vertex 94.818770 47.038160 16.133398
    endloop
  endfacet
  facet normal 0.630648 -0.666449 0.397653
    outer loop
      vertex 92.880308 44.613923 15.144737
      vertex 94.818770 47.038160 16.133398
      vertex 92.764645 45.094382 16.133398
    endloop
  endfacet
  facet normal -0.646649 0.658265 -0.385398
    outer loop
      vertex 92.548354 45.992844 15.520666
      vertex 90.205656 43.691486 15.520666
      vertex 89.983004 44.066061 16.534029
    endloop
  endfacet
  facet normal -0.646649 0.658265 -0.385398
    outer loop
      vertex 92.548354 45.992844 15.520666
      vertex 89.983004 44.066061 16.534029
      vertex 92.432844 46.472670 16.534029
    endloop
  endfacet
  facet normal 0.644102 -0.655672 0.393989
    outer loop
      vertex 90.845512 42.615034 15.144737
      vertex 92.880308 44.613923 15.144737
      vertex 92.764645 45.094382 16.133398
    endloop
  endfacet
  facet normal 0.644102 -0.655672 0.393989
    outer loop
      vertex 90.845512 42.615034 15.144737
      vertex 92.764645 45.094382 16.133398
      vertex 90.622567 42.990103 16.133398
    endloop
  endfacet
  facet normal -0.675432 0.630987 -0.381638
    outer loop
      vertex 90.205656 43.691486 15.520666
      vertex 87.874304 41.195919 15.520666
      vertex 87.545029 41.456361 16.534029
    endloop
  endfacet
  facet normal -0.675432 0.630987 -0.381638
    outer loop
      vertex 90.205656 43.691486 15.520666
      vertex 87.545029 41.456361 16.534029
      vertex 89.983004 44.066061 16.534029
    endloop
  endfacet
  facet normal 0.672822 -0.628548 0.390176
    outer loop
      vertex 88.820572 40.447461 15.144737
      vertex 90.845512 42.615034 15.144737
      vertex 90.622567 42.990103 16.133398
    endloop
  endfacet
  facet normal 0.672822 -0.628548 0.390176
    outer loop
      vertex 88.820572 40.447461 15.144737
      vertex 90.622567 42.990103 16.133398
      vertex 88.490863 40.708247 16.133398
    endloop
  endfacet
  facet normal -0.707059 0.594718 -0.382594
    outer loop
      vertex 87.874304 41.195919 15.520666
      vertex 85.697790 38.608264 15.520666
      vertex 85.268975 38.750362 16.534029
    endloop
  endfacet
  facet normal -0.707059 0.594718 -0.382594
    outer loop
      vertex 87.874304 41.195919 15.520666
      vertex 85.268975 38.750362 16.534029
      vertex 87.545029 41.456361 16.534029
    endloop
  endfacet
  facet normal 0.704314 -0.592408 0.391145
    outer loop
      vertex 86.930118 38.199903 15.144737
      vertex 88.820572 40.447461 15.144737
      vertex 88.490863 40.708247 16.133398
    endloop
  endfacet
  facet normal 0.704314 -0.592408 0.391145
    outer loop
      vertex 86.930118 38.199903 15.144737
      vertex 88.490863 40.708247 16.133398
      vertex 86.500737 38.342189 16.133398
    endloop
  endfacet
  facet normal -0.725515 0.569205 -0.386826
    outer loop
      vertex 85.697790 38.608264 15.520666
      vertex 83.714221 36.079987 15.520666
      vertex 83.194689 36.106457 16.534029
    endloop
  endfacet
  facet normal -0.725515 0.569205 -0.386826
    outer loop
      vertex 85.697790 38.608264 15.520666
      vertex 83.194689 36.106457 16.534029
      vertex 85.268975 38.750362 16.534029
    endloop
  endfacet
  facet normal 0.722635 -0.566946 0.395438
    outer loop
      vertex 85.207252 36.003919 15.144737
      vertex 86.930118 38.199903 15.144737
      vertex 86.500737 38.342189 16.133398
    endloop
  endfacet
  facet normal 0.722635 -0.566946 0.395438
    outer loop
      vertex 85.207252 36.003919 15.144737
      vertex 86.500737 38.342189 16.133398
      vertex 84.687034 36.030424 16.133398
    endloop
  endfacet
  facet normal -0.730906 0.560511 -0.389363
    outer loop
      vertex 83.714221 36.079987 15.520666
      vertex 81.873235 33.679339 15.520666
      vertex 81.269506 33.596017 16.534029
    endloop
  endfacet
  facet normal -0.730906 0.560511 -0.389363
    outer loop
      vertex 83.714221 36.079987 15.520666
      vertex 81.269506 33.596017 16.534029
      vertex 83.194689 36.106457 16.534029
    endloop
  endfacet
  facet normal 0.727967 -0.558257 0.398011
    outer loop
      vertex 83.608227 33.918790 15.144737
      vertex 85.207252 36.003919 15.144737
      vertex 84.687034 36.030424 16.133398
    endloop
  endfacet
  facet normal 0.727967 -0.558257 0.398011
    outer loop
      vertex 83.608227 33.918790 15.144737
      vertex 84.687034 36.030424 16.133398
      vertex 83.003702 33.835358 16.133398
    endloop
  endfacet
  facet normal -0.550704 -0.765491 -0.332789
    outer loop
      vertex 81.269506 33.596017 16.534029
      vertex 83.892544 31.708969 16.534029
      vertex 83.479250 31.568799 17.540379
    endloop
  endfacet
  facet normal -0.550704 -0.765491 -0.332789
    outer loop
      vertex 81.269506 33.596017 16.534029
      vertex 83.479250 31.568799 17.540379
      vertex 80.759258 33.525596 17.540379
    endloop
  endfacet
  facet normal 0.549558 0.763897 0.338300
    outer loop
      vertex 85.297221 32.185371 16.133398
      vertex 83.003702 33.835358 16.133398
      vertex 82.494508 33.765083 17.119253
    endloop
  endfacet
  facet normal 0.549558 0.763897 0.338300
    outer loop
      vertex 85.297221 32.185371 16.133398
      vertex 82.494508 33.765083 17.119253
      vertex 84.884780 32.045490 17.119253
    endloop
  endfacet
  facet normal -0.543321 -0.771682 -0.330619
    outer loop
      vertex 83.892544 31.708969 16.534029
      vertex 86.706155 29.727982 16.534029
      vertex 86.396858 29.514590 17.540379
    endloop
  endfacet
  facet normal -0.543321 -0.771682 -0.330619
    outer loop
      vertex 83.892544 31.708969 16.534029
      vertex 86.396858 29.514590 17.540379
      vertex 83.479250 31.568799 17.540379
    endloop
  endfacet
  facet normal 0.542204 0.770097 0.336103
    outer loop
      vertex 87.757372 30.453246 16.133398
      vertex 85.297221 32.185371 16.133398
      vertex 84.884780 32.045490 17.119253
    endloop
  endfacet
  facet normal 0.542204 0.770097 0.336103
    outer loop
      vertex 87.757372 30.453246 16.133398
      vertex 84.884780 32.045490 17.119253
      vertex 87.448713 30.240294 17.119253
    endloop
  endfacet
  facet normal -0.516865 -0.791298 -0.326647
    outer loop
      vertex 86.706155 29.727982 16.534029
      vertex 89.746412 27.742130 16.534029
      vertex 89.549490 27.455336 17.540379
    endloop
  endfacet
  facet normal -0.516865 -0.791298 -0.326647
    outer loop
      vertex 86.706155 29.727982 16.534029
      vertex 89.549490 27.455336 17.540379
      vertex 86.396858 29.514590 17.540379
    endloop
  endfacet
  facet normal 0.515828 0.789711 0.332082
    outer loop
      vertex 90.415696 28.716866 16.133398
      vertex 87.757372 30.453246 16.133398
      vertex 87.448713 30.240294 17.119253
    endloop
  endfacet
  facet normal 0.515828 0.789711 0.332082
    outer loop
      vertex 90.415696 28.716866 16.133398
      vertex 87.448713 30.240294 17.119253
      vertex 90.219181 28.430664 17.119253
    endloop
  endfacet
  facet normal -0.473227 -0.818461 -0.325849
    outer loop
      vertex 89.746412 27.742130 16.534029
      vertex 92.919980 25.907203 16.534029
      vertex 92.840361 25.552586 17.540379
    endloop
  endfacet
  facet normal -0.473227 -0.818461 -0.325849
    outer loop
      vertex 89.746412 27.742130 16.534029
      vertex 92.840361 25.552586 17.540379
      vertex 89.549490 27.455336 17.540379
    endloop
  endfacet
  facet normal 0.472282 0.816828 0.331274
    outer loop
      vertex 93.190585 27.112451 16.133398
      vertex 90.415696 28.716866 16.133398
      vertex 90.219181 28.430664 17.119253
    endloop
  endfacet
  facet normal 0.472282 0.816828 0.331274
    outer loop
      vertex 93.190585 27.112451 16.133398
      vertex 90.219181 28.430664 17.119253
      vertex 93.111130 26.758566 17.119253
    endloop
  endfacet
  facet normal -0.436706 -0.837081 -0.329521
    outer loop
      vertex 92.919980 25.907203 16.534029
      vertex 96.032681 24.283305 16.534029
      vertex 96.068115 23.868665 17.540379
    endloop
  endfacet
  facet normal -0.436706 -0.837081 -0.329521
    outer loop
      vertex 92.919980 25.907203 16.534029
      vertex 96.068115 23.868665 17.540379
      vertex 92.840361 25.552586 17.540379
    endloop
  endfacet
  facet normal 0.435814 0.835372 0.334992
    outer loop
      vertex 95.912254 25.692556 16.133398
      vertex 93.190585 27.112451 16.133398
      vertex 93.111130 26.758566 17.119253
    endloop
  endfacet
  facet normal 0.435814 0.835372 0.334992
    outer loop
      vertex 95.912254 25.692556 16.133398
      vertex 93.111130 26.758566 17.119253
      vertex 95.947614 25.278771 17.119253
    endloop
  endfacet
  facet normal -0.421826 -0.843443 -0.332666
    outer loop
      vertex 96.032681 24.283305 16.534029
      vertex 98.980688 22.808937 16.534029
      vertex 99.125087 22.339801 17.540379
    endloop
  endfacet
  facet normal -0.421826 -0.843443 -0.332666
    outer loop
      vertex 96.032681 24.283305 16.534029
      vertex 99.125087 22.339801 17.540379
      vertex 96.068115 23.868665 17.540379
    endloop
  endfacet
  facet normal 0.420948 0.841689 0.338176
    outer loop
      vertex 98.489917 24.403405 16.133398
      vertex 95.912254 25.692556 16.133398
      vertex 95.947614 25.278771 17.119253
    endloop
  endfacet
  facet normal 0.420948 0.841689 0.338176
    outer loop
      vertex 98.489917 24.403405 16.133398
      vertex 95.947614 25.278771 17.119253
      vertex 98.634017 23.935238 17.119253
    endloop
  endfacet
  facet normal -0.421555 -0.843544 -0.332752
    outer loop
      vertex 98.980688 22.808937 16.534029
      vertex 101.764341 21.417828 16.534029
      vertex 102.011629 20.897273 17.540379
    endloop
  endfacet
  facet normal -0.421555 -0.843544 -0.332752
    outer loop
      vertex 98.980688 22.808937 16.534029
      vertex 102.011629 20.897273 17.540379
      vertex 99.125087 22.339801 17.540379
    endloop
  endfacet
  facet normal 0.420678 0.841789 0.338263
    outer loop
      vertex 100.923873 23.187054 16.133398
      vertex 98.489917 24.403405 16.133398
      vertex 98.634017 23.935238 17.119253
    endloop
  endfacet
  facet normal 0.420678 0.841789 0.338263
    outer loop
      vertex 100.923873 23.187054 16.133398
      vertex 98.634017 23.935238 17.119253
      vertex 101.170651 22.667574 17.119253
    endloop
  endfacet
  facet normal -0.426884 -0.841744 -0.330511
    outer loop
      vertex 101.764341 21.417828 16.534029
      vertex 104.413952 20.074097 16.534029
      vertex 104.759176 19.503875 17.540379
    endloop
  endfacet
  facet normal -0.426884 -0.841744 -0.330511
    outer loop
      vertex 101.764341 21.417828 16.534029
      vertex 104.759176 19.503875 17.540379
      vertex 102.011629 20.897273 17.540379
    endloop
  endfacet
  facet normal 0.426007 0.840015 0.335994
    outer loop
      vertex 103.240627 22.012130 16.133398
      vertex 100.923873 23.187054 16.133398
      vertex 101.170651 22.667574 17.119253
    endloop
  endfacet
  facet normal 0.426007 0.840015 0.335994
    outer loop
      vertex 103.240627 22.012130 16.133398
      vertex 101.170651 22.667574 17.119253
      vertex 103.585139 21.443085 17.119253
    endloop
  endfacet
  facet normal 0.956739 0.092240 -0.275940
    outer loop
      vertex 104.413952 20.074097 16.534029
      vertex 104.059125 23.754478 16.534029
      vertex 104.391234 23.320291 17.540379
    endloop
  endfacet
  facet normal 0.956739 0.092240 -0.275940
    outer loop
      vertex 104.413952 20.074097 16.534029
      vertex 104.391234 23.320291 17.540379
      vertex 104.759176 19.503875 17.540379
    endloop
  endfacet
  facet normal -0.955368 -0.092107 0.280692
    outer loop
      vertex 102.930375 25.230162 16.133398
      vertex 103.240627 22.012130 16.133398
      vertex 103.585139 21.443085 17.119253
    endloop
  endfacet
  facet normal -0.955368 -0.092107 0.280692
    outer loop
      vertex 102.930375 25.230162 16.133398
      vertex 103.585139 21.443085 17.119253
      vertex 103.261799 24.796872 17.119253
    endloop
  endfacet
  facet normal 0.956401 0.081563 -0.280435
    outer loop
      vertex 104.059125 23.754478 16.534029
      vertex 103.725695 27.664265 16.534029
      vertex 104.045479 27.374593 17.540379
    endloop
  endfacet
  facet normal 0.956401 0.081563 -0.280435
    outer loop
      vertex 104.059125 23.754478 16.534029
      vertex 104.045479 27.374593 17.540379
      vertex 104.391234 23.320291 17.540379
    endloop
  endfacet
  facet normal -0.954986 -0.081442 0.285251
    outer loop
      vertex 102.638832 28.648783 16.133398
      vertex 102.930375 25.230162 16.133398
      vertex 103.261799 24.796872 17.119253
    endloop
  endfacet
  facet normal -0.954986 -0.081442 0.285251
    outer loop
      vertex 102.638832 28.648783 16.133398
      vertex 103.261799 24.796872 17.119253
      vertex 102.957956 28.359709 17.119253
    endloop
  endfacet
  facet normal 0.956399 0.078602 -0.281287
    outer loop
      vertex 103.725695 27.664265 16.534029
      vertex 103.376070 31.918346 16.534029
      vertex 103.682931 31.785915 17.540379
    endloop
  endfacet
  facet normal 0.956399 0.078602 -0.281287
    outer loop
      vertex 103.725695 27.664265 16.534029
      vertex 103.682931 31.785915 17.540379
      vertex 104.045479 27.374593 17.540379
    endloop
  endfacet
  facet normal -0.954976 -0.078485 0.286115
    outer loop
      vertex 102.333129 32.368445 16.133398
      vertex 102.638832 28.648783 16.133398
      vertex 102.957956 28.359709 17.119253
    endloop
  endfacet
  facet normal -0.954976 -0.078485 0.286115
    outer loop
      vertex 102.333129 32.368445 16.133398
      vertex 102.957956 28.359709 17.119253
      vertex 102.639357 32.236287 17.119253
    endloop
  endfacet
  facet normal 0.954402 0.113576 -0.276075
    outer loop
      vertex 103.376070 31.918346 16.534029
      vertex 102.823189 36.564307 16.534029
      vertex 103.109615 36.603601 17.540379
    endloop
  endfacet
  facet normal 0.954402 0.113576 -0.276075
    outer loop
      vertex 103.376070 31.918346 16.534029
      vertex 103.109615 36.603601 17.540379
      vertex 103.682931 31.785915 17.540379
    endloop
  endfacet
  facet normal -0.953033 -0.113413 0.280829
    outer loop
      vertex 101.849704 36.430757 16.133398
      vertex 102.333129 32.368445 16.133398
      vertex 102.639357 32.236287 17.119253
    endloop
  endfacet
  facet normal -0.953033 -0.113413 0.280829
    outer loop
      vertex 101.849704 36.430757 16.133398
      vertex 102.639357 32.236287 17.119253
      vertex 102.135538 36.469970 17.119253
    endloop
  endfacet
  facet normal 0.942508 0.188959 -0.275633
    outer loop
      vertex 102.823189 36.564307 16.534029
      vertex 101.898941 41.174360 16.534029
      vertex 102.151205 41.384052 17.540379
    endloop
  endfacet
  facet normal 0.942508 0.188959 -0.275633
    outer loop
      vertex 102.823189 36.564307 16.534029
      vertex 102.151205 41.384052 17.540379
      vertex 103.109615 36.603601 17.540379
    endloop
  endfacet
  facet normal -0.941160 -0.188689 0.280381
    outer loop
      vertex 101.041564 40.461671 16.133398
      vertex 101.849704 36.430757 16.133398
      vertex 102.135538 36.469970 17.119253
    endloop
  endfacet
  facet normal -0.941160 -0.188689 0.280381
    outer loop
      vertex 101.041564 40.461671 16.133398
      vertex 102.135538 36.469970 17.119253
      vertex 101.293307 40.670931 17.119253
    endloop
  endfacet
  facet normal 0.932446 0.227059 -0.281050
    outer loop
      vertex 101.898941 41.174360 16.534029
      vertex 100.881392 45.353045 16.534029
      vertex 101.096044 45.717191 17.540379
    endloop
  endfacet
  facet normal 0.932446 0.227059 -0.281050
    outer loop
      vertex 101.898941 41.174360 16.534029
      vertex 101.096044 45.717191 17.540379
      vertex 102.151205 41.384052 17.540379
    endloop
  endfacet
  facet normal -0.931060 -0.226722 0.285875
    outer loop
      vertex 100.151845 44.115410 16.133398
      vertex 101.041564 40.461671 16.133398
      vertex 101.293307 40.670931 17.119253
    endloop
  endfacet
  facet normal -0.931060 -0.226722 0.285875
    outer loop
      vertex 100.151845 44.115410 16.133398
      vertex 101.293307 40.670931 17.119253
      vertex 100.366054 44.478804 17.119253
    endloop
  endfacet
  facet normal 0.932891 0.225712 -0.280658
    outer loop
      vertex 100.881392 45.353045 16.534029
      vertex 99.953473 49.188226 16.534029
      vertex 100.133828 49.694130 17.540379
    endloop
  endfacet
  facet normal 0.932891 0.225712 -0.280658
    outer loop
      vertex 100.881392 45.353045 16.534029
      vertex 100.133828 49.694130 17.540379
      vertex 101.096044 45.717191 17.540379
    endloop
  endfacet
  facet normal -0.931508 -0.225378 0.285477
    outer loop
      vertex 99.340496 47.468796 16.133398
      vertex 100.151845 44.115410 16.133398
      vertex 100.366054 44.478804 17.119253
    endloop
  endfacet
  facet normal -0.931508 -0.225378 0.285477
    outer loop
      vertex 99.340496 47.468796 16.133398
      vertex 100.366054 44.478804 17.119253
      vertex 99.520478 47.973655 17.119253
    endloop
  endfacet
  facet normal 0.936530 0.215780 -0.276317
    outer loop
      vertex 99.953473 49.188226 16.534029
      vertex 99.120049 52.805456 16.534029
      vertex 99.269599 53.445061 17.540379
    endloop
  endfacet
  facet normal 0.936530 0.215780 -0.276317
    outer loop
      vertex 99.953473 49.188226 16.534029
      vertex 99.269599 53.445061 17.540379
      vertex 100.133828 49.694130 17.540379
    endloop
  endfacet
  facet normal -0.935184 -0.215470 0.281074
    outer loop
      vertex 98.611771 50.631612 16.133398
      vertex 99.340496 47.468796 16.133398
      vertex 99.520478 47.973655 17.119253
    endloop
  endfacet
  facet normal -0.935184 -0.215470 0.281074
    outer loop
      vertex 98.611771 50.631612 16.133398
      vertex 99.520478 47.973655 17.119253
      vertex 98.761012 51.269896 17.119253
    endloop
  endfacet
  facet normal -0.649306 0.681850 -0.336872
    outer loop
      vertex 99.120049 52.805456 16.534029
      vertex 97.006420 50.792710 16.534029
      vertex 97.077845 51.357919 17.540379
    endloop
  endfacet
  facet normal -0.649306 0.681850 -0.336872
    outer loop
      vertex 99.120049 52.805456 16.534029
      vertex 97.077845 51.357919 17.540379
      vertex 99.269599 53.445061 17.540379
    endloop
  endfacet
  facet normal 0.647921 -0.680396 0.342433
    outer loop
      vertex 96.763666 48.871717 16.133398
      vertex 98.611771 50.631612 16.133398
      vertex 98.761012 51.269896 17.119253
    endloop
  endfacet
  facet normal 0.647921 -0.680396 0.342433
    outer loop
      vertex 96.763666 48.871717 16.133398
      vertex 98.761012 51.269896 17.119253
      vertex 96.834944 49.435759 17.119253
    endloop
  endfacet
  facet normal -0.645427 0.684620 -0.338703
    outer loop
      vertex 97.006420 50.792710 16.534029
      vertex 94.782093 48.695719 16.534029
      vertex 94.771301 49.183418 17.540379
    endloop
  endfacet
  facet normal -0.645427 0.684620 -0.338703
    outer loop
      vertex 97.006420 50.792710 16.534029
      vertex 94.771301 49.183418 17.540379
      vertex 97.077845 51.357919 17.540379
    endloop
  endfacet
  facet normal 0.644036 -0.683144 0.344286
    outer loop
      vertex 94.818770 47.038160 16.133398
      vertex 96.763666 48.871717 16.133398
      vertex 96.834944 49.435759 17.119253
    endloop
  endfacet
  facet normal 0.644036 -0.683144 0.344286
    outer loop
      vertex 94.818770 47.038160 16.133398
      vertex 96.834944 49.435759 17.119253
      vertex 94.808001 47.524853 17.119253
    endloop
  endfacet
  facet normal -0.646827 0.683547 -0.338198
    outer loop
      vertex 94.782093 48.695719 16.534029
      vertex 92.432844 46.472670 16.534029
      vertex 92.335218 46.878200 17.540379
    endloop
  endfacet
  facet normal -0.646827 0.683547 -0.338198
    outer loop
      vertex 94.782093 48.695719 16.534029
      vertex 92.335218 46.878200 17.540379
      vertex 94.771301 49.183418 17.540379
    endloop
  endfacet
  facet normal 0.645437 -0.682078 0.343775
    outer loop
      vertex 92.764645 45.094382 16.133398
      vertex 94.818770 47.038160 16.133398
      vertex 94.808001 47.524853 17.119253
    endloop
  endfacet
  facet normal 0.645437 -0.682078 0.343775
    outer loop
      vertex 92.764645 45.094382 16.133398
      vertex 94.808001 47.524853 17.119253
      vertex 92.667222 45.499075 17.119253
    endloop
  endfacet
  facet normal -0.660311 0.672173 -0.334922
    outer loop
      vertex 92.432844 46.472670 16.534029
      vertex 89.983004 44.066061 16.534029
      vertex 89.794827 44.382638 17.540379
    endloop
  endfacet
  facet normal -0.660311 0.672173 -0.334922
    outer loop
      vertex 92.432844 46.472670 16.534029
      vertex 89.794827 44.382638 17.540379
      vertex 92.335218 46.878200 17.540379
    endloop
  endfacet
  facet normal 0.658919 -0.670755 0.340460
    outer loop
      vertex 90.622567 42.990103 16.133398
      vertex 92.764645 45.094382 16.133398
      vertex 92.667222 45.499075 17.119253
    endloop
  endfacet
  facet normal 0.658919 -0.670755 0.340460
    outer loop
      vertex 90.622567 42.990103 16.133398
      vertex 92.667222 45.499075 17.119253
      vertex 90.434778 43.306026 17.119253
    endloop
  endfacet
  facet normal -0.689416 0.644051 -0.331518
    outer loop
      vertex 89.983004 44.066061 16.534029
      vertex 87.545029 41.456361 16.534029
      vertex 87.266739 41.676477 17.540379
    endloop
  endfacet
  facet normal -0.689416 0.644051 -0.331518
    outer loop
      vertex 89.983004 44.066061 16.534029
      vertex 87.266739 41.676477 17.540379
      vertex 89.794827 44.382638 17.540379
    endloop
  endfacet
  facet normal 0.687992 -0.642720 0.337014
    outer loop
      vertex 88.490863 40.708247 16.133398
      vertex 90.622567 42.990103 16.133398
      vertex 90.434778 43.306026 17.119253
    endloop
  endfacet
  facet normal 0.687992 -0.642720 0.337014
    outer loop
      vertex 88.490863 40.708247 16.133398
      vertex 90.434778 43.306026 17.119253
      vertex 88.213147 40.927908 17.119253
    endloop
  endfacet
  facet normal -0.721774 0.607095 -0.332383
    outer loop
      vertex 87.545029 41.456361 16.534029
      vertex 85.268975 38.750362 16.534029
      vertex 84.906556 38.870458 17.540379
    endloop
  endfacet
  facet normal -0.721774 0.607095 -0.332383
    outer loop
      vertex 87.545029 41.456361 16.534029
      vertex 84.906556 38.870458 17.540379
      vertex 87.266739 41.676477 17.540379
    endloop
  endfacet
  facet normal 0.720275 -0.605834 0.337889
    outer loop
      vertex 86.500737 38.342189 16.133398
      vertex 88.490863 40.708247 16.133398
      vertex 88.213147 40.927908 17.119253
    endloop
  endfacet
  facet normal 0.720275 -0.605834 0.337889
    outer loop
      vertex 86.500737 38.342189 16.133398
      vertex 88.213147 40.927908 17.119253
      vertex 86.139067 38.462037 17.119253
    endloop
  endfacet
  facet normal -0.740960 0.581323 -0.336217
    outer loop
      vertex 85.268975 38.750362 16.534029
      vertex 83.194689 36.106457 16.534029
      vertex 82.755600 36.128827 17.540379
    endloop
  endfacet
  facet normal -0.740960 0.581323 -0.336217
    outer loop
      vertex 85.268975 38.750362 16.534029
      vertex 82.755600 36.128827 17.540379
      vertex 84.906556 38.870458 17.540379
    endloop
  endfacet
  facet normal 0.739386 -0.580088 0.341770
    outer loop
      vertex 84.687034 36.030424 16.133398
      vertex 86.500737 38.342189 16.133398
      vertex 86.139067 38.462037 17.119253
    endloop
  endfacet
  facet normal 0.739386 -0.580088 0.341770
    outer loop
      vertex 84.687034 36.030424 16.133398
      vertex 86.139067 38.462037 17.119253
      vertex 84.248852 36.052748 17.119253
    endloop
  endfacet
  facet normal -0.746678 0.572606 -0.338518
    outer loop
      vertex 83.194689 36.106457 16.534029
      vertex 81.269506 33.596017 16.534029
      vertex 80.759258 33.525596 17.540379
    endloop
  endfacet
  facet normal -0.746678 0.572606 -0.338518
    outer loop
      vertex 83.194689 36.106457 16.534029
      vertex 80.759258 33.525596 17.540379
      vertex 82.755600 36.128827 17.540379
    endloop
  endfacet
  facet normal 0.745070 -0.571372 0.344099
    outer loop
      vertex 83.003702 33.835358 16.133398
      vertex 84.687034 36.030424 16.133398
      vertex 84.248852 36.052748 17.119253
    endloop
  endfacet
  facet normal 0.745070 -0.571372 0.344099
    outer loop
      vertex 83.003702 33.835358 16.133398
      vertex 84.248852 36.052748 17.119253
      vertex 82.494508 33.765083 17.119253
    endloop
  endfacet
  facet normal -0.563183 -0.782837 -0.264558
    outer loop
      vertex 80.759258 33.525596 17.540379
      vertex 83.479250 31.568799 17.540379
      vertex 83.160603 31.460729 18.538489
    endloop
  endfacet
  facet normal -0.563183 -0.782837 -0.264558
    outer loop
      vertex 80.759258 33.525596 17.540379
      vertex 83.160603 31.460729 18.538489
      vertex 80.365861 33.471302 18.538489
    endloop
  endfacet
  facet normal 0.562311 0.781624 0.269944
    outer loop
      vertex 84.884780 32.045490 17.119253
      vertex 82.494508 33.765083 17.119253
      vertex 82.098742 33.710462 18.101813
    endloop
  endfacet
  facet normal 0.562311 0.781624 0.269944
    outer loop
      vertex 84.884780 32.045490 17.119253
      vertex 82.098742 33.710462 18.101813
      vertex 84.564214 31.936769 18.101813
    endloop
  endfacet
  facet normal -0.555467 -0.788934 -0.262755
    outer loop
      vertex 83.479250 31.568799 17.540379
      vertex 86.396858 29.514590 17.540379
      vertex 86.158392 29.350067 18.538489
    endloop
  endfacet
  facet normal -0.555467 -0.788934 -0.262755
    outer loop
      vertex 83.479250 31.568799 17.540379
      vertex 86.158392 29.350067 18.538489
      vertex 83.160603 31.460729 18.538489
    endloop
  endfacet
  facet normal 0.554618 0.787728 0.268110
    outer loop
      vertex 87.448713 30.240294 17.119253
      vertex 84.884780 32.045490 17.119253
      vertex 84.564214 31.936769 18.101813
    endloop
  endfacet
  facet normal 0.554618 0.787728 0.268110
    outer loop
      vertex 87.448713 30.240294 17.119253
      vertex 84.564214 31.936769 18.101813
      vertex 87.208812 30.074779 18.101813
    endloop
  endfacet
  facet normal -0.528134 -0.808552 -0.259458
    outer loop
      vertex 86.396858 29.514590 17.540379
      vertex 89.549490 27.455336 17.540379
      vertex 89.397664 27.234220 18.538489
    endloop
  endfacet
  facet normal -0.528134 -0.808552 -0.259458
    outer loop
      vertex 86.396858 29.514590 17.540379
      vertex 89.397664 27.234220 18.538489
      vertex 86.158392 29.350067 18.538489
    endloop
  endfacet
  facet normal 0.527347 0.807347 0.264756
    outer loop
      vertex 90.219181 28.430664 17.119253
      vertex 87.448713 30.240294 17.119253
      vertex 87.208812 30.074779 18.101813
    endloop
  endfacet
  facet normal 0.527347 0.807347 0.264756
    outer loop
      vertex 90.219181 28.430664 17.119253
      vertex 87.208812 30.074779 18.101813
      vertex 90.066442 28.208217 18.101813
    endloop
  endfacet
  facet normal -0.483493 -0.836217 -0.258796
    outer loop
      vertex 89.549490 27.455336 17.540379
      vertex 92.840361 25.552586 17.540379
      vertex 92.778975 25.279179 18.538489
    endloop
  endfacet
  facet normal -0.483493 -0.836217 -0.258796
    outer loop
      vertex 89.549490 27.455336 17.540379
      vertex 92.778975 25.279179 18.538489
      vertex 89.397664 27.234220 18.538489
    endloop
  endfacet
  facet normal 0.482776 0.834977 0.264083
    outer loop
      vertex 93.111130 26.758566 17.119253
      vertex 90.219181 28.430664 17.119253
      vertex 90.066442 28.208217 18.101813
    endloop
  endfacet
  facet normal 0.482776 0.834977 0.264083
    outer loop
      vertex 93.111130 26.758566 17.119253
      vertex 90.066442 28.208217 18.101813
      vertex 93.049375 26.483513 18.101813
    endloop
  endfacet
  facet normal -0.446401 -0.855666 -0.261843
    outer loop
      vertex 92.840361 25.552586 17.540379
      vertex 96.068115 23.868665 17.540379
      vertex 96.095433 23.548981 18.538489
    endloop
  endfacet
  facet normal -0.446401 -0.855666 -0.261843
    outer loop
      vertex 92.840361 25.552586 17.540379
      vertex 96.095433 23.548981 18.538489
      vertex 92.778975 25.279179 18.538489
    endloop
  endfacet
  facet normal 0.445724 0.854367 0.267182
    outer loop
      vertex 95.947614 25.278771 17.119253
      vertex 93.111130 26.758566 17.119253
      vertex 93.049375 26.483513 18.101813
    endloop
  endfacet
  facet normal 0.445724 0.854367 0.267182
    outer loop
      vertex 95.947614 25.278771 17.119253
      vertex 93.049375 26.483513 18.101813
      vertex 95.975097 24.957162 18.101813
    endloop
  endfacet
  facet normal -0.431377 -0.862541 -0.264456
    outer loop
      vertex 96.068115 23.868665 17.540379
      vertex 99.125087 22.339801 17.540379
      vertex 99.236417 21.978101 18.538489
    endloop
  endfacet
  facet normal -0.431377 -0.862541 -0.264456
    outer loop
      vertex 96.068115 23.868665 17.540379
      vertex 99.236417 21.978101 18.538489
      vertex 96.095433 23.548981 18.538489
    endloop
  endfacet
  facet normal 0.430709 0.861206 0.269841
    outer loop
      vertex 98.634017 23.935238 17.119253
      vertex 95.947614 25.278771 17.119253
      vertex 95.975097 24.957162 18.101813
    endloop
  endfacet
  facet normal 0.430709 0.861206 0.269841
    outer loop
      vertex 98.634017 23.935238 17.119253
      vertex 95.975097 24.957162 18.101813
      vertex 98.746018 23.571359 18.101813
    endloop
  endfacet
  facet normal -0.431105 -0.862655 -0.264528
    outer loop
      vertex 99.125087 22.339801 17.540379
      vertex 102.011629 20.897273 17.540379
      vertex 102.202287 20.495929 18.538489
    endloop
  endfacet
  facet normal -0.431105 -0.862655 -0.264528
    outer loop
      vertex 99.125087 22.339801 17.540379
      vertex 102.202287 20.495929 18.538489
      vertex 99.236417 21.978101 18.538489
    endloop
  endfacet
  facet normal 0.430438 0.861319 0.269913
    outer loop
      vertex 101.170651 22.667574 17.119253
      vertex 98.634017 23.935238 17.119253
      vertex 98.746018 23.571359 18.101813
    endloop
  endfacet
  facet normal 0.430438 0.861319 0.269913
    outer loop
      vertex 101.170651 22.667574 17.119253
      vertex 98.746018 23.571359 18.101813
      vertex 101.362457 22.263814 18.101813
    endloop
  endfacet
  facet normal -0.436421 -0.860549 -0.262665
    outer loop
      vertex 102.011629 20.897273 17.540379
      vertex 104.759176 19.503875 17.540379
      vertex 105.025341 19.064238 18.538489
    endloop
  endfacet
  facet normal -0.436421 -0.860549 -0.262665
    outer loop
      vertex 102.011629 20.897273 17.540379
      vertex 105.025341 19.064238 18.538489
      vertex 102.202287 20.495929 18.538489
    endloop
  endfacet
  facet normal 0.435754 0.859235 0.268019
    outer loop
      vertex 103.585139 21.443085 17.119253
      vertex 101.170651 22.667574 17.119253
      vertex 101.362457 22.263814 18.101813
    endloop
  endfacet
  facet normal 0.435754 0.859235 0.268019
    outer loop
      vertex 103.585139 21.443085 17.119253
      vertex 101.362457 22.263814 18.101813
      vertex 103.852907 21.000801 18.101813
    endloop
  endfacet
  facet normal 0.971487 0.093661 -0.217811
    outer loop
      vertex 104.759176 19.503875 17.540379
      vertex 104.391234 23.320291 17.540379
      vertex 104.647288 22.985536 18.538489
    endloop
  endfacet
  facet normal 0.971487 0.093661 -0.217811
    outer loop
      vertex 104.759176 19.503875 17.540379
      vertex 104.647288 22.985536 18.538489
      vertex 105.025341 19.064238 18.538489
    endloop
  endfacet
  facet normal -0.970466 -0.093563 0.222356
    outer loop
      vertex 103.261799 24.796872 17.119253
      vertex 103.585139 21.443085 17.119253
      vertex 103.852907 21.000801 18.101813
    endloop
  endfacet
  facet normal -0.970466 -0.093563 0.222356
    outer loop
      vertex 103.261799 24.796872 17.119253
      vertex 103.852907 21.000801 18.101813
      vertex 103.519394 24.460102 18.101813
    endloop
  endfacet
  facet normal 0.971640 0.082862 -0.221472
    outer loop
      vertex 104.391234 23.320291 17.540379
      vertex 104.045479 27.374593 17.540379
      vertex 104.292031 27.151259 18.538489
    endloop
  endfacet
  facet normal 0.971640 0.082862 -0.221472
    outer loop
      vertex 104.391234 23.320291 17.540379
      vertex 104.292031 27.151259 18.538489
      vertex 104.647288 22.985536 18.538489
    endloop
  endfacet
  facet normal -0.970584 -0.082772 0.226086
    outer loop
      vertex 102.957956 28.359709 17.119253
      vertex 103.261799 24.796872 17.119253
      vertex 103.519394 24.460102 18.101813
    endloop
  endfacet
  facet normal -0.970584 -0.082772 0.226086
    outer loop
      vertex 102.957956 28.359709 17.119253
      vertex 103.519394 24.460102 18.101813
      vertex 103.205993 28.135029 18.101813
    endloop
  endfacet
  facet normal 0.971733 0.079863 -0.222166
    outer loop
      vertex 104.045479 27.374593 17.540379
      vertex 103.682931 31.785915 17.540379
      vertex 103.919520 31.683812 18.538489
    endloop
  endfacet
  facet normal 0.971733 0.079863 -0.222166
    outer loop
      vertex 104.045479 27.374593 17.540379
      vertex 103.919520 31.683812 18.538489
      vertex 104.292031 27.151259 18.538489
    endloop
  endfacet
  facet normal -0.970670 -0.079775 0.226793
    outer loop
      vertex 102.639357 32.236287 17.119253
      vertex 102.957956 28.359709 17.119253
      vertex 103.205993 28.135029 18.101813
    endloop
  endfacet
  facet normal -0.970670 -0.079775 0.226793
    outer loop
      vertex 102.639357 32.236287 17.119253
      vertex 103.205993 28.135029 18.101813
      vertex 102.877370 32.133569 18.101813
    endloop
  endfacet
  facet normal 0.969128 0.115329 -0.217921
    outer loop
      vertex 103.682931 31.785915 17.540379
      vertex 103.109615 36.603601 17.540379
      vertex 103.330447 36.633896 18.538489
    endloop
  endfacet
  facet normal 0.969128 0.115329 -0.217921
    outer loop
      vertex 103.682931 31.785915 17.540379
      vertex 103.330447 36.633896 18.538489
      vertex 103.919520 31.683812 18.538489
    endloop
  endfacet
  facet normal -0.968109 -0.115207 0.222468
    outer loop
      vertex 102.135538 36.469970 17.119253
      vertex 102.639357 32.236287 17.119253
      vertex 102.877370 32.133569 18.101813
    endloop
  endfacet
  facet normal -0.968109 -0.115207 0.222468
    outer loop
      vertex 102.135538 36.469970 17.119253
      vertex 102.877370 32.133569 18.101813
      vertex 102.357700 36.500448 18.101813
    endloop
  endfacet
  facet normal 0.957003 0.191865 -0.217561
    outer loop
      vertex 103.109615 36.603601 17.540379
      vertex 102.151205 41.384052 17.540379
      vertex 102.345698 41.545723 18.538489
    endloop
  endfacet
  facet normal 0.957003 0.191865 -0.217561
    outer loop
      vertex 103.109615 36.603601 17.540379
      vertex 102.345698 41.545723 18.538489
      vertex 103.330447 36.633896 18.538489
    endloop
  endfacet
  facet normal -0.956000 -0.191664 0.222102
    outer loop
      vertex 101.293307 40.670931 17.119253
      vertex 102.135538 36.469970 17.119253
      vertex 102.357700 36.500448 18.101813
    endloop
  endfacet
  facet normal -0.956000 -0.191664 0.222102
    outer loop
      vertex 101.293307 40.670931 17.119253
      vertex 102.357700 36.500448 18.101813
      vertex 101.488972 40.833576 18.101813
    endloop
  endfacet
  facet normal 0.947369 0.230693 -0.221973
    outer loop
      vertex 102.151205 41.384052 17.540379
      vertex 101.096044 45.717191 17.540379
      vertex 101.261540 45.997945 18.538489
    endloop
  endfacet
  facet normal 0.947369 0.230693 -0.221973
    outer loop
      vertex 102.151205 41.384052 17.540379
      vertex 101.261540 45.997945 18.538489
      vertex 102.345698 41.545723 18.538489
    endloop
  endfacet
  facet normal -0.946335 -0.230442 0.226596
    outer loop
      vertex 100.366054 44.478804 17.119253
      vertex 101.293307 40.670931 17.119253
      vertex 101.488972 40.833576 18.101813
    endloop
  endfacet
  facet normal -0.946335 -0.230442 0.226596
    outer loop
      vertex 100.366054 44.478804 17.119253
      vertex 101.488972 40.833576 18.101813
      vertex 100.532546 44.761248 18.101813
    endloop
  endfacet
  facet normal 0.947779 0.229314 -0.221653
    outer loop
      vertex 101.096044 45.717191 17.540379
      vertex 100.133828 49.694130 17.540379
      vertex 100.272880 50.084177 18.538489
    endloop
  endfacet
  facet normal 0.947779 0.229314 -0.221653
    outer loop
      vertex 101.096044 45.717191 17.540379
      vertex 100.272880 50.084177 18.538489
      vertex 101.261540 45.997945 18.538489
    endloop
  endfacet
  facet normal -0.946748 -0.229065 0.226270
    outer loop
      vertex 99.520478 47.973655 17.119253
      vertex 100.366054 44.478804 17.119253
      vertex 100.532546 44.761248 18.101813
    endloop
  endfacet
  facet normal -0.946748 -0.229065 0.226270
    outer loop
      vertex 99.520478 47.973655 17.119253
      vertex 100.532546 44.761248 18.101813
      vertex 99.660368 48.366052 18.101813
    endloop
  endfacet
  facet normal 0.951006 0.219116 -0.218117
    outer loop
      vertex 100.133828 49.694130 17.540379
      vertex 99.269599 53.445061 17.540379
      vertex 99.384900 53.938191 18.538489
    endloop
  endfacet
  facet normal 0.951006 0.219116 -0.218117
    outer loop
      vertex 100.133828 49.694130 17.540379
      vertex 99.384900 53.938191 18.538489
      vertex 100.272880 50.084177 18.538489
    endloop
  endfacet
  facet normal -0.950004 -0.218885 0.222668
    outer loop
      vertex 98.761012 51.269896 17.119253
      vertex 99.520478 47.973655 17.119253
      vertex 99.660368 48.366052 18.101813
    endloop
  endfacet
  facet normal -0.950004 -0.218885 0.222668
    outer loop
      vertex 98.761012 51.269896 17.119253
      vertex 99.660368 48.366052 18.101813
      vertex 98.877007 51.765995 18.101813
    endloop
  endfacet
  facet normal -0.664395 0.697696 -0.267956
    outer loop
      vertex 99.269599 53.445061 17.540379
      vertex 97.077845 51.357919 17.540379
      vertex 97.132913 51.793690 18.538489
    endloop
  endfacet
  facet normal -0.664395 0.697696 -0.267956
    outer loop
      vertex 99.269599 53.445061 17.540379
      vertex 97.132913 51.793690 18.538489
      vertex 99.384900 53.938191 18.538489
    endloop
  endfacet
  facet normal 0.663339 -0.696587 0.273400
    outer loop
      vertex 96.834944 49.435759 17.119253
      vertex 98.761012 51.269896 17.119253
      vertex 98.877007 51.765995 18.101813
    endloop
  endfacet
  facet normal 0.663339 -0.696587 0.273400
    outer loop
      vertex 96.834944 49.435759 17.119253
      vertex 98.877007 51.765995 18.101813
      vertex 96.890343 49.874154 18.101813
    endloop
  endfacet
  facet normal -0.660596 0.700709 -0.269481
    outer loop
      vertex 97.077845 51.357919 17.540379
      vertex 94.771301 49.183418 17.540379
      vertex 94.762981 49.559430 18.538489
    endloop
  endfacet
  facet normal -0.660596 0.700709 -0.269481
    outer loop
      vertex 97.077845 51.357919 17.540379
      vertex 94.762981 49.559430 18.538489
      vertex 97.132913 51.793690 18.538489
    endloop
  endfacet
  facet normal 0.659534 -0.699583 0.274952
    outer loop
      vertex 94.808001 47.524853 17.119253
      vertex 96.834944 49.435759 17.119253
      vertex 96.890343 49.874154 18.101813
    endloop
  endfacet
  facet normal 0.659534 -0.699583 0.274952
    outer loop
      vertex 94.808001 47.524853 17.119253
      vertex 96.890343 49.874154 18.101813
      vertex 94.799631 47.903129 18.101813
    endloop
  endfacet
  facet normal -0.661982 0.699562 -0.269060
    outer loop
      vertex 94.771301 49.183418 17.540379
      vertex 92.335218 46.878200 17.540379
      vertex 92.259950 47.190861 18.538489
    endloop
  endfacet
  facet normal -0.661982 0.699562 -0.269060
    outer loop
      vertex 94.771301 49.183418 17.540379
      vertex 92.259950 47.190861 18.538489
      vertex 94.762981 49.559430 18.538489
    endloop
  endfacet
  facet normal 0.660921 -0.698441 0.274524
    outer loop
      vertex 92.667222 45.499075 17.119253
      vertex 94.808001 47.524853 17.119253
      vertex 94.799631 47.903129 18.101813
    endloop
  endfacet
  facet normal 0.660921 -0.698441 0.274524
    outer loop
      vertex 92.667222 45.499075 17.119253
      vertex 94.799631 47.903129 18.101813
      vertex 92.591500 45.813618 18.101813
    endloop
  endfacet
  facet normal -0.675473 0.687607 -0.266333
    outer loop
      vertex 92.335218 46.878200 17.540379
      vertex 89.794827 44.382638 17.540379
      vertex 89.649744 44.626715 18.538489
    endloop
  endfacet
  facet normal -0.675473 0.687607 -0.266333
    outer loop
      vertex 92.335218 46.878200 17.540379
      vertex 89.649744 44.626715 18.538489
      vertex 92.259950 47.190861 18.538489
    endloop
  endfacet
  facet normal 0.674413 -0.686527 0.271750
    outer loop
      vertex 90.434778 43.306026 17.119253
      vertex 92.667222 45.499075 17.119253
      vertex 92.591500 45.813618 18.101813
    endloop
  endfacet
  facet normal 0.674413 -0.686527 0.271750
    outer loop
      vertex 90.434778 43.306026 17.119253
      vertex 92.591500 45.813618 18.101813
      vertex 90.288822 43.551574 18.101813
    endloop
  endfacet
  facet normal -0.704915 0.658530 -0.263502
    outer loop
      vertex 89.794827 44.382638 17.540379
      vertex 87.266739 41.676477 17.540379
      vertex 87.052180 41.846184 18.538489
    endloop
  endfacet
  facet normal -0.704915 0.658530 -0.263502
    outer loop
      vertex 89.794827 44.382638 17.540379
      vertex 87.052180 41.846184 18.538489
      vertex 89.649744 44.626715 18.538489
    endloop
  endfacet
  facet normal 0.703832 -0.657518 0.268870
    outer loop
      vertex 88.213147 40.927908 17.119253
      vertex 90.434778 43.306026 17.119253
      vertex 90.288822 43.551574 18.101813
    endloop
  endfacet
  facet normal 0.703832 -0.657518 0.268870
    outer loop
      vertex 88.213147 40.927908 17.119253
      vertex 90.288822 43.551574 18.101813
      vertex 87.997296 41.098637 18.101813
    endloop
  endfacet
  facet normal -0.738088 0.620817 -0.264220
    outer loop
      vertex 87.266739 41.676477 17.540379
      vertex 84.906556 38.870458 17.540379
      vertex 84.627135 38.963051 18.538489
    endloop
  endfacet
  facet normal -0.738088 0.620817 -0.264220
    outer loop
      vertex 87.266739 41.676477 17.540379
      vertex 84.627135 38.963051 18.538489
      vertex 87.052180 41.846184 18.538489
    endloop
  endfacet
  facet normal 0.736948 -0.619857 0.269601
    outer loop
      vertex 86.139067 38.462037 17.119253
      vertex 88.213147 40.927908 17.119253
      vertex 87.997296 41.098637 18.101813
    endloop
  endfacet
  facet normal 0.736948 -0.619857 0.269601
    outer loop
      vertex 86.139067 38.462037 17.119253
      vertex 87.997296 41.098637 18.101813
      vertex 85.857963 38.555187 18.101813
    endloop
  endfacet
  facet normal -0.758110 0.594778 -0.267410
    outer loop
      vertex 84.906556 38.870458 17.540379
      vertex 82.755600 36.128827 17.540379
      vertex 82.417066 36.146075 18.538489
    endloop
  endfacet
  facet normal -0.758110 0.594778 -0.267410
    outer loop
      vertex 84.906556 38.870458 17.540379
      vertex 82.417066 36.146075 18.538489
      vertex 84.627135 38.963051 18.538489
    endloop
  endfacet
  facet normal 0.756910 -0.593837 0.272845
    outer loop
      vertex 84.248852 36.052748 17.119253
      vertex 86.139067 38.462037 17.119253
      vertex 85.857963 38.555187 18.101813
    endloop
  endfacet
  facet normal 0.756910 -0.593837 0.272845
    outer loop
      vertex 84.248852 36.052748 17.119253
      vertex 85.857963 38.555187 18.101813
      vertex 83.908279 36.070100 18.101813
    endloop
  endfacet
  facet normal -0.764206 0.586047 -0.269327
    outer loop
      vertex 82.755600 36.128827 17.540379
      vertex 80.759258 33.525596 17.540379
      vertex 80.365861 33.471302 18.538489
    endloop
  endfacet
  facet normal -0.764206 0.586047 -0.269327
    outer loop
      vertex 82.755600 36.128827 17.540379
      vertex 80.365861 33.471302 18.538489
      vertex 82.417066 36.146075 18.538489
    endloop
  endfacet
  facet normal 0.762980 -0.585107 0.274795
    outer loop
      vertex 82.494508 33.765083 17.119253
      vertex 84.248852 36.052748 17.119253
      vertex 83.908279 36.070100 18.101813
    endloop
  endfacet
  facet normal 0.762980 -0.585107 0.274795
    outer loop
      vertex 82.494508 33.765083 17.119253
      vertex 83.908279 36.070100 18.101813
      vertex 82.098742 33.710462 18.101813
    endloop
  endfacet
  facet normal -0.574930 -0.799165 -0.175476
    outer loop
      vertex 80.365861 33.471302 18.538489
      vertex 83.160603 31.460729 18.538489
      vertex 82.955533 31.391178 19.527132
    endloop
  endfacet
  facet normal -0.574930 -0.799165 -0.175476
    outer loop
      vertex 80.365861 33.471302 18.538489
      vertex 82.955533 31.391178 19.527132
      vertex 80.112685 33.436360 19.527132
    endloop
  endfacet
  facet normal 0.574954 0.799199 0.175242
    outer loop
      vertex 84.564214 31.936769 18.101813
      vertex 82.098742 33.710462 18.101813
      vertex 81.848437 33.675917 19.080586
    endloop
  endfacet
  facet normal 0.574954 0.799199 0.175242
    outer loop
      vertex 84.564214 31.936769 18.101813
      vertex 81.848437 33.675917 19.080586
      vertex 84.361471 31.868008 19.080586
    endloop
  endfacet
  facet normal -0.566890 -0.805158 -0.174230
    outer loop
      vertex 83.160603 31.460729 18.538489
      vertex 86.158392 29.350067 18.538489
      vertex 86.004924 29.244185 19.527132
    endloop
  endfacet
  facet normal -0.566890 -0.805158 -0.174230
    outer loop
      vertex 83.160603 31.460729 18.538489
      vertex 86.004924 29.244185 19.527132
      vertex 82.955533 31.391178 19.527132
    endloop
  endfacet
  facet normal 0.566914 0.805192 0.173998
    outer loop
      vertex 87.208812 30.074779 18.101813
      vertex 84.564214 31.936769 18.101813
      vertex 84.361471 31.868008 19.080586
    endloop
  endfacet
  facet normal 0.566914 0.805192 0.173998
    outer loop
      vertex 87.208812 30.074779 18.101813
      vertex 84.361471 31.868008 19.080586
      vertex 87.057085 29.970099 19.080586
    endloop
  endfacet
  facet normal -0.538716 -0.824752 -0.171955
    outer loop
      vertex 86.158392 29.350067 18.538489
      vertex 89.397664 27.234220 18.538489
      vertex 89.299955 27.091918 19.527132
    endloop
  endfacet
  facet normal -0.538716 -0.824752 -0.171955
    outer loop
      vertex 86.158392 29.350067 18.538489
      vertex 89.299955 27.091918 19.527132
      vertex 86.004924 29.244185 19.527132
    endloop
  endfacet
  facet normal 0.538738 0.824786 0.171725
    outer loop
      vertex 90.066442 28.208217 18.101813
      vertex 87.208812 30.074779 18.101813
      vertex 87.057085 29.970099 19.080586
    endloop
  endfacet
  facet normal 0.538738 0.824786 0.171725
    outer loop
      vertex 90.066442 28.208217 18.101813
      vertex 87.057085 29.970099 19.080586
      vertex 89.969841 28.067528 19.080586
    endloop
  endfacet
  facet normal -0.493130 -0.852884 -0.171498
    outer loop
      vertex 89.397664 27.234220 18.538489
      vertex 92.778975 25.279179 18.538489
      vertex 92.739469 25.103224 19.527132
    endloop
  endfacet
  facet normal -0.493130 -0.852884 -0.171498
    outer loop
      vertex 89.397664 27.234220 18.538489
      vertex 92.739469 25.103224 19.527132
      vertex 89.299955 27.091918 19.527132
    endloop
  endfacet
  facet normal 0.493149 0.852919 0.171270
    outer loop
      vertex 93.049375 26.483513 18.101813
      vertex 90.066442 28.208217 18.101813
      vertex 89.969841 28.067528 19.080586
    endloop
  endfacet
  facet normal 0.493149 0.852919 0.171270
    outer loop
      vertex 93.049375 26.483513 18.101813
      vertex 89.969841 28.067528 19.080586
      vertex 93.010317 26.309554 19.080586
    endloop
  endfacet
  facet normal -0.455516 -0.873137 -0.173600
    outer loop
      vertex 92.778975 25.279179 18.538489
      vertex 96.095433 23.548981 18.538489
      vertex 96.113015 23.343243 19.527132
    endloop
  endfacet
  facet normal -0.455516 -0.873137 -0.173600
    outer loop
      vertex 92.778975 25.279179 18.538489
      vertex 96.113015 23.343243 19.527132
      vertex 92.739469 25.103224 19.527132
    endloop
  endfacet
  facet normal 0.455535 0.873173 0.173369
    outer loop
      vertex 95.975097 24.957162 18.101813
      vertex 93.049375 26.483513 18.101813
      vertex 93.010317 26.309554 19.080586
    endloop
  endfacet
  facet normal 0.455535 0.873173 0.173369
    outer loop
      vertex 95.975097 24.957162 18.101813
      vertex 93.010317 26.309554 19.080586
      vertex 95.992479 24.753758 19.080586
    endloop
  endfacet
  facet normal -0.440367 -0.880517 -0.175405
    outer loop
      vertex 96.095433 23.548981 18.538489
      vertex 99.236417 21.978101 18.538489
      vertex 99.308065 21.745323 19.527132
    endloop
  endfacet
  facet normal -0.440367 -0.880517 -0.175405
    outer loop
      vertex 96.095433 23.548981 18.538489
      vertex 99.308065 21.745323 19.527132
      vertex 96.113015 23.343243 19.527132
    endloop
  endfacet
  facet normal 0.440386 0.880554 0.175172
    outer loop
      vertex 98.746018 23.571359 18.101813
      vertex 95.975097 24.957162 18.101813
      vertex 95.992479 24.753758 19.080586
    endloop
  endfacet
  facet normal 0.440386 0.880554 0.175172
    outer loop
      vertex 98.746018 23.571359 18.101813
      vertex 95.992479 24.753758 19.080586
      vertex 98.816853 23.341222 19.080586
    endloop
  endfacet
  facet normal -0.440095 -0.880643 -0.175455
    outer loop
      vertex 99.236417 21.978101 18.538489
      vertex 102.202287 20.495929 18.538489
      vertex 102.324987 20.237639 19.527132
    endloop
  endfacet
  facet normal -0.440095 -0.880643 -0.175455
    outer loop
      vertex 99.236417 21.978101 18.538489
      vertex 102.324987 20.237639 19.527132
      vertex 99.308065 21.745323 19.527132
    endloop
  endfacet
  facet normal 0.440113 0.880680 0.175221
    outer loop
      vertex 101.362457 22.263814 18.101813
      vertex 98.746018 23.571359 18.101813
      vertex 98.816853 23.341222 19.080586
    endloop
  endfacet
  facet normal 0.440113 0.880680 0.175221
    outer loop
      vertex 101.362457 22.263814 18.101813
      vertex 98.816853 23.341222 19.080586
      vertex 101.483765 22.008453 19.080586
    endloop
  endfacet
  facet normal -0.445389 -0.878233 -0.174168
    outer loop
      vertex 102.202287 20.495929 18.538489
      vertex 105.025341 19.064238 18.538489
      vertex 105.196636 18.781304 19.527132
    endloop
  endfacet
  facet normal -0.445389 -0.878233 -0.174168
    outer loop
      vertex 102.202287 20.495929 18.538489
      vertex 105.196636 18.781304 19.527132
      vertex 102.324987 20.237639 19.527132
    endloop
  endfacet
  facet normal 0.445408 0.878270 0.173936
    outer loop
      vertex 103.852907 21.000801 18.101813
      vertex 101.362457 22.263814 18.101813
      vertex 101.483765 22.008453 19.080586
    endloop
  endfacet
  facet normal 0.445408 0.878270 0.173936
    outer loop
      vertex 103.852907 21.000801 18.101813
      vertex 101.483765 22.008453 19.080586
      vertex 104.022258 20.721075 19.080586
    endloop
  endfacet
  facet normal 0.985083 0.094972 -0.143498
    outer loop
      vertex 105.025341 19.064238 18.538489
      vertex 104.647288 22.985536 18.538489
      vertex 104.812075 22.770100 19.527132
    endloop
  endfacet
  facet normal 0.985083 0.094972 -0.143498
    outer loop
      vertex 105.025341 19.064238 18.538489
      vertex 104.812075 22.770100 19.527132
      vertex 105.196636 18.781304 19.527132
    endloop
  endfacet
  facet normal -0.985111 -0.094975 0.143305
    outer loop
      vertex 103.519394 24.460102 18.101813
      vertex 103.852907 21.000801 18.101813
      vertex 104.022258 20.721075 19.080586
    endloop
  endfacet
  facet normal -0.985111 -0.094975 0.143305
    outer loop
      vertex 103.519394 24.460102 18.101813
      vertex 104.022258 20.721075 19.080586
      vertex 103.682312 24.247109 19.080586
    endloop
  endfacet
  facet normal 0.985710 0.084062 -0.145980
    outer loop
      vertex 104.647288 22.985536 18.538489
      vertex 104.292031 27.151259 18.538489
      vertex 104.450703 27.007528 19.527132
    endloop
  endfacet
  facet normal 0.985710 0.084062 -0.145980
    outer loop
      vertex 104.647288 22.985536 18.538489
      vertex 104.450703 27.007528 19.527132
      vertex 104.812075 22.770100 19.527132
    endloop
  endfacet
  facet normal -0.985738 -0.084065 0.145784
    outer loop
      vertex 103.205993 28.135029 18.101813
      vertex 103.519394 24.460102 18.101813
      vertex 103.682312 24.247109 19.080586
    endloop
  endfacet
  facet normal -0.985738 -0.084065 0.145784
    outer loop
      vertex 103.205993 28.135029 18.101813
      vertex 103.682312 24.247109 19.080586
      vertex 103.362865 27.992929 19.080586
    endloop
  endfacet
  facet normal 0.985894 0.081026 -0.146451
    outer loop
      vertex 104.292031 27.151259 18.538489
      vertex 103.919520 31.683812 18.538489
      vertex 104.071779 31.618101 19.527132
    endloop
  endfacet
  facet normal 0.985894 0.081026 -0.146451
    outer loop
      vertex 104.292031 27.151259 18.538489
      vertex 104.071779 31.618101 19.527132
      vertex 104.450703 27.007528 19.527132
    endloop
  endfacet
  facet normal -0.985923 -0.081029 0.146254
    outer loop
      vertex 102.877370 32.133569 18.101813
      vertex 103.205993 28.135029 18.101813
      vertex 103.362865 27.992929 19.080586
    endloop
  endfacet
  facet normal -0.985923 -0.081029 0.146254
    outer loop
      vertex 102.877370 32.133569 18.101813
      vertex 103.362865 27.992929 19.080586
      vertex 103.027902 32.068604 19.080586
    endloop
  endfacet
  facet normal 0.982706 0.116944 -0.143573
    outer loop
      vertex 103.919520 31.683812 18.538489
      vertex 103.330447 36.633896 18.538489
      vertex 103.472567 36.653394 19.527132
    endloop
  endfacet
  facet normal 0.982706 0.116944 -0.143573
    outer loop
      vertex 103.919520 31.683812 18.538489
      vertex 103.472567 36.653394 19.527132
      vertex 104.071779 31.618101 19.527132
    endloop
  endfacet
  facet normal -0.982734 -0.116948 0.143379
    outer loop
      vertex 102.357700 36.500448 18.101813
      vertex 102.877370 32.133569 18.101813
      vertex 103.027902 32.068604 19.080586
    endloop
  endfacet
  facet normal -0.982734 -0.116948 0.143379
    outer loop
      vertex 102.357700 36.500448 18.101813
      vertex 103.027902 32.068604 19.080586
      vertex 102.498208 36.519723 19.080586
    endloop
  endfacet
  facet normal 0.970366 0.194544 -0.143329
    outer loop
      vertex 103.330447 36.633896 18.538489
      vertex 102.345698 41.545723 18.538489
      vertex 102.470867 41.649769 19.527132
    endloop
  endfacet
  facet normal 0.970366 0.194544 -0.143329
    outer loop
      vertex 103.330447 36.633896 18.538489
      vertex 102.470867 41.649769 19.527132
      vertex 103.472567 36.653394 19.527132
    endloop
  endfacet
  facet normal -0.970393 -0.194550 0.143136
    outer loop
      vertex 101.488972 40.833576 18.101813
      vertex 102.357700 36.500448 18.101813
      vertex 102.498208 36.519723 19.080586
    endloop
  endfacet
  facet normal -0.970393 -0.194550 0.143136
    outer loop
      vertex 101.488972 40.833576 18.101813
      vertex 102.498208 36.519723 19.080586
      vertex 101.612721 40.936441 19.080586
    endloop
  endfacet
  facet normal 0.961151 0.234049 -0.146320
    outer loop
      vertex 102.345698 41.545723 18.538489
      vertex 101.261540 45.997945 18.538489
      vertex 101.368047 46.178628 19.527132
    endloop
  endfacet
  facet normal 0.961151 0.234049 -0.146320
    outer loop
      vertex 102.345698 41.545723 18.538489
      vertex 101.368047 46.178628 19.527132
      vertex 102.470867 41.649769 19.527132
    endloop
  endfacet
  facet normal -0.961179 -0.234056 0.146123
    outer loop
      vertex 100.532546 44.761248 18.101813
      vertex 101.488972 40.833576 18.101813
      vertex 101.612721 40.936441 19.080586
    endloop
  endfacet
  facet normal -0.961179 -0.234056 0.146123
    outer loop
      vertex 100.532546 44.761248 18.101813
      vertex 101.612721 40.936441 19.080586
      vertex 100.637845 44.939882 19.080586
    endloop
  endfacet
  facet normal 0.961526 0.232640 -0.146103
    outer loop
      vertex 101.261540 45.997945 18.538489
      vertex 100.272880 50.084177 18.538489
      vertex 100.362369 50.335198 19.527132
    endloop
  endfacet
  facet normal 0.961526 0.232640 -0.146103
    outer loop
      vertex 101.261540 45.997945 18.538489
      vertex 100.362369 50.335198 19.527132
      vertex 101.368047 46.178628 19.527132
    endloop
  endfacet
  facet normal -0.961554 -0.232647 0.145906
    outer loop
      vertex 99.660368 48.366052 18.101813
      vertex 100.532546 44.761248 18.101813
      vertex 100.637845 44.939882 19.080586
    endloop
  endfacet
  facet normal -0.961554 -0.232647 0.145906
    outer loop
      vertex 99.660368 48.366052 18.101813
      vertex 100.637845 44.939882 19.080586
      vertex 99.748842 48.614225 19.080586
    endloop
  endfacet
  facet normal 0.964355 0.222191 -0.143706
    outer loop
      vertex 100.272880 50.084177 18.538489
      vertex 99.384900 53.938191 18.538489
      vertex 99.459104 54.255552 19.527132
    endloop
  endfacet
  facet normal 0.964355 0.222191 -0.143706
    outer loop
      vertex 100.272880 50.084177 18.538489
      vertex 99.459104 54.255552 19.527132
      vertex 100.362369 50.335198 19.527132
    endloop
  endfacet
  facet normal -0.964382 -0.222197 0.143512
    outer loop
      vertex 98.877007 51.765995 18.101813
      vertex 99.660368 48.366052 18.101813
      vertex 99.748842 48.614225 19.080586
    endloop
  endfacet
  facet normal -0.964382 -0.222197 0.143512
    outer loop
      vertex 98.877007 51.765995 18.101813
      vertex 99.748842 48.614225 19.080586
      vertex 98.950370 52.079757 19.080586
    endloop
  endfacet
  facet normal -0.678622 0.712636 -0.177826
    outer loop
      vertex 99.384900 53.938191 18.538489
      vertex 97.132913 51.793690 18.538489
      vertex 97.168353 52.074137 19.527132
    endloop
  endfacet
  facet normal -0.678622 0.712636 -0.177826
    outer loop
      vertex 99.384900 53.938191 18.538489
      vertex 97.168353 52.074137 19.527132
      vertex 99.459104 54.255552 19.527132
    endloop
  endfacet
  facet normal 0.678652 -0.712667 0.177590
    outer loop
      vertex 96.890343 49.874154 18.101813
      vertex 98.877007 51.765995 18.101813
      vertex 98.950370 52.079757 19.080586
    endloop
  endfacet
  facet normal 0.678652 -0.712667 0.177590
    outer loop
      vertex 96.890343 49.874154 18.101813
      vertex 98.950370 52.079757 19.080586
      vertex 96.925381 50.151420 19.080586
    endloop
  endfacet
  facet normal -0.674908 0.715891 -0.178883
    outer loop
      vertex 97.132913 51.793690 18.538489
      vertex 94.762981 49.559430 18.538489
      vertex 94.757626 49.801419 19.527132
    endloop
  endfacet
  facet normal -0.674908 0.715891 -0.178883
    outer loop
      vertex 97.132913 51.793690 18.538489
      vertex 94.757626 49.801419 19.527132
      vertex 97.168353 52.074137 19.527132
    endloop
  endfacet
  facet normal 0.674938 -0.715922 0.178645
    outer loop
      vertex 94.799631 47.903129 18.101813
      vertex 96.890343 49.874154 18.101813
      vertex 96.925381 50.151420 19.080586
    endloop
  endfacet
  facet normal 0.674938 -0.715922 0.178645
    outer loop
      vertex 94.799631 47.903129 18.101813
      vertex 96.925381 50.151420 19.080586
      vertex 94.794337 48.142372 19.080586
    endloop
  endfacet
  facet normal -0.676278 0.714670 -0.178591
    outer loop
      vertex 94.762981 49.559430 18.538489
      vertex 92.259950 47.190861 18.538489
      vertex 92.211510 47.392078 19.527132
    endloop
  endfacet
  facet normal -0.676278 0.714670 -0.178591
    outer loop
      vertex 94.762981 49.559430 18.538489
      vertex 92.211510 47.392078 19.527132
      vertex 94.757626 49.801419 19.527132
    endloop
  endfacet
  facet normal 0.676308 -0.714701 0.178354
    outer loop
      vertex 92.591500 45.813618 18.101813
      vertex 94.799631 47.903129 18.101813
      vertex 94.794337 48.142372 19.080586
    endloop
  endfacet
  facet normal 0.676308 -0.714701 0.178354
    outer loop
      vertex 92.591500 45.813618 18.101813
      vertex 94.794337 48.142372 19.080586
      vertex 92.543610 46.012553 19.080586
    endloop
  endfacet
  facet normal -0.689757 0.702148 -0.176703
    outer loop
      vertex 92.259950 47.190861 18.538489
      vertex 89.649744 44.626715 18.538489
      vertex 89.556374 44.783795 19.527132
    endloop
  endfacet
  facet normal -0.689757 0.702148 -0.176703
    outer loop
      vertex 92.259950 47.190861 18.538489
      vertex 89.556374 44.783795 19.527132
      vertex 92.211510 47.392078 19.527132
    endloop
  endfacet
  facet normal 0.689787 -0.702178 0.176468
    outer loop
      vertex 90.288822 43.551574 18.101813
      vertex 92.591500 45.813618 18.101813
      vertex 92.543610 46.012553 19.080586
    endloop
  endfacet
  facet normal 0.689787 -0.702178 0.176468
    outer loop
      vertex 90.288822 43.551574 18.101813
      vertex 92.543610 46.012553 19.080586
      vertex 90.196511 43.706872 19.080586
    endloop
  endfacet
  facet normal -0.719497 0.672152 -0.174746
    outer loop
      vertex 89.649744 44.626715 18.538489
      vertex 87.052180 41.846184 18.538489
      vertex 86.914097 41.955402 19.527132
    endloop
  endfacet
  facet normal -0.719497 0.672152 -0.174746
    outer loop
      vertex 89.649744 44.626715 18.538489
      vertex 86.914097 41.955402 19.527132
      vertex 89.556374 44.783795 19.527132
    endloop
  endfacet
  facet normal 0.719527 -0.672180 0.174513
    outer loop
      vertex 87.997296 41.098637 18.101813
      vertex 90.288822 43.551574 18.101813
      vertex 90.196511 43.706872 19.080586
    endloop
  endfacet
  facet normal 0.719527 -0.672180 0.174513
    outer loop
      vertex 87.997296 41.098637 18.101813
      vertex 90.196511 43.706872 19.080586
      vertex 87.860779 41.206616 19.080586
    endloop
  endfacet
  facet normal -0.753442 0.633731 -0.175242
    outer loop
      vertex 87.052180 41.846184 18.538489
      vertex 84.627135 38.963051 18.538489
      vertex 84.447309 39.022640 19.527132
    endloop
  endfacet
  facet normal -0.753442 0.633731 -0.175242
    outer loop
      vertex 87.052180 41.846184 18.538489
      vertex 84.447309 39.022640 19.527132
      vertex 86.914097 41.955402 19.527132
    endloop
  endfacet
  facet normal 0.753474 -0.633758 0.175009
    outer loop
      vertex 85.857963 38.555187 18.101813
      vertex 87.997296 41.098637 18.101813
      vertex 87.860779 41.206616 19.080586
    endloop
  endfacet
  facet normal 0.753474 -0.633758 0.175009
    outer loop
      vertex 85.857963 38.555187 18.101813
      vertex 87.860779 41.206616 19.080586
      vertex 85.680177 38.614101 19.080586
    endloop
  endfacet
  facet normal -0.774276 0.607461 -0.177448
    outer loop
      vertex 84.627135 38.963051 18.538489
      vertex 82.417066 36.146075 18.538489
      vertex 82.199198 36.157175 19.527132
    endloop
  endfacet
  facet normal -0.774276 0.607461 -0.177448
    outer loop
      vertex 84.627135 38.963051 18.538489
      vertex 82.199198 36.157175 19.527132
      vertex 84.447309 39.022640 19.527132
    endloop
  endfacet
  facet normal 0.774309 -0.607487 0.177212
    outer loop
      vertex 83.908279 36.070100 18.101813
      vertex 85.857963 38.555187 18.101813
      vertex 85.680177 38.614101 19.080586
    endloop
  endfacet
  facet normal 0.774309 -0.607487 0.177212
    outer loop
      vertex 83.908279 36.070100 18.101813
      vertex 85.680177 38.614101 19.080586
      vertex 83.692882 36.081074 19.080586
    endloop
  endfacet
  facet normal -0.780744 0.598730 -0.178776
    outer loop
      vertex 82.417066 36.146075 18.538489
      vertex 80.365861 33.471302 18.538489
      vertex 80.112685 33.436360 19.527132
    endloop
  endfacet
  facet normal -0.780744 0.598730 -0.178776
    outer loop
      vertex 82.417066 36.146075 18.538489
      vertex 80.112685 33.436360 19.527132
      vertex 82.199198 36.157175 19.527132
    endloop
  endfacet
  facet normal 0.780779 -0.598756 0.178538
    outer loop
      vertex 82.098742 33.710462 18.101813
      vertex 83.908279 36.070100 18.101813
      vertex 83.692882 36.081074 19.080586
    endloop
  endfacet
  facet normal 0.780779 -0.598756 0.178538
    outer loop
      vertex 82.098742 33.710462 18.101813
      vertex 83.692882 36.081074 19.080586
      vertex 81.848437 33.675917 19.080586
    endloop
  endfacet
  facet normal -0.582807 -0.810115 -0.063630
    outer loop
      vertex 80.112685 33.436360 19.527132
      vertex 82.955533 31.391178 19.527132
      vertex 82.882970 31.366568 20.505081
    endloop
  endfacet
  facet normal -0.582807 -0.810115 -0.063630
    outer loop
      vertex 80.112685 33.436360 19.527132
      vertex 82.882970 31.366568 20.505081
      vertex 80.023099 33.423997 20.505081
    endloop
  endfacet
  facet normal 0.582755 0.810042 0.065033
    outer loop
      vertex 84.361471 31.868008 19.080586
      vertex 81.848437 33.675917 19.080586
      vertex 81.757192 33.663324 20.055081
    endloop
  endfacet
  facet normal 0.582755 0.810042 0.065033
    outer loop
      vertex 84.361471 31.868008 19.080586
      vertex 81.757192 33.663324 20.055081
      vertex 84.287564 31.842942 20.055081
    endloop
  endfacet
  facet normal -0.574546 -0.816031 -0.063166
    outer loop
      vertex 82.955533 31.391178 19.527132
      vertex 86.004924 29.244185 19.527132
      vertex 85.950620 29.206719 20.505081
    endloop
  endfacet
  facet normal -0.574546 -0.816031 -0.063166
    outer loop
      vertex 82.955533 31.391178 19.527132
      vertex 85.950620 29.206719 20.505081
      vertex 82.882970 31.366568 20.505081
    endloop
  endfacet
  facet normal 0.574494 0.815959 0.064558
    outer loop
      vertex 87.057085 29.970099 19.080586
      vertex 84.361471 31.868008 19.080586
      vertex 84.287564 31.842942 20.055081
    endloop
  endfacet
  facet normal 0.574494 0.815959 0.064558
    outer loop
      vertex 87.057085 29.970099 19.080586
      vertex 84.287564 31.842942 20.055081
      vertex 87.001775 29.931939 20.055081
    endloop
  endfacet
  facet normal -0.545799 -0.835595 -0.062320
    outer loop
      vertex 86.004924 29.244185 19.527132
      vertex 89.299955 27.091918 19.527132
      vertex 89.265381 27.041565 20.505081
    endloop
  endfacet
  facet normal -0.545799 -0.835595 -0.062320
    outer loop
      vertex 86.004924 29.244185 19.527132
      vertex 89.265381 27.041565 20.505081
      vertex 85.950620 29.206719 20.505081
    endloop
  endfacet
  facet normal 0.545752 0.835523 0.063693
    outer loop
      vertex 89.969841 28.067528 19.080586
      vertex 87.057085 29.970099 19.080586
      vertex 87.001775 29.931939 20.055081
    endloop
  endfacet
  facet normal 0.545752 0.835523 0.063693
    outer loop
      vertex 89.969841 28.067528 19.080586
      vertex 87.001775 29.931939 20.055081
      vertex 89.934626 28.016243 20.055081
    endloop
  endfacet
  facet normal -0.499578 -0.864037 -0.062150
    outer loop
      vertex 89.299955 27.091918 19.527132
      vertex 92.739469 25.103224 19.527132
      vertex 92.725490 25.040963 20.505081
    endloop
  endfacet
  facet normal -0.499578 -0.864037 -0.062150
    outer loop
      vertex 89.299955 27.091918 19.527132
      vertex 92.725490 25.040963 20.505081
      vertex 89.265381 27.041565 20.505081
    endloop
  endfacet
  facet normal 0.499535 0.863962 0.063520
    outer loop
      vertex 93.010317 26.309554 19.080586
      vertex 89.969841 28.067528 19.080586
      vertex 89.934626 28.016243 20.055081
    endloop
  endfacet
  facet normal 0.499535 0.863962 0.063520
    outer loop
      vertex 93.010317 26.309554 19.080586
      vertex 89.934626 28.016243 20.055081
      vertex 92.996079 26.246140 20.055081
    endloop
  endfacet
  facet normal -0.461622 -0.884841 -0.062932
    outer loop
      vertex 92.739469 25.103224 19.527132
      vertex 96.113015 23.343243 19.527132
      vertex 96.119236 23.270444 20.505081
    endloop
  endfacet
  facet normal -0.461622 -0.884841 -0.062932
    outer loop
      vertex 92.739469 25.103224 19.527132
      vertex 96.119236 23.270444 20.505081
      vertex 92.725490 25.040963 20.505081
    endloop
  endfacet
  facet normal 0.461581 0.884763 0.064319
    outer loop
      vertex 95.992479 24.753758 19.080586
      vertex 93.010317 26.309554 19.080586
      vertex 92.996079 26.246140 20.055081
    endloop
  endfacet
  facet normal 0.461581 0.884763 0.064319
    outer loop
      vertex 95.992479 24.753758 19.080586
      vertex 92.996079 26.246140 20.055081
      vertex 95.998815 24.679611 20.055081
    endloop
  endfacet
  facet normal -0.446396 -0.892572 -0.063604
    outer loop
      vertex 96.113015 23.343243 19.527132
      vertex 99.308065 21.745323 19.527132
      vertex 99.333417 21.662956 20.505081
    endloop
  endfacet
  facet normal -0.446396 -0.892572 -0.063604
    outer loop
      vertex 96.113015 23.343243 19.527132
      vertex 99.333417 21.662956 20.505081
      vertex 96.119236 23.270444 20.505081
    endloop
  endfacet
  facet normal 0.446356 0.892491 0.065006
    outer loop
      vertex 98.816853 23.341222 19.080586
      vertex 95.992479 24.753758 19.080586
      vertex 95.998815 24.679611 20.055081
    endloop
  endfacet
  facet normal 0.446356 0.892491 0.065006
    outer loop
      vertex 98.816853 23.341222 19.080586
      vertex 95.998815 24.679611 20.055081
      vertex 98.842675 23.257329 20.055081
    endloop
  endfacet
  facet normal -0.446124 -0.892707 -0.063623
    outer loop
      vertex 99.308065 21.745323 19.527132
      vertex 102.324987 20.237639 19.527132
      vertex 102.368404 20.146244 20.505081
    endloop
  endfacet
  facet normal -0.446124 -0.892707 -0.063623
    outer loop
      vertex 99.308065 21.745323 19.527132
      vertex 102.368404 20.146244 20.505081
      vertex 99.333417 21.662956 20.505081
    endloop
  endfacet
  facet normal 0.446083 0.892626 0.065025
    outer loop
      vertex 101.483765 22.008453 19.080586
      vertex 98.816853 23.341222 19.080586
      vertex 98.842675 23.257329 20.055081
    endloop
  endfacet
  facet normal 0.446083 0.892626 0.065025
    outer loop
      vertex 101.483765 22.008453 19.080586
      vertex 98.842675 23.257329 20.055081
      vertex 101.527987 21.915365 20.055081
    endloop
  endfacet
  facet normal -0.451400 -0.890085 -0.063143
    outer loop
      vertex 102.324987 20.237639 19.527132
      vertex 105.196636 18.781304 19.527132
      vertex 105.257248 18.681189 20.505081
    endloop
  endfacet
  facet normal -0.451400 -0.890085 -0.063143
    outer loop
      vertex 102.324987 20.237639 19.527132
      vertex 105.257248 18.681189 20.505081
      vertex 102.368404 20.146244 20.505081
    endloop
  endfacet
  facet normal 0.451360 0.890005 0.064535
    outer loop
      vertex 104.022258 20.721075 19.080586
      vertex 101.483765 22.008453 19.080586
      vertex 101.527987 21.915365 20.055081
    endloop
  endfacet
  facet normal 0.451360 0.890005 0.064535
    outer loop
      vertex 104.022258 20.721075 19.080586
      vertex 101.527987 21.915365 20.055081
      vertex 104.083992 20.619106 20.055081
    endloop
  endfacet
  facet normal 0.994048 0.095837 -0.051799
    outer loop
      vertex 105.196636 18.781304 19.527132
      vertex 104.812075 22.770100 19.527132
      vertex 104.870384 22.693869 20.505081
    endloop
  endfacet
  facet normal 0.994048 0.095837 -0.051799
    outer loop
      vertex 105.196636 18.781304 19.527132
      vertex 104.870384 22.693869 20.505081
      vertex 105.257248 18.681189 20.505081
    endloop
  endfacet
  facet normal -0.993989 -0.095831 0.052942
    outer loop
      vertex 103.682312 24.247109 19.080586
      vertex 104.022258 20.721075 19.080586
      vertex 104.083992 20.619106 20.055081
    endloop
  endfacet
  facet normal -0.993989 -0.095831 0.052942
    outer loop
      vertex 103.682312 24.247109 19.080586
      vertex 104.083992 20.619106 20.055081
      vertex 103.741701 24.169466 20.055081
    endloop
  endfacet
  facet normal 0.994998 0.084854 -0.052711
    outer loop
      vertex 104.812075 22.770100 19.527132
      vertex 104.450703 27.007528 19.527132
      vertex 104.506848 26.956670 20.505081
    endloop
  endfacet
  facet normal 0.994998 0.084854 -0.052711
    outer loop
      vertex 104.812075 22.770100 19.527132
      vertex 104.506848 26.956670 20.505081
      vertex 104.870384 22.693869 20.505081
    endloop
  endfacet
  facet normal -0.994936 -0.084849 0.053875
    outer loop
      vertex 103.362865 27.992929 19.080586
      vertex 103.682312 24.247109 19.080586
      vertex 103.741701 24.169466 20.055081
    endloop
  endfacet
  facet normal -0.994936 -0.084849 0.053875
    outer loop
      vertex 103.362865 27.992929 19.080586
      vertex 103.741701 24.169466 20.055081
      vertex 103.420050 27.941129 20.055081
    endloop
  endfacet
  facet normal 0.995245 0.081795 -0.052885
    outer loop
      vertex 104.450703 27.007528 19.527132
      vertex 104.071779 31.618101 19.527132
      vertex 104.125656 31.594850 20.505081
    endloop
  endfacet
  facet normal 0.995245 0.081795 -0.052885
    outer loop
      vertex 104.450703 27.007528 19.527132
      vertex 104.125656 31.594850 20.505081
      vertex 104.506848 26.956670 20.505081
    endloop
  endfacet
  facet normal -0.995183 -0.081790 0.054052
    outer loop
      vertex 103.027902 32.068604 19.080586
      vertex 103.362865 27.992929 19.080586
      vertex 103.420050 27.941129 20.055081
    endloop
  endfacet
  facet normal -0.995183 -0.081790 0.054052
    outer loop
      vertex 103.027902 32.068604 19.080586
      vertex 103.420050 27.941129 20.055081
      vertex 103.082777 32.044922 20.055081
    endloop
  endfacet
  facet normal 0.991659 0.118010 -0.051826
    outer loop
      vertex 104.071779 31.618101 19.527132
      vertex 103.472567 36.653394 19.527132
      vertex 103.522856 36.660293 20.505081
    endloop
  endfacet
  facet normal 0.991659 0.118010 -0.051826
    outer loop
      vertex 104.071779 31.618101 19.527132
      vertex 103.522856 36.660293 20.505081
      vertex 104.125656 31.594850 20.505081
    endloop
  endfacet
  facet normal -0.991599 -0.118003 0.052970
    outer loop
      vertex 102.498208 36.519723 19.080586
      vertex 103.027902 32.068604 19.080586
      vertex 103.082777 32.044922 20.055081
    endloop
  endfacet
  facet normal -0.991599 -0.118003 0.052970
    outer loop
      vertex 102.498208 36.519723 19.080586
      vertex 103.082777 32.044922 20.055081
      vertex 102.549428 36.526750 20.055081
    endloop
  endfacet
  facet normal 0.979176 0.196310 -0.051737
    outer loop
      vertex 103.472567 36.653394 19.527132
      vertex 102.470867 41.649769 19.527132
      vertex 102.515158 41.686585 20.505081
    endloop
  endfacet
  facet normal 0.979176 0.196310 -0.051737
    outer loop
      vertex 103.472567 36.653394 19.527132
      vertex 102.515158 41.686585 20.505081
      vertex 103.522856 36.660293 20.505081
    endloop
  endfacet
  facet normal -0.979117 -0.196299 0.052878
    outer loop
      vertex 101.612721 40.936441 19.080586
      vertex 102.498208 36.519723 19.080586
      vertex 102.549428 36.526750 20.055081
    endloop
  endfacet
  facet normal -0.979117 -0.196299 0.052878
    outer loop
      vertex 101.612721 40.936441 19.080586
      vertex 102.549428 36.526750 20.055081
      vertex 101.657832 40.973939 20.055081
    endloop
  endfacet
  facet normal 0.970251 0.236265 -0.052836
    outer loop
      vertex 102.470867 41.649769 19.527132
      vertex 101.368047 46.178628 19.527132
      vertex 101.405734 46.242562 20.505081
    endloop
  endfacet
  facet normal 0.970251 0.236265 -0.052836
    outer loop
      vertex 102.470867 41.649769 19.527132
      vertex 101.405734 46.242562 20.505081
      vertex 102.515158 41.686585 20.505081
    endloop
  endfacet
  facet normal -0.970190 -0.236250 0.054002
    outer loop
      vertex 100.637845 44.939882 19.080586
      vertex 101.612721 40.936441 19.080586
      vertex 101.657832 40.973939 20.055081
    endloop
  endfacet
  facet normal -0.970190 -0.236250 0.054002
    outer loop
      vertex 100.637845 44.939882 19.080586
      vertex 101.657832 40.973939 20.055081
      vertex 100.676230 45.005000 20.055081
    endloop
  endfacet
  facet normal 0.970602 0.234836 -0.052757
    outer loop
      vertex 101.368047 46.178628 19.527132
      vertex 100.362369 50.335198 19.527132
      vertex 100.394034 50.424021 20.505081
    endloop
  endfacet
  facet normal 0.970602 0.234836 -0.052757
    outer loop
      vertex 101.368047 46.178628 19.527132
      vertex 100.394034 50.424021 20.505081
      vertex 101.405734 46.242562 20.505081
    endloop
  endfacet
  facet normal -0.970542 -0.234822 0.053921
    outer loop
      vertex 99.748842 48.614225 19.080586
      vertex 100.637845 44.939882 19.080586
      vertex 100.676230 45.005000 20.055081
    endloop
  endfacet
  facet normal -0.970542 -0.234822 0.053921
    outer loop
      vertex 99.748842 48.614225 19.080586
      vertex 100.676230 45.005000 20.055081
      vertex 99.781093 48.704693 20.055081
    endloop
  endfacet
  facet normal 0.973157 0.224219 -0.051875
    outer loop
      vertex 100.362369 50.335198 19.527132
      vertex 99.459104 54.255552 19.527132
      vertex 99.485361 54.367849 20.505081
    endloop
  endfacet
  facet normal 0.973157 0.224219 -0.051875
    outer loop
      vertex 100.362369 50.335198 19.527132
      vertex 99.485361 54.367849 20.505081
      vertex 100.394034 50.424021 20.505081
    endloop
  endfacet
  facet normal -0.973099 -0.224206 0.053020
    outer loop
      vertex 98.950370 52.079757 19.080586
      vertex 99.748842 48.614225 19.080586
      vertex 99.781093 48.704693 20.055081
    endloop
  endfacet
  facet normal -0.973099 -0.224206 0.053020
    outer loop
      vertex 98.950370 52.079757 19.080586
      vertex 99.781093 48.704693 20.055081
      vertex 98.977113 52.194133 20.055081
    endloop
  endfacet
  facet normal -0.688177 0.722670 -0.064507
    outer loop
      vertex 99.459104 54.255552 19.527132
      vertex 97.168353 52.074137 19.527132
      vertex 97.180893 52.173373 20.505081
    endloop
  endfacet
  facet normal -0.688177 0.722670 -0.064507
    outer loop
      vertex 99.459104 54.255552 19.527132
      vertex 97.180893 52.173373 20.505081
      vertex 99.485361 54.367849 20.505081
    endloop
  endfacet
  facet normal 0.688113 -0.722602 0.065928
    outer loop
      vertex 96.925381 50.151420 19.080586
      vertex 98.950370 52.079757 19.080586
      vertex 98.977113 52.194133 20.055081
    endloop
  endfacet
  facet normal 0.688113 -0.722602 0.065928
    outer loop
      vertex 96.925381 50.151420 19.080586
      vertex 98.977113 52.194133 20.055081
      vertex 96.938154 50.252493 20.055081
    endloop
  endfacet
  facet normal -0.684526 0.726093 -0.064901
    outer loop
      vertex 97.168353 52.074137 19.527132
      vertex 94.757626 49.801419 19.527132
      vertex 94.755732 49.887045 20.505081
    endloop
  endfacet
  facet normal -0.684526 0.726093 -0.064901
    outer loop
      vertex 97.168353 52.074137 19.527132
      vertex 94.755732 49.887045 20.505081
      vertex 97.180893 52.173373 20.505081
    endloop
  endfacet
  facet normal 0.684462 -0.726025 0.066331
    outer loop
      vertex 94.794337 48.142372 19.080586
      vertex 96.925381 50.151420 19.080586
      vertex 96.938154 50.252493 20.055081
    endloop
  endfacet
  facet normal 0.684462 -0.726025 0.066331
    outer loop
      vertex 94.794337 48.142372 19.080586
      vertex 96.938154 50.252493 20.055081
      vertex 94.792407 48.229585 20.055081
    endloop
  endfacet
  facet normal -0.685884 0.724821 -0.064792
    outer loop
      vertex 94.757626 49.801419 19.527132
      vertex 92.211510 47.392078 19.527132
      vertex 92.194370 47.463278 20.505081
    endloop
  endfacet
  facet normal -0.685884 0.724821 -0.064792
    outer loop
      vertex 94.757626 49.801419 19.527132
      vertex 92.194370 47.463278 20.505081
      vertex 94.755732 49.887045 20.505081
    endloop
  endfacet
  facet normal 0.685819 -0.724753 0.066220
    outer loop
      vertex 92.543610 46.012553 19.080586
      vertex 94.794337 48.142372 19.080586
      vertex 94.792407 48.229585 20.055081
    endloop
  endfacet
  facet normal 0.685819 -0.724753 0.066220
    outer loop
      vertex 92.543610 46.012553 19.080586
      vertex 94.792407 48.229585 20.055081
      vertex 92.526152 46.085071 20.055081
    endloop
  endfacet
  facet normal -0.699344 0.711906 -0.064088
    outer loop
      vertex 92.211510 47.392078 19.527132
      vertex 89.556374 44.783795 19.527132
      vertex 89.523335 44.839377 20.505081
    endloop
  endfacet
  facet normal -0.699344 0.711906 -0.064088
    outer loop
      vertex 92.211510 47.392078 19.527132
      vertex 89.523335 44.839377 20.505081
      vertex 92.194370 47.463278 20.505081
    endloop
  endfacet
  facet normal 0.699280 -0.711841 0.065500
    outer loop
      vertex 90.196511 43.706872 19.080586
      vertex 92.543610 46.012553 19.080586
      vertex 92.526152 46.085071 20.055081
    endloop
  endfacet
  facet normal 0.699280 -0.711841 0.065500
    outer loop
      vertex 90.196511 43.706872 19.080586
      vertex 92.526152 46.085071 20.055081
      vertex 90.162860 43.763483 20.055081
    endloop
  endfacet
  facet normal -0.729272 0.681284 -0.063359
    outer loop
      vertex 89.556374 44.783795 19.527132
      vertex 86.914097 41.955402 19.527132
      vertex 86.865237 41.994048 20.505081
    endloop
  endfacet
  facet normal -0.729272 0.681284 -0.063359
    outer loop
      vertex 89.556374 44.783795 19.527132
      vertex 86.865237 41.994048 20.505081
      vertex 89.523335 44.839377 20.505081
    endloop
  endfacet
  facet normal 0.729207 -0.681223 0.064755
    outer loop
      vertex 87.860779 41.206616 19.080586
      vertex 90.196511 43.706872 19.080586
      vertex 90.162860 43.763483 20.055081
    endloop
  endfacet
  facet normal 0.729207 -0.681223 0.064755
    outer loop
      vertex 87.860779 41.206616 19.080586
      vertex 90.162860 43.763483 20.055081
      vertex 87.811014 41.245978 20.055081
    endloop
  endfacet
  facet normal -0.763738 0.642391 -0.063544
    outer loop
      vertex 86.914097 41.955402 19.527132
      vertex 84.447309 39.022640 19.527132
      vertex 84.383678 39.043726 20.505081
    endloop
  endfacet
  facet normal -0.763738 0.642391 -0.063544
    outer loop
      vertex 86.914097 41.955402 19.527132
      vertex 84.383678 39.043726 20.505081
      vertex 86.865237 41.994048 20.505081
    endloop
  endfacet
  facet normal 0.763669 -0.642333 0.064944
    outer loop
      vertex 85.680177 38.614101 19.080586
      vertex 87.860779 41.206616 19.080586
      vertex 87.811014 41.245978 20.055081
    endloop
  endfacet
  facet normal 0.763669 -0.642333 0.064944
    outer loop
      vertex 85.680177 38.614101 19.080586
      vertex 87.811014 41.245978 20.055081
      vertex 85.615368 38.635577 20.055081
    endloop
  endfacet
  facet normal -0.785130 0.615977 -0.064366
    outer loop
      vertex 84.447309 39.022640 19.527132
      vertex 82.199198 36.157175 19.527132
      vertex 82.122106 36.161103 20.505081
    endloop
  endfacet
  facet normal -0.785130 0.615977 -0.064366
    outer loop
      vertex 84.447309 39.022640 19.527132
      vertex 82.122106 36.161103 20.505081
      vertex 84.383678 39.043726 20.505081
    endloop
  endfacet
  facet normal 0.785058 -0.615920 0.065784
    outer loop
      vertex 83.692882 36.081074 19.080586
      vertex 85.680177 38.614101 19.080586
      vertex 85.615368 38.635577 20.055081
    endloop
  endfacet
  facet normal 0.785058 -0.615920 0.065784
    outer loop
      vertex 83.692882 36.081074 19.080586
      vertex 85.615368 38.635577 20.055081
      vertex 83.614362 36.085075 20.055081
    endloop
  endfacet
  facet normal -0.791857 0.607252 -0.064861
    outer loop
      vertex 82.199198 36.157175 19.527132
      vertex 80.112685 33.436360 19.527132
      vertex 80.023099 33.423997 20.505081
    endloop
  endfacet
  facet normal -0.791857 0.607252 -0.064861
    outer loop
      vertex 82.199198 36.157175 19.527132
      vertex 80.023099 33.423997 20.505081
      vertex 82.122106 36.161103 20.505081
    endloop
  endfacet
  facet normal 0.791783 -0.607195 0.066290
    outer loop
      vertex 81.848437 33.675917 19.080586
      vertex 83.692882 36.081074 19.080586
      vertex 83.614362 36.085075 20.055081
    endloop
  endfacet
  facet normal 0.791783 -0.607195 0.066290
    outer loop
      vertex 81.848437 33.675917 19.080586
      vertex 83.614362 36.085075 20.055081
      vertex 81.757192 33.663324 20.055081
    endloop
  endfacet
  facet normal -0.583991 -0.811760 0.000000
    outer loop
      vertex 80.023099 33.423997 20.505081
      vertex 82.882970 31.366568 20.505081
      vertex 82.882970 31.366568 22.184837
    endloop
  endfacet
  facet normal -0.583991 -0.811760 0.000000
    outer loop
      vertex 80.023099 33.423997 20.505081
      vertex 82.882970 31.366568 22.184837
      vertex 80.023099 33.423997 22.354364
    endloop
  endfacet
  facet normal 0.583991 0.811760 0.000000
    outer loop
      vertex 84.287564 31.842942 20.055081
      vertex 81.757192 33.663324 20.055081
      vertex 81.757192 33.663324 21.904364
    endloop
  endfacet
  facet normal 0.583991 0.811760 -0.000000
    outer loop
      vertex 84.287564 31.842942 20.055081
      vertex 81.757192 33.663324 21.904364
      vertex 84.287564 31.842942 21.734837
    endloop
  endfacet
  facet normal -0.575695 -0.817664 0.000000
    outer loop
      vertex 82.882970 31.366568 20.505081
      vertex 85.950620 29.206719 20.505081
      vertex 85.950620 29.206719 22.001733
    endloop
  endfacet
  facet normal -0.575695 -0.817664 0.000000
    outer loop
      vertex 82.882970 31.366568 20.505081
      vertex 85.950620 29.206719 22.001733
      vertex 82.882970 31.366568 22.184837
    endloop
  endfacet
  facet normal 0.575695 0.817664 0.000000
    outer loop
      vertex 87.001775 29.931939 20.055081
      vertex 84.287564 31.842942 20.055081
      vertex 84.287564 31.842942 21.734837
    endloop
  endfacet
  facet normal 0.575695 0.817664 -0.000000
    outer loop
      vertex 87.001775 29.931939 20.055081
      vertex 84.287564 31.842942 21.734837
      vertex 87.001775 29.931939 21.551733
    endloop
  endfacet
  facet normal -0.546862 -0.837223 0.000000
    outer loop
      vertex 85.950620 29.206719 20.505081
      vertex 89.265381 27.041565 20.505081
      vertex 89.265381 27.041565 21.793412
    endloop
  endfacet
  facet normal -0.546862 -0.837223 0.000000
    outer loop
      vertex 85.950620 29.206719 20.505081
      vertex 89.265381 27.041565 21.793412
      vertex 85.950620 29.206719 22.001733
    endloop
  endfacet
  facet normal 0.546862 0.837223 0.000000
    outer loop
      vertex 89.934626 28.016243 20.055081
      vertex 87.001775 29.931939 20.055081
      vertex 87.001775 29.931939 21.551733
    endloop
  endfacet
  facet normal 0.546862 0.837223 -0.000000
    outer loop
      vertex 89.934626 28.016243 20.055081
      vertex 87.001775 29.931939 21.551733
      vertex 89.934626 28.016243 21.343412
    endloop
  endfacet
  facet normal -0.500545 -0.865710 0.000000
    outer loop
      vertex 89.265381 27.041565 20.505081
      vertex 92.725490 25.040963 20.505081
      vertex 92.725490 25.040963 21.558865
    endloop
  endfacet
  facet normal -0.500545 -0.865710 0.000000
    outer loop
      vertex 89.265381 27.041565 20.505081
      vertex 92.725490 25.040963 21.558865
      vertex 89.265381 27.041565 21.793412
    endloop
  endfacet
  facet normal 0.500545 0.865710 0.000000
    outer loop
      vertex 92.996079 26.246140 20.055081
      vertex 89.934626 28.016243 20.055081
      vertex 89.934626 28.016243 21.343412
    endloop
  endfacet
  facet normal 0.500545 0.865710 -0.000000
    outer loop
      vertex 92.996079 26.246140 20.055081
      vertex 89.934626 28.016243 21.343412
      vertex 92.996079 26.246140 21.108865
    endloop
  endfacet
  facet normal -0.462539 -0.886599 0.000000
    outer loop
      vertex 92.725490 25.040963 20.505081
      vertex 96.119236 23.270444 20.505081
      vertex 96.119236 23.270444 21.318132
    endloop
  endfacet
  facet normal -0.462539 -0.886599 0.000000
    outer loop
      vertex 92.725490 25.040963 20.505081
      vertex 96.119236 23.270444 21.318132
      vertex 92.725490 25.040963 21.558865
    endloop
  endfacet
  facet normal 0.462539 0.886599 0.000000
    outer loop
      vertex 95.998815 24.679611 20.055081
      vertex 92.996079 26.246140 20.055081
      vertex 92.996079 26.246140 21.108865
    endloop
  endfacet
  facet normal 0.462539 0.886599 -0.000000
    outer loop
      vertex 95.998815 24.679611 20.055081
      vertex 92.996079 26.246140 21.108865
      vertex 95.998815 24.679611 20.868132
    endloop
  endfacet
  facet normal -0.447302 -0.894383 0.000000
    outer loop
      vertex 96.119236 23.270444 20.505081
      vertex 99.333417 21.662956 20.505081
      vertex 99.333417 21.662956 21.090021
    endloop
  endfacet
  facet normal -0.447302 -0.894383 0.000000
    outer loop
      vertex 96.119236 23.270444 20.505081
      vertex 99.333417 21.662956 21.090021
      vertex 96.119236 23.270444 21.318132
    endloop
  endfacet
  facet normal 0.447302 0.894383 0.000000
    outer loop
      vertex 98.842675 23.257329 20.055081
      vertex 95.998815 24.679611 20.055081
      vertex 95.998815 24.679611 20.868132
    endloop
  endfacet
  facet normal 0.447302 0.894383 -0.000000
    outer loop
      vertex 98.842675 23.257329 20.055081
      vertex 95.998815 24.679611 20.868132
      vertex 98.842675 23.257329 20.640021
    endloop
  endfacet
  facet normal -0.447029 -0.894519 0.000000
    outer loop
      vertex 99.333417 21.662956 20.505081
      vertex 102.368404 20.146244 20.505081
      vertex 102.368404 20.146244 20.880251
    endloop
  endfacet
  facet normal -0.447029 -0.894519 0.000000
    outer loop
      vertex 99.333417 21.662956 20.505081
      vertex 102.368404 20.146244 20.880251
      vertex 99.333417 21.662956 21.090021
    endloop
  endfacet
  facet normal 0.447029 0.894519 0.000000
    outer loop
      vertex 101.527987 21.915365 20.055081
      vertex 98.842675 23.257329 20.055081
      vertex 98.842675 23.257329 20.640021
    endloop
  endfacet
  facet normal 0.447029 0.894519 -0.000000
    outer loop
      vertex 101.527987 21.915365 20.055081
      vertex 98.842675 23.257329 20.640021
      vertex 101.527987 21.915365 20.430251
    endloop
  endfacet
  facet normal -0.452302 -0.891865 0.000000
    outer loop
      vertex 102.368404 20.146244 20.505081
      vertex 105.257248 18.681189 20.505081
      vertex 105.257248 18.681189 20.688041
    endloop
  endfacet
  facet normal -0.452302 -0.891865 0.000000
    outer loop
      vertex 102.368404 20.146244 20.505081
      vertex 105.257248 18.681189 20.688041
      vertex 102.368404 20.146244 20.880251
    endloop
  endfacet
  facet normal 0.452302 0.891865 0.000000
    outer loop
      vertex 104.083992 20.619106 20.055081
      vertex 101.527987 21.915365 20.055081
      vertex 101.527987 21.915365 20.430251
    endloop
  endfacet
  facet normal 0.452302 0.891865 -0.000000
    outer loop
      vertex 104.083992 20.619106 20.055081
      vertex 101.527987 21.915365 20.430251
      vertex 104.083992 20.619106 20.238041
    endloop
  endfacet
  facet normal -0.995385 -0.095965 0.000000
    outer loop
      vertex 105.257248 18.681189 20.505081
      vertex 104.870384 22.693869 20.505081
      vertex 104.870384 22.693869 20.416646
    endloop
  endfacet
  facet normal 0.995385 0.095965 -0.000000
    outer loop
      vertex 105.257248 18.681189 20.505081
      vertex 104.870384 22.693869 20.416646
      vertex 105.257248 18.681189 20.688041
    endloop
  endfacet
  facet normal -0.995385 -0.095965 0.000000
    outer loop
      vertex 103.741701 24.169466 20.055081
      vertex 104.083992 20.619106 20.055081
      vertex 104.083992 20.619106 20.238041
    endloop
  endfacet
  facet normal 0.995385 0.095965 0.000000
    outer loop
      vertex 103.741701 24.169466 20.055081
      vertex 104.083992 20.619106 20.238041
      vertex 103.741701 24.169466 19.966646
    endloop
  endfacet
  facet normal -0.996383 -0.084973 0.000000
    outer loop
      vertex 104.870384 22.693869 20.505081
      vertex 104.506848 26.956670 20.505081
      vertex 104.506848 26.956670 20.142395
    endloop
  endfacet
  facet normal -0.996383 -0.084973 -0.000000
    outer loop
      vertex 104.870384 22.693869 20.505081
      vertex 104.506848 26.956670 20.142395
      vertex 104.870384 22.693869 20.416646
    endloop
  endfacet
  facet normal 0.996383 0.084973 0.000000
    outer loop
      vertex 103.420050 27.941129 20.055081
      vertex 103.741701 24.169466 20.055081
      vertex 103.741701 24.169466 19.966646
    endloop
  endfacet
  facet normal 0.996383 0.084973 0.000000
    outer loop
      vertex 103.420050 27.941129 20.055081
      vertex 103.741701 24.169466 19.966646
      vertex 103.420050 27.941129 19.692395
    endloop
  endfacet
  facet normal -0.996640 -0.081910 0.000000
    outer loop
      vertex 104.506848 26.956670 20.505081
      vertex 104.125656 31.594850 20.505081
      vertex 104.125656 31.594850 19.867335
    endloop
  endfacet
  facet normal -0.996640 -0.081910 -0.000000
    outer loop
      vertex 104.506848 26.956670 20.505081
      vertex 104.125656 31.594850 19.867335
      vertex 104.506848 26.956670 20.142395
    endloop
  endfacet
  facet normal 0.996640 0.081910 0.000000
    outer loop
      vertex 103.082777 32.044922 20.055081
      vertex 103.420050 27.941129 20.055081
      vertex 103.420050 27.941129 19.692395
    endloop
  endfacet
  facet normal 0.996640 0.081910 0.000000
    outer loop
      vertex 103.082777 32.044922 20.055081
      vertex 103.420050 27.941129 19.692395
      vertex 103.082777 32.044922 19.417335
    endloop
  endfacet
  facet normal -0.992994 -0.118169 0.000000
    outer loop
      vertex 104.125656 31.594850 20.505081
      vertex 103.522856 36.660293 20.505081
      vertex 103.522856 36.660293 19.615964
    endloop
  endfacet
  facet normal -0.992994 -0.118169 -0.000000
    outer loop
      vertex 104.125656 31.594850 20.505081
      vertex 103.522856 36.660293 19.615964
      vertex 104.125656 31.594850 19.867335
    endloop
  endfacet
  facet normal 0.992994 0.118169 0.000000
    outer loop
      vertex 102.549428 36.526750 20.055081
      vertex 103.082777 32.044922 20.055081
      vertex 103.082777 32.044922 19.417335
    endloop
  endfacet
  facet normal 0.992994 0.118169 0.000000
    outer loop
      vertex 102.549428 36.526750 20.055081
      vertex 103.082777 32.044922 19.417335
      vertex 102.549428 36.526750 19.165964
    endloop
  endfacet
  facet normal -0.980489 -0.196574 0.000000
    outer loop
      vertex 103.522856 36.660293 20.505081
      vertex 102.515158 41.686585 20.505081
      vertex 102.515158 41.686585 19.435424
    endloop
  endfacet
  facet normal -0.980489 -0.196574 -0.000000
    outer loop
      vertex 103.522856 36.660293 20.505081
      vertex 102.515158 41.686585 19.435424
      vertex 103.522856 36.660293 19.615964
    endloop
  endfacet
  facet normal 0.980489 0.196574 0.000000
    outer loop
      vertex 101.657832 40.973939 20.055081
      vertex 102.549428 36.526750 20.055081
      vertex 102.549428 36.526750 19.165964
    endloop
  endfacet
  facet normal 0.980489 0.196574 0.000000
    outer loop
      vertex 101.657832 40.973939 20.055081
      vertex 102.549428 36.526750 19.165964
      vertex 101.657832 40.973939 18.985424
    endloop
  endfacet
  facet normal -0.971608 -0.236596 0.000000
    outer loop
      vertex 102.515158 41.686585 20.505081
      vertex 101.405734 46.242562 20.505081
      vertex 101.405734 46.242562 19.315065
    endloop
  endfacet
  facet normal -0.971608 -0.236596 -0.000000
    outer loop
      vertex 102.515158 41.686585 20.505081
      vertex 101.405734 46.242562 19.315065
      vertex 102.515158 41.686585 19.435424
    endloop
  endfacet
  facet normal 0.971608 0.236596 0.000000
    outer loop
      vertex 100.676230 45.005000 20.055081
      vertex 101.657832 40.973939 20.055081
      vertex 101.657832 40.973939 18.985424
    endloop
  endfacet
  facet normal 0.971608 0.236596 0.000000
    outer loop
      vertex 100.676230 45.005000 20.055081
      vertex 101.657832 40.973939 18.985424
      vertex 100.676230 45.005000 18.865065
    endloop
  endfacet
  facet normal -0.971956 -0.235164 0.000000
    outer loop
      vertex 101.405734 46.242562 20.505081
      vertex 100.394034 50.424021 20.505081
      vertex 100.394034 50.424021 19.226085
    endloop
  endfacet
  facet normal -0.971956 -0.235164 -0.000000
    outer loop
      vertex 101.405734 46.242562 20.505081
      vertex 100.394034 50.424021 19.226085
      vertex 101.405734 46.242562 19.315065
    endloop
  endfacet
  facet normal 0.971956 0.235164 0.000000
    outer loop
      vertex 99.781093 48.704693 20.055081
      vertex 100.676230 45.005000 20.055081
      vertex 100.676230 45.005000 18.865065
    endloop
  endfacet
  facet normal 0.971956 0.235164 0.000000
    outer loop
      vertex 99.781093 48.704693 20.055081
      vertex 100.676230 45.005000 18.865065
      vertex 99.781093 48.704693 18.776085
    endloop
  endfacet
  facet normal -0.974469 -0.224522 0.000000
    outer loop
      vertex 100.394034 50.424021 20.505081
      vertex 99.485361 54.367849 20.505081
      vertex 99.485361 54.367849 19.158268
    endloop
  endfacet
  facet normal -0.974469 -0.224522 -0.000000
    outer loop
      vertex 100.394034 50.424021 20.505081
      vertex 99.485361 54.367849 19.158268
      vertex 100.394034 50.424021 19.226085
    endloop
  endfacet
  facet normal 0.974469 0.224522 0.000000
    outer loop
      vertex 98.977113 52.194133 20.055081
      vertex 99.781093 48.704693 20.055081
      vertex 99.781093 48.704693 18.776085
    endloop
  endfacet
  facet normal 0.974469 0.224522 0.000000
    outer loop
      vertex 98.977113 52.194133 20.055081
      vertex 99.781093 48.704693 18.776085
      vertex 98.977113 52.194133 18.708268
    endloop
  endfacet
  facet normal 0.689613 -0.724178 0.000000
    outer loop
      vertex 99.485361 54.367849 20.505081
      vertex 97.180893 52.173373 20.505081
      vertex 97.180893 52.173373 19.419705
    endloop
  endfacet
  facet normal 0.689613 -0.724178 0.000000
    outer loop
      vertex 99.485361 54.367849 20.505081
      vertex 97.180893 52.173373 19.419705
      vertex 99.485361 54.367849 19.158268
    endloop
  endfacet
  facet normal -0.689613 0.724178 0.000000
    outer loop
      vertex 96.938154 50.252493 20.055081
      vertex 98.977113 52.194133 20.055081
      vertex 98.977113 52.194133 18.708268
    endloop
  endfacet
  facet normal -0.689613 0.724178 0.000000
    outer loop
      vertex 96.938154 50.252493 20.055081
      vertex 98.977113 52.194133 18.708268
      vertex 96.938154 50.252493 18.969705
    endloop
  endfacet
  facet normal 0.685973 -0.727627 0.000000
    outer loop
      vertex 97.180893 52.173373 20.505081
      vertex 94.755732 49.887045 20.505081
      vertex 94.755732 49.887045 19.725497
    endloop
  endfacet
  facet normal 0.685973 -0.727627 0.000000
    outer loop
      vertex 97.180893 52.173373 20.505081
      vertex 94.755732 49.887045 19.725497
      vertex 97.180893 52.173373 19.419705
    endloop
  endfacet
  facet normal -0.685973 0.727627 0.000000
    outer loop
      vertex 94.792407 48.229585 20.055081
      vertex 96.938154 50.252493 20.055081
      vertex 96.938154 50.252493 18.969705
    endloop
  endfacet
  facet normal -0.685973 0.727627 0.000000
    outer loop
      vertex 94.792407 48.229585 20.055081
      vertex 96.938154 50.252493 18.969705
      vertex 94.792407 48.229585 19.275497
    endloop
  endfacet
  facet normal 0.687328 -0.726347 0.000000
    outer loop
      vertex 94.755732 49.887045 20.505081
      vertex 92.194370 47.463278 20.505081
      vertex 92.194370 47.463278 20.081816
    endloop
  endfacet
  facet normal 0.687328 -0.726347 0.000000
    outer loop
      vertex 94.755732 49.887045 20.505081
      vertex 92.194370 47.463278 20.081816
      vertex 94.755732 49.887045 19.725497
    endloop
  endfacet
  facet normal -0.687328 0.726347 0.000000
    outer loop
      vertex 92.526152 46.085071 20.055081
      vertex 94.792407 48.229585 20.055081
      vertex 94.792407 48.229585 19.275497
    endloop
  endfacet
  facet normal -0.687328 0.726347 0.000000
    outer loop
      vertex 92.526152 46.085071 20.055081
      vertex 94.792407 48.229585 19.275497
      vertex 92.526152 46.085071 19.631816
    endloop
  endfacet
  facet normal 0.700785 -0.713373 0.000000
    outer loop
      vertex 92.194370 47.463278 20.505081
      vertex 89.523335 44.839377 20.505081
      vertex 89.523335 44.839377 20.492486
    endloop
  endfacet
  facet normal 0.700785 -0.713373 0.000000
    outer loop
      vertex 92.194370 47.463278 20.505081
      vertex 89.523335 44.839377 20.492486
      vertex 92.194370 47.463278 20.081816
    endloop
  endfacet
  facet normal -0.700785 0.713373 0.000000
    outer loop
      vertex 90.162860 43.763483 20.055081
      vertex 92.526152 46.085071 20.055081
      vertex 92.526152 46.085071 19.631816
    endloop
  endfacet
  facet normal -0.700785 0.713373 0.000000
    outer loop
      vertex 90.162860 43.763483 20.055081
      vertex 92.526152 46.085071 19.631816
      vertex 90.162860 43.763483 20.042486
    endloop
  endfacet
  facet normal -0.730740 0.682656 0.000000
    outer loop
      vertex 89.523335 44.839377 20.505081
      vertex 86.865237 41.994048 20.505081
      vertex 86.865237 41.994048 20.948435
    endloop
  endfacet
  facet normal 0.730740 -0.682656 0.000000
    outer loop
      vertex 89.523335 44.839377 20.505081
      vertex 86.865237 41.994048 20.948435
      vertex 89.523335 44.839377 20.492486
    endloop
  endfacet
  facet normal -0.730740 0.682656 0.000000
    outer loop
      vertex 87.811014 41.245978 20.055081
      vertex 90.162860 43.763483 20.055081
      vertex 90.162860 43.763483 20.042486
    endloop
  endfacet
  facet normal 0.730740 -0.682656 0.000000
    outer loop
      vertex 87.811014 41.245978 20.055081
      vertex 90.162860 43.763483 20.042486
      vertex 87.811014 41.245978 20.498435
    endloop
  endfacet
  facet normal -0.765285 0.643692 0.000000
    outer loop
      vertex 86.865237 41.994048 20.505081
      vertex 84.383678 39.043726 20.505081
      vertex 84.383678 39.043726 21.423173
    endloop
  endfacet
  facet normal -0.765285 0.643692 0.000000
    outer loop
      vertex 86.865237 41.994048 20.505081
      vertex 84.383678 39.043726 21.423173
      vertex 86.865237 41.994048 20.948435
    endloop
  endfacet
  facet normal 0.765285 -0.643692 0.000000
    outer loop
      vertex 85.615368 38.635577 20.055081
      vertex 87.811014 41.245978 20.055081
      vertex 87.811014 41.245978 20.498435
    endloop
  endfacet
  facet normal 0.765285 -0.643692 0.000000
    outer loop
      vertex 85.615368 38.635577 20.055081
      vertex 87.811014 41.245978 20.498435
      vertex 85.615368 38.635577 20.973173
    endloop
  endfacet
  facet normal -0.786762 0.617257 0.000000
    outer loop
      vertex 84.383678 39.043726 20.505081
      vertex 82.122106 36.161103 20.505081
      vertex 82.122106 36.161103 21.893951
    endloop
  endfacet
  facet normal -0.786762 0.617257 0.000000
    outer loop
      vertex 84.383678 39.043726 20.505081
      vertex 82.122106 36.161103 21.893951
      vertex 84.383678 39.043726 21.423173
    endloop
  endfacet
  facet normal 0.786762 -0.617257 0.000000
    outer loop
      vertex 83.614362 36.085075 20.055081
      vertex 85.615368 38.635577 20.055081
      vertex 85.615368 38.635577 20.973173
    endloop
  endfacet
  facet normal 0.786762 -0.617257 0.000000
    outer loop
      vertex 83.614362 36.085075 20.055081
      vertex 85.615368 38.635577 20.973173
      vertex 83.614362 36.085075 21.443951
    endloop
  endfacet
  facet normal -0.793528 0.608534 0.000000
    outer loop
      vertex 82.122106 36.161103 20.505081
      vertex 80.023099 33.423997 20.505081
      vertex 80.023099 33.423997 22.354364
    endloop
  endfacet
  facet normal -0.793528 0.608534 0.000000
    outer loop
      vertex 82.122106 36.161103 20.505081
      vertex 80.023099 33.423997 22.354364
      vertex 82.122106 36.161103 21.893951
    endloop
  endfacet
  facet normal 0.793528 -0.608534 0.000000
    outer loop
      vertex 81.757192 33.663324 20.055081
      vertex 83.614362 36.085075 20.055081
      vertex 83.614362 36.085075 21.443951
    endloop
  endfacet
  facet normal 0.793528 -0.608534 0.000000
    outer loop
      vertex 81.757192 33.663324 20.055081
      vertex 83.614362 36.085075 21.443951
      vertex 81.757192 33.663324 21.904364
    endloop
  endfacet
  facet normal 0.000000 0.000000 1.000000
    outer loop
      vertex 88.000104 34.524925 4.261826
      vertex 89.344243 33.557934 4.261826
      vertex 90.786039 32.542805 4.261826
    endloop
  endfacet
  facet normal 0.000000 0.000000 1.000000
    outer loop
      vertex 88.000104 34.524925 4.261826
      vertex 90.786039 32.542805 4.261826
      vertex 92.343977 31.525182 4.261826
    endloop
  endfacet
  facet normal 0.000000 0.000000 1.000000
    outer loop
      vertex 88.000104 34.524925 4.261826
      vertex 92.343977 31.525182 4.261826
      vertex 93.970228 30.584899 4.261826
    endloop
  endfacet
  facet normal 0.000000 0.000000 1.000000
    outer loop
      vertex 88.000104 34.524925 4.261826
      vertex 93.970228 30.584899 4.261826
      vertex 95.565288 29.752755 4.261826
    endloop
  endfacet
  facet normal 0.000000 0.000000 1.000000
    outer loop
      vertex 88.000104 34.524925 4.261826
      vertex 95.565288 29.752755 4.261826
      vertex 97.075954 28.997236 4.261826
    endloop
  endfacet
  facet normal 0.000000 0.000000 1.000000
    outer loop
      vertex 88.000104 34.524925 4.261826
      vertex 97.075954 28.997236 4.261826
      vertex 98.502398 28.284381 4.261826
    endloop
  endfacet
  facet normal 0.000000 0.000000 1.000000
    outer loop
      vertex 88.000104 34.524925 4.261826
      vertex 98.502398 28.284381 4.261826
      vertex 99.860154 27.595806 4.261826
    endloop
  endfacet
  facet normal 0.000000 0.000000 1.000000
    outer loop
      vertex 88.000104 34.524925 4.261826
      vertex 99.860154 27.595806 4.261826
      vertex 99.678328 29.481765 4.261826
    endloop
  endfacet
  facet normal 0.000000 0.000000 1.000000
    outer loop
      vertex 88.000104 34.524925 4.261826
      vertex 99.678328 29.481765 4.261826
      vertex 99.507466 31.485282 4.261826
    endloop
  endfacet
  facet normal 0.000000 0.000000 1.000000
    outer loop
      vertex 88.000104 34.524925 4.261826
      vertex 99.507466 31.485282 4.261826
      vertex 99.328306 33.665226 4.261826
    endloop
  endfacet
  facet normal -0.000000 0.000000 1.000000
    outer loop
      vertex 88.000104 34.524925 4.261826
      vertex 99.328306 33.665226 4.261826
      vertex 99.044990 36.045984 4.261826
    endloop
  endfacet
  facet normal 0.000000 0.000000 1.000000
    outer loop
      vertex 88.000104 34.524925 4.261826
      vertex 99.044990 36.045984 4.261826
      vertex 98.571372 38.408342 4.261826
    endloop
  endfacet
  facet normal 0.000000 0.000000 1.000000
    outer loop
      vertex 88.000104 34.524925 4.261826
      vertex 98.571372 38.408342 4.261826
      vertex 98.049943 40.549651 4.261826
    endloop
  endfacet
  facet normal 0.000000 0.000000 1.000000
    outer loop
      vertex 88.000104 34.524925 4.261826
      vertex 98.049943 40.549651 4.261826
      vertex 97.574444 42.514937 4.261826
    endloop
  endfacet
  facet normal 0.000000 0.000000 1.000000
    outer loop
      vertex 88.000104 34.524925 4.261826
      vertex 97.574444 42.514937 4.261826
      vertex 97.147367 44.368536 4.261826
    endloop
  endfacet
  facet normal 0.000000 0.000000 1.000000
    outer loop
      vertex 88.000104 34.524925 4.261826
      vertex 97.147367 44.368536 4.261826
      vertex 96.064267 43.337132 4.261826
    endloop
  endfacet
  facet normal 0.000000 0.000000 1.000000
    outer loop
      vertex 88.000104 34.524925 4.261826
      vertex 96.064267 43.337132 4.261826
      vertex 94.924441 42.262558 4.261826
    endloop
  endfacet
  facet normal 0.000000 0.000000 1.000000
    outer loop
      vertex 88.000104 34.524925 4.261826
      vertex 94.924441 42.262558 4.261826
      vertex 93.720601 41.123387 4.261826
    endloop
  endfacet
  facet normal 0.000000 0.000000 1.000000
    outer loop
      vertex 88.000104 34.524925 4.261826
      vertex 93.720601 41.123387 4.261826
      vertex 92.465215 39.890154 4.261826
    endloop
  endfacet
  facet normal 0.000000 0.000000 1.000000
    outer loop
      vertex 88.000104 34.524925 4.261826
      vertex 92.465215 39.890154 4.261826
      vertex 91.215909 38.552850 4.261826
    endloop
  endfacet
  facet normal 0.000000 0.000000 1.000000
    outer loop
      vertex 88.000104 34.524925 4.261826
      vertex 91.215909 38.552850 4.261826
      vertex 90.049576 37.166198 4.261826
    endloop
  endfacet
  facet normal 0.000000 0.000000 1.000000
    outer loop
      vertex 88.000104 34.524925 4.261826
      vertex 90.049576 37.166198 4.261826
      vertex 88.986637 35.811365 4.261826
    endloop
  endfacet
  facet normal 0.223996 0.233392 0.946232
    outer loop
      vertex 80.023099 33.423997 22.354364
      vertex 82.882970 31.366568 22.184837
      vertex 84.287564 31.842942 21.734837
    endloop
  endfacet
  facet normal 0.217622 0.213811 0.952326
    outer loop
      vertex 80.023099 33.423997 22.354364
      vertex 84.287564 31.842942 21.734837
      vertex 81.757192 33.663324 21.904364
    endloop
  endfacet
  facet normal 0.231170 0.248591 0.940618
    outer loop
      vertex 82.882970 31.366568 22.184837
      vertex 85.950620 29.206719 22.001733
      vertex 87.001775 29.931939 21.551733
    endloop
  endfacet
  facet normal 0.225489 0.229543 0.946818
    outer loop
      vertex 82.882970 31.366568 22.184837
      vertex 87.001775 29.931939 21.551733
      vertex 84.287564 31.842942 21.734837
    endloop
  endfacet
  facet normal 0.234931 0.269822 0.933812
    outer loop
      vertex 85.950620 29.206719 22.001733
      vertex 89.265381 27.041565 21.793412
      vertex 89.934626 28.016243 21.343412
    endloop
  endfacet
  facet normal 0.230121 0.250033 0.940493
    outer loop
      vertex 85.950620 29.206719 22.001733
      vertex 89.934626 28.016243 21.343412
      vertex 87.001775 29.931939 21.551733
    endloop
  endfacet
  facet normal 0.232768 0.293893 0.927063
    outer loop
      vertex 89.265381 27.041565 21.793412
      vertex 92.725490 25.040963 21.558865
      vertex 92.996079 26.246140 21.108865
    endloop
  endfacet
  facet normal 0.229703 0.273515 0.934037
    outer loop
      vertex 89.265381 27.041565 21.793412
      vertex 92.996079 26.246140 21.108865
      vertex 89.934626 28.016243 21.343412
    endloop
  endfacet
  facet normal 0.229083 0.313824 0.921431
    outer loop
      vertex 92.725490 25.040963 21.558865
      vertex 96.119236 23.270444 21.318132
      vertex 95.998815 24.679611 20.868132
    endloop
  endfacet
  facet normal 0.228357 0.295145 0.927762
    outer loop
      vertex 92.725490 25.040963 21.558865
      vertex 95.998815 24.679611 20.868132
      vertex 92.996079 26.246140 21.108865
    endloop
  endfacet
  facet normal 0.229639 0.329192 0.915914
    outer loop
      vertex 96.119236 23.270444 21.318132
      vertex 99.333417 21.662956 21.090021
      vertex 98.842675 23.257329 20.640021
    endloop
  endfacet
  facet normal 0.230830 0.313833 0.920992
    outer loop
      vertex 96.119236 23.270444 21.318132
      vertex 98.842675 23.257329 20.640021
      vertex 95.998815 24.679611 20.868132
    endloop
  endfacet
  facet normal 0.234118 0.342644 0.909826
    outer loop
      vertex 99.333417 21.662956 21.090021
      vertex 102.368404 20.146244 20.880251
      vertex 101.527987 21.915365 20.430251
    endloop
  endfacet
  facet normal 0.236626 0.330688 0.913594
    outer loop
      vertex 99.333417 21.662956 21.090021
      vertex 101.527987 21.915365 20.430251
      vertex 98.842675 23.257329 20.640021
    endloop
  endfacet
  facet normal 0.240258 0.355228 0.903376
    outer loop
      vertex 102.368404 20.146244 20.880251
      vertex 105.257248 18.681189 20.688041
      vertex 104.083992 20.619106 20.238041
    endloop
  endfacet
  facet normal 0.243706 0.346213 0.905949
    outer loop
      vertex 102.368404 20.146244 20.880251
      vertex 104.083992 20.619106 20.238041
      vertex 101.527987 21.915365 20.430251
    endloop
  endfacet
  facet normal -0.334396 0.031466 0.941907
    outer loop
      vertex 105.257248 18.681189 20.688041
      vertex 104.870384 22.693869 20.416646
      vertex 103.741701 24.169466 19.966646
    endloop
  endfacet
  facet normal -0.292329 0.044839 0.955266
    outer loop
      vertex 105.257248 18.681189 20.688041
      vertex 103.741701 24.169466 19.966646
      vertex 104.083992 20.619106 20.238041
    endloop
  endfacet
  facet normal -0.359598 0.029336 0.932646
    outer loop
      vertex 104.870384 22.693869 20.416646
      vertex 104.506848 26.956670 20.142395
      vertex 103.420050 27.941129 19.692395
    endloop
  endfacet
  facet normal -0.323098 0.041194 0.945469
    outer loop
      vertex 104.870384 22.693869 20.416646
      vertex 103.420050 27.941129 19.692395
      vertex 103.741701 24.169466 19.966646
    endloop
  endfacet
  facet normal -0.387783 0.022776 0.921469
    outer loop
      vertex 104.506848 26.956670 20.142395
      vertex 104.125656 31.594850 19.867335
      vertex 103.082777 32.044922 19.417335
    endloop
  endfacet
  facet normal -0.356462 0.033287 0.933716
    outer loop
      vertex 104.506848 26.956670 20.142395
      vertex 103.082777 32.044922 19.417335
      vertex 103.420050 27.941129 19.692395
    endloop
  endfacet
  facet normal -0.419067 -0.004814 0.907943
    outer loop
      vertex 104.125656 31.594850 19.867335
      vertex 103.522856 36.660293 19.615964
      vertex 102.549428 36.526750 19.165964
    endloop
  endfacet
  facet normal -0.394514 0.004589 0.918879
    outer loop
      vertex 104.125656 31.594850 19.867335
      vertex 102.549428 36.526750 19.165964
      vertex 103.082777 32.044922 19.417335
    endloop
  endfacet
  facet normal -0.428810 -0.053578 0.901805
    outer loop
      vertex 103.522856 36.660293 19.615964
      vertex 102.515158 41.686585 19.435424
      vertex 101.657832 40.973939 18.985424
    endloop
  endfacet
  facet normal -0.413954 -0.046084 0.909130
    outer loop
      vertex 103.522856 36.660293 19.615964
      vertex 101.657832 40.973939 18.985424
      vertex 102.549428 36.526750 19.165964
    endloop
  endfacet
  facet normal -0.422729 -0.079088 0.902799
    outer loop
      vertex 102.515158 41.686585 19.435424
      vertex 101.405734 46.242562 19.315065
      vertex 100.676230 45.005000 18.865065
    endloop
  endfacet
  facet normal -0.414643 -0.073889 0.906979
    outer loop
      vertex 102.515158 41.686585 19.435424
      vertex 100.676230 45.005000 18.865065
      vertex 101.657832 40.973939 18.985424
    endloop
  endfacet
  facet normal -0.426004 -0.083902 0.900823
    outer loop
      vertex 101.405734 46.242562 19.315065
      vertex 100.394034 50.424021 19.226085
      vertex 99.781093 48.704693 18.776085
    endloop
  endfacet
  facet normal -0.421233 -0.080189 0.903401
    outer loop
      vertex 101.405734 46.242562 19.315065
      vertex 99.781093 48.704693 18.776085
      vertex 100.676230 45.005000 18.865065
    endloop
  endfacet
  facet normal -0.433367 -0.084421 0.897255
    outer loop
      vertex 100.394034 50.424021 19.226085
      vertex 99.485361 54.367849 19.158268
      vertex 98.977113 52.194133 18.708268
    endloop
  endfacet
  facet normal -0.430599 -0.081743 0.898834
    outer loop
      vertex 100.394034 50.424021 19.226085
      vertex 98.977113 52.194133 18.708268
      vertex 99.781093 48.704693 18.776085
    endloop
  endfacet
  facet normal 0.345483 -0.255215 0.903054
    outer loop
      vertex 99.485361 54.367849 19.158268
      vertex 97.180893 52.173373 19.419705
      vertex 96.938154 50.252493 18.969705
    endloop
  endfacet
  facet normal 0.371677 -0.270738 0.888007
    outer loop
      vertex 99.485361 54.367849 19.158268
      vertex 96.938154 50.252493 18.969705
      vertex 98.977113 52.194133 18.708268
    endloop
  endfacet
  facet normal 0.340312 -0.239355 0.909339
    outer loop
      vertex 97.180893 52.173373 19.419705
      vertex 94.755732 49.887045 19.725497
      vertex 94.792407 48.229585 19.275497
    endloop
  endfacet
  facet normal 0.368639 -0.255937 0.893645
    outer loop
      vertex 97.180893 52.173373 19.419705
      vertex 94.792407 48.229585 19.275497
      vertex 96.938154 50.252493 18.969705
    endloop
  endfacet
  facet normal 0.334527 -0.218762 0.916643
    outer loop
      vertex 94.755732 49.887045 19.725497
      vertex 92.194370 47.463278 20.081816
      vertex 92.526152 46.085071 19.631816
    endloop
  endfacet
  facet normal 0.365247 -0.236377 0.900401
    outer loop
      vertex 94.755732 49.887045 19.725497
      vertex 92.526152 46.085071 19.631816
      vertex 94.792407 48.229585 19.275497
    endloop
  endfacet
  facet normal 0.329607 -0.190812 0.924635
    outer loop
      vertex 92.194370 47.463278 20.081816
      vertex 89.523335 44.839377 20.492486
      vertex 90.162860 43.763483 20.042486
    endloop
  endfacet
  facet normal 0.363138 -0.209046 0.907982
    outer loop
      vertex 92.194370 47.463278 20.081816
      vertex 90.162860 43.763483 20.042486
      vertex 92.526152 46.085071 19.631816
    endloop
  endfacet
  facet normal 0.323572 -0.152642 0.933810
    outer loop
      vertex 89.523335 44.839377 20.492486
      vertex 86.865237 41.994048 20.948435
      vertex 87.811014 41.245978 20.498435
    endloop
  endfacet
  facet normal 0.359734 -0.169901 0.917456
    outer loop
      vertex 89.523335 44.839377 20.492486
      vertex 87.811014 41.245978 20.498435
      vertex 90.162860 43.763483 20.042486
    endloop
  endfacet
  facet normal 0.309336 -0.108161 0.944782
    outer loop
      vertex 86.865237 41.994048 20.948435
      vertex 84.383678 39.043726 21.423173
      vertex 85.615368 38.635577 20.973173
    endloop
  endfacet
  facet normal 0.346133 -0.121963 0.930224
    outer loop
      vertex 86.865237 41.994048 20.948435
      vertex 85.615368 38.635577 20.973173
      vertex 87.811014 41.245978 20.498435
    endloop
  endfacet
  facet normal 0.284911 -0.067368 0.956184
    outer loop
      vertex 84.383678 39.043726 21.423173
      vertex 82.122106 36.161103 21.893951
      vertex 83.614362 36.085075 21.443951
    endloop
  endfacet
  facet normal 0.319699 -0.076496 0.944426
    outer loop
      vertex 84.383678 39.043726 21.423173
      vertex 83.614362 36.085075 21.443951
      vertex 85.615368 38.635577 20.973173
    endloop
  endfacet
  facet normal 0.255343 -0.033276 0.966278
    outer loop
      vertex 82.122106 36.161103 21.893951
      vertex 80.023099 33.423997 22.354364
      vertex 81.757192 33.663324 21.904364
    endloop
  endfacet
  facet normal 0.286737 -0.037900 0.957259
    outer loop
      vertex 82.122106 36.161103 21.893951
      vertex 81.757192 33.663324 21.904364
      vertex 83.614362 36.085075 21.443951
    endloop
  endfacet
  facet normal 0.000000 0.000000 1.000000
    outer loop
      vertex 89.390853 34.716866 6.201561
      vertex 90.470733 33.939987 6.201561
      vertex 91.629069 33.124434 6.201561
    endloop
  endfacet
  facet normal 0.000000 0.000000 1.000000
    outer loop
      vertex 89.390853 34.716866 6.201561
      vertex 91.629069 33.124434 6.201561
      vertex 92.880714 32.306878 6.201561
    endloop
  endfacet
  facet normal 0.000000 0.000000 1.000000
    outer loop
      vertex 89.390853 34.716866 6.201561
      vertex 92.880714 32.306878 6.201561
      vertex 94.187241 31.551456 6.201561
    endloop
  endfacet
  facet normal 0.000000 0.000000 1.000000
    outer loop
      vertex 89.390853 34.716866 6.201561
      vertex 94.187241 31.551456 6.201561
      vertex 95.468710 30.882913 6.201561
    endloop
  endfacet
  facet normal 0.000000 0.000000 1.000000
    outer loop
      vertex 89.390853 34.716866 6.201561
      vertex 95.468710 30.882913 6.201561
      vertex 96.682377 30.275930 6.201561
    endloop
  endfacet
  facet normal 0.000000 0.000000 1.000000
    outer loop
      vertex 89.390853 34.716866 6.201561
      vertex 96.682377 30.275930 6.201561
      vertex 97.828379 29.703223 6.201561
    endloop
  endfacet
  facet normal 0.000000 0.000000 1.000000
    outer loop
      vertex 89.390853 34.716866 6.201561
      vertex 97.828379 29.703223 6.201561
      vertex 98.919199 29.150022 6.201561
    endloop
  endfacet
  facet normal 0.000000 0.000000 1.000000
    outer loop
      vertex 89.390853 34.716866 6.201561
      vertex 98.919199 29.150022 6.201561
      vertex 98.773120 30.665200 6.201561
    endloop
  endfacet
  facet normal 0.000000 0.000000 1.000000
    outer loop
      vertex 89.390853 34.716866 6.201561
      vertex 98.773120 30.665200 6.201561
      vertex 98.635850 32.274822 6.201561
    endloop
  endfacet
  facet normal 0.000000 0.000000 1.000000
    outer loop
      vertex 89.390853 34.716866 6.201561
      vertex 98.635850 32.274822 6.201561
      vertex 98.491913 34.026186 6.201561
    endloop
  endfacet
  facet normal -0.000000 0.000000 1.000000
    outer loop
      vertex 89.390853 34.716866 6.201561
      vertex 98.491913 34.026186 6.201561
      vertex 98.264297 35.938883 6.201561
    endloop
  endfacet
  facet normal 0.000000 0.000000 1.000000
    outer loop
      vertex 89.390853 34.716866 6.201561
      vertex 98.264297 35.938883 6.201561
      vertex 97.883793 37.836797 6.201561
    endloop
  endfacet
  facet normal 0.000000 0.000000 1.000000
    outer loop
      vertex 89.390853 34.716866 6.201561
      vertex 97.883793 37.836797 6.201561
      vertex 97.464878 39.557122 6.201561
    endloop
  endfacet
  facet normal 0.000000 0.000000 1.000000
    outer loop
      vertex 89.390853 34.716866 6.201561
      vertex 97.464878 39.557122 6.201561
      vertex 97.082863 41.136029 6.201561
    endloop
  endfacet
  facet normal 0.000000 0.000000 1.000000
    outer loop
      vertex 89.390853 34.716866 6.201561
      vertex 97.082863 41.136029 6.201561
      vertex 96.739750 42.625208 6.201561
    endloop
  endfacet
  facet normal 0.000000 0.000000 1.000000
    outer loop
      vertex 89.390853 34.716866 6.201561
      vertex 96.739750 42.625208 6.201561
      vertex 95.869589 41.796580 6.201561
    endloop
  endfacet
  facet normal 0.000000 0.000000 1.000000
    outer loop
      vertex 89.390853 34.716866 6.201561
      vertex 95.869589 41.796580 6.201561
      vertex 94.953855 40.933269 6.201561
    endloop
  endfacet
  facet normal 0.000000 0.000000 1.000000
    outer loop
      vertex 89.390853 34.716866 6.201561
      vertex 94.953855 40.933269 6.201561
      vertex 93.986692 40.018061 6.201561
    endloop
  endfacet
  facet normal 0.000000 0.000000 1.000000
    outer loop
      vertex 89.390853 34.716866 6.201561
      vertex 93.986692 40.018061 6.201561
      vertex 92.978116 39.027283 6.201561
    endloop
  endfacet
  facet normal 0.000000 0.000000 1.000000
    outer loop
      vertex 89.390853 34.716866 6.201561
      vertex 92.978116 39.027283 6.201561
      vertex 91.974426 37.952895 6.201561
    endloop
  endfacet
  facet normal 0.000000 0.000000 1.000000
    outer loop
      vertex 89.390853 34.716866 6.201561
      vertex 91.974426 37.952895 6.201561
      vertex 91.037396 36.838861 6.201561
    endloop
  endfacet
  facet normal 0.000000 0.000000 1.000000
    outer loop
      vertex 89.390853 34.716866 6.201561
      vertex 91.037396 36.838861 6.201561
      vertex 90.183433 35.750390 6.201561
    endloop
  endfacet
  facet normal 0.461363 -0.886822 -0.026296
    outer loop
      vertex 48.465049 3.708544 4.261826
      vertex 49.045322 4.010428 4.261826
      vertex 49.057694 3.972602 5.754525
    endloop
  endfacet
  facet normal 0.461363 -0.886822 -0.026296
    outer loop
      vertex 48.465049 3.708544 4.261826
      vertex 49.057694 3.972602 5.754525
      vertex 48.470072 3.666896 5.754525
    endloop
  endfacet
  facet normal 0.503639 -0.863521 -0.026056
    outer loop
      vertex 49.045322 4.010428 4.261826
      vertex 49.915531 4.517967 4.261826
      vertex 49.938924 4.486569 5.754525
    endloop
  endfacet
  facet normal 0.503639 -0.863521 -0.026056
    outer loop
      vertex 49.045322 4.010428 4.261826
      vertex 49.938924 4.486569 5.754525
      vertex 49.057694 3.972602 5.754525
    endloop
  endfacet
  facet normal 0.542126 -0.839890 -0.026162
    outer loop
      vertex 49.915531 4.517967 4.261826
      vertex 50.738116 5.048923 4.261826
      vertex 50.771926 5.024249 5.754525
    endloop
  endfacet
  facet normal 0.542126 -0.839890 -0.026162
    outer loop
      vertex 49.915531 4.517967 4.261826
      vertex 50.771926 5.024249 5.754525
      vertex 49.938924 4.486569 5.754525
    endloop
  endfacet
  facet normal 0.562058 -0.826677 -0.026395
    outer loop
      vertex 50.738116 5.048923 4.261826
      vertex 51.504508 5.569994 4.261826
      vertex 51.548024 5.551919 5.754525
    endloop
  endfacet
  facet normal 0.562058 -0.826677 -0.026395
    outer loop
      vertex 50.738116 5.048923 4.261826
      vertex 51.548024 5.551919 5.754525
      vertex 50.771926 5.024249 5.754525
    endloop
  endfacet
  facet normal 0.566715 -0.823488 -0.026493
    outer loop
      vertex 51.504508 5.569994 4.261826
      vertex 52.226272 6.066703 4.261826
      vertex 52.278928 6.054918 5.754525
    endloop
  endfacet
  facet normal 0.566715 -0.823488 -0.026493
    outer loop
      vertex 51.504508 5.569994 4.261826
      vertex 52.278928 6.054918 5.754525
      vertex 51.548024 5.551919 5.754525
    endloop
  endfacet
  facet normal 0.564091 -0.825290 -0.026414
    outer loop
      vertex 52.226272 6.066703 4.261826
      vertex 52.915940 6.538095 4.261826
      vertex 52.977330 6.532280 5.754525
    endloop
  endfacet
  facet normal 0.564091 -0.825290 -0.026414
    outer loop
      vertex 52.226272 6.066703 4.261826
      vertex 52.977330 6.532280 5.754525
      vertex 52.278928 6.054918 5.754525
    endloop
  endfacet
  facet normal 0.490097 0.871507 -0.016761
    outer loop
      vertex 52.915940 6.538095 4.261826
      vertex 51.993271 7.056963 4.261826
      vertex 52.042976 7.057719 5.754525
    endloop
  endfacet
  facet normal 0.490097 0.871507 -0.016761
    outer loop
      vertex 52.915940 6.538095 4.261826
      vertex 52.042976 7.057719 5.754525
      vertex 52.977330 6.532280 5.754525
    endloop
  endfacet
  facet normal 0.498551 0.866693 -0.017040
    outer loop
      vertex 51.993271 7.056963 4.261826
      vertex 51.015592 7.619357 4.261826
      vertex 51.052916 7.627236 5.754525
    endloop
  endfacet
  facet normal 0.498551 0.866693 -0.017040
    outer loop
      vertex 51.993271 7.056963 4.261826
      vertex 51.052916 7.627236 5.754525
      vertex 52.042976 7.057719 5.754525
    endloop
  endfacet
  facet normal 0.495573 0.868400 -0.016975
    outer loop
      vertex 51.015592 7.619357 4.261826
      vertex 49.947470 8.228907 4.261826
      vertex 49.971267 8.244505 5.754525
    endloop
  endfacet
  facet normal 0.495573 0.868400 -0.016975
    outer loop
      vertex 51.015592 7.619357 4.261826
      vertex 49.971267 8.244505 5.754525
      vertex 51.052916 7.627236 5.754525
    endloop
  endfacet
  facet normal 0.453506 0.891100 -0.016541
    outer loop
      vertex 49.947470 8.228907 4.261826
      vertex 48.762077 8.832187 4.261826
      vertex 48.770863 8.855425 5.754525
    endloop
  endfacet
  facet normal 0.453506 0.891100 -0.016541
    outer loop
      vertex 49.947470 8.228907 4.261826
      vertex 48.770863 8.855425 5.754525
      vertex 49.971267 8.244505 5.754525
    endloop
  endfacet
  facet normal 0.385218 0.922676 -0.016631
    outer loop
      vertex 48.762077 8.832187 4.261826
      vertex 47.556153 9.335661 4.261826
      vertex 47.549666 9.365275 5.754525
    endloop
  endfacet
  facet normal 0.385218 0.922676 -0.016631
    outer loop
      vertex 48.762077 8.832187 4.261826
      vertex 47.549666 9.365275 5.754525
      vertex 48.770863 8.855425 5.754525
    endloop
  endfacet
  facet normal 0.356132 0.934281 -0.016988
    outer loop
      vertex 47.556153 9.335661 4.261826
      vertex 46.439318 9.761380 4.261826
      vertex 46.418687 9.796385 5.754525
    endloop
  endfacet
  facet normal 0.356132 0.934281 -0.016988
    outer loop
      vertex 47.556153 9.335661 4.261826
      vertex 46.418687 9.796385 5.754525
      vertex 47.549666 9.365275 5.754525
    endloop
  endfacet
  facet normal 0.359133 0.933133 -0.016919
    outer loop
      vertex 46.439318 9.761380 4.261826
      vertex 45.409332 10.157789 4.261826
      vertex 45.375657 10.197815 5.754525
    endloop
  endfacet
  facet normal 0.359133 0.933133 -0.016919
    outer loop
      vertex 46.439318 9.761380 4.261826
      vertex 45.375657 10.197815 5.754525
      vertex 46.418687 9.796385 5.754525
    endloop
  endfacet
  facet normal 0.368876 0.929330 -0.016598
    outer loop
      vertex 45.409332 10.157789 4.261826
      vertex 44.440640 10.542289 4.261826
      vertex 44.394698 10.587184 5.754525
    endloop
  endfacet
  facet normal 0.368876 0.929330 -0.016598
    outer loop
      vertex 45.409332 10.157789 4.261826
      vertex 44.394698 10.587184 5.754525
      vertex 45.375657 10.197815 5.754525
    endloop
  endfacet
  facet normal -0.979533 -0.199833 -0.024138
    outer loop
      vertex 44.440640 10.542289 4.261826
      vertex 44.618681 9.669577 4.261826
      vertex 44.574993 9.703420 5.754525
    endloop
  endfacet
  facet normal -0.979533 -0.199833 -0.024138
    outer loop
      vertex 44.440640 10.542289 4.261826
      vertex 44.574993 9.703420 5.754525
      vertex 44.394698 10.587184 5.754525
    endloop
  endfacet
  facet normal -0.980871 -0.193135 -0.024329
    outer loop
      vertex 44.618681 9.669577 4.261826
      vertex 44.799207 8.752741 4.261826
      vertex 44.757806 8.774972 5.754525
    endloop
  endfacet
  facet normal -0.980871 -0.193135 -0.024329
    outer loop
      vertex 44.618681 9.669577 4.261826
      vertex 44.757806 8.774972 5.754525
      vertex 44.574993 9.703420 5.754525
    endloop
  endfacet
  facet normal -0.981003 -0.192457 -0.024343
    outer loop
      vertex 44.799207 8.752741 4.261826
      vertex 44.990367 7.778349 4.261826
      vertex 44.951387 7.788240 5.754525
    endloop
  endfacet
  facet normal -0.981003 -0.192457 -0.024343
    outer loop
      vertex 44.799207 8.752741 4.261826
      vertex 44.951387 7.788240 5.754525
      vertex 44.757806 8.774972 5.754525
    endloop
  endfacet
  facet normal -0.977407 -0.209983 -0.024133
    outer loop
      vertex 44.990367 7.778349 4.261826
      vertex 45.213564 6.739433 4.261826
      vertex 45.177410 6.736168 5.754525
    endloop
  endfacet
  facet normal -0.977407 -0.209983 -0.024133
    outer loop
      vertex 44.990367 7.778349 4.261826
      vertex 45.177410 6.736168 5.754525
      vertex 44.951387 7.788240 5.754525
    endloop
  endfacet
  facet normal -0.966271 -0.256411 -0.023964
    outer loop
      vertex 45.213564 6.739433 4.261826
      vertex 45.498348 5.666240 4.261826
      vertex 45.465801 5.649383 5.754525
    endloop
  endfacet
  facet normal -0.966271 -0.256411 -0.023964
    outer loop
      vertex 45.213564 6.739433 4.261826
      vertex 45.465801 5.649383 5.754525
      vertex 45.177410 6.736168 5.754525
    endloop
  endfacet
  facet normal -0.950086 -0.311045 -0.024228
    outer loop
      vertex 45.498348 5.666240 4.261826
      vertex 45.837760 4.629504 4.261826
      vertex 45.809512 4.599519 5.754525
    endloop
  endfacet
  facet normal -0.950086 -0.311045 -0.024228
    outer loop
      vertex 45.498348 5.666240 4.261826
      vertex 45.809512 4.599519 5.754525
      vertex 45.465801 5.649383 5.754525
    endloop
  endfacet
  facet normal -0.939790 -0.340864 -0.024633
    outer loop
      vertex 45.837760 4.629504 4.261826
      vertex 46.171795 3.708544 4.261826
      vertex 46.147776 3.666896 5.754525
    endloop
  endfacet
  facet normal -0.939790 -0.340864 -0.024633
    outer loop
      vertex 45.837760 4.629504 4.261826
      vertex 46.147776 3.666896 5.754525
      vertex 45.809512 4.599519 5.754525
    endloop
  endfacet
  facet normal 0.000000 -0.999611 -0.027891
    outer loop
      vertex 46.171795 3.708544 4.261826
      vertex 48.465049 3.708544 4.261826
      vertex 48.470072 3.666896 5.754525
    endloop
  endfacet
  facet normal 0.000000 -0.999611 -0.027891
    outer loop
      vertex 46.171795 3.708544 4.261826
      vertex 48.470072 3.666896 5.754525
      vertex 46.147776 3.666896 5.754525
    endloop
  endfacet
  facet normal 0.460263 -0.884708 -0.073818
    outer loop
      vertex 48.470072 3.666896 5.754525
      vertex 49.057694 3.972602 5.754525
      vertex 49.092659 3.865704 7.253710
    endloop
  endfacet
  facet normal 0.460263 -0.884708 -0.073818
    outer loop
      vertex 48.470072 3.666896 5.754525
      vertex 49.092659 3.865704 7.253710
      vertex 48.484269 3.549193 7.253710
    endloop
  endfacet
  facet normal 0.502460 -0.861501 -0.073147
    outer loop
      vertex 49.057694 3.972602 5.754525
      vertex 49.938924 4.486569 5.754525
      vertex 50.005033 4.397835 7.253710
    endloop
  endfacet
  facet normal 0.502460 -0.861501 -0.073147
    outer loop
      vertex 49.057694 3.972602 5.754525
      vertex 50.005033 4.397835 7.253710
      vertex 49.092659 3.865704 7.253710
    endloop
  endfacet
  facet normal 0.540847 -0.837908 -0.073444
    outer loop
      vertex 49.938924 4.486569 5.754525
      vertex 50.771926 5.024249 5.754525
      vertex 50.867475 4.954519 7.253710
    endloop
  endfacet
  facet normal 0.540847 -0.837908 -0.073444
    outer loop
      vertex 49.938924 4.486569 5.754525
      vertex 50.867475 4.954519 7.253710
      vertex 50.005033 4.397835 7.253710
    endloop
  endfacet
  facet normal 0.560708 -0.824692 -0.074095
    outer loop
      vertex 50.771926 5.024249 5.754525
      vertex 51.548024 5.551919 5.754525
      vertex 51.671003 5.500837 7.253710
    endloop
  endfacet
  facet normal 0.560708 -0.824692 -0.074095
    outer loop
      vertex 50.771926 5.024249 5.754525
      vertex 51.671003 5.500837 7.253710
      vertex 50.867475 4.954519 7.253710
    endloop
  endfacet
  facet normal 0.565344 -0.821496 -0.074366
    outer loop
      vertex 51.548024 5.551919 5.754525
      vertex 52.278928 6.054918 5.754525
      vertex 52.427739 6.021614 7.253710
    endloop
  endfacet
  facet normal 0.565344 -0.821496 -0.074366
    outer loop
      vertex 51.548024 5.551919 5.754525
      vertex 52.427739 6.021614 7.253710
      vertex 51.671003 5.500837 7.253710
    endloop
  endfacet
  facet normal 0.562735 -0.823306 -0.074147
    outer loop
      vertex 52.278928 6.054918 5.754525
      vertex 52.977330 6.532280 5.754525
      vertex 53.150824 6.515847 7.253710
    endloop
  endfacet
  facet normal 0.562735 -0.823306 -0.074147
    outer loop
      vertex 52.278928 6.054918 5.754525
      vertex 53.150824 6.515847 7.253710
      vertex 52.427739 6.021614 7.253710
    endloop
  endfacet
  facet normal 0.489621 0.870661 -0.047118
    outer loop
      vertex 52.977330 6.532280 5.754525
      vertex 52.042976 7.057719 5.754525
      vertex 52.183448 7.059856 7.253710
    endloop
  endfacet
  facet normal 0.489621 0.870661 -0.047118
    outer loop
      vertex 52.977330 6.532280 5.754525
      vertex 52.183448 7.059856 7.253710
      vertex 53.150824 6.515847 7.253710
    endloop
  endfacet
  facet normal 0.498051 0.865824 -0.047901
    outer loop
      vertex 52.042976 7.057719 5.754525
      vertex 51.052916 7.627236 5.754525
      vertex 51.158397 7.649501 7.253710
    endloop
  endfacet
  facet normal 0.498051 0.865824 -0.047901
    outer loop
      vertex 52.042976 7.057719 5.754525
      vertex 51.158397 7.649501 7.253710
      vertex 52.183448 7.059856 7.253710
    endloop
  endfacet
  facet normal 0.495080 0.867536 -0.047717
    outer loop
      vertex 51.052916 7.627236 5.754525
      vertex 49.971267 8.244505 5.754525
      vertex 50.038519 8.288586 7.253710
    endloop
  endfacet
  facet normal 0.495080 0.867536 -0.047717
    outer loop
      vertex 51.052916 7.627236 5.754525
      vertex 50.038519 8.288586 7.253710
      vertex 51.158397 7.649501 7.253710
    endloop
  endfacet
  facet normal 0.453078 0.890257 -0.046501
    outer loop
      vertex 49.971267 8.244505 5.754525
      vertex 48.770863 8.855425 5.754525
      vertex 48.795690 8.921097 7.253710
    endloop
  endfacet
  facet normal 0.453078 0.890257 -0.046501
    outer loop
      vertex 49.971267 8.244505 5.754525
      vertex 48.795690 8.921097 7.253710
      vertex 50.038519 8.288586 7.253710
    endloop
  endfacet
  facet normal 0.384850 0.921794 -0.046753
    outer loop
      vertex 48.770863 8.855425 5.754525
      vertex 47.549666 9.365275 5.754525
      vertex 47.531334 9.448967 7.253710
    endloop
  endfacet
  facet normal 0.384850 0.921794 -0.046753
    outer loop
      vertex 48.770863 8.855425 5.754525
      vertex 47.531334 9.448967 7.253710
      vertex 48.795690 8.921097 7.253710
    endloop
  endfacet
  facet normal 0.355777 0.933350 -0.047753
    outer loop
      vertex 47.549666 9.365275 5.754525
      vertex 46.418687 9.796385 5.754525
      vertex 46.360383 9.895313 7.253710
    endloop
  endfacet
  facet normal 0.355777 0.933350 -0.047753
    outer loop
      vertex 47.549666 9.365275 5.754525
      vertex 46.360383 9.895313 7.253710
      vertex 47.531334 9.448967 7.253710
    endloop
  endfacet
  facet normal 0.358778 0.932210 -0.047561
    outer loop
      vertex 46.418687 9.796385 5.754525
      vertex 45.375657 10.197815 5.754525
      vertex 45.280490 10.310930 7.253710
    endloop
  endfacet
  facet normal 0.358778 0.932210 -0.047561
    outer loop
      vertex 46.418687 9.796385 5.754525
      vertex 45.280490 10.310930 7.253710
      vertex 46.360383 9.895313 7.253710
    endloop
  endfacet
  facet normal 0.368525 0.928446 -0.046659
    outer loop
      vertex 45.375657 10.197815 5.754525
      vertex 44.394698 10.587184 5.754525
      vertex 44.264861 10.714061 7.253710
    endloop
  endfacet
  facet normal 0.368525 0.928446 -0.046659
    outer loop
      vertex 45.375657 10.197815 5.754525
      vertex 44.264861 10.714061 7.253710
      vertex 45.280490 10.310930 7.253710
    endloop
  endfacet
  facet normal -0.977565 -0.199431 -0.067784
    outer loop
      vertex 44.394698 10.587184 5.754525
      vertex 44.574993 9.703420 5.754525
      vertex 44.451529 9.799063 7.253710
    endloop
  endfacet
  facet normal -0.977565 -0.199431 -0.067784
    outer loop
      vertex 44.394698 10.587184 5.754525
      vertex 44.451529 9.799063 7.253710
      vertex 44.264861 10.714061 7.253710
    endloop
  endfacet
  facet normal -0.978869 -0.192741 -0.068318
    outer loop
      vertex 44.574993 9.703420 5.754525
      vertex 44.757806 8.774972 5.754525
      vertex 44.640802 8.837801 7.253710
    endloop
  endfacet
  facet normal -0.978869 -0.192741 -0.068318
    outer loop
      vertex 44.574993 9.703420 5.754525
      vertex 44.640802 8.837801 7.253710
      vertex 44.451529 9.799063 7.253710
    endloop
  endfacet
  facet normal -0.978999 -0.192064 -0.068357
    outer loop
      vertex 44.757806 8.774972 5.754525
      vertex 44.951387 7.788240 5.754525
      vertex 44.841225 7.816196 7.253710
    endloop
  endfacet
  facet normal -0.978999 -0.192064 -0.068357
    outer loop
      vertex 44.757806 8.774972 5.754525
      vertex 44.841225 7.816196 7.253710
      vertex 44.640802 8.837801 7.253710
    endloop
  endfacet
  facet normal -0.975444 -0.209561 -0.067769
    outer loop
      vertex 44.951387 7.788240 5.754525
      vertex 45.177410 6.736168 5.754525
      vertex 45.075237 6.726940 7.253710
    endloop
  endfacet
  facet normal -0.975444 -0.209561 -0.067769
    outer loop
      vertex 44.951387 7.788240 5.754525
      vertex 45.075237 6.726940 7.253710
      vertex 44.841225 7.816196 7.253710
    endloop
  endfacet
  facet normal -0.964357 -0.255903 -0.067299
    outer loop
      vertex 45.177410 6.736168 5.754525
      vertex 45.465801 5.649383 5.754525
      vertex 45.373819 5.601746 7.253710
    endloop
  endfacet
  facet normal -0.964357 -0.255903 -0.067299
    outer loop
      vertex 45.177410 6.736168 5.754525
      vertex 45.373819 5.601746 7.253710
      vertex 45.075237 6.726940 7.253710
    endloop
  endfacet
  facet normal -0.948163 -0.310415 -0.068037
    outer loop
      vertex 45.465801 5.649383 5.754525
      vertex 45.809512 4.599519 5.754525
      vertex 45.729678 4.514777 7.253710
    endloop
  endfacet
  facet normal -0.948163 -0.310415 -0.068037
    outer loop
      vertex 45.465801 5.649383 5.754525
      vertex 45.729678 4.514777 7.253710
      vertex 45.373819 5.601746 7.253710
    endloop
  endfacet
  facet normal -0.937824 -0.340151 -0.069168
    outer loop
      vertex 45.809512 4.599519 5.754525
      vertex 46.147776 3.666896 5.754525
      vertex 46.079897 3.549193 7.253710
    endloop
  endfacet
  facet normal -0.937824 -0.340151 -0.069168
    outer loop
      vertex 45.809512 4.599519 5.754525
      vertex 46.079897 3.549193 7.253710
      vertex 45.729678 4.514777 7.253710
    endloop
  endfacet
  facet normal 0.000000 -0.996932 -0.078270
    outer loop
      vertex 46.147776 3.666896 5.754525
      vertex 48.470072 3.666896 5.754525
      vertex 48.484269 3.549193 7.253710
    endloop
  endfacet
  facet normal 0.000000 -0.996932 -0.078270
    outer loop
      vertex 46.147776 3.666896 5.754525
      vertex 48.484269 3.549193 7.253710
      vertex 46.079897 3.549193 7.253710
    endloop
  endfacet
  facet normal 0.458521 -0.881358 -0.113868
    outer loop
      vertex 48.484269 3.549193 7.253710
      vertex 49.092659 3.865704 7.253710
      vertex 49.146989 3.699600 8.758155
    endloop
  endfacet
  facet normal 0.458521 -0.881358 -0.113868
    outer loop
      vertex 48.484269 3.549193 7.253710
      vertex 49.146989 3.699600 8.758155
      vertex 48.506329 3.366301 8.758155
    endloop
  endfacet
  facet normal -0.458416 0.881157 0.115831
    outer loop
      vertex 48.601649 5.366875 7.167947
      vertex 48.284903 5.202090 7.167947
      vertex 48.306909 5.019643 8.642957
    endloop
  endfacet
  facet normal -0.458416 0.881157 0.115831
    outer loop
      vertex 48.601649 5.366875 7.167947
      vertex 48.306909 5.019643 8.642957
      vertex 48.655847 5.201175 8.642957
    endloop
  endfacet
  facet normal 0.500592 -0.858297 -0.112841
    outer loop
      vertex 49.092659 3.865704 7.253710
      vertex 50.005033 4.397835 7.253710
      vertex 50.107757 4.259957 8.758155
    endloop
  endfacet
  facet normal 0.500592 -0.858297 -0.112841
    outer loop
      vertex 49.092659 3.865704 7.253710
      vertex 50.107757 4.259957 8.758155
      vertex 49.146989 3.699600 8.758155
    endloop
  endfacet
  facet normal -0.500480 0.858105 0.114787
    outer loop
      vertex 49.076658 5.643919 7.167947
      vertex 48.601649 5.366875 7.167947
      vertex 48.655847 5.201175 8.642957
    endloop
  endfacet
  facet normal -0.500480 0.858105 0.114787
    outer loop
      vertex 49.076658 5.643919 7.167947
      vertex 48.655847 5.201175 8.642957
      vertex 49.179133 5.506376 8.642957
    endloop
  endfacet
  facet normal 0.538820 -0.834768 -0.113295
    outer loop
      vertex 50.005033 4.397835 7.253710
      vertex 50.867475 4.954519 7.253710
      vertex 51.015945 4.846168 8.758155
    endloop
  endfacet
  facet normal 0.538820 -0.834768 -0.113295
    outer loop
      vertex 50.005033 4.397835 7.253710
      vertex 51.015945 4.846168 8.758155
      vertex 50.107757 4.259957 8.758155
    endloop
  endfacet
  facet normal -0.538698 0.834579 0.115249
    outer loop
      vertex 49.525672 5.933745 7.167947
      vertex 49.076658 5.643919 7.167947
      vertex 49.179133 5.506376 8.642957
    endloop
  endfacet
  facet normal -0.538698 0.834579 0.115249
    outer loop
      vertex 49.525672 5.933745 7.167947
      vertex 49.179133 5.506376 8.642957
      vertex 49.673780 5.825658 8.642957
    endloop
  endfacet
  facet normal 0.558569 -0.821546 -0.114292
    outer loop
      vertex 50.867475 4.954519 7.253710
      vertex 51.671003 5.500837 7.253710
      vertex 51.862093 5.421464 8.758155
    endloop
  endfacet
  facet normal 0.558569 -0.821546 -0.114292
    outer loop
      vertex 50.867475 4.954519 7.253710
      vertex 51.862093 5.421464 8.758155
      vertex 51.015945 4.846168 8.758155
    endloop
  endfacet
  facet normal -0.558441 0.821357 0.116262
    outer loop
      vertex 49.944012 6.218174 7.167947
      vertex 49.525672 5.933745 7.167947
      vertex 49.673780 5.825658 8.642957
    endloop
  endfacet
  facet normal -0.558441 0.821357 0.116262
    outer loop
      vertex 49.944012 6.218174 7.167947
      vertex 49.673780 5.825658 8.642957
      vertex 50.134638 6.138995 8.642957
    endloop
  endfacet
  facet normal 0.563172 -0.818340 -0.114707
    outer loop
      vertex 51.671003 5.500837 7.253710
      vertex 52.427739 6.021614 7.253710
      vertex 52.658969 5.969864 8.758155
    endloop
  endfacet
  facet normal 0.563172 -0.818340 -0.114707
    outer loop
      vertex 51.671003 5.500837 7.253710
      vertex 52.658969 5.969864 8.758155
      vertex 51.862093 5.421464 8.758155
    endloop
  endfacet
  facet normal -0.563041 0.818150 0.116685
    outer loop
      vertex 50.337992 6.489306 7.167947
      vertex 49.944012 6.218174 7.167947
      vertex 50.134638 6.138995 8.642957
    endloop
  endfacet
  facet normal -0.563041 0.818150 0.116685
    outer loop
      vertex 50.337992 6.489306 7.167947
      vertex 50.134638 6.138995 8.642957
      vertex 50.568658 6.437682 8.642957
    endloop
  endfacet
  facet normal 0.560585 -0.820161 -0.114372
    outer loop
      vertex 52.427739 6.021614 7.253710
      vertex 53.150824 6.515847 7.253710
      vertex 53.420407 6.490312 8.758155
    endloop
  endfacet
  facet normal 0.560585 -0.820161 -0.114372
    outer loop
      vertex 52.427739 6.021614 7.253710
      vertex 53.420407 6.490312 8.758155
      vertex 52.658969 5.969864 8.758155
    endloop
  endfacet
  facet normal -0.560456 0.819972 0.116344
    outer loop
      vertex 50.714451 6.746619 7.167947
      vertex 50.337992 6.489306 7.167947
      vertex 50.568658 6.437682 8.642957
    endloop
  endfacet
  facet normal -0.560456 0.819972 0.116344
    outer loop
      vertex 50.714451 6.746619 7.167947
      vertex 50.568658 6.437682 8.642957
      vertex 50.983378 6.721146 8.642957
    endloop
  endfacet
  facet normal 0.488863 0.869314 -0.072845
    outer loop
      vertex 53.150824 6.515847 7.253710
      vertex 52.183448 7.059856 7.253710
      vertex 52.401720 7.063177 8.758155
    endloop
  endfacet
  facet normal 0.488863 0.869314 -0.072845
    outer loop
      vertex 53.150824 6.515847 7.253710
      vertex 52.401720 7.063177 8.758155
      vertex 53.420407 6.490312 8.758155
    endloop
  endfacet
  facet normal -0.488818 -0.869232 0.074111
    outer loop
      vertex 50.210806 7.029846 7.167947
      vertex 50.714451 6.746619 7.167947
      vertex 50.983378 6.721146 8.642957
    endloop
  endfacet
  facet normal -0.488818 -0.869232 0.074111
    outer loop
      vertex 50.210806 7.029846 7.167947
      vertex 50.983378 6.721146 8.642957
      vertex 50.428547 7.033159 8.642957
    endloop
  endfacet
  facet normal 0.497255 0.864439 -0.074052
    outer loop
      vertex 52.183448 7.059856 7.253710
      vertex 51.158397 7.649501 7.253710
      vertex 51.322297 7.684097 8.758155
    endloop
  endfacet
  facet normal 0.497255 0.864439 -0.074052
    outer loop
      vertex 52.183448 7.059856 7.253710
      vertex 51.322297 7.684097 8.758155
      vertex 52.401720 7.063177 8.758155
    endloop
  endfacet
  facet normal -0.497207 -0.864355 0.075339
    outer loop
      vertex 49.677134 7.336833 7.167947
      vertex 50.210806 7.029846 7.167947
      vertex 50.428547 7.033159 8.642957
    endloop
  endfacet
  facet normal -0.497207 -0.864355 0.075339
    outer loop
      vertex 49.677134 7.336833 7.167947
      vertex 50.428547 7.033159 8.642957
      vertex 49.840636 7.371345 8.642957
    endloop
  endfacet
  facet normal 0.494294 0.866159 -0.073769
    outer loop
      vertex 51.158397 7.649501 7.253710
      vertex 50.038519 8.288586 7.253710
      vertex 50.143020 8.357080 8.758155
    endloop
  endfacet
  facet normal 0.494294 0.866159 -0.073769
    outer loop
      vertex 51.158397 7.649501 7.253710
      vertex 50.143020 8.357080 8.758155
      vertex 51.322297 7.684097 8.758155
    endloop
  endfacet
  facet normal -0.494247 -0.866076 0.075051
    outer loop
      vertex 49.094092 7.669560 7.167947
      vertex 49.677134 7.336833 7.167947
      vertex 49.840636 7.371345 8.642957
    endloop
  endfacet
  facet normal -0.494247 -0.866076 0.075051
    outer loop
      vertex 49.094092 7.669560 7.167947
      vertex 49.840636 7.371345 8.642957
      vertex 49.198338 7.737888 8.642957
    endloop
  endfacet
  facet normal 0.452395 0.888915 -0.071895
    outer loop
      vertex 50.038519 8.288586 7.253710
      vertex 48.795690 8.921097 7.253710
      vertex 48.834268 9.023142 8.758155
    endloop
  endfacet
  facet normal 0.452395 0.888915 -0.071895
    outer loop
      vertex 50.038519 8.288586 7.253710
      vertex 48.834268 9.023142 8.758155
      vertex 50.143020 8.357080 8.758155
    endloop
  endfacet
  facet normal -0.452353 -0.888834 0.073144
    outer loop
      vertex 48.447038 7.998864 7.167947
      vertex 49.094092 7.669560 7.167947
      vertex 49.198338 7.737888 8.642957
    endloop
  endfacet
  facet normal -0.452353 -0.888834 0.073144
    outer loop
      vertex 48.447038 7.998864 7.167947
      vertex 49.198338 7.737888 8.642957
      vertex 48.485523 8.100660 8.642957
    endloop
  endfacet
  facet normal 0.384263 0.920390 -0.072282
    outer loop
      vertex 48.795690 8.921097 7.253710
      vertex 47.531334 9.448967 7.253710
      vertex 47.502848 9.579011 8.758155
    endloop
  endfacet
  facet normal 0.384263 0.920390 -0.072282
    outer loop
      vertex 48.795690 8.921097 7.253710
      vertex 47.502848 9.579011 8.758155
      vertex 48.834268 9.023142 8.758155
    endloop
  endfacet
  facet normal -0.384228 -0.920305 0.073539
    outer loop
      vertex 47.788777 8.273689 7.167947
      vertex 48.447038 7.998864 7.167947
      vertex 48.485523 8.100660 8.642957
    endloop
  endfacet
  facet normal -0.384228 -0.920305 0.073539
    outer loop
      vertex 47.788777 8.273689 7.167947
      vertex 48.485523 8.100660 8.642957
      vertex 47.760360 8.403416 8.642957
    endloop
  endfacet
  facet normal 0.355211 0.931866 -0.073825
    outer loop
      vertex 47.531334 9.448967 7.253710
      vertex 46.360383 9.895313 7.253710
      vertex 46.269788 10.049032 8.758155
    endloop
  endfacet
  facet normal 0.355211 0.931866 -0.073825
    outer loop
      vertex 47.531334 9.448967 7.253710
      vertex 46.269788 10.049032 8.758155
      vertex 47.502848 9.579011 8.758155
    endloop
  endfacet
  facet normal -0.355177 -0.931777 0.075107
    outer loop
      vertex 47.179145 8.506070 7.167947
      vertex 47.788777 8.273689 7.167947
      vertex 47.760360 8.403416 8.642957
    endloop
  endfacet
  facet normal -0.355177 -0.931777 0.075107
    outer loop
      vertex 47.179145 8.506070 7.167947
      vertex 47.760360 8.403416 8.642957
      vertex 47.088770 8.659415 8.642957
    endloop
  endfacet
  facet normal 0.358213 0.930740 -0.073529
    outer loop
      vertex 46.360383 9.895313 7.253710
      vertex 45.280490 10.310930 7.253710
      vertex 45.132615 10.486694 8.758155
    endloop
  endfacet
  facet normal 0.358213 0.930740 -0.073529
    outer loop
      vertex 46.360383 9.895313 7.253710
      vertex 45.132615 10.486694 8.758155
      vertex 46.269788 10.049032 8.758155
    endloop
  endfacet
  facet normal -0.358178 -0.930651 0.074806
    outer loop
      vertex 46.616920 8.722453 7.167947
      vertex 47.179145 8.506070 7.167947
      vertex 47.088770 8.659415 8.642957
    endloop
  endfacet
  facet normal -0.358178 -0.930651 0.074806
    outer loop
      vertex 46.616920 8.722453 7.167947
      vertex 47.088770 8.659415 8.642957
      vertex 46.469405 8.897789 8.642957
    endloop
  endfacet
  facet normal 0.367966 0.927037 -0.072137
    outer loop
      vertex 45.280490 10.310930 7.253710
      vertex 44.264861 10.714061 7.253710
      vertex 44.063115 10.911208 8.758155
    endloop
  endfacet
  facet normal 0.367966 0.927037 -0.072137
    outer loop
      vertex 45.280490 10.310930 7.253710
      vertex 44.063115 10.911208 8.758155
      vertex 45.132615 10.486694 8.758155
    endloop
  endfacet
  facet normal -0.367932 -0.926952 0.073391
    outer loop
      vertex 46.088153 8.932334 7.167947
      vertex 46.616920 8.722453 7.167947
      vertex 46.469405 8.897789 8.642957
    endloop
  endfacet
  facet normal -0.367932 -0.926952 0.073391
    outer loop
      vertex 46.088153 8.932334 7.167947
      vertex 46.469405 8.897789 8.642957
      vertex 45.886898 9.129002 8.642957
    endloop
  endfacet
  facet normal -0.974441 -0.198794 -0.104622
    outer loop
      vertex 44.264861 10.714061 7.253710
      vertex 44.451529 9.799063 7.253710
      vertex 44.259684 9.947676 8.758155
    endloop
  endfacet
  facet normal -0.974441 -0.198794 -0.104622
    outer loop
      vertex 44.264861 10.714061 7.253710
      vertex 44.259684 9.947676 8.758155
      vertex 44.063115 10.911208 8.758155
    endloop
  endfacet
  facet normal 0.974253 0.198756 0.106430
    outer loop
      vertex 46.185338 8.455959 7.167947
      vertex 46.088153 8.932334 7.167947
      vertex 45.886898 9.129002 8.642957
    endloop
  endfacet
  facet normal 0.974253 0.198756 0.106430
    outer loop
      vertex 46.185338 8.455959 7.167947
      vertex 45.886898 9.129002 8.642957
      vertex 45.993960 8.604211 8.642957
    endloop
  endfacet
  facet normal -0.975692 -0.192115 -0.105441
    outer loop
      vertex 44.451529 9.799063 7.253710
      vertex 44.640802 8.837801 7.253710
      vertex 44.458997 8.935428 8.758155
    endloop
  endfacet
  facet normal -0.975692 -0.192115 -0.105441
    outer loop
      vertex 44.451529 9.799063 7.253710
      vertex 44.458997 8.935428 8.758155
      vertex 44.259684 9.947676 8.758155
    endloop
  endfacet
  facet normal 0.975500 0.192077 0.107263
    outer loop
      vertex 46.283880 7.955498 7.167947
      vertex 46.185338 8.455959 7.167947
      vertex 45.993960 8.604211 8.642957
    endloop
  endfacet
  facet normal 0.975500 0.192077 0.107263
    outer loop
      vertex 46.283880 7.955498 7.167947
      vertex 45.993960 8.604211 8.642957
      vertex 46.102516 8.052886 8.642957
    endloop
  endfacet
  facet normal -0.975818 -0.191440 -0.105500
    outer loop
      vertex 44.640802 8.837801 7.253710
      vertex 44.841225 7.816196 7.253710
      vertex 44.670050 7.859634 8.758155
    endloop
  endfacet
  facet normal -0.975818 -0.191440 -0.105500
    outer loop
      vertex 44.640802 8.837801 7.253710
      vertex 44.670050 7.859634 8.758155
      vertex 44.458997 8.935428 8.758155
    endloop
  endfacet
  facet normal 0.975626 0.191402 0.107323
    outer loop
      vertex 46.388225 7.423619 7.167947
      vertex 46.283880 7.955498 7.167947
      vertex 46.102516 8.052886 8.642957
    endloop
  endfacet
  facet normal 0.975626 0.191402 0.107323
    outer loop
      vertex 46.388225 7.423619 7.167947
      vertex 46.102516 8.052886 8.642957
      vertex 46.217467 7.466952 8.642957
    endloop
  endfacet
  facet normal -0.972329 -0.208892 -0.104599
    outer loop
      vertex 44.841225 7.816196 7.253710
      vertex 45.075237 6.726940 7.253710
      vertex 44.916474 6.712602 8.758155
    endloop
  endfacet
  facet normal -0.972329 -0.208892 -0.104599
    outer loop
      vertex 44.841225 7.816196 7.253710
      vertex 44.916474 6.712602 8.758155
      vertex 44.670050 7.859634 8.758155
    endloop
  endfacet
  facet normal 0.972141 0.208851 0.106407
    outer loop
      vertex 46.510059 6.856520 7.167947
      vertex 46.388225 7.423619 7.167947
      vertex 46.217467 7.466952 8.642957
    endloop
  endfacet
  facet normal 0.972141 0.208851 0.106407
    outer loop
      vertex 46.510059 6.856520 7.167947
      vertex 46.217467 7.466952 8.642957
      vertex 46.351683 6.842217 8.642957
    endloop
  endfacet
  facet normal -0.961319 -0.255097 -0.103878
    outer loop
      vertex 45.075237 6.726940 7.253710
      vertex 45.373819 5.601746 7.253710
      vertex 45.230895 5.527726 8.758155
    endloop
  endfacet
  facet normal -0.961319 -0.255097 -0.103878
    outer loop
      vertex 45.075237 6.726940 7.253710
      vertex 45.230895 5.527726 8.758155
      vertex 44.916474 6.712602 8.758155
    endloop
  endfacet
  facet normal 0.961137 0.255048 0.105673
    outer loop
      vertex 46.665510 6.270711 7.167947
      vertex 46.510059 6.856520 7.167947
      vertex 46.351683 6.842217 8.642957
    endloop
  endfacet
  facet normal 0.961137 0.255048 0.105673
    outer loop
      vertex 46.665510 6.270711 7.167947
      vertex 46.351683 6.842217 8.642957
      vertex 46.522933 6.196870 8.642957
    endloop
  endfacet
  facet normal -0.945111 -0.309416 -0.105011
    outer loop
      vertex 45.373819 5.601746 7.253710
      vertex 45.729678 4.514777 7.253710
      vertex 45.605628 4.383102 8.758155
    endloop
  endfacet
  facet normal -0.945111 -0.309416 -0.105011
    outer loop
      vertex 45.373819 5.601746 7.253710
      vertex 45.605628 4.383102 8.758155
      vertex 45.230895 5.527726 8.758155
    endloop
  endfacet
  facet normal 0.944927 0.309356 0.106825
    outer loop
      vertex 46.850781 5.704802 7.167947
      vertex 46.665510 6.270711 7.167947
      vertex 46.522933 6.196870 8.642957
    endloop
  endfacet
  facet normal 0.944927 0.309356 0.106825
    outer loop
      vertex 46.850781 5.704802 7.167947
      vertex 46.522933 6.196870 8.642957
      vertex 46.727033 5.573447 8.642957
    endloop
  endfacet
  facet normal -0.934704 -0.339019 -0.106744
    outer loop
      vertex 45.729678 4.514777 7.253710
      vertex 46.079897 3.549193 7.253710
      vertex 45.974424 3.366301 8.758155
    endloop
  endfacet
  facet normal -0.934704 -0.339019 -0.106744
    outer loop
      vertex 45.729678 4.514777 7.253710
      vertex 45.974424 3.366301 8.758155
      vertex 45.605628 4.383102 8.758155
    endloop
  endfacet
  facet normal 0.934516 0.338951 0.108587
    outer loop
      vertex 47.033116 5.202090 7.167947
      vertex 46.850781 5.704802 7.167947
      vertex 46.727033 5.573447 8.642957
    endloop
  endfacet
  facet normal 0.934516 0.338951 0.108587
    outer loop
      vertex 47.033116 5.202090 7.167947
      vertex 46.727033 5.573447 8.642957
      vertex 46.927899 5.019643 8.642957
    endloop
  endfacet
  facet normal 0.000000 -0.992692 -0.120679
    outer loop
      vertex 46.079897 3.549193 7.253710
      vertex 48.484269 3.549193 7.253710
      vertex 48.506329 3.366301 8.758155
    endloop
  endfacet
  facet normal 0.000000 -0.992692 -0.120679
    outer loop
      vertex 46.079897 3.549193 7.253710
      vertex 48.506329 3.366301 8.758155
      vertex 45.974424 3.366301 8.758155
    endloop
  endfacet
  facet normal 0.000000 0.992437 0.122757
    outer loop
      vertex 48.284903 5.202090 7.167947
      vertex 47.033116 5.202090 7.167947
      vertex 46.927899 5.019643 8.642957
    endloop
  endfacet
  facet normal 0.000000 0.992437 0.122757
    outer loop
      vertex 48.284903 5.202090 7.167947
      vertex 46.927899 5.019643 8.642957
      vertex 48.306909 5.019643 8.642957
    endloop
  endfacet
  facet normal 0.456532 -0.877536 -0.146657
    outer loop
      vertex 48.506329 3.366301 8.758155
      vertex 49.146989 3.699600 8.758155
      vertex 49.217456 3.484158 10.266633
    endloop
  endfacet
  facet normal 0.456532 -0.877536 -0.146657
    outer loop
      vertex 48.506329 3.366301 8.758155
      vertex 49.217456 3.484158 10.266633
      vertex 48.534941 3.129084 10.266633
    endloop
  endfacet
  facet normal -0.456301 0.877092 0.149996
    outer loop
      vertex 48.655847 5.201175 8.642957
      vertex 48.306909 5.019643 8.642957
      vertex 48.335569 4.782028 10.119579
    endloop
  endfacet
  facet normal -0.456301 0.877092 0.149996
    outer loop
      vertex 48.655847 5.201175 8.642957
      vertex 48.335569 4.782028 10.119579
      vertex 48.726433 4.985372 10.119579
    endloop
  endfacet
  facet normal 0.498460 -0.854642 -0.145346
    outer loop
      vertex 49.146989 3.699600 8.758155
      vertex 50.107757 4.259957 8.758155
      vertex 50.240993 4.081125 10.266633
    endloop
  endfacet
  facet normal 0.498460 -0.854642 -0.145346
    outer loop
      vertex 49.146989 3.699600 8.758155
      vertex 50.240993 4.081125 10.266633
      vertex 49.217456 3.484158 10.266633
    endloop
  endfacet
  facet normal -0.498212 0.854217 0.148657
    outer loop
      vertex 49.179133 5.506376 8.642957
      vertex 48.655847 5.201175 8.642957
      vertex 48.726433 4.985372 10.119579
    endloop
  endfacet
  facet normal -0.498212 0.854217 0.148657
    outer loop
      vertex 49.179133 5.506376 8.642957
      vertex 48.726433 4.985372 10.119579
      vertex 49.312593 5.327243 10.119579
    endloop
  endfacet
  facet normal 0.536507 -0.831184 -0.145925
    outer loop
      vertex 50.107757 4.259957 8.758155
      vertex 51.015945 4.846168 8.758155
      vertex 51.208515 4.705634 10.266633
    endloop
  endfacet
  facet normal 0.536507 -0.831184 -0.145925
    outer loop
      vertex 50.107757 4.259957 8.758155
      vertex 51.208515 4.705634 10.266633
      vertex 50.240993 4.081125 10.266633
    endloop
  endfacet
  facet normal -0.536238 0.830767 0.149249
    outer loop
      vertex 49.673780 5.825658 8.642957
      vertex 49.179133 5.506376 8.642957
      vertex 49.312593 5.327243 10.119579
    endloop
  endfacet
  facet normal -0.536238 0.830767 0.149249
    outer loop
      vertex 49.673780 5.825658 8.642957
      vertex 49.312593 5.327243 10.119579
      vertex 49.866674 5.684887 10.119579
    endloop
  endfacet
  facet normal 0.556129 -0.817957 -0.147198
    outer loop
      vertex 51.015945 4.846168 8.758155
      vertex 51.862093 5.421464 8.758155
      vertex 52.109943 5.318515 10.266633
    endloop
  endfacet
  facet normal 0.556129 -0.817957 -0.147198
    outer loop
      vertex 51.015945 4.846168 8.758155
      vertex 52.109943 5.318515 10.266633
      vertex 51.208515 4.705634 10.266633
    endloop
  endfacet
  facet normal -0.555845 0.817540 0.150549
    outer loop
      vertex 50.134638 6.138995 8.642957
      vertex 49.673780 5.825658 8.642957
      vertex 49.866674 5.684887 10.119579
    endloop
  endfacet
  facet normal -0.555845 0.817540 0.150549
    outer loop
      vertex 50.134638 6.138995 8.642957
      vertex 49.866674 5.684887 10.119579
      vertex 50.382904 6.035872 10.119579
    endloop
  endfacet
  facet normal 0.560693 -0.814739 -0.147728
    outer loop
      vertex 51.862093 5.421464 8.758155
      vertex 52.658969 5.969864 8.758155
      vertex 52.958880 5.902743 10.266633
    endloop
  endfacet
  facet normal 0.560693 -0.814739 -0.147728
    outer loop
      vertex 51.862093 5.421464 8.758155
      vertex 52.958880 5.902743 10.266633
      vertex 52.109943 5.318515 10.266633
    endloop
  endfacet
  facet normal -0.560405 0.814320 0.151091
    outer loop
      vertex 50.568658 6.437682 8.642957
      vertex 50.134638 6.138995 8.642957
      vertex 50.382904 6.035872 10.119579
    endloop
  endfacet
  facet normal -0.560405 0.814320 0.151091
    outer loop
      vertex 50.568658 6.437682 8.642957
      vertex 50.382904 6.035872 10.119579
      vertex 50.869074 6.370448 10.119579
    endloop
  endfacet
  facet normal 0.558132 -0.816573 -0.147301
    outer loop
      vertex 52.658969 5.969864 8.758155
      vertex 53.420407 6.490312 8.758155
      vertex 53.770065 6.457193 10.266633
    endloop
  endfacet
  facet normal 0.558132 -0.816573 -0.147301
    outer loop
      vertex 52.658969 5.969864 8.758155
      vertex 53.770065 6.457193 10.266633
      vertex 52.958880 5.902743 10.266633
    endloop
  endfacet
  facet normal -0.557847 0.816155 0.150654
    outer loop
      vertex 50.983378 6.721146 8.642957
      vertex 50.568658 6.437682 8.642957
      vertex 50.869074 6.370448 10.119579
    endloop
  endfacet
  facet normal -0.557847 0.816155 0.150654
    outer loop
      vertex 50.983378 6.721146 8.642957
      vertex 50.869074 6.370448 10.119579
      vertex 51.333624 6.687971 10.119579
    endloop
  endfacet
  facet normal 0.487992 0.867765 -0.094062
    outer loop
      vertex 53.420407 6.490312 8.758155
      vertex 52.401720 7.063177 8.758155
      vertex 52.684825 7.067484 10.266633
    endloop
  endfacet
  facet normal 0.487992 0.867765 -0.094062
    outer loop
      vertex 53.420407 6.490312 8.758155
      vertex 52.684825 7.067484 10.266633
      vertex 53.770065 6.457193 10.266633
    endloop
  endfacet
  facet normal -0.487891 -0.867584 0.096233
    outer loop
      vertex 50.428547 7.033159 8.642957
      vertex 50.983378 6.721146 8.642957
      vertex 51.333624 6.687971 10.119579
    endloop
  endfacet
  facet normal -0.487891 -0.867584 0.096233
    outer loop
      vertex 50.428547 7.033159 8.642957
      vertex 51.333624 6.687971 10.119579
      vertex 50.712128 7.037473 10.119579
    endloop
  endfacet
  facet normal 0.496339 0.862847 -0.095614
    outer loop
      vertex 52.401720 7.063177 8.758155
      vertex 51.322297 7.684097 8.758155
      vertex 51.534882 7.728970 10.266633
    endloop
  endfacet
  facet normal 0.496339 0.862847 -0.095614
    outer loop
      vertex 52.401720 7.063177 8.758155
      vertex 51.534882 7.728970 10.266633
      vertex 52.684825 7.067484 10.266633
    endloop
  endfacet
  facet normal -0.496232 -0.862661 0.097820
    outer loop
      vertex 49.840636 7.371345 8.642957
      vertex 50.428547 7.033159 8.642957
      vertex 50.712128 7.037473 10.119579
    endloop
  endfacet
  facet normal -0.496232 -0.862661 0.097820
    outer loop
      vertex 49.840636 7.371345 8.642957
      vertex 50.712128 7.037473 10.119579
      vertex 50.053578 7.416293 10.119579
    endloop
  endfacet
  facet normal 0.493391 0.864576 -0.095250
    outer loop
      vertex 51.322297 7.684097 8.758155
      vertex 50.143020 8.357080 8.758155
      vertex 50.278560 8.445920 10.266633
    endloop
  endfacet
  facet normal 0.493391 0.864576 -0.095250
    outer loop
      vertex 51.322297 7.684097 8.758155
      vertex 50.278560 8.445920 10.266633
      vertex 51.534882 7.728970 10.266633
    endloop
  endfacet
  facet normal -0.493286 -0.864392 0.097448
    outer loop
      vertex 49.198338 7.737888 8.642957
      vertex 49.840636 7.371345 8.642957
      vertex 50.053578 7.416293 10.119579
    endloop
  endfacet
  facet normal -0.493286 -0.864392 0.097448
    outer loop
      vertex 49.198338 7.737888 8.642957
      vertex 50.053578 7.416293 10.119579
      vertex 49.334106 7.826877 10.119579
    endloop
  endfacet
  facet normal 0.451609 0.887372 -0.092839
    outer loop
      vertex 50.143020 8.357080 8.758155
      vertex 48.834268 9.023142 8.758155
      vertex 48.884305 9.155497 10.266633
    endloop
  endfacet
  facet normal 0.451609 0.887372 -0.092839
    outer loop
      vertex 50.143020 8.357080 8.758155
      vertex 48.884305 9.155497 10.266633
      vertex 50.278560 8.445920 10.266633
    endloop
  endfacet
  facet normal -0.451518 -0.887192 0.094982
    outer loop
      vertex 48.485523 8.100660 8.642957
      vertex 49.198338 7.737888 8.642957
      vertex 49.334106 7.826877 10.119579
    endloop
  endfacet
  facet normal -0.451518 -0.887192 0.094982
    outer loop
      vertex 48.485523 8.100660 8.642957
      vertex 49.334106 7.826877 10.119579
      vertex 48.535644 8.233237 10.119579
    endloop
  endfacet
  facet normal 0.383589 0.918775 -0.093338
    outer loop
      vertex 48.834268 9.023142 8.758155
      vertex 47.502848 9.579011 8.758155
      vertex 47.465901 9.747681 10.266633
    endloop
  endfacet
  facet normal 0.383589 0.918775 -0.093338
    outer loop
      vertex 48.834268 9.023142 8.758155
      vertex 47.465901 9.747681 10.266633
      vertex 48.884305 9.155497 10.266633
    endloop
  endfacet
  facet normal -0.383510 -0.918586 0.095492
    outer loop
      vertex 47.760360 8.403416 8.642957
      vertex 48.485523 8.100660 8.642957
      vertex 48.535644 8.233237 10.119579
    endloop
  endfacet
  facet normal -0.383510 -0.918586 0.095492
    outer loop
      vertex 47.760360 8.403416 8.642957
      vertex 48.535644 8.233237 10.119579
      vertex 47.723351 8.572370 10.119579
    endloop
  endfacet
  facet normal 0.354562 0.930161 -0.095322
    outer loop
      vertex 47.502848 9.579011 8.758155
      vertex 46.269788 10.049032 8.758155
      vertex 46.152283 10.248410 10.266633
    endloop
  endfacet
  facet normal 0.354562 0.930161 -0.095322
    outer loop
      vertex 47.502848 9.579011 8.758155
      vertex 46.152283 10.248410 10.266633
      vertex 47.465901 9.747681 10.266633
    endloop
  endfacet
  facet normal -0.354486 -0.929962 0.097521
    outer loop
      vertex 47.088770 8.659415 8.642957
      vertex 47.760360 8.403416 8.642957
      vertex 47.723351 8.572370 10.119579
    endloop
  endfacet
  facet normal -0.354486 -0.929962 0.097521
    outer loop
      vertex 47.088770 8.659415 8.642957
      vertex 47.723351 8.572370 10.119579
      vertex 46.971067 8.859128 10.119579
    endloop
  endfacet
  facet normal 0.357562 0.929051 -0.094941
    outer loop
      vertex 46.269788 10.049032 8.758155
      vertex 45.132615 10.486694 8.758155
      vertex 44.940816 10.714665 10.266633
    endloop
  endfacet
  facet normal 0.357562 0.929051 -0.094941
    outer loop
      vertex 46.269788 10.049032 8.758155
      vertex 44.940816 10.714665 10.266633
      vertex 46.152283 10.248410 10.266633
    endloop
  endfacet
  facet normal -0.357487 -0.928853 0.097132
    outer loop
      vertex 46.469405 8.897789 8.642957
      vertex 47.088770 8.659415 8.642957
      vertex 46.971067 8.859128 10.119579
    endloop
  endfacet
  facet normal -0.357487 -0.928853 0.097132
    outer loop
      vertex 46.469405 8.897789 8.642957
      vertex 46.971067 8.859128 10.119579
      vertex 46.277284 9.126143 10.119579
    endloop
  endfacet
  facet normal 0.367323 0.925417 -0.093151
    outer loop
      vertex 45.132615 10.486694 8.758155
      vertex 44.063115 10.911208 8.758155
      vertex 43.801444 11.166913 10.266633
    endloop
  endfacet
  facet normal 0.367323 0.925417 -0.093151
    outer loop
      vertex 45.132615 10.486694 8.758155
      vertex 43.801444 11.166913 10.266633
      vertex 44.940816 10.714665 10.266633
    endloop
  endfacet
  facet normal -0.367248 -0.925228 0.095301
    outer loop
      vertex 45.886898 9.129002 8.642957
      vertex 46.469405 8.897789 8.642957
      vertex 46.277284 9.126143 10.119579
    endloop
  endfacet
  facet normal -0.367248 -0.925228 0.095301
    outer loop
      vertex 45.886898 9.129002 8.642957
      vertex 46.277284 9.126143 10.119579
      vertex 45.624787 9.385137 10.119579
    endloop
  endfacet
  facet normal -0.970870 -0.198066 -0.134839
    outer loop
      vertex 44.063115 10.911208 8.758155
      vertex 44.259684 9.947676 8.758155
      vertex 44.010855 10.140432 10.266633
    endloop
  endfacet
  facet normal -0.970870 -0.198066 -0.134839
    outer loop
      vertex 44.063115 10.911208 8.758155
      vertex 44.010855 10.140432 10.266633
      vertex 43.801444 11.166913 10.266633
    endloop
  endfacet
  facet normal 0.970454 0.197981 0.137921
    outer loop
      vertex 45.993960 8.604211 8.642957
      vertex 45.886898 9.129002 8.642957
      vertex 45.624787 9.385137 10.119579
    endloop
  endfacet
  facet normal 0.970454 0.197981 0.137921
    outer loop
      vertex 45.993960 8.604211 8.642957
      vertex 45.624787 9.385137 10.119579
      vertex 45.744713 8.797291 10.119579
    endloop
  endfacet
  facet normal -0.972060 -0.191400 -0.135887
    outer loop
      vertex 44.259684 9.947676 8.758155
      vertex 44.458997 8.935428 8.758155
      vertex 44.223190 9.062052 10.266633
    endloop
  endfacet
  facet normal -0.972060 -0.191400 -0.135887
    outer loop
      vertex 44.259684 9.947676 8.758155
      vertex 44.223190 9.062052 10.266633
      vertex 44.010855 10.140432 10.266633
    endloop
  endfacet
  facet normal 0.971637 0.191317 0.138992
    outer loop
      vertex 46.102516 8.052886 8.642957
      vertex 45.993960 8.604211 8.642957
      vertex 45.744713 8.797291 10.119579
    endloop
  endfacet
  facet normal 0.971637 0.191317 0.138992
    outer loop
      vertex 46.102516 8.052886 8.642957
      vertex 45.744713 8.797291 10.119579
      vertex 45.866313 8.179724 10.119579
    endloop
  endfacet
  facet normal -0.972182 -0.190726 -0.135963
    outer loop
      vertex 44.458997 8.935428 8.758155
      vertex 44.670050 7.859634 8.758155
      vertex 44.448031 7.915975 10.266633
    endloop
  endfacet
  facet normal -0.972182 -0.190726 -0.135963
    outer loop
      vertex 44.458997 8.935428 8.758155
      vertex 44.448031 7.915975 10.266633
      vertex 44.223190 9.062052 10.266633
    endloop
  endfacet
  facet normal 0.971759 0.190643 0.139069
    outer loop
      vertex 46.217467 7.466952 8.642957
      vertex 46.102516 8.052886 8.642957
      vertex 45.866313 8.179724 10.119579
    endloop
  endfacet
  facet normal 0.971759 0.190643 0.139069
    outer loop
      vertex 46.217467 7.466952 8.642957
      vertex 45.866313 8.179724 10.119579
      vertex 45.995075 7.523388 10.119579
    endloop
  endfacet
  facet normal -0.968767 -0.208126 -0.134810
    outer loop
      vertex 44.670050 7.859634 8.758155
      vertex 44.916474 6.712602 8.758155
      vertex 44.710555 6.694005 10.266633
    endloop
  endfacet
  facet normal -0.968767 -0.208126 -0.134810
    outer loop
      vertex 44.670050 7.859634 8.758155
      vertex 44.710555 6.694005 10.266633
      vertex 44.448031 7.915975 10.266633
    endloop
  endfacet
  facet normal 0.968352 0.208037 0.137891
    outer loop
      vertex 46.351683 6.842217 8.642957
      vertex 46.217467 7.466952 8.642957
      vertex 45.995075 7.523388 10.119579
    endloop
  endfacet
  facet normal 0.968352 0.208037 0.137891
    outer loop
      vertex 46.351683 6.842217 8.642957
      vertex 45.995075 7.523388 10.119579
      vertex 46.145418 6.823589 10.119579
    endloop
  endfacet
  facet normal -0.957846 -0.254175 -0.133887
    outer loop
      vertex 44.916474 6.712602 8.758155
      vertex 45.230895 5.527726 8.758155
      vertex 45.045517 5.431719 10.266633
    endloop
  endfacet
  facet normal -0.957846 -0.254175 -0.133887
    outer loop
      vertex 44.916474 6.712602 8.758155
      vertex 45.045517 5.431719 10.266633
      vertex 44.710555 6.694005 10.266633
    endloop
  endfacet
  facet normal 0.957442 0.254068 0.136948
    outer loop
      vertex 46.522933 6.196870 8.642957
      vertex 46.351683 6.842217 8.642957
      vertex 46.145418 6.823589 10.119579
    endloop
  endfacet
  facet normal 0.957442 0.254068 0.136948
    outer loop
      vertex 46.522933 6.196870 8.642957
      vertex 46.145418 6.823589 10.119579
      vertex 46.337244 6.100702 10.119579
    endloop
  endfacet
  facet normal -0.941622 -0.308274 -0.135336
    outer loop
      vertex 45.230895 5.527726 8.758155
      vertex 45.605628 4.383102 8.758155
      vertex 45.444733 4.212315 10.266633
    endloop
  endfacet
  facet normal -0.941622 -0.308274 -0.135336
    outer loop
      vertex 45.230895 5.527726 8.758155
      vertex 45.444733 4.212315 10.266633
      vertex 45.045517 5.431719 10.266633
    endloop
  endfacet
  facet normal 0.941216 0.308141 0.138429
    outer loop
      vertex 46.727033 5.573447 8.642957
      vertex 46.522933 6.196870 8.642957
      vertex 46.337244 6.100702 10.119579
    endloop
  endfacet
  facet normal 0.941216 0.308141 0.138429
    outer loop
      vertex 46.727033 5.573447 8.642957
      vertex 46.337244 6.100702 10.119579
      vertex 46.565867 5.402373 10.119579
    endloop
  endfacet
  facet normal -0.931139 -0.337726 -0.137553
    outer loop
      vertex 45.605628 4.383102 8.758155
      vertex 45.974424 3.366301 8.758155
      vertex 45.837623 3.129084 10.266633
    endloop
  endfacet
  facet normal -0.931139 -0.337726 -0.137553
    outer loop
      vertex 45.605628 4.383102 8.758155
      vertex 45.837623 3.129084 10.266633
      vertex 45.444733 4.212315 10.266633
    endloop
  endfacet
  facet normal 0.930724 0.337576 0.140694
    outer loop
      vertex 46.927899 5.019643 8.642957
      vertex 46.727033 5.573447 8.642957
      vertex 46.565867 5.402373 10.119579
    endloop
  endfacet
  facet normal 0.930724 0.337576 0.140694
    outer loop
      vertex 46.927899 5.019643 8.642957
      vertex 46.565867 5.402373 10.119579
      vertex 46.790868 4.782028 10.119579
    endloop
  endfacet
  facet normal 0.000000 -0.987860 -0.155346
    outer loop
      vertex 45.974424 3.366301 8.758155
      vertex 48.506329 3.366301 8.758155
      vertex 48.534941 3.129084 10.266633
    endloop
  endfacet
  facet normal 0.000000 -0.987860 -0.155346
    outer loop
      vertex 45.974424 3.366301 8.758155
      vertex 48.534941 3.129084 10.266633
      vertex 45.837623 3.129084 10.266633
    endloop
  endfacet
  facet normal 0.000000 0.987299 0.158874
    outer loop
      vertex 48.306909 5.019643 8.642957
      vertex 46.927899 5.019643 8.642957
      vertex 46.790868 4.782028 10.119579
    endloop
  endfacet
  facet normal 0.000000 0.987299 0.158874
    outer loop
      vertex 48.306909 5.019643 8.642957
      vertex 46.790868 4.782028 10.119579
      vertex 48.335569 4.782028 10.119579
    endloop
  endfacet
  facet normal 0.454606 -0.873834 -0.172472
    outer loop
      vertex 48.534941 3.129084 10.266633
      vertex 49.217456 3.484158 10.266633
      vertex 49.300834 3.229247 11.777915
    endloop
  endfacet
  facet normal 0.454606 -0.873834 -0.172472
    outer loop
      vertex 48.534941 3.129084 10.266633
      vertex 49.300834 3.229247 11.777915
      vertex 48.568795 2.848408 11.777915
    endloop
  endfacet
  facet normal -0.454313 0.873271 0.176063
    outer loop
      vertex 48.726433 4.985372 10.119579
      vertex 48.335569 4.782028 10.119579
      vertex 48.369383 4.501687 11.597323
    endloop
  endfacet
  facet normal -0.454313 0.873271 0.176063
    outer loop
      vertex 48.726433 4.985372 10.119579
      vertex 48.369383 4.501687 11.597323
      vertex 48.809711 4.730764 11.597323
    endloop
  endfacet
  facet normal 0.496394 -0.851100 -0.170943
    outer loop
      vertex 49.217456 3.484158 10.266633
      vertex 50.240993 4.081125 10.266633
      vertex 50.398639 3.869529 11.777915
    endloop
  endfacet
  facet normal 0.496394 -0.851100 -0.170943
    outer loop
      vertex 49.217456 3.484158 10.266633
      vertex 50.398639 3.869529 11.777915
      vertex 49.300834 3.229247 11.777915
    endloop
  endfacet
  facet normal -0.496080 0.850561 0.174504
    outer loop
      vertex 49.312593 5.327243 10.119579
      vertex 48.726433 4.985372 10.119579
      vertex 48.809711 4.730764 11.597323
    endloop
  endfacet
  facet normal -0.496080 0.850561 0.174504
    outer loop
      vertex 49.312593 5.327243 10.119579
      vertex 48.809711 4.730764 11.597323
      vertex 49.470051 5.115900 11.597323
    endloop
  endfacet
  facet normal 0.534266 -0.827712 -0.171619
    outer loop
      vertex 50.240993 4.081125 10.266633
      vertex 51.208515 4.705634 10.266633
      vertex 51.436364 4.539353 11.777915
    endloop
  endfacet
  facet normal 0.534266 -0.827712 -0.171619
    outer loop
      vertex 50.240993 4.081125 10.266633
      vertex 51.436364 4.539353 11.777915
      vertex 50.398639 3.869529 11.777915
    endloop
  endfacet
  facet normal -0.533925 0.827183 0.175193
    outer loop
      vertex 49.866674 5.684887 10.119579
      vertex 49.312593 5.327243 10.119579
      vertex 49.470051 5.115900 11.597323
    endloop
  endfacet
  facet normal -0.533925 0.827183 0.175193
    outer loop
      vertex 49.866674 5.684887 10.119579
      vertex 49.470051 5.115900 11.597323
      vertex 50.094251 5.518805 11.597323
    endloop
  endfacet
  facet normal 0.553765 -0.814481 -0.173103
    outer loop
      vertex 51.208515 4.705634 10.266633
      vertex 52.109943 5.318515 10.266633
      vertex 52.403201 5.196705 11.777915
    endloop
  endfacet
  facet normal 0.553765 -0.814481 -0.173103
    outer loop
      vertex 51.208515 4.705634 10.266633
      vertex 52.403201 5.196705 11.777915
      vertex 51.436364 4.539353 11.777915
    endloop
  endfacet
  facet normal -0.553406 0.813952 0.176706
    outer loop
      vertex 50.382904 6.035872 10.119579
      vertex 49.866674 5.684887 10.119579
      vertex 50.094251 5.518805 11.597323
    endloop
  endfacet
  facet normal -0.553406 0.813952 0.176706
    outer loop
      vertex 50.382904 6.035872 10.119579
      vertex 50.094251 5.518805 11.597323
      vertex 50.675812 5.914208 11.597323
    endloop
  endfacet
  facet normal 0.558293 -0.811252 -0.173722
    outer loop
      vertex 52.109943 5.318515 10.266633
      vertex 52.958880 5.902743 10.266633
      vertex 53.313737 5.823325 11.777915
    endloop
  endfacet
  facet normal 0.558293 -0.811252 -0.173722
    outer loop
      vertex 52.109943 5.318515 10.266633
      vertex 53.313737 5.823325 11.777915
      vertex 52.403201 5.196705 11.777915
    endloop
  endfacet
  facet normal -0.557928 0.810721 0.177336
    outer loop
      vertex 50.869074 6.370448 10.119579
      vertex 50.382904 6.035872 10.119579
      vertex 50.675812 5.914208 11.597323
    endloop
  endfacet
  facet normal -0.557928 0.810721 0.177336
    outer loop
      vertex 50.869074 6.370448 10.119579
      vertex 50.675812 5.914208 11.597323
      vertex 51.223507 6.291125 11.597323
    endloop
  endfacet
  facet normal 0.555757 -0.813098 -0.173223
    outer loop
      vertex 52.958880 5.902743 10.266633
      vertex 53.770065 6.457193 10.266633
      vertex 54.183782 6.418006 11.777915
    endloop
  endfacet
  facet normal 0.555757 -0.813098 -0.173223
    outer loop
      vertex 52.958880 5.902743 10.266633
      vertex 54.183782 6.418006 11.777915
      vertex 53.313737 5.823325 11.777915
    endloop
  endfacet
  facet normal -0.555396 0.812568 0.176828
    outer loop
      vertex 51.333624 6.687971 10.119579
      vertex 50.869074 6.370448 10.119579
      vertex 51.223507 6.291125 11.597323
    endloop
  endfacet
  facet normal -0.555396 0.812568 0.176828
    outer loop
      vertex 51.333624 6.687971 10.119579
      vertex 51.223507 6.291125 11.597323
      vertex 51.746847 6.648831 11.597323
    endloop
  endfacet
  facet normal 0.487142 0.866253 -0.110895
    outer loop
      vertex 53.770065 6.457193 10.266633
      vertex 52.684825 7.067484 10.266633
      vertex 53.019796 7.072580 11.777915
    endloop
  endfacet
  facet normal 0.487142 0.866253 -0.110895
    outer loop
      vertex 53.770065 6.457193 10.266633
      vertex 53.019796 7.072580 11.777915
      vertex 54.183782 6.418006 11.777915
    endloop
  endfacet
  facet normal -0.487012 -0.866022 0.113246
    outer loop
      vertex 50.712128 7.037473 10.119579
      vertex 51.333624 6.687971 10.119579
      vertex 51.746847 6.648831 11.597323
    endloop
  endfacet
  facet normal -0.487012 -0.866022 0.113246
    outer loop
      vertex 50.712128 7.037473 10.119579
      vertex 51.746847 6.648831 11.597323
      vertex 51.046699 7.042563 11.597323
    endloop
  endfacet
  facet normal 0.495446 0.861294 -0.112718
    outer loop
      vertex 52.684825 7.067484 10.266633
      vertex 51.534882 7.728970 10.266633
      vertex 51.786413 7.782064 11.777915
    endloop
  endfacet
  facet normal 0.495446 0.861294 -0.112718
    outer loop
      vertex 52.684825 7.067484 10.266633
      vertex 51.786413 7.782064 11.777915
      vertex 53.019796 7.072580 11.777915
    endloop
  endfacet
  facet normal -0.495309 -0.861057 0.115107
    outer loop
      vertex 50.053578 7.416293 10.119579
      vertex 50.712128 7.037473 10.119579
      vertex 51.046699 7.042563 11.597323
    endloop
  endfacet
  facet normal -0.495309 -0.861057 0.115107
    outer loop
      vertex 50.053578 7.416293 10.119579
      vertex 51.046699 7.042563 11.597323
      vertex 50.304808 7.469324 11.597323
    endloop
  endfacet
  facet normal 0.492510 0.863032 -0.112291
    outer loop
      vertex 51.534882 7.728970 10.266633
      vertex 50.278560 8.445920 10.266633
      vertex 50.438931 8.551036 11.777915
    endloop
  endfacet
  facet normal 0.492510 0.863032 -0.112291
    outer loop
      vertex 51.534882 7.728970 10.266633
      vertex 50.438931 8.551036 11.777915
      vertex 51.786413 7.782064 11.777915
    endloop
  endfacet
  facet normal -0.492375 -0.862796 0.114671
    outer loop
      vertex 49.334106 7.826877 10.119579
      vertex 50.053578 7.416293 10.119579
      vertex 50.304808 7.469324 11.597323
    endloop
  endfacet
  facet normal -0.492375 -0.862796 0.114671
    outer loop
      vertex 49.334106 7.826877 10.119579
      vertex 50.304808 7.469324 11.597323
      vertex 49.494287 7.931867 11.597323
    endloop
  endfacet
  facet normal 0.450843 0.885867 -0.109457
    outer loop
      vertex 50.278560 8.445920 10.266633
      vertex 48.884305 9.155497 10.266633
      vertex 48.943509 9.312100 11.777915
    endloop
  endfacet
  facet normal 0.450843 0.885867 -0.109457
    outer loop
      vertex 50.278560 8.445920 10.266633
      vertex 48.943509 9.312100 11.777915
      vertex 50.438931 8.551036 11.777915
    endloop
  endfacet
  facet normal -0.450726 -0.885636 0.111779
    outer loop
      vertex 48.535644 8.233237 10.119579
      vertex 49.334106 7.826877 10.119579
      vertex 49.494287 7.931867 11.597323
    endloop
  endfacet
  facet normal -0.450726 -0.885636 0.111779
    outer loop
      vertex 48.535644 8.233237 10.119579
      vertex 49.494287 7.931867 11.597323
      vertex 48.594777 8.389654 11.597323
    endloop
  endfacet
  facet normal 0.382931 0.917199 -0.110044
    outer loop
      vertex 48.884305 9.155497 10.266633
      vertex 47.465901 9.747681 10.266633
      vertex 47.422185 9.947254 11.777915
    endloop
  endfacet
  facet normal 0.382931 0.917199 -0.110044
    outer loop
      vertex 48.884305 9.155497 10.266633
      vertex 47.422185 9.947254 11.777915
      vertex 48.943509 9.312100 11.777915
    endloop
  endfacet
  facet normal -0.382831 -0.916958 0.112377
    outer loop
      vertex 47.723351 8.572370 10.119579
      vertex 48.535644 8.233237 10.119579
      vertex 48.594777 8.389654 11.597323
    endloop
  endfacet
  facet normal -0.382831 -0.916958 0.112377
    outer loop
      vertex 47.723351 8.572370 10.119579
      vertex 48.594777 8.389654 11.597323
      vertex 47.679687 8.771704 11.597323
    endloop
  endfacet
  facet normal 0.353927 0.928497 -0.112375
    outer loop
      vertex 47.465901 9.747681 10.266633
      vertex 46.152283 10.248410 10.266633
      vertex 46.013250 10.484315 11.777915
    endloop
  endfacet
  facet normal 0.353927 0.928497 -0.112375
    outer loop
      vertex 47.465901 9.747681 10.266633
      vertex 46.013250 10.484315 11.777915
      vertex 47.422185 9.947254 11.777915
    endloop
  endfacet
  facet normal -0.353830 -0.928243 0.114757
    outer loop
      vertex 46.971067 8.859128 10.119579
      vertex 47.723351 8.572370 10.119579
      vertex 47.679687 8.771704 11.597323
    endloop
  endfacet
  facet normal -0.353830 -0.928243 0.114757
    outer loop
      vertex 46.971067 8.859128 10.119579
      vertex 47.679687 8.771704 11.597323
      vertex 46.832201 9.094752 11.597323
    endloop
  endfacet
  facet normal 0.356928 0.927402 -0.111928
    outer loop
      vertex 46.152283 10.248410 10.266633
      vertex 44.940816 10.714665 10.266633
      vertex 44.713879 10.984402 11.777915
    endloop
  endfacet
  facet normal 0.356928 0.927402 -0.111928
    outer loop
      vertex 46.152283 10.248410 10.266633
      vertex 44.713879 10.984402 11.777915
      vertex 46.013250 10.484315 11.777915
    endloop
  endfacet
  facet normal -0.356831 -0.927150 0.114300
    outer loop
      vertex 46.277284 9.126143 10.119579
      vertex 46.971067 8.859128 10.119579
      vertex 46.832201 9.094752 11.597323
    endloop
  endfacet
  facet normal -0.356831 -0.927150 0.114300
    outer loop
      vertex 46.277284 9.126143 10.119579
      vertex 46.832201 9.094752 11.597323
      vertex 46.050617 9.395559 11.597323
    endloop
  endfacet
  facet normal 0.366696 0.923836 -0.109825
    outer loop
      vertex 44.940816 10.714665 10.266633
      vertex 43.801444 11.166913 10.266633
      vertex 43.491834 11.469465 11.777915
    endloop
  endfacet
  facet normal 0.366696 0.923836 -0.109825
    outer loop
      vertex 44.940816 10.714665 10.266633
      vertex 43.491834 11.469465 11.777915
      vertex 44.713879 10.984402 11.777915
    endloop
  endfacet
  facet normal -0.366600 -0.923594 0.112154
    outer loop
      vertex 45.624787 9.385137 10.119579
      vertex 46.277284 9.126143 10.119579
      vertex 46.050617 9.395559 11.597323
    endloop
  endfacet
  facet normal -0.366600 -0.923594 0.112154
    outer loop
      vertex 45.624787 9.385137 10.119579
      vertex 46.050617 9.395559 11.597323
      vertex 45.315546 9.687328 11.597323
    endloop
  endfacet
  facet normal -0.967404 -0.197359 -0.158678
    outer loop
      vertex 43.801444 11.166913 10.266633
      vertex 44.010855 10.140432 10.266633
      vertex 43.716439 10.368503 11.777915
    endloop
  endfacet
  facet normal -0.967404 -0.197359 -0.158678
    outer loop
      vertex 43.801444 11.166913 10.266633
      vertex 43.716439 10.368503 11.777915
      vertex 43.491834 11.469465 11.777915
    endloop
  endfacet
  facet normal 0.966876 0.197251 0.161997
    outer loop
      vertex 45.744713 8.797291 10.119579
      vertex 45.624787 9.385137 10.119579
      vertex 45.315546 9.687328 11.597323
    endloop
  endfacet
  facet normal 0.966876 0.197251 0.161997
    outer loop
      vertex 45.744713 8.797291 10.119579
      vertex 45.315546 9.687328 11.597323
      vertex 45.450649 9.025090 11.597323
    endloop
  endfacet
  facet normal -0.968536 -0.190706 -0.159902
    outer loop
      vertex 44.010855 10.140432 10.266633
      vertex 44.223190 9.062052 10.266633
      vertex 43.944181 9.211874 11.777915
    endloop
  endfacet
  facet normal -0.968536 -0.190706 -0.159902
    outer loop
      vertex 44.010855 10.140432 10.266633
      vertex 43.944181 9.211874 11.777915
      vertex 43.716439 10.368503 11.777915
    endloop
  endfacet
  facet normal 0.967999 0.190600 0.163246
    outer loop
      vertex 45.866313 8.179724 10.119579
      vertex 45.744713 8.797291 10.119579
      vertex 45.450649 9.025090 11.597323
    endloop
  endfacet
  facet normal 0.967999 0.190600 0.163246
    outer loop
      vertex 45.866313 8.179724 10.119579
      vertex 45.450649 9.025090 11.597323
      vertex 45.587637 8.329367 11.597323
    endloop
  endfacet
  facet normal -0.968654 -0.190034 -0.159991
    outer loop
      vertex 44.223190 9.062052 10.266633
      vertex 44.448031 7.915975 10.266633
      vertex 44.185338 7.982638 11.777915
    endloop
  endfacet
  facet normal -0.968654 -0.190034 -0.159991
    outer loop
      vertex 44.223190 9.062052 10.266633
      vertex 44.185338 7.982638 11.777915
      vertex 43.944181 9.211874 11.777915
    endloop
  endfacet
  facet normal 0.968116 0.189929 0.163336
    outer loop
      vertex 45.995075 7.523388 10.119579
      vertex 45.866313 8.179724 10.119579
      vertex 45.587637 8.329367 11.597323
    endloop
  endfacet
  facet normal 0.968116 0.189929 0.163336
    outer loop
      vertex 45.995075 7.523388 10.119579
      vertex 45.587637 8.329367 11.597323
      vertex 45.732695 7.589971 11.597323
    endloop
  endfacet
  facet normal -0.965310 -0.207384 -0.158644
    outer loop
      vertex 44.448031 7.915975 10.266633
      vertex 44.710555 6.694005 10.266633
      vertex 44.466910 6.672002 11.777915
    endloop
  endfacet
  facet normal -0.965310 -0.207384 -0.158644
    outer loop
      vertex 44.448031 7.915975 10.266633
      vertex 44.466910 6.672002 11.777915
      vertex 44.185338 7.982638 11.777915
    endloop
  endfacet
  facet normal 0.964783 0.207271 0.161963
    outer loop
      vertex 46.145418 6.823589 10.119579
      vertex 45.995075 7.523388 10.119579
      vertex 45.732695 7.589971 11.597323
    endloop
  endfacet
  facet normal 0.964783 0.207271 0.161963
    outer loop
      vertex 46.145418 6.823589 10.119579
      vertex 45.732695 7.589971 11.597323
      vertex 45.902063 6.801612 11.597323
    endloop
  endfacet
  facet normal -0.954475 -0.253281 -0.157566
    outer loop
      vertex 44.710555 6.694005 10.266633
      vertex 45.045517 5.431719 10.266633
      vertex 44.826177 5.318123 11.777915
    endloop
  endfacet
  facet normal -0.954475 -0.253281 -0.157566
    outer loop
      vertex 44.710555 6.694005 10.266633
      vertex 44.826177 5.318123 11.777915
      vertex 44.466910 6.672002 11.777915
    endloop
  endfacet
  facet normal 0.953961 0.253144 0.160863
    outer loop
      vertex 46.337244 6.100702 10.119579
      vertex 46.145418 6.823589 10.119579
      vertex 45.902063 6.801612 11.597323
    endloop
  endfacet
  facet normal 0.953961 0.253144 0.160863
    outer loop
      vertex 46.337244 6.100702 10.119579
      vertex 45.902063 6.801612 11.597323
      vertex 46.118165 5.987242 11.597323
    endloop
  endfacet
  facet normal -0.938236 -0.307165 -0.159259
    outer loop
      vertex 45.045517 5.431719 10.266633
      vertex 45.444733 4.212315 10.266633
      vertex 45.254360 4.010238 11.777915
    endloop
  endfacet
  facet normal -0.938236 -0.307165 -0.159259
    outer loop
      vertex 45.045517 5.431719 10.266633
      vertex 45.254360 4.010238 11.777915
      vertex 44.826177 5.318123 11.777915
    endloop
  endfacet
  facet normal 0.937720 0.306996 0.162590
    outer loop
      vertex 46.565867 5.402373 10.119579
      vertex 46.337244 6.100702 10.119579
      vertex 46.118165 5.987242 11.597323
    endloop
  endfacet
  facet normal 0.937720 0.306996 0.162590
    outer loop
      vertex 46.565867 5.402373 10.119579
      vertex 46.118165 5.987242 11.597323
      vertex 46.375721 5.200538 11.597323
    endloop
  endfacet
  facet normal -0.927681 -0.336472 -0.161848
    outer loop
      vertex 45.444733 4.212315 10.266633
      vertex 45.837623 3.129084 10.266633
      vertex 45.675758 2.848408 11.777915
    endloop
  endfacet
  facet normal -0.927681 -0.336472 -0.161848
    outer loop
      vertex 45.444733 4.212315 10.266633
      vertex 45.675758 2.848408 11.777915
      vertex 45.254360 4.010238 11.777915
    endloop
  endfacet
  facet normal 0.927154 0.336281 0.165230
    outer loop
      vertex 46.790868 4.782028 10.119579
      vertex 46.565867 5.402373 10.119579
      vertex 46.375721 5.200538 11.597323
    endloop
  endfacet
  facet normal 0.927154 0.336281 0.165230
    outer loop
      vertex 46.790868 4.782028 10.119579
      vertex 46.375721 5.200538 11.597323
      vertex 46.629196 4.501687 11.597323
    endloop
  endfacet
  facet normal 0.000000 -0.983188 -0.182598
    outer loop
      vertex 45.837623 3.129084 10.266633
      vertex 48.534941 3.129084 10.266633
      vertex 48.568795 2.848408 11.777915
    endloop
  endfacet
  facet normal 0.000000 -0.983188 -0.182598
    outer loop
      vertex 45.837623 3.129084 10.266633
      vertex 48.568795 2.848408 11.777915
      vertex 45.675758 2.848408 11.777915
    endloop
  endfacet
  facet normal 0.000000 0.982477 0.186385
    outer loop
      vertex 48.335569 4.782028 10.119579
      vertex 46.790868 4.782028 10.119579
      vertex 46.629196 4.501687 11.597323
    endloop
  endfacet
  facet normal 0.000000 0.982477 0.186385
    outer loop
      vertex 48.335569 4.782028 10.119579
      vertex 46.629196 4.501687 11.597323
      vertex 48.369383 4.501687 11.597323
    endloop
  endfacet
  facet normal 0.452971 -0.870691 -0.191609
    outer loop
      vertex 48.568795 2.848408 11.777915
      vertex 49.300834 3.229247 11.777915
      vertex 49.393894 2.944732 13.290775
    endloop
  endfacet
  facet normal 0.452971 -0.870691 -0.191609
    outer loop
      vertex 48.568795 2.848408 11.777915
      vertex 49.393894 2.944732 13.290775
      vertex 48.606580 2.535138 13.290775
    endloop
  endfacet
  facet normal -0.452567 0.869914 0.196045
    outer loop
      vertex 48.809711 4.730764 11.597323
      vertex 48.369383 4.501687 11.597323
      vertex 48.407196 4.188190 13.075699
    endloop
  endfacet
  facet normal -0.452567 0.869914 0.196045
    outer loop
      vertex 48.809711 4.730764 11.597323
      vertex 48.407196 4.188190 13.075699
      vertex 48.902838 4.446045 13.075699
    endloop
  endfacet
  facet normal 0.494640 -0.848092 -0.189922
    outer loop
      vertex 49.300834 3.229247 11.777915
      vertex 50.398639 3.869529 11.777915
      vertex 50.574593 3.633361 13.290775
    endloop
  endfacet
  facet normal 0.494640 -0.848092 -0.189922
    outer loop
      vertex 49.300834 3.229247 11.777915
      vertex 50.574593 3.633361 13.290775
      vertex 49.393894 2.944732 13.290775
    endloop
  endfacet
  facet normal -0.494206 0.847348 0.194322
    outer loop
      vertex 49.470051 5.115900 11.597323
      vertex 48.809711 4.730764 11.597323
      vertex 48.902838 4.446045 13.075699
    endloop
  endfacet
  facet normal -0.494206 0.847348 0.194322
    outer loop
      vertex 49.470051 5.115900 11.597323
      vertex 48.902838 4.446045 13.075699
      vertex 49.646131 4.879562 13.075699
    endloop
  endfacet
  facet normal 0.532363 -0.824764 -0.190668
    outer loop
      vertex 50.398639 3.869529 11.777915
      vertex 51.436364 4.539353 11.777915
      vertex 51.690674 4.353762 13.290775
    endloop
  endfacet
  facet normal 0.532363 -0.824764 -0.190668
    outer loop
      vertex 50.398639 3.869529 11.777915
      vertex 51.690674 4.353762 13.290775
      vertex 50.574593 3.633361 13.290775
    endloop
  endfacet
  facet normal -0.531892 0.824035 0.195083
    outer loop
      vertex 50.094251 5.518805 11.597323
      vertex 49.470051 5.115900 11.597323
      vertex 49.646131 4.879562 13.075699
    endloop
  endfacet
  facet normal -0.531892 0.824035 0.195083
    outer loop
      vertex 50.094251 5.518805 11.597323
      vertex 49.646131 4.879562 13.075699
      vertex 50.348744 5.333080 13.075699
    endloop
  endfacet
  facet normal 0.551759 -0.811530 -0.192305
    outer loop
      vertex 51.436364 4.539353 11.777915
      vertex 52.403201 5.196705 11.777915
      vertex 52.730514 5.060749 13.290775
    endloop
  endfacet
  facet normal 0.551759 -0.811530 -0.192305
    outer loop
      vertex 51.436364 4.539353 11.777915
      vertex 52.730514 5.060749 13.290775
      vertex 51.690674 4.353762 13.290775
    endloop
  endfacet
  facet normal -0.551263 0.810800 0.196755
    outer loop
      vertex 50.675812 5.914208 11.597323
      vertex 50.094251 5.518805 11.597323
      vertex 50.348744 5.333080 13.075699
    endloop
  endfacet
  facet normal -0.551263 0.810800 0.196755
    outer loop
      vertex 50.675812 5.914208 11.597323
      vertex 50.348744 5.333080 13.075699
      vertex 51.003361 5.778154 13.075699
    endloop
  endfacet
  facet normal 0.556256 -0.808291 -0.192987
    outer loop
      vertex 52.403201 5.196705 11.777915
      vertex 53.313737 5.823325 11.777915
      vertex 53.709803 5.734684 13.290775
    endloop
  endfacet
  facet normal 0.556256 -0.808291 -0.192987
    outer loop
      vertex 52.403201 5.196705 11.777915
      vertex 53.709803 5.734684 13.290775
      vertex 52.730514 5.060749 13.290775
    endloop
  endfacet
  facet normal -0.555752 0.807559 0.197452
    outer loop
      vertex 51.223507 6.291125 11.597323
      vertex 50.675812 5.914208 11.597323
      vertex 51.003361 5.778154 13.075699
    endloop
  endfacet
  facet normal -0.555752 0.807559 0.197452
    outer loop
      vertex 51.223507 6.291125 11.597323
      vertex 51.003361 5.778154 13.075699
      vertex 51.619859 6.202420 13.075699
    endloop
  endfacet
  facet normal 0.553741 -0.810148 -0.192437
    outer loop
      vertex 53.313737 5.823325 11.777915
      vertex 54.183782 6.418006 11.777915
      vertex 54.645543 6.374268 13.290775
    endloop
  endfacet
  facet normal 0.553741 -0.810148 -0.192437
    outer loop
      vertex 53.313737 5.823325 11.777915
      vertex 54.645543 6.374268 13.290775
      vertex 53.709803 5.734684 13.290775
    endloop
  endfacet
  facet normal -0.553242 0.809418 0.196890
    outer loop
      vertex 51.746847 6.648831 11.597323
      vertex 51.223507 6.291125 11.597323
      vertex 51.619859 6.202420 13.075699
    endloop
  endfacet
  facet normal -0.553242 0.809418 0.196890
    outer loop
      vertex 51.746847 6.648831 11.597323
      vertex 51.619859 6.202420 13.075699
      vertex 52.208941 6.605062 13.075699
    endloop
  endfacet
  facet normal 0.486416 0.864961 -0.123459
    outer loop
      vertex 54.183782 6.418006 11.777915
      vertex 53.019796 7.072580 11.777915
      vertex 53.393667 7.078267 13.290775
    endloop
  endfacet
  facet normal 0.486416 0.864961 -0.123459
    outer loop
      vertex 54.183782 6.418006 11.777915
      vertex 53.393667 7.078267 13.290775
      vertex 54.645543 6.374268 13.290775
    endloop
  endfacet
  facet normal -0.486235 -0.864640 0.126383
    outer loop
      vertex 51.046699 7.042563 11.597323
      vertex 51.746847 6.648831 11.597323
      vertex 52.208941 6.605062 13.075699
    endloop
  endfacet
  facet normal -0.486235 -0.864640 0.126383
    outer loop
      vertex 51.046699 7.042563 11.597323
      vertex 52.208941 6.605062 13.075699
      vertex 51.420840 7.048255 13.075699
    endloop
  endfacet
  facet normal 0.494682 0.859967 -0.125483
    outer loop
      vertex 53.019796 7.072580 11.777915
      vertex 51.786413 7.782064 11.777915
      vertex 52.067154 7.841323 13.290775
    endloop
  endfacet
  facet normal 0.494682 0.859967 -0.125483
    outer loop
      vertex 53.019796 7.072580 11.777915
      vertex 52.067154 7.841323 13.290775
      vertex 53.393667 7.078267 13.290775
    endloop
  endfacet
  facet normal -0.494493 -0.859637 0.128454
    outer loop
      vertex 50.304808 7.469324 11.597323
      vertex 51.046699 7.042563 11.597323
      vertex 51.420840 7.048255 13.075699
    endloop
  endfacet
  facet normal -0.494493 -0.859637 0.128454
    outer loop
      vertex 50.304808 7.469324 11.597323
      vertex 51.420840 7.048255 13.075699
      vertex 50.585752 7.528626 13.075699
    endloop
  endfacet
  facet normal 0.491757 0.861712 -0.125009
    outer loop
      vertex 51.786413 7.782064 11.777915
      vertex 50.438931 8.551036 11.777915
      vertex 50.617927 8.668359 13.290775
    endloop
  endfacet
  facet normal 0.491757 0.861712 -0.125009
    outer loop
      vertex 51.786413 7.782064 11.777915
      vertex 50.617927 8.668359 13.290775
      vertex 52.067154 7.841323 13.290775
    endloop
  endfacet
  facet normal -0.491570 -0.861385 0.127968
    outer loop
      vertex 49.494287 7.931867 11.597323
      vertex 50.304808 7.469324 11.597323
      vertex 50.585752 7.528626 13.075699
    endloop
  endfacet
  facet normal -0.491570 -0.861385 0.127968
    outer loop
      vertex 49.494287 7.931867 11.597323
      vertex 50.585752 7.528626 13.075699
      vertex 49.673411 8.049275 13.075699
    endloop
  endfacet
  facet normal 0.450188 0.884579 -0.121864
    outer loop
      vertex 50.438931 8.551036 11.777915
      vertex 48.943509 9.312100 11.777915
      vertex 49.009589 9.486889 13.290775
    endloop
  endfacet
  facet normal 0.450188 0.884579 -0.121864
    outer loop
      vertex 50.438931 8.551036 11.777915
      vertex 49.009589 9.486889 13.290775
      vertex 50.617927 8.668359 13.290775
    endloop
  endfacet
  facet normal -0.450025 -0.884259 0.124751
    outer loop
      vertex 48.594777 8.389654 11.597323
      vertex 49.494287 7.931867 11.597323
      vertex 49.673411 8.049275 13.075699
    endloop
  endfacet
  facet normal -0.450025 -0.884259 0.124751
    outer loop
      vertex 48.594777 8.389654 11.597323
      vertex 49.673411 8.049275 13.075699
      vertex 48.660904 8.564569 13.075699
    endloop
  endfacet
  facet normal 0.382369 0.915852 -0.122515
    outer loop
      vertex 48.943509 9.312100 11.777915
      vertex 47.422185 9.947254 11.777915
      vertex 47.373392 10.170002 13.290775
    endloop
  endfacet
  facet normal 0.382369 0.915852 -0.122515
    outer loop
      vertex 48.943509 9.312100 11.777915
      vertex 47.373392 10.170002 13.290775
      vertex 49.009589 9.486889 13.290775
    endloop
  endfacet
  facet normal -0.382229 -0.915517 0.125417
    outer loop
      vertex 47.679687 8.771704 11.597323
      vertex 48.594777 8.389654 11.597323
      vertex 48.660904 8.564569 13.075699
    endloop
  endfacet
  facet normal -0.382229 -0.915517 0.125417
    outer loop
      vertex 47.679687 8.771704 11.597323
      vertex 48.660904 8.564569 13.075699
      vertex 47.630859 8.994613 13.075699
    endloop
  endfacet
  facet normal 0.353385 0.927075 -0.125102
    outer loop
      vertex 47.422185 9.947254 11.777915
      vertex 46.013250 10.484315 11.777915
      vertex 45.858072 10.747616 13.290775
    endloop
  endfacet
  facet normal 0.353385 0.927075 -0.125102
    outer loop
      vertex 47.422185 9.947254 11.777915
      vertex 45.858072 10.747616 13.290775
      vertex 47.373392 10.170002 13.290775
    endloop
  endfacet
  facet normal -0.353251 -0.926722 0.128064
    outer loop
      vertex 46.832201 9.094752 11.597323
      vertex 47.679687 8.771704 11.597323
      vertex 47.630859 8.994613 13.075699
    endloop
  endfacet
  facet normal -0.353251 -0.926722 0.128064
    outer loop
      vertex 46.832201 9.094752 11.597323
      vertex 47.630859 8.994613 13.075699
      vertex 46.676910 9.358242 13.075699
    endloop
  endfacet
  facet normal 0.356386 0.925993 -0.124606
    outer loop
      vertex 46.013250 10.484315 11.777915
      vertex 44.713879 10.984402 11.777915
      vertex 44.460588 11.285464 13.290775
    endloop
  endfacet
  facet normal 0.356386 0.925993 -0.124606
    outer loop
      vertex 46.013250 10.484315 11.777915
      vertex 44.460588 11.285464 13.290775
      vertex 45.858072 10.747616 13.290775
    endloop
  endfacet
  facet normal -0.356251 -0.925643 0.127556
    outer loop
      vertex 46.050617 9.395559 11.597323
      vertex 46.832201 9.094752 11.597323
      vertex 46.676910 9.358242 13.075699
    endloop
  endfacet
  facet normal -0.356251 -0.925643 0.127556
    outer loop
      vertex 46.050617 9.395559 11.597323
      vertex 46.676910 9.358242 13.075699
      vertex 45.797144 9.696837 13.075699
    endloop
  endfacet
  facet normal 0.366159 0.922484 -0.122271
    outer loop
      vertex 44.713879 10.984402 11.777915
      vertex 43.491834 11.469465 11.777915
      vertex 43.146269 11.807153 13.290775
    endloop
  endfacet
  facet normal 0.366159 0.922484 -0.122271
    outer loop
      vertex 44.713879 10.984402 11.777915
      vertex 43.146269 11.807153 13.290775
      vertex 44.460588 11.285464 13.290775
    endloop
  endfacet
  facet normal -0.366026 -0.922149 0.125168
    outer loop
      vertex 45.315546 9.687328 11.597323
      vertex 46.050617 9.395559 11.597323
      vertex 45.797144 9.696837 13.075699
    endloop
  endfacet
  facet normal -0.366026 -0.922149 0.125168
    outer loop
      vertex 45.315546 9.687328 11.597323
      vertex 45.797144 9.696837 13.075699
      vertex 44.969732 10.025259 13.075699
    endloop
  endfacet
  facet normal -0.964456 -0.196757 -0.176381
    outer loop
      vertex 43.491834 11.469465 11.777915
      vertex 43.716439 10.368503 11.777915
      vertex 43.387834 10.623059 13.290775
    endloop
  endfacet
  facet normal -0.964456 -0.196757 -0.176381
    outer loop
      vertex 43.491834 11.469465 11.777915
      vertex 43.387834 10.623059 13.290775
      vertex 43.146269 11.807153 13.290775
    endloop
  endfacet
  facet normal 0.963727 0.196608 0.180489
    outer loop
      vertex 45.450649 9.025090 11.597323
      vertex 45.315546 9.687328 11.597323
      vertex 44.969732 10.025259 13.075699
    endloop
  endfacet
  facet normal 0.963727 0.196608 0.180489
    outer loop
      vertex 45.450649 9.025090 11.597323
      vertex 44.969732 10.025259 13.075699
      vertex 45.121806 9.279829 13.075699
    endloop
  endfacet
  facet normal -0.965539 -0.190116 -0.177734
    outer loop
      vertex 43.716439 10.368503 11.777915
      vertex 43.944181 9.211874 11.777915
      vertex 43.632772 9.379096 13.290775
    endloop
  endfacet
  facet normal -0.965539 -0.190116 -0.177734
    outer loop
      vertex 43.716439 10.368503 11.777915
      vertex 43.632772 9.379096 13.290775
      vertex 43.387834 10.623059 13.290775
    endloop
  endfacet
  facet normal 0.964798 0.189970 0.181871
    outer loop
      vertex 45.587637 8.329367 11.597323
      vertex 45.450649 9.025090 11.597323
      vertex 45.121806 9.279829 13.075699
    endloop
  endfacet
  facet normal 0.964798 0.189970 0.181871
    outer loop
      vertex 45.587637 8.329367 11.597323
      vertex 45.121806 9.279829 13.075699
      vertex 45.276004 8.496709 13.075699
    endloop
  endfacet
  facet normal -0.965653 -0.189446 -0.177831
    outer loop
      vertex 43.944181 9.211874 11.777915
      vertex 44.185338 7.982638 11.777915
      vertex 43.892137 8.057042 13.290775
    endloop
  endfacet
  facet normal -0.965653 -0.189446 -0.177831
    outer loop
      vertex 43.944181 9.211874 11.777915
      vertex 43.892137 8.057042 13.290775
      vertex 43.632772 9.379096 13.290775
    endloop
  endfacet
  facet normal 0.964910 0.189300 0.181971
    outer loop
      vertex 45.732695 7.589971 11.597323
      vertex 45.587637 8.329367 11.597323
      vertex 45.276004 8.496709 13.075699
    endloop
  endfacet
  facet normal 0.964910 0.189300 0.181971
    outer loop
      vertex 45.732695 7.589971 11.597323
      vertex 45.276004 8.496709 13.075699
      vertex 45.439284 7.664429 13.075699
    endloop
  endfacet
  facet normal -0.962370 -0.206752 -0.176344
    outer loop
      vertex 44.185338 7.982638 11.777915
      vertex 44.466910 6.672002 11.777915
      vertex 44.194971 6.647443 13.290775
    endloop
  endfacet
  facet normal -0.962370 -0.206752 -0.176344
    outer loop
      vertex 44.185338 7.982638 11.777915
      vertex 44.194971 6.647443 13.290775
      vertex 43.892137 8.057042 13.290775
    endloop
  endfacet
  facet normal 0.961642 0.206596 0.180451
    outer loop
      vertex 45.902063 6.801612 11.597323
      vertex 45.732695 7.589971 11.597323
      vertex 45.439284 7.664429 13.075699
    endloop
  endfacet
  facet normal 0.961642 0.206596 0.180451
    outer loop
      vertex 45.902063 6.801612 11.597323
      vertex 45.439284 7.664429 13.075699
      vertex 45.629928 6.777035 13.075699
    endloop
  endfacet
  facet normal -0.951607 -0.252520 -0.175152
    outer loop
      vertex 44.466910 6.672002 11.777915
      vertex 44.826177 5.318123 11.777915
      vertex 44.581365 5.191336 13.290775
    endloop
  endfacet
  facet normal -0.951607 -0.252520 -0.175152
    outer loop
      vertex 44.466910 6.672002 11.777915
      vertex 44.581365 5.191336 13.290775
      vertex 44.194971 6.647443 13.290775
    endloop
  endfacet
  facet normal 0.950897 0.252331 0.179233
    outer loop
      vertex 46.118165 5.987242 11.597323
      vertex 45.902063 6.801612 11.597323
      vertex 45.629928 6.777035 13.075699
    endloop
  endfacet
  facet normal 0.950897 0.252331 0.179233
    outer loop
      vertex 46.118165 5.987242 11.597323
      vertex 45.629928 6.777035 13.075699
      vertex 45.873177 5.860363 13.075699
    endloop
  endfacet
  facet normal -0.935356 -0.306222 -0.177023
    outer loop
      vertex 44.826177 5.318123 11.777915
      vertex 45.254360 4.010238 11.777915
      vertex 45.041879 3.784695 13.290775
    endloop
  endfacet
  facet normal -0.935356 -0.306222 -0.177023
    outer loop
      vertex 44.826177 5.318123 11.777915
      vertex 45.041879 3.784695 13.290775
      vertex 44.581365 5.191336 13.290775
    endloop
  endfacet
  facet normal 0.934643 0.305989 0.181145
    outer loop
      vertex 46.375721 5.200538 11.597323
      vertex 46.118165 5.987242 11.597323
      vertex 45.873177 5.860363 13.075699
    endloop
  endfacet
  facet normal 0.934643 0.305989 0.181145
    outer loop
      vertex 46.375721 5.200538 11.597323
      vertex 45.873177 5.860363 13.075699
      vertex 46.163088 4.974832 13.075699
    endloop
  endfacet
  facet normal -0.924741 -0.335405 -0.179883
    outer loop
      vertex 45.254360 4.010238 11.777915
      vertex 45.675758 2.848408 11.777915
      vertex 45.495097 2.535138 13.290775
    endloop
  endfacet
  facet normal -0.924741 -0.335405 -0.179883
    outer loop
      vertex 45.254360 4.010238 11.777915
      vertex 45.495097 2.535138 13.290775
      vertex 45.041879 3.784695 13.290775
    endloop
  endfacet
  facet normal 0.924013 0.335141 0.184067
    outer loop
      vertex 46.629196 4.501687 11.597323
      vertex 46.375721 5.200538 11.597323
      vertex 46.163088 4.974832 13.075699
    endloop
  endfacet
  facet normal 0.924013 0.335141 0.184067
    outer loop
      vertex 46.629196 4.501687 11.597323
      vertex 46.163088 4.974832 13.075699
      vertex 46.448404 4.188190 13.075699
    endloop
  endfacet
  facet normal 0.000000 -0.979226 -0.202770
    outer loop
      vertex 45.675758 2.848408 11.777915
      vertex 48.568795 2.848408 11.777915
      vertex 48.606580 2.535138 13.290775
    endloop
  endfacet
  facet normal 0.000000 -0.979226 -0.202770
    outer loop
      vertex 45.675758 2.848408 11.777915
      vertex 48.606580 2.535138 13.290775
      vertex 45.495097 2.535138 13.290775
    endloop
  endfacet
  facet normal 0.000000 0.978247 0.207442
    outer loop
      vertex 48.369383 4.501687 11.597323
      vertex 46.629196 4.501687 11.597323
      vertex 46.448404 4.188190 13.075699
    endloop
  endfacet
  facet normal 0.000000 0.978247 0.207442
    outer loop
      vertex 48.369383 4.501687 11.597323
      vertex 46.448404 4.188190 13.075699
      vertex 48.407196 4.188190 13.075699
    endloop
  endfacet
  facet normal 0.451787 -0.868414 -0.204317
    outer loop
      vertex 48.606580 2.535138 13.290775
      vertex 49.393894 2.944732 13.290775
      vertex 49.493409 2.640483 14.803986
    endloop
  endfacet
  facet normal 0.451787 -0.868414 -0.204317
    outer loop
      vertex 48.606580 2.535138 13.290775
      vertex 49.493409 2.640483 14.803986
      vertex 48.646986 2.200137 14.803986
    endloop
  endfacet
  facet normal -0.451352 0.867580 0.208774
    outer loop
      vertex 48.902838 4.446045 13.075699
      vertex 48.407196 4.188190 13.075699
      vertex 48.447576 3.853409 14.554215
    endloop
  endfacet
  facet normal -0.451352 0.867580 0.208774
    outer loop
      vertex 48.902838 4.446045 13.075699
      vertex 48.447576 3.853409 14.554215
      vertex 49.002288 4.141995 14.554215
    endloop
  endfacet
  facet normal 0.493369 -0.845913 -0.202527
    outer loop
      vertex 49.393894 2.944732 13.290775
      vertex 50.574593 3.633361 13.290775
      vertex 50.762751 3.380812 14.803986
    endloop
  endfacet
  facet normal 0.493369 -0.845913 -0.202527
    outer loop
      vertex 49.393894 2.944732 13.290775
      vertex 50.762751 3.380812 14.803986
      vertex 49.493409 2.640483 14.803986
    endloop
  endfacet
  facet normal -0.492903 0.845115 0.206949
    outer loop
      vertex 49.646131 4.879562 13.075699
      vertex 48.902838 4.446045 13.075699
      vertex 49.002288 4.141995 14.554215
    endloop
  endfacet
  facet normal -0.492903 0.845115 0.206949
    outer loop
      vertex 49.646131 4.879562 13.075699
      vertex 49.002288 4.141995 14.554215
      vertex 49.834166 4.627177 14.554215
    endloop
  endfacet
  facet normal 0.530985 -0.822628 -0.203318
    outer loop
      vertex 50.574593 3.633361 13.290775
      vertex 51.690674 4.353762 13.290775
      vertex 51.962624 4.155298 14.803986
    endloop
  endfacet
  facet normal 0.530985 -0.822628 -0.203318
    outer loop
      vertex 50.574593 3.633361 13.290775
      vertex 51.962624 4.155298 14.803986
      vertex 50.762751 3.380812 14.803986
    endloop
  endfacet
  facet normal -0.530479 0.821845 0.207755
    outer loop
      vertex 50.348744 5.333080 13.075699
      vertex 49.646131 4.879562 13.075699
      vertex 49.834166 4.627177 14.554215
    endloop
  endfacet
  facet normal -0.530479 0.821845 0.207755
    outer loop
      vertex 50.348744 5.333080 13.075699
      vertex 49.834166 4.627177 14.554215
      vertex 50.620516 5.134746 14.554215
    endloop
  endfacet
  facet normal 0.550306 -0.809392 -0.205055
    outer loop
      vertex 51.690674 4.353762 13.290775
      vertex 52.730514 5.060749 13.290775
      vertex 53.080532 4.915363 14.803986
    endloop
  endfacet
  facet normal 0.550306 -0.809392 -0.205055
    outer loop
      vertex 51.690674 4.353762 13.290775
      vertex 53.080532 4.915363 14.803986
      vertex 51.962624 4.155298 14.803986
    endloop
  endfacet
  facet normal -0.549773 0.808609 0.209526
    outer loop
      vertex 51.003361 5.778154 13.075699
      vertex 50.348744 5.333080 13.075699
      vertex 50.620516 5.134746 14.554215
    endloop
  endfacet
  facet normal -0.549773 0.808609 0.209526
    outer loop
      vertex 51.003361 5.778154 13.075699
      vertex 50.620516 5.134746 14.554215
      vertex 51.353150 5.632863 14.554215
    endloop
  endfacet
  facet normal 0.554781 -0.806147 -0.205778
    outer loop
      vertex 52.730514 5.060749 13.290775
      vertex 53.709803 5.734684 13.290775
      vertex 54.133342 5.639894 14.803986
    endloop
  endfacet
  facet normal 0.554781 -0.806147 -0.205778
    outer loop
      vertex 52.730514 5.060749 13.290775
      vertex 54.133342 5.639894 14.803986
      vertex 53.080532 4.915363 14.803986
    endloop
  endfacet
  facet normal -0.554240 0.805361 0.210264
    outer loop
      vertex 51.619859 6.202420 13.075699
      vertex 51.003361 5.778154 13.075699
      vertex 51.353150 5.632863 14.554215
    endloop
  endfacet
  facet normal -0.554240 0.805361 0.210264
    outer loop
      vertex 51.619859 6.202420 13.075699
      vertex 51.353150 5.632863 14.554215
      vertex 52.043120 6.107693 14.554215
    endloop
  endfacet
  facet normal 0.552280 -0.808011 -0.205195
    outer loop
      vertex 53.709803 5.734684 13.290775
      vertex 54.645543 6.374268 13.290775
      vertex 55.139334 6.327496 14.803986
    endloop
  endfacet
  facet normal 0.552280 -0.808011 -0.205195
    outer loop
      vertex 53.709803 5.734684 13.290775
      vertex 55.139334 6.327496 14.803986
      vertex 54.133342 5.639894 14.803986
    endloop
  endfacet
  facet normal -0.551745 0.807227 0.209669
    outer loop
      vertex 52.208941 6.605062 13.075699
      vertex 51.619859 6.202420 13.075699
      vertex 52.043120 6.107693 14.554215
    endloop
  endfacet
  facet normal -0.551745 0.807227 0.209669
    outer loop
      vertex 52.208941 6.605062 13.075699
      vertex 52.043120 6.107693 14.554215
      vertex 52.702409 6.558321 14.554215
    endloop
  endfacet
  facet normal 0.485886 0.864020 -0.131849
    outer loop
      vertex 54.645543 6.374268 13.290775
      vertex 53.393667 7.078267 13.290775
      vertex 53.793472 7.084350 14.803986
    endloop
  endfacet
  facet normal 0.485886 0.864020 -0.131849
    outer loop
      vertex 54.645543 6.374268 13.290775
      vertex 53.793472 7.084350 14.803986
      vertex 55.139334 6.327496 14.803986
    endloop
  endfacet
  facet normal -0.485692 -0.863674 0.134800
    outer loop
      vertex 51.420840 7.048255 13.075699
      vertex 52.208941 6.605062 13.075699
      vertex 52.702409 6.558321 14.554215
    endloop
  endfacet
  facet normal -0.485692 -0.863674 0.134800
    outer loop
      vertex 51.420840 7.048255 13.075699
      vertex 52.702409 6.558321 14.554215
      vertex 51.820383 7.054333 14.554215
    endloop
  endfacet
  facet normal 0.494126 0.859000 -0.134005
    outer loop
      vertex 53.393667 7.078267 13.290775
      vertex 52.067154 7.841323 13.290775
      vertex 52.367368 7.904693 14.803986
    endloop
  endfacet
  facet normal 0.494126 0.859000 -0.134005
    outer loop
      vertex 53.393667 7.078267 13.290775
      vertex 52.367368 7.904693 14.803986
      vertex 53.793472 7.084350 14.803986
    endloop
  endfacet
  facet normal -0.493922 -0.858645 0.137004
    outer loop
      vertex 50.585752 7.528626 13.075699
      vertex 51.420840 7.048255 13.075699
      vertex 51.820383 7.054333 14.554215
    endloop
  endfacet
  facet normal -0.493922 -0.858645 0.137004
    outer loop
      vertex 50.585752 7.528626 13.075699
      vertex 51.820383 7.054333 14.554215
      vertex 50.885770 7.591954 14.554215
    endloop
  endfacet
  facet normal 0.491208 0.860751 -0.133500
    outer loop
      vertex 52.067154 7.841323 13.290775
      vertex 50.617927 8.668359 13.290775
      vertex 50.809338 8.793820 14.803986
    endloop
  endfacet
  facet normal 0.491208 0.860751 -0.133500
    outer loop
      vertex 52.067154 7.841323 13.290775
      vertex 50.809338 8.793820 14.803986
      vertex 52.367368 7.904693 14.803986
    endloop
  endfacet
  facet normal -0.491006 -0.860398 0.136487
    outer loop
      vertex 49.673411 8.049275 13.075699
      vertex 50.585752 7.528626 13.075699
      vertex 50.885770 7.591954 14.554215
    endloop
  endfacet
  facet normal -0.491006 -0.860398 0.136487
    outer loop
      vertex 49.673411 8.049275 13.075699
      vertex 50.885770 7.591954 14.554215
      vertex 49.864697 8.174654 14.554215
    endloop
  endfacet
  facet normal 0.449710 0.883641 -0.130148
    outer loop
      vertex 50.617927 8.668359 13.290775
      vertex 49.009589 9.486889 13.290775
      vertex 49.080251 9.673802 14.803986
    endloop
  endfacet
  facet normal 0.449710 0.883641 -0.130148
    outer loop
      vertex 50.617927 8.668359 13.290775
      vertex 49.080251 9.673802 14.803986
      vertex 50.809338 8.793820 14.803986
    endloop
  endfacet
  facet normal -0.449535 -0.883296 0.133064
    outer loop
      vertex 48.660904 8.564569 13.075699
      vertex 49.673411 8.049275 13.075699
      vertex 49.864697 8.174654 14.554215
    endloop
  endfacet
  facet normal -0.449535 -0.883296 0.133064
    outer loop
      vertex 48.660904 8.564569 13.075699
      vertex 49.864697 8.174654 14.554215
      vertex 48.731521 8.751360 14.554215
    endloop
  endfacet
  facet normal 0.381959 0.914870 -0.130842
    outer loop
      vertex 49.009589 9.486889 13.290775
      vertex 47.373392 10.170002 13.290775
      vertex 47.321215 10.408201 14.803986
    endloop
  endfacet
  facet normal 0.381959 0.914870 -0.130842
    outer loop
      vertex 49.009589 9.486889 13.290775
      vertex 47.321215 10.408201 14.803986
      vertex 49.080251 9.673802 14.803986
    endloop
  endfacet
  facet normal -0.381808 -0.914509 0.133772
    outer loop
      vertex 47.630859 8.994613 13.075699
      vertex 48.660904 8.564569 13.075699
      vertex 48.731521 8.751360 14.554215
    endloop
  endfacet
  facet normal -0.381808 -0.914509 0.133772
    outer loop
      vertex 47.630859 8.994613 13.075699
      vertex 48.731521 8.751360 14.554215
      vertex 47.578716 9.232656 14.554215
    endloop
  endfacet
  facet normal 0.352990 0.926039 -0.133599
    outer loop
      vertex 47.373392 10.170002 13.290775
      vertex 45.858072 10.747616 13.290775
      vertex 45.692130 11.029180 14.803986
    endloop
  endfacet
  facet normal 0.352990 0.926039 -0.133599
    outer loop
      vertex 47.373392 10.170002 13.290775
      vertex 45.692130 11.029180 14.803986
      vertex 47.321215 10.408201 14.803986
    endloop
  endfacet
  facet normal -0.352845 -0.925659 0.136589
    outer loop
      vertex 46.676910 9.358242 13.075699
      vertex 47.630859 8.994613 13.075699
      vertex 47.578716 9.232656 14.554215
    endloop
  endfacet
  facet normal -0.352845 -0.925659 0.136589
    outer loop
      vertex 46.676910 9.358242 13.075699
      vertex 47.578716 9.232656 14.554215
      vertex 46.511077 9.639622 14.554215
    endloop
  endfacet
  facet normal 0.355991 0.924966 -0.133071
    outer loop
      vertex 45.858072 10.747616 13.290775
      vertex 44.460588 11.285464 13.290775
      vertex 44.189727 11.607408 14.803986
    endloop
  endfacet
  facet normal 0.355991 0.924966 -0.133071
    outer loop
      vertex 45.858072 10.747616 13.290775
      vertex 44.189727 11.607408 14.803986
      vertex 45.692130 11.029180 14.803986
    endloop
  endfacet
  facet normal -0.355845 -0.924589 0.136049
    outer loop
      vertex 45.797144 9.696837 13.075699
      vertex 46.676910 9.358242 13.075699
      vertex 46.511077 9.639622 14.554215
    endloop
  endfacet
  facet normal -0.355845 -0.924589 0.136049
    outer loop
      vertex 45.797144 9.696837 13.075699
      vertex 46.511077 9.639622 14.554215
      vertex 45.526460 10.018570 14.554215
    endloop
  endfacet
  facet normal 0.365768 0.921500 -0.130583
    outer loop
      vertex 44.460588 11.285464 13.290775
      vertex 43.146269 11.807153 13.290775
      vertex 42.776734 12.168263 14.803986
    endloop
  endfacet
  facet normal 0.365768 0.921500 -0.130583
    outer loop
      vertex 44.460588 11.285464 13.290775
      vertex 42.776734 12.168263 14.803986
      vertex 44.189727 11.607408 14.803986
    endloop
  endfacet
  facet normal -0.365625 -0.921138 0.133507
    outer loop
      vertex 44.969732 10.025259 13.075699
      vertex 45.797144 9.696837 13.075699
      vertex 45.526460 10.018570 14.554215
    endloop
  endfacet
  facet normal -0.365625 -0.921138 0.133507
    outer loop
      vertex 44.969732 10.025259 13.075699
      vertex 45.526460 10.018570 14.554215
      vertex 44.600439 10.386133 14.554215
    endloop
  endfacet
  facet normal -0.962318 -0.196321 -0.188154
    outer loop
      vertex 43.146269 11.807153 13.290775
      vertex 43.387834 10.623059 13.290775
      vertex 43.036434 10.895272 14.803986
    endloop
  endfacet
  facet normal -0.962318 -0.196321 -0.188154
    outer loop
      vertex 43.146269 11.807153 13.290775
      vertex 43.036434 10.895272 14.803986
      vertex 42.776734 12.168263 14.803986
    endloop
  endfacet
  facet normal 0.961534 0.196161 0.192286
    outer loop
      vertex 45.121806 9.279829 13.075699
      vertex 44.969732 10.025259 13.075699
      vertex 44.600439 10.386133 14.554215
    endloop
  endfacet
  facet normal 0.961534 0.196161 0.192286
    outer loop
      vertex 45.121806 9.279829 13.075699
      vertex 44.600439 10.386133 14.554215
      vertex 44.770637 9.551864 14.554215
    endloop
  endfacet
  facet normal -0.963366 -0.189688 -0.189591
    outer loop
      vertex 43.387834 10.623059 13.290775
      vertex 43.632772 9.379096 13.290775
      vertex 43.299762 9.557916 14.803986
    endloop
  endfacet
  facet normal -0.963366 -0.189688 -0.189591
    outer loop
      vertex 43.387834 10.623059 13.290775
      vertex 43.299762 9.557916 14.803986
      vertex 43.036434 10.895272 14.803986
    endloop
  endfacet
  facet normal 0.962568 0.189531 0.193752
    outer loop
      vertex 45.276004 8.496709 13.075699
      vertex 45.121806 9.279829 13.075699
      vertex 44.770637 9.551864 14.554215
    endloop
  endfacet
  facet normal 0.962568 0.189531 0.193752
    outer loop
      vertex 45.276004 8.496709 13.075699
      vertex 44.770637 9.551864 14.554215
      vertex 44.943211 8.675413 14.554215
    endloop
  endfacet
  facet normal -0.963477 -0.189019 -0.189694
    outer loop
      vertex 43.632772 9.379096 13.290775
      vertex 43.892137 8.057042 13.290775
      vertex 43.578600 8.136607 14.803986
    endloop
  endfacet
  facet normal -0.963477 -0.189019 -0.189694
    outer loop
      vertex 43.632772 9.379096 13.290775
      vertex 43.578600 8.136607 14.803986
      vertex 43.299762 9.557916 14.803986
    endloop
  endfacet
  facet normal 0.962679 0.188862 0.193858
    outer loop
      vertex 45.439284 7.664429 13.075699
      vertex 45.276004 8.496709 13.075699
      vertex 44.943211 8.675413 14.554215
    endloop
  endfacet
  facet normal 0.962679 0.188862 0.193858
    outer loop
      vertex 45.439284 7.664429 13.075699
      vertex 44.943211 8.675413 14.554215
      vertex 45.125951 7.743942 14.554215
    endloop
  endfacet
  facet normal -0.960237 -0.206294 -0.188114
    outer loop
      vertex 43.892137 8.057042 13.290775
      vertex 44.194971 6.647443 13.290775
      vertex 43.904169 6.621180 14.803986
    endloop
  endfacet
  facet normal -0.960237 -0.206294 -0.188114
    outer loop
      vertex 43.892137 8.057042 13.290775
      vertex 43.904169 6.621180 14.803986
      vertex 43.578600 8.136607 14.803986
    endloop
  endfacet
  facet normal 0.959455 0.206126 0.192246
    outer loop
      vertex 45.629928 6.777035 13.075699
      vertex 45.439284 7.664429 13.075699
      vertex 45.125951 7.743942 14.554215
    endloop
  endfacet
  facet normal 0.959455 0.206126 0.192246
    outer loop
      vertex 45.629928 6.777035 13.075699
      vertex 45.125951 7.743942 14.554215
      vertex 45.339316 6.750789 14.554215
    endloop
  endfacet
  facet normal -0.949526 -0.251967 -0.186849
    outer loop
      vertex 44.194971 6.647443 13.290775
      vertex 44.581365 5.191336 13.290775
      vertex 44.319572 5.055754 14.803986
    endloop
  endfacet
  facet normal -0.949526 -0.251967 -0.186849
    outer loop
      vertex 44.194971 6.647443 13.290775
      vertex 44.319572 5.055754 14.803986
      vertex 43.904169 6.621180 14.803986
    endloop
  endfacet
  facet normal 0.948763 0.251765 0.190955
    outer loop
      vertex 45.873177 5.860363 13.075699
      vertex 45.629928 6.777035 13.075699
      vertex 45.339316 6.750789 14.554215
    endloop
  endfacet
  facet normal 0.948763 0.251765 0.190955
    outer loop
      vertex 45.873177 5.860363 13.075699
      vertex 45.339316 6.750789 14.554215
      vertex 45.611556 5.724870 14.554215
    endloop
  endfacet
  facet normal -0.933267 -0.305538 -0.188836
    outer loop
      vertex 44.581365 5.191336 13.290775
      vertex 45.041879 3.784695 13.290775
      vertex 44.814660 3.543507 14.803986
    endloop
  endfacet
  facet normal -0.933267 -0.305538 -0.188836
    outer loop
      vertex 44.581365 5.191336 13.290775
      vertex 44.814660 3.543507 14.803986
      vertex 44.319572 5.055754 14.803986
    endloop
  endfacet
  facet normal 0.932501 0.305288 0.192982
    outer loop
      vertex 46.163088 4.974832 13.075699
      vertex 45.873177 5.860363 13.075699
      vertex 45.611556 5.724870 14.554215
    endloop
  endfacet
  facet normal 0.932501 0.305288 0.192982
    outer loop
      vertex 46.163088 4.974832 13.075699
      vertex 45.611556 5.724870 14.554215
      vertex 45.936017 4.733802 14.554215
    endloop
  endfacet
  facet normal -0.922608 -0.334632 -0.191872
    outer loop
      vertex 45.041879 3.784695 13.290775
      vertex 45.495097 2.535138 13.290775
      vertex 45.301904 2.200137 14.803986
    endloop
  endfacet
  facet normal -0.922608 -0.334632 -0.191872
    outer loop
      vertex 45.041879 3.784695 13.290775
      vertex 45.301904 2.200137 14.803986
      vertex 44.814660 3.543507 14.803986
    endloop
  endfacet
  facet normal 0.921826 0.334348 0.196080
    outer loop
      vertex 46.448404 4.188190 13.075699
      vertex 46.163088 4.974832 13.075699
      vertex 45.936017 4.733802 14.554215
    endloop
  endfacet
  facet normal 0.921826 0.334348 0.196080
    outer loop
      vertex 46.448404 4.188190 13.075699
      vertex 45.936017 4.733802 14.554215
      vertex 46.255338 3.853409 14.554215
    endloop
  endfacet
  facet normal 0.000000 -0.976360 -0.216150
    outer loop
      vertex 45.495097 2.535138 13.290775
      vertex 48.606580 2.535138 13.290775
      vertex 48.646986 2.200137 14.803986
    endloop
  endfacet
  facet normal 0.000000 -0.976360 -0.216150
    outer loop
      vertex 45.495097 2.535138 13.290775
      vertex 48.646986 2.200137 14.803986
      vertex 45.301904 2.200137 14.803986
    endloop
  endfacet
  facet normal 0.000000 0.975310 0.220840
    outer loop
      vertex 48.407196 4.188190 13.075699
      vertex 46.448404 4.188190 13.075699
      vertex 46.255338 3.853409 14.554215
    endloop
  endfacet
  facet normal 0.000000 0.975310 0.220840
    outer loop
      vertex 48.407196 4.188190 13.075699
      vertex 46.255338 3.853409 14.554215
      vertex 48.447576 3.853409 14.554215
    endloop
  endfacet
  facet normal 0.451155 -0.867200 -0.210770
    outer loop
      vertex 48.646986 2.200137 14.803986
      vertex 49.493409 2.640483 14.803986
      vertex 49.596152 2.326366 16.316321
    endloop
  endfacet
  facet normal 0.451155 -0.867200 -0.210770
    outer loop
      vertex 48.646986 2.200137 14.803986
      vertex 49.596152 2.326366 16.316321
      vertex 48.688703 1.854272 16.316321
    endloop
  endfacet
  facet normal -0.450673 0.866273 0.215558
    outer loop
      vertex 49.002288 4.141995 14.554215
      vertex 48.447576 3.853409 14.554215
      vertex 48.489321 3.507309 16.032380
    endloop
  endfacet
  facet normal -0.450673 0.866273 0.215558
    outer loop
      vertex 49.002288 4.141995 14.554215
      vertex 48.489321 3.507309 16.032380
      vertex 49.105101 3.827664 16.032380
    endloop
  endfacet
  facet normal 0.492691 -0.844751 -0.208929
    outer loop
      vertex 49.493409 2.640483 14.803986
      vertex 50.762751 3.380812 14.803986
      vertex 50.957011 3.120071 16.316321
    endloop
  endfacet
  facet normal 0.492691 -0.844751 -0.208929
    outer loop
      vertex 49.493409 2.640483 14.803986
      vertex 50.957011 3.120071 16.316321
      vertex 49.596152 2.326366 16.316321
    endloop
  endfacet
  facet normal -0.492174 0.843864 0.213680
    outer loop
      vertex 49.834166 4.627177 14.554215
      vertex 49.002288 4.141995 14.554215
      vertex 49.105101 3.827664 16.032380
    endloop
  endfacet
  facet normal -0.492174 0.843864 0.213680
    outer loop
      vertex 49.834166 4.627177 14.554215
      vertex 49.105101 3.827664 16.032380
      vertex 50.028558 4.366260 16.032380
    endloop
  endfacet
  facet normal 0.530249 -0.821489 -0.209743
    outer loop
      vertex 50.762751 3.380812 14.803986
      vertex 51.962624 4.155298 14.803986
      vertex 52.243393 3.950397 16.316321
    endloop
  endfacet
  facet normal 0.530249 -0.821489 -0.209743
    outer loop
      vertex 50.762751 3.380812 14.803986
      vertex 52.243393 3.950397 16.316321
      vertex 50.957011 3.120071 16.316321
    endloop
  endfacet
  facet normal -0.529688 0.820619 0.214510
    outer loop
      vertex 50.620516 5.134746 14.554215
      vertex 49.834166 4.627177 14.554215
      vertex 50.028558 4.366260 16.032380
    endloop
  endfacet
  facet normal -0.529688 0.820619 0.214510
    outer loop
      vertex 50.620516 5.134746 14.554215
      vertex 50.028558 4.366260 16.032380
      vertex 50.901476 4.929705 16.032380
    endloop
  endfacet
  facet normal 0.549531 -0.808252 -0.211529
    outer loop
      vertex 51.962624 4.155298 14.803986
      vertex 53.080532 4.915363 14.803986
      vertex 53.441901 4.765262 16.316321
    endloop
  endfacet
  facet normal 0.549531 -0.808252 -0.211529
    outer loop
      vertex 51.962624 4.155298 14.803986
      vertex 53.441901 4.765262 16.316321
      vertex 52.243393 3.950397 16.316321
    endloop
  endfacet
  facet normal -0.548939 0.807382 0.216333
    outer loop
      vertex 51.353150 5.632863 14.554215
      vertex 50.620516 5.134746 14.554215
      vertex 50.901476 4.929705 16.032380
    endloop
  endfacet
  facet normal -0.548939 0.807382 0.216333
    outer loop
      vertex 51.353150 5.632863 14.554215
      vertex 50.901476 4.929705 16.032380
      vertex 51.714764 5.482660 16.032380
    endloop
  endfacet
  facet normal 0.553994 -0.805004 -0.212273
    outer loop
      vertex 53.080532 4.915363 14.803986
      vertex 54.133342 5.639894 14.803986
      vertex 54.570617 5.542031 16.316321
    endloop
  endfacet
  facet normal 0.553994 -0.805004 -0.212273
    outer loop
      vertex 53.080532 4.915363 14.803986
      vertex 54.570617 5.542031 16.316321
      vertex 53.441901 4.765262 16.316321
    endloop
  endfacet
  facet normal -0.553393 0.804131 0.217092
    outer loop
      vertex 52.043120 6.107693 14.554215
      vertex 51.353150 5.632863 14.554215
      vertex 51.714764 5.482660 16.032380
    endloop
  endfacet
  facet normal -0.553393 0.804131 0.217092
    outer loop
      vertex 52.043120 6.107693 14.554215
      vertex 51.714764 5.482660 16.032380
      vertex 52.480693 6.009763 16.032380
    endloop
  endfacet
  facet normal 0.551501 -0.806871 -0.211674
    outer loop
      vertex 54.133342 5.639894 14.803986
      vertex 55.139334 6.327496 14.803986
      vertex 55.649140 6.279208 16.316321
    endloop
  endfacet
  facet normal 0.551501 -0.806871 -0.211674
    outer loop
      vertex 54.133342 5.639894 14.803986
      vertex 55.649140 6.279208 16.316321
      vertex 54.570617 5.542031 16.316321
    endloop
  endfacet
  facet normal -0.550907 0.806001 0.216480
    outer loop
      vertex 52.702409 6.558321 14.554215
      vertex 52.043120 6.107693 14.554215
      vertex 52.480693 6.009763 16.032380
    endloop
  endfacet
  facet normal -0.550907 0.806001 0.216480
    outer loop
      vertex 52.702409 6.558321 14.554215
      vertex 52.480693 6.009763 16.032380
      vertex 53.212561 6.509999 16.032380
    endloop
  endfacet
  facet normal 0.485603 0.863516 -0.136124
    outer loop
      vertex 55.139334 6.327496 14.803986
      vertex 53.793472 7.084350 14.803986
      vertex 54.206243 7.090629 16.316321
    endloop
  endfacet
  facet normal 0.485603 0.863516 -0.136124
    outer loop
      vertex 55.139334 6.327496 14.803986
      vertex 54.206243 7.090629 16.316321
      vertex 55.649140 6.279208 16.316321
    endloop
  endfacet
  facet normal -0.485386 -0.863131 0.139303
    outer loop
      vertex 51.820383 7.054333 14.554215
      vertex 52.702409 6.558321 14.554215
      vertex 53.212561 6.509999 16.032380
    endloop
  endfacet
  facet normal -0.485386 -0.863131 0.139303
    outer loop
      vertex 51.820383 7.054333 14.554215
      vertex 53.212561 6.509999 16.032380
      vertex 52.233435 7.060617 16.032380
    endloop
  endfacet
  facet normal 0.493829 0.858483 -0.138348
    outer loop
      vertex 53.793472 7.084350 14.803986
      vertex 52.367368 7.904693 14.803986
      vertex 52.677319 7.970118 16.316321
    endloop
  endfacet
  facet normal 0.493829 0.858483 -0.138348
    outer loop
      vertex 53.793472 7.084350 14.803986
      vertex 52.677319 7.970118 16.316321
      vertex 54.206243 7.090629 16.316321
    endloop
  endfacet
  facet normal -0.493601 -0.858087 0.141577
    outer loop
      vertex 50.885770 7.591954 14.554215
      vertex 51.820383 7.054333 14.554215
      vertex 52.233435 7.060617 16.032380
    endloop
  endfacet
  facet normal -0.493601 -0.858087 0.141577
    outer loop
      vertex 50.885770 7.591954 14.554215
      vertex 52.233435 7.060617 16.032380
      vertex 51.195932 7.657424 16.032380
    endloop
  endfacet
  facet normal 0.490914 0.860236 -0.137827
    outer loop
      vertex 52.367368 7.904693 14.803986
      vertex 50.809338 8.793820 14.803986
      vertex 51.006958 8.923350 16.316321
    endloop
  endfacet
  facet normal 0.490914 0.860236 -0.137827
    outer loop
      vertex 52.367368 7.904693 14.803986
      vertex 51.006958 8.923350 16.316321
      vertex 52.677319 7.970118 16.316321
    endloop
  endfacet
  facet normal -0.490690 -0.859843 0.141044
    outer loop
      vertex 49.864697 8.174654 14.554215
      vertex 50.885770 7.591954 14.554215
      vertex 51.195932 7.657424 16.032380
    endloop
  endfacet
  facet normal -0.490690 -0.859843 0.141044
    outer loop
      vertex 49.864697 8.174654 14.554215
      vertex 51.195932 7.657424 16.032380
      vertex 50.062451 8.304272 16.032380
    endloop
  endfacet
  facet normal 0.449455 0.883139 -0.134371
    outer loop
      vertex 50.809338 8.793820 14.803986
      vertex 49.080251 9.673802 14.803986
      vertex 49.153206 9.866777 16.316321
    endloop
  endfacet
  facet normal 0.449455 0.883139 -0.134371
    outer loop
      vertex 50.809338 8.793820 14.803986
      vertex 49.153206 9.866777 16.316321
      vertex 51.006958 8.923350 16.316321
    endloop
  endfacet
  facet normal -0.449259 -0.882755 0.137511
    outer loop
      vertex 48.731521 8.751360 14.554215
      vertex 49.864697 8.174654 14.554215
      vertex 50.062451 8.304272 16.032380
    endloop
  endfacet
  facet normal -0.449259 -0.882755 0.137511
    outer loop
      vertex 48.731521 8.751360 14.554215
      vertex 50.062451 8.304272 16.032380
      vertex 48.804525 8.944466 16.032380
    endloop
  endfacet
  facet normal 0.381740 0.914345 -0.135086
    outer loop
      vertex 49.080251 9.673802 14.803986
      vertex 47.321215 10.408201 14.803986
      vertex 47.267345 10.654125 16.316321
    endloop
  endfacet
  facet normal 0.381740 0.914345 -0.135086
    outer loop
      vertex 49.080251 9.673802 14.803986
      vertex 47.267345 10.654125 16.316321
      vertex 49.153206 9.866777 16.316321
    endloop
  endfacet
  facet normal -0.381572 -0.913943 0.138242
    outer loop
      vertex 47.578716 9.232656 14.554215
      vertex 48.731521 8.751360 14.554215
      vertex 48.804525 8.944466 16.032380
    endloop
  endfacet
  facet normal -0.381572 -0.913943 0.138242
    outer loop
      vertex 47.578716 9.232656 14.554215
      vertex 48.804525 8.944466 16.032380
      vertex 47.524810 9.478748 16.032380
    endloop
  endfacet
  facet normal 0.352779 0.925485 -0.137929
    outer loop
      vertex 47.321215 10.408201 14.803986
      vertex 45.692130 11.029180 14.803986
      vertex 45.520806 11.319876 16.316321
    endloop
  endfacet
  facet normal 0.352779 0.925485 -0.137929
    outer loop
      vertex 47.321215 10.408201 14.803986
      vertex 45.520806 11.319876 16.316321
      vertex 47.267345 10.654125 16.316321
    endloop
  endfacet
  facet normal -0.352617 -0.925061 0.141149
    outer loop
      vertex 46.511077 9.639622 14.554215
      vertex 47.578716 9.232656 14.554215
      vertex 47.524810 9.478748 16.032380
    endloop
  endfacet
  facet normal -0.352617 -0.925061 0.141149
    outer loop
      vertex 46.511077 9.639622 14.554215
      vertex 47.524810 9.478748 16.032380
      vertex 46.339636 9.930516 16.032380
    endloop
  endfacet
  facet normal 0.355779 0.924417 -0.137384
    outer loop
      vertex 45.692130 11.029180 14.803986
      vertex 44.189727 11.607408 14.803986
      vertex 43.910082 11.939793 16.316321
    endloop
  endfacet
  facet normal 0.355779 0.924417 -0.137384
    outer loop
      vertex 45.692130 11.029180 14.803986
      vertex 43.910082 11.939793 16.316321
      vertex 45.520806 11.319876 16.316321
    endloop
  endfacet
  facet normal -0.355617 -0.923997 0.140592
    outer loop
      vertex 45.526460 10.018570 14.554215
      vertex 46.511077 9.639622 14.554215
      vertex 46.339636 9.930516 16.032380
    endloop
  endfacet
  facet normal -0.355617 -0.923997 0.140592
    outer loop
      vertex 45.526460 10.018570 14.554215
      vertex 46.339636 9.930516 16.032380
      vertex 45.246625 10.351182 16.032380
    endloop
  endfacet
  facet normal 0.365559 0.920973 -0.134819
    outer loop
      vertex 44.189727 11.607408 14.803986
      vertex 42.776734 12.168263 14.803986
      vertex 42.395214 12.541086 16.316321
    endloop
  endfacet
  facet normal 0.365559 0.920973 -0.134819
    outer loop
      vertex 44.189727 11.607408 14.803986
      vertex 42.395214 12.541086 16.316321
      vertex 43.910082 11.939793 16.316321
    endloop
  endfacet
  facet normal -0.365399 -0.920570 0.137969
    outer loop
      vertex 44.600439 10.386133 14.554215
      vertex 45.526460 10.018570 14.554215
      vertex 45.246625 10.351182 16.032380
    endloop
  endfacet
  facet normal -0.365399 -0.920570 0.137969
    outer loop
      vertex 44.600439 10.386133 14.554215
      vertex 45.246625 10.351182 16.032380
      vertex 44.218659 10.759209 16.032380
    endloop
  endfacet
  facet normal -0.961176 -0.196088 -0.194138
    outer loop
      vertex 42.776734 12.168263 14.803986
      vertex 43.036434 10.895272 14.803986
      vertex 42.673639 11.176313 16.316321
    endloop
  endfacet
  facet normal -0.961176 -0.196088 -0.194138
    outer loop
      vertex 42.776734 12.168263 14.803986
      vertex 42.673639 11.176313 16.316321
      vertex 42.395214 12.541086 16.316321
    endloop
  endfacet
  facet normal 0.960305 0.195910 0.198581
    outer loop
      vertex 44.770637 9.551864 14.554215
      vertex 44.600439 10.386133 14.554215
      vertex 44.218659 10.759209 16.032380
    endloop
  endfacet
  facet normal 0.960305 0.195910 0.198581
    outer loop
      vertex 44.770637 9.551864 14.554215
      vertex 44.218659 10.759209 16.032380
      vertex 44.407594 9.833097 16.032380
    endloop
  endfacet
  facet normal -0.962205 -0.189460 -0.195617
    outer loop
      vertex 43.036434 10.895272 14.803986
      vertex 43.299762 9.557916 14.803986
      vertex 42.955951 9.742537 16.316321
    endloop
  endfacet
  facet normal -0.962205 -0.189460 -0.195617
    outer loop
      vertex 43.036434 10.895272 14.803986
      vertex 42.955951 9.742537 16.316321
      vertex 42.673639 11.176313 16.316321
    endloop
  endfacet
  facet normal 0.961319 0.189285 0.200090
    outer loop
      vertex 44.943211 8.675413 14.554215
      vertex 44.770637 9.551864 14.554215
      vertex 44.407594 9.833097 16.032380
    endloop
  endfacet
  facet normal 0.961319 0.189285 0.200090
    outer loop
      vertex 44.943211 8.675413 14.554215
      vertex 44.407594 9.833097 16.032380
      vertex 44.599167 8.860159 16.032380
    endloop
  endfacet
  facet normal -0.962315 -0.188791 -0.195724
    outer loop
      vertex 43.299762 9.557916 14.803986
      vertex 43.578600 8.136607 14.803986
      vertex 43.254893 8.218753 16.316321
    endloop
  endfacet
  facet normal -0.962315 -0.188791 -0.195724
    outer loop
      vertex 43.299762 9.557916 14.803986
      vertex 43.254893 8.218753 16.316321
      vertex 42.955951 9.742537 16.316321
    endloop
  endfacet
  facet normal 0.961428 0.188617 0.200199
    outer loop
      vertex 45.125951 7.743942 14.554215
      vertex 44.943211 8.675413 14.554215
      vertex 44.599167 8.860159 16.032380
    endloop
  endfacet
  facet normal 0.961428 0.188617 0.200199
    outer loop
      vertex 45.125951 7.743942 14.554215
      vertex 44.599167 8.860159 16.032380
      vertex 44.802024 7.826144 16.032380
    endloop
  endfacet
  facet normal -0.959098 -0.206049 -0.194098
    outer loop
      vertex 43.578600 8.136607 14.803986
      vertex 43.904169 6.621180 14.803986
      vertex 43.603935 6.594066 16.316321
    endloop
  endfacet
  facet normal -0.959098 -0.206049 -0.194098
    outer loop
      vertex 43.578600 8.136607 14.803986
      vertex 43.603935 6.594066 16.316321
      vertex 43.254893 8.218753 16.316321
    endloop
  endfacet
  facet normal 0.958229 0.205863 0.198539
    outer loop
      vertex 45.339316 6.750789 14.554215
      vertex 45.125951 7.743942 14.554215
      vertex 44.802024 7.826144 16.032380
    endloop
  endfacet
  facet normal 0.958229 0.205863 0.198539
    outer loop
      vertex 45.339316 6.750789 14.554215
      vertex 44.802024 7.826144 16.032380
      vertex 45.038878 6.723657 16.032380
    endloop
  endfacet
  facet normal -0.948415 -0.251673 -0.192795
    outer loop
      vertex 43.904169 6.621180 14.803986
      vertex 44.319572 5.055754 14.803986
      vertex 44.049289 4.915774 16.316321
    endloop
  endfacet
  facet normal -0.948415 -0.251673 -0.192795
    outer loop
      vertex 43.904169 6.621180 14.803986
      vertex 44.049289 4.915774 16.316321
      vertex 43.603935 6.594066 16.316321
    endloop
  endfacet
  facet normal 0.947567 0.251448 0.197209
    outer loop
      vertex 45.611556 5.724870 14.554215
      vertex 45.339316 6.750789 14.554215
      vertex 45.038878 6.723657 16.032380
    endloop
  endfacet
  facet normal 0.947567 0.251448 0.197209
    outer loop
      vertex 45.611556 5.724870 14.554215
      vertex 45.038878 6.723657 16.032380
      vertex 45.341088 5.584795 16.032380
    endloop
  endfacet
  facet normal -0.932152 -0.305173 -0.194840
    outer loop
      vertex 44.319572 5.055754 14.803986
      vertex 44.814660 3.543507 14.803986
      vertex 44.580072 3.294497 16.316321
    endloop
  endfacet
  facet normal -0.932152 -0.305173 -0.194840
    outer loop
      vertex 44.319572 5.055754 14.803986
      vertex 44.580072 3.294497 16.316321
      vertex 44.049289 4.915774 16.316321
    endloop
  endfacet
  facet normal 0.931300 0.304895 0.199297
    outer loop
      vertex 45.936017 4.733802 14.554215
      vertex 45.611556 5.724870 14.554215
      vertex 45.341088 5.584795 16.032380
    endloop
  endfacet
  facet normal 0.931300 0.304895 0.199297
    outer loop
      vertex 45.936017 4.733802 14.554215
      vertex 45.341088 5.584795 16.032380
      vertex 45.701269 4.484622 16.032380
    endloop
  endfacet
  facet normal -0.921470 -0.334219 -0.197966
    outer loop
      vertex 44.814660 3.543507 14.803986
      vertex 45.301904 2.200137 14.803986
      vertex 45.102445 1.854272 16.316321
    endloop
  endfacet
  facet normal -0.921470 -0.334219 -0.197966
    outer loop
      vertex 44.814660 3.543507 14.803986
      vertex 45.102445 1.854272 16.316321
      vertex 44.580072 3.294497 16.316321
    endloop
  endfacet
  facet normal 0.920601 0.333904 0.202488
    outer loop
      vertex 46.255338 3.853409 14.554215
      vertex 45.936017 4.733802 14.554215
      vertex 45.701269 4.484622 16.032380
    endloop
  endfacet
  facet normal 0.920601 0.333904 0.202488
    outer loop
      vertex 46.255338 3.853409 14.554215
      vertex 45.701269 4.484622 16.032380
      vertex 46.055743 3.507309 16.032380
    endloop
  endfacet
  facet normal 0.000000 -0.974832 -0.222940
    outer loop
      vertex 45.301904 2.200137 14.803986
      vertex 48.646986 2.200137 14.803986
      vertex 48.688703 1.854272 16.316321
    endloop
  endfacet
  facet normal 0.000000 -0.974832 -0.222940
    outer loop
      vertex 45.301904 2.200137 14.803986
      vertex 48.688703 1.854272 16.316321
      vertex 45.102445 1.854272 16.316321
    endloop
  endfacet
  facet normal 0.000000 0.973667 0.227976
    outer loop
      vertex 48.447576 3.853409 14.554215
      vertex 46.255338 3.853409 14.554215
      vertex 46.055743 3.507309 16.032380
    endloop
  endfacet
  facet normal 0.000000 0.973667 0.227976
    outer loop
      vertex 48.447576 3.853409 14.554215
      vertex 46.055743 3.507309 16.032380
      vertex 48.489321 3.507309 16.032380
    endloop
  endfacet
  facet normal 0.451127 -0.867146 -0.211051
    outer loop
      vertex 48.688703 1.854272 16.316321
      vertex 49.596152 2.326366 16.316321
      vertex 49.698895 2.012249 17.826551
    endloop
  endfacet
  facet normal 0.451127 -0.867146 -0.211051
    outer loop
      vertex 48.688703 1.854272 16.316321
      vertex 49.698895 2.012249 17.826551
      vertex 48.730420 1.508407 17.826551
    endloop
  endfacet
  facet normal -0.450686 0.866299 0.215427
    outer loop
      vertex 49.105101 3.827664 16.032380
      vertex 48.489321 3.507309 16.032380
      vertex 48.531015 3.161627 17.509704
    endloop
  endfacet
  facet normal -0.450686 0.866299 0.215427
    outer loop
      vertex 49.105101 3.827664 16.032380
      vertex 48.531015 3.161627 17.509704
      vertex 49.207789 3.513714 17.509704
    endloop
  endfacet
  facet normal 0.492661 -0.844699 -0.209208
    outer loop
      vertex 49.596152 2.326366 16.316321
      vertex 50.957011 3.120071 16.316321
      vertex 51.151271 2.859331 17.826551
    endloop
  endfacet
  facet normal 0.492661 -0.844699 -0.209208
    outer loop
      vertex 49.596152 2.326366 16.316321
      vertex 51.151271 2.859331 17.826551
      vertex 49.698895 2.012249 17.826551
    endloop
  endfacet
  facet normal -0.492188 0.843888 0.213549
    outer loop
      vertex 50.028558 4.366260 16.032380
      vertex 49.105101 3.827664 16.032380
      vertex 49.207789 3.513714 17.509704
    endloop
  endfacet
  facet normal -0.492188 0.843888 0.213549
    outer loop
      vertex 50.028558 4.366260 16.032380
      vertex 49.207789 3.513714 17.509704
      vertex 50.222715 4.105658 17.509704
    endloop
  endfacet
  facet normal 0.530217 -0.821438 -0.210022
    outer loop
      vertex 50.957011 3.120071 16.316321
      vertex 52.243393 3.950397 16.316321
      vertex 52.524163 3.745496 17.826551
    endloop
  endfacet
  facet normal 0.530217 -0.821438 -0.210022
    outer loop
      vertex 50.957011 3.120071 16.316321
      vertex 52.524163 3.745496 17.826551
      vertex 51.151271 2.859331 17.826551
    endloop
  endfacet
  facet normal -0.529704 0.820644 0.214379
    outer loop
      vertex 50.901476 4.929705 16.032380
      vertex 50.028558 4.366260 16.032380
      vertex 50.222715 4.105658 17.509704
    endloop
  endfacet
  facet normal -0.529704 0.820644 0.214379
    outer loop
      vertex 50.901476 4.929705 16.032380
      vertex 50.222715 4.105658 17.509704
      vertex 51.182097 4.724913 17.509704
    endloop
  endfacet
  facet normal 0.549496 -0.808202 -0.211811
    outer loop
      vertex 52.243393 3.950397 16.316321
      vertex 53.441901 4.765262 16.316321
      vertex 53.803270 4.615161 17.826551
    endloop
  endfacet
  facet normal 0.549496 -0.808202 -0.211811
    outer loop
      vertex 52.243393 3.950397 16.316321
      vertex 53.803270 4.615161 17.826551
      vertex 52.524163 3.745496 17.826551
    endloop
  endfacet
  facet normal -0.548956 0.807406 0.216201
    outer loop
      vertex 51.714764 5.482660 16.032380
      vertex 50.901476 4.929705 16.032380
      vertex 51.182097 4.724913 17.509704
    endloop
  endfacet
  facet normal -0.548956 0.807406 0.216201
    outer loop
      vertex 51.714764 5.482660 16.032380
      vertex 51.182097 4.724913 17.509704
      vertex 52.075942 5.332638 17.509704
    endloop
  endfacet
  facet normal 0.553959 -0.804953 -0.212556
    outer loop
      vertex 53.441901 4.765262 16.316321
      vertex 54.570617 5.542031 16.316321
      vertex 55.007892 5.444167 17.826551
    endloop
  endfacet
  facet normal 0.553959 -0.804953 -0.212556
    outer loop
      vertex 53.441901 4.765262 16.316321
      vertex 55.007892 5.444167 17.826551
      vertex 53.803270 4.615161 17.826551
    endloop
  endfacet
  facet normal -0.553410 0.804155 0.216960
    outer loop
      vertex 52.480693 6.009763 16.032380
      vertex 51.714764 5.482660 16.032380
      vertex 52.075942 5.332638 17.509704
    endloop
  endfacet
  facet normal -0.553410 0.804155 0.216960
    outer loop
      vertex 52.480693 6.009763 16.032380
      vertex 52.075942 5.332638 17.509704
      vertex 52.917736 5.911951 17.509704
    endloop
  endfacet
  facet normal 0.551467 -0.806820 -0.211955
    outer loop
      vertex 54.570617 5.542031 16.316321
      vertex 55.649140 6.279208 16.316321
      vertex 56.158945 6.230919 17.826551
    endloop
  endfacet
  facet normal 0.551467 -0.806820 -0.211955
    outer loop
      vertex 54.570617 5.542031 16.316321
      vertex 56.158945 6.230919 17.826551
      vertex 55.007892 5.444167 17.826551
    endloop
  endfacet
  facet normal -0.550923 0.806025 0.216348
    outer loop
      vertex 53.212561 6.509999 16.032380
      vertex 52.480693 6.009763 16.032380
      vertex 52.917736 5.911951 17.509704
    endloop
  endfacet
  facet normal -0.550923 0.806025 0.216348
    outer loop
      vertex 53.212561 6.509999 16.032380
      vertex 52.917736 5.911951 17.509704
      vertex 53.722097 6.461736 17.509704
    endloop
  endfacet
  facet normal 0.485591 0.863494 -0.136310
    outer loop
      vertex 55.649140 6.279208 16.316321
      vertex 54.206243 7.090629 16.316321
      vertex 54.619014 7.096909 17.826551
    endloop
  endfacet
  facet normal 0.485591 0.863494 -0.136310
    outer loop
      vertex 55.649140 6.279208 16.316321
      vertex 54.619014 7.096909 17.826551
      vertex 56.158945 6.230919 17.826551
    endloop
  endfacet
  facet normal -0.485392 -0.863141 0.139216
    outer loop
      vertex 52.233435 7.060617 16.032380
      vertex 53.212561 6.509999 16.032380
      vertex 53.722097 6.461736 17.509704
    endloop
  endfacet
  facet normal -0.485392 -0.863141 0.139216
    outer loop
      vertex 52.233435 7.060617 16.032380
      vertex 53.722097 6.461736 17.509704
      vertex 52.645987 7.066893 17.509704
    endloop
  endfacet
  facet normal 0.493815 0.858460 -0.138537
    outer loop
      vertex 54.206243 7.090629 16.316321
      vertex 52.677319 7.970118 16.316321
      vertex 52.987270 8.035543 17.826551
    endloop
  endfacet
  facet normal 0.493815 0.858460 -0.138537
    outer loop
      vertex 54.206243 7.090629 16.316321
      vertex 52.987270 8.035543 17.826551
      vertex 54.619014 7.096909 17.826551
    endloop
  endfacet
  facet normal -0.493607 -0.858098 0.141488
    outer loop
      vertex 51.195932 7.657424 16.032380
      vertex 52.233435 7.060617 16.032380
      vertex 52.645987 7.066893 17.509704
    endloop
  endfacet
  facet normal -0.493607 -0.858098 0.141488
    outer loop
      vertex 51.195932 7.657424 16.032380
      vertex 52.645987 7.066893 17.509704
      vertex 51.505718 7.722814 17.509704
    endloop
  endfacet
  facet normal 0.490901 0.860214 -0.138015
    outer loop
      vertex 52.677319 7.970118 16.316321
      vertex 51.006958 8.923350 16.316321
      vertex 51.204577 9.052880 17.826551
    endloop
  endfacet
  facet normal 0.490901 0.860214 -0.138015
    outer loop
      vertex 52.677319 7.970118 16.316321
      vertex 51.204577 9.052880 17.826551
      vertex 52.987270 8.035543 17.826551
    endloop
  endfacet
  facet normal -0.490696 -0.859854 0.140956
    outer loop
      vertex 50.062451 8.304272 16.032380
      vertex 51.195932 7.657424 16.032380
      vertex 51.505718 7.722814 17.509704
    endloop
  endfacet
  facet normal -0.490696 -0.859854 0.140956
    outer loop
      vertex 50.062451 8.304272 16.032380
      vertex 51.505718 7.722814 17.509704
      vertex 50.259965 8.433733 17.509704
    endloop
  endfacet
  facet normal 0.449444 0.883117 -0.134555
    outer loop
      vertex 51.006958 8.923350 16.316321
      vertex 49.153206 9.866777 16.316321
      vertex 49.226161 10.059753 17.826551
    endloop
  endfacet
  facet normal 0.449444 0.883117 -0.134555
    outer loop
      vertex 51.006958 8.923350 16.316321
      vertex 49.226161 10.059753 17.826551
      vertex 51.204577 9.052880 17.826551
    endloop
  endfacet
  facet normal -0.449265 -0.882766 0.137424
    outer loop
      vertex 48.804525 8.944466 16.032380
      vertex 50.062451 8.304272 16.032380
      vertex 50.259965 8.433733 17.509704
    endloop
  endfacet
  facet normal -0.449265 -0.882766 0.137424
    outer loop
      vertex 48.804525 8.944466 16.032380
      vertex 50.259965 8.433733 17.509704
      vertex 48.877441 9.137339 17.509704
    endloop
  endfacet
  facet normal 0.381730 0.914322 -0.135271
    outer loop
      vertex 49.153206 9.866777 16.316321
      vertex 47.267345 10.654125 16.316321
      vertex 47.213476 10.900050 17.826551
    endloop
  endfacet
  facet normal 0.381730 0.914322 -0.135271
    outer loop
      vertex 49.153206 9.866777 16.316321
      vertex 47.213476 10.900050 17.826551
      vertex 49.226161 10.059753 17.826551
    endloop
  endfacet
  facet normal -0.381577 -0.913954 0.138155
    outer loop
      vertex 47.524810 9.478748 16.032380
      vertex 48.804525 8.944466 16.032380
      vertex 48.877441 9.137339 17.509704
    endloop
  endfacet
  facet normal -0.381577 -0.913954 0.138155
    outer loop
      vertex 47.524810 9.478748 16.032380
      vertex 48.877441 9.137339 17.509704
      vertex 47.470969 9.724542 17.509704
    endloop
  endfacet
  facet normal 0.352770 0.925460 -0.138118
    outer loop
      vertex 47.267345 10.654125 16.316321
      vertex 45.520806 11.319876 16.316321
      vertex 45.349482 11.610573 17.826551
    endloop
  endfacet
  facet normal 0.352770 0.925460 -0.138118
    outer loop
      vertex 47.267345 10.654125 16.316321
      vertex 45.349482 11.610573 17.826551
      vertex 47.213476 10.900050 17.826551
    endloop
  endfacet
  facet normal -0.352622 -0.925073 0.141060
    outer loop
      vertex 46.339636 9.930516 16.032380
      vertex 47.524810 9.478748 16.032380
      vertex 47.470969 9.724542 17.509704
    endloop
  endfacet
  facet normal -0.352622 -0.925073 0.141060
    outer loop
      vertex 46.339636 9.930516 16.032380
      vertex 47.470969 9.724542 17.509704
      vertex 46.168403 10.221058 17.509704
    endloop
  endfacet
  facet normal 0.355770 0.924393 -0.137572
    outer loop
      vertex 45.520806 11.319876 16.316321
      vertex 43.910082 11.939793 16.316321
      vertex 43.630437 12.272179 17.826551
    endloop
  endfacet
  facet normal 0.355770 0.924393 -0.137572
    outer loop
      vertex 45.520806 11.319876 16.316321
      vertex 43.630437 12.272179 17.826551
      vertex 45.349482 11.610573 17.826551
    endloop
  endfacet
  facet normal -0.355622 -0.924009 0.140503
    outer loop
      vertex 45.246625 10.351182 16.032380
      vertex 46.339636 9.930516 16.032380
      vertex 46.168403 10.221058 17.509704
    endloop
  endfacet
  facet normal -0.355622 -0.924009 0.140503
    outer loop
      vertex 45.246625 10.351182 16.032380
      vertex 46.168403 10.221058 17.509704
      vertex 44.967128 10.683391 17.509704
    endloop
  endfacet
  facet normal 0.365550 0.920949 -0.135003
    outer loop
      vertex 43.910082 11.939793 16.316321
      vertex 42.395214 12.541086 16.316321
      vertex 42.013694 12.913908 17.826551
    endloop
  endfacet
  facet normal 0.365550 0.920949 -0.135003
    outer loop
      vertex 43.910082 11.939793 16.316321
      vertex 42.013694 12.913908 17.826551
      vertex 43.630437 12.272179 17.826551
    endloop
  endfacet
  facet normal -0.365403 -0.920581 0.137882
    outer loop
      vertex 44.218659 10.759209 16.032380
      vertex 45.246625 10.351182 16.032380
      vertex 44.967128 10.683391 17.509704
    endloop
  endfacet
  facet normal -0.365403 -0.920581 0.137882
    outer loop
      vertex 44.218659 10.759209 16.032380
      vertex 44.967128 10.683391 17.509704
      vertex 43.837342 11.131834 17.509704
    endloop
  endfacet
  facet normal -0.961126 -0.196078 -0.194398
    outer loop
      vertex 42.395214 12.541086 16.316321
      vertex 42.673639 11.176313 16.316321
      vertex 42.310843 11.457355 17.826551
    endloop
  endfacet
  facet normal -0.961126 -0.196078 -0.194398
    outer loop
      vertex 42.395214 12.541086 16.316321
      vertex 42.310843 11.457355 17.826551
      vertex 42.013694 12.913908 17.826551
    endloop
  endfacet
  facet normal 0.960329 0.195915 0.198458
    outer loop
      vertex 44.407594 9.833097 16.032380
      vertex 44.218659 10.759209 16.032380
      vertex 43.837342 11.131834 17.509704
    endloop
  endfacet
  facet normal 0.960329 0.195915 0.198458
    outer loop
      vertex 44.407594 9.833097 16.032380
      vertex 43.837342 11.131834 17.509704
      vertex 44.044991 10.113989 17.509704
    endloop
  endfacet
  facet normal -0.962154 -0.189450 -0.195879
    outer loop
      vertex 42.673639 11.176313 16.316321
      vertex 42.955951 9.742537 16.316321
      vertex 42.612141 9.927157 17.826551
    endloop
  endfacet
  facet normal -0.962154 -0.189450 -0.195879
    outer loop
      vertex 42.673639 11.176313 16.316321
      vertex 42.612141 9.927157 17.826551
      vertex 42.310843 11.457355 17.826551
    endloop
  endfacet
  facet normal 0.961344 0.189290 0.199967
    outer loop
      vertex 44.599167 8.860159 16.032380
      vertex 44.407594 9.833097 16.032380
      vertex 44.044991 10.113989 17.509704
    endloop
  endfacet
  facet normal 0.961344 0.189290 0.199967
    outer loop
      vertex 44.599167 8.860159 16.032380
      vertex 44.044991 10.113989 17.509704
      vertex 44.255539 9.044681 17.509704
    endloop
  endfacet
  facet normal -0.962264 -0.188781 -0.195986
    outer loop
      vertex 42.955951 9.742537 16.316321
      vertex 43.254893 8.218753 16.316321
      vertex 42.931186 8.300899 17.826551
    endloop
  endfacet
  facet normal -0.962264 -0.188781 -0.195986
    outer loop
      vertex 42.955951 9.742537 16.316321
      vertex 42.931186 8.300899 17.826551
      vertex 42.612141 9.927157 17.826551
    endloop
  endfacet
  facet normal 0.961453 0.188622 0.200076
    outer loop
      vertex 44.802024 7.826144 16.032380
      vertex 44.599167 8.860159 16.032380
      vertex 44.255539 9.044681 17.509704
    endloop
  endfacet
  facet normal 0.961453 0.188622 0.200076
    outer loop
      vertex 44.802024 7.826144 16.032380
      vertex 44.255539 9.044681 17.509704
      vertex 44.478489 7.908246 17.509704
    endloop
  endfacet
  facet normal -0.959048 -0.206038 -0.194358
    outer loop
      vertex 43.254893 8.218753 16.316321
      vertex 43.603935 6.594066 16.316321
      vertex 43.303702 6.566951 17.826551
    endloop
  endfacet
  facet normal -0.959048 -0.206038 -0.194358
    outer loop
      vertex 43.254893 8.218753 16.316321
      vertex 43.303702 6.566951 17.826551
      vertex 42.931186 8.300899 17.826551
    endloop
  endfacet
  facet normal 0.958253 0.205868 0.198417
    outer loop
      vertex 45.038878 6.723657 16.032380
      vertex 44.802024 7.826144 16.032380
      vertex 44.478489 7.908246 17.509704
    endloop
  endfacet
  facet normal 0.958253 0.205868 0.198417
    outer loop
      vertex 45.038878 6.723657 16.032380
      vertex 44.478489 7.908246 17.509704
      vertex 44.738804 6.696557 17.509704
    endloop
  endfacet
  facet normal -0.948366 -0.251660 -0.193053
    outer loop
      vertex 43.603935 6.594066 16.316321
      vertex 44.049289 4.915774 16.316321
      vertex 43.779005 4.775795 17.826551
    endloop
  endfacet
  facet normal -0.948366 -0.251660 -0.193053
    outer loop
      vertex 43.603935 6.594066 16.316321
      vertex 43.779005 4.775795 17.826551
      vertex 43.303702 6.566951 17.826551
    endloop
  endfacet
  facet normal 0.947590 0.251454 0.197087
    outer loop
      vertex 45.341088 5.584795 16.032380
      vertex 45.038878 6.723657 16.032380
      vertex 44.738804 6.696557 17.509704
    endloop
  endfacet
  facet normal 0.947590 0.251454 0.197087
    outer loop
      vertex 45.341088 5.584795 16.032380
      vertex 44.738804 6.696557 17.509704
      vertex 45.070948 5.444890 17.509704
    endloop
  endfacet
  facet normal -0.932102 -0.305157 -0.195101
    outer loop
      vertex 44.049289 4.915774 16.316321
      vertex 44.580072 3.294497 16.316321
      vertex 44.345484 3.045487 17.826551
    endloop
  endfacet
  facet normal -0.932102 -0.305157 -0.195101
    outer loop
      vertex 44.049289 4.915774 16.316321
      vertex 44.345484 3.045487 17.826551
      vertex 43.779005 4.775795 17.826551
    endloop
  endfacet
  facet normal 0.931324 0.304902 0.199175
    outer loop
      vertex 45.701269 4.484622 16.032380
      vertex 45.341088 5.584795 16.032380
      vertex 45.070948 5.444890 17.509704
    endloop
  endfacet
  facet normal 0.931324 0.304902 0.199175
    outer loop
      vertex 45.701269 4.484622 16.032380
      vertex 45.070948 5.444890 17.509704
      vertex 45.466805 4.235744 17.509704
    endloop
  endfacet
  facet normal -0.921420 -0.334201 -0.198231
    outer loop
      vertex 44.580072 3.294497 16.316321
      vertex 45.102445 1.854272 16.316321
      vertex 44.902986 1.508407 17.826551
    endloop
  endfacet
  facet normal -0.921420 -0.334201 -0.198231
    outer loop
      vertex 44.580072 3.294497 16.316321
      vertex 44.902986 1.508407 17.826551
      vertex 44.345484 3.045487 17.826551
    endloop
  endfacet
  facet normal 0.920625 0.333913 0.202364
    outer loop
      vertex 46.055743 3.507309 16.032380
      vertex 45.701269 4.484622 16.032380
      vertex 45.466805 4.235744 17.509704
    endloop
  endfacet
  facet normal 0.920625 0.333913 0.202364
    outer loop
      vertex 46.055743 3.507309 16.032380
      vertex 45.466805 4.235744 17.509704
      vertex 45.856390 3.161627 17.509704
    endloop
  endfacet
  facet normal 0.000000 -0.974765 -0.223236
    outer loop
      vertex 45.102445 1.854272 16.316321
      vertex 48.688703 1.854272 16.316321
      vertex 48.730420 1.508407 17.826551
    endloop
  endfacet
  facet normal 0.000000 -0.974765 -0.223236
    outer loop
      vertex 45.102445 1.854272 16.316321
      vertex 48.730420 1.508407 17.826551
      vertex 44.902986 1.508407 17.826551
    endloop
  endfacet
  facet normal 0.000000 0.973699 0.227838
    outer loop
      vertex 48.489321 3.507309 16.032380
      vertex 46.055743 3.507309 16.032380
      vertex 45.856390 3.161627 17.509704
    endloop
  endfacet
  facet normal 0.000000 0.973699 0.227838
    outer loop
      vertex 48.489321 3.507309 16.032380
      vertex 45.856390 3.161627 17.509704
      vertex 48.531015 3.161627 17.509704
    endloop
  endfacet
  facet normal 0.451708 -0.868262 -0.205136
    outer loop
      vertex 48.730420 1.508407 17.826551
      vertex 49.698895 2.012249 17.826551
      vertex 49.798410 1.708000 19.333451
    endloop
  endfacet
  facet normal 0.451708 -0.868262 -0.205136
    outer loop
      vertex 48.730420 1.508407 17.826551
      vertex 49.798410 1.708000 19.333451
      vertex 48.770827 1.173407 19.333451
    endloop
  endfacet
  facet normal -0.451343 0.867562 0.208868
    outer loop
      vertex 49.207789 3.513714 17.509704
      vertex 48.531015 3.161627 17.509704
      vertex 48.571346 2.827260 18.985695
    endloop
  endfacet
  facet normal -0.451343 0.867562 0.208868
    outer loop
      vertex 49.207789 3.513714 17.509704
      vertex 48.571346 2.827260 18.985695
      vertex 49.307116 3.210039 18.985695
    endloop
  endfacet
  facet normal 0.493284 -0.845768 -0.203340
    outer loop
      vertex 49.698895 2.012249 17.826551
      vertex 51.151271 2.859331 17.826551
      vertex 51.339429 2.606782 19.333451
    endloop
  endfacet
  facet normal 0.493284 -0.845768 -0.203340
    outer loop
      vertex 49.698895 2.012249 17.826551
      vertex 51.339429 2.606782 19.333451
      vertex 49.798410 1.708000 19.333451
    endloop
  endfacet
  facet normal -0.492893 0.845098 0.207042
    outer loop
      vertex 50.222715 4.105658 17.509704
      vertex 49.207789 3.513714 17.509704
      vertex 49.307116 3.210039 18.985695
    endloop
  endfacet
  facet normal -0.492893 0.845098 0.207042
    outer loop
      vertex 50.222715 4.105658 17.509704
      vertex 49.307116 3.210039 18.985695
      vertex 50.410518 3.853586 18.985695
    endloop
  endfacet
  facet normal 0.530893 -0.822485 -0.204134
    outer loop
      vertex 51.151271 2.859331 17.826551
      vertex 52.524163 3.745496 17.826551
      vertex 52.796112 3.547032 19.333451
    endloop
  endfacet
  facet normal 0.530893 -0.822485 -0.204134
    outer loop
      vertex 51.151271 2.859331 17.826551
      vertex 52.796112 3.547032 19.333451
      vertex 51.339429 2.606782 19.333451
    endloop
  endfacet
  facet normal -0.530468 0.821828 0.207849
    outer loop
      vertex 51.182097 4.724913 17.509704
      vertex 50.222715 4.105658 17.509704
      vertex 50.410518 3.853586 18.985695
    endloop
  endfacet
  facet normal -0.530468 0.821828 0.207849
    outer loop
      vertex 51.182097 4.724913 17.509704
      vertex 50.410518 3.853586 18.985695
      vertex 51.453533 4.526824 18.985695
    endloop
  endfacet
  facet normal 0.550209 -0.809250 -0.205877
    outer loop
      vertex 52.524163 3.745496 17.826551
      vertex 53.803270 4.615161 17.826551
      vertex 54.153287 4.469775 19.333451
    endloop
  endfacet
  facet normal 0.550209 -0.809250 -0.205877
    outer loop
      vertex 52.524163 3.745496 17.826551
      vertex 54.153287 4.469775 19.333451
      vertex 52.796112 3.547032 19.333451
    endloop
  endfacet
  facet normal -0.549762 0.808592 0.209621
    outer loop
      vertex 52.075942 5.332638 17.509704
      vertex 51.182097 4.724913 17.509704
      vertex 51.453533 4.526824 18.985695
    endloop
  endfacet
  facet normal -0.549762 0.808592 0.209621
    outer loop
      vertex 52.075942 5.332638 17.509704
      vertex 51.453533 4.526824 18.985695
      vertex 52.425298 5.187527 18.985695
    endloop
  endfacet
  facet normal 0.554682 -0.806004 -0.206603
    outer loop
      vertex 53.803270 4.615161 17.826551
      vertex 55.007892 5.444167 17.826551
      vertex 55.431431 5.349378 19.333451
    endloop
  endfacet
  facet normal 0.554682 -0.806004 -0.206603
    outer loop
      vertex 53.803270 4.615161 17.826551
      vertex 55.431431 5.349378 19.333451
      vertex 54.153287 4.469775 19.333451
    endloop
  endfacet
  facet normal -0.554228 0.805345 0.210359
    outer loop
      vertex 52.917736 5.911951 17.509704
      vertex 52.075942 5.332638 17.509704
      vertex 52.425298 5.187527 18.985695
    endloop
  endfacet
  facet normal -0.554228 0.805345 0.210359
    outer loop
      vertex 52.917736 5.911951 17.509704
      vertex 52.425298 5.187527 18.985695
      vertex 53.340475 5.817341 18.985695
    endloop
  endfacet
  facet normal 0.552183 -0.807868 -0.206018
    outer loop
      vertex 55.007892 5.444167 17.826551
      vertex 56.158945 6.230919 17.826551
      vertex 56.652736 6.184148 19.333451
    endloop
  endfacet
  facet normal 0.552183 -0.807868 -0.206018
    outer loop
      vertex 55.007892 5.444167 17.826551
      vertex 56.652736 6.184148 19.333451
      vertex 55.431431 5.349378 19.333451
    endloop
  endfacet
  facet normal -0.551734 0.807211 0.209764
    outer loop
      vertex 53.722097 6.461736 17.509704
      vertex 52.917736 5.911951 17.509704
      vertex 53.340475 5.817341 18.985695
    endloop
  endfacet
  facet normal -0.551734 0.807211 0.209764
    outer loop
      vertex 53.722097 6.461736 17.509704
      vertex 53.340475 5.817341 18.985695
      vertex 54.214955 6.415053 18.985695
    endloop
  endfacet
  facet normal 0.485851 0.863957 -0.132391
    outer loop
      vertex 56.158945 6.230919 17.826551
      vertex 54.619014 7.096909 17.826551
      vertex 55.018818 7.102991 19.333451
    endloop
  endfacet
  facet normal 0.485851 0.863957 -0.132391
    outer loop
      vertex 56.158945 6.230919 17.826551
      vertex 55.018818 7.102991 19.333451
      vertex 56.652736 6.184148 19.333451
    endloop
  endfacet
  facet normal -0.485688 -0.863666 0.134863
    outer loop
      vertex 52.645987 7.066893 17.509704
      vertex 53.722097 6.461736 17.509704
      vertex 54.214955 6.415053 18.985695
    endloop
  endfacet
  facet normal -0.485688 -0.863666 0.134863
    outer loop
      vertex 52.645987 7.066893 17.509704
      vertex 54.214955 6.415053 18.985695
      vertex 53.045036 7.072964 18.985695
    endloop
  endfacet
  facet normal 0.494089 0.858936 -0.134557
    outer loop
      vertex 54.619014 7.096909 17.826551
      vertex 52.987270 8.035543 17.826551
      vertex 53.287485 8.098913 19.333451
    endloop
  endfacet
  facet normal 0.494089 0.858936 -0.134557
    outer loop
      vertex 54.619014 7.096909 17.826551
      vertex 53.287485 8.098913 19.333451
      vertex 55.018818 7.102991 19.333451
    endloop
  endfacet
  facet normal -0.493917 -0.858637 0.137067
    outer loop
      vertex 51.505718 7.722814 17.509704
      vertex 52.645987 7.066893 17.509704
      vertex 53.045036 7.072964 18.985695
    endloop
  endfacet
  facet normal -0.493917 -0.858637 0.137067
    outer loop
      vertex 51.505718 7.722814 17.509704
      vertex 53.045036 7.072964 18.985695
      vertex 51.805365 7.786064 18.985695
    endloop
  endfacet
  facet normal 0.491171 0.860687 -0.134049
    outer loop
      vertex 52.987270 8.035543 17.826551
      vertex 51.204577 9.052880 17.826551
      vertex 51.395988 9.178341 19.333451
    endloop
  endfacet
  facet normal 0.491171 0.860687 -0.134049
    outer loop
      vertex 52.987270 8.035543 17.826551
      vertex 51.395988 9.178341 19.333451
      vertex 53.287485 8.098913 19.333451
    endloop
  endfacet
  facet normal -0.491002 -0.860390 0.136550
    outer loop
      vertex 50.259965 8.433733 17.509704
      vertex 51.505718 7.722814 17.509704
      vertex 51.805365 7.786064 18.985695
    endloop
  endfacet
  facet normal -0.491002 -0.860390 0.136550
    outer loop
      vertex 50.259965 8.433733 17.509704
      vertex 51.805365 7.786064 18.985695
      vertex 50.451015 8.558957 18.985695
    endloop
  endfacet
  facet normal 0.449678 0.883578 -0.130684
    outer loop
      vertex 51.204577 9.052880 17.826551
      vertex 49.226161 10.059753 17.826551
      vertex 49.296824 10.246666 19.333451
    endloop
  endfacet
  facet normal 0.449678 0.883578 -0.130684
    outer loop
      vertex 51.204577 9.052880 17.826551
      vertex 49.296824 10.246666 19.333451
      vertex 51.395988 9.178341 19.333451
    endloop
  endfacet
  facet normal -0.449531 -0.883289 0.133125
    outer loop
      vertex 48.877441 9.137339 17.509704
      vertex 50.259965 8.433733 17.509704
      vertex 50.451015 8.558957 18.985695
    endloop
  endfacet
  facet normal -0.449531 -0.883289 0.133125
    outer loop
      vertex 48.877441 9.137339 17.509704
      vertex 50.451015 8.558957 18.985695
      vertex 48.947970 9.323899 18.985695
    endloop
  endfacet
  facet normal 0.381932 0.914805 -0.131381
    outer loop
      vertex 49.226161 10.059753 17.826551
      vertex 47.213476 10.900050 17.826551
      vertex 47.161299 11.138249 19.333451
    endloop
  endfacet
  facet normal 0.381932 0.914805 -0.131381
    outer loop
      vertex 49.226161 10.059753 17.826551
      vertex 47.161299 11.138249 19.333451
      vertex 49.296824 10.246666 19.333451
    endloop
  endfacet
  facet normal -0.381805 -0.914502 0.133834
    outer loop
      vertex 47.470969 9.724542 17.509704
      vertex 48.877441 9.137339 17.509704
      vertex 48.947970 9.323899 18.985695
    endloop
  endfacet
  facet normal -0.381805 -0.914502 0.133834
    outer loop
      vertex 47.470969 9.724542 17.509704
      vertex 48.947970 9.323899 18.985695
      vertex 47.418891 9.962291 18.985695
    endloop
  endfacet
  facet normal 0.352964 0.925970 -0.134149
    outer loop
      vertex 47.213476 10.900050 17.826551
      vertex 45.349482 11.610573 17.826551
      vertex 45.183539 11.892137 19.333451
    endloop
  endfacet
  facet normal 0.352964 0.925970 -0.134149
    outer loop
      vertex 47.213476 10.900050 17.826551
      vertex 45.183539 11.892137 19.333451
      vertex 47.161299 11.138249 19.333451
    endloop
  endfacet
  facet normal -0.352842 -0.925650 0.136652
    outer loop
      vertex 46.168403 10.221058 17.509704
      vertex 47.470969 9.724542 17.509704
      vertex 47.418891 9.962291 18.985695
    endloop
  endfacet
  facet normal -0.352842 -0.925650 0.136652
    outer loop
      vertex 46.168403 10.221058 17.509704
      vertex 47.418891 9.962291 18.985695
      vertex 46.002774 10.502090 18.985695
    endloop
  endfacet
  facet normal 0.355964 0.924898 -0.133618
    outer loop
      vertex 45.349482 11.610573 17.826551
      vertex 43.630437 12.272179 17.826551
      vertex 43.359577 12.594123 19.333451
    endloop
  endfacet
  facet normal 0.355964 0.924898 -0.133618
    outer loop
      vertex 45.349482 11.610573 17.826551
      vertex 43.359577 12.594123 19.333451
      vertex 45.183539 11.892137 19.333451
    endloop
  endfacet
  facet normal -0.355842 -0.924581 0.136112
    outer loop
      vertex 44.967128 10.683391 17.509704
      vertex 46.168403 10.221058 17.509704
      vertex 46.002774 10.502090 18.985695
    endloop
  endfacet
  facet normal -0.355842 -0.924581 0.136112
    outer loop
      vertex 44.967128 10.683391 17.509704
      vertex 46.002774 10.502090 18.985695
      vertex 44.696780 11.004727 18.985695
    endloop
  endfacet
  facet normal 0.365742 0.921434 -0.131120
    outer loop
      vertex 43.630437 12.272179 17.826551
      vertex 42.013694 12.913908 17.826551
      vertex 41.644158 13.275019 19.333451
    endloop
  endfacet
  facet normal 0.365742 0.921434 -0.131120
    outer loop
      vertex 43.630437 12.272179 17.826551
      vertex 41.644158 13.275019 19.333451
      vertex 43.359577 12.594123 19.333451
    endloop
  endfacet
  facet normal -0.365621 -0.921130 0.133569
    outer loop
      vertex 43.837342 11.131834 17.509704
      vertex 44.967128 10.683391 17.509704
      vertex 44.696780 11.004727 18.985695
    endloop
  endfacet
  facet normal -0.365621 -0.921130 0.133569
    outer loop
      vertex 43.837342 11.131834 17.509704
      vertex 44.696780 11.004727 18.985695
      vertex 43.468505 11.492262 18.985695
    endloop
  endfacet
  facet normal -0.962175 -0.196292 -0.188914
    outer loop
      vertex 42.013694 12.913908 17.826551
      vertex 42.310843 11.457355 17.826551
      vertex 41.959443 11.729568 19.333451
    endloop
  endfacet
  facet normal -0.962175 -0.196292 -0.188914
    outer loop
      vertex 42.013694 12.913908 17.826551
      vertex 41.959443 11.729568 19.333451
      vertex 41.644158 13.275019 19.333451
    endloop
  endfacet
  facet normal 0.961517 0.196157 0.192374
    outer loop
      vertex 44.044991 10.113989 17.509704
      vertex 43.837342 11.131834 17.509704
      vertex 43.468505 11.492262 18.985695
    endloop
  endfacet
  facet normal 0.961517 0.196157 0.192374
    outer loop
      vertex 44.044991 10.113989 17.509704
      vertex 43.468505 11.492262 18.985695
      vertex 43.694255 10.385688 18.985695
    endloop
  endfacet
  facet normal -0.963221 -0.189660 -0.190356
    outer loop
      vertex 42.310843 11.457355 17.826551
      vertex 42.612141 9.927157 17.826551
      vertex 42.279131 10.105977 19.333451
    endloop
  endfacet
  facet normal -0.963221 -0.189660 -0.190356
    outer loop
      vertex 42.310843 11.457355 17.826551
      vertex 42.279131 10.105977 19.333451
      vertex 41.959443 11.729568 19.333451
    endloop
  endfacet
  facet normal 0.962551 0.189528 0.193840
    outer loop
      vertex 44.255539 9.044681 17.509704
      vertex 44.044991 10.113989 17.509704
      vertex 43.694255 10.385688 18.985695
    endloop
  endfacet
  facet normal 0.962551 0.189528 0.193840
    outer loop
      vertex 44.255539 9.044681 17.509704
      vertex 43.694255 10.385688 18.985695
      vertex 43.923158 9.223163 18.985695
    endloop
  endfacet
  facet normal -0.963332 -0.188990 -0.190460
    outer loop
      vertex 42.612141 9.927157 17.826551
      vertex 42.931186 8.300899 17.826551
      vertex 42.617649 8.380464 19.333451
    endloop
  endfacet
  facet normal -0.963332 -0.188990 -0.190460
    outer loop
      vertex 42.612141 9.927157 17.826551
      vertex 42.617649 8.380464 19.333451
      vertex 42.279131 10.105977 19.333451
    endloop
  endfacet
  facet normal 0.962662 0.188859 0.193946
    outer loop
      vertex 44.478489 7.908246 17.509704
      vertex 44.255539 9.044681 17.509704
      vertex 43.923158 9.223163 18.985695
    endloop
  endfacet
  facet normal 0.962662 0.188859 0.193946
    outer loop
      vertex 44.478489 7.908246 17.509704
      vertex 43.923158 9.223163 18.985695
      vertex 44.165544 7.987661 18.985695
    endloop
  endfacet
  facet normal -0.960095 -0.206263 -0.188874
    outer loop
      vertex 42.931186 8.300899 17.826551
      vertex 43.303702 6.566951 17.826551
      vertex 43.012899 6.540689 19.333451
    endloop
  endfacet
  facet normal -0.960095 -0.206263 -0.188874
    outer loop
      vertex 42.931186 8.300899 17.826551
      vertex 43.012899 6.540689 19.333451
      vertex 42.617649 8.380464 19.333451
    endloop
  endfacet
  facet normal 0.959438 0.206122 0.192334
    outer loop
      vertex 44.738804 6.696557 17.509704
      vertex 44.478489 7.908246 17.509704
      vertex 44.165544 7.987661 18.985695
    endloop
  endfacet
  facet normal 0.959438 0.206122 0.192334
    outer loop
      vertex 44.738804 6.696557 17.509704
      vertex 44.165544 7.987661 18.985695
      vertex 44.448552 6.670344 18.985695
    endloop
  endfacet
  facet normal -0.949387 -0.251931 -0.187604
    outer loop
      vertex 43.303702 6.566951 17.826551
      vertex 43.779005 4.775795 17.826551
      vertex 43.517212 4.640213 19.333451
    endloop
  endfacet
  facet normal -0.949387 -0.251931 -0.187604
    outer loop
      vertex 43.303702 6.566951 17.826551
      vertex 43.517212 4.640213 19.333451
      vertex 43.012899 6.540689 19.333451
    endloop
  endfacet
  facet normal 0.948746 0.251761 0.191042
    outer loop
      vertex 45.070948 5.444890 17.509704
      vertex 44.738804 6.696557 17.509704
      vertex 44.448552 6.670344 18.985695
    endloop
  endfacet
  facet normal 0.948746 0.251761 0.191042
    outer loop
      vertex 45.070948 5.444890 17.509704
      vertex 44.448552 6.670344 18.985695
      vertex 44.809650 5.309564 18.985695
    endloop
  endfacet
  facet normal -0.933127 -0.305493 -0.189598
    outer loop
      vertex 43.779005 4.775795 17.826551
      vertex 44.345484 3.045487 17.826551
      vertex 44.118264 2.804299 19.333451
    endloop
  endfacet
  facet normal -0.933127 -0.305493 -0.189598
    outer loop
      vertex 43.779005 4.775795 17.826551
      vertex 44.118264 2.804299 19.333451
      vertex 43.517212 4.640213 19.333451
    endloop
  endfacet
  facet normal 0.932484 0.305282 0.193070
    outer loop
      vertex 45.466805 4.235744 17.509704
      vertex 45.070948 5.444890 17.509704
      vertex 44.809650 5.309564 18.985695
    endloop
  endfacet
  facet normal 0.932484 0.305282 0.193070
    outer loop
      vertex 45.466805 4.235744 17.509704
      vertex 44.809650 5.309564 18.985695
      vertex 45.240016 3.995012 18.985695
    endloop
  endfacet
  facet normal -0.922466 -0.334580 -0.192646
    outer loop
      vertex 44.345484 3.045487 17.826551
      vertex 44.902986 1.508407 17.826551
      vertex 44.709793 1.173407 19.333451
    endloop
  endfacet
  facet normal -0.922466 -0.334580 -0.192646
    outer loop
      vertex 44.345484 3.045487 17.826551
      vertex 44.709793 1.173407 19.333451
      vertex 44.118264 2.804299 19.333451
    endloop
  endfacet
  facet normal 0.921810 0.334342 0.196169
    outer loop
      vertex 45.856390 3.161627 17.509704
      vertex 45.466805 4.235744 17.509704
      vertex 45.240016 3.995012 18.985695
    endloop
  endfacet
  facet normal 0.921810 0.334342 0.196169
    outer loop
      vertex 45.856390 3.161627 17.509704
      vertex 45.240016 3.995012 18.985695
      vertex 45.663562 2.827260 18.985695
    endloop
  endfacet
  facet normal 0.000000 -0.976169 -0.217013
    outer loop
      vertex 44.902986 1.508407 17.826551
      vertex 48.730420 1.508407 17.826551
      vertex 48.770827 1.173407 19.333451
    endloop
  endfacet
  facet normal 0.000000 -0.976169 -0.217013
    outer loop
      vertex 44.902986 1.508407 17.826551
      vertex 48.770827 1.173407 19.333451
      vertex 44.709793 1.173407 19.333451
    endloop
  endfacet
  facet normal 0.000000 0.975288 0.220939
    outer loop
      vertex 48.531015 3.161627 17.509704
      vertex 45.856390 3.161627 17.509704
      vertex 45.663562 2.827260 18.985695
    endloop
  endfacet
  facet normal 0.000000 0.975288 0.220939
    outer loop
      vertex 48.531015 3.161627 17.509704
      vertex 45.663562 2.827260 18.985695
      vertex 48.571346 2.827260 18.985695
    endloop
  endfacet
  facet normal 0.452854 -0.870467 -0.192901
    outer loop
      vertex 48.770827 1.173407 19.333451
      vertex 49.798410 1.708000 19.333451
      vertex 49.891470 1.423486 20.835792
    endloop
  endfacet
  facet normal 0.452854 -0.870467 -0.192901
    outer loop
      vertex 48.770827 1.173407 19.333451
      vertex 49.891470 1.423486 20.835792
      vertex 48.808612 0.860136 20.835792
    endloop
  endfacet
  facet normal -0.452489 0.869764 0.196885
    outer loop
      vertex 49.307116 3.210039 18.985695
      vertex 48.571346 2.827260 18.985695
      vertex 48.609219 2.513262 20.459863
    endloop
  endfacet
  facet normal -0.452489 0.869764 0.196885
    outer loop
      vertex 49.307116 3.210039 18.985695
      vertex 48.609219 2.513262 20.459863
      vertex 49.400392 2.924865 20.459863
    endloop
  endfacet
  facet normal 0.494515 -0.847878 -0.191203
    outer loop
      vertex 49.798410 1.708000 19.333451
      vertex 51.339429 2.606782 19.333451
      vertex 51.515383 2.370614 20.835792
    endloop
  endfacet
  facet normal 0.494515 -0.847878 -0.191203
    outer loop
      vertex 49.798410 1.708000 19.333451
      vertex 51.515383 2.370614 20.835792
      vertex 49.891470 1.423486 20.835792
    endloop
  endfacet
  facet normal -0.494123 0.847206 0.195155
    outer loop
      vertex 50.410518 3.853586 18.985695
      vertex 49.307116 3.210039 18.985695
      vertex 49.400392 2.924865 20.459863
    endloop
  endfacet
  facet normal -0.494123 0.847206 0.195155
    outer loop
      vertex 50.410518 3.853586 18.985695
      vertex 49.400392 2.924865 20.459863
      vertex 50.586879 3.616870 20.459863
    endloop
  endfacet
  facet normal 0.532227 -0.824553 -0.191954
    outer loop
      vertex 51.339429 2.606782 19.333451
      vertex 52.796112 3.547032 19.333451
      vertex 53.050422 3.361441 20.835792
    endloop
  endfacet
  facet normal 0.532227 -0.824553 -0.191954
    outer loop
      vertex 51.339429 2.606782 19.333451
      vertex 53.050422 3.361441 20.835792
      vertex 51.515383 2.370614 20.835792
    endloop
  endfacet
  facet normal -0.531802 0.823894 0.195920
    outer loop
      vertex 51.453533 4.526824 18.985695
      vertex 50.410518 3.853586 18.985695
      vertex 50.586879 3.616870 20.459863
    endloop
  endfacet
  facet normal -0.531802 0.823894 0.195920
    outer loop
      vertex 51.453533 4.526824 18.985695
      vertex 50.586879 3.616870 20.459863
      vertex 51.708432 4.340802 20.459863
    endloop
  endfacet
  facet normal 0.551616 -0.811319 -0.193601
    outer loop
      vertex 52.796112 3.547032 19.333451
      vertex 54.153287 4.469775 19.333451
      vertex 54.480600 4.333819 20.835792
    endloop
  endfacet
  facet normal 0.551616 -0.811319 -0.193601
    outer loop
      vertex 52.796112 3.547032 19.333451
      vertex 54.480600 4.333819 20.835792
      vertex 53.050422 3.361441 20.835792
    endloop
  endfacet
  facet normal -0.551168 0.810660 0.197598
    outer loop
      vertex 52.425298 5.187527 18.985695
      vertex 51.453533 4.526824 18.985695
      vertex 51.708432 4.340802 20.459863
    endloop
  endfacet
  facet normal -0.551168 0.810660 0.197598
    outer loop
      vertex 52.425298 5.187527 18.985695
      vertex 51.708432 4.340802 20.459863
      vertex 52.753371 5.051256 20.459863
    endloop
  endfacet
  facet normal 0.556111 -0.808080 -0.194287
    outer loop
      vertex 54.153287 4.469775 19.333451
      vertex 55.431431 5.349378 19.333451
      vertex 55.827497 5.260737 20.835792
    endloop
  endfacet
  facet normal 0.556111 -0.808080 -0.194287
    outer loop
      vertex 54.153287 4.469775 19.333451
      vertex 55.827497 5.260737 20.835792
      vertex 54.480600 4.333819 20.835792
    endloop
  endfacet
  facet normal -0.555656 0.807419 0.198297
    outer loop
      vertex 53.340475 5.817341 18.985695
      vertex 52.425298 5.187527 18.985695
      vertex 52.753371 5.051256 20.459863
    endloop
  endfacet
  facet normal -0.555656 0.807419 0.198297
    outer loop
      vertex 53.340475 5.817341 18.985695
      vertex 52.753371 5.051256 20.459863
      vertex 53.737460 5.728494 20.459863
    endloop
  endfacet
  facet normal 0.553597 -0.809937 -0.193734
    outer loop
      vertex 55.431431 5.349378 19.333451
      vertex 56.652736 6.184148 19.333451
      vertex 57.114498 6.140410 20.835792
    endloop
  endfacet
  facet normal 0.553597 -0.809937 -0.193734
    outer loop
      vertex 55.431431 5.349378 19.333451
      vertex 57.114498 6.140410 20.835792
      vertex 55.827497 5.260737 20.835792
    endloop
  endfacet
  facet normal -0.553146 0.809278 0.197734
    outer loop
      vertex 54.214955 6.415053 18.985695
      vertex 53.340475 5.817341 18.985695
      vertex 53.737460 5.728494 20.459863
    endloop
  endfacet
  facet normal -0.553146 0.809278 0.197734
    outer loop
      vertex 54.214955 6.415053 18.985695
      vertex 53.737460 5.728494 20.459863
      vertex 54.677788 6.371214 20.459863
    endloop
  endfacet
  facet normal 0.486364 0.864868 -0.124310
    outer loop
      vertex 56.652736 6.184148 19.333451
      vertex 55.018818 7.102991 19.333451
      vertex 55.392690 7.108679 20.835792
    endloop
  endfacet
  facet normal 0.486364 0.864868 -0.124310
    outer loop
      vertex 56.652736 6.184148 19.333451
      vertex 55.392690 7.108679 20.835792
      vertex 57.114498 6.140410 20.835792
    endloop
  endfacet
  facet normal -0.486201 -0.864578 0.126937
    outer loop
      vertex 53.045036 7.072964 18.985695
      vertex 54.214955 6.415053 18.985695
      vertex 54.677788 6.371214 20.459863
    endloop
  endfacet
  facet normal -0.486201 -0.864578 0.126937
    outer loop
      vertex 53.045036 7.072964 18.985695
      vertex 54.677788 6.371214 20.459863
      vertex 53.419775 7.078665 20.459863
    endloop
  endfacet
  facet normal 0.494628 0.859872 -0.126348
    outer loop
      vertex 55.018818 7.102991 19.333451
      vertex 53.287485 8.098913 19.333451
      vertex 53.568226 8.158173 20.835792
    endloop
  endfacet
  facet normal 0.494628 0.859872 -0.126348
    outer loop
      vertex 55.018818 7.102991 19.333451
      vertex 53.568226 8.158173 20.835792
      vertex 55.392690 7.108679 20.835792
    endloop
  endfacet
  facet normal -0.494456 -0.859574 0.129017
    outer loop
      vertex 51.805365 7.786064 18.985695
      vertex 53.045036 7.072964 18.985695
      vertex 53.419775 7.078665 20.459863
    endloop
  endfacet
  facet normal -0.494456 -0.859574 0.129017
    outer loop
      vertex 51.805365 7.786064 18.985695
      vertex 53.419775 7.078665 20.459863
      vertex 52.086758 7.845461 20.459863
    endloop
  endfacet
  facet normal 0.491703 0.861618 -0.125870
    outer loop
      vertex 53.287485 8.098913 19.333451
      vertex 51.395988 9.178341 19.333451
      vertex 51.574984 9.295664 20.835792
    endloop
  endfacet
  facet normal 0.491703 0.861618 -0.125870
    outer loop
      vertex 53.287485 8.098913 19.333451
      vertex 51.574984 9.295664 20.835792
      vertex 53.568226 8.158173 20.835792
    endloop
  endfacet
  facet normal -0.491534 -0.861322 0.128529
    outer loop
      vertex 50.451015 8.558957 18.985695
      vertex 51.805365 7.786064 18.985695
      vertex 52.086758 7.845461 20.459863
    endloop
  endfacet
  facet normal -0.491534 -0.861322 0.128529
    outer loop
      vertex 50.451015 8.558957 18.985695
      vertex 52.086758 7.845461 20.459863
      vertex 50.630426 8.676552 20.459863
    endloop
  endfacet
  facet normal 0.450141 0.884487 -0.122704
    outer loop
      vertex 51.395988 9.178341 19.333451
      vertex 49.296824 10.246666 19.333451
      vertex 49.362903 10.421455 20.835792
    endloop
  endfacet
  facet normal 0.450141 0.884487 -0.122704
    outer loop
      vertex 51.395988 9.178341 19.333451
      vertex 49.362903 10.421455 20.835792
      vertex 51.574984 9.295664 20.835792
    endloop
  endfacet
  facet normal -0.449994 -0.884198 0.125299
    outer loop
      vertex 48.947970 9.323899 18.985695
      vertex 50.451015 8.558957 18.985695
      vertex 50.630426 8.676552 20.459863
    endloop
  endfacet
  facet normal -0.449994 -0.884198 0.125299
    outer loop
      vertex 48.947970 9.323899 18.985695
      vertex 50.630426 8.676552 20.459863
      vertex 49.014203 9.499094 20.459863
    endloop
  endfacet
  facet normal 0.382328 0.915755 -0.123360
    outer loop
      vertex 49.296824 10.246666 19.333451
      vertex 47.161299 11.138249 19.333451
      vertex 47.112506 11.360997 20.835792
    endloop
  endfacet
  facet normal 0.382328 0.915755 -0.123360
    outer loop
      vertex 49.296824 10.246666 19.333451
      vertex 47.112506 11.360997 20.835792
      vertex 49.362903 10.421455 20.835792
    endloop
  endfacet
  facet normal -0.382202 -0.915453 0.125967
    outer loop
      vertex 47.418891 9.962291 18.985695
      vertex 48.947970 9.323899 18.985695
      vertex 49.014203 9.499094 20.459863
    endloop
  endfacet
  facet normal -0.382202 -0.915453 0.125967
    outer loop
      vertex 47.418891 9.962291 18.985695
      vertex 49.014203 9.499094 20.459863
      vertex 47.369985 10.185556 20.459863
    endloop
  endfacet
  facet normal 0.353346 0.926973 -0.125964
    outer loop
      vertex 47.161299 11.138249 19.333451
      vertex 45.183539 11.892137 19.333451
      vertex 45.028361 12.155438 20.835792
    endloop
  endfacet
  facet normal 0.353346 0.926973 -0.125964
    outer loop
      vertex 47.161299 11.138249 19.333451
      vertex 45.028361 12.155438 20.835792
      vertex 47.112506 11.360997 20.835792
    endloop
  endfacet
  facet normal -0.353225 -0.926654 0.128625
    outer loop
      vertex 46.002774 10.502090 18.985695
      vertex 47.418891 9.962291 18.985695
      vertex 47.369985 10.185556 20.459863
    endloop
  endfacet
  facet normal -0.353225 -0.926654 0.128625
    outer loop
      vertex 46.002774 10.502090 18.985695
      vertex 47.369985 10.185556 20.459863
      vertex 45.847236 10.766002 20.459863
    endloop
  endfacet
  facet normal 0.356347 0.925892 -0.125465
    outer loop
      vertex 45.183539 11.892137 19.333451
      vertex 43.359577 12.594123 19.333451
      vertex 43.106285 12.895184 20.835792
    endloop
  endfacet
  facet normal 0.356347 0.925892 -0.125465
    outer loop
      vertex 45.183539 11.892137 19.333451
      vertex 43.106285 12.895184 20.835792
      vertex 45.028361 12.155438 20.835792
    endloop
  endfacet
  facet normal -0.356225 -0.925576 0.128115
    outer loop
      vertex 44.696780 11.004727 18.985695
      vertex 46.002774 10.502090 18.985695
      vertex 45.847236 10.766002 20.459863
    endloop
  endfacet
  facet normal -0.356225 -0.925576 0.128115
    outer loop
      vertex 44.696780 11.004727 18.985695
      vertex 45.847236 10.766002 20.459863
      vertex 44.442901 11.306487 20.459863
    endloop
  endfacet
  facet normal 0.366121 0.922387 -0.123115
    outer loop
      vertex 43.359577 12.594123 19.333451
      vertex 41.644158 13.275019 19.333451
      vertex 41.298593 13.612706 20.835792
    endloop
  endfacet
  facet normal 0.366121 0.922387 -0.123115
    outer loop
      vertex 43.359577 12.594123 19.333451
      vertex 41.298593 13.612706 20.835792
      vertex 43.106285 12.895184 20.835792
    endloop
  endfacet
  facet normal -0.366000 -0.922084 0.125717
    outer loop
      vertex 43.468505 11.492262 18.985695
      vertex 44.696780 11.004727 18.985695
      vertex 44.442901 11.306487 20.459863
    endloop
  endfacet
  facet normal -0.366000 -0.922084 0.125717
    outer loop
      vertex 43.468505 11.492262 18.985695
      vertex 44.442901 11.306487 20.459863
      vertex 43.122138 11.830733 20.459863
    endloop
  endfacet
  facet normal -0.964246 -0.196714 -0.177577
    outer loop
      vertex 41.644158 13.275019 19.333451
      vertex 41.959443 11.729568 19.333451
      vertex 41.630838 11.984124 20.835792
    endloop
  endfacet
  facet normal -0.964246 -0.196714 -0.177577
    outer loop
      vertex 41.644158 13.275019 19.333451
      vertex 41.630838 11.984124 20.835792
      vertex 41.298593 13.612706 20.835792
    endloop
  endfacet
  facet normal 0.963586 0.196580 0.181267
    outer loop
      vertex 43.694255 10.385688 18.985695
      vertex 43.468505 11.492262 18.985695
      vertex 43.122138 11.830733 20.459863
    endloop
  endfacet
  facet normal 0.963586 0.196580 0.181267
    outer loop
      vertex 43.694255 10.385688 18.985695
      vertex 43.122138 11.830733 20.459863
      vertex 43.364887 10.640834 20.459863
    endloop
  endfacet
  facet normal -0.965325 -0.190074 -0.178939
    outer loop
      vertex 41.959443 11.729568 19.333451
      vertex 42.279131 10.105977 19.333451
      vertex 41.967721 10.273199 20.835792
    endloop
  endfacet
  facet normal -0.965325 -0.190074 -0.178939
    outer loop
      vertex 41.959443 11.729568 19.333451
      vertex 41.967721 10.273199 20.835792
      vertex 41.630838 11.984124 20.835792
    endloop
  endfacet
  facet normal 0.964655 0.189942 0.182655
    outer loop
      vertex 43.923158 9.223163 18.985695
      vertex 43.694255 10.385688 18.985695
      vertex 43.364887 10.640834 20.459863
    endloop
  endfacet
  facet normal 0.964655 0.189942 0.182655
    outer loop
      vertex 43.923158 9.223163 18.985695
      vertex 43.364887 10.640834 20.459863
      vertex 43.611026 9.390773 20.459863
    endloop
  endfacet
  facet normal -0.965439 -0.189404 -0.179037
    outer loop
      vertex 42.279131 10.105977 19.333451
      vertex 42.617649 8.380464 19.333451
      vertex 42.324448 8.454869 20.835792
    endloop
  endfacet
  facet normal -0.965439 -0.189404 -0.179037
    outer loop
      vertex 42.279131 10.105977 19.333451
      vertex 42.324448 8.454869 20.835792
      vertex 41.967721 10.273199 20.835792
    endloop
  endfacet
  facet normal 0.964768 0.189272 0.182755
    outer loop
      vertex 44.165544 7.987661 18.985695
      vertex 43.923158 9.223163 18.985695
      vertex 43.611026 9.390773 20.459863
    endloop
  endfacet
  facet normal 0.964768 0.189272 0.182755
    outer loop
      vertex 44.165544 7.987661 18.985695
      vertex 43.611026 9.390773 20.459863
      vertex 43.871663 8.062238 20.459863
    endloop
  endfacet
  facet normal -0.962160 -0.206707 -0.177540
    outer loop
      vertex 42.617649 8.380464 19.333451
      vertex 43.012899 6.540689 19.333451
      vertex 42.740960 6.516130 20.835792
    endloop
  endfacet
  facet normal -0.962160 -0.206707 -0.177540
    outer loop
      vertex 42.617649 8.380464 19.333451
      vertex 42.740960 6.516130 20.835792
      vertex 42.324448 8.454869 20.835792
    endloop
  endfacet
  facet normal 0.961502 0.206566 0.181229
    outer loop
      vertex 44.448552 6.670344 18.985695
      vertex 44.165544 7.987661 18.985695
      vertex 43.871663 8.062238 20.459863
    endloop
  endfacet
  facet normal 0.961502 0.206566 0.181229
    outer loop
      vertex 44.448552 6.670344 18.985695
      vertex 43.871663 8.062238 20.459863
      vertex 44.175981 6.645728 20.459863
    endloop
  endfacet
  facet normal -0.951402 -0.252465 -0.176341
    outer loop
      vertex 43.012899 6.540689 19.333451
      vertex 43.517212 4.640213 19.333451
      vertex 43.272400 4.513425 20.835792
    endloop
  endfacet
  facet normal -0.951402 -0.252465 -0.176341
    outer loop
      vertex 43.012899 6.540689 19.333451
      vertex 43.272400 4.513425 20.835792
      vertex 42.740960 6.516130 20.835792
    endloop
  endfacet
  facet normal 0.950760 0.252295 0.180006
    outer loop
      vertex 44.809650 5.309564 18.985695
      vertex 44.448552 6.670344 18.985695
      vertex 44.175981 6.645728 20.459863
    endloop
  endfacet
  facet normal 0.950760 0.252295 0.180006
    outer loop
      vertex 44.809650 5.309564 18.985695
      vertex 44.175981 6.645728 20.459863
      vertex 44.564270 5.182482 20.459863
    endloop
  endfacet
  facet normal -0.935150 -0.306155 -0.178223
    outer loop
      vertex 43.517212 4.640213 19.333451
      vertex 44.118264 2.804299 19.333451
      vertex 43.905784 2.578756 20.835792
    endloop
  endfacet
  facet normal -0.935150 -0.306155 -0.178223
    outer loop
      vertex 43.517212 4.640213 19.333451
      vertex 43.905784 2.578756 20.835792
      vertex 43.272400 4.513425 20.835792
    endloop
  endfacet
  facet normal 0.934506 0.305944 0.181926
    outer loop
      vertex 45.240016 3.995012 18.985695
      vertex 44.809650 5.309564 18.985695
      vertex 44.564270 5.182482 20.459863
    endloop
  endfacet
  facet normal 0.934506 0.305944 0.181926
    outer loop
      vertex 45.240016 3.995012 18.985695
      vertex 44.564270 5.182482 20.459863
      vertex 45.027042 3.768945 20.459863
    endloop
  endfacet
  facet normal -0.924530 -0.335329 -0.181101
    outer loop
      vertex 44.118264 2.804299 19.333451
      vertex 44.709793 1.173407 19.333451
      vertex 44.529131 0.860136 20.835792
    endloop
  endfacet
  facet normal -0.924530 -0.335329 -0.181101
    outer loop
      vertex 44.118264 2.804299 19.333451
      vertex 44.529131 0.860136 20.835792
      vertex 43.905784 2.578756 20.835792
    endloop
  endfacet
  facet normal 0.923873 0.335091 0.184859
    outer loop
      vertex 45.663562 2.827260 18.985695
      vertex 45.240016 3.995012 18.985695
      vertex 45.027042 3.768945 20.459863
    endloop
  endfacet
  facet normal 0.923873 0.335091 0.184859
    outer loop
      vertex 45.663562 2.827260 18.985695
      vertex 45.027042 3.768945 20.459863
      vertex 45.482481 2.513262 20.459863
    endloop
  endfacet
  facet normal 0.000000 -0.978944 -0.204131
    outer loop
      vertex 44.709793 1.173407 19.333451
      vertex 48.770827 1.173407 19.333451
      vertex 48.808612 0.860136 20.835792
    endloop
  endfacet
  facet normal 0.000000 -0.978944 -0.204131
    outer loop
      vertex 44.709793 1.173407 19.333451
      vertex 48.808612 0.860136 20.835792
      vertex 44.529131 0.860136 20.835792
    endloop
  endfacet
  facet normal 0.000000 0.978059 0.208327
    outer loop
      vertex 48.571346 2.827260 18.985695
      vertex 45.663562 2.827260 18.985695
      vertex 45.482481 2.513262 20.459863
    endloop
  endfacet
  facet normal 0.000000 0.978059 0.208327
    outer loop
      vertex 48.571346 2.827260 18.985695
      vertex 45.482481 2.513262 20.459863
      vertex 48.609219 2.513262 20.459863
    endloop
  endfacet
  facet normal 0.454473 -0.873577 -0.174118
    outer loop
      vertex 48.808612 0.860136 20.835792
      vertex 49.891470 1.423486 20.835792
      vertex 49.974848 1.168574 22.332348
    endloop
  endfacet
  facet normal 0.454473 -0.873577 -0.174118
    outer loop
      vertex 48.808612 0.860136 20.835792
      vertex 49.974848 1.168574 22.332348
      vertex 48.842466 0.579460 22.332348
    endloop
  endfacet
  facet normal -0.454230 0.873110 0.177072
    outer loop
      vertex 49.400392 2.924865 20.459863
      vertex 48.609219 2.513262 20.459863
      vertex 48.643097 2.232387 21.931717
    endloop
  endfacet
  facet normal -0.454230 0.873110 0.177072
    outer loop
      vertex 49.400392 2.924865 20.459863
      vertex 48.643097 2.232387 21.931717
      vertex 49.483829 2.669772 21.931717
    endloop
  endfacet
  facet normal 0.496251 -0.850854 -0.172575
    outer loop
      vertex 49.891470 1.423486 20.835792
      vertex 51.515383 2.370614 20.835792
      vertex 51.673028 2.159018 22.332348
    endloop
  endfacet
  facet normal 0.496251 -0.850854 -0.172575
    outer loop
      vertex 49.891470 1.423486 20.835792
      vertex 51.673028 2.159018 22.332348
      vertex 49.974848 1.168574 22.332348
    endloop
  endfacet
  facet normal -0.495990 0.850407 0.175504
    outer loop
      vertex 50.586879 3.616870 20.459863
      vertex 49.400392 2.924865 20.459863
      vertex 49.483829 2.669772 21.931717
    endloop
  endfacet
  facet normal -0.495990 0.850407 0.175504
    outer loop
      vertex 50.586879 3.616870 20.459863
      vertex 49.483829 2.669772 21.931717
      vertex 50.744637 3.405124 21.931717
    endloop
  endfacet
  facet normal 0.534110 -0.827471 -0.173257
    outer loop
      vertex 51.515383 2.370614 20.835792
      vertex 53.050422 3.361441 20.835792
      vertex 53.278272 3.195160 22.332348
    endloop
  endfacet
  facet normal 0.534110 -0.827471 -0.173257
    outer loop
      vertex 51.515383 2.370614 20.835792
      vertex 53.278272 3.195160 22.332348
      vertex 51.673028 2.159018 22.332348
    endloop
  endfacet
  facet normal -0.533828 0.827032 0.176197
    outer loop
      vertex 51.708432 4.340802 20.459863
      vertex 50.586879 3.616870 20.459863
      vertex 50.744637 3.405124 21.931717
    endloop
  endfacet
  facet normal -0.533828 0.827032 0.176197
    outer loop
      vertex 51.708432 4.340802 20.459863
      vertex 50.744637 3.405124 21.931717
      vertex 51.936444 4.174403 21.931717
    endloop
  endfacet
  facet normal 0.553601 -0.814240 -0.174755
    outer loop
      vertex 53.050422 3.361441 20.835792
      vertex 54.480600 4.333819 20.835792
      vertex 54.773858 4.212009 22.332348
    endloop
  endfacet
  facet normal 0.553601 -0.814240 -0.174755
    outer loop
      vertex 53.050422 3.361441 20.835792
      vertex 54.773858 4.212009 22.332348
      vertex 53.278272 3.195160 22.332348
    endloop
  endfacet
  facet normal -0.553303 0.813801 0.177718
    outer loop
      vertex 52.753371 5.051256 20.459863
      vertex 51.708432 4.340802 20.459863
      vertex 51.936444 4.174403 21.931717
    endloop
  endfacet
  facet normal -0.553303 0.813801 0.177718
    outer loop
      vertex 52.753371 5.051256 20.459863
      vertex 51.936444 4.174403 21.931717
      vertex 53.046837 4.929359 21.931717
    endloop
  endfacet
  facet normal 0.558127 -0.811010 -0.175379
    outer loop
      vertex 54.480600 4.333819 20.835792
      vertex 55.827497 5.260737 20.835792
      vertex 56.182354 5.181319 22.332348
    endloop
  endfacet
  facet normal 0.558127 -0.811010 -0.175379
    outer loop
      vertex 54.480600 4.333819 20.835792
      vertex 56.182354 5.181319 22.332348
      vertex 54.773858 4.212009 22.332348
    endloop
  endfacet
  facet normal -0.557824 0.810569 0.178352
    outer loop
      vertex 53.737460 5.728494 20.459863
      vertex 52.753371 5.051256 20.459863
      vertex 53.046837 4.929359 21.931717
    endloop
  endfacet
  facet normal -0.557824 0.810569 0.178352
    outer loop
      vertex 53.737460 5.728494 20.459863
      vertex 53.046837 4.929359 21.931717
      vertex 54.092569 5.649019 21.931717
    endloop
  endfacet
  facet normal 0.555592 -0.812856 -0.174876
    outer loop
      vertex 55.827497 5.260737 20.835792
      vertex 57.114498 6.140410 20.835792
      vertex 57.528215 6.101223 22.332348
    endloop
  endfacet
  facet normal 0.555592 -0.812856 -0.174876
    outer loop
      vertex 55.827497 5.260737 20.835792
      vertex 57.528215 6.101223 22.332348
      vertex 56.182354 5.181319 22.332348
    endloop
  endfacet
  facet normal -0.555293 0.812418 0.177841
    outer loop
      vertex 54.677788 6.371214 20.459863
      vertex 53.737460 5.728494 20.459863
      vertex 54.092569 5.649019 21.931717
    endloop
  endfacet
  facet normal -0.555293 0.812418 0.177841
    outer loop
      vertex 54.677788 6.371214 20.459863
      vertex 54.092569 5.649019 21.931717
      vertex 55.091799 6.331999 21.931717
    endloop
  endfacet
  facet normal 0.487083 0.866148 -0.111972
    outer loop
      vertex 57.114498 6.140410 20.835792
      vertex 55.392690 7.108679 20.835792
      vertex 55.727661 7.113775 22.332348
    endloop
  endfacet
  facet normal 0.487083 0.866148 -0.111972
    outer loop
      vertex 57.114498 6.140410 20.835792
      vertex 55.727661 7.113775 22.332348
      vertex 57.528215 6.101223 22.332348
    endloop
  endfacet
  facet normal -0.486975 -0.865956 0.113907
    outer loop
      vertex 53.419775 7.078665 20.459863
      vertex 54.677788 6.371214 20.459863
      vertex 55.091799 6.331999 21.931717
    endloop
  endfacet
  facet normal -0.486975 -0.865956 0.113907
    outer loop
      vertex 53.419775 7.078665 20.459863
      vertex 55.091799 6.331999 21.931717
      vertex 53.754984 7.083764 21.931717
    endloop
  endfacet
  facet normal 0.495384 0.861186 -0.113813
    outer loop
      vertex 55.392690 7.108679 20.835792
      vertex 53.568226 8.158173 20.835792
      vertex 53.819757 8.211266 22.332348
    endloop
  endfacet
  facet normal 0.495384 0.861186 -0.113813
    outer loop
      vertex 55.392690 7.108679 20.835792
      vertex 53.819757 8.211266 22.332348
      vertex 55.727661 7.113775 22.332348
    endloop
  endfacet
  facet normal -0.495270 -0.860989 0.115779
    outer loop
      vertex 52.086758 7.845461 20.459863
      vertex 53.419775 7.078665 20.459863
      vertex 53.754984 7.083764 21.931717
    endloop
  endfacet
  facet normal -0.495270 -0.860989 0.115779
    outer loop
      vertex 52.086758 7.845461 20.459863
      vertex 53.754984 7.083764 21.931717
      vertex 52.338468 7.898593 21.931717
    endloop
  endfacet
  facet normal 0.492449 0.862925 -0.113382
    outer loop
      vertex 53.568226 8.158173 20.835792
      vertex 51.574984 9.295664 20.835792
      vertex 51.735356 9.400779 22.332348
    endloop
  endfacet
  facet normal 0.492449 0.862925 -0.113382
    outer loop
      vertex 53.568226 8.158173 20.835792
      vertex 51.735356 9.400779 22.332348
      vertex 53.819757 8.211266 22.332348
    endloop
  endfacet
  facet normal -0.492337 -0.862729 0.115340
    outer loop
      vertex 50.630426 8.676552 20.459863
      vertex 52.086758 7.845461 20.459863
      vertex 52.338468 7.898593 21.931717
    endloop
  endfacet
  facet normal -0.492337 -0.862729 0.115340
    outer loop
      vertex 50.630426 8.676552 20.459863
      vertex 52.338468 7.898593 21.931717
      vertex 50.790912 8.781742 21.931717
    endloop
  endfacet
  facet normal 0.450790 0.885762 -0.110521
    outer loop
      vertex 51.574984 9.295664 20.835792
      vertex 49.362903 10.421455 20.835792
      vertex 49.422107 10.578058 22.332348
    endloop
  endfacet
  facet normal 0.450790 0.885762 -0.110521
    outer loop
      vertex 51.574984 9.295664 20.835792
      vertex 49.422107 10.578058 22.332348
      vertex 51.735356 9.400779 22.332348
    endloop
  endfacet
  facet normal -0.450692 -0.885571 0.112432
    outer loop
      vertex 49.014203 9.499094 20.459863
      vertex 50.630426 8.676552 20.459863
      vertex 50.790912 8.781742 21.931717
    endloop
  endfacet
  facet normal -0.450692 -0.885571 0.112432
    outer loop
      vertex 49.014203 9.499094 20.459863
      vertex 50.790912 8.781742 21.931717
      vertex 49.073449 9.655809 21.931717
    endloop
  endfacet
  facet normal 0.382885 0.917089 -0.111113
    outer loop
      vertex 49.362903 10.421455 20.835792
      vertex 47.112506 11.360997 20.835792
      vertex 47.068790 11.560569 22.332348
    endloop
  endfacet
  facet normal 0.382885 0.917089 -0.111113
    outer loop
      vertex 49.362903 10.421455 20.835792
      vertex 47.068790 11.560569 22.332348
      vertex 49.422107 10.578058 22.332348
    endloop
  endfacet
  facet normal -0.382802 -0.916889 0.113034
    outer loop
      vertex 47.369985 10.185556 20.459863
      vertex 49.014203 9.499094 20.459863
      vertex 49.073449 9.655809 21.931717
    endloop
  endfacet
  facet normal -0.382802 -0.916889 0.113034
    outer loop
      vertex 47.369985 10.185556 20.459863
      vertex 49.073449 9.655809 21.931717
      vertex 47.326238 10.385270 21.931717
    endloop
  endfacet
  facet normal 0.353883 0.928381 -0.113466
    outer loop
      vertex 47.112506 11.360997 20.835792
      vertex 45.028361 12.155438 20.835792
      vertex 44.889328 12.391343 22.332348
    endloop
  endfacet
  facet normal 0.353883 0.928381 -0.113466
    outer loop
      vertex 47.112506 11.360997 20.835792
      vertex 44.889328 12.391343 22.332348
      vertex 47.068790 11.560569 22.332348
    endloop
  endfacet
  facet normal -0.353803 -0.928170 0.115426
    outer loop
      vertex 45.847236 10.766002 20.459863
      vertex 47.369985 10.185556 20.459863
      vertex 47.326238 10.385270 21.931717
    endloop
  endfacet
  facet normal -0.353803 -0.928170 0.115426
    outer loop
      vertex 45.847236 10.766002 20.459863
      vertex 47.326238 10.385270 21.931717
      vertex 45.708104 11.002075 21.931717
    endloop
  endfacet
  facet normal 0.356884 0.927287 -0.113015
    outer loop
      vertex 45.028361 12.155438 20.835792
      vertex 43.106285 12.895184 20.835792
      vertex 42.879348 13.164921 22.332348
    endloop
  endfacet
  facet normal 0.356884 0.927287 -0.113015
    outer loop
      vertex 45.028361 12.155438 20.835792
      vertex 42.879348 13.164921 22.332348
      vertex 44.889328 12.391343 22.332348
    endloop
  endfacet
  facet normal -0.356803 -0.927078 0.114968
    outer loop
      vertex 44.442901 11.306487 20.459863
      vertex 45.847236 10.766002 20.459863
      vertex 45.708104 11.002075 21.931717
    endloop
  endfacet
  facet normal -0.356803 -0.927078 0.114968
    outer loop
      vertex 44.442901 11.306487 20.459863
      vertex 45.708104 11.002075 21.931717
      vertex 44.215802 11.576415 21.931717
    endloop
  endfacet
  facet normal 0.366652 0.923726 -0.110892
    outer loop
      vertex 43.106285 12.895184 20.835792
      vertex 41.298593 13.612706 20.835792
      vertex 40.988983 13.915258 22.332348
    endloop
  endfacet
  facet normal 0.366652 0.923726 -0.110892
    outer loop
      vertex 43.106285 12.895184 20.835792
      vertex 40.988983 13.915258 22.332348
      vertex 42.879348 13.164921 22.332348
    endloop
  endfacet
  facet normal -0.366572 -0.923525 0.112809
    outer loop
      vertex 43.122138 11.830733 20.459863
      vertex 44.442901 11.306487 20.459863
      vertex 44.215802 11.576415 21.931717
    endloop
  endfacet
  facet normal -0.366572 -0.923525 0.112809
    outer loop
      vertex 43.122138 11.830733 20.459863
      vertex 44.215802 11.576415 21.931717
      vertex 42.812307 12.133501 21.931717
    endloop
  endfacet
  facet normal -0.967163 -0.197309 -0.160200
    outer loop
      vertex 41.298593 13.612706 20.835792
      vertex 41.630838 11.984124 20.835792
      vertex 41.336422 12.212194 22.332348
    endloop
  endfacet
  facet normal -0.967163 -0.197309 -0.160200
    outer loop
      vertex 41.298593 13.612706 20.835792
      vertex 41.336422 12.212194 22.332348
      vertex 40.988983 13.915258 22.332348
    endloop
  endfacet
  facet normal 0.966725 0.197220 0.162930
    outer loop
      vertex 43.364887 10.640834 20.459863
      vertex 43.122138 11.830733 20.459863
      vertex 42.812307 12.133501 21.931717
    endloop
  endfacet
  facet normal 0.966725 0.197220 0.162930
    outer loop
      vertex 43.364887 10.640834 20.459863
      vertex 42.812307 12.133501 21.931717
      vertex 43.070262 10.869067 21.931717
    endloop
  endfacet
  facet normal -0.968291 -0.190658 -0.161435
    outer loop
      vertex 41.630838 11.984124 20.835792
      vertex 41.967721 10.273199 20.835792
      vertex 41.688713 10.423021 22.332348
    endloop
  endfacet
  facet normal -0.968291 -0.190658 -0.161435
    outer loop
      vertex 41.630838 11.984124 20.835792
      vertex 41.688713 10.423021 22.332348
      vertex 41.336422 12.212194 22.332348
    endloop
  endfacet
  facet normal 0.967846 0.190570 0.164186
    outer loop
      vertex 43.611026 9.390773 20.459863
      vertex 43.364887 10.640834 20.459863
      vertex 43.070262 10.869067 21.931717
    endloop
  endfacet
  facet normal 0.967846 0.190570 0.164186
    outer loop
      vertex 43.611026 9.390773 20.459863
      vertex 43.070262 10.869067 21.931717
      vertex 43.331819 9.540702 21.931717
    endloop
  endfacet
  facet normal -0.968409 -0.189986 -0.161524
    outer loop
      vertex 41.967721 10.273199 20.835792
      vertex 42.324448 8.454869 20.835792
      vertex 42.061754 8.521532 22.332348
    endloop
  endfacet
  facet normal -0.968409 -0.189986 -0.161524
    outer loop
      vertex 41.967721 10.273199 20.835792
      vertex 42.061754 8.521532 22.332348
      vertex 41.688713 10.423021 22.332348
    endloop
  endfacet
  facet normal 0.967963 0.189899 0.164276
    outer loop
      vertex 43.871663 8.062238 20.459863
      vertex 43.611026 9.390773 20.459863
      vertex 43.331819 9.540702 21.931717
    endloop
  endfacet
  facet normal 0.967963 0.189899 0.164276
    outer loop
      vertex 43.871663 8.062238 20.459863
      vertex 43.331819 9.540702 21.931717
      vertex 43.608783 8.128948 21.931717
    endloop
  endfacet
  facet normal -0.965070 -0.207332 -0.160166
    outer loop
      vertex 42.324448 8.454869 20.835792
      vertex 42.740960 6.516130 20.835792
      vertex 42.497315 6.494126 22.332348
    endloop
  endfacet
  facet normal -0.965070 -0.207332 -0.160166
    outer loop
      vertex 42.324448 8.454869 20.835792
      vertex 42.497315 6.494126 22.332348
      vertex 42.061754 8.521532 22.332348
    endloop
  endfacet
  facet normal 0.964633 0.207238 0.162896
    outer loop
      vertex 44.175981 6.645728 20.459863
      vertex 43.871663 8.062238 20.459863
      vertex 43.608783 8.128948 21.931717
    endloop
  endfacet
  facet normal 0.964633 0.207238 0.162896
    outer loop
      vertex 44.175981 6.645728 20.459863
      vertex 43.608783 8.128948 21.931717
      vertex 43.932163 6.623708 21.931717
    endloop
  endfacet
  facet normal -0.954240 -0.253218 -0.159077
    outer loop
      vertex 42.740960 6.516130 20.835792
      vertex 43.272400 4.513425 20.835792
      vertex 43.053060 4.399829 22.332348
    endloop
  endfacet
  facet normal -0.954240 -0.253218 -0.159077
    outer loop
      vertex 42.740960 6.516130 20.835792
      vertex 43.053060 4.399829 22.332348
      vertex 42.497315 6.494126 22.332348
    endloop
  endfacet
  facet normal 0.953814 0.253105 0.161790
    outer loop
      vertex 44.564270 5.182482 20.459863
      vertex 44.175981 6.645728 20.459863
      vertex 43.932163 6.623708 21.931717
    endloop
  endfacet
  facet normal 0.953814 0.253105 0.161790
    outer loop
      vertex 44.564270 5.182482 20.459863
      vertex 43.932163 6.623708 21.931717
      vertex 44.344774 5.068806 21.931717
    endloop
  endfacet
  facet normal -0.938000 -0.307088 -0.160786
    outer loop
      vertex 43.272400 4.513425 20.835792
      vertex 43.905784 2.578756 20.835792
      vertex 43.715411 2.376679 22.332348
    endloop
  endfacet
  facet normal -0.938000 -0.307088 -0.160786
    outer loop
      vertex 43.272400 4.513425 20.835792
      vertex 43.715411 2.376679 22.332348
      vertex 43.053060 4.399829 22.332348
    endloop
  endfacet
  facet normal 0.937572 0.306948 0.163526
    outer loop
      vertex 45.027042 3.768945 20.459863
      vertex 44.564270 5.182482 20.459863
      vertex 44.344774 5.068806 21.931717
    endloop
  endfacet
  facet normal 0.937572 0.306948 0.163526
    outer loop
      vertex 45.027042 3.768945 20.459863
      vertex 44.344774 5.068806 21.931717
      vertex 44.836534 3.566725 21.931717
    endloop
  endfacet
  facet normal -0.927441 -0.336385 -0.163398
    outer loop
      vertex 43.905784 2.578756 20.835792
      vertex 44.529131 0.860136 20.835792
      vertex 44.367267 0.579460 22.332348
    endloop
  endfacet
  facet normal -0.927441 -0.336385 -0.163398
    outer loop
      vertex 43.905784 2.578756 20.835792
      vertex 44.367267 0.579460 22.332348
      vertex 43.715411 2.376679 22.332348
    endloop
  endfacet
  facet normal 0.927004 0.336226 0.166181
    outer loop
      vertex 45.482481 2.513262 20.459863
      vertex 45.027042 3.768945 20.459863
      vertex 44.836534 3.566725 21.931717
    endloop
  endfacet
  facet normal 0.927004 0.336226 0.166181
    outer loop
      vertex 45.482481 2.513262 20.459863
      vertex 44.836534 3.566725 21.931717
      vertex 45.320502 2.232387 21.931717
    endloop
  endfacet
  facet normal 0.000000 -0.982864 -0.184334
    outer loop
      vertex 44.529131 0.860136 20.835792
      vertex 48.808612 0.860136 20.835792
      vertex 48.842466 0.579460 22.332348
    endloop
  endfacet
  facet normal 0.000000 -0.982864 -0.184334
    outer loop
      vertex 44.529131 0.860136 20.835792
      vertex 48.842466 0.579460 22.332348
      vertex 44.367267 0.579460 22.332348
    endloop
  endfacet
  facet normal 0.000000 0.982274 0.187449
    outer loop
      vertex 48.609219 2.513262 20.459863
      vertex 45.482481 2.513262 20.459863
      vertex 45.320502 2.232387 21.931717
    endloop
  endfacet
  facet normal 0.000000 0.982274 0.187449
    outer loop
      vertex 48.609219 2.513262 20.459863
      vertex 45.320502 2.232387 21.931717
      vertex 48.643097 2.232387 21.931717
    endloop
  endfacet
  facet normal 0.456407 -0.877295 -0.148480
    outer loop
      vertex 48.842466 0.579460 22.332348
      vertex 49.974848 1.168574 22.332348
      vertex 50.045315 0.953133 23.821891
    endloop
  endfacet
  facet normal 0.456407 -0.877295 -0.148480
    outer loop
      vertex 48.842466 0.579460 22.332348
      vertex 50.045315 0.953133 23.821891
      vertex 48.871078 0.342244 23.821891
    endloop
  endfacet
  facet normal -0.456315 0.877119 0.149796
    outer loop
      vertex 49.483829 2.669772 21.931717
      vertex 48.643097 2.232387 21.931717
      vertex 48.671571 1.996312 23.400766
    endloop
  endfacet
  facet normal -0.456315 0.877119 0.149796
    outer loop
      vertex 49.483829 2.669772 21.931717
      vertex 48.671571 1.996312 23.400766
      vertex 49.553957 2.455368 23.400766
    endloop
  endfacet
  facet normal 0.498325 -0.854411 -0.147153
    outer loop
      vertex 49.974848 1.168574 22.332348
      vertex 51.673028 2.159018 22.332348
      vertex 51.806265 1.980186 23.821891
    endloop
  endfacet
  facet normal 0.498325 -0.854411 -0.147153
    outer loop
      vertex 49.974848 1.168574 22.332348
      vertex 51.806265 1.980186 23.821891
      vertex 50.045315 0.953133 23.821891
    endloop
  endfacet
  facet normal -0.498227 0.854242 0.148458
    outer loop
      vertex 50.744637 3.405124 21.931717
      vertex 49.483829 2.669772 21.931717
      vertex 49.553957 2.455368 23.400766
    endloop
  endfacet
  facet normal -0.498227 0.854242 0.148458
    outer loop
      vertex 50.744637 3.405124 21.931717
      vertex 49.553957 2.455368 23.400766
      vertex 50.877232 3.227152 23.400766
    endloop
  endfacet
  facet normal 0.536361 -0.830957 -0.147740
    outer loop
      vertex 51.673028 2.159018 22.332348
      vertex 53.278272 3.195160 22.332348
      vertex 53.470841 3.054626 23.821891
    endloop
  endfacet
  facet normal 0.536361 -0.830957 -0.147740
    outer loop
      vertex 51.673028 2.159018 22.332348
      vertex 53.470841 3.054626 23.821891
      vertex 51.806265 1.980186 23.821891
    endloop
  endfacet
  facet normal -0.536254 0.830792 0.149050
    outer loop
      vertex 51.936444 4.174403 21.931717
      vertex 50.744637 3.405124 21.931717
      vertex 50.877232 3.227152 23.400766
    endloop
  endfacet
  facet normal -0.536254 0.830792 0.149050
    outer loop
      vertex 51.936444 4.174403 21.931717
      vertex 50.877232 3.227152 23.400766
      vertex 52.128086 4.034546 23.400766
    endloop
  endfacet
  facet normal 0.555975 -0.817730 -0.149028
    outer loop
      vertex 53.278272 3.195160 22.332348
      vertex 54.773858 4.212009 22.332348
      vertex 55.021708 4.109060 23.821891
    endloop
  endfacet
  facet normal 0.555975 -0.817730 -0.149028
    outer loop
      vertex 53.278272 3.195160 22.332348
      vertex 55.021708 4.109060 23.821891
      vertex 53.470841 3.054626 23.821891
    endloop
  endfacet
  facet normal -0.555862 0.817565 0.150348
    outer loop
      vertex 53.046837 4.929359 21.931717
      vertex 51.936444 4.174403 21.931717
      vertex 52.128086 4.034546 23.400766
    endloop
  endfacet
  facet normal -0.555862 0.817565 0.150348
    outer loop
      vertex 53.046837 4.929359 21.931717
      vertex 52.128086 4.034546 23.400766
      vertex 53.293493 4.826906 23.400766
    endloop
  endfacet
  facet normal 0.560537 -0.814511 -0.149564
    outer loop
      vertex 54.773858 4.212009 22.332348
      vertex 56.182354 5.181319 22.332348
      vertex 56.482265 5.114197 23.821891
    endloop
  endfacet
  facet normal 0.560537 -0.814511 -0.149564
    outer loop
      vertex 54.773858 4.212009 22.332348
      vertex 56.482265 5.114197 23.821891
      vertex 55.021708 4.109060 23.821891
    endloop
  endfacet
  facet normal -0.560423 0.814346 0.150890
    outer loop
      vertex 54.092569 5.649019 21.931717
      vertex 53.046837 4.929359 21.931717
      vertex 53.293493 4.826906 23.400766
    endloop
  endfacet
  facet normal -0.560423 0.814346 0.150890
    outer loop
      vertex 54.092569 5.649019 21.931717
      vertex 53.293493 4.826906 23.400766
      vertex 54.391036 5.582221 23.400766
    endloop
  endfacet
  facet normal 0.557978 -0.816346 -0.149132
    outer loop
      vertex 56.182354 5.181319 22.332348
      vertex 57.528215 6.101223 22.332348
      vertex 57.877872 6.068104 23.821891
    endloop
  endfacet
  facet normal 0.557978 -0.816346 -0.149132
    outer loop
      vertex 56.182354 5.181319 22.332348
      vertex 57.877872 6.068104 23.821891
      vertex 56.482265 5.114197 23.821891
    endloop
  endfacet
  facet normal -0.557865 0.816181 0.150453
    outer loop
      vertex 55.091799 6.331999 21.931717
      vertex 54.092569 5.649019 21.931717
      vertex 54.391036 5.582221 23.400766
    endloop
  endfacet
  facet normal -0.557865 0.816181 0.150453
    outer loop
      vertex 55.091799 6.331999 21.931717
      vertex 54.391036 5.582221 23.400766
      vertex 55.439772 6.299039 23.400766
    endloop
  endfacet
  facet normal 0.487937 0.867667 -0.095247
    outer loop
      vertex 57.528215 6.101223 22.332348
      vertex 55.727661 7.113775 22.332348
      vertex 56.010766 7.118082 23.821891
    endloop
  endfacet
  facet normal 0.487937 0.867667 -0.095247
    outer loop
      vertex 57.528215 6.101223 22.332348
      vertex 56.010766 7.118082 23.821891
      vertex 57.877872 6.068104 23.821891
    endloop
  endfacet
  facet normal -0.487897 -0.867595 0.096103
    outer loop
      vertex 53.754984 7.083764 21.931717
      vertex 55.091799 6.331999 21.931717
      vertex 55.439772 6.299039 23.400766
    endloop
  endfacet
  facet normal -0.487897 -0.867595 0.096103
    outer loop
      vertex 53.754984 7.083764 21.931717
      vertex 55.439772 6.299039 23.400766
      vertex 54.036725 7.088050 23.400766
    endloop
  endfacet
  facet normal 0.496281 0.862746 -0.096818
    outer loop
      vertex 55.727661 7.113775 22.332348
      vertex 53.819757 8.211266 22.332348
      vertex 54.032341 8.256139 23.821891
    endloop
  endfacet
  facet normal 0.496281 0.862746 -0.096818
    outer loop
      vertex 55.727661 7.113775 22.332348
      vertex 54.032341 8.256139 23.821891
      vertex 56.010766 7.118082 23.821891
    endloop
  endfacet
  facet normal -0.496239 -0.862673 0.097688
    outer loop
      vertex 52.338468 7.898593 21.931717
      vertex 53.754984 7.083764 21.931717
      vertex 54.036725 7.088050 23.400766
    endloop
  endfacet
  facet normal -0.496239 -0.862673 0.097688
    outer loop
      vertex 52.338468 7.898593 21.931717
      vertex 54.036725 7.088050 23.400766
      vertex 52.550028 7.943249 23.400766
    endloop
  endfacet
  facet normal 0.493334 0.864476 -0.096450
    outer loop
      vertex 53.819757 8.211266 22.332348
      vertex 51.735356 9.400779 22.332348
      vertex 51.870896 9.489619 23.821891
    endloop
  endfacet
  facet normal 0.493334 0.864476 -0.096450
    outer loop
      vertex 53.819757 8.211266 22.332348
      vertex 51.870896 9.489619 23.821891
      vertex 54.032341 8.256139 23.821891
    endloop
  endfacet
  facet normal -0.493292 -0.864403 0.097316
    outer loop
      vertex 50.790912 8.781742 21.931717
      vertex 52.338468 7.898593 21.931717
      vertex 52.550028 7.943249 23.400766
    endloop
  endfacet
  facet normal -0.493292 -0.864403 0.097316
    outer loop
      vertex 50.790912 8.781742 21.931717
      vertex 52.550028 7.943249 23.400766
      vertex 50.925799 8.870154 23.400766
    endloop
  endfacet
  facet normal 0.451560 0.887275 -0.094009
    outer loop
      vertex 51.735356 9.400779 22.332348
      vertex 49.422107 10.578058 22.332348
      vertex 49.472144 10.710413 23.821891
    endloop
  endfacet
  facet normal 0.451560 0.887275 -0.094009
    outer loop
      vertex 51.735356 9.400779 22.332348
      vertex 49.472144 10.710413 23.821891
      vertex 51.870896 9.489619 23.821891
    endloop
  endfacet
  facet normal -0.451523 -0.887203 0.094853
    outer loop
      vertex 49.073449 9.655809 21.931717
      vertex 50.790912 8.781742 21.931717
      vertex 50.925799 8.870154 23.400766
    endloop
  endfacet
  facet normal -0.451523 -0.887203 0.094853
    outer loop
      vertex 49.073449 9.655809 21.931717
      vertex 50.925799 8.870154 23.400766
      vertex 49.123245 9.787526 23.400766
    endloop
  endfacet
  facet normal 0.383546 0.918673 -0.094514
    outer loop
      vertex 49.422107 10.578058 22.332348
      vertex 47.068790 11.560569 22.332348
      vertex 47.031843 11.729240 23.821891
    endloop
  endfacet
  facet normal 0.383546 0.918673 -0.094514
    outer loop
      vertex 49.422107 10.578058 22.332348
      vertex 47.031843 11.729240 23.821891
      vertex 49.472144 10.710413 23.821891
    endloop
  endfacet
  facet normal -0.383515 -0.918598 0.095363
    outer loop
      vertex 47.326238 10.385270 21.931717
      vertex 49.073449 9.655809 21.931717
      vertex 49.123245 9.787526 23.400766
    endloop
  endfacet
  facet normal -0.383515 -0.918598 0.095363
    outer loop
      vertex 47.326238 10.385270 21.931717
      vertex 49.123245 9.787526 23.400766
      vertex 47.289469 10.553129 23.400766
    endloop
  endfacet
  facet normal 0.354520 0.930053 -0.096522
    outer loop
      vertex 47.068790 11.560569 22.332348
      vertex 44.889328 12.391343 22.332348
      vertex 44.771823 12.590721 23.821891
    endloop
  endfacet
  facet normal 0.354520 0.930053 -0.096522
    outer loop
      vertex 47.068790 11.560569 22.332348
      vertex 44.771823 12.590721 23.821891
      vertex 47.031843 11.729240 23.821891
    endloop
  endfacet
  facet normal -0.354490 -0.929974 0.097389
    outer loop
      vertex 45.708104 11.002075 21.931717
      vertex 47.326238 10.385270 21.931717
      vertex 47.289469 10.553129 23.400766
    endloop
  endfacet
  facet normal -0.354490 -0.929974 0.097389
    outer loop
      vertex 45.708104 11.002075 21.931717
      vertex 47.289469 10.553129 23.400766
      vertex 45.591165 11.200493 23.400766
    endloop
  endfacet
  facet normal 0.357521 0.928944 -0.096137
    outer loop
      vertex 44.889328 12.391343 22.332348
      vertex 42.879348 13.164921 22.332348
      vertex 42.687550 13.392892 23.821891
    endloop
  endfacet
  facet normal 0.357521 0.928944 -0.096137
    outer loop
      vertex 44.889328 12.391343 22.332348
      vertex 42.687550 13.392892 23.821891
      vertex 44.771823 12.590721 23.821891
    endloop
  endfacet
  facet normal -0.357491 -0.928865 0.097001
    outer loop
      vertex 44.215802 11.576415 21.931717
      vertex 45.708104 11.002075 21.931717
      vertex 45.591165 11.200493 23.400766
    endloop
  endfacet
  facet normal -0.357491 -0.928865 0.097001
    outer loop
      vertex 44.215802 11.576415 21.931717
      vertex 45.591165 11.200493 23.400766
      vertex 44.024927 11.803289 23.400766
    endloop
  endfacet
  facet normal 0.367282 0.925314 -0.094325
    outer loop
      vertex 42.879348 13.164921 22.332348
      vertex 40.988983 13.915258 22.332348
      vertex 40.727312 14.170964 23.821891
    endloop
  endfacet
  facet normal 0.367282 0.925314 -0.094325
    outer loop
      vertex 42.879348 13.164921 22.332348
      vertex 40.727312 14.170964 23.821891
      vertex 42.687550 13.392892 23.821891
    endloop
  endfacet
  facet normal -0.367253 -0.925239 0.095172
    outer loop
      vertex 42.812307 12.133501 21.931717
      vertex 44.215802 11.576415 21.931717
      vertex 44.024927 11.803289 23.400766
    endloop
  endfacet
  facet normal -0.367253 -0.925239 0.095172
    outer loop
      vertex 42.812307 12.133501 21.931717
      vertex 44.024927 11.803289 23.400766
      vertex 42.551897 12.387975 23.400766
    endloop
  endfacet
  facet normal -0.970644 -0.198020 -0.136521
    outer loop
      vertex 40.988983 13.915258 22.332348
      vertex 41.336422 12.212194 22.332348
      vertex 41.087593 12.404950 23.821891
    endloop
  endfacet
  facet normal -0.970644 -0.198020 -0.136521
    outer loop
      vertex 40.988983 13.915258 22.332348
      vertex 41.087593 12.404950 23.821891
      vertex 40.727312 14.170964 23.821891
    endloop
  endfacet
  facet normal 0.970479 0.197986 0.137736
    outer loop
      vertex 43.070262 10.869067 21.931717
      vertex 42.812307 12.133501 21.931717
      vertex 42.551897 12.387975 23.400766
    endloop
  endfacet
  facet normal 0.970479 0.197986 0.137736
    outer loop
      vertex 43.070262 10.869067 21.931717
      vertex 42.551897 12.387975 23.400766
      vertex 42.822632 11.060895 23.400766
    endloop
  endfacet
  facet normal -0.971830 -0.191355 -0.137582
    outer loop
      vertex 41.336422 12.212194 22.332348
      vertex 41.688713 10.423021 22.332348
      vertex 41.452906 10.549646 23.821891
    endloop
  endfacet
  facet normal -0.971830 -0.191355 -0.137582
    outer loop
      vertex 41.336422 12.212194 22.332348
      vertex 41.452906 10.549646 23.821891
      vertex 41.087593 12.404950 23.821891
    endloop
  endfacet
  facet normal 0.971663 0.191322 0.138806
    outer loop
      vertex 43.331819 9.540702 21.931717
      vertex 43.070262 10.869067 21.931717
      vertex 42.822632 11.060895 23.400766
    endloop
  endfacet
  facet normal 0.971663 0.191322 0.138806
    outer loop
      vertex 43.331819 9.540702 21.931717
      vertex 42.822632 11.060895 23.400766
      vertex 43.097148 9.666717 23.400766
    endloop
  endfacet
  facet normal -0.971952 -0.190681 -0.137659
    outer loop
      vertex 41.688713 10.423021 22.332348
      vertex 42.061754 8.521532 22.332348
      vertex 41.839736 8.577872 23.821891
    endloop
  endfacet
  facet normal -0.971952 -0.190681 -0.137659
    outer loop
      vertex 41.688713 10.423021 22.332348
      vertex 41.839736 8.577872 23.821891
      vertex 41.452906 10.549646 23.821891
    endloop
  endfacet
  facet normal 0.971784 0.190648 0.138883
    outer loop
      vertex 43.608783 8.128948 21.931717
      vertex 43.331819 9.540702 21.931717
      vertex 43.097148 9.666717 23.400766
    endloop
  endfacet
  facet normal 0.971784 0.190648 0.138883
    outer loop
      vertex 43.608783 8.128948 21.931717
      vertex 43.097148 9.666717 23.400766
      vertex 43.387833 8.185018 23.400766
    endloop
  endfacet
  facet normal -0.968542 -0.208078 -0.136492
    outer loop
      vertex 42.061754 8.521532 22.332348
      vertex 42.497315 6.494126 22.332348
      vertex 42.291396 6.475529 23.821891
    endloop
  endfacet
  facet normal -0.968542 -0.208078 -0.136492
    outer loop
      vertex 42.061754 8.521532 22.332348
      vertex 42.291396 6.475529 23.821891
      vertex 41.839736 8.577872 23.821891
    endloop
  endfacet
  facet normal 0.968378 0.208043 0.137707
    outer loop
      vertex 43.932163 6.623708 21.931717
      vertex 43.608783 8.128948 21.931717
      vertex 43.387833 8.185018 23.400766
    endloop
  endfacet
  facet normal 0.968378 0.208043 0.137707
    outer loop
      vertex 43.932163 6.623708 21.931717
      vertex 43.387833 8.185018 23.400766
      vertex 43.727235 6.605201 23.400766
    endloop
  endfacet
  facet normal -0.957627 -0.254117 -0.135558
    outer loop
      vertex 42.497315 6.494126 22.332348
      vertex 43.053060 4.399829 22.332348
      vertex 42.867683 4.303823 23.821891
    endloop
  endfacet
  facet normal -0.957627 -0.254117 -0.135558
    outer loop
      vertex 42.497315 6.494126 22.332348
      vertex 42.867683 4.303823 23.821891
      vertex 42.291396 6.475529 23.821891
    endloop
  endfacet
  facet normal 0.957466 0.254074 0.136764
    outer loop
      vertex 44.344774 5.068806 21.931717
      vertex 43.932163 6.623708 21.931717
      vertex 43.727235 6.605201 23.400766
    endloop
  endfacet
  facet normal 0.957466 0.254074 0.136764
    outer loop
      vertex 44.344774 5.068806 21.931717
      vertex 43.727235 6.605201 23.400766
      vertex 44.160289 4.973261 23.400766
    endloop
  endfacet
  facet normal -0.941401 -0.308201 -0.137025
    outer loop
      vertex 43.053060 4.399829 22.332348
      vertex 43.715411 2.376679 22.332348
      vertex 43.554515 2.205892 23.821891
    endloop
  endfacet
  facet normal -0.941401 -0.308201 -0.137025
    outer loop
      vertex 43.053060 4.399829 22.332348
      vertex 43.554515 2.205892 23.821891
      vertex 42.867683 4.303823 23.821891
    endloop
  endfacet
  facet normal 0.941240 0.308149 0.138244
    outer loop
      vertex 44.836534 3.566725 21.931717
      vertex 44.344774 5.068806 21.931717
      vertex 44.160289 4.973261 23.400766
    endloop
  endfacet
  facet normal 0.941240 0.308149 0.138244
    outer loop
      vertex 44.836534 3.566725 21.931717
      vertex 44.160289 4.973261 23.400766
      vertex 44.676413 3.396761 23.400766
    endloop
  endfacet
  facet normal -0.930914 -0.337645 -0.139268
    outer loop
      vertex 43.715411 2.376679 22.332348
      vertex 44.367267 0.579460 22.332348
      vertex 44.230465 0.342244 23.821891
    endloop
  endfacet
  facet normal -0.930914 -0.337645 -0.139268
    outer loop
      vertex 43.715411 2.376679 22.332348
      vertex 44.230465 0.342244 23.821891
      vertex 43.554515 2.205892 23.821891
    endloop
  endfacet
  facet normal 0.930749 0.337585 0.140506
    outer loop
      vertex 45.320502 2.232387 21.931717
      vertex 44.836534 3.566725 21.931717
      vertex 44.676413 3.396761 23.400766
    endloop
  endfacet
  facet normal 0.930749 0.337585 0.140506
    outer loop
      vertex 45.320502 2.232387 21.931717
      vertex 44.676413 3.396761 23.400766
      vertex 45.184359 1.996312 23.400766
    endloop
  endfacet
  facet normal 0.000000 -0.987555 -0.157273
    outer loop
      vertex 44.367267 0.579460 22.332348
      vertex 48.842466 0.579460 22.332348
      vertex 48.871078 0.342244 23.821891
    endloop
  endfacet
  facet normal 0.000000 -0.987555 -0.157273
    outer loop
      vertex 44.367267 0.579460 22.332348
      vertex 48.871078 0.342244 23.821891
      vertex 44.230465 0.342244 23.821891
    endloop
  endfacet
  facet normal 0.000000 0.987333 0.158663
    outer loop
      vertex 48.643097 2.232387 21.931717
      vertex 45.320502 2.232387 21.931717
      vertex 45.184359 1.996312 23.400766
    endloop
  endfacet
  facet normal 0.000000 0.987333 0.158663
    outer loop
      vertex 48.643097 2.232387 21.931717
      vertex 45.184359 1.996312 23.400766
      vertex 48.671571 1.996312 23.400766
    endloop
  endfacet
  facet normal 0.458427 -0.881179 -0.115623
    outer loop
      vertex 48.871078 0.342244 23.821891
      vertex 50.045315 0.953133 23.821891
      vertex 50.099645 0.787029 25.303194
    endloop
  endfacet
  facet normal 0.458427 -0.881179 -0.115623
    outer loop
      vertex 48.871078 0.342244 23.821891
      vertex 50.099645 0.787029 25.303194
      vertex 48.893138 0.159352 25.303194
    endloop
  endfacet
  facet normal -0.458325 0.880981 0.117518
    outer loop
      vertex 49.553957 2.455368 23.400766
      vertex 48.671571 1.996312 23.400766
      vertex 48.693762 1.812334 24.866518
    endloop
  endfacet
  facet normal -0.458325 0.880981 0.117518
    outer loop
      vertex 49.553957 2.455368 23.400766
      vertex 48.693762 1.812334 24.866518
      vertex 49.608610 2.288278 24.866518
    endloop
  endfacet
  facet normal 0.500492 -0.858125 -0.114581
    outer loop
      vertex 50.045315 0.953133 23.821891
      vertex 51.806265 1.980186 23.821891
      vertex 51.908989 1.842307 25.303194
    endloop
  endfacet
  facet normal 0.500492 -0.858125 -0.114581
    outer loop
      vertex 50.045315 0.953133 23.821891
      vertex 51.908989 1.842307 25.303194
      vertex 50.099645 0.787029 25.303194
    endloop
  endfacet
  facet normal -0.500382 0.857937 0.116459
    outer loop
      vertex 50.877232 3.227152 23.400766
      vertex 49.553957 2.455368 23.400766
      vertex 49.608610 2.288278 24.866518
    endloop
  endfacet
  facet normal -0.500382 0.857937 0.116459
    outer loop
      vertex 50.877232 3.227152 23.400766
      vertex 49.608610 2.288278 24.866518
      vertex 50.980566 3.088455 24.866518
    endloop
  endfacet
  facet normal 0.538711 -0.834599 -0.115042
    outer loop
      vertex 51.806265 1.980186 23.821891
      vertex 53.470841 3.054626 23.821891
      vertex 53.619311 2.946275 25.303194
    endloop
  endfacet
  facet normal 0.538711 -0.834599 -0.115042
    outer loop
      vertex 51.806265 1.980186 23.821891
      vertex 53.619311 2.946275 25.303194
      vertex 51.908989 1.842307 25.303194
    endloop
  endfacet
  facet normal -0.538592 0.834414 0.116927
    outer loop
      vertex 52.128086 4.034546 23.400766
      vertex 50.877232 3.227152 23.400766
      vertex 50.980566 3.088455 24.866518
    endloop
  endfacet
  facet normal -0.538592 0.834414 0.116927
    outer loop
      vertex 52.128086 4.034546 23.400766
      vertex 50.980566 3.088455 24.866518
      vertex 52.277438 3.925552 24.866518
    endloop
  endfacet
  facet normal 0.558454 -0.821377 -0.116053
    outer loop
      vertex 53.470841 3.054626 23.821891
      vertex 55.021708 4.109060 23.821891
      vertex 55.212799 4.029687 25.303194
    endloop
  endfacet
  facet normal 0.558454 -0.821377 -0.116053
    outer loop
      vertex 53.470841 3.054626 23.821891
      vertex 55.212799 4.029687 25.303194
      vertex 53.619311 2.946275 25.303194
    endloop
  endfacet
  facet normal -0.558328 0.821192 0.117955
    outer loop
      vertex 53.293493 4.826906 23.400766
      vertex 52.128086 4.034546 23.400766
      vertex 52.277438 3.925552 24.866518
    endloop
  endfacet
  facet normal -0.558328 0.821192 0.117955
    outer loop
      vertex 53.293493 4.826906 23.400766
      vertex 52.277438 3.925552 24.866518
      vertex 53.485719 4.747062 24.866518
    endloop
  endfacet
  facet normal 0.563055 -0.818170 -0.116475
    outer loop
      vertex 55.021708 4.109060 23.821891
      vertex 56.482265 5.114197 23.821891
      vertex 56.713494 5.062448 25.303194
    endloop
  endfacet
  facet normal 0.563055 -0.818170 -0.116475
    outer loop
      vertex 55.021708 4.109060 23.821891
      vertex 56.713494 5.062448 25.303194
      vertex 55.212799 4.029687 25.303194
    endloop
  endfacet
  facet normal -0.562927 0.817985 0.118383
    outer loop
      vertex 54.391036 5.582221 23.400766
      vertex 53.293493 4.826906 23.400766
      vertex 53.485719 4.747062 24.866518
    endloop
  endfacet
  facet normal -0.562927 0.817985 0.118383
    outer loop
      vertex 54.391036 5.582221 23.400766
      vertex 53.485719 4.747062 24.866518
      vertex 54.623639 5.530164 24.866518
    endloop
  endfacet
  facet normal 0.560470 -0.819992 -0.116135
    outer loop
      vertex 56.482265 5.114197 23.821891
      vertex 57.877872 6.068104 23.821891
      vertex 58.147455 6.042569 25.303194
    endloop
  endfacet
  facet normal 0.560470 -0.819992 -0.116135
    outer loop
      vertex 56.482265 5.114197 23.821891
      vertex 58.147455 6.042569 25.303194
      vertex 56.713494 5.062448 25.303194
    endloop
  endfacet
  facet normal -0.560343 0.819807 0.118038
    outer loop
      vertex 55.439772 6.299039 23.400766
      vertex 54.391036 5.582221 23.400766
      vertex 54.623639 5.530164 24.866518
    endloop
  endfacet
  facet normal -0.560343 0.819807 0.118038
    outer loop
      vertex 55.439772 6.299039 23.400766
      vertex 54.623639 5.530164 24.866518
      vertex 55.710956 6.273353 24.866518
    endloop
  endfacet
  facet normal 0.488823 0.869241 -0.073977
    outer loop
      vertex 57.877872 6.068104 23.821891
      vertex 56.010766 7.118082 23.821891
      vertex 56.229037 7.121402 25.303194
    endloop
  endfacet
  facet normal 0.488823 0.869241 -0.073977
    outer loop
      vertex 57.877872 6.068104 23.821891
      vertex 56.229037 7.121402 25.303194
      vertex 58.147455 6.042569 25.303194
    endloop
  endfacet
  facet normal -0.488778 -0.869161 0.075199
    outer loop
      vertex 54.036725 7.088050 23.400766
      vertex 55.439772 6.299039 23.400766
      vertex 55.710956 6.273353 24.866518
    endloop
  endfacet
  facet normal -0.488778 -0.869161 0.075199
    outer loop
      vertex 54.036725 7.088050 23.400766
      vertex 55.710956 6.273353 24.866518
      vertex 54.256293 7.091391 24.866518
    endloop
  endfacet
  facet normal 0.497212 0.864364 -0.075202
    outer loop
      vertex 56.010766 7.118082 23.821891
      vertex 54.032341 8.256139 23.821891
      vertex 54.196242 8.290735 25.303194
    endloop
  endfacet
  facet normal 0.497212 0.864364 -0.075202
    outer loop
      vertex 56.010766 7.118082 23.821891
      vertex 54.196242 8.290735 25.303194
      vertex 56.229037 7.121402 25.303194
    endloop
  endfacet
  facet normal -0.497165 -0.864282 0.076444
    outer loop
      vertex 52.550028 7.943249 23.400766
      vertex 54.036725 7.088050 23.400766
      vertex 54.256293 7.091391 24.866518
    endloop
  endfacet
  facet normal -0.497165 -0.864282 0.076444
    outer loop
      vertex 52.550028 7.943249 23.400766
      vertex 54.256293 7.091391 24.866518
      vertex 52.714902 7.978051 24.866518
    endloop
  endfacet
  facet normal 0.494252 0.866085 -0.074915
    outer loop
      vertex 54.032341 8.256139 23.821891
      vertex 51.870896 9.489619 23.821891
      vertex 51.975396 9.558114 25.303194
    endloop
  endfacet
  facet normal 0.494252 0.866085 -0.074915
    outer loop
      vertex 54.032341 8.256139 23.821891
      vertex 51.975396 9.558114 25.303194
      vertex 54.196242 8.290735 25.303194
    endloop
  endfacet
  facet normal -0.494205 -0.866003 0.076152
    outer loop
      vertex 50.925799 8.870154 23.400766
      vertex 52.550028 7.943249 23.400766
      vertex 52.714902 7.978051 24.866518
    endloop
  endfacet
  facet normal -0.494205 -0.866003 0.076152
    outer loop
      vertex 50.925799 8.870154 23.400766
      vertex 52.714902 7.978051 24.866518
      vertex 51.030920 8.939056 24.866518
    endloop
  endfacet
  facet normal 0.452358 0.888843 -0.073012
    outer loop
      vertex 51.870896 9.489619 23.821891
      vertex 49.472144 10.710413 23.821891
      vertex 49.510722 10.812457 25.303194
    endloop
  endfacet
  facet normal 0.452358 0.888843 -0.073012
    outer loop
      vertex 51.870896 9.489619 23.821891
      vertex 49.510722 10.812457 25.303194
      vertex 51.975396 9.558114 25.303194
    endloop
  endfacet
  facet normal -0.452317 -0.888764 0.074218
    outer loop
      vertex 49.123245 9.787526 23.400766
      vertex 50.925799 8.870154 23.400766
      vertex 51.030920 8.939056 24.866518
    endloop
  endfacet
  facet normal -0.452317 -0.888764 0.074218
    outer loop
      vertex 49.123245 9.787526 23.400766
      vertex 51.030920 8.939056 24.866518
      vertex 49.162052 9.890177 24.866518
    endloop
  endfacet
  facet normal 0.384232 0.920314 -0.073406
    outer loop
      vertex 49.472144 10.710413 23.821891
      vertex 47.031843 11.729240 23.821891
      vertex 47.003357 11.859284 25.303194
    endloop
  endfacet
  facet normal 0.384232 0.920314 -0.073406
    outer loop
      vertex 49.472144 10.710413 23.821891
      vertex 47.003357 11.859284 25.303194
      vertex 49.510722 10.812457 25.303194
    endloop
  endfacet
  facet normal -0.384197 -0.920231 0.074618
    outer loop
      vertex 47.289469 10.553129 23.400766
      vertex 49.123245 9.787526 23.400766
      vertex 49.162052 9.890177 24.866518
    endloop
  endfacet
  facet normal -0.384197 -0.920231 0.074618
    outer loop
      vertex 47.289469 10.553129 23.400766
      vertex 49.162052 9.890177 24.866518
      vertex 47.260813 10.683945 24.866518
    endloop
  endfacet
  facet normal 0.355181 0.931786 -0.074971
    outer loop
      vertex 47.031843 11.729240 23.821891
      vertex 44.771823 12.590721 23.821891
      vertex 44.681228 12.744440 25.303194
    endloop
  endfacet
  facet normal 0.355181 0.931786 -0.074971
    outer loop
      vertex 47.031843 11.729240 23.821891
      vertex 44.681228 12.744440 25.303194
      vertex 47.003357 11.859284 25.303194
    endloop
  endfacet
  facet normal -0.355148 -0.931699 0.076210
    outer loop
      vertex 45.591165 11.200493 23.400766
      vertex 47.289469 10.553129 23.400766
      vertex 47.260813 10.683945 24.866518
    endloop
  endfacet
  facet normal -0.355148 -0.931699 0.076210
    outer loop
      vertex 45.591165 11.200493 23.400766
      vertex 47.260813 10.683945 24.866518
      vertex 45.500032 11.355125 24.866518
    endloop
  endfacet
  facet normal 0.358182 0.930661 -0.074671
    outer loop
      vertex 44.771823 12.590721 23.821891
      vertex 42.687550 13.392892 23.821891
      vertex 42.539675 13.568656 25.303194
    endloop
  endfacet
  facet normal 0.358182 0.930661 -0.074671
    outer loop
      vertex 44.771823 12.590721 23.821891
      vertex 42.539675 13.568656 25.303194
      vertex 44.681228 12.744440 25.303194
    endloop
  endfacet
  facet normal -0.358149 -0.930574 0.075904
    outer loop
      vertex 44.024927 11.803289 23.400766
      vertex 45.591165 11.200493 23.400766
      vertex 45.500032 11.355125 24.866518
    endloop
  endfacet
  facet normal -0.358149 -0.930574 0.075904
    outer loop
      vertex 44.024927 11.803289 23.400766
      vertex 45.500032 11.355125 24.866518
      vertex 43.876174 11.980097 24.866518
    endloop
  endfacet
  facet normal 0.367936 0.926961 -0.073258
    outer loop
      vertex 42.687550 13.392892 23.821891
      vertex 40.727312 14.170964 23.821891
      vertex 40.525566 14.368111 25.303194
    endloop
  endfacet
  facet normal 0.367936 0.926961 -0.073258
    outer loop
      vertex 42.687550 13.392892 23.821891
      vertex 40.525566 14.368111 25.303194
      vertex 42.539675 13.568656 25.303194
    endloop
  endfacet
  facet normal -0.367903 -0.926878 0.074469
    outer loop
      vertex 42.551897 12.387975 23.400766
      vertex 44.024927 11.803289 23.400766
      vertex 43.876174 11.980097 24.866518
    endloop
  endfacet
  facet normal -0.367903 -0.926878 0.074469
    outer loop
      vertex 42.551897 12.387975 23.400766
      vertex 43.876174 11.980097 24.866518
      vertex 42.348952 12.586292 24.866518
    endloop
  endfacet
  facet normal -0.974273 -0.198760 -0.106238
    outer loop
      vertex 40.727312 14.170964 23.821891
      vertex 41.087593 12.404950 23.821891
      vertex 40.895749 12.553564 25.303194
    endloop
  endfacet
  facet normal -0.974273 -0.198760 -0.106238
    outer loop
      vertex 40.727312 14.170964 23.821891
      vertex 40.895749 12.553564 25.303194
      vertex 40.525566 14.368111 25.303194
    endloop
  endfacet
  facet normal 0.974089 0.198722 0.107983
    outer loop
      vertex 42.822632 11.060895 23.400766
      vertex 42.551897 12.387975 23.400766
      vertex 42.348952 12.586292 24.866518
    endloop
  endfacet
  facet normal 0.974089 0.198722 0.107983
    outer loop
      vertex 42.822632 11.060895 23.400766
      vertex 42.348952 12.586292 24.866518
      vertex 42.629648 11.210391 24.866518
    endloop
  endfacet
  facet normal -0.975521 -0.192081 -0.107070
    outer loop
      vertex 41.087593 12.404950 23.821891
      vertex 41.452906 10.549646 23.821891
      vertex 41.271100 10.647272 25.303194
    endloop
  endfacet
  facet normal -0.975521 -0.192081 -0.107070
    outer loop
      vertex 41.087593 12.404950 23.821891
      vertex 41.271100 10.647272 25.303194
      vertex 40.895749 12.553564 25.303194
    endloop
  endfacet
  facet normal 0.975334 0.192045 0.108827
    outer loop
      vertex 43.097148 9.666717 23.400766
      vertex 42.822632 11.060895 23.400766
      vertex 42.629648 11.210391 24.866518
    endloop
  endfacet
  facet normal 0.975334 0.192045 0.108827
    outer loop
      vertex 43.097148 9.666717 23.400766
      vertex 42.629648 11.210391 24.866518
      vertex 42.914262 9.764923 24.866518
    endloop
  endfacet
  facet normal -0.975647 -0.191406 -0.107130
    outer loop
      vertex 41.452906 10.549646 23.821891
      vertex 41.839736 8.577872 23.821891
      vertex 41.668561 8.621311 25.303194
    endloop
  endfacet
  facet normal -0.975647 -0.191406 -0.107130
    outer loop
      vertex 41.452906 10.549646 23.821891
      vertex 41.668561 8.621311 25.303194
      vertex 41.271100 10.647272 25.303194
    endloop
  endfacet
  facet normal 0.975459 0.191369 0.108888
    outer loop
      vertex 43.387833 8.185018 23.400766
      vertex 43.097148 9.666717 23.400766
      vertex 42.914262 9.764923 24.866518
    endloop
  endfacet
  facet normal 0.975459 0.191369 0.108888
    outer loop
      vertex 43.387833 8.185018 23.400766
      vertex 42.914262 9.764923 24.866518
      vertex 43.215642 8.228714 24.866518
    endloop
  endfacet
  facet normal -0.972161 -0.208856 -0.106215
    outer loop
      vertex 41.839736 8.577872 23.821891
      vertex 42.291396 6.475529 23.821891
      vertex 42.132634 6.461191 25.303194
    endloop
  endfacet
  facet normal -0.972161 -0.208856 -0.106215
    outer loop
      vertex 41.839736 8.577872 23.821891
      vertex 42.132634 6.461191 25.303194
      vertex 41.668561 8.621311 25.303194
    endloop
  endfacet
  facet normal 0.971978 0.208816 0.107959
    outer loop
      vertex 43.727235 6.605201 23.400766
      vertex 43.387833 8.185018 23.400766
      vertex 43.215642 8.228714 24.866518
    endloop
  endfacet
  facet normal 0.971978 0.208816 0.107959
    outer loop
      vertex 43.727235 6.605201 23.400766
      vertex 43.215642 8.228714 24.866518
      vertex 43.567530 6.590778 24.866518
    endloop
  endfacet
  facet normal -0.961156 -0.255054 -0.105483
    outer loop
      vertex 42.291396 6.475529 23.821891
      vertex 42.867683 4.303823 23.821891
      vertex 42.724758 4.229802 25.303194
    endloop
  endfacet
  facet normal -0.961156 -0.255054 -0.105483
    outer loop
      vertex 42.291396 6.475529 23.821891
      vertex 42.724758 4.229802 25.303194
      vertex 42.132634 6.461191 25.303194
    endloop
  endfacet
  facet normal 0.960977 0.255006 0.107215
    outer loop
      vertex 44.160289 4.973261 23.400766
      vertex 43.727235 6.605201 23.400766
      vertex 43.567530 6.590778 24.866518
    endloop
  endfacet
  facet normal 0.960977 0.255006 0.107215
    outer loop
      vertex 44.160289 4.973261 23.400766
      vertex 43.567530 6.590778 24.866518
      vertex 44.016515 4.898801 24.866518
    endloop
  endfacet
  facet normal -0.944947 -0.309362 -0.106633
    outer loop
      vertex 42.867683 4.303823 23.821891
      vertex 43.554515 2.205892 23.821891
      vertex 43.430466 2.074217 25.303194
    endloop
  endfacet
  facet normal -0.944947 -0.309362 -0.106633
    outer loop
      vertex 42.867683 4.303823 23.821891
      vertex 43.430466 2.074217 25.303194
      vertex 42.724758 4.229802 25.303194
    endloop
  endfacet
  facet normal 0.944767 0.309303 0.108383
    outer loop
      vertex 44.676413 3.396761 23.400766
      vertex 44.160289 4.973261 23.400766
      vertex 44.016515 4.898801 24.866518
    endloop
  endfacet
  facet normal 0.944767 0.309303 0.108383
    outer loop
      vertex 44.676413 3.396761 23.400766
      vertex 44.016515 4.898801 24.866518
      vertex 44.551627 3.264303 24.866518
    endloop
  endfacet
  facet normal -0.934536 -0.338958 -0.108392
    outer loop
      vertex 43.554515 2.205892 23.821891
      vertex 44.230465 0.342244 23.821891
      vertex 44.124992 0.159352 25.303194
    endloop
  endfacet
  facet normal -0.934536 -0.338958 -0.108392
    outer loop
      vertex 43.554515 2.205892 23.821891
      vertex 44.124992 0.159352 25.303194
      vertex 43.430466 2.074217 25.303194
    endloop
  endfacet
  facet normal 0.934353 0.338892 0.110171
    outer loop
      vertex 45.184359 1.996312 23.400766
      vertex 44.676413 3.396761 23.400766
      vertex 44.551627 3.264303 24.866518
    endloop
  endfacet
  facet normal 0.934353 0.338892 0.110171
    outer loop
      vertex 45.184359 1.996312 23.400766
      vertex 44.551627 3.264303 24.866518
      vertex 45.078259 1.812334 24.866518
    endloop
  endfacet
  facet normal 0.000000 -0.992464 -0.122537
    outer loop
      vertex 44.230465 0.342244 23.821891
      vertex 48.871078 0.342244 23.821891
      vertex 48.893138 0.159352 25.303194
    endloop
  endfacet
  facet normal 0.000000 -0.992464 -0.122537
    outer loop
      vertex 44.230465 0.342244 23.821891
      vertex 48.893138 0.159352 25.303194
      vertex 44.124992 0.159352 25.303194
    endloop
  endfacet
  facet normal 0.000000 0.992214 0.124541
    outer loop
      vertex 48.671571 1.996312 23.400766
      vertex 45.184359 1.996312 23.400766
      vertex 45.078259 1.812334 24.866518
    endloop
  endfacet
  facet normal 0.000000 0.992214 0.124541
    outer loop
      vertex 48.671571 1.996312 23.400766
      vertex 45.078259 1.812334 24.866518
      vertex 48.693762 1.812334 24.866518
    endloop
  endfacet
  facet normal 0.460216 -0.884618 -0.075182
    outer loop
      vertex 48.893138 0.159352 25.303194
      vertex 50.099645 0.787029 25.303194
      vertex 50.134610 0.680130 26.775031
    endloop
  endfacet
  facet normal 0.460216 -0.884618 -0.075182
    outer loop
      vertex 48.893138 0.159352 25.303194
      vertex 50.134610 0.680130 26.775031
      vertex 48.907335 0.041649 26.775031
    endloop
  endfacet
  facet normal -0.460212 0.884610 0.075301
    outer loop
      vertex 49.608610 2.288278 24.866518
      vertex 48.693762 1.812334 24.866518
      vertex 48.707886 1.695235 26.328484
    endloop
  endfacet
  facet normal -0.460212 0.884610 0.075301
    outer loop
      vertex 49.608610 2.288278 24.866518
      vertex 48.707886 1.695235 26.328484
      vertex 49.643396 2.181928 26.328484
    endloop
  endfacet
  facet normal 0.502410 -0.861414 -0.074499
    outer loop
      vertex 50.099645 0.787029 25.303194
      vertex 51.908989 1.842307 25.303194
      vertex 51.975098 1.753574 26.775031
    endloop
  endfacet
  facet normal 0.502410 -0.861414 -0.074499
    outer loop
      vertex 50.099645 0.787029 25.303194
      vertex 51.975098 1.753574 26.775031
      vertex 50.134610 0.680130 26.775031
    endloop
  endfacet
  facet normal -0.502405 0.861407 0.074617
    outer loop
      vertex 50.980566 3.088455 24.866518
      vertex 49.608610 2.288278 24.866518
      vertex 49.643396 2.181928 26.328484
    endloop
  endfacet
  facet normal -0.502405 0.861407 0.074617
    outer loop
      vertex 50.980566 3.088455 24.866518
      vertex 49.643396 2.181928 26.328484
      vertex 51.046337 3.000177 26.328484
    endloop
  endfacet
  facet normal 0.540793 -0.837823 -0.074801
    outer loop
      vertex 51.908989 1.842307 25.303194
      vertex 53.619311 2.946275 25.303194
      vertex 53.714861 2.876544 26.775031
    endloop
  endfacet
  facet normal 0.540793 -0.837823 -0.074801
    outer loop
      vertex 51.908989 1.842307 25.303194
      vertex 53.714861 2.876544 26.775031
      vertex 51.975098 1.753574 26.775031
    endloop
  endfacet
  facet normal -0.540788 0.837816 0.074919
    outer loop
      vertex 52.277438 3.925552 24.866518
      vertex 50.980566 3.088455 24.866518
      vertex 51.046337 3.000177 26.328484
    endloop
  endfacet
  facet normal -0.540788 0.837816 0.074919
    outer loop
      vertex 52.277438 3.925552 24.866518
      vertex 51.046337 3.000177 26.328484
      vertex 52.372498 3.856179 26.328484
    endloop
  endfacet
  facet normal 0.560650 -0.824607 -0.075464
    outer loop
      vertex 53.619311 2.946275 25.303194
      vertex 55.212799 4.029687 25.303194
      vertex 55.335778 3.978606 26.775031
    endloop
  endfacet
  facet normal 0.560650 -0.824607 -0.075464
    outer loop
      vertex 53.619311 2.946275 25.303194
      vertex 55.335778 3.978606 26.775031
      vertex 53.714861 2.876544 26.775031
    endloop
  endfacet
  facet normal -0.560645 0.824599 0.075583
    outer loop
      vertex 53.485719 4.747062 24.866518
      vertex 52.277438 3.925552 24.866518
      vertex 52.372498 3.856179 26.328484
    endloop
  endfacet
  facet normal -0.560645 0.824599 0.075583
    outer loop
      vertex 53.485719 4.747062 24.866518
      vertex 52.372498 3.856179 26.328484
      vertex 53.608067 4.696242 26.328484
    endloop
  endfacet
  facet normal 0.565285 -0.821411 -0.075740
    outer loop
      vertex 55.212799 4.029687 25.303194
      vertex 56.713494 5.062448 25.303194
      vertex 56.862305 5.029143 26.775031
    endloop
  endfacet
  facet normal 0.565285 -0.821411 -0.075740
    outer loop
      vertex 55.212799 4.029687 25.303194
      vertex 56.862305 5.029143 26.775031
      vertex 55.335778 3.978606 26.775031
    endloop
  endfacet
  facet normal -0.565280 0.821404 0.075860
    outer loop
      vertex 54.623639 5.530164 24.866518
      vertex 53.485719 4.747062 24.866518
      vertex 53.608067 4.696242 26.328484
    endloop
  endfacet
  facet normal -0.565280 0.821404 0.075860
    outer loop
      vertex 54.623639 5.530164 24.866518
      vertex 53.608067 4.696242 26.328484
      vertex 54.771686 5.497031 26.328484
    endloop
  endfacet
  facet normal 0.562677 -0.823221 -0.075517
    outer loop
      vertex 56.713494 5.062448 25.303194
      vertex 58.147455 6.042569 25.303194
      vertex 58.320949 6.026136 26.775031
    endloop
  endfacet
  facet normal 0.562677 -0.823221 -0.075517
    outer loop
      vertex 56.713494 5.062448 25.303194
      vertex 58.320949 6.026136 26.775031
      vertex 56.862305 5.029143 26.775031
    endloop
  endfacet
  facet normal -0.562671 0.823213 0.075637
    outer loop
      vertex 55.710956 6.273353 24.866518
      vertex 54.623639 5.530164 24.866518
      vertex 54.771686 5.497031 26.328484
    endloop
  endfacet
  facet normal -0.562671 0.823213 0.075637
    outer loop
      vertex 55.710956 6.273353 24.866518
      vertex 54.771686 5.497031 26.328484
      vertex 55.883561 6.257004 26.328484
    endloop
  endfacet
  facet normal 0.489601 0.870625 -0.047992
    outer loop
      vertex 58.147455 6.042569 25.303194
      vertex 56.229037 7.121402 25.303194
      vertex 56.369509 7.123539 26.775031
    endloop
  endfacet
  facet normal 0.489601 0.870625 -0.047992
    outer loop
      vertex 58.147455 6.042569 25.303194
      vertex 56.369509 7.123539 26.775031
      vertex 58.320949 6.026136 26.775031
    endloop
  endfacet
  facet normal -0.489599 -0.870622 0.048068
    outer loop
      vertex 54.256293 7.091391 24.866518
      vertex 55.710956 6.273353 24.866518
      vertex 55.883561 6.257004 26.328484
    endloop
  endfacet
  facet normal -0.489599 -0.870622 0.048068
    outer loop
      vertex 54.256293 7.091391 24.866518
      vertex 55.883561 6.257004 26.328484
      vertex 54.396045 7.093517 26.328484
    endloop
  endfacet
  facet normal 0.498030 0.865786 -0.048789
    outer loop
      vertex 56.229037 7.121402 25.303194
      vertex 54.196242 8.290735 25.303194
      vertex 54.301722 8.313001 26.775031
    endloop
  endfacet
  facet normal 0.498030 0.865786 -0.048789
    outer loop
      vertex 56.229037 7.121402 25.303194
      vertex 54.301722 8.313001 26.775031
      vertex 56.369509 7.123539 26.775031
    endloop
  endfacet
  facet normal -0.498028 -0.865783 0.048866
    outer loop
      vertex 52.714902 7.978051 24.866518
      vertex 54.256293 7.091391 24.866518
      vertex 54.396045 7.093517 26.328484
    endloop
  endfacet
  facet normal -0.498028 -0.865783 0.048866
    outer loop
      vertex 52.714902 7.978051 24.866518
      vertex 54.396045 7.093517 26.328484
      vertex 52.819842 8.000202 26.328484
    endloop
  endfacet
  facet normal 0.495059 0.867499 -0.048602
    outer loop
      vertex 54.196242 8.290735 25.303194
      vertex 51.975396 9.558114 25.303194
      vertex 52.042648 9.602195 26.775031
    endloop
  endfacet
  facet normal 0.495059 0.867499 -0.048602
    outer loop
      vertex 54.196242 8.290735 25.303194
      vertex 52.042648 9.602195 26.775031
      vertex 54.301722 8.313001 26.775031
    endloop
  endfacet
  facet normal -0.495057 -0.867496 0.048679
    outer loop
      vertex 51.030920 8.939056 24.866518
      vertex 52.714902 7.978051 24.866518
      vertex 52.819842 8.000202 26.328484
    endloop
  endfacet
  facet normal -0.495057 -0.867496 0.048679
    outer loop
      vertex 51.030920 8.939056 24.866518
      vertex 52.819842 8.000202 26.328484
      vertex 51.097828 8.982911 26.328484
    endloop
  endfacet
  facet normal 0.453059 0.890221 -0.047363
    outer loop
      vertex 51.975396 9.558114 25.303194
      vertex 49.510722 10.812457 25.303194
      vertex 49.535549 10.878130 26.775031
    endloop
  endfacet
  facet normal 0.453059 0.890221 -0.047363
    outer loop
      vertex 51.975396 9.558114 25.303194
      vertex 49.535549 10.878130 26.775031
      vertex 52.042648 9.602195 26.775031
    endloop
  endfacet
  facet normal -0.453058 -0.890218 0.047438
    outer loop
      vertex 49.162052 9.890177 24.866518
      vertex 51.030920 8.939056 24.866518
      vertex 51.097828 8.982911 26.328484
    endloop
  endfacet
  facet normal -0.453058 -0.890218 0.047438
    outer loop
      vertex 49.162052 9.890177 24.866518
      vertex 51.097828 8.982911 26.328484
      vertex 49.186752 9.955512 26.328484
    endloop
  endfacet
  facet normal 0.384834 0.921757 -0.047620
    outer loop
      vertex 49.510722 10.812457 25.303194
      vertex 47.003357 11.859284 25.303194
      vertex 46.985025 11.942975 26.775031
    endloop
  endfacet
  facet normal 0.384834 0.921757 -0.047620
    outer loop
      vertex 49.510722 10.812457 25.303194
      vertex 46.985025 11.942975 26.775031
      vertex 49.535549 10.878130 26.775031
    endloop
  endfacet
  facet normal -0.384833 -0.921753 0.047695
    outer loop
      vertex 47.260813 10.683945 24.866518
      vertex 49.162052 9.890177 24.866518
      vertex 49.186752 9.955512 26.328484
    endloop
  endfacet
  facet normal -0.384833 -0.921753 0.047695
    outer loop
      vertex 47.260813 10.683945 24.866518
      vertex 49.186752 9.955512 26.328484
      vertex 47.242575 10.767207 26.328484
    endloop
  endfacet
  facet normal 0.355762 0.933310 -0.048639
    outer loop
      vertex 47.003357 11.859284 25.303194
      vertex 44.681228 12.744440 25.303194
      vertex 44.622924 12.843368 26.775031
    endloop
  endfacet
  facet normal 0.355762 0.933310 -0.048639
    outer loop
      vertex 47.003357 11.859284 25.303194
      vertex 44.622924 12.843368 26.775031
      vertex 46.985025 11.942975 26.775031
    endloop
  endfacet
  facet normal -0.355761 -0.933307 0.048716
    outer loop
      vertex 45.500032 11.355125 24.866518
      vertex 47.260813 10.683945 24.866518
      vertex 47.242575 10.767207 26.328484
    endloop
  endfacet
  facet normal -0.355761 -0.933307 0.048716
    outer loop
      vertex 45.500032 11.355125 24.866518
      vertex 47.242575 10.767207 26.328484
      vertex 45.442027 11.453546 26.328484
    endloop
  endfacet
  facet normal 0.358763 0.932171 -0.048443
    outer loop
      vertex 44.681228 12.744440 25.303194
      vertex 42.539675 13.568656 25.303194
      vertex 42.444507 13.681772 26.775031
    endloop
  endfacet
  facet normal 0.358763 0.932171 -0.048443
    outer loop
      vertex 44.681228 12.744440 25.303194
      vertex 42.444507 13.681772 26.775031
      vertex 44.622924 12.843368 26.775031
    endloop
  endfacet
  facet normal -0.358762 -0.932167 0.048520
    outer loop
      vertex 43.876174 11.980097 24.866518
      vertex 45.500032 11.355125 24.866518
      vertex 45.442027 11.453546 26.328484
    endloop
  endfacet
  facet normal -0.358762 -0.932167 0.048520
    outer loop
      vertex 43.876174 11.980097 24.866518
      vertex 45.442027 11.453546 26.328484
      vertex 43.781495 12.092632 26.328484
    endloop
  endfacet
  facet normal 0.368510 0.928408 -0.047524
    outer loop
      vertex 42.539675 13.568656 25.303194
      vertex 40.525566 14.368111 25.303194
      vertex 40.395729 14.494988 26.775031
    endloop
  endfacet
  facet normal 0.368510 0.928408 -0.047524
    outer loop
      vertex 42.539675 13.568656 25.303194
      vertex 40.395729 14.494988 26.775031
      vertex 42.444507 13.681772 26.775031
    endloop
  endfacet
  facet normal -0.368509 -0.928405 0.047599
    outer loop
      vertex 42.348952 12.586292 24.866518
      vertex 43.876174 11.980097 24.866518
      vertex 43.781495 12.092632 26.328484
    endloop
  endfacet
  facet normal -0.368509 -0.928405 0.047599
    outer loop
      vertex 42.348952 12.586292 24.866518
      vertex 43.781495 12.092632 26.328484
      vertex 42.219781 12.712518 26.328484
    endloop
  endfacet
  facet normal -0.977480 -0.199414 -0.069037
    outer loop
      vertex 40.525566 14.368111 25.303194
      vertex 40.895749 12.553564 25.303194
      vertex 40.772284 12.649206 26.775031
    endloop
  endfacet
  facet normal -0.977480 -0.199414 -0.069037
    outer loop
      vertex 40.525566 14.368111 25.303194
      vertex 40.772284 12.649206 26.775031
      vertex 40.395729 14.494988 26.775031
    endloop
  endfacet
  facet normal 0.977473 0.199413 0.069146
    outer loop
      vertex 42.629648 11.210391 24.866518
      vertex 42.348952 12.586292 24.866518
      vertex 42.219781 12.712518 26.328484
    endloop
  endfacet
  facet normal 0.977473 0.199413 0.069146
    outer loop
      vertex 42.629648 11.210391 24.866518
      vertex 42.219781 12.712518 26.328484
      vertex 42.506816 11.305543 26.328484
    endloop
  endfacet
  facet normal -0.978783 -0.192724 -0.069581
    outer loop
      vertex 40.895749 12.553564 25.303194
      vertex 41.271100 10.647272 25.303194
      vertex 41.154097 10.710101 26.775031
    endloop
  endfacet
  facet normal -0.978783 -0.192724 -0.069581
    outer loop
      vertex 40.895749 12.553564 25.303194
      vertex 41.154097 10.710101 26.775031
      vertex 40.772284 12.649206 26.775031
    endloop
  endfacet
  facet normal 0.978775 0.192722 0.069691
    outer loop
      vertex 42.914262 9.764923 24.866518
      vertex 42.629648 11.210391 24.866518
      vertex 42.506816 11.305543 26.328484
    endloop
  endfacet
  facet normal 0.978775 0.192722 0.069691
    outer loop
      vertex 42.914262 9.764923 24.866518
      vertex 42.506816 11.305543 26.328484
      vertex 42.797859 9.827429 26.328484
    endloop
  endfacet
  facet normal -0.978913 -0.192047 -0.069621
    outer loop
      vertex 41.271100 10.647272 25.303194
      vertex 41.668561 8.621311 25.303194
      vertex 41.558399 8.649266 26.775031
    endloop
  endfacet
  facet normal -0.978913 -0.192047 -0.069621
    outer loop
      vertex 41.271100 10.647272 25.303194
      vertex 41.558399 8.649266 26.775031
      vertex 41.154097 10.710101 26.775031
    endloop
  endfacet
  facet normal 0.978906 0.192045 0.069731
    outer loop
      vertex 43.215642 8.228714 24.866518
      vertex 42.914262 9.764923 24.866518
      vertex 42.797859 9.827429 26.328484
    endloop
  endfacet
  facet normal 0.978906 0.192045 0.069731
    outer loop
      vertex 43.215642 8.228714 24.866518
      vertex 42.797859 9.827429 26.328484
      vertex 43.106045 8.256526 26.328484
    endloop
  endfacet
  facet normal -0.975360 -0.209543 -0.069022
    outer loop
      vertex 41.668561 8.621311 25.303194
      vertex 42.132634 6.461191 25.303194
      vertex 42.030460 6.451964 26.775031
    endloop
  endfacet
  facet normal -0.975360 -0.209543 -0.069022
    outer loop
      vertex 41.668561 8.621311 25.303194
      vertex 42.030460 6.451964 26.775031
      vertex 41.558399 8.649266 26.775031
    endloop
  endfacet
  facet normal 0.975353 0.209541 0.069132
    outer loop
      vertex 43.567530 6.590778 24.866518
      vertex 43.215642 8.228714 24.866518
      vertex 43.106045 8.256526 26.328484
    endloop
  endfacet
  facet normal 0.975353 0.209541 0.069132
    outer loop
      vertex 43.567530 6.590778 24.866518
      vertex 43.106045 8.256526 26.328484
      vertex 43.465880 6.581598 26.328484
    endloop
  endfacet
  facet normal -0.964275 -0.255881 -0.068543
    outer loop
      vertex 42.132634 6.461191 25.303194
      vertex 42.724758 4.229802 25.303194
      vertex 42.632776 4.182165 26.775031
    endloop
  endfacet
  facet normal -0.964275 -0.255881 -0.068543
    outer loop
      vertex 42.132634 6.461191 25.303194
      vertex 42.632776 4.182165 26.775031
      vertex 42.030460 6.451964 26.775031
    endloop
  endfacet
  facet normal 0.964268 0.255879 0.068652
    outer loop
      vertex 44.016515 4.898801 24.866518
      vertex 43.567530 6.590778 24.866518
      vertex 43.465880 6.581598 26.328484
    endloop
  endfacet
  facet normal 0.964268 0.255879 0.068652
    outer loop
      vertex 44.016515 4.898801 24.866518
      vertex 43.465880 6.581598 26.328484
      vertex 43.925006 4.851408 26.328484
    endloop
  endfacet
  facet normal -0.948081 -0.310388 -0.069296
    outer loop
      vertex 42.724758 4.229802 25.303194
      vertex 43.430466 2.074217 25.303194
      vertex 43.350632 1.989475 26.775031
    endloop
  endfacet
  facet normal -0.948081 -0.310388 -0.069296
    outer loop
      vertex 42.724758 4.229802 25.303194
      vertex 43.350632 1.989475 26.775031
      vertex 42.632776 4.182165 26.775031
    endloop
  endfacet
  facet normal 0.948074 0.310386 0.069405
    outer loop
      vertex 44.551627 3.264303 24.866518
      vertex 44.016515 4.898801 24.866518
      vertex 43.925006 4.851408 26.328484
    endloop
  endfacet
  facet normal 0.948074 0.310386 0.069405
    outer loop
      vertex 44.551627 3.264303 24.866518
      vertex 43.925006 4.851408 26.328484
      vertex 44.472203 3.179996 26.328484
    endloop
  endfacet
  facet normal -0.937740 -0.340120 -0.070446
    outer loop
      vertex 43.430466 2.074217 25.303194
      vertex 44.124992 0.159352 25.303194
      vertex 44.057113 0.041649 26.775031
    endloop
  endfacet
  facet normal -0.937740 -0.340120 -0.070446
    outer loop
      vertex 43.430466 2.074217 25.303194
      vertex 44.057113 0.041649 26.775031
      vertex 43.350632 1.989475 26.775031
    endloop
  endfacet
  facet normal 0.937732 0.340118 0.070558
    outer loop
      vertex 45.078259 1.812334 24.866518
      vertex 44.551627 3.264303 24.866518
      vertex 44.472203 3.179996 26.328484
    endloop
  endfacet
  facet normal 0.937732 0.340118 0.070558
    outer loop
      vertex 45.078259 1.812334 24.866518
      vertex 44.472203 3.179996 26.328484
      vertex 45.010729 1.695235 26.328484
    endloop
  endfacet
  facet normal 0.000000 -0.996818 -0.079716
    outer loop
      vertex 44.124992 0.159352 25.303194
      vertex 48.893138 0.159352 25.303194
      vertex 48.907335 0.041649 26.775031
    endloop
  endfacet
  facet normal 0.000000 -0.996818 -0.079716
    outer loop
      vertex 44.124992 0.159352 25.303194
      vertex 48.907335 0.041649 26.775031
      vertex 44.057113 0.041649 26.775031
    endloop
  endfacet
  facet normal 0.000000 0.996808 0.079841
    outer loop
      vertex 48.693762 1.812334 24.866518
      vertex 45.078259 1.812334 24.866518
      vertex 45.010729 1.695235 26.328484
    endloop
  endfacet
  facet normal 0.000000 0.996808 0.079841
    outer loop
      vertex 48.693762 1.812334 24.866518
      vertex 45.010729 1.695235 26.328484
      vertex 48.707886 1.695235 26.328484
    endloop
  endfacet
  facet normal 0.461356 -0.886808 -0.026864
    outer loop
      vertex 48.907335 0.041649 26.775031
      vertex 50.134610 0.680130 26.775031
      vertex 50.146982 0.642305 28.236173
    endloop
  endfacet
  facet normal 0.461356 -0.886808 -0.026864
    outer loop
      vertex 48.907335 0.041649 26.775031
      vertex 50.146982 0.642305 28.236173
      vertex 48.912358 0.000000 28.236173
    endloop
  endfacet
  facet normal -0.461356 0.886808 0.026866
    outer loop
      vertex 49.643396 2.181928 26.328484
      vertex 48.707886 1.695235 26.328484
      vertex 48.712898 1.653682 27.786173
    endloop
  endfacet
  facet normal -0.461356 0.886808 0.026866
    outer loop
      vertex 49.643396 2.181928 26.328484
      vertex 48.712898 1.653682 27.786173
      vertex 49.655739 2.144189 27.786173
    endloop
  endfacet
  facet normal 0.503631 -0.863509 -0.026619
    outer loop
      vertex 50.134610 0.680130 26.775031
      vertex 51.975098 1.753574 26.775031
      vertex 51.998491 1.722176 28.236173
    endloop
  endfacet
  facet normal 0.503631 -0.863509 -0.026619
    outer loop
      vertex 50.134610 0.680130 26.775031
      vertex 51.998491 1.722176 28.236173
      vertex 50.146982 0.642305 28.236173
    endloop
  endfacet
  facet normal -0.503631 0.863508 0.026621
    outer loop
      vertex 51.046337 3.000177 26.328484
      vertex 49.643396 2.181928 26.328484
      vertex 49.655739 2.144189 27.786173
    endloop
  endfacet
  facet normal -0.503631 0.863508 0.026621
    outer loop
      vertex 51.046337 3.000177 26.328484
      vertex 49.655739 2.144189 27.786173
      vertex 51.069676 2.968851 27.786173
    endloop
  endfacet
  facet normal 0.542118 -0.839877 -0.026727
    outer loop
      vertex 51.975098 1.753574 26.775031
      vertex 53.714861 2.876544 26.775031
      vertex 53.748671 2.851870 28.236173
    endloop
  endfacet
  facet normal 0.542118 -0.839877 -0.026727
    outer loop
      vertex 51.975098 1.753574 26.775031
      vertex 53.748671 2.851870 28.236173
      vertex 51.998491 1.722176 28.236173
    endloop
  endfacet
  facet normal -0.542118 0.839877 0.026729
    outer loop
      vertex 52.372498 3.856179 26.328484
      vertex 51.046337 3.000177 26.328484
      vertex 51.069676 2.968851 27.786173
    endloop
  endfacet
  facet normal -0.542118 0.839877 0.026729
    outer loop
      vertex 52.372498 3.856179 26.328484
      vertex 51.069676 2.968851 27.786173
      vertex 52.406230 3.831561 27.786173
    endloop
  endfacet
  facet normal 0.562049 -0.826664 -0.026965
    outer loop
      vertex 53.714861 2.876544 26.775031
      vertex 55.335778 3.978606 26.775031
      vertex 55.379293 3.960531 28.236173
    endloop
  endfacet
  facet normal 0.562049 -0.826664 -0.026965
    outer loop
      vertex 53.714861 2.876544 26.775031
      vertex 55.379293 3.960531 28.236173
      vertex 53.748671 2.851870 28.236173
    endloop
  endfacet
  facet normal -0.562049 0.826664 0.026967
    outer loop
      vertex 53.608067 4.696242 26.328484
      vertex 52.372498 3.856179 26.328484
      vertex 52.406230 3.831561 27.786173
    endloop
  endfacet
  facet normal -0.562049 0.826664 0.026967
    outer loop
      vertex 53.608067 4.696242 26.328484
      vertex 52.406230 3.831561 27.786173
      vertex 53.651483 4.678208 27.786173
    endloop
  endfacet
  facet normal 0.566706 -0.823476 -0.027064
    outer loop
      vertex 55.335778 3.978606 26.775031
      vertex 56.862305 5.029143 26.775031
      vertex 56.914961 5.017359 28.236173
    endloop
  endfacet
  facet normal 0.566706 -0.823476 -0.027064
    outer loop
      vertex 55.335778 3.978606 26.775031
      vertex 56.914961 5.017359 28.236173
      vertex 55.379293 3.960531 28.236173
    endloop
  endfacet
  facet normal -0.566706 0.823476 0.027066
    outer loop
      vertex 54.771686 5.497031 26.328484
      vertex 53.608067 4.696242 26.328484
      vertex 53.651483 4.678208 27.786173
    endloop
  endfacet
  facet normal -0.566706 0.823476 0.027066
    outer loop
      vertex 54.771686 5.497031 26.328484
      vertex 53.651483 4.678208 27.786173
      vertex 54.824222 5.485273 27.786173
    endloop
  endfacet
  facet normal 0.564082 -0.825277 -0.026984
    outer loop
      vertex 56.862305 5.029143 26.775031
      vertex 58.320949 6.026136 26.775031
      vertex 58.382340 6.020321 28.236173
    endloop
  endfacet
  facet normal 0.564082 -0.825277 -0.026984
    outer loop
      vertex 56.862305 5.029143 26.775031
      vertex 58.382340 6.020321 28.236173
      vertex 56.914961 5.017359 28.236173
    endloop
  endfacet
  facet normal -0.564082 0.825277 0.026986
    outer loop
      vertex 55.883561 6.257004 26.328484
      vertex 54.771686 5.497031 26.328484
      vertex 54.824222 5.485273 27.786173
    endloop
  endfacet
  facet normal -0.564082 0.825277 0.026986
    outer loop
      vertex 55.883561 6.257004 26.328484
      vertex 54.824222 5.485273 27.786173
      vertex 55.944810 6.251202 27.786173
    endloop
  endfacet
  facet normal 0.490094 0.871501 -0.017123
    outer loop
      vertex 58.320949 6.026136 26.775031
      vertex 56.369509 7.123539 26.775031
      vertex 56.419214 7.124295 28.236173
    endloop
  endfacet
  facet normal 0.490094 0.871501 -0.017123
    outer loop
      vertex 58.320949 6.026136 26.775031
      vertex 56.419214 7.124295 28.236173
      vertex 58.382340 6.020321 28.236173
    endloop
  endfacet
  facet normal -0.490094 -0.871501 0.017124
    outer loop
      vertex 54.396045 7.093517 26.328484
      vertex 55.883561 6.257004 26.328484
      vertex 55.944810 6.251202 27.786173
    endloop
  endfacet
  facet normal -0.490094 -0.871501 0.017124
    outer loop
      vertex 54.396045 7.093517 26.328484
      vertex 55.944810 6.251202 27.786173
      vertex 54.445636 7.094271 27.786173
    endloop
  endfacet
  facet normal 0.498548 0.866687 -0.017408
    outer loop
      vertex 56.369509 7.123539 26.775031
      vertex 54.301722 8.313001 26.775031
      vertex 54.339046 8.320879 28.236173
    endloop
  endfacet
  facet normal 0.498548 0.866687 -0.017408
    outer loop
      vertex 56.369509 7.123539 26.775031
      vertex 54.339046 8.320879 28.236173
      vertex 56.419214 7.124295 28.236173
    endloop
  endfacet
  facet normal -0.498548 -0.866687 0.017409
    outer loop
      vertex 52.819842 8.000202 26.328484
      vertex 54.396045 7.093517 26.328484
      vertex 54.445636 7.094271 27.786173
    endloop
  endfacet
  facet normal -0.498548 -0.866687 0.017409
    outer loop
      vertex 52.819842 8.000202 26.328484
      vertex 54.445636 7.094271 27.786173
      vertex 52.857080 8.008063 27.786173
    endloop
  endfacet
  facet normal 0.495570 0.868395 -0.017341
    outer loop
      vertex 54.301722 8.313001 26.775031
      vertex 52.042648 9.602195 26.775031
      vertex 52.066446 9.617793 28.236173
    endloop
  endfacet
  facet normal 0.495570 0.868395 -0.017341
    outer loop
      vertex 54.301722 8.313001 26.775031
      vertex 52.066446 9.617793 28.236173
      vertex 54.339046 8.320879 28.236173
    endloop
  endfacet
  facet normal -0.495570 -0.868395 0.017343
    outer loop
      vertex 51.097828 8.982911 26.328484
      vertex 52.819842 8.000202 26.328484
      vertex 52.857080 8.008063 27.786173
    endloop
  endfacet
  facet normal -0.495570 -0.868395 0.017343
    outer loop
      vertex 51.097828 8.982911 26.328484
      vertex 52.857080 8.008063 27.786173
      vertex 51.121570 8.998473 27.786173
    endloop
  endfacet
  facet normal 0.453503 0.891094 -0.016899
    outer loop
      vertex 52.042648 9.602195 26.775031
      vertex 49.535549 10.878130 26.775031
      vertex 49.544335 10.901368 28.236173
    endloop
  endfacet
  facet normal 0.453503 0.891094 -0.016899
    outer loop
      vertex 52.042648 9.602195 26.775031
      vertex 49.544335 10.901368 28.236173
      vertex 52.066446 9.617793 28.236173
    endloop
  endfacet
  facet normal -0.453503 -0.891094 0.016900
    outer loop
      vertex 49.186752 9.955512 26.328484
      vertex 51.097828 8.982911 26.328484
      vertex 51.121570 8.998473 27.786173
    endloop
  endfacet
  facet normal -0.453503 -0.891094 0.016900
    outer loop
      vertex 49.186752 9.955512 26.328484
      vertex 51.121570 8.998473 27.786173
      vertex 49.195517 9.978697 27.786173
    endloop
  endfacet
  facet normal 0.385215 0.922670 -0.016990
    outer loop
      vertex 49.535549 10.878130 26.775031
      vertex 46.985025 11.942975 26.775031
      vertex 46.978538 11.972589 28.236173
    endloop
  endfacet
  facet normal 0.385215 0.922670 -0.016990
    outer loop
      vertex 49.535549 10.878130 26.775031
      vertex 46.978538 11.972589 28.236173
      vertex 49.544335 10.901368 28.236173
    endloop
  endfacet
  facet normal -0.385215 -0.922670 0.016991
    outer loop
      vertex 47.242575 10.767207 26.328484
      vertex 49.186752 9.955512 26.328484
      vertex 49.195517 9.978697 27.786173
    endloop
  endfacet
  facet normal -0.385215 -0.922670 0.016991
    outer loop
      vertex 47.242575 10.767207 26.328484
      vertex 49.195517 9.978697 27.786173
      vertex 47.236103 10.796753 27.786173
    endloop
  endfacet
  facet normal 0.356130 0.934275 -0.017355
    outer loop
      vertex 46.985025 11.942975 26.775031
      vertex 44.622924 12.843368 26.775031
      vertex 44.602293 12.878373 28.236173
    endloop
  endfacet
  facet normal 0.356130 0.934275 -0.017355
    outer loop
      vertex 46.985025 11.942975 26.775031
      vertex 44.602293 12.878373 28.236173
      vertex 46.978538 11.972589 28.236173
    endloop
  endfacet
  facet normal -0.356130 -0.934275 0.017356
    outer loop
      vertex 45.442027 11.453546 26.328484
      vertex 47.242575 10.767207 26.328484
      vertex 47.236103 10.796753 27.786173
    endloop
  endfacet
  facet normal -0.356130 -0.934275 0.017356
    outer loop
      vertex 45.442027 11.453546 26.328484
      vertex 47.236103 10.796753 27.786173
      vertex 45.421443 11.488470 27.786173
    endloop
  endfacet
  facet normal 0.359131 0.933127 -0.017285
    outer loop
      vertex 44.622924 12.843368 26.775031
      vertex 42.444507 13.681772 26.775031
      vertex 42.410833 13.721797 28.236173
    endloop
  endfacet
  facet normal 0.359131 0.933127 -0.017285
    outer loop
      vertex 44.622924 12.843368 26.775031
      vertex 42.410833 13.721797 28.236173
      vertex 44.602293 12.878373 28.236173
    endloop
  endfacet
  facet normal -0.359131 -0.933127 0.017286
    outer loop
      vertex 43.781495 12.092632 26.328484
      vertex 45.442027 11.453546 26.328484
      vertex 45.421443 11.488470 27.786173
    endloop
  endfacet
  facet normal -0.359131 -0.933127 0.017286
    outer loop
      vertex 43.781495 12.092632 26.328484
      vertex 45.421443 11.488470 27.786173
      vertex 43.747897 12.132566 27.786173
    endloop
  endfacet
  facet normal 0.368874 0.929325 -0.016956
    outer loop
      vertex 42.444507 13.681772 26.775031
      vertex 40.395729 14.494988 26.775031
      vertex 40.349787 14.539882 28.236173
    endloop
  endfacet
  facet normal 0.368874 0.929325 -0.016956
    outer loop
      vertex 42.444507 13.681772 26.775031
      vertex 40.349787 14.539882 28.236173
      vertex 42.410833 13.721797 28.236173
    endloop
  endfacet
  facet normal -0.368874 -0.929325 0.016957
    outer loop
      vertex 42.219781 12.712518 26.328484
      vertex 43.781495 12.092632 26.328484
      vertex 43.747897 12.132566 27.786173
    endloop
  endfacet
  facet normal -0.368874 -0.929325 0.016957
    outer loop
      vertex 42.219781 12.712518 26.328484
      vertex 43.747897 12.132566 27.786173
      vertex 42.173945 12.757310 27.786173
    endloop
  endfacet
  facet normal -0.979520 -0.199830 -0.024659
    outer loop
      vertex 40.395729 14.494988 26.775031
      vertex 40.772284 12.649206 26.775031
      vertex 40.728596 12.683049 28.236173
    endloop
  endfacet
  facet normal -0.979520 -0.199830 -0.024659
    outer loop
      vertex 40.395729 14.494988 26.775031
      vertex 40.728596 12.683049 28.236173
      vertex 40.349787 14.539882 28.236173
    endloop
  endfacet
  facet normal 0.979520 0.199830 0.024660
    outer loop
      vertex 42.506816 11.305543 26.328484
      vertex 42.219781 12.712518 26.328484
      vertex 42.173945 12.757310 27.786173
    endloop
  endfacet
  facet normal 0.979520 0.199830 0.024660
    outer loop
      vertex 42.506816 11.305543 26.328484
      vertex 42.173945 12.757310 27.786173
      vertex 42.463229 11.339308 27.786173
    endloop
  endfacet
  facet normal -0.980858 -0.193132 -0.024854
    outer loop
      vertex 40.772284 12.649206 26.775031
      vertex 41.154097 10.710101 26.775031
      vertex 41.112695 10.732333 28.236173
    endloop
  endfacet
  facet normal -0.980858 -0.193132 -0.024854
    outer loop
      vertex 40.772284 12.649206 26.775031
      vertex 41.112695 10.732333 28.236173
      vertex 40.728596 12.683049 28.236173
    endloop
  endfacet
  facet normal 0.980858 0.193132 0.024856
    outer loop
      vertex 42.797859 9.827429 26.328484
      vertex 42.506816 11.305543 26.328484
      vertex 42.463229 11.339308 27.786173
    endloop
  endfacet
  facet normal 0.980858 0.193132 0.024856
    outer loop
      vertex 42.797859 9.827429 26.328484
      vertex 42.463229 11.339308 27.786173
      vertex 42.756553 9.849610 27.786173
    endloop
  endfacet
  facet normal -0.980991 -0.192455 -0.024868
    outer loop
      vertex 41.154097 10.710101 26.775031
      vertex 41.558399 8.649266 26.775031
      vertex 41.519419 8.659158 28.236173
    endloop
  endfacet
  facet normal -0.980991 -0.192455 -0.024868
    outer loop
      vertex 41.154097 10.710101 26.775031
      vertex 41.519419 8.659158 28.236173
      vertex 41.112695 10.732333 28.236173
    endloop
  endfacet
  facet normal 0.980991 0.192455 0.024870
    outer loop
      vertex 43.106045 8.256526 26.328484
      vertex 42.797859 9.827429 26.328484
      vertex 42.756553 9.849610 27.786173
    endloop
  endfacet
  facet normal 0.980991 0.192455 0.024870
    outer loop
      vertex 43.106045 8.256526 26.328484
      vertex 42.756553 9.849610 27.786173
      vertex 43.067154 8.266395 27.786173
    endloop
  endfacet
  facet normal -0.977395 -0.209980 -0.024653
    outer loop
      vertex 41.558399 8.649266 26.775031
      vertex 42.030460 6.451964 26.775031
      vertex 41.994306 6.448699 28.236173
    endloop
  endfacet
  facet normal -0.977395 -0.209980 -0.024653
    outer loop
      vertex 41.558399 8.649266 26.775031
      vertex 41.994306 6.448699 28.236173
      vertex 41.519419 8.659158 28.236173
    endloop
  endfacet
  facet normal 0.977395 0.209980 0.024655
    outer loop
      vertex 43.465880 6.581598 26.328484
      vertex 43.106045 8.256526 26.328484
      vertex 43.067154 8.266395 27.786173
    endloop
  endfacet
  facet normal 0.977395 0.209980 0.024655
    outer loop
      vertex 43.465880 6.581598 26.328484
      vertex 43.067154 8.266395 27.786173
      vertex 43.429810 6.578340 27.786173
    endloop
  endfacet
  facet normal -0.966259 -0.256408 -0.024482
    outer loop
      vertex 42.030460 6.451964 26.775031
      vertex 42.632776 4.182165 26.775031
      vertex 42.600229 4.165309 28.236173
    endloop
  endfacet
  facet normal -0.966259 -0.256408 -0.024482
    outer loop
      vertex 42.030460 6.451964 26.775031
      vertex 42.600229 4.165309 28.236173
      vertex 41.994306 6.448699 28.236173
    endloop
  endfacet
  facet normal 0.966259 0.256408 0.024483
    outer loop
      vertex 43.925006 4.851408 26.328484
      vertex 43.465880 6.581598 26.328484
      vertex 43.429810 6.578340 27.786173
    endloop
  endfacet
  facet normal 0.966259 0.256408 0.024483
    outer loop
      vertex 43.925006 4.851408 26.328484
      vertex 43.429810 6.578340 27.786173
      vertex 43.892533 4.834591 27.786173
    endloop
  endfacet
  facet normal -0.950074 -0.311041 -0.024751
    outer loop
      vertex 42.632776 4.182165 26.775031
      vertex 43.350632 1.989475 26.775031
      vertex 43.322383 1.959490 28.236173
    endloop
  endfacet
  facet normal -0.950074 -0.311041 -0.024751
    outer loop
      vertex 42.632776 4.182165 26.775031
      vertex 43.322383 1.959490 28.236173
      vertex 42.600229 4.165309 28.236173
    endloop
  endfacet
  facet normal 0.950074 0.311041 0.024753
    outer loop
      vertex 44.472203 3.179996 26.328484
      vertex 43.925006 4.851408 26.328484
      vertex 43.892533 4.834591 27.786173
    endloop
  endfacet
  facet normal 0.950074 0.311041 0.024753
    outer loop
      vertex 44.472203 3.179996 26.328484
      vertex 43.892533 4.834591 27.786173
      vertex 44.444019 3.150080 27.786173
    endloop
  endfacet
  facet normal -0.939777 -0.340859 -0.025164
    outer loop
      vertex 43.350632 1.989475 26.775031
      vertex 44.057113 0.041649 26.775031
      vertex 44.033095 0.000000 28.236173
    endloop
  endfacet
  facet normal -0.939777 -0.340859 -0.025164
    outer loop
      vertex 43.350632 1.989475 26.775031
      vertex 44.033095 0.000000 28.236173
      vertex 43.322383 1.959490 28.236173
    endloop
  endfacet
  facet normal 0.939777 0.340859 0.025166
    outer loop
      vertex 45.010729 1.695235 26.328484
      vertex 44.472203 3.179996 26.328484
      vertex 44.444019 3.150080 27.786173
    endloop
  endfacet
  facet normal 0.939777 0.340859 0.025166
    outer loop
      vertex 45.010729 1.695235 26.328484
      vertex 44.444019 3.150080 27.786173
      vertex 44.986765 1.653682 27.786173
    endloop
  endfacet
  facet normal 0.000000 -0.999594 -0.028493
    outer loop
      vertex 44.057113 0.041649 26.775031
      vertex 48.907335 0.041649 26.775031
      vertex 48.912358 0.000000 28.236173
    endloop
  endfacet
  facet normal 0.000000 -0.999594 -0.028493
    outer loop
      vertex 44.057113 0.041649 26.775031
      vertex 48.912358 0.000000 28.236173
      vertex 44.033095 0.000000 28.236173
    endloop
  endfacet
  facet normal 0.000000 0.999594 0.028495
    outer loop
      vertex 48.707886 1.695235 26.328484
      vertex 45.010729 1.695235 26.328484
      vertex 44.986765 1.653682 27.786173
    endloop
  endfacet
  facet normal 0.000000 0.999594 0.028495
    outer loop
      vertex 48.707886 1.695235 26.328484
      vertex 44.986765 1.653682 27.786173
      vertex 48.712898 1.653682 27.786173
    endloop
  endfacet
  facet normal 0.461523 -0.887128 0.000000
    outer loop
      vertex 48.912358 0.000000 28.236173
      vertex 50.146982 0.642305 28.236173
      vertex 50.146982 0.642305 28.469077
    endloop
  endfacet
  facet normal 0.461523 -0.887128 0.000000
    outer loop
      vertex 48.912358 0.000000 28.236173
      vertex 50.146982 0.642305 28.469077
      vertex 48.912358 0.000000 28.612954
    endloop
  endfacet
  facet normal -0.461523 0.887128 0.000000
    outer loop
      vertex 49.655739 2.144189 27.786173
      vertex 48.712898 1.653682 27.786173
      vertex 48.712898 1.653682 28.162954
    endloop
  endfacet
  facet normal -0.461523 0.887128 0.000000
    outer loop
      vertex 49.655739 2.144189 27.786173
      vertex 48.712898 1.653682 28.162954
      vertex 49.655739 2.144189 28.019077
    endloop
  endfacet
  facet normal -0.503810 0.863815 0.000000
    outer loop
      vertex 50.146982 0.642305 28.236173
      vertex 51.998491 1.722176 28.236173
      vertex 51.998491 1.722176 28.234828
    endloop
  endfacet
  facet normal 0.503810 -0.863815 0.000000
    outer loop
      vertex 50.146982 0.642305 28.236173
      vertex 51.998491 1.722176 28.234828
      vertex 50.146982 0.642305 28.469077
    endloop
  endfacet
  facet normal -0.503810 0.863815 0.000000
    outer loop
      vertex 51.069676 2.968851 27.786173
      vertex 49.655739 2.144189 27.786173
      vertex 49.655739 2.144189 28.019077
    endloop
  endfacet
  facet normal 0.503810 -0.863815 0.000000
    outer loop
      vertex 51.069676 2.968851 27.786173
      vertex 49.655739 2.144189 28.019077
      vertex 51.069676 2.968851 27.784828
    endloop
  endfacet
  facet normal -0.542312 0.840177 0.000000
    outer loop
      vertex 51.998491 1.722176 28.236173
      vertex 53.748671 2.851870 28.236173
      vertex 53.748671 2.851870 27.994089
    endloop
  endfacet
  facet normal -0.542312 0.840177 0.000000
    outer loop
      vertex 51.998491 1.722176 28.236173
      vertex 53.748671 2.851870 27.994089
      vertex 51.998491 1.722176 28.234828
    endloop
  endfacet
  facet normal 0.542312 -0.840177 0.000000
    outer loop
      vertex 52.406230 3.831561 27.786173
      vertex 51.069676 2.968851 27.786173
      vertex 51.069676 2.968851 27.784828
    endloop
  endfacet
  facet normal 0.542312 -0.840177 0.000000
    outer loop
      vertex 52.406230 3.831561 27.786173
      vertex 51.069676 2.968851 27.784828
      vertex 52.406230 3.831561 27.544089
    endloop
  endfacet
  facet normal -0.562253 0.826965 0.000000
    outer loop
      vertex 53.748671 2.851870 28.236173
      vertex 55.379293 3.960531 28.236173
      vertex 55.379293 3.960531 27.755871
    endloop
  endfacet
  facet normal -0.562253 0.826965 0.000000
    outer loop
      vertex 53.748671 2.851870 28.236173
      vertex 55.379293 3.960531 27.755871
      vertex 53.748671 2.851870 27.994089
    endloop
  endfacet
  facet normal 0.562253 -0.826965 0.000000
    outer loop
      vertex 53.651483 4.678208 27.786173
      vertex 52.406230 3.831561 27.786173
      vertex 52.406230 3.831561 27.544089
    endloop
  endfacet
  facet normal 0.562253 -0.826965 0.000000
    outer loop
      vertex 53.651483 4.678208 27.786173
      vertex 52.406230 3.831561 27.544089
      vertex 53.651483 4.678208 27.305871
    endloop
  endfacet
  facet normal -0.566914 0.823777 0.000000
    outer loop
      vertex 55.379293 3.960531 28.236173
      vertex 56.914961 5.017359 28.236173
      vertex 56.914961 5.017359 27.522465
    endloop
  endfacet
  facet normal -0.566914 0.823777 0.000000
    outer loop
      vertex 55.379293 3.960531 28.236173
      vertex 56.914961 5.017359 27.522465
      vertex 55.379293 3.960531 27.755871
    endloop
  endfacet
  facet normal 0.566914 -0.823777 0.000000
    outer loop
      vertex 54.824222 5.485273 27.786173
      vertex 53.651483 4.678208 27.786173
      vertex 53.651483 4.678208 27.305871
    endloop
  endfacet
  facet normal 0.566914 -0.823777 0.000000
    outer loop
      vertex 54.824222 5.485273 27.786173
      vertex 53.651483 4.678208 27.305871
      vertex 54.824222 5.485273 27.072465
    endloop
  endfacet
  facet normal -0.564288 0.825578 0.000000
    outer loop
      vertex 56.914961 5.017359 28.236173
      vertex 58.382340 6.020321 28.236173
      vertex 58.382340 6.020321 27.293181
    endloop
  endfacet
  facet normal -0.564288 0.825578 0.000000
    outer loop
      vertex 56.914961 5.017359 28.236173
      vertex 58.382340 6.020321 27.293181
      vertex 56.914961 5.017359 27.522465
    endloop
  endfacet
  facet normal 0.564288 -0.825578 0.000000
    outer loop
      vertex 55.944810 6.251202 27.786173
      vertex 54.824222 5.485273 27.786173
      vertex 54.824222 5.485273 27.072465
    endloop
  endfacet
  facet normal 0.564288 -0.825578 0.000000
    outer loop
      vertex 55.944810 6.251202 27.786173
      vertex 54.824222 5.485273 27.072465
      vertex 55.944810 6.251202 26.843181
    endloop
  endfacet
  facet normal -0.490166 -0.871629 0.000000
    outer loop
      vertex 58.382340 6.020321 28.236173
      vertex 56.419214 7.124295 28.236173
      vertex 56.419214 7.124295 27.394818
    endloop
  endfacet
  facet normal -0.490166 -0.871629 -0.000000
    outer loop
      vertex 58.382340 6.020321 28.236173
      vertex 56.419214 7.124295 27.394818
      vertex 58.382340 6.020321 27.293181
    endloop
  endfacet
  facet normal 0.490166 0.871629 0.000000
    outer loop
      vertex 54.445636 7.094271 27.786173
      vertex 55.944810 6.251202 27.786173
      vertex 55.944810 6.251202 26.843181
    endloop
  endfacet
  facet normal 0.490166 0.871629 0.000000
    outer loop
      vertex 54.445636 7.094271 27.786173
      vertex 55.944810 6.251202 26.843181
      vertex 54.445636 7.094271 26.944818
    endloop
  endfacet
  facet normal -0.498624 -0.866819 0.000000
    outer loop
      vertex 56.419214 7.124295 28.236173
      vertex 54.339046 8.320879 28.236173
      vertex 54.339046 8.320879 27.496599
    endloop
  endfacet
  facet normal -0.498624 -0.866819 -0.000000
    outer loop
      vertex 56.419214 7.124295 28.236173
      vertex 54.339046 8.320879 27.496599
      vertex 56.419214 7.124295 27.394818
    endloop
  endfacet
  facet normal 0.498624 0.866819 0.000000
    outer loop
      vertex 52.857080 8.008063 27.786173
      vertex 54.445636 7.094271 27.786173
      vertex 54.445636 7.094271 26.944818
    endloop
  endfacet
  facet normal 0.498624 0.866819 0.000000
    outer loop
      vertex 52.857080 8.008063 27.786173
      vertex 54.445636 7.094271 26.944818
      vertex 52.857080 8.008063 27.046599
    endloop
  endfacet
  facet normal -0.495645 -0.868525 0.000000
    outer loop
      vertex 54.339046 8.320879 28.236173
      vertex 52.066446 9.617793 28.236173
      vertex 52.066446 9.617793 27.604195
    endloop
  endfacet
  facet normal -0.495645 -0.868525 -0.000000
    outer loop
      vertex 54.339046 8.320879 28.236173
      vertex 52.066446 9.617793 27.604195
      vertex 54.339046 8.320879 27.496599
    endloop
  endfacet
  facet normal 0.495645 0.868525 0.000000
    outer loop
      vertex 51.121570 8.998473 27.786173
      vertex 52.857080 8.008063 27.786173
      vertex 52.857080 8.008063 27.046599
    endloop
  endfacet
  facet normal 0.495645 0.868525 0.000000
    outer loop
      vertex 51.121570 8.998473 27.786173
      vertex 52.857080 8.008063 27.046599
      vertex 51.121570 8.998473 27.154195
    endloop
  endfacet
  facet normal -0.453568 -0.891222 0.000000
    outer loop
      vertex 52.066446 9.617793 28.236173
      vertex 49.544335 10.901368 28.236173
      vertex 49.544335 10.901368 27.730440
    endloop
  endfacet
  facet normal -0.453568 -0.891222 -0.000000
    outer loop
      vertex 52.066446 9.617793 28.236173
      vertex 49.544335 10.901368 27.730440
      vertex 52.066446 9.617793 27.604195
    endloop
  endfacet
  facet normal 0.453568 0.891222 0.000000
    outer loop
      vertex 49.195517 9.978697 27.786173
      vertex 51.121570 8.998473 27.786173
      vertex 51.121570 8.998473 27.154195
    endloop
  endfacet
  facet normal 0.453568 0.891222 0.000000
    outer loop
      vertex 49.195517 9.978697 27.786173
      vertex 51.121570 8.998473 27.154195
      vertex 49.195517 9.978697 27.280440
    endloop
  endfacet
  facet normal -0.385271 -0.922803 0.000000
    outer loop
      vertex 49.544335 10.901368 28.236173
      vertex 46.978538 11.972589 28.236173
      vertex 46.978538 11.972589 27.870489
    endloop
  endfacet
  facet normal -0.385271 -0.922803 -0.000000
    outer loop
      vertex 49.544335 10.901368 28.236173
      vertex 46.978538 11.972589 27.870489
      vertex 49.544335 10.901368 27.730440
    endloop
  endfacet
  facet normal 0.385271 0.922803 0.000000
    outer loop
      vertex 47.236103 10.796753 27.786173
      vertex 49.195517 9.978697 27.786173
      vertex 49.195517 9.978697 27.280440
    endloop
  endfacet
  facet normal 0.385271 0.922803 0.000000
    outer loop
      vertex 47.236103 10.796753 27.786173
      vertex 49.195517 9.978697 27.280440
      vertex 47.236103 10.796753 27.420489
    endloop
  endfacet
  facet normal -0.356183 -0.934416 0.000000
    outer loop
      vertex 46.978538 11.972589 28.236173
      vertex 44.602293 12.878373 28.236173
      vertex 44.602293 12.878373 27.999728
    endloop
  endfacet
  facet normal -0.356183 -0.934416 -0.000000
    outer loop
      vertex 46.978538 11.972589 28.236173
      vertex 44.602293 12.878373 27.999728
      vertex 46.978538 11.972589 27.870489
    endloop
  endfacet
  facet normal 0.356183 0.934416 0.000000
    outer loop
      vertex 45.421443 11.488470 27.786173
      vertex 47.236103 10.796753 27.786173
      vertex 47.236103 10.796753 27.420489
    endloop
  endfacet
  facet normal 0.356183 0.934416 0.000000
    outer loop
      vertex 45.421443 11.488470 27.786173
      vertex 47.236103 10.796753 27.420489
      vertex 45.421443 11.488470 27.549728
    endloop
  endfacet
  facet normal -0.359185 -0.933266 0.000000
    outer loop
      vertex 44.602293 12.878373 28.236173
      vertex 42.410833 13.721797 28.236173
      vertex 42.410833 13.721797 28.111765
    endloop
  endfacet
  facet normal -0.359185 -0.933266 -0.000000
    outer loop
      vertex 44.602293 12.878373 28.236173
      vertex 42.410833 13.721797 28.111765
      vertex 44.602293 12.878373 27.999728
    endloop
  endfacet
  facet normal 0.359185 0.933266 0.000000
    outer loop
      vertex 43.747897 12.132566 27.786173
      vertex 45.421443 11.488470 27.786173
      vertex 45.421443 11.488470 27.549728
    endloop
  endfacet
  facet normal 0.359185 0.933266 0.000000
    outer loop
      vertex 43.747897 12.132566 27.786173
      vertex 45.421443 11.488470 27.549728
      vertex 43.747897 12.132566 27.661765
    endloop
  endfacet
  facet normal -0.368927 -0.929458 0.000000
    outer loop
      vertex 42.410833 13.721797 28.236173
      vertex 40.349787 14.539882 28.236173
      vertex 40.349787 14.539882 28.209418
    endloop
  endfacet
  facet normal -0.368927 -0.929458 -0.000000
    outer loop
      vertex 42.410833 13.721797 28.236173
      vertex 40.349787 14.539882 28.209418
      vertex 42.410833 13.721797 28.111765
    endloop
  endfacet
  facet normal 0.368927 0.929458 0.000000
    outer loop
      vertex 42.173945 12.757310 27.786173
      vertex 43.747897 12.132566 27.786173
      vertex 43.747897 12.132566 27.661765
    endloop
  endfacet
  facet normal 0.368927 0.929458 0.000000
    outer loop
      vertex 42.173945 12.757310 27.786173
      vertex 43.747897 12.132566 27.661765
      vertex 42.173945 12.757310 27.759418
    endloop
  endfacet
  facet normal -0.979818 -0.199891 0.000000
    outer loop
      vertex 40.349787 14.539882 28.236173
      vertex 40.728596 12.683049 28.236173
      vertex 40.728596 12.683049 28.317515
    endloop
  endfacet
  facet normal 0.979818 0.199891 0.000000
    outer loop
      vertex 40.349787 14.539882 28.236173
      vertex 40.728596 12.683049 28.317515
      vertex 40.349787 14.539882 28.209418
    endloop
  endfacet
  facet normal -0.979818 -0.199891 0.000000
    outer loop
      vertex 42.463229 11.339308 27.786173
      vertex 42.173945 12.757310 27.786173
      vertex 42.173945 12.757310 27.759418
    endloop
  endfacet
  facet normal 0.979818 0.199891 -0.000000
    outer loop
      vertex 42.463229 11.339308 27.786173
      vertex 42.173945 12.757310 27.759418
      vertex 42.463229 11.339308 27.867515
    endloop
  endfacet
  facet normal -0.981161 -0.193192 0.000000
    outer loop
      vertex 40.728596 12.683049 28.236173
      vertex 41.112695 10.732333 28.236173
      vertex 41.112695 10.732333 28.430795
    endloop
  endfacet
  facet normal -0.981161 -0.193192 0.000000
    outer loop
      vertex 40.728596 12.683049 28.236173
      vertex 41.112695 10.732333 28.430795
      vertex 40.728596 12.683049 28.317515
    endloop
  endfacet
  facet normal 0.981161 0.193192 0.000000
    outer loop
      vertex 42.756553 9.849610 27.786173
      vertex 42.463229 11.339308 27.786173
      vertex 42.463229 11.339308 27.867515
    endloop
  endfacet
  facet normal 0.981161 0.193192 -0.000000
    outer loop
      vertex 42.756553 9.849610 27.786173
      vertex 42.463229 11.339308 27.867515
      vertex 42.756553 9.849610 27.980795
    endloop
  endfacet
  facet normal -0.981294 -0.192514 0.000000
    outer loop
      vertex 41.112695 10.732333 28.236173
      vertex 41.519419 8.659158 28.236173
      vertex 41.519419 8.659158 28.549542
    endloop
  endfacet
  facet normal -0.981294 -0.192514 0.000000
    outer loop
      vertex 41.112695 10.732333 28.236173
      vertex 41.519419 8.659158 28.549542
      vertex 41.112695 10.732333 28.430795
    endloop
  endfacet
  facet normal 0.981294 0.192514 0.000000
    outer loop
      vertex 43.067154 8.266395 27.786173
      vertex 42.756553 9.849610 27.786173
      vertex 42.756553 9.849610 27.980795
    endloop
  endfacet
  facet normal 0.981294 0.192514 -0.000000
    outer loop
      vertex 43.067154 8.266395 27.786173
      vertex 42.756553 9.849610 27.980795
      vertex 43.067154 8.266395 28.099542
    endloop
  endfacet
  facet normal -0.977692 -0.210044 0.000000
    outer loop
      vertex 41.519419 8.659158 28.236173
      vertex 41.994306 6.448699 28.236173
      vertex 41.994306 6.448699 28.670960
    endloop
  endfacet
  facet normal -0.977692 -0.210044 0.000000
    outer loop
      vertex 41.519419 8.659158 28.236173
      vertex 41.994306 6.448699 28.670960
      vertex 41.519419 8.659158 28.549542
    endloop
  endfacet
  facet normal 0.977692 0.210044 0.000000
    outer loop
      vertex 43.429810 6.578340 27.786173
      vertex 43.067154 8.266395 27.786173
      vertex 43.067154 8.266395 28.099542
    endloop
  endfacet
  facet normal 0.977692 0.210044 -0.000000
    outer loop
      vertex 43.429810 6.578340 27.786173
      vertex 43.067154 8.266395 28.099542
      vertex 43.429810 6.578340 28.220960
    endloop
  endfacet
  facet normal -0.966548 -0.256485 0.000000
    outer loop
      vertex 41.994306 6.448699 28.236173
      vertex 42.600229 4.165309 28.236173
      vertex 42.600229 4.165309 28.785746
    endloop
  endfacet
  facet normal -0.966548 -0.256485 0.000000
    outer loop
      vertex 41.994306 6.448699 28.236173
      vertex 42.600229 4.165309 28.785746
      vertex 41.994306 6.448699 28.670960
    endloop
  endfacet
  facet normal 0.966548 0.256485 0.000000
    outer loop
      vertex 43.892533 4.834591 27.786173
      vertex 43.429810 6.578340 27.786173
      vertex 43.429810 6.578340 28.220960
    endloop
  endfacet
  facet normal 0.966548 0.256485 -0.000000
    outer loop
      vertex 43.892533 4.834591 27.786173
      vertex 43.429810 6.578340 28.220960
      vertex 43.892533 4.834591 28.335746
    endloop
  endfacet
  facet normal -0.950365 -0.311136 0.000000
    outer loop
      vertex 42.600229 4.165309 28.236173
      vertex 43.322383 1.959490 28.236173
      vertex 43.322383 1.959490 28.884756
    endloop
  endfacet
  facet normal -0.950365 -0.311136 0.000000
    outer loop
      vertex 42.600229 4.165309 28.236173
      vertex 43.322383 1.959490 28.884756
      vertex 42.600229 4.165309 28.785746
    endloop
  endfacet
  facet normal 0.950365 0.311136 0.000000
    outer loop
      vertex 44.444019 3.150080 27.786173
      vertex 43.892533 4.834591 27.786173
      vertex 43.892533 4.834591 28.335746
    endloop
  endfacet
  facet normal 0.950365 0.311136 -0.000000
    outer loop
      vertex 44.444019 3.150080 27.786173
      vertex 43.892533 4.834591 28.335746
      vertex 44.444019 3.150080 28.434756
    endloop
  endfacet
  facet normal -0.940075 -0.340967 0.000000
    outer loop
      vertex 43.322383 1.959490 28.236173
      vertex 44.033095 0.000000 28.236173
      vertex 44.033095 0.000000 28.965964
    endloop
  endfacet
  facet normal -0.940075 -0.340967 0.000000
    outer loop
      vertex 43.322383 1.959490 28.236173
      vertex 44.033095 0.000000 28.965964
      vertex 43.322383 1.959490 28.884756
    endloop
  endfacet
  facet normal 0.940075 0.340967 0.000000
    outer loop
      vertex 44.986765 1.653682 27.786173
      vertex 44.444019 3.150080 27.786173
      vertex 44.444019 3.150080 28.434756
    endloop
  endfacet
  facet normal 0.940075 0.340967 -0.000000
    outer loop
      vertex 44.986765 1.653682 27.786173
      vertex 44.444019 3.150080 28.434756
      vertex 44.986765 1.653682 28.515964
    endloop
  endfacet
  facet normal 0.000000 -1.000000 0.000000
    outer loop
      vertex 44.033095 0.000000 28.236173
      vertex 48.912358 0.000000 28.236173
      vertex 48.912358 0.000000 28.612954
    endloop
  endfacet
  facet normal 0.000000 -1.000000 0.000000
    outer loop
      vertex 44.033095 0.000000 28.236173
      vertex 48.912358 0.000000 28.612954
      vertex 44.033095 0.000000 28.965964
    endloop
  endfacet
  facet normal 0.000000 1.000000 0.000000
    outer loop
      vertex 48.712898 1.653682 27.786173
      vertex 44.986765 1.653682 27.786173
      vertex 44.986765 1.653682 28.515964
    endloop
  endfacet
  facet normal 0.000000 1.000000 -0.000000
    outer loop
      vertex 48.712898 1.653682 27.786173
      vertex 44.986765 1.653682 28.515964
      vertex 48.712898 1.653682 28.162954
    endloop
  endfacet
  facet normal 0.000000 0.000000 1.000000
    outer loop
      vertex 48.465049 3.708544 4.261826
      vertex 49.045322 4.010428 4.261826
      vertex 49.915531 4.517967 4.261826
    endloop
  endfacet
  facet normal 0.000000 0.000000 1.000000
    outer loop
      vertex 48.465049 3.708544 4.261826
      vertex 49.915531 4.517967 4.261826
      vertex 50.738116 5.048923 4.261826
    endloop
  endfacet
  facet normal 0.000000 0.000000 1.000000
    outer loop
      vertex 48.465049 3.708544 4.261826
      vertex 50.738116 5.048923 4.261826
      vertex 51.504508 5.569994 4.261826
    endloop
  endfacet
  facet normal 0.000000 0.000000 1.000000
    outer loop
      vertex 48.465049 3.708544 4.261826
      vertex 51.504508 5.569994 4.261826
      vertex 52.226272 6.066703 4.261826
    endloop
  endfacet
  facet normal 0.000000 0.000000 1.000000
    outer loop
      vertex 48.465049 3.708544 4.261826
      vertex 52.226272 6.066703 4.261826
      vertex 52.915940 6.538095 4.261826
    endloop
  endfacet
  facet normal 0.000000 0.000000 1.000000
    outer loop
      vertex 48.465049 3.708544 4.261826
      vertex 52.915940 6.538095 4.261826
      vertex 51.993271 7.056963 4.261826
    endloop
  endfacet
  facet normal 0.000000 0.000000 1.000000
    outer loop
      vertex 48.465049 3.708544 4.261826
      vertex 51.993271 7.056963 4.261826
      vertex 51.015592 7.619357 4.261826
    endloop
  endfacet
  facet normal 0.000000 0.000000 1.000000
    outer loop
      vertex 48.465049 3.708544 4.261826
      vertex 51.015592 7.619357 4.261826
      vertex 49.947470 8.228907 4.261826
    endloop
  endfacet
  facet normal 0.000000 0.000000 1.000000
    outer loop
      vertex 48.465049 3.708544 4.261826
      vertex 49.947470 8.228907 4.261826
      vertex 48.762077 8.832187 4.261826
    endloop
  endfacet
  facet normal 0.000000 -0.000000 1.000000
    outer loop
      vertex 48.465049 3.708544 4.261826
      vertex 48.762077 8.832187 4.261826
      vertex 47.556153 9.335661 4.261826
    endloop
  endfacet
  facet normal 0.000000 0.000000 1.000000
    outer loop
      vertex 48.465049 3.708544 4.261826
      vertex 47.556153 9.335661 4.261826
      vertex 46.439318 9.761380 4.261826
    endloop
  endfacet
  facet normal 0.000000 0.000000 1.000000
    outer loop
      vertex 48.465049 3.708544 4.261826
      vertex 46.439318 9.761380 4.261826
      vertex 45.409332 10.157789 4.261826
    endloop
  endfacet
  facet normal 0.000000 0.000000 1.000000
    outer loop
      vertex 48.465049 3.708544 4.261826
      vertex 45.409332 10.157789 4.261826
      vertex 44.440640 10.542289 4.261826
    endloop
  endfacet
  facet normal 0.000000 0.000000 1.000000
    outer loop
      vertex 48.465049 3.708544 4.261826
      vertex 44.440640 10.542289 4.261826
      vertex 44.618681 9.669577 4.261826
    endloop
  endfacet
  facet normal 0.000000 0.000000 1.000000
    outer loop
      vertex 48.465049 3.708544 4.261826
      vertex 44.618681 9.669577 4.261826
      vertex 44.799207 8.752741 4.261826
    endloop
  endfacet
  facet normal 0.000000 0.000000 1.000000
    outer loop
      vertex 48.465049 3.708544 4.261826
      vertex 44.799207 8.752741 4.261826
      vertex 44.990367 7.778349 4.261826
    endloop
  endfacet
  facet normal 0.000000 0.000000 1.000000
    outer loop
      vertex 48.465049 3.708544 4.261826
      vertex 44.990367 7.778349 4.261826
      vertex 45.213564 6.739433 4.261826
    endloop
  endfacet
  facet normal 0.000000 0.000000 1.000000
    outer loop
      vertex 48.465049 3.708544 4.261826
      vertex 45.213564 6.739433 4.261826
      vertex 45.498348 5.666240 4.261826
    endloop
  endfacet
  facet normal 0.000000 0.000000 1.000000
    outer loop
      vertex 48.465049 3.708544 4.261826
      vertex 45.498348 5.666240 4.261826
      vertex 45.837760 4.629504 4.261826
    endloop
  endfacet
  facet normal 0.000000 0.000000 1.000000
    outer loop
      vertex 48.465049 3.708544 4.261826
      vertex 45.837760 4.629504 4.261826
      vertex 46.171795 3.708544 4.261826
    endloop
  endfacet
  facet normal -0.032285 0.277163 0.960280
    outer loop
      vertex 48.912358 0.000000 28.612954
      vertex 50.146982 0.642305 28.469077
      vertex 49.655739 2.144189 28.019077
    endloop
  endfacet
  facet normal 0.010012 0.263683 0.964557
    outer loop
      vertex 48.912358 0.000000 28.612954
      vertex 49.655739 2.144189 28.019077
      vertex 48.712898 1.653682 28.162954
    endloop
  endfacet
  facet normal -0.055732 0.301996 0.951679
    outer loop
      vertex 50.146982 0.642305 28.469077
      vertex 51.998491 1.722176 28.234828
      vertex 51.069676 2.968851 27.784828
    endloop
  endfacet
  facet normal -0.007310 0.284815 0.958555
    outer loop
      vertex 50.146982 0.642305 28.469077
      vertex 51.069676 2.968851 27.784828
      vertex 49.655739 2.144189 28.019077
    endloop
  endfacet
  facet normal -0.079505 0.324061 0.942689
    outer loop
      vertex 51.998491 1.722176 28.234828
      vertex 53.748671 2.851870 27.994089
      vertex 52.406230 3.831561 27.544089
    endloop
  endfacet
  facet normal -0.033840 0.316923 0.947847
    outer loop
      vertex 51.998491 1.722176 28.234828
      vertex 52.406230 3.831561 27.544089
      vertex 51.069676 2.968851 27.784828
    endloop
  endfacet
  facet normal -0.099139 0.346262 0.932885
    outer loop
      vertex 53.748671 2.851870 27.994089
      vertex 55.379293 3.960531 27.755871
      vertex 53.651483 4.678208 27.305871
    endloop
  endfacet
  facet normal -0.058579 0.349287 0.935183
    outer loop
      vertex 53.748671 2.851870 27.994089
      vertex 53.651483 4.678208 27.305871
      vertex 52.406230 3.831561 27.544089
    endloop
  endfacet
  facet normal -0.115288 0.371029 0.921437
    outer loop
      vertex 55.379293 3.960531 27.755871
      vertex 56.914961 5.017359 27.522465
      vertex 54.824222 5.485273 27.072465
    endloop
  endfacet
  facet normal -0.080520 0.383123 0.920181
    outer loop
      vertex 55.379293 3.960531 27.755871
      vertex 54.824222 5.485273 27.072465
      vertex 53.651483 4.678208 27.305871
    endloop
  endfacet
  facet normal -0.129989 0.397803 0.908215
    outer loop
      vertex 56.914961 5.017359 27.522465
      vertex 58.382340 6.020321 27.293181
      vertex 55.944810 6.251202 26.843181
    endloop
  endfacet
  facet normal -0.100832 0.417814 0.902920
    outer loop
      vertex 56.914961 5.017359 27.522465
      vertex 55.944810 6.251202 26.843181
      vertex 54.824222 5.485273 27.072465
    endloop
  endfacet
  facet normal -0.194768 -0.427611 0.882731
    outer loop
      vertex 58.382340 6.020321 27.293181
      vertex 56.419214 7.124295 27.394818
      vertex 54.445636 7.094271 26.944818
    endloop
  endfacet
  facet normal -0.203124 -0.465079 0.861651
    outer loop
      vertex 58.382340 6.020321 27.293181
      vertex 54.445636 7.094271 26.944818
      vertex 55.944810 6.251202 26.843181
    endloop
  endfacet
  facet normal -0.187332 -0.401903 0.896315
    outer loop
      vertex 56.419214 7.124295 27.394818
      vertex 54.339046 8.320879 27.496599
      vertex 52.857080 8.008063 27.046599
    endloop
  endfacet
  facet normal -0.193878 -0.434983 0.879318
    outer loop
      vertex 56.419214 7.124295 27.394818
      vertex 52.857080 8.008063 27.046599
      vertex 54.445636 7.094271 26.944818
    endloop
  endfacet
  facet normal -0.177703 -0.386474 0.905019
    outer loop
      vertex 54.339046 8.320879 27.496599
      vertex 52.066446 9.617793 27.604195
      vertex 51.121570 8.998473 27.154195
    endloop
  endfacet
  facet normal -0.182504 -0.416557 0.890602
    outer loop
      vertex 54.339046 8.320879 27.496599
      vertex 51.121570 8.998473 27.154195
      vertex 52.857080 8.008063 27.046599
    endloop
  endfacet
  facet normal -0.151191 -0.386559 0.909788
    outer loop
      vertex 52.066446 9.617793 27.604195
      vertex 49.544335 10.901368 27.730440
      vertex 49.195517 9.978697 27.280440
    endloop
  endfacet
  facet normal -0.153439 -0.416880 0.895917
    outer loop
      vertex 52.066446 9.617793 27.604195
      vertex 49.195517 9.978697 27.280440
      vertex 51.121570 8.998473 27.154195
    endloop
  endfacet
  facet normal -0.106593 -0.375670 0.920603
    outer loop
      vertex 49.544335 10.901368 27.730440
      vertex 46.978538 11.972589 27.870489
      vertex 47.236103 10.796753 27.420489
    endloop
  endfacet
  facet normal -0.103728 -0.404040 0.908841
    outer loop
      vertex 49.544335 10.901368 27.730440
      vertex 47.236103 10.796753 27.420489
      vertex 49.195517 9.978697 27.280440
    endloop
  endfacet
  facet normal -0.083036 -0.350918 0.932717
    outer loop
      vertex 46.978538 11.972589 27.870489
      vertex 44.602293 12.878373 27.999728
      vertex 45.421443 11.488470 27.549728
    endloop
  endfacet
  facet normal -0.075408 -0.370773 0.925657
    outer loop
      vertex 46.978538 11.972589 27.870489
      vertex 45.421443 11.488470 27.549728
      vertex 47.236103 10.796753 27.420489
    endloop
  endfacet
  facet normal -0.080362 -0.333577 0.939291
    outer loop
      vertex 44.602293 12.878373 27.999728
      vertex 42.410833 13.721797 28.111765
      vertex 43.747897 12.132566 27.661765
    endloop
  endfacet
  facet normal -0.069823 -0.344280 0.936267
    outer loop
      vertex 44.602293 12.878373 27.999728
      vertex 43.747897 12.132566 27.661765
      vertex 45.421443 11.488470 27.549728
    endloop
  endfacet
  facet normal -0.083833 -0.323702 0.942438
    outer loop
      vertex 42.410833 13.721797 28.111765
      vertex 40.349787 14.539882 28.209418
      vertex 42.173945 12.757310 27.759418
    endloop
  endfacet
  facet normal -0.071240 -0.326785 0.942410
    outer loop
      vertex 42.410833 13.721797 28.111765
      vertex 42.173945 12.757310 27.759418
      vertex 43.747897 12.132566 27.661765
    endloop
  endfacet
  facet normal 0.337524 0.123186 0.933222
    outer loop
      vertex 40.349787 14.539882 28.209418
      vertex 40.728596 12.683049 28.317515
      vertex 42.463229 11.339308 27.867515
    endloop
  endfacet
  facet normal 0.368373 0.145154 0.918276
    outer loop
      vertex 40.349787 14.539882 28.209418
      vertex 42.463229 11.339308 27.867515
      vertex 42.173945 12.757310 27.759418
    endloop
  endfacet
  facet normal 0.320493 0.117687 0.939912
    outer loop
      vertex 40.728596 12.683049 28.317515
      vertex 41.112695 10.732333 28.430795
      vertex 42.756553 9.849610 27.980795
    endloop
  endfacet
  facet normal 0.348217 0.139059 0.927043
    outer loop
      vertex 40.728596 12.683049 28.317515
      vertex 42.756553 9.849610 27.980795
      vertex 42.463229 11.339308 27.867515
    endloop
  endfacet
  facet normal 0.303892 0.113797 0.945886
    outer loop
      vertex 41.112695 10.732333 28.430795
      vertex 41.519419 8.659158 28.549542
      vertex 43.067154 8.266395 28.099542
    endloop
  endfacet
  facet normal 0.328180 0.134511 0.934989
    outer loop
      vertex 41.112695 10.732333 28.430795
      vertex 43.067154 8.266395 28.099542
      vertex 42.756553 9.849610 27.980795
    endloop
  endfacet
  facet normal 0.287780 0.114057 0.950880
    outer loop
      vertex 41.519419 8.659158 28.549542
      vertex 41.994306 6.448699 28.670960
      vertex 43.429810 6.578340 28.220960
    endloop
  endfacet
  facet normal 0.307851 0.133891 0.941966
    outer loop
      vertex 41.519419 8.659158 28.549542
      vertex 43.429810 6.578340 28.220960
      vertex 43.067154 8.266395 28.099542
    endloop
  endfacet
  facet normal 0.270568 0.119817 0.955216
    outer loop
      vertex 41.994306 6.448699 28.670960
      vertex 42.600229 4.165309 28.785746
      vertex 43.892533 4.834591 28.335746
    endloop
  endfacet
  facet normal 0.284890 0.138040 0.948569
    outer loop
      vertex 41.994306 6.448699 28.670960
      vertex 43.892533 4.834591 28.335746
      vertex 43.429810 6.578340 28.220960
    endloop
  endfacet
  facet normal 0.251779 0.125502 0.959613
    outer loop
      vertex 42.600229 4.165309 28.785746
      vertex 43.322383 1.959490 28.884756
      vertex 44.444019 3.150080 28.434756
    endloop
  endfacet
  facet normal 0.259576 0.141134 0.955354
    outer loop
      vertex 42.600229 4.165309 28.785746
      vertex 44.444019 3.150080 28.434756
      vertex 43.892533 4.834591 28.335746
    endloop
  endfacet
  facet normal 0.236581 0.125736 0.963442
    outer loop
      vertex 43.322383 1.959490 28.884756
      vertex 44.033095 0.000000 28.965964
      vertex 44.986765 1.653682 28.515964
    endloop
  endfacet
  facet normal 0.238459 0.138652 0.961204
    outer loop
      vertex 43.322383 1.959490 28.884756
      vertex 44.986765 1.653682 28.515964
      vertex 44.444019 3.150080 28.434756
    endloop
  endfacet
  facet normal 0.069486 0.269732 0.960425
    outer loop
      vertex 44.033095 0.000000 28.965964
      vertex 48.912358 0.000000 28.612954
      vertex 48.712898 1.653682 28.162954
    endloop
  endfacet
  facet normal 0.092181 0.211612 0.972997
    outer loop
      vertex 44.033095 0.000000 28.965964
      vertex 48.712898 1.653682 28.162954
      vertex 44.986765 1.653682 28.515964
    endloop
  endfacet
  facet normal 0.000000 0.000000 1.000000
    outer loop
      vertex 48.284903 5.202090 7.167947
      vertex 48.601649 5.366875 7.167947
      vertex 49.076658 5.643919 7.167947
    endloop
  endfacet
  facet normal 0.000000 0.000000 1.000000
    outer loop
      vertex 48.284903 5.202090 7.167947
      vertex 49.076658 5.643919 7.167947
      vertex 49.525672 5.933745 7.167947
    endloop
  endfacet
  facet normal 0.000000 0.000000 1.000000
    outer loop
      vertex 48.284903 5.202090 7.167947
      vertex 49.525672 5.933745 7.167947
      vertex 49.944012 6.218174 7.167947
    endloop
  endfacet
  facet normal 0.000000 0.000000 1.000000
    outer loop
      vertex 48.284903 5.202090 7.167947
      vertex 49.944012 6.218174 7.167947
      vertex 50.337992 6.489306 7.167947
    endloop
  endfacet
  facet normal 0.000000 0.000000 1.000000
    outer loop
      vertex 48.284903 5.202090 7.167947
      vertex 50.337992 6.489306 7.167947
      vertex 50.714451 6.746619 7.167947
    endloop
  endfacet
  facet normal 0.000000 0.000000 1.000000
    outer loop
      vertex 48.284903 5.202090 7.167947
      vertex 50.714451 6.746619 7.167947
      vertex 50.210806 7.029846 7.167947
    endloop
  endfacet
  facet normal 0.000000 0.000000 1.000000
    outer loop
      vertex 48.284903 5.202090 7.167947
      vertex 50.210806 7.029846 7.167947
      vertex 49.677134 7.336833 7.167947
    endloop
  endfacet
  facet normal 0.000000 0.000000 1.000000
    outer loop
      vertex 48.284903 5.202090 7.167947
      vertex 49.677134 7.336833 7.167947
      vertex 49.094092 7.669560 7.167947
    endloop
  endfacet
  facet normal 0.000000 0.000000 1.000000
    outer loop
      vertex 48.284903 5.202090 7.167947
      vertex 49.094092 7.669560 7.167947
      vertex 48.447038 7.998864 7.167947
    endloop
  endfacet
  facet normal 0.000000 -0.000000 1.000000
    outer loop
      vertex 48.284903 5.202090 7.167947
      vertex 48.447038 7.998864 7.167947
      vertex 47.788777 8.273689 7.167947
    endloop
  endfacet
  facet normal 0.000000 0.000000 1.000000
    outer loop
      vertex 48.284903 5.202090 7.167947
      vertex 47.788777 8.273689 7.167947
      vertex 47.179145 8.506070 7.167947
    endloop
  endfacet
  facet normal 0.000000 0.000000 1.000000
    outer loop
      vertex 48.284903 5.202090 7.167947
      vertex 47.179145 8.506070 7.167947
      vertex 46.616920 8.722453 7.167947
    endloop
  endfacet
  facet normal 0.000000 0.000000 1.000000
    outer loop
      vertex 48.284903 5.202090 7.167947
      vertex 46.616920 8.722453 7.167947
      vertex 46.088153 8.932334 7.167947
    endloop
  endfacet
  facet normal 0.000000 0.000000 1.000000
    outer loop
      vertex 48.284903 5.202090 7.167947
      vertex 46.088153 8.932334 7.167947
      vertex 46.185338 8.455959 7.167947
    endloop
  endfacet
  facet normal 0.000000 0.000000 1.000000
    outer loop
      vertex 48.284903 5.202090 7.167947
      vertex 46.185338 8.455959 7.167947
      vertex 46.283880 7.955498 7.167947
    endloop
  endfacet
  facet normal 0.000000 0.000000 1.000000
    outer loop
      vertex 48.284903 5.202090 7.167947
      vertex 46.283880 7.955498 7.167947
      vertex 46.388225 7.423619 7.167947
    endloop
  endfacet
  facet normal 0.000000 0.000000 1.000000
    outer loop
      vertex 48.284903 5.202090 7.167947
      vertex 46.388225 7.423619 7.167947
      vertex 46.510059 6.856520 7.167947
    endloop
  endfacet
  facet normal 0.000000 0.000000 1.000000
    outer loop
      vertex 48.284903 5.202090 7.167947
      vertex 46.510059 6.856520 7.167947
      vertex 46.665510 6.270711 7.167947
    endloop
  endfacet
  facet normal 0.000000 0.000000 1.000000
    outer loop
      vertex 48.284903 5.202090 7.167947
      vertex 46.665510 6.270711 7.167947
      vertex 46.850781 5.704802 7.167947
    endloop
  endfacet
  facet normal 0.000000 0.000000 1.000000
    outer loop
      vertex 48.284903 5.202090 7.167947
      vertex 46.850781 5.704802 7.167947
      vertex 47.033116 5.202090 7.167947
    endloop
  endfacet
endsolid box_wall_short_a_r1_c1_tubes_color_4_orange
